time_s,three_node_mean_C,five_node_mean_C,three_node_hotspot_C,five_node_hotspot_C,five_node_energy_residual_W
0.0,55.29777392309916,55.28967909800521,56.344319167389415,56.344319167389415,-1.5276668818842154e-12
1.0,55.30890749603662,55.300815486477845,56.34770666515438,56.344009756844066,2.4087398742267396e-12
2.0,55.32207579145193,55.313986812469935,56.3530060434994,56.34573929724631,-6.87805368215777e-12
3.0,55.343436959766166,55.335351251445594,56.36635348157852,56.35564022807293,3.836930773104541e-13
4.0,55.363669419276256,55.35558733683977,56.378342957731554,56.36430315332302,1.8047785488306545e-12
5.0,55.382799902576586,55.37472179190313,56.38901002901319,56.37176058604302,-1.9610979506978765e-12
6.0,55.40085519103291,55.39278138867469,56.398390218543845,56.37804507597521,-2.7711166694643907e-12
7.0,55.417862078167396,55.409792911378396,56.40651897061793,56.383189163137786,-4.206412995699793e-12
8.0,55.4338473347889,55.42578312156426,56.41343160813009,56.38722533376294,-8.071765478234738e-12
9.0,55.448837675853106,55.44077872497883,56.41916329228983,56.390185978561284,5.265121671982342e-12
10.0,55.46285972903265,55.45480634014492,56.423748984589885,56.39210335327568,3.709033080667723e-12
11.0,55.475940004973275,55.467892468626964,56.42722341098881,56.393009541483096,3.922195901395753e-12
12.0,55.488148425745656,55.48010702345006,56.42966458480116,56.392979976094786,-4.973799150320701e-14
13.0,55.499472372214676,55.491437377155066,56.43106741428523,56.39200704831462,3.055333763768431e-13
14.0,55.50997579949368,55.50194747606147,56.43150363077612,56.390160031253366,-4.405364961712621e-13
15.0,55.519543008209276,55.511521612768476,56.43086479535199,56.38732808878417,-6.0182969718880486e-12
16.0,55.52829847587975,55.52028425482852,56.429283905716055,56.38364186996944,4.568789790937444e-12
17.0,55.53626747750649,55.52826066873248,56.42679364069189,56.37913176374644,5.972111694063642e-12
18.0,55.54347500717315,55.535475840170555,56.42342625048794,56.37382778497217,2.227551476607914e-12
19.0,55.55004959636593,55.54205829224573,56.419317372559064,56.36786338900993,-5.9827698351000436e-12
20.0,55.55580358162289,55.547820354904765,56.41428527293095,56.361054720965,-4.927613872496295e-12
21.0,55.56086931769639,55.5528943734118,56.40847016061113,56.35353990577273,5.364597654988756e-12
22.0,55.56527051381289,55.557304049112886,56.40190238895804,56.34534726794896,-9.563905223330949e-12
23.0,55.569030523904495,55.561072728197146,56.39461179956248,56.336504669187946,2.69473332537018e-12
24.0,55.572172335448506,55.56422339053921,56.386627710315615,56.3270394953726,4.54036808150704e-12
25.0,55.57471855942784,55.56677863966205,56.37797890488391,56.316978645011154,-1.751487843648647e-12
26.0,55.57669142136595,55.56876069377415,56.3686936235287,56.30634851903736,-3.2009950245992513e-12
27.0,55.57811275339069,55.57019137783509,56.358799555208684,56.295175011912264,-3.6193270602780103e-12
28.0,55.57900398728145,55.57109211660428,56.34832383090462,56.28348350396631,7.096545573404001e-13
29.0,55.57938614845482,55.57148392862778,56.337293018106294,56.27129885492157,5.168421246537491e-12
30.0,55.57927985084467,55.57138742111933,56.325733116403136,56.258645398535116,-3.8054004392051866e-12
31.0,55.57870529263307,55.570822785691874,56.313669554120935,56.24554693830574,1.865174681370263e-12
32.0,55.577682252789465,55.56980979489725,56.30112718594844,56.232026744187515,1.7328360968349443e-12
33.0,55.57623008837658,55.56836779953212,56.28813029149911,56.21810755025516,2.8812507935072063e-12
34.0,55.57436773258208,55.566515726669685,56.274702574754635,56.2038115532677,-5.314859663485549e-12
35.0,55.57211369343657,55.56427207837736,56.260867164338464,56.18916041207827,7.677414259887883e-12
36.0,55.56948605317919,55.56165493108193,56.24664661456902,56.17417524783976,-3.11928260998684e-12
37.0,55.56650246823335,55.558681935544634,56.23206290724407,56.15887664495725,-3.5278446830488974e-12
38.0,55.563180169756265,55.555370317409825,56.21713745410911,56.14328465274024,-7.112532784958603e-12
39.0,55.55953596472714,55.55173687829223,56.20189109996447,56.127418787708955,4.433786671143025e-12
40.0,55.55558623753999,55.54779799736864,56.18634412636747,56.1112980365109,8.739675649849232e-13
41.0,55.55141855746667,55.5436412387629,56.17058786128582,56.0950124647271,1.950439809661475e-12
42.0,55.54692429052784,55.539157964591844,56.154516615781986,56.0784551618027,-5.861977570020827e-13
43.0,55.54214819710932,55.53439292978747,56.13817912856582,56.0616736629458,-7.471356866517453e-12
44.0,55.53712803173446,55.52938388392583,56.12161672583941,56.044708123096974,6.416200903913705e-12
45.0,55.53187810471823,55.52414513281953,56.10484694562611,56.02757494079363,-3.9186431877169525e-12
46.0,55.52641232212182,55.518690578165284,56.08788679509171,56.01029001269002,5.3290705182007514e-14
47.0,55.52074419003037,55.513033721819795,56.07075275733072,55.99286873965939,-3.9683811792201595e-12
48.0,55.514886819105726,55.50718767035048,56.05346079845617,55.975326033213506,-3.1796787425264483e-12
49.0,55.50885292939112,55.50116513983811,56.03602637496381,55.95767632221022,6.45172804070171e-12
50.0,55.50265485534513,55.49497846090869,56.018464441342644,55.939933559820844,-4.0607517348689726e-12
51.0,55.496304551083625,55.48863958397334,56.000789457905306,55.9221112307307,2.4584778657299466e-12
52.0,55.48981359580972,55.48216008465587,55.98301539881318,55.90422235854751,3.929301328753354e-12
53.0,55.48319319941199,55.475551169388964,55.96515576027244,55.88627951339363,5.361044941309956e-12
54.0,55.47645420821312,55.468823681160394,55.94722356887848,55.86829481965955,5.4143356464919634e-12
55.0,55.469607110851406,55.46198810539236,55.92923139008758,55.85027996389704,6.828315690654563e-12
56.0,55.46266204427882,55.4550545759371,55.911191336795646,55.83224620283186,-2.0108359422010835e-12
57.0,55.455628799859994,55.448032881173674,55.893115078005195,55.81420437147698,2.6645352591003757e-12
58.0,55.44851682955778,55.44093247019109,55.87501384756287,55.796164891328246,-1.2363443602225743e-12
59.0,55.44133525219124,55.43376245904396,55.85689845295072,55.778137778625684,-5.7482907322992105e-12
60.0,55.43409285975323,55.42653163706772,55.8387792841157,55.7601326526647,5.933031843596837e-13
61.0,55.4267981237754,55.419248473241225,55.82066632232264,55.74215874414221,3.47455397786689e-12
62.0,55.41945920172898,55.41192112258524,55.802569149017046,55.724224903523854,-1.6413537196058314e-12
63.0,55.41208394345066,55.404557432585854,55.78449695468501,55.706339609419366,-2.4868995751603507e-13
64.0,55.404679897583385,55.39716494963305,55.76645854769812,55.68851097695394,8.704148513061227e-12
65.0,55.39725431802277,55.38975092546468,55.74846236313251,55.670746766124374,-1.9326762412674725e-12
66.0,55.389814170360076,55.38232232360715,55.7305164715516,55.6530543901294,-2.3021584638627246e-12
67.0,55.382366138313806,55.37488582580467,55.71262858774307,55.63544092366463,-4.476419235288631e-13
68.0,55.374916630141904,55.367447838429214,55.69480607940117,55.617913111173,4.384048679639818e-12
69.0,55.36747178502785,55.360014498864246,55.677055975746356,55.600477375042395,-1.0018652574217413e-12
70.0,55.360037479433636,55.352591681855586,55.65938497607461,55.5831398237428,-4.320099833421409e-12
71.0,55.35261933341385,55.34518500582307,55.6417994582297,55.56590625989596,6.231459792616079e-12
72.0,55.345222716884926,55.33779983912781,55.62430548699194,55.54878218827099,4.476419235288631e-13
73.0,55.3378527558447,55.33044130628932,55.606908822377946,55.53177282370004,-1.8900436771218665e-12
74.0,55.330514338537064,55.32311429414828,55.58961492784585,55.51488309890864,-1.8403056856186595e-12
75.0,55.32321212155771,55.315823457969955,55.57242897840153,55.498117672255816,3.225864020350855e-12
76.0,55.315950535896754,55.308573227484786,55.55535586860143,55.48148093537945,5.972111694063642e-12
77.0,55.30873379291453,55.301367812862146,55.53840022044819,55.46497702074302,-4.622080496119452e-12
78.0,55.3015658902475,55.29421121061425,55.521566391175675,55.44860980908,-6.551204023708124e-12
79.0,55.29445061764099,55.28710720942674,55.50485848092038,55.43238293673283,1.787014980436652e-12
80.0,55.28739156270614,55.28005939591385,55.48828034027655,55.416299802883536,1.3180567748349858e-12
81.0,55.28036825434123,55.27304729805004,55.471811715475106,55.400339714428405,2.0037305148434825e-12
82.0,55.2733133407383,55.26600356290545,55.455385637412874,55.38443527196127,-4.924061158817494e-12
83.0,55.266329259942694,55.259030626544664,55.439105504152316,55.36868944590957,5.6132876125047915e-12
84.0,55.25951951982868,55.25223199606538,55.42307488096722,55.35320539385576,-7.8053119523247e-12
85.0,55.25280011919691,55.24552367081144,55.40720890601996,55.33789786876908,4.618527782440651e-14
86.0,55.24615426014147,55.23888885244626,55.391490630159204,55.32274954004547,1.77280412572145e-12
87.0,55.239584271867635,55.232329869563955,55.375922361715595,55.307762343237954,-4.227729277772596e-12
88.0,55.23309232466784,55.22584889189388,55.3605062156655,55.292938030580245,5.4853899200679734e-12
89.0,55.226680434908644,55.2194479352861,55.34524412005981,55.27827817715627,2.8421709430404007e-13
90.0,55.22035046992837,55.2131288666072,55.33013782232585,55.26378418694914,2.8883562208648073e-12
91.0,55.214104152844754,55.20689340854648,55.31518889544249,55.24945729876957,-4.600764214046649e-12
92.0,55.20794306727248,55.20074314433191,55.3003987439886,55.23529859206374,1.666222715357435e-12
93.0,55.20186866195047,55.194679522355855,55.285768610065375,55.224461369082924,-1.3216094885137863e-12
94.0,55.19588225527886,55.18870386071067,55.27129957909287,55.213863287149195,-4.636291350834654e-12
95.0,55.189985039765816,55.182817351633936,55.25699258548156,55.20339536947845,1.0302869668521453e-13
96.0,55.184178086384264,55.177021065863855,55.242848418179555,55.1930586501904,5.716316309190006e-12
97.0,55.17853872620063,55.171392334241986,55.228944103457984,55.18544246679438,1.2718714970105793e-12
98.0,55.17303119022788,55.165895388501255,55.215242893316116,55.187232424509496,-4.902744876744691e-13
99.0,55.16760314848037,55.16047789900581,55.20169176454136,55.189029529015876,-4.430233957464225e-12
100.0,55.16215305493055,55.155038319522134,55.18818890730502,55.19073262011461,7.016609515630989e-12
101.0,55.15679719259265,55.14969293165677,55.17485119245668,55.19245752045785,-4.806821607417078e-12
102.0,55.15153598760796,55.14444216150423,55.16167864268067,55.194205176156835,-1.4424017535930034e-12
103.0,55.14625883727069,55.13917540636781,55.15924276288989,55.19586551737559,-2.7711166694643907e-13
104.0,55.14105593143719,55.13398285482617,55.16156262709587,55.19752834888733,2.1387336346379016e-12
105.0,55.135852108319455,55.12878934488166,55.16381532157537,55.19911888193694,2.4513724383723456e-13
106.0,55.130684987071184,55.123632494617844,55.166038039127855,55.20067448830151,-8.775202786637237e-13
107.0,55.12557509187523,55.118532827583145,55.168251199556465,55.20221576264863,2.7000623958883807e-13
108.0,55.12057479628529,55.11354271693409,55.17050725300437,55.20379532597096,1.1546319456101628e-12
109.0,55.115683607385755,55.10866166997545,55.172806232374136,55.20541337590701,4.366285111245816e-12
110.0,55.1108491594033,55.103837321182695,55.17509630791312,55.207018242968076,-9.876544027065393e-13
111.0,55.10605753349669,55.099055751390004,55.17736367316961,55.208596279270154,-3.8546943414985435e-12
112.0,55.10127513454378,55.09428336501232,55.1795747388681,55.210114051803366,4.597211500367848e-12
113.0,55.09647335786303,55.08949155653947,55.1817006344759,55.21154284535614,5.3859139370615594e-12
114.0,55.09179183744542,55.0848199587924,55.183880495471904,55.213021950352285,6.679101716144942e-13
115.0,55.08716875778419,55.0802067566908,55.186053171829165,55.21449036417837,7.101874643922201e-12
116.0,55.08260781549182,55.075655646597696,55.18822252682201,55.21595209600016,-4.227729277772596e-13
117.0,55.07805667553782,55.07111429329666,55.19033643191239,55.21735516025259,-4.440892098500626e-13
118.0,55.073623118927536,55.06669047701776,55.19250245052238,55.21880726280073,-4.1318060084449826e-12
119.0,55.0692690620374,55.062346114586376,55.19468317779295,55.22027113519604,6.075140390748857e-13
120.0,55.064963875556344,55.058050576740015,55.19684836233945,55.22171666000404,5.9188209888816345e-12
121.0,55.060783788090134,55.05388009179906,55.19907436841328,55.22322033360993,-2.568611989772762e-12
122.0,55.05660658150189,55.04971244221851,55.20123974935747,55.2246608362992,-6.075140390748857e-13
123.0,55.05243910003799,55.045554471496324,55.20335112909101,55.226044919524384,7.538858426414663e-12
124.0,55.048401080918175,55.041525916174464,55.20552808433264,55.227492286253316,-4.739320047519868e-12
125.0,55.04441222299162,55.03754647576774,55.20769114048119,55.22892358272953,2.0818902157770935e-12
126.0,55.04051164053447,55.03365526434918,55.20987959403059,55.23037822503325,1.929123527588672e-12
127.0,55.0367284631378,55.02988141175009,55.21212308427813,55.23188596873629,-5.208278253121534e-12
128.0,55.03296378867237,55.026126016427305,55.21432346745521,55.233348782512614,9.485745522397337e-13
129.0,55.029327649079754,55.02249910983461,55.216590738521376,55.23487677324658,-6.8833827526759706e-12
130.0,55.02573067898397,55.01891132733041,55.21883639723922,55.23638154824228,1.7621459846850485e-12
131.0,55.02222979829495,55.01541958859914,55.22111751368772,55.23792028392115,1.0546230555519287e-11
132.0,55.0187174140446,55.011916301084774,55.223327114216545,55.23938610988413,5.453415496958769e-12
133.0,55.015235891500076,55.008443829306394,55.2255073188647,55.24082124933733,-2.509992214072554e-12
134.0,55.01188547110292,55.00510241341957,55.22775846813812,55.24232614460739,4.851230528402084e-12
135.0,55.00856775105061,55.001793652438934,55.22998307846074,55.24380341028331,-2.877698079828406e-13
136.0,55.00523921429899,54.99847402909084,55.23213776671259,55.24520975997421,5.9330318435968366e-12
137.0,55.002043499757214,54.9952871815898,55.23436595803732,55.246688715203945,3.6415315207705135e-13
138.0,54.99897773956147,54.992230242936635,55.23666573341484,55.248238450232215,-6.716405209772347e-12
139.0,54.996039080329716,54.98930036060754,55.23903517842178,55.249857140369755,-3.9328540424321545e-12
140.0,54.99312022229649,54.98639023568694,55.24136792213685,55.25143850101097,-1.2434497875801753e-14
141.0,54.99030177355858,54.98358047598835,55.24374464893241,55.25306330125415,-1.7070789226636407e-12
142.0,54.98750109517806,54.980788443162716,55.24608344840833,55.25464971341567,-4.195754854663392e-12
143.0,54.98476336216285,54.97805931193814,55.24842956925816,55.25624306739148,1.5081269566508126e-12
144.0,54.98200749614626,54.97531200415567,55.250702372590204,55.25776280420999,-7.430500659211248e-12
145.0,54.97934957265013,54.97266259469261,55.253017728991956,55.2593248735555,-4.531486297310039e-12
146.0,54.976797148014356,54.97011864048566,55.25538392036323,55.26093763537217,-8.100187187665142e-12
147.0,54.97431734757382,54.96764726756392,55.25776886779579,55.26256908616157,-7.267075829986425e-12
148.0,54.97196100466987,54.96529930963409,55.26022394742471,55.26427067502879,-3.021582983819826e-12
149.0,54.96967788151821,54.96302452982958,55.26269987804217,55.26599319149627,-5.567102334680385e-12
150.0,54.967509201069085,54.96086415150869,55.26523844943015,55.267778493303474,2.035704937952687e-12
151.0,54.96531318342546,54.95867639562503,55.25464721129085,55.25643419608519,-1.9539925233402755e-13
152.0,54.96314745184281,54.95651888480671,55.24416428162745,55.245241275732084,-2.9238833576528123e-12
153.0,54.96110069987108,54.954480312588814,55.233877908364796,55.23428634019603,4.973799150320701e-12
154.0,54.9591697224729,54.95255747486207,55.22378364929555,55.22356337388924,-2.0801138589376933e-12
155.0,54.95723380914213,54.95062966202663,55.2137595757467,55.21294894135902,1.7079671010833408e-12
156.0,54.95541224011753,54.94881615398624,55.203924812141885,55.20256072379676,2.1094237467877974e-12
157.0,54.9537018215324,54.94711375779322,55.19427495292588,55.192392929859764,1.8918200339612667e-12
158.0,54.952010701725875,54.94543062268458,55.18471695411101,55.18235118819724,5.622169396701793e-13
159.0,54.95039936348024,54.94382723140235,55.17531090939213,55.172494320682546,-6.45261621912141e-12
160.0,54.94877721943906,54.94221299717901,55.16596530804331,55.1627295957228,-4.068745340646274e-12
161.0,54.94721645537259,54.94066010544778,55.156752205077886,55.15312789738122,6.0893512454640586e-12
162.0,54.94562024419873,54.93907172953293,55.14757400959717,55.14359050970379,1.0480505352461478e-13
163.0,54.94399139066072,54.937450673586326,55.13843360940089,55.134119240538624,-3.810285420513537e-13
164.0,54.9424497326934,54.935916774987604,55.129450905296366,55.12483295164575,1.2239098623467726e-12
165.0,54.94090629747857,54.93438106159505,55.12053594121817,55.115640687966575,2.5863755581667647e-12
166.0,54.939474231847534,54.932956680020176,55.11180165310589,55.106654426822544,3.1654678878112463e-12
167.0,54.93815015971621,54.931640255131605,55.103243466541606,55.09786867281195,4.441780276920326e-12
168.0,54.93693075630813,54.930428463089314,55.09485687943785,55.089278041303444,-3.624656130796211e-12
169.0,54.935798698436194,54.92930398162478,55.086623412210564,55.08086320692337,-3.019806626980426e-13
170.0,54.93466239158635,54.92817521697134,55.07845045706356,55.072530751093936,7.281286684701627e-12
171.0,54.933561559847966,54.92708189304142,55.07037751508905,55.06431939650167,-1.928235349168972e-12
172.0,54.932417908078634,54.92594571491518,55.062325725323795,55.0561495333731,5.171862937913829e-12
173.0,54.93134868379635,54.92488392954865,55.05441244702327,55.04813780052137,-2.638778084929072e-12
174.0,54.93037918926376,54.923921839842286,55.04666208426791,55.04030790842268,-1.9184653865522705e-12
175.0,54.9294582414586,54.923008263677346,55.03902233203699,55.03260688659925,2.629896300732071e-12
176.0,54.928490597241534,54.922047958299416,55.03139726021575,55.024938166422515,6.52278231427772e-12
177.0,54.92757704759049,54.921141714118356,55.02388779212288,55.017402056657154,7.434941551309748e-12
178.0,54.92675990773477,54.920331846822364,55.016535512803515,55.01003955005698,1.3722356584366935e-13
179.0,54.92600440720465,54.91958358683693,55.00930455433959,55.002814209973785,-5.1381121579652245e-12
180.0,54.92519840410312,54.91878479280798,55.00208196947955,54.99561254342273,-2.1942447858691594e-12
181.0,54.92442627927139,54.91801984500022,54.99495229301819,54.98851855979855,4.672262576832509e-12
182.0,54.92374732854546,54.9173480395299,54.98797425763818,54.98159048475052,6.7981176243847585e-12
183.0,54.923041758783874,54.91664958412758,54.981026997966794,54.97470696553139,-1.9539925233402755e-13
184.0,54.92238756486026,54.91600247335064,54.97418845511121,54.96794547461533,-4.373834627813267e-12
185.0,54.92174708895974,54.91536904984815,54.96742025538833,54.96126718631521,-7.23421322845752e-12
186.0,54.92119657405875,54.91482555669853,54.960798244677015,54.95474751147515,1.9984014443252818e-13
187.0,54.92061756104081,54.91425353564349,54.954202917447304,54.94826652585352,6.277200981230635e-12
188.0,54.92010189055123,54.91374482701919,54.94772607062377,54.941915623608494,1.944666649933424e-12
189.0,54.919579937141144,54.91322980597853,54.94129725843629,54.93661705873337,2.9896085607106215e-12
190.0,54.91907101017326,54.912727781798594,54.934935557822264,54.932827423749124,-3.446132268436486e-13
191.0,54.91860639410057,54.91227003904404,54.928671859586295,54.92910922033096,4.689582056016661e-13
192.0,54.918227097243495,54.91189758646872,54.92254651402026,54.92550341537634,-1.2503331703328513e-12
193.0,54.91789742510073,54.91157473041818,54.92284625903849,54.92197408103374,-1.4230838729645257e-12
194.0,54.917564512296785,54.9112486060129,54.92809948145317,54.91846825006207,4.571898415406395e-13
195.0,54.9172299453108,54.91092079970741,54.93330090842418,54.922768767960356,7.91300358571334e-12
196.0,54.91694284284756,54.91064043020394,54.938499921726255,54.92780845739689,-3.735678433258727e-12
197.0,54.916619116481534,54.910323409552554,54.943613107893924,54.93275333185125,9.035439063609374e-12
198.0,54.916335375187806,54.91004634638391,54.948717045417624,54.937680250398046,8.126832540256146e-12
199.0,54.91605660207791,54.90977422421702,54.953777325878114,54.942555078471045,-4.817257703848554e-12
200.0,54.91585762162663,54.90958186760275,54.95886908985362,54.94745322014237,-4.711675494206702e-12
201.0,54.91573536682491,54.90946621035181,54.963990213017105,54.95237280748197,2.840283563898538e-12
202.0,54.915570907196546,54.909308322773356,54.9690226874436,54.95719607880984,-1.0712541964608135e-12
203.0,54.91548199419808,54.90922595595905,54.974084196159005,54.96204095152864,2.7417373926752475e-12
204.0,54.9154656447941,54.90921612766724,54.97917266708248,54.96690558398945,-1.8510748489575235e-12
205.0,54.9156186302914,54.909375609994626,54.98438576269884,54.97188786006676,4.967637412534032e-12
206.0,54.91572591710635,54.90948937108512,54.9895101536719,54.97677466511134,-2.1843638009499955e-12
207.0,54.91582406390946,54.90959396924611,54.994582322673665,54.98160268131091,6.715517031352647e-12
208.0,54.916127723132966,54.909904056929484,54.99981714436749,54.98658697870991,3.199884801574626e-12
209.0,54.91654495297937,54.91032769445742,55.00512468378854,54.991637816597596,-9.241496456979803e-13
210.0,54.917013440003295,54.91080256962355,55.01044388677753,54.99669432213815,-9.08162434143378e-13
211.0,54.91753073327911,54.91132623214609,55.015773052268464,55.0017549659599,-7.748024444254042e-12
212.0,54.918094441408094,54.91189629125343,55.021110520906994,55.00681825394493,-2.4225066397320916e-12
213.0,54.918702232012826,54.91251041517883,55.026454674804974,55.011882727265444,-5.0603965462414635e-12
214.0,54.9192596643191,54.91307416373003,55.03171177038457,55.01685479548522,3.580691299021055e-12
215.0,54.91983787782031,54.913658676073325,55.03695286402446,55.021805660294994,1.4499512701604544e-12
216.0,54.92057292889433,54.91440000896482,55.04231451036659,55.02687202038349,-1.4264145420384011e-12
217.0,54.9213431304087,54.91517647696717,55.04767664488812,55.0319339539423,-2.3172574969976267e-12
218.0,54.92207049792628,54.91591009616428,55.05296191337694,55.03691423843802,9.186429394958395e-12
219.0,54.92289296825567,54.916738803147396,55.05830824025068,55.04195092332368,-5.715428130770306e-13
220.0,54.92364432177853,54.91749637939692,55.06355052414023,55.046879033322135,2.5299762285158067e-12
221.0,54.924427662565506,54.91828592849062,55.06879162486659,55.0518015440188,-4.700684286262913e-12
222.0,54.92524106268352,54.91910552299347,55.07403020949947,55.056717239506135,-4.626077299008102e-12
223.0,54.92608264757248,54.91995328882895,55.0792649833003,55.06162493795967,-3.439470930288735e-12
224.0,54.92695059539589,54.92082740462968,55.08449468933483,55.06652349143074,-4.082512106151626e-12
225.0,54.92784313637703,54.92172610107396,55.08971810807167,55.07141178561739,-1.3180567748349858e-12
226.0,54.92880201602997,54.922691124122025,55.09497752087567,55.07633220352784,4.413358567489922e-12
227.0,54.92985277806961,54.9237480183456,55.100299349363794,55.08131126629146,-1.5791812302268227e-12
228.0,54.93082507626563,54.924726438608616,55.10551433833032,55.086179814658536,2.575717417130363e-13
229.0,54.931905612975356,54.92581308674988,55.11080889391663,55.09112434063986,-3.5198510772715963e-12
230.0,54.932911769216595,54.9268253450393,55.11600161703127,55.095963536428435,6.432188115468307e-12
231.0,54.93396860752751,54.927888275533874,55.121217306544814,55.100822281269735,1.4566126083082054e-12
232.0,54.934972959874436,54.92889871090141,55.12635354171413,55.105598238483886,8.209433133288258e-12
233.0,54.93609188480119,54.93002370941771,55.13157728958923,55.11045845231295,-4.53770354624794e-12
234.0,54.937220741266465,54.93115863136222,55.13678517127173,55.11529962589663,3.0180302701410255e-12
235.0,54.9382504007986,54.932194348583245,55.141868477232634,55.120013123236646,-1.9984014443252818e-13
236.0,54.939288932528996,54.93323892949426,55.14693480634173,55.1247066107325,3.2578384434600594e-12
237.0,54.940335132771416,54.93429117071268,55.151983351021464,55.129379352762975,-7.576161920042068e-12
238.0,54.9413878400829,54.935349911088075,55.15701333468682,55.13403064257686,-1.8074430840897548e-12
239.0,54.94246563690283,54.93643373334332,55.16204371363025,55.138679504273185,-7.904787935331115e-14
240.0,54.94364315484714,54.93761726956306,55.16714964232337,55.14340115893667,-7.284839398380427e-12
241.0,54.94481919123789,54.93879931824657,55.17223104577903,55.14809559873471,-3.801403636316536e-12
242.0,54.94599284761329,54.939978981155605,55.177287341218594,55.152762300061845,8.820499886041944e-12
243.0,54.9470473377393,54.94103947225972,55.18220204831141,55.15728484022967,-3.781863711083133e-12
244.0,54.94810253254463,54.942100661584576,55.18709439724277,55.161782500981985,-4.39737135593532e-12
245.0,54.94921086076997,54.94321497809675,55.192017130407784,55.16630808262291,4.692246591275762e-12
246.0,54.95030031076848,54.944310410868546,55.19689897085152,55.170790366800354,-2.780886632081092e-12
247.0,54.951348736649145,54.945364814047615,55.20171792954028,55.17520741736174,1.688427175849938e-12
248.0,54.95239460621962,54.94641665526863,55.206512448615435,55.179597727507804,-3.6415315207705135e-14
249.0,54.95343717004414,54.94746518528139,55.211282056604816,55.183960878175036,-4.666489417104458e-12
250.0,54.954475711565124,54.94850968770554,55.21602630650654,55.18829647350681,3.745448395875428e-12
251.0,54.95550954636365,54.94954947829111,55.2102665192478,55.182125884366805,3.89910326248355e-13
252.0,54.95653802142354,54.950583904182906,55.20454072017673,55.176021541629254,1.2256862191861728e-12
253.0,54.95756051439972,54.951612343189026,55.198847916259474,55.16998128265284,-1.234568003383174e-12
254.0,54.95857643289113,54.95263420305399,55.193187153595325,55.16400303197254,3.765876499528531e-12
255.0,54.959585213718604,54.95364892073682,55.187557516448905,55.15808479823659,-4.994227253973804e-12
256.0,54.96058632220804,54.954655961694414,55.18195812629161,55.1522246712453,2.3492319201068312e-12
257.0,54.96157925147937,54.9556548191707,55.17638814085275,55.14642081908808,1.1590728377086634e-12
258.0,54.96256352174135,54.95664501349163,55.170846753180676,55.14067148537492,-3.800515457896836e-12
259.0,54.963538679592865,54.957626091366684,55.16533319071427,55.1349749865591,3.945288540307956e-12
260.0,54.96450429733073,54.95859762519683,55.15984671436508,55.129329709347765,9.07718344933528e-13
261.0,54.965459972264405,54.95955921238949,55.15438661761042,55.1237341081972,8.881784197001252e-13
262.0,54.96640532603803,54.96051047468067,55.148952225597675,55.11818670288991,5.1247894816697226e-12
263.0,54.967340003959634,54.96145105746446,55.1435428942601,55.11268607619057,4.298783551348606e-12
264.0,54.96826367433831,54.96238062913022,55.138158009444325,55.10723087157811,-5.8903992794512305e-12
265.0,54.96917602782895,54.96329888040776,55.13279698604978,55.1018197910513,5.1167958758924215e-12
266.0,54.97007677678545,54.96420552372041,55.12745926718029,55.09645159300533,6.943778885215579e-12
267.0,54.97096565462186,54.96510029254655,55.122144323307964,55.09112509017694,2.5912605394751154e-12
268.0,54.97184241518223,54.965982940789594,55.11685165144958,55.08583914765582,3.2605029787191597e-12
269.0,54.97270683211905,54.96685324215652,55.11158077435563,55.08059268096002,2.0881074647149944e-12
270.0,54.97355869828048,54.967710989545296,55.10633123971212,55.07538465417323,-1.1426415369442111e-12
271.0,54.974397825106486,54.96855599444126,55.1011026193553,55.07021407814193,1.858957432432362e-12
272.0,54.975224042034164,54.96938808632245,55.09589450849941,55.065080008730426,-2.3288038164537284e-12
273.0,54.97603719591212,54.97020711207428,55.09070652497751,55.0599815451318,3.0158098240917752e-12
274.0,54.976837150424295,54.97101293541336,55.08553830849551,55.05491782823312,-5.648814749292796e-13
275.0,54.97762378552303,54.97180543632095,55.080389519899455,55.04988803903304,-2.594813253153916e-12
276.0,54.978396996871766,54.97258451048555,55.075259840456155,55.04489139711013,4.581668378023096e-12
277.0,54.979156695297256,54.97335006875536,55.0701489711471,55.039927159140355,-1.3953282973488967e-12
278.0,54.979902806251296,54.9741020366002,55.0650566319758,55.03499461746219,-5.10658182406587e-12
279.0,54.9807245258992,54.974929610203084,55.06007181790543,55.030182355307716,-1.1783907183371412e-11
280.0,54.981441355392015,54.97565229155049,55.05501306620749,55.02530851775747,6.6848748758729926e-12
281.0,54.98216590467296,54.97638268976486,55.04999356699518,55.02048591117139,1.0669243266647754e-11
282.0,54.982968575606385,54.97719120691686,55.04508334923373,55.01578419754659,2.1391777238477516e-12
283.0,54.98375281146599,54.9779812871346,55.04018488191981,55.01110549621071,7.411848912397545e-12
284.0,54.98451871653316,54.978753034673886,55.035298115783675,55.00644941902875,-5.915712364412684e-12
285.0,54.9852594482982,54.97949960699678,55.03041605786851,55.0018086462817,-3.649969215757665e-12
286.0,54.98587340800328,54.98011940524822,55.02543702132278,54.999166525989594,9.978684545330907e-13
287.0,54.9864741833544,54.98072601610009,55.02047537660707,54.99674447064496,5.063061081500564e-12
288.0,54.98706181620556,54.981319481397534,55.0155309949609,54.9943233441078,3.4434677331773855e-12
289.0,54.9876363574507,54.981899852023524,55.010603759544196,54.99190338513642,1.2421175199506251e-12
290.0,54.98819786661718,54.98246718749251,55.005693564921884,54.989484828225486,3.056666031397981e-12
291.0,54.98874641146862,54.983021555553385,55.00080031656087,54.992288629200885,2.298605750183924e-12
292.0,54.98928206761704,54.98356303180162,54.99592393033936,54.99793864854288,-1.6839862837514374e-12
293.0,54.989804918144124,54.98409169930075,54.991064332068326,55.00353797316637,8.122391648157645e-12
294.0,54.99031505323163,54.98460764821276,54.99512651679498,55.00908708714052,-4.274802734016703e-12
295.0,54.99083690834528,54.985135313982596,55.000960773172764,55.014610809525834,1.0587086762825493e-12
296.0,54.991436832248574,54.985741045574926,55.00684434658414,55.02017606784851,-3.2818192607919627e-12
297.0,54.99194539227363,54.98625541112674,55.01260871677874,55.0256145579531,6.979750111213434e-12
298.0,54.99249745264674,54.9868132741385,55.018388237845976,55.03106084412632,4.970690525851751e-12
299.0,54.99305023101861,54.98737185274838,55.02414074254995,55.03647296185568,4.725109192804666e-12
300.0,54.99358643313807,54.98791385280922,55.029849194277865,55.04183407012642,4.1455727739503345e-12
301.0,54.99410629084459,54.98843950610709,55.035513935512974,55.047144700784266,5.9676708019651414e-12
302.0,54.994692970373336,54.98903197882411,55.04121824180494,55.052488312876605,-2.984279490192421e-13
303.0,54.9952934275789,54.98963822751257,55.04690987267903,55.05781284228419,3.675282300719118e-12
304.0,54.995890374224786,54.99024096416239,55.05257190377084,55.063101534397624,6.190159496100023e-12
305.0,54.99660768290257,54.990964061437786,55.05832842642153,55.068478644703404,8.131273432354647e-13
306.0,54.997373195354974,54.99173536227281,55.064108535071,55.073873424517416,-2.603695037350917e-12
307.0,54.998201800302354,54.992569755944444,55.069927777964764,55.07930157190425,-4.420463994847523e-12
308.0,54.99902288081628,54.99339662622123,55.0757163247526,55.08469340001991,-7.370104526671639e-12
309.0,54.99983723604914,54.994216772324386,55.08147517642829,55.0900500481404,3.4794389591752406e-12
310.0,55.000709601321155,54.99509492964866,55.08726927421537,55.09543659152301,-6.671996288787341e-12
311.0,55.00162183375611,54.99601295597349,55.09308121745104,55.100835758593014,-7.02282676456889e-12
312.0,55.002637386695284,54.997034305140495,55.0989750544807,55.10631172144208,-2.079225680517993e-12
313.0,55.003634859027805,54.99803757711443,55.10483050822578,55.11174432106365,-4.437339384821826e-12
314.0,55.00469630357852,54.99910482472002,55.11072975582495,55.11721584767594,-5.201172825763933e-12
315.0,55.00577052823079,55.00018485657324,55.11662240612786,55.122676019255266,5.9401372709544376e-12
316.0,55.00685382400162,55.00127396397346,55.122505131117094,55.128121612381946,-2.5783819523894635e-12
317.0,55.007997446232594,55.00242340251212,55.1284295355852,55.13360433289934,1.1457501614131615e-13
318.0,55.009113470774984,55.00354524874998,55.134308467479165,55.139037126018955,3.6344260934129125e-12
319.0,55.010275635339276,55.004713240328385,55.14021571394646,55.14449387230828,-5.622169396701793e-13
320.0,55.01145080734843,55.00589424525508,55.14611879575057,55.149942183264535,-3.90176779774265e-12
321.0,55.01261766437105,55.007066941393894,55.15199677292871,55.155361205941674,2.815525590449397e-12
322.0,55.01384571504938,55.0083008374922,55.157919360100415,55.16082073912155,-1.3065104553788842e-12
323.0,55.01512804109371,55.00958901598246,55.16388041420064,55.16631472123918,-3.134381643121742e-12
324.0,55.01639828413074,55.010865119160904,55.16981429892228,55.171777593545016,-1.0301093311682052e-11
325.0,55.01782330458107,55.01229600753133,55.175888054609956,55.17737647047329,3.891109656706249e-12
326.0,55.01915337200817,55.0136319522249,55.181853497068296,55.182863239597346,-1.163513729807164e-13
327.0,55.02051656429652,55.01500103049572,55.18783821496286,55.18836555579387,-1.7115198147621413e-12
328.0,55.021843672131354,55.01633403352137,55.19377354792074,55.19381482514108,2.7977620220553945e-12
329.0,55.02318078991535,55.017677055586205,55.19970557373268,55.1992571891035,-5.293543381412746e-12
330.0,55.02453114110571,55.01903332043073,55.20563787065887,55.20469628865405,3.162803352552146e-12
331.0,55.02583798189204,55.020346084558504,55.211514074855046,55.2100758205907,-5.9472426983120386e-12
332.0,55.027188256161566,55.02170229166732,55.21742104607569,55.215482703090935,8.615330671091215e-14
333.0,55.02846176221963,55.022981740637434,55.223239201427816,55.22079741133026,-4.845901457883883e-12
334.0,55.02973041405553,55.02425634497545,55.22904009621378,55.22609155548918,-2.6272317654729704e-12
335.0,55.03087597513271,55.025407868288404,55.234705711424525,55.23124717207778,2.3714363805993344e-13
336.0,55.03216261871746,55.02670048293326,55.24049947364223,55.23652774108724,-2.291500322826323e-13
337.0,55.03339919662371,55.027943042127674,55.24623162144036,55.24174355768017,2.7471358521324873e-12
338.0,55.03464786010806,55.029197696868394,55.25196415210723,55.24695666940692,-2.2026824808563106e-13
339.0,55.03581775458185,55.03037359284856,55.25760655464078,55.25207661585008,3.5154101851730957e-12
340.0,55.03691111485227,55.03147296436077,55.26316067025072,55.25710528632812,-3.5456082514429e-12
341.0,55.03794190662067,55.032509776598886,55.26864007988799,55.26205631050377,2.672528864877677e-12
342.0,55.03904298297177,55.03361688224436,55.274177355939614,55.267062310147644,-2.3785418079569354e-12
343.0,55.04021069199644,55.034790630137536,55.27976963220528,55.27212047016339,1.368682944757893e-12
344.0,55.041441474615745,55.03602746192596,55.28541411070621,55.27722804064221,1.5862866575844237e-12
345.0,55.04261868751158,55.037210735001324,55.2909948849823,55.2822691603325,-6.659561790911539e-12
346.0,55.04361627724713,55.03821439563395,55.296385702109,55.28711761722459,1.014299755297543e-12
347.0,55.04468110515224,55.039285303740314,55.30183220172656,55.29201909018111,6.179945444273471e-12
348.0,55.04580967043686,55.04041995924056,55.30733162975294,55.29697087147499,1.3908874052503961e-12
349.0,55.046901779815755,55.04151816954338,55.31278451612423,55.30187353461374,3.6148861681795097e-13
350.0,55.0480335781374,55.04265607932397,55.31826692821053,55.30680318619602,-4.765965400110872e-12
351.0,55.04919432882999,55.043822952492825,55.31181009179633,55.29979109252184,3.632649736573512e-13
352.0,55.05026793241917,55.044902689976574,55.305293346979376,55.29275584256152,6.554756737386924e-13
353.0,55.05133739633166,55.04597829859489,55.29880015302621,55.2857796406851,-6.221689829999377e-12
354.0,55.05246530633571,55.047112364210456,55.29239282221674,55.278923594735154,6.659561790911539e-12
355.0,55.05353014476498,55.04818336979902,55.28594901231288,55.27206420855969,-2.759570350008289e-12
356.0,55.054651936575596,55.049311339908115,55.279588994818454,55.26532064598382,2.9967139880682225e-12
357.0,55.05569965904385,55.05036525244067,55.273180942310255,55.2585600178299,5.5067062021407764e-12
358.0,55.05669440585697,55.05136620058651,55.266746295842786,55.2518027452288,5.763389765434113e-12
359.0,55.05763159824707,55.05230960525142,55.26028064730156,55.24504343969442,6.66489086142974e-12
360.0,55.05860224654842,55.05328647638938,55.25387522488147,55.2383723868931,1.4530598946294049e-12
361.0,55.059485742389256,55.05417620603079,55.24740884650041,55.2316675006661,8.245848448495963e-12
362.0,55.0603577852886,55.055054493059444,55.24095769435916,55.225004093364284,7.105427357601002e-12
363.0,55.0612893054012,55.055992267626245,55.23459252844112,55.218452089200156,2.3789858971667854e-12
364.0,55.06215855846458,55.05686778607951,55.22819081725818,55.21188815571685,3.2591707110896095e-12
365.0,55.06305518029374,55.05777068380341,55.22184246904874,55.20540143058114,-5.0111026439481066e-12
366.0,55.063920386939714,55.05864217717997,55.21548819829551,55.19893188873095,-5.7691629251621634e-12
367.0,55.06476069909988,55.05948878673799,55.209134535529046,55.19248534956994,-1.7226220450083929e-12
368.0,55.0656216068164,55.06035600239803,55.20282692866137,55.186106577076046,1.2372325386422744e-12
369.0,55.066419604382254,55.06116031872193,55.196481438932935,55.17971097582829,-5.027089855502709e-13
370.0,55.06727548965032,55.062022533112575,55.190219155428736,55.17341900219584,-5.506706202140776e-13
371.0,55.06812086012048,55.062874243643684,55.18397092805425,55.16716089937824,1.8669510382096632e-12
372.0,55.06887634840749,55.063636082936554,55.17765723023324,55.160856557399015,7.598366380534571e-13
373.0,55.069661617848304,55.064427713648946,55.17139825448699,55.15462560539745,3.859135233597044e-13
374.0,55.07038378009853,55.06515624776705,55.16510061902794,55.14837412045256,-1.9255708139098715e-12
375.0,55.07116391788308,55.065942767552585,55.15888571253997,55.142222969095585,6.785683126508957e-13
376.0,55.07192463006758,55.066709872429705,55.15267540526838,55.13609352069492,-2.6649793483102258e-12
377.0,55.072595778959275,55.067387424623746,55.14639949261765,55.12991508829241,2.873257187729905e-12
378.0,55.07318701657933,55.06798507547826,55.14006816501757,55.123697395684104,2.4451551894344448e-12
379.0,55.073807216297475,55.068611697744565,55.13379076098357,55.11754932990734,-3.3009150968155154e-12
380.0,55.07445773245689,55.069268646052805,55.12756817659932,55.111471352924916,-7.531752999057062e-13
381.0,55.07514402257283,55.06996137821922,55.12140539848206,55.10546803409726,4.688249788387111e-12
382.0,55.07585040014476,55.07067420809487,55.11528622149102,55.09952276734056,6.533884544523971e-12
383.0,55.076476351215355,55.07130662195588,55.109109745185904,55.09480350567173,1.8749446439869644e-12
384.0,55.07705570259472,55.071892446002536,55.10291026561324,55.09166547031019,1.5263346142546652e-12
385.0,55.07756001238305,55.072403238000184,55.096659530938325,55.088462183181306,-7.843503624371806e-12
386.0,55.07811324694055,55.07296296371813,55.09048194463136,55.08531818043228,3.5491609651217004e-12
387.0,55.07863409412457,55.0734903114555,55.08429558794298,55.082152180939445,-2.6010305020918167e-12
388.0,55.07921379690188,55.07407652393978,55.08039532706178,55.08440742672786,4.618527782440651e-14
389.0,55.07980048195281,55.074669728372285,55.08763995574275,55.09140249820207,5.069722419648315e-12
390.0,55.080374260348755,55.07525003592285,55.09484896444469,55.0983502321145,-4.603428749305749e-12
391.0,55.080902865617304,55.075785180055775,55.101990171469694,55.10521873872702,-8.624212455288216e-13
392.0,55.08146381887078,55.07635268154252,55.10914090828898,55.112085631921474,4.770406292209373e-12
393.0,55.081935502866465,55.07683092344803,55.11618001540999,55.11883002580176,-4.057421065795097e-12
394.0,55.082380517033606,55.077282504499735,55.12316952902959,55.12551422056418,-6.553868558967224e-12
395.0,55.08288597430248,55.077794537423344,55.130196515555475,55.13222553981461,8.824052599720744e-13
396.0,55.08333805616336,55.07825320423166,55.137147837077634,55.13885109470705,-3.5087488470253447e-12
397.0,55.08382381291816,55.078745554808634,55.144110275196745,55.145477906432625,-2.2006840794119853e-12
398.0,55.08426405894358,55.0791924038311,55.151005098055386,55.15202747606299,-8.621992009238966e-12
399.0,55.08469513854104,55.07963009524921,55.15786844386543,55.15853616644138,2.4376056728669937e-12
400.0,55.08513392737566,55.08007550466765,55.16471728044444,55.165021163902466,-8.901768211444505e-13
401.0,55.085511258134574,55.08045946485729,55.17148267140469,55.1714137438411,9.935607891975451e-12
402.0,55.08592373564644,55.08087858015416,55.17826087631675,55.17781037070244,4.852118706821784e-12
403.0,55.086301063575924,55.08126255452045,55.184982050434854,55.18414139983283,-4.760636329592671e-13
404.0,55.08666122892871,55.08162937468681,55.19166405062617,55.19042488101047,-3.3140157285060923e-12
405.0,55.08703957562616,55.08201438443806,55.19834223582025,55.19669636106468,-1.1530998378361801e-11
406.0,55.08735741044179,55.08233889070524,55.20493821811682,55.20287763481814,-4.382050278195493e-12
407.0,55.08770247912117,55.08269063874324,55.21153939812048,55.20905627937504,5.398126390332436e-12
408.0,55.08802281665836,55.08301766376691,55.218094184623794,55.215180876631464,3.998135156280114e-12
409.0,55.088317982252484,55.083319524777174,55.22460208316009,55.22125109920774,4.549693954913892e-13
410.0,55.08852909326674,55.08353733893837,55.231004150766466,55.22720816696781,2.6643132144954507e-12
411.0,55.0887981017001,55.083813057555304,55.23744179129938,55.23319364213914,3.6344260934129125e-12
412.0,55.08908629762731,55.0841079711508,55.24387690600972,55.23916958287216,5.253575352526241e-12
413.0,55.08936010736002,55.08438850618212,55.25027621859254,55.245102863642245,2.5939250747342157e-12
414.0,55.089600593467104,55.0846357250969,55.256620814383325,55.250974715613914,2.402522625288839e-13
415.0,55.08987900594636,55.08492087760955,55.26298180892672,55.25685639630417,4.141575971061684e-12
416.0,55.090099953123236,55.08514857234146,55.26926425555593,55.26265309866922,8.57980353430321e-13
417.0,55.09033209414998,55.08538746797119,55.27553648112674,55.268433283481016,-2.2508661601250424e-12
418.0,55.090560306934975,55.08562244247904,55.281783586141216,55.27418218375856,1.8818280267396403e-13
419.0,55.0907470888863,55.08581599322899,55.28796816748716,55.279862524967356,3.735234344048877e-12
420.0,55.09098354613045,55.08605922599283,55.29418112423336,55.285565330998615,-4.228839500797221e-12
421.0,55.0912832788533,55.086365741323434,55.30043658644825,55.29130485578799,1.3777867735598193e-12
422.0,55.091581135863436,55.08667038851767,55.306670046818176,55.29701671177028,4.654054919228656e-13
423.0,55.09179213987529,55.08688819027502,55.31279664773408,55.302616155567,-1.2367884494324244e-12
424.0,55.09203421761166,55.08713707261378,55.31893374575073,55.30822065375337,-1.2516654379624015e-12
425.0,55.092198020899,55.087307687594844,55.324972369287984,55.31372134616545,2.555622380384648e-12
426.0,55.0923254237332,55.08744190857934,55.33095388647526,55.31915970692457,-3.1289415503010787e-12
427.0,55.09251973744563,55.08764304657551,55.336981433746516,55.324638978537614,-1.3729017922514686e-12
428.0,55.09268042587009,55.087810565918446,55.34295512993839,55.330059386329324,3.984368390774762e-12
429.0,55.092880391540525,55.088017368848305,55.34894772733082,55.335493782921326,2.542077659484221e-12
430.0,55.09302498468446,55.088168805880514,55.354865009280985,55.340848052074136,5.1527671018902765e-12
431.0,55.0931807557191,55.08833142697117,55.34595279760143,55.331368110656115,-5.627220911463837e-12
432.0,55.093254173109976,55.08841170065227,55.33699758943907,55.321889145632994,-1.0359990643138417e-11
433.0,55.09335551718746,55.08851990657456,55.32811017650692,55.312520381903965,2.3103186030937195e-12
434.0,55.093402735159124,55.0885739921312,55.31920805002248,55.30317780807578,-3.861688746553682e-12
435.0,55.09348193856196,55.08866006839533,55.31037758860583,55.29394636017974,3.219646771412954e-13
436.0,55.093545557947,55.088730566127175,55.301570736360944,55.284776598963234,1.8606227669693e-12
437.0,55.093678210725415,55.088870102569786,55.29287204122196,55.275751744798995,3.8973269056441495e-12
438.0,55.09376071110646,55.08895949243578,55.28416150689079,55.26675052937058,-6.075695502261169e-13
439.0,55.09378408794192,55.0889897641599,55.275430392481454,55.2577629898625,-1.2931045123565355e-12
440.0,55.093831164612176,55.08904374062108,55.26676183520855,55.24887108887934,-6.187161893933535e-12
441.0,55.09387293733456,55.08909241817545,55.25812642677532,55.240044291154064,-3.834155215542978e-12
442.0,55.09398462595174,55.089211016573984,55.249599234695374,55.231356582092694,4.8274162445238744e-12
443.0,55.09403767215878,55.08927097801609,55.241050894259274,55.22267756001229,-3.3378438901721097e-12
444.0,55.09401186677244,55.08925209283785,55.23246150374447,55.21398632565406,-2.9672375667644246e-12
445.0,55.09396659349665,55.0892137440935,55.22389093548458,55.20534179089304,-5.034833661099469e-12
446.0,55.09399488322202,55.08924896246358,55.21543220114727,55.196836044167384,1.2251311076738602e-12
447.0,55.09409379724135,55.089354809745885,55.207081539652854,55.18846443956888,-4.637984440947207e-12
448.0,55.09412537387842,55.08939332476929,55.19870018738776,55.18008736530287,-4.129429654123329e-12
449.0,55.0941180171508,55.089392911001276,55.19031693258672,55.17173279236629,1.992166848152621e-12
450.0,55.09411735325428,55.08939919429331,55.18197754714977,55.16344570600091,-2.3924334735525576e-12
451.0,55.09413170282557,55.08942049528205,55.17369010877838,55.1552334278422,3.8815478609066645e-12
452.0,55.09409929377993,55.089395041953665,55.16539253128609,55.14703314512602,-4.322597835226816e-12
453.0,55.09401350985905,55.089316217651344,55.157078413846676,55.13883775683656,-3.2258917759264705e-12
454.0,55.09395494660578,55.08926461745547,55.148828628623676,55.13072746006228,-1.8382240174474873e-12
455.0,55.09389686326386,55.08921350075816,55.1406160272663,55.12267445777489,-5.299913286016533e-12
456.0,55.093913439024654,55.08923704669113,55.13251460828463,55.11475212421952,2.843045243672293e-12
457.0,55.093879105763165,55.08920968764598,55.12439799121675,55.10925303314111,5.376615819230324e-12
458.0,55.093918590759394,55.08925615046279,55.116391154761644,55.10497607949294,-3.717415264503643e-12
459.0,55.09397126005543,55.08931580168844,55.10843266115148,55.10072381614109,8.050504707313166e-13
460.0,55.09394514244163,55.08929667017742,55.10043024492945,55.09640471249485,-5.150643800355681e-12
461.0,55.0939539443653,55.089312461736824,55.09545840685164,55.10272329176886,-1.0343115253164115e-12
462.0,55.093912167761864,55.089277678518975,55.103321909940426,55.110317360108255,1.0307327907854713e-12
463.0,55.09390420705741,55.08927671451882,55.11118411228436,55.117894392423565,-3.5134117837287704e-12
464.0,55.09395392794926,55.0893334356286,55.11906933622945,55.12547917310165,-6.371736471777467e-12
465.0,55.09403686728473,55.08942337907573,55.12695377815694,55.1330483428721,-1.4728981923006756e-12
466.0,55.09403972103485,55.08943324104579,55.13472459154308,55.14048948245998,-1.2578826869003024e-13
467.0,55.09396577587288,55.089366307582694,55.14238457085134,55.147805798609035,3.2807090377673376e-14
468.0,55.09386805411517,55.08927560038412,55.149986266607904,55.15505024164531,-6.434575094971251e-12
469.0,55.09377099939004,55.0891855628445,55.15755408779535,55.16224760793716,-2.071898208555467e-12
470.0,55.09370422859394,55.08912581180289,55.16511781846241,55.1694280559252,3.929523373358279e-12
471.0,55.093590260119136,55.089018865822275,55.17260039076904,55.176514879076265,-1.979250097150498e-12
472.0,55.093554286802004,55.088989917325605,55.18012676716364,55.183633388512355,-3.0180927201861607e-12
473.0,55.09353407084917,55.088976729034854,55.187635517103345,55.190722491048085,4.226344968438767e-12
474.0,55.09352408676582,55.08897377551907,55.19512141049597,55.19777728094185,-6.513040107236634e-12
475.0,55.09347585899258,55.08893258124844,55.20253622181537,55.20474984581005,1.246919234532129e-13
476.0,55.09349216015871,55.08895591851526,55.20998257204807,55.211743109298546,-6.5104588387043805e-12
477.0,55.09358152382233,55.0890523212925,55.21746968982308,55.21876659340228,1.682154415760806e-12
478.0,55.093672412428695,55.08915025251672,55.22492680746185,55.22574981262419,-5.587155738062677e-12
479.0,55.09368318232532,55.08916806851746,55.23227246579108,55.232611579118554,3.1717961590516097e-12
480.0,55.093617118148664,55.08910905331485,55.239509460474395,55.23935495114481,-2.453898195753368e-12
481.0,55.09362570262842,55.08912468902311,55.24678880521313,55.246131198573295,-2.6556534749033744e-13
482.0,55.093707813665475,55.08921385402631,55.25411014672432,55.25294021825064,2.651268093956105e-12
483.0,55.09378250271093,55.0892956002662,55.26139330117075,55.25970206684559,-6.245906569724013e-13
484.0,55.0937776472278,55.08929780512172,55.26856625247138,55.26634495932403,6.1581018062639714e-12
485.0,55.09382027983869,55.08934750059378,55.27575554824323,55.27299566714236,-7.732117029979335e-12
486.0,55.093818700218435,55.089352986658625,55.28287003396507,55.27956325528803,4.280922838439949e-12
487.0,55.0938304635827,55.08937181816789,55.28996706549186,55.28610529087181,-1.6525392165789299e-12
488.0,55.09385256927876,55.08940099451714,55.29704390748444,55.29261924491333,1.5706047573615933e-12
489.0,55.09383379094823,55.089389289380996,55.30404957478115,55.2990543321755,-3.0076496848607803e-12
490.0,55.093863233514206,55.08942580733854,55.31107299739152,55.30549967607003,-1.4634595618678858e-12
491.0,55.09385832852985,55.089427980244444,55.31803215092118,55.31187344177447,-6.393281737349099e-12
492.0,55.093857718630176,55.08943445044282,55.32496555614633,55.31821433224081,-3.5761393846200917e-12
493.0,55.09387739165455,55.08946120575454,55.33188938826815,55.32453870089514,-6.904046778721806e-12
494.0,55.09384701171928,55.089437910399226,55.33873362754619,55.33077670131177,-4.898859096158503e-15
495.0,55.09386552559297,55.089463510738234,55.34559697026165,55.3370271968819,-1.070770208611016e-12
496.0,55.09385952859993,55.0894646023974,55.35240655387341,55.3432174901131,-7.291008075061001e-13
497.0,55.093848687147265,55.08946085156496,55.35918199939045,55.34936736035394,2.190692072190359e-12
498.0,55.093761763696016,55.08938102062764,55.36585217927841,55.35540583502805,1.558364548515101e-12
499.0,55.09372626941886,55.089352620164846,55.37254414201649,55.361460112343494,1.8605117446668373e-12
500.0,55.09365124860747,55.0892846947811,55.37916748445412,55.367439938966236,2.2394863741226345e-12
501.0,55.09359188618807,55.08923242907103,55.36870162885744,55.356324880185376,-4.94504437398291e-12
502.0,55.09345864985863,55.089106290796096,55.35821368778218,55.345238178398155,2.0410340084708878e-12
503.0,55.09325469102932,55.088909430799205,55.34770720219452,55.33418154750727,1.5445422718585178e-12
504.0,55.09298308956624,55.08864492839407,55.337185620044046,55.323156680904894,5.5706550483591855e-12
505.0,55.092646854143474,55.088315791717264,55.326652296969634,55.31216524910736,-4.235056749735122e-12
506.0,55.09224892264509,55.08792495812999,55.31611049706124,55.30120889757846,-5.724754004177157e-12
507.0,55.09179216261439,55.087475294667094,55.305563393674255,55.290289244732406,6.036948718701751e-12
508.0,55.09127937174773,55.08696959853093,55.295014070293156,55.279407880107456,-2.7187141427020833e-12
509.0,55.09068590968851,55.086383228887414,55.2844381526992,55.26853899396252,3.980815677095961e-12
510.0,55.089945946860574,55.08565035551226,55.27377029834487,55.25761586349033,3.12194714524594e-13
511.0,55.089163132230716,55.084874626249004,55.26311522618816,55.24674187837771,-3.707700813038173e-12
512.0,55.088339872018274,55.08405844690113,55.25247551716441,55.23591834148307,6.534328633733821e-12
513.0,55.08747850628394,55.08320415712666,55.24185366841996,55.22514652130793,-1.70219394135529e-12
514.0,55.08658130971795,55.082314031226154,55.23125209449606,55.21442765110559,-3.675282300719118e-12
515.0,55.08571391588105,55.081453702378006,55.22073655196541,55.203826351526665,4.4142467459096224e-12
516.0,55.08478315636774,55.08053000225298,55.210213428446615,55.1932479194787,3.2320812692887557e-12
517.0,55.083787432970944,55.07954133208184,55.19968148706884,55.182690068241506,4.094502514817577e-12
518.0,55.08276443278837,55.078525378380945,55.189178794816975,55.17218985380942,7.300826609935029e-13
519.0,55.08171611568937,55.07748410069181,55.17870737081918,55.161748322522335,-3.711697615926823e-12
520.0,55.08071713320041,55.076492150218975,55.16834191097274,55.15143923414966,-6.576961197879427e-12
521.0,55.07974514192824,55.07552718375847,55.15805947579333,55.14123875020851,2.8563817977556027e-12
522.0,55.07874819961062,55.07453725909435,55.14780771529768,55.131093656769764,1.1386447340555605e-12
523.0,55.07772814864175,55.07352421831619,55.13758850765625,55.12100500019076,-2.533084852984757e-12
524.0,55.076742143881155,55.0725452159857,55.127459029653714,55.1110291561764,6.292744103575387e-12
525.0,55.07580329418573,55.071613361048136,55.117431925477206,55.10117799877187,8.099299009245442e-12
526.0,55.07484134832658,55.07065840246109,55.10743636504269,55.09328213268617,-4.225064742513496e-12
527.0,55.07385804337605,55.06968207701293,55.09747410151646,55.08748387575671,2.4167334800040408e-12
528.0,55.07281709901295,55.06864810411162,55.08750885777749,55.081648136080894,-1.0036416142611415e-12
529.0,55.07160853584313,55.06744650385408,55.07743096725402,55.07566580360687,1.681321748492337e-12
530.0,55.070331718690575,55.06617663980359,55.07333797143554,55.080077002789274,-1.674216321134736e-12
531.0,55.06905019218299,55.064902055976425,55.080812653744694,55.08727065134045,2.9380942123680143e-12
532.0,55.06778571237209,55.06364450823263,55.08824785618807,55.09440715227483,1.1457501614131615e-12
533.0,55.06662194957109,55.06248766683469,55.09572754314337,55.1015710484406,-1.340261235327489e-12
534.0,55.06545184538694,55.0613244739076,55.103145655808646,55.1086568377312,6.022737863986549e-12
535.0,55.064276614839194,55.060156144284825,55.110503516706274,55.115666378031875,3.582023566650605e-12
536.0,55.06309742692624,55.0589838467871,55.11780241203301,55.122601472253024,-5.857536677922326e-12
537.0,55.06191540557358,55.057808705170615,55.12504359228913,55.12946386970707,-9.725553695716371e-13
538.0,55.060731630580385,55.05663179907325,55.13222827291049,55.13625526745609,1.70174985214544e-12
539.0,55.05954713856337,55.05545416495833,55.13935763490265,55.14297731163112,-2.6192381596956693e-12
540.0,55.05836292389725,55.05427679705482,55.14643282547664,55.14963159872366,-1.809219440929155e-12
541.0,55.05717993965118,55.053100648293636,55.15345495868548,55.15621967685018,-3.7481129311345285e-12
542.0,55.055999098520495,55.05192663123914,55.16042511606114,55.16274304699016,5.115019519053021e-12
543.0,55.05482127375308,55.050755619015284,55.16734434725113,55.169203164198265,4.979128220838902e-12
544.0,55.05364730006985,55.049588446226004,55.17421367065432,55.1756014387913,-2.1449508835758024e-12
545.0,55.05247797457874,55.04842590986893,55.18103407405544,55.181939237510385,-1.8527401834944612e-12
546.0,55.051314057681786,55.047268770242304,55.18780651525774,55.18821788465904,-2.3803181647963356e-13
547.0,55.05015627397463,55.04611775184433,55.194531922713395,55.1944386632175,1.9548807017599756e-12
548.0,55.049005313138146,55.04497354426455,55.20121119615115,55.200602815933884,-2.8688162956314045e-12
549.0,55.047759837056596,55.04373480930656,55.207743213435705,55.20660955263217,-6.569855770521826e-12
550.0,55.04662873613966,55.04261043663396,55.214336249787,55.21266746965631,-1.84474657771716e-12
551.0,55.04550622961477,55.041494646078604,55.22088561334463,55.21867218907534,3.4656721936698887e-12
552.0,55.04439287683547,55.04038799692537,55.22739209542658,55.22462480328798,-1.0755840662568517e-12
553.0,55.043289206619846,55.0392910179291,55.23385646175698,55.2305263696378,-1.1786127629420662e-12
554.0,55.042195718083796,55.038204208147405,55.24027945306708,55.23637791137221,7.327471962526033e-13
555.0,55.041112881463725,55.03712803776349,55.246661785691096,55.24218041858123,-9.556799795973347e-13
556.0,55.04004113892881,55.03606294889804,55.25300415215653,55.247934849116504,1.127986593019159e-12
557.0,55.0389809053824,55.03500935641059,55.2593072217688,55.25364212949089,-3.4310332353015838e-12
558.0,55.037932569252426,55.03396764868969,55.26557164118987,55.25930315575894,1.6431300764452317e-13
559.0,55.036896493270525,55.03293818843199,55.27179803501065,55.26491879437866,4.0314418470188684e-12
560.0,55.03587301523981,55.031921313409725,55.277987006316934,55.27048988305482,2.9629632081196178e-12
561.0,55.03486244879104,55.03091733722688,55.28413913724878,55.276017231564225,-3.530509218307998e-12
562.0,55.033865084127136,55.029926550063465,55.29025498955296,55.28150162256311,1.7861268020169518e-12
563.0,55.03288118875585,55.028949219408084,55.29633510512854,55.28694381237713,1.6120438317557273e-12
564.0,55.03191100821042,55.02798559077845,55.302380006565166,55.29234453177411,-1.4903633882568101e-12
565.0,55.03095476675835,55.02703588843001,55.30839019767416,55.297704486719915,-5.124789481669723e-13
566.0,55.03001266809786,55.026100316052336,55.314366164012135,55.30302435911768,-8.117062577639444e-12
567.0,55.029084896042406,55.0251790574534,55.32030837339707,55.30830480753071,-6.656897255652439e-12
568.0,55.02817161519275,55.024272277231624,55.32621727641669,55.31354646788933,5.81845682745552e-12
569.0,55.02714859517349,55.023255745015284,55.331968930505745,55.318625577761516,-4.263256414560601e-14
570.0,55.026145555089784,55.02225917913468,55.33769235278943,55.323671326699866,-1.6049384043981263e-12
571.0,55.02516248782402,55.02128257249903,55.32593009525198,55.31122644003912,-1.3811174426336947e-12
572.0,55.02419937034856,55.02032590210996,55.314262795976205,55.29892896591455,-4.344968829173013e-12
573.0,55.02337805261848,55.01951101795157,55.30281179476079,55.28689826862782,-3.439915019498585e-12
574.0,55.02257397267931,55.01871335886036,55.29145093335252,55.27500629906741,-5.667022406896649e-12
575.0,55.02178458678896,55.017930381125474,55.28017717126793,55.26324820442256,-2.2892798767770728e-12
576.0,55.02100993203694,55.01716212185399,55.26899007176768,55.25162180995095,6.235012506294879e-13
577.0,55.02025003202797,55.01640860467031,55.25788918482337,55.24012499870455,-3.956834859764058e-13
578.0,55.019504897419004,55.01566984025298,55.2468740477881,55.228755709115,-2.425615264201042e-12
579.0,55.01877452644436,55.01494582685986,55.235944186050716,55.21751193269877,-3.965272554751209e-12
580.0,55.01799857427321,55.014176219686306,55.22503878251774,55.206331380721345,1.6475709685437323e-13
581.0,55.017175829841484,55.01335980732605,55.214156685270275,55.19521148734119,-4.068301251436424e-12
582.0,55.01637292894102,55.012563225217036,55.20336460475365,55.18421760420095,-1.91402449445377e-13
583.0,55.01560587280803,55.01180247464551,55.192678037757815,55.17336392406217,-3.664180070472867e-12
584.0,55.01496585747114,55.01116875178885,55.18218753600223,55.162739747500034,2.6361135496699717e-12
585.0,55.01433997149001,55.010549145916,55.17177874638232,55.15222952372307,-3.0833113839889847e-12
586.0,55.013728142503055,55.0099435846991,55.16145113160115,55.141831565269975,1.098676705169055e-12
587.0,55.013130289720415,55.00935198738316,55.1512041472977,55.13154422327661,-7.900347043232614e-13
588.0,55.012447439479786,55.00867538034292,55.14093835769117,55.121267001158124,-1.3060663661690342e-12
589.0,55.01188140739413,55.00811557862926,55.130855975136726,55.11120108915253,4.75086636697597e-12
590.0,55.01132896936326,55.007569358793056,55.120852433536875,55.101240942667815,4.942268816421347e-12
591.0,55.01079001545438,55.00703661094038,55.11092716602124,55.09138505435842,1.666666804567285e-12
592.0,55.01026442931664,55.00651721876011,55.10107960108013,55.08163194890526,3.872457909892546e-13
593.0,55.0097520885393,55.00601105988204,55.09130916299308,55.07198018187737,-8.44213587924969e-13
594.0,55.00925286500015,55.00551800622522,55.081615272244285,55.06242833864945,5.190958773937382e-12
595.0,55.008678310866735,55.00494960999974,55.07190903158786,55.05288671903563,-2.112532371256748e-12
596.0,55.00808423852582,55.00436168310735,55.062246562425486,55.04341066959222,2.1467272404152027e-12
597.0,55.007507993665,55.003791571077535,55.05266504958648,55.03403662909236,4.61142235508305e-12
598.0,55.00694931169511,55.003239009384345,55.04316375204104,55.02714341219905,3.654854197066015e-12
599.0,55.00640792467093,55.002703730146024,55.0337419280968,55.021816520515394,-1.3429257705865894e-12
600.0,55.00588356164537,55.00218546247917,55.024398835810096,55.0165317161426,1.7559287357471476e-12
601.0,55.00525164140848,55.00155962523813,55.01500942577848,55.01116484542498,-2.1258550475522497e-12
602.0,55.00464140052734,55.00095545431873,55.00570352317553,55.013506888165864,-2.864375403532904e-12
603.0,55.003999012625606,55.0003191234282,55.01157587182964,55.02119131775319,-3.737010700888277e-12
604.0,55.00314877546095,54.99947493009304,55.019298595929534,55.0285900274321,3.887556943027448e-12
605.0,55.0021361087663,54.99846829277865,55.02679615430951,55.03574754828594,-5.806910507999419e-12
606.0,55.00101265909149,54.997350857017636,55.03411911340267,55.04271498868715,-2.3154811401582265e-12
607.0,54.99974807391116,54.99609226955772,55.04123646147713,55.049461863148785,3.820055383130239e-12
608.0,54.99835984109446,54.99471001735505,55.04816476291711,55.05600524708301,-2.8688162956314045e-13
609.0,54.99711901185577,54.99347515080329,55.05517428044907,55.06261589986378,1.0134115768778429e-12
610.0,54.99573472981723,54.992096814274916,55.06197562751124,55.069004914344056,-1.163513729807164e-13
611.0,54.99425247884321,54.990620490703705,55.06861333747071,55.0752172864001,-2.62545540863357e-12
612.0,54.992685614970505,54.98905953544956,55.0751001835995,55.08126623922939,6.110667527536862e-13
613.0,54.99096741034155,54.98734722004789,55.08136895830473,55.087085002335435,-2.433608869978343e-13
614.0,54.98922341053693,54.985609089080995,55.087544165295355,55.092798504665204,-9.330314298949816e-12
615.0,54.987435175809004,54.983826702517355,55.09360735340856,55.098388708948974,-2.3430146711689304e-12
616.0,54.98558078246941,54.981978136276986,55.09953643208464,55.10383392573509,-6.02895511292445e-12
617.0,54.98366453829025,54.980067697611595,55.10533535676729,55.109138499789076,-3.568700890355103e-12
618.0,54.98161007898372,54.978019021732244,55.110927440859776,55.1142261229066,5.682565529241401e-12
619.0,54.97946303996961,54.97587774311609,55.116357361901485,55.119141840882584,2.8670399387920042e-12
620.0,54.977281889727216,54.97370232955235,55.12168299560647,55.123943889248714,4.89386309254769e-12
621.0,54.97513489813337,54.9715610505573,55.12697249281846,55.12870076947793,5.181632900530531e-12
622.0,54.97286115263217,54.96929299359881,55.13206538003669,55.1332523484894,-3.822719918389339e-12
623.0,54.97055365940934,54.96699116397591,55.13705378430403,55.137691082802135,-4.380495965961018e-12
624.0,54.968331472254626,54.9647746151147,55.14205663225327,55.14213622149639,-1.5916157281026244e-12
625.0,54.96608391743886,54.962532673593294,55.14696409426823,55.146478248513034,-8.58157989114261e-12
626.0,54.96380720114536,54.96026154528331,55.15177232258976,55.150713618195006,1.9699797348948778e-12
627.0,54.96143233502003,54.957892241494314,55.15641224158632,55.15477354870502,-6.554756737386924e-13
628.0,54.95898743747415,54.955452879911626,55.160911317557364,55.15868579208149,6.725286993969348e-12
629.0,54.95652996930938,54.95300092076475,55.16532657992627,55.16250765767129,-3.440803197918285e-12
630.0,54.9541795878018,54.95065602108078,55.16977771568413,55.16635910632174,-3.778310997404333e-12
631.0,54.951814298885814,54.948296187211916,55.17414373020429,55.17011941047733,1.5845103007450234e-12
632.0,54.94935571070824,54.945843027045704,55.17834625045601,55.173710453411005,2.0605739337042905e-13
633.0,54.94684999426435,54.94334271088189,55.182430830133974,55.17717803779531,-1.1883827255587676e-12
634.0,54.94434197172301,54.94084006044717,55.18644203943537,55.18056697855637,6.002309760333446e-12
635.0,54.94183384338964,54.93833727585185,55.1903821843374,55.18387982129718,1.255884285455977e-12
636.0,54.93939147338806,54.93590022104114,55.19431725175661,55.1871827862293,4.211742066217994e-12
637.0,54.93700808975405,54.93352212423845,55.19824112238001,55.190469981915626,6.128431095930864e-13
638.0,54.934625590762685,54.931144883872,55.20209629745943,55.1936841299136,-9.85878045867139e-13
639.0,54.932245944742284,54.92877046810804,55.2058848858279,55.19682755151215,-5.222489107836736e-12
640.0,54.929871036895264,54.92640076199882,55.209608928419755,55.19990249465984,-4.9826809345177026e-12
641.0,54.92750267124024,54.92403756942451,55.19762541795646,55.18726615380469,3.1530333899354446e-12
642.0,54.92504399196827,54.92158403444283,55.18564689062623,55.1746825594386,-4.4586556668946287e-13
643.0,54.92258066351584,54.91912582083235,55.17375951122559,55.162235980205,-1.6537882174816332e-12
644.0,54.92022124740174,54.91677148992426,55.16207159041729,55.150032906317584,-2.3501200985265314e-12
645.0,54.917784744350826,54.91434004283731,55.15040091881336,55.13788938356811,6.334488489301293e-12
646.0,54.915367524995695,54.91192784962624,55.138844249983144,55.12590049080473,5.7482907322992105e-12
647.0,54.91307810211314,54.9096434230176,55.12750963693544,55.11417267327406,-1.4210854715202004e-14
648.0,54.91069865406778,54.90726894190192,55.11617784247718,55.102485153382624,-6.750155989720952e-12
649.0,54.90834211477741,54.904917339560235,55.10496229206953,55.09094987695804,-2.7604585284279892e-12
650.0,54.90600952958581,54.90258966130509,55.09386353987188,55.07956597722012,-7.323919248847233e-12
651.0,54.90379202410215,54.90037703273013,55.08297221100551,55.06842271545955,4.934719299853896e-12
652.0,54.901626612833184,54.89821646881602,55.072224021805,55.05745450094741,-2.877698079828406e-13
653.0,54.899482946256406,54.89607762018212,55.061587867523805,55.04662897536906,-5.613287612504791e-13
654.0,54.89731456106631,54.89391402350227,55.051016792111795,55.035897979178486,-1.836752971939859e-12
655.0,54.89509920132945,54.891703422573244,55.040488451798886,55.02523801172427,8.597567102697212e-13
656.0,54.89291319998415,54.88952214994963,55.03007928920636,55.01472440255018,3.275602011854062e-12
657.0,54.890757204146105,54.88737085276894,55.01978940402611,55.004356181928486,-5.702105454474804e-12
658.0,54.88863181085842,54.88525012810246,55.00961883982855,54.99413236618064,-1.1013412404281553e-12
659.0,54.886537568682115,54.88316052454574,54.999567586074015,54.98405195790709,1.291411422243982e-12
660.0,54.884474979258734,54.881102543780685,54.989635580083956,54.97411394625454,-3.4514613389546867e-12
661.0,54.88244449884451,54.879076642109695,54.97982270897183,54.964317307217264,-4.426681243785424e-12
662.0,54.88044653981631,54.87708323196131,54.970128811534096,54.95466100396946,4.334310688136611e-13
663.0,54.87848147214945,54.87512268336775,54.960553680101405,54.94514398722572,4.765965400110872e-12
664.0,54.87654962486709,54.87319532541416,54.95109706235024,54.935765195626765,-8.412825991399586e-12
665.0,54.874651287461596,54.8713014476597,54.9417586630753,54.92652355614799,2.1032064978498966e-12
666.0,54.8729026749985,54.86955726525364,54.93265410963354,54.91753394825134,-3.581135388230905e-12
667.0,54.87104470760978,54.86770369899871,54.92352273922093,54.908534992685325,2.9629632081196178e-12
668.0,54.86912580767356,54.86578917059968,54.91441359544202,54.89957504102712,8.704148513061227e-13
669.0,54.86731981339216,54.863987517850276,54.90550073607254,54.890827482543195,4.5137227289160364e-12
670.0,54.86559515137365,54.86226716785272,54.89675133296252,54.883706796312254,5.169198402654729e-13
671.0,54.86378647036787,54.8604627696764,54.88799904159944,54.87812445173237,1.1644019082268642e-12
672.0,54.86204860089429,54.85872915332137,54.87939910048748,54.87265019182782,3.9328540424321545e-12
673.0,54.860378935578524,54.85706371169439,54.87094800527757,54.867281509044155,1.141309269314661e-12
674.0,54.858684509521915,54.85537348015932,54.86255191252969,54.86192551722212,-2.6405544417684723e-12
675.0,54.85713674377873,54.85382987957588,54.85989277038428,54.866655075529934,-6.785683126508957e-13
676.0,54.85563410893774,54.85233138121405,54.864933982114366,54.87144320196151,4.687805699177261e-12
677.0,54.85412533539688,54.85082671563257,54.86989161933638,54.87613609499459,6.566303056843026e-12
678.0,54.85257433117825,54.84927979074833,54.87472985127996,54.88069839622359,-6.600942015211331e-12
679.0,54.85106196892505,54.847771478922354,54.879529504479514,54.88521138869013,9.982237259009707e-12
680.0,54.84958798969788,54.84630152134709,54.88429094825482,54.889675882863926,5.594635865691089e-12
681.0,54.84826971537364,54.84498724004793,54.88913213137484,54.89421025259452,2.289723965986923e-12
682.0,54.846984320557134,54.8437058103695,54.89393184125383,54.89869369394834,4.3227643686805095e-12
683.0,54.84565761124049,54.842383038415775,54.898616477703854,54.90305299848733,1.823430295644357e-12
684.0,54.84432304439585,54.841052380897096,54.903219470149416,54.90732197390652,6.5574212726460246e-12
685.0,54.843142800553544,54.83987601827117,54.90790324510096,54.91166341322293,5.822009541134321e-12
686.0,54.84202658173219,54.838763653301285,54.91257910270723,54.915988970144504,-5.789146939605416e-12
687.0,54.840968065922766,54.83770896427346,54.91724157633065,54.920293516509396,-6.448175327022909e-12
688.0,54.83979612295306,54.83654082126069,54.921720341412716,54.92440705351926,4.518163621014537e-12
689.0,54.83873173863216,54.83548020947937,54.92623576611827,54.928550263816454,-6.092015780723159e-12
690.0,54.83770774083249,54.83445995731542,54.93072188653626,54.93265748983139,2.7329249974172853e-12
691.0,54.8367140615305,54.833469996924734,54.93516929146666,54.9367196143909,5.689670956599002e-12
692.0,54.835750370987256,54.83250999869988,54.93957822523953,54.94073716549878,-2.3812063432160357e-12
693.0,54.83472539263526,54.831488686193,54.94385798254983,54.94461971178165,3.0029312370061234e-12
694.0,54.833707893640344,54.83047482623922,54.948077145328476,54.94843609988836,1.7266188478970435e-12
695.0,54.83272412481773,54.8294946696692,54.952262339954686,54.95221321417284,-7.1382899591299065e-12
696.0,54.831823039886324,54.82859717035715,54.956463110695104,54.95600084874806,3.3519853559482726e-12
697.0,54.831019508503715,54.82779719836748,54.96069532252758,54.95981510999366,2.424727085781342e-13
698.0,54.83024345278557,54.8270246762944,54.96489002048038,54.96358727496483,3.163247441761996e-12
699.0,54.82950261419361,54.82628734573452,54.9690554973119,54.967325858886404,2.5721647034515627e-12
700.0,54.82889606167644,54.82568427582637,54.97329143671767,54.97113076060061,8.815170815523743e-13
701.0,54.828368979957894,54.82516065197571,54.977544453916536,54.97494880351946,8.246070493100888e-12
702.0,54.82791862746192,54.82471373302409,54.9818127968133,54.978778434046646,1.9839685450051547e-12
703.0,54.827592169614206,54.82439068481415,54.98614460230709,54.98266797976712,2.0622392682412283e-12
704.0,54.8274011228994,54.82420302449096,54.99055274969815,54.98663050345021,2.73048250676311e-12
705.0,54.8272578970901,54.82406316254247,54.99495111469778,54.99058005594334,-2.3220071698748512e-12
706.0,54.82725979664718,54.82406840373271,54.99943775987807,54.99461486595463,3.665512338102417e-12
707.0,54.827492564075214,54.82430449137006,55.004099983730086,54.99882239287451,1.554312234475219e-14
708.0,54.827878932746444,54.82469416005807,55.00886278749448,55.00312779136285,-1.906697022491244e-12
709.0,54.82829880477795,54.82511731276243,55.013607728609514,55.00741276150799,-6.328271240363392e-13
710.0,54.82893077710398,54.8257525467068,55.01851409019208,55.01185672004991,-4.299671729768306e-12
711.0,54.82960003813199,54.826425051452205,55.02340920350495,55.01628712904102,-6.468159341466162e-12
712.0,54.83043962246435,54.82726786192329,55.02842683817634,55.020837878018654,6.80877576542116e-12
713.0,54.8313979684328,54.82822941742861,55.033517251049986,55.02545934093645,4.433786671143025e-12
714.0,54.83245388760173,54.829288530264556,55.03866066555116,55.030131850153865,3.1965541325007507e-12
715.0,54.83360261839056,54.83044043948647,55.04385356757456,55.03485199416297,-5.171862937913829e-12
716.0,54.83483951597983,54.83168050089402,55.04909252690598,55.039616439915406,8.713030297258229e-13
717.0,54.83605107855962,54.83289521326516,55.05426522397163,55.044312959822,3.2240876635114546e-12
718.0,54.83733937282107,54.83418664333944,55.05947399195085,55.04904397241682,2.4504842599526455e-12
719.0,54.838707240864345,54.835557633765994,55.06472276051806,55.0538134924847,-5.004885395010206e-12
720.0,54.840218201261486,54.83707170369388,55.070076162650935,55.05868623381783,1.2807532812075806e-12
721.0,54.84184560912478,54.838702209127234,55.075509185959106,55.06363726169047,-1.667110893777135e-12
722.0,54.84341944107107,54.84027912743301,55.080853234348545,55.06849805141836,-4.8476778147232835e-12
723.0,54.84505651154112,54.84191927299052,55.086225183351,55.07338554165913,3.2889246881495637e-12
724.0,54.84675296876699,54.843618794538166,55.09162217645544,55.078296940729516,3.4070524179696804e-12
725.0,54.84858157067478,54.845450450503016,55.0971179382343,55.083306034468634,-1.3038459201197838e-12
726.0,54.850397024621884,54.84726894908632,55.10256873136359,55.08826914510729,-2.490452288839151e-12
727.0,54.8522459293057,54.849120889133374,55.10802154853034,55.09323331659139,6.163958232718869e-13
728.0,54.85413994296031,54.85101792925381,55.11348881203412,55.098211022234025,3.5438318946034997e-12
729.0,54.8560757320678,54.85295673636379,55.118968045749824,55.1031998347773,-2.62545540863357e-12
730.0,54.8580500626706,54.854934076926114,55.124456847009824,55.10819739768786,8.57980353430321e-13
731.0,54.860059798961856,54.856946815540695,55.119846924088584,55.10309546278867,-2.618349981275969e-12
732.0,54.86210190185907,54.85899191351852,55.11531591444066,55.098104844682304,-3.778310997404333e-12
733.0,54.8641734275623,54.86106642744005,55.11085993509495,55.09322047429075,-1.9308998844280723e-12
734.0,54.86627152609833,54.8631675076996,55.10647522521275,55.08843745505123,1.3766765505351941e-12
735.0,54.86839343985204,54.86529239703699,55.102158144016265,55.08375105859213,-1.7763568394002505e-13
736.0,54.870536502086395,54.8674384290577,55.09790516871011,55.079156720503185,-1.8047785488306545e-12
737.0,54.87269813545202,54.8696030267428,55.09371289239716,55.07465003619672,2.588151915006165e-12
738.0,54.874928588061294,54.87183643852852,55.08963075956351,55.07027949443575,1.8189894035458565e-12
739.0,54.87723374697463,54.87414455204456,55.085663414421674,55.06604882543686,8.288481012641569e-12
740.0,54.879442963716684,54.87635671940144,55.08163891241826,55.06178521077972,2.682298827494378e-12
741.0,54.88164757811546,54.8785642801987,55.077648795109226,55.05757935117907,-6.538769525832322e-12
742.0,54.88385932230872,54.880778966781136,55.07370420890354,55.05344158691174,-2.7124968937641825e-12
743.0,54.88607612299152,54.88299870610631,55.069802397387384,55.04936838887155,-2.154720846192504e-12
744.0,54.88829598552858,54.88522150379089,55.065940705297095,55.04535636102055,8.066436407716537e-12
745.0,54.890516992429234,54.88744544258592,55.06211657644513,55.04140223689165,-2.0836665726164938e-12
746.0,54.89275758375643,54.88968896278774,55.05834783358621,55.03752315809705,-4.177991286269389e-12
747.0,54.89509052232638,54.89202482754065,55.054706466024825,55.03379046132051,-3.4212632726848824e-12
748.0,54.89741456471094,54.894351794088415,55.05108982528263,55.03010087514441,3.872457909892546e-13
749.0,54.899728186940195,54.89666833865056,55.04749586017001,55.02645175022315,1.4583889651476056e-12
750.0,54.902029934321384,54.89897300671464,55.04392260775909,55.022840549555845,7.705835969318287e-12
751.0,54.904318419862044,54.901264411459636,55.04036819128477,55.01926484531519,-9.041656312547275e-13
752.0,54.90659232270132,54.903541232187514,55.03683081806158,55.015722315740334,-1.4264145420384011e-12
753.0,54.908850386550476,54.90580221276396,55.03330877741739,55.012210742092485,-9.308109838457312e-13
754.0,54.91109141814338,54.90804616006905,55.02980043864474,55.00872800567213,9.50350909079134e-13
755.0,54.913314285697574,54.9102719424586,55.026304248970675,55.00527208489669,1.0018652574217413e-12
756.0,54.91551791738686,54.91247848823692,55.02281873154582,55.00184105243748,-5.252687174106541e-12
757.0,54.91770129982594,54.91466478414171,55.01934248345352,54.99843307241504,1.8829382497642655e-13
758.0,54.91986347656793,54.91682987384176,55.015874173739704,54.99504639765181,9.316991622654314e-12
759.0,54.922003546615315,54.91897285644808,55.0124125414642,54.99167936698114,-1.8633983245308627e-12
760.0,54.92402617797611,54.92099840006451,55.00886190880537,54.98823591763716,2.4282797994601424e-12
761.0,54.9260770465439,54.92305218022947,55.00536843202413,54.984861832423114,7.064571150294796e-12
762.0,54.92803569844933,54.925013743399326,55.00181090166777,54.981435544603556,-5.270450742500543e-12
763.0,54.9299738029039,54.92695475853998,54.99826126639425,54.97802865646616,-3.8475889141409425e-12
764.0,54.93189061406156,54.928874479894645,54.99471845830119,54.97463976700933,-4.39470682067622e-12
765.0,54.93378543322751,54.93077220885186,54.99118146891224,54.97126754703166,1.1439738045737613e-12
766.0,54.935712663507786,54.93270234859801,54.987704403435096,54.96796579284761,-1.5560885913146194e-12
767.0,54.93767524879218,54.934667843360856,54.98428944881894,54.964736395569155,6.5707439489415265e-12
768.0,54.93960930110294,54.93660480551333,54.98087193564452,54.96151440235637,-6.501466032204917e-13
769.0,54.94151439806773,54.93851281273106,54.97745120537254,54.959477327630324,1.9557688801796758e-12
770.0,54.94339015778593,54.94039148315634,54.974026650038745,54.95842829260682,-4.057199021190172e-12
771.0,54.94523623752472,54.94224047409443,54.9705977105828,54.957362029218764,7.229772336359019e-13
772.0,54.94696364276941,54.94397079106019,54.96707518553941,54.95618965928634,6.963318810448982e-13
773.0,54.948750811085404,54.945760871229574,54.96363806798661,54.95509010588972,5.190514684727532e-12
774.0,54.95039390456399,54.94740687713454,54.960081576096954,54.95385925751854,-4.303224443447107e-12
775.0,54.952011000138576,54.94902688518933,54.95652456873621,54.95926096414373,1.9468870959826745e-12
776.0,54.953601831230195,54.95062062884445,54.95423737121488,54.965740322202045,-9.308109838457312e-12
777.0,54.955166163324144,54.95218787361076,54.96092543166955,54.97216028711928,7.229772336359019e-13
778.0,54.95670379287853,54.953728415968115,54.96756188635413,54.978521043158764,-1.127098414599459e-12
779.0,54.958214546250765,54.95524208229206,54.97414673948459,54.98482279041833,-9.089617947211082e-12
780.0,54.95969827864235,54.95672872779869,54.98068001701125,54.99106574434808,3.9612757518625585e-13
781.0,54.96115487306202,54.95818823550807,54.987161765861146,54.99725013526676,4.292566302410705e-12
782.0,54.96258423930752,54.95962051522588,54.99359205319207,55.00337620787743,7.978506744166225e-12
783.0,54.9640871644473,54.961126354028536,55.00007181714013,55.00954507226766,-7.362999099314038e-13
784.0,54.96549774282295,54.9625398467339,55.00643614471637,55.015591980491465,-3.327116360196669e-12
785.0,54.966955355915324,54.964000374525526,55.01282402123255,55.02165607761086,3.6850522633358196e-12
786.0,54.968380981145344,54.9654289151742,55.01915718544299,55.02765925696077,2.446043367854145e-12
787.0,54.9697747487104,54.96682559885809,55.02543586834689,55.03360189859125,1.2922996006636822e-12
788.0,54.971136809539445,54.96819057648454,55.0316603169029,55.03948439417484,-8.393286066166183e-13
789.0,54.972467334337104,54.9695240187343,55.037830793312075,55.04530714647109,5.026201677083009e-12
790.0,54.97376651264974,54.970826115127636,55.04394757431565,55.05107056879772,2.3145929617385264e-12
791.0,54.97503455195323,54.972097073112366,55.0500109505078,55.056775084508715,9.052314453583676e-12
792.0,54.97626413942927,54.97332957983999,55.05601368833004,55.06241358914631,-5.88862292261183e-13
793.0,54.97735497494228,54.974423335105676,55.06185550044173,55.067885921038226,1.4210854715202004e-13
794.0,54.97847753404266,54.97554881392041,55.0677060338618,55.073361850684016,-4.433786671143025e-12
795.0,54.979630799702214,54.976704999503326,55.073564845476305,55.078841056417446,4.427569422205124e-12
796.0,54.980646808391704,54.9777239285671,55.07926453799298,55.08415625766431,3.912425938779052e-12
797.0,54.98174474207309,54.97882478253605,55.08502346553426,55.08952592205689,1.248778858098376e-12
798.0,54.98281316566847,54.979896126805386,55.09073116812597,55.09483970141083,1.0249578963339445e-12
799.0,54.983918510316265,54.98100439247363,55.09645413405692,55.10016419093657,1.2576606422953773e-12
800.0,54.98522442065006,54.98231322444358,55.102356610216155,55.10566374143262,-7.528200285378261e-12
801.0,54.986655745697924,54.983747472775995,55.10836540325693,55.11126525840035,6.554756737386924e-13
802.0,54.98851437814327,54.985609030855414,55.11478375928497,55.11727207898331,-3.801403636316536e-13
803.0,54.99096620432335,54.988063787133854,55.12178142111542,55.12385402976214,-3.68949315543432e-12
804.0,54.99381979205244,54.99092031234041,55.12917222035866,55.13082501208434,-3.957723038183758e-12
805.0,54.99729417075583,54.99439763797143,55.13717892578957,55.13840784767859,-5.410782932813163e-12
806.0,55.000991276228945,54.99809770293623,55.14540905161639,55.14621009116542,1.4743761767022079e-12
807.0,55.004933964967314,55.002043365044834,55.15388781192442,55.15425698027972,-1.6129320101754274e-12
808.0,55.00935910321859,55.00647149197956,55.16285463502226,55.162787960014185,2.1458390619955026e-12
809.0,55.01432406252508,55.01143945782932,55.172371418859676,55.17186493767063,-4.213518423057394e-12
810.0,55.01951034348849,55.01662876604384,55.18212470186559,55.18117444800723,-3.0411229090532288e-12
811.0,55.02506090572674,55.02218237765261,55.192259914788956,55.19086190342193,1.2967404927621828e-12
812.0,55.03109355027147,55.02821809577085,55.20289851543325,55.201048737711545,-9.237055564881302e-13
813.0,55.037446716840634,55.03457436277089,55.213883591991944,55.21157800604058,4.511946372076636e-13
814.0,55.044046497442714,55.04117727260366,55.22514460145245,55.22237911969678,-7.812417379682302e-12
815.0,55.050689036321785,55.04782297114051,55.23648047100661,55.23325095203788,-6.80699940858176e-12
816.0,55.05775565563854,55.054892781230095,55.24827365601115,55.2445758977022,7.887024366937112e-13
817.0,55.06517225262423,55.06231260255206,55.26045429186594,55.25628403298544,-3.936406756110955e-12
818.0,55.0728260593365,55.06996966930187,55.27291327506868,55.26826618477975,6.0396132539608516e-12
819.0,55.08059628391127,55.07774319125995,55.28553258262121,55.28040425168235,9.599432360118954e-12
820.0,55.088461707343605,55.08561195052247,55.29829279338402,55.292678728137304,-7.808864666003501e-12
821.0,55.09675551113259,55.09390912957523,55.31152871414209,55.30542433435912,-6.0538241086760536e-12
822.0,55.10529413226124,55.102451167935826,55.32506110905676,55.31846174986219,1.0444978215673473e-12
823.0,55.114148908188504,55.111309404771795,55.338964181606386,55.33186508207252,1.8545165403338615e-12
824.0,55.12295036117413,55.12011436441916,55.35287190777421,55.34526820701284,4.163780431554187e-12
825.0,55.13150899386551,55.12867654993225,55.36659526959145,55.35848199586669,4.142464149481384e-12
826.0,55.140307420784666,55.13747857531526,55.380615811207676,55.37198788214882,2.4940050025179517e-12
827.0,55.14931927161897,55.14649407193831,55.394909954791686,55.38576219139421,-2.4158453015843406e-12
828.0,55.15859782823878,55.15577632323753,55.40953357005267,55.3998606917602,2.7711166694643907e-13
829.0,55.168150636274675,55.16533287666097,55.42449722495585,55.41429384673185,3.0269120543380268e-12
830.0,55.1778153761091,55.17500141447174,55.43964169204981,55.42890231959177,1.4637180356658064e-12
831.0,55.18759105540558,55.184780945478316,55.4405736299798,55.42929265193303,2.913225216616411e-13
832.0,55.197441216785535,55.19463501344652,55.44151709086103,55.42973597426552,2.9345414986892138e-12
833.0,55.20727218343484,55.20446994255021,55.44237676918003,55.430135884709216,1.1866063687193673e-12
834.0,55.21711956707019,55.2143213450553,55.44318748913691,55.43052616080834,1.8545165403338615e-12
835.0,55.226848062532326,55.224053916524625,55.44381286426515,55.43076941659355,4.440892098500626e-12
836.0,55.236656508739465,55.23386649594033,55.44445186238791,55.43106366290589,4.483524662646232e-12
837.0,55.246420846291024,55.24363502488122,55.44497883203436,55.431282334879555,-1.1816325695690466e-11
838.0,55.256505614384196,55.253724042893076,55.4457578228828,55.43178860942892,1.7053025658242404e-12
839.0,55.26645596623817,55.26367870527861,55.44633032504273,55.43212315001453,-5.03774799653911e-12
840.0,55.276395920723104,55.27362303089491,55.4468206708524,55.43240949874269,1.9824142327706795e-12
841.0,55.28640837940055,55.28363992182668,55.447311021822976,55.43272906124717,3.289812866569264e-12
842.0,55.2964557587405,55.29369179544328,55.447762351996445,55.433042091270124,1.3642420526593924e-12
843.0,55.30611652668653,55.30335712048844,55.44775202889545,55.43292526969511,4.831690603168681e-13
844.0,55.31604368771186,55.313288900172644,55.44793563794719,55.43303351688973,-3.915090474038152e-12
845.0,55.32573192122768,55.32298181569878,55.4478048221976,55.43285784498268,-2.1742607714259066e-12
846.0,55.3352976614436,55.33255230073921,55.44747735633149,55.43251542134815,-2.6432189770275727e-12
847.0,55.34507333576229,55.342332782598476,55.44728603863019,55.4323384597158,-4.050093593832571e-12
848.0,55.354812872930985,55.35207719147879,55.44698232883991,55.43207786562764,-7.247535904753022e-13
849.0,55.36445404123497,55.361723296012336,55.44650365068469,55.431670533095485,5.258016244624741e-12
850.0,55.37415930890608,55.371433564445205,55.4460126853197,55.43127863427546,-1.6697754290362354e-12
851.0,55.38398251426295,55.38126183582214,55.44556211687726,55.43095436762683,2.4868995751603507e-13
852.0,55.3935974275918,55.39088188146873,55.44482411633272,55.430369442733195,2.2097879082139116e-12
853.0,55.40272844273326,55.40001809484147,55.44352427866523,55.42924900890706,1.5205614545266144e-12
854.0,55.411900548150186,55.409195462616914,55.44219117779019,55.431415258167824,4.405364961712621e-13
855.0,55.42116276325378,55.41846300475545,55.44087300038221,55.43503483552759,-6.423306331271306e-12
856.0,55.430453838393476,55.42775947238471,55.43950726405006,55.43863505314967,1.9113599591946695e-12
857.0,55.43954340843771,55.436854500925904,55.44122399065794,55.44914897623611,5.3930193644191604e-12
858.0,55.44851039808071,55.44582701455295,55.46100076146832,55.46863197595765,6.835421118012164e-12
859.0,55.45735087916785,55.454673084927286,55.48072624414392,55.48803986828738,3.907985046680551e-13
860.0,55.46608026682446,55.46340812695107,55.50041516280598,55.50738772632215,3.5456082514429e-12
861.0,55.47504446579234,55.472378045101564,55.520412834804105,55.52702120555245,8.100187187665142e-12
862.0,55.48379030377024,55.48112966847922,55.5402683777554,55.54648974787918,2.1174173525650986e-12
863.0,55.49240157201037,55.489746787675436,55.560064073866585,55.565875945628264,-1.1581846592889633e-12
864.0,55.50101854426077,55.49836967609262,55.5799393569989,55.58531953570408,-1.5347723092418164e-12
865.0,55.509252860878014,55.5066099744642,55.59950617133929,55.60443275631938,4.973799150320701e-14
866.0,55.51732095317641,55.51468411266728,55.61897800427828,55.62342938086344,3.140598892059643e-12
867.0,55.52568112335246,55.52305039226727,55.6388119722575,55.64276680940139,-4.369837824924616e-12
868.0,55.53375669210174,55.53113213552793,55.65843397964741,55.661871221424924,1.3500311979441904e-12
869.0,55.541640140925445,55.539021822920496,55.67793432545386,55.680833177394376,-1.3145040611561853e-12
870.0,55.54941730208852,55.546805286042115,55.697397390291464,55.69973731706424,7.58859641791787e-12
871.0,55.55708758794865,55.554481936945216,55.716821814815816,55.718582536053376,-6.671996288787341e-12
872.0,55.564650539211016,55.562051316011775,55.736206342058104,55.73736782672694,2.3234747459355276e-12
873.0,55.572105820212016,55.569513087237794,55.75554981412199,55.75609227527216,5.6488147492927965e-12
874.0,55.57955156501678,55.57696538430076,55.77494951966277,55.77485340950477,4.249045559845399e-12
875.0,55.586928572377424,55.58434900600196,55.794346191539525,55.793592196947706,4.426681243785424e-12
876.0,55.5941029365084,55.59153004637541,55.81360536159072,55.812174397513665,-2.3234747459355276e-12
877.0,55.601493652535844,55.59892749963135,55.8331443589038,55.83101756310812,-6.540545882671722e-12
878.0,55.60874635642865,55.60618700275667,55.85261051947097,55.84976925283761,2.355449169044732e-12
879.0,55.6156096965348,55.613057203644175,55.87175132720701,55.86817716126682,-9.166001291305292e-13
880.0,55.622263875145656,55.61971830295697,55.89074377628761,55.88641848947045,-3.9968028886505635e-12
881.0,55.62869748164189,55.62615888921205,55.88066053463727,55.87556611733127,-6.750155989720952e-13
882.0,55.63508678384684,55.632555229243756,55.870491163826095,55.86470462329733,-3.9186431877169525e-12
883.0,55.6411071732359,55.63858271439331,55.85991163329018,55.853507527657065,4.0039083160081645e-12
884.0,55.64705283595435,55.644535529156585,55.84921958284303,55.842270115597444,3.140598892059643e-12
885.0,55.65310278071026,55.6505926817823,55.838594912438104,55.831170019237106,-1.5099033134902129e-12
886.0,55.659427124802285,55.65692428981354,55.828207075659584,55.8203745153939,5.446310069601168e-12
887.0,55.665604819391405,55.66310930552269,55.817632882323245,55.80945832991886,-4.341416115494212e-12
888.0,55.67185171622986,55.669363579894494,55.80708971349219,55.7986368457462,3.4710012641880894e-12
889.0,55.67802646030672,55.67554575810751,55.79643588552068,55.78776645905333,4.206412995699793e-12
890.0,55.68380935905588,55.681336147282614,55.785352610349605,55.776526537617734,9.485745522397337e-13
891.0,55.68961755640132,55.68715188951664,55.774260707657156,55.76533612249878,6.647127293035737e-12
892.0,55.69540285907427,55.692944791479874,55.763112093176076,55.75414541494878,-1.3393730569077889e-12
893.0,55.70114415613714,55.69869374196894,55.75188618765617,55.74293218777861,2.8990143619012088e-12
894.0,55.70662666304781,55.70418395615043,55.74036892924096,55.73148079383605,2.7924329515371937e-12
895.0,55.711887992854024,55.709453045853365,55.72860049389694,55.72332328925988,-1.5702994460298214e-12
896.0,55.71717272181055,55.71474558617175,55.71751776641168,55.72126636859546,-6.142641950646066e-12
897.0,55.72216573866501,55.719746465810225,55.739595828542235,55.743143700491984,-1.9966250874858815e-12
898.0,55.72721940002407,55.724808039888316,55.7617592072072,55.765059068287975,-4.1602277178753866e-12
899.0,55.73189901804211,55.72949562067369,55.78357329617385,55.78657919264676,-1.1866063687193673e-12
900.0,55.736216054726526,55.73382066847283,55.805045990481574,55.807713246973925,6.792788553866558e-12
901.0,55.74031406106506,55.73792673255315,55.82631735658868,55.82860253891162,9.769962616701378e-13
902.0,55.74387360532037,55.74149438014291,55.84706566150289,55.84892654053647,-1.099564883588755e-12
903.0,55.746697634724704,55.74432655618216,55.86708889290433,55.86848440777592,2.2932766796657233e-12
904.0,55.74877258346365,55.74640969174128,55.88636688420821,55.88725711451967,2.568611989772762e-12
905.0,55.750129564880304,55.74777489695852,55.90492402358808,55.905270167300074,2.7786661860318418e-12
906.0,55.75079899012918,55.74845257987748,55.922784242313554,55.92254859485196,2.0548146517640475e-12
907.0,55.75081056550028,55.74847244377047,55.93997100833279,55.93911694182568,-5.88817883340198e-12
908.0,55.750193291048525,55.747863485766835,55.95650732096376,55.954999263619925,-3.468336728928989e-12
909.0,55.74900895331348,55.74668748956044,55.9724491995019,55.9702526151302,3.640643342350813e-12
910.0,55.747368921479485,55.745055821686286,55.98790274649497,55.98498411429714,6.3433702734982944e-12
911.0,55.7450769977066,55.74277228215561,56.002667399203936,55.99899419336272,5.151434834260726e-12
912.0,55.74220970626535,55.73991339227291,56.01681374323287,56.01235440892009,5.7980287238024175e-12
913.0,55.73884828349273,55.73656038567456,56.03041769423806,56.02514163072631,-5.4356519285647664e-12
914.0,55.73501752310045,55.73273805367611,56.04349938119077,56.03737692405295,5.4996007747831754e-12
915.0,55.73074153268317,55.72847050155953,56.0560784532228,56.0490808549561,2.6290081223123707e-13
916.0,55.72615413013992,55.72389154495734,56.06828447124143,56.06038388207082,5.3290705182007514e-14
917.0,55.72120458322879,55.71895044989717,56.08006351596954,56.071232966368086,-3.339550858072471e-13
918.0,55.71571906375442,55.71347338630994,56.091238185607686,56.081451564213594,6.007638830851647e-12
919.0,55.709878331499674,55.7076411113721,56.10198431393487,56.091216345193324,2.7320368189975852e-12
920.0,55.70370316671953,55.701474403420285,56.11231918306575,56.100545415272606,-4.863665026277886e-12
921.0,55.69721371002382,55.69499340122004,56.08226782898234,56.069464616270494,-2.27018404075352e-12
922.0,55.69042947183664,55.6882176134234,56.052057142489076,56.03833275456922,-2.0108359422010835e-12
923.0,55.68336934220764,55.681165928378576,56.02170926736995,56.007167762620504,5.080380560684716e-12
924.0,55.676119351666294,55.67392437496261,55.99131328982729,55.97605467714401,-5.044853423896711e-13
925.0,55.668610382850794,55.66642383450983,55.96080234846956,55.944922744563705,-4.810374321095878e-12
926.0,55.66095778900172,55.65877965866905,55.93029464272941,55.913886421586824,-6.671996288787341e-12
927.0,55.65311203382398,55.65094231000353,55.89974242835137,55.882894366902235,9.805489753489383e-13
928.0,55.645069323369846,55.64290799324673,55.86914411547437,55.851941532312175,2.1529444893531036e-12
929.0,55.63684522694339,55.634692276371254,55.838517483838224,55.82104237163567,9.301004411099711e-12
930.0,55.62845476649003,55.6263101800504,55.80787960194869,55.79021075462964,7.112532784958603e-12
931.0,55.61991242782316,55.61777618888307,55.777246843906106,55.75945997884714,-2.7498003873915877e-12
932.0,55.61107989976596,55.60895199057343,55.746482634045556,55.728650509535385,3.382183422218077e-12
933.0,55.602129770966535,55.6000101721102,55.71576247102676,55.69795499463775,2.0676793610618915e-12
934.0,55.59316539215822,55.59105408317189,55.685191096439524,55.66747543371468,-2.3021584638627246e-12
935.0,55.584042692477645,55.581939652255926,55.65462491464334,55.63706559624417,-1.7195134205394424e-12
936.0,55.57495756203729,55.57286276828156,55.624261501966586,55.60692052204052,-6.110667527536862e-12
937.0,55.565647973365884,55.563561403352445,55.593838818736934,55.58465747482269,3.986144747614162e-12
938.0,55.55628013398448,55.554201763606,55.5635252660527,55.56439163563779,2.3803181647963356e-12
939.0,55.54686447113477,55.54479427549175,55.56039692813234,55.5725944442671,2.1174173525650986e-12
940.0,55.53741098027377,55.53534893371805,55.57155221755075,55.58332320263649,3.353761712787673e-12
941.0,55.52792923617189,55.5258753123487,55.5825099207113,55.593803638556324,-2.7355895326763857e-12
942.0,55.518476359594125,55.51643053147269,55.59332671887634,55.6040944449134,-9.443112958251731e-12
943.0,55.50911531794413,55.507077558012,55.60406563838839,55.614260583119254,5.300648808770347e-12
944.0,55.499745540558756,55.497715821069406,55.614626712028006,55.62420394625813,-3.183231456205249e-12
945.0,55.49037521334129,55.4883535059786,55.6250179172043,55.63393430142528,-5.4143356464919634e-12
946.0,55.48098549885409,55.47897177477332,55.63522029569605,55.64343441327738,-1.3429257705865894e-12
947.0,55.47148608917535,55.469480318965644,55.645143283779,55.652615377146006,4.249045559845399e-12
948.0,55.46201531942966,55.460017472792366,55.654924241058055,55.66161615177931,9.094947017729282e-13
949.0,55.452579772438206,55.450589818658536,55.66456992141338,55.670445032380805,-2.0961010704922955e-12
950.0,55.443185704270206,55.44120361224783,55.674086823855156,55.6791100020609,1.4566126083082054e-12
951.0,55.43383905395073,55.431864792229305,55.68348119888302,55.687618740443234,3.574029960873304e-12
952.0,55.42454545299952,55.422578989795014,55.69275905478092,55.69597863211614,3.574029960873304e-12
953.0,55.41531023479829,55.41335153802637,55.70192616384295,55.704196774928505,-4.213518423057394e-12
954.0,55.40613844378479,55.40418748108702,55.7109880685263,55.71227998812953,-2.7498003873915877e-12
955.0,55.39703484447168,55.395091583240834,55.71995008752782,55.720234820352076,-2.4087398742267396e-12
956.0,55.38800393028945,55.38606833769368,55.728817321780994,55.728067557439594,3.40349970429088e-12
957.0,55.379132146350976,55.377204189345136,55.7376768744691,55.73586644420351,1.0658141036401503e-12
958.0,55.370407629168064,55.368487274782545,55.74651823632704,55.74362207167334,2.3518964553659316e-12
959.0,55.36176101977993,55.359848235102696,55.75527332382054,55.75126741487894,-3.161915174132446e-12
960.0,55.35319599499488,55.35129074696035,55.763946560051295,55.75880791530429,-2.3021584638627246e-12
961.0,55.34465508133152,55.34275733674858,55.73104798610744,55.72475459576421,1.6839862837514374e-12
962.0,55.33611378995419,55.33422351533702,55.69837772446605,55.69104437854249,1.9326762412674725e-12
963.0,55.327670483378256,55.32578764486518,55.66603356533586,55.65777025161247,-2.7569058147491887e-12
964.0,55.319480040336465,55.31760460398552,55.634168915779775,55.625081023608686,-1.9113599591946695e-12
965.0,55.311385803253664,55.3095177355504,55.60262424576409,55.59281276511554,-1.4708234630234074e-12
966.0,55.30339017403164,55.30152944141563,55.57140047498373,55.560962186946476,1.9113599591946695e-12
967.0,55.295390292016,55.293536860907714,55.540393228965264,55.52942088503349,-2.3447910280083306e-12
968.0,55.28745075796383,55.28560459445123,55.509666496048986,55.49824898757578,-1.8474111129762605e-12
969.0,55.27962260129777,55.27778367133421,55.47927011312518,55.467492632949124,-4.121147867408581e-13
970.0,55.27190732985716,55.270075599423265,55.449203938001574,55.437148136699264,-2.6716406864579767e-12
971.0,55.264390028181026,55.2625654632889,55.41955138368297,55.40729551948453,-1.1084466677857563e-12
972.0,55.256936463027294,55.255119029996294,55.39017579623671,55.37779487997805,-2.8279600883251987e-12
973.0,55.249562104432094,55.24775176949542,55.36109138311781,55.34865731488889,3.296918293926865e-12
974.0,55.242457534690686,55.240654264031456,55.332487323192645,55.32006902191466,2.7817748105007922e-12
975.0,55.235464477263925,55.23366823759916,55.30420228933232,55.29186582058497,-2.021494083237485e-12
976.0,55.22858375085059,55.22679450897472,55.27623540148725,55.26404409811673,-7.389644451905042e-12
977.0,55.221816046304305,55.22003376909847,55.24858563931813,55.24183128040787,7.968736781549524e-12
978.0,55.21516193182739,55.213386586268356,55.22125184890042,55.22443421567202,-2.1316282072803006e-12
979.0,55.20862185802534,55.20685341119381,55.223010975081486,55.23087553142401,2.8563817977556027e-12
980.0,55.20219616282418,55.20043458191272,55.23686539525539,55.244370309277045,5.901057420487632e-12
981.0,55.195885076253234,55.19413032857367,55.25063726022316,55.257731185311684,4.767741756950272e-12
982.0,55.18968872509555,55.187940778086045,55.264328448795574,55.270962158611546,-1.2789769243681803e-13
983.0,55.18345487043629,55.18171369167776,55.277788478401675,55.283914779891916,5.6630256040079985e-12
984.0,55.177342471031814,55.175608027812515,55.29117680185735,55.29675045355654,3.467448550509289e-12
985.0,55.17135119120764,55.16962345097569,55.3044948962439,55.30947253100945,1.6200374375330284e-12
986.0,55.1654806120589,55.16375954242741,55.31774415513261,55.322084203757704,6.107114813858061e-12
987.0,55.159730235496795,55.158015804248656,55.33092589165277,55.33458850981528,-3.979039320256561e-12
988.0,55.1540994881739,55.15239166326619,55.34404134148681,55.34698833988374,-6.352252057695296e-12
989.0,55.148587725290774,55.14688647485883,55.35709166579321,55.359286443317345,8.881784197001252e-14
990.0,55.14319423428652,55.14149952664777,55.37007795405821,55.371485433880075,2.3803181647963356e-13
991.0,55.13791823841577,55.13623004207318,55.38300122687707,55.38358779530142,-1.2647660696529783e-12
992.0,55.13275890021461,55.13107718385984,55.39586243866595,55.39559588663805,-3.197442310920451e-12
993.0,55.12771532485791,55.12604005737425,55.408662480305246,55.4075119474477,1.2150280781497713e-12
994.0,55.12278656341042,55.12111771387542,55.42140218171531,55.41933810278188,1.929123527588672e-12
995.0,55.11797161597423,55.116309153661994,55.43408231436562,55.43107636800325,-6.650680006714538e-12
996.0,55.11326943473458,55.111613329118065,55.446703593718276,55.44272865343381,-3.389288849575678e-12
997.0,55.10880987088101,55.10716009162898,55.45939762558086,55.45442771280873,-2.0037305148434825e-12
998.0,55.10432411250098,55.102680629837515,55.47189837761616,55.46590861786064,-6.895817250551772e-12
999.0,55.09986111642385,55.09822390042069,55.48425547086976,55.477222045376685,-2.19912976717751e-12
1000.0,55.095444829744764,55.09381385045202,55.49649389838421,55.488394006501366,4.0536463075113716e-12
1001.0,55.090990131164595,55.08936535867925,55.46854957806535,55.459361399942665,-4.725109192804666e-12
1002.0,55.08646970387289,55.08485110812025,55.44076741819262,55.43060116648097,5.666578317686799e-12
1003.0,55.08182489648751,55.08021244715364,55.41308799607773,55.40204925011703,-1.623590151211829e-12
1004.0,55.076946065548434,55.07533973193265,55.38540142873319,55.37359132950282,-8.338219004144776e-12
1005.0,55.071587574694284,55.069987325432635,55.35746282643099,55.34497825969744,-9.130474154517287e-13
1006.0,55.06600465943225,55.06441046185957,55.32953036634244,55.316464131074355,-1.4210854715202004e-14
1007.0,55.060382534305994,55.05879435510152,55.301789937836325,55.2882309093783,2.7498003873915877e-12
1008.0,55.05466429962073,55.0530821052811,55.274183679461856,55.260216972476684,2.3376856006507296e-12
1009.0,55.04885750697019,55.04728126366727,55.24671868659258,55.23242581132594,-4.973799150320701e-14
1010.0,55.04289653767014,55.041326211272654,55.219328821829684,55.20478783304421,1.5916157281026244e-12
1011.0,55.03649329036501,55.034928846278795,55.191726043078056,55.1770116808647,1.5987211554602254e-12
1012.0,55.03002760402782,55.02846900647046,55.16429276281087,55.149476579826995,-1.7763568394002505e-12
1013.0,55.02354807510289,55.02199528804734,55.1370768580114,55.122227348342356,-3.3715252811816754e-12
1014.0,55.01708463978223,55.01553762707948,55.11010712935343,55.09528985505149,7.407408020299044e-12
1015.0,55.01055089252849,55.009009617984724,55.08329578223533,55.06857349519783,3.9399594697897555e-12
1016.0,55.00363291698857,55.002097344156596,55.05632825706387,55.04176101358294,-3.517186542012496e-13
1017.0,54.99671409085017,54.995184182261596,55.02958997638411,55.018467652359924,-5.375255796025158e-12
1018.0,54.98991541798202,54.988391136080075,55.003200730022904,55.00150028068179,-4.135358722123783e-12
1019.0,54.982978912122036,54.98146021955748,54.989057532382645,54.99978733435322,2.7142732506035827e-12
1020.0,54.97611084439516,54.97459770340814,55.001326798692375,55.011697337979605,-2.1813661987835076e-12
1021.0,54.96901787511313,54.96751024802825,55.0131463512632,55.0231094502881,-1.1901590823981678e-12
1022.0,54.961792420918556,54.96029026944649,55.02460792233214,55.03411751394527,1.0018652574217413e-12
1023.0,54.95465756653008,54.95316085198999,55.035934677834575,55.04494672460844,-2.8848035071860068e-12
1024.0,54.947408262033115,54.94591694588039,55.04692350113334,55.055395913973456,-2.248867758680717e-12
1025.0,54.94041783044933,54.93893187380068,55.05794794118899,55.065840501942766,-2.3732127374387346e-12
1026.0,54.933294645488765,54.93181400999481,55.068619679212105,55.0758939641899,-3.481659405224491e-12
1027.0,54.92617411392842,54.92469876086484,55.07907419721736,55.08569350425538,-1.3464784842653899e-12
1028.0,54.91906218585387,54.917592076437856,55.089318625121955,55.095247907291856,-7.602807272633072e-13
1029.0,54.91211093688054,54.91064603229071,55.099506260555344,55.104712060895466,-1.7976731214730535e-12
1030.0,54.905138450786126,54.903678712511876,55.10945764370847,55.11390803141269,5.272227099339943e-12
1031.0,54.89800862933506,54.89655401875831,55.11903764840796,55.12270215682066,-1.4281908988778014e-12
1032.0,54.89092860238344,54.88947908047464,55.12845326576832,55.1313028367847,2.405187160547939e-12
1033.0,54.883934219713886,54.882489747505666,55.13774187063867,55.13974880283068,1.91491267287347e-12
1034.0,54.87697892848687,54.87553946715671,55.14685871733126,55.147996612456744,1.0871303857129533e-12
1035.0,54.87006695524703,54.86863246601524,55.15580945964924,55.15605317086721,1.1404210908949608e-12
1036.0,54.863202308495964,54.86177275263783,55.16459956002947,55.16392514327505,5.126565838509123e-12
1037.0,54.8563887852735,54.854964124130916,55.17323429421578,55.17161896156717,1.2931877790833823e-12
1038.0,54.849629977608295,54.84821017260074,55.181718755872275,55.179140830824906,-1.3002932064409833e-12
1039.0,54.84307370352071,54.841658716162286,55.19020228581808,55.18664116039107,-9.158895863947691e-12
1040.0,54.83646122057464,54.835051012791936,55.19842882530002,55.19386491969194,5.289990667733946e-12
1041.0,54.82973466092553,54.82832919448888,55.17107112516813,55.165485843314535,-1.0977885267493548e-12
1042.0,54.823199038323686,54.82179827473559,55.144165534749916,55.13765687400089,-8.277822871605167e-13
1043.0,54.81675671052681,54.81536061168367,55.11761109687536,55.110272758474956,-5.279332526697544e-12
1044.0,54.81024780980098,54.808856337776206,55.09124551335107,55.083167092264475,2.305711177541525e-12
1045.0,54.803819928868045,54.80243304557614,55.0652153836585,55.05648254556266,1.936228954946273e-12
1046.0,54.79747506790608,54.79609273542159,55.03952041731,55.030215066406626,3.701927653310122e-12
1047.0,54.791215076904585,54.78983725746897,55.01416016801049,55.00436060998799,-1.0089706847793423e-12
1048.0,54.785154318000956,54.7837809740358,54.98924669742728,54.9790277950955,-4.924061158817494e-12
1049.0,54.77896738395189,54.777598478285235,54.96445130457382,54.95388462832016,1.957545237019076e-12
1050.0,54.773047197817526,54.771682693021305,54.940166480368916,54.929320448009484,-4.0607517348689726e-12
1051.0,54.76728057989953,54.76592043911273,54.91627519772186,54.905215210354356,1.0977885267493548e-12
1052.0,54.76173676504933,54.760380951749184,54.89284383817858,54.88163241299035,8.029132914089132e-13
1053.0,54.75599549315236,54.75464397127446,54.86944869890077,54.85814559580581,-1.1475265182525618e-12
1054.0,54.75034879995108,54.74900153303489,54.846382016129475,54.83504435192291,-3.716138508025324e-12
1055.0,54.744797503764914,54.74345445555948,54.8236423103064,54.81232466833601,6.863842827442568e-12
1056.0,54.73934231504606,54.7380034495139,54.80122799917148,54.789982537222514,-3.8049563499953365e-12
1057.0,54.734124752860374,54.732790034191474,54.77927831517391,54.76815486855094,-1.4246381851990009e-12
1058.0,54.728962291761576,54.727631684653204,54.757607250461426,54.74913724246255,4.263256414560601e-14
1059.0,54.72378828779399,54.72246175707558,54.736146240529656,54.73547899368792,4.391154106997419e-12
1060.0,54.718808627121604,54.71748613763574,54.722517426555775,54.730352583337755,3.1796787425264483e-12
1061.0,54.71384117070327,54.71252268771057,54.733399533024865,54.740942644271655,3.446132268436486e-13
1062.0,54.70895778450542,54.70764327332436,54.74415004543393,54.751361418250994,2.1458390619955026e-12
1063.0,54.70417315694903,54.70286258310273,54.75478576505682,54.761627500880714,3.5988989566249074e-12
1064.0,54.699487271350364,54.69818060059772,54.765308898838434,54.771744818627944,-4.035882739117369e-12
1065.0,54.69490003670628,54.69359723504376,54.77572156740613,54.78171713992092,3.339550858072471e-13
1066.0,54.69041129094543,54.689112324608594,54.78602580775489,54.79154808099526,4.938272013532696e-13
1067.0,54.68602080408808,54.68472563955297,54.796223575874556,54.801241111538374,-2.1316282072803006e-14
1068.0,54.681728281316616,54.68043688530095,54.806316749319926,54.8107995601392,1.3038459201197838e-12
1069.0,54.6776193459404,54.67633168541214,54.81639310970608,54.82031259953989,7.354117315117037e-12
1070.0,54.67365647068067,54.67237251302511,54.82641798195066,54.829746887938605,-2.1458390619955026e-12
1071.0,54.66951466126045,54.66823437418026,54.836068907075465,54.83878124295718,-5.542233338928781e-13
1072.0,54.665606203433306,54.66432955435239,54.84575803327173,54.84782903738336,2.1671553440683056e-12
1073.0,54.66179345733989,54.66052041419128,54.855350931155826,54.8567570215111,-2.1671553440683056e-13
1074.0,54.657980084099684,54.65671061505304,54.8647533442536,54.86547206758852,-3.0304647680168273e-12
1075.0,54.65422337874381,54.6529574520255,54.87402385559852,54.87403384163703,5.277556169858144e-12
1076.0,54.65080669391,54.64954427794021,54.88344755559308,54.88272847541053,-4.1531222905177856e-12
1077.0,54.647284753719646,54.64602581761577,54.89258318530729,54.89111571040609,2.3661073100811336e-12
1078.0,54.64402526738247,54.64276978014635,54.901798877561156,54.89956463300734,-1.163513729807164e-12
1079.0,54.64070371938663,54.639451650573584,54.91077348048224,54.907755012314965,-3.1796787425264483e-13
1080.0,54.63727837374159,54.636029692842236,54.91946601291844,54.915646745914685,-9.414691248821327e-13
1081.0,54.634197680080085,54.63295235648358,54.90015541484218,54.8955196206148,3.666400516522117e-12
1082.0,54.63115385929303,54.629911863103096,54.88109759695471,54.875722733050324,-1.0125233984581428e-13
1083.0,54.62828030328202,54.62704160475541,54.86242399750304,54.85638412861104,-4.5705661477768444e-12
1084.0,54.625492861095665,54.624257430884754,54.84404734976336,54.83741329548336,-2.0161650127192843e-12
1085.0,54.62266294533986,54.62143075432435,54.82583670451793,54.818676182552686,-4.224176564093796e-12
1086.0,54.62001281154241,54.618783830612486,54.80801310087118,54.80039086051303,5.723421736547607e-12
1087.0,54.617349081853924,54.61612328230327,54.790380016071275,54.78235796573917,-2.8705926524708048e-12
1088.0,54.61477306091396,54.613550414093496,54.77303731139316,54.764674642177816,3.4852121189032914e-12
1089.0,54.61253201585609,54.611312493386414,54.75622994596046,54.74758324749766,-3.3431035717512714e-12
1090.0,54.61023388922448,54.60901746341292,54.739561418775466,54.73068479498442,-5.24735810358834e-12
1091.0,54.60789845728262,54.60668510040872,54.72305046620095,54.71399564433593,-3.4141578453272814e-12
1092.0,54.60564611622373,54.60443580058628,54.70681629366346,54.69763272265881,1.1599610161283636e-12
1093.0,54.60337087513787,54.602163573262644,54.690750700159846,54.68148564660046,-1.5560885913146194e-12
1094.0,54.60128460882343,54.600080293292876,54.67506427614319,54.665762916146114,2.1671553440683056e-13
1095.0,54.59941213360181,54.5982107774424,54.65977875369524,54.65048426232477,1.5898393712632242e-13
1096.0,54.597611686274035,54.59641326298917,54.64474908164392,54.63550272160338,4.702904732312163e-12
1097.0,54.59588210496347,54.59468658827997,54.629972027989936,54.620813232637104,4.9960036108132044e-12
1098.0,54.594222222161626,54.59302958602807,54.61544437874434,54.60856383367,-6.228795257356978e-12
1099.0,54.59264019677326,54.59145041535932,54.60117226988058,54.600390084745996,2.5366375666635577e-12
1100.0,54.591286921591056,54.590099969318956,54.59526932848059,54.60157207652666,1.3171685964152857e-12
1101.0,54.5901541274261,54.58896997924084,54.60647875063469,54.612558601656204,4.259703700881801e-12
1102.0,54.58913861515301,54.58795724650016,54.61763645848611,54.62346197278276,4.661604435796107e-12
1103.0,54.58829374245181,54.58711512910295,54.62879820213081,54.63433934497804,1.7577050925865478e-12
1104.0,54.5878032466212,54.5866273647902,54.64015054879991,54.6453786299503,2.280509114882534e-12
1105.0,54.58766224627334,54.586489072944346,54.6516929788418,54.656580592156494,-3.170352869119597e-12
1106.0,54.58793291131059,54.58676242424241,54.66349198522523,54.66801294774742,6.532996366104271e-12
1107.0,54.58857821114469,54.587410388982846,54.675515381082114,54.67964467432483,-1.2079226507921703e-13
1108.0,54.589525773202496,54.588360595413675,54.68769533497943,54.69140904781944,3.842259843622742e-12
1109.0,54.59076246063349,54.58959990738367,54.70002265400245,54.70329792911967,-1.503686064552312e-12
1110.0,54.59227545349622,54.59111550563148,54.71248835335464,54.715303337382565,-2.525091247207456e-12
1111.0,54.5940522445921,54.59289488361965,54.72508365450664,54.72741745060193,-3.375077994860476e-13
1112.0,54.59608063533164,54.59492584340129,54.73779998333446,54.73963260604791,-2.419398015263141e-12
1113.0,54.59834873162964,54.59719649151559,54.750628968244634,54.75194130058179,3.5136338283336954e-12
1114.0,54.60084493982583,54.59969523490868,54.763562438284474,54.76433619084972,-2.5366375666635577e-12
1115.0,54.60355796262757,54.60241077687683,54.776592421235605,54.776810093358826,4.595435143528448e-12
1116.0,54.60647679507201,54.60533211302884,54.78971114168927,54.78935598443929,5.098144129078719e-13
1117.0,54.6095907205051,54.60844852726532,54.80291101910201,54.80196700009566,-1.319833131674386e-12
1118.0,54.612889306574864,54.61174958777235,54.81618466583064,54.814636435750884,2.8954616482224083e-13
1119.0,54.61636240123721,54.61522514302769,54.82952488514538,54.82735774588626,-3.2933655802480644e-12
1120.0,54.62000012877223,54.61886531781717,54.842924669220494,54.84012454358055,-3.950617610826157e-12
1121.0,54.623792885809515,54.62266050926049,54.856377197101644,54.85293059995145,-5.183409257369931e-12
1122.0,54.62773133736104,54.626601382844385,54.86987583264955,54.865769843502584,-6.039613253960852e-13
1123.0,54.631806412860506,54.63067886846219,54.88341412245956,54.87863635937911,4.405364961712621e-12
1124.0,54.63600930220827,54.634884156459165,54.89698579375699,54.89152438853499,1.0409451078885468e-12
1125.0,54.64024372201234,54.63912096386563,54.91049702245948,54.90434059699841,-6.401990049198503e-12
1126.0,54.64454758236523,54.64342720103709,54.923987397526034,54.91712504052486,6.409095476556104e-12
1127.0,54.64909272891291,54.64797471396137,54.93763073391667,54.93005198204953,3.4781066915456904e-12
1128.0,54.65369222214002,54.652576563740105,54.951243425010546,54.94293824567137,-3.126388037344441e-13
1129.0,54.65828836958218,54.657175058207564,54.964769618827454,54.95572838519499,1.566746732351021e-12
1130.0,54.663067711578464,54.66195673791934,54.97839722490051,54.968610697794446,2.319922032256727e-12
1131.0,54.66795649360711,54.66684784887748,54.97009598315573,54.95955529864247,8.881784197001252e-14
1132.0,54.67288918167487,54.671782857485006,54.96194826562364,54.95071691652248,-2.2168933355715126e-12
1133.0,54.67782150932201,54.676717497565065,54.95390768280826,54.94204667259762,1.922018100231071e-12
1134.0,54.68289245614243,54.68179074893037,54.94611150251336,54.93367945327882,-3.7196912217041245e-12
1135.0,54.68800988621757,54.6869104761058,54.93846466105005,54.92551791876828,-4.014566457044566e-12
1136.0,54.69316781221918,54.69207069205282,54.930959071461736,54.91755180640804,-5.542233338928781e-13
1137.0,54.698360456432574,54.69726561933531,54.92358692558299,54.90977122711802,-1.8118839761882555e-12
1138.0,54.7035822468599,54.70248968622309,54.91634068830599,54.90216665526103,-2.2097879082139116e-12
1139.0,54.708827813332675,54.707737522804756,54.90921309188836,54.89472891875723,2.0747847884194925e-12
1140.0,54.71409198363451,54.71300395711067,54.90219713030292,54.887449189438605,1.3784529073745944e-12
1141.0,54.71935648530796,54.71827071691907,54.895272759303204,54.880305679306616,1.9255708139098715e-12
1142.0,54.724552623605604,54.72346910768188,54.888369688941246,54.87322642909963,2.1316282072803006e-14
1143.0,54.72977739609016,54.728696127051855,54.881583938670666,54.866305858325056,-5.4924953474255744e-12
1144.0,54.73504138939051,54.73396236190666,54.87492429369173,54.85955122050664,2.0889956431346945e-12
1145.0,54.7402085186607,54.739131727656876,54.868252791216634,54.85282308719166,-6.252776074688882e-13
1146.0,54.74547663929931,54.744402079744,54.86176660313,54.84631722440299,-4.686029342337861e-12
1147.0,54.75067521939269,54.74960288661039,54.85529282482584,54.83985938309982,-3.446132268436486e-13
1148.0,54.7558614188083,54.7547913082019,54.848887726049014,54.833504543946496,-2.4442670110147446e-12
1149.0,54.76097841785984,54.75991052499855,54.842493125064344,54.82719328975774,7.425171588693047e-13
1150.0,54.766082083086054,54.76501640361325,54.83616403148147,54.82097944479001,2.405187160547939e-12
1151.0,54.77129246173313,54.77022899146198,54.83001917640368,54.81498060382731,-5.336175945558352e-12
1152.0,54.77647270752877,54.77541144263014,54.82391938649213,54.809056507185645,4.0820680169417756e-12
1153.0,54.78161988110978,54.780560817888386,54.817860573082214,54.80462611859635,5.95790083934844e-12
1154.0,54.786731188855136,54.78567432374236,54.81183883541356,54.80383202209673,6.391331908162101e-12
1155.0,54.79180397929091,54.79074930883801,54.80585045570176,54.8030236156727,-1.1475265182525618e-12
1156.0,54.79683573952574,54.79578326039715,54.79989189426834,54.80555814321517,-8.483880264975596e-12
1157.0,54.8018240917179,54.80077380068475,54.80968839905116,54.821162044412944,-5.4427573559223674e-12
1158.0,54.80676678957502,54.80571868350894,54.825482650242186,54.83662734654243,2.5792701308091637e-12
1159.0,54.811661714888,54.810615790755,54.84116113627376,54.85195366146279,1.4743761767022079e-12
1160.0,54.81650687409982,54.81546312895448,54.85672274478976,54.86714065902816,1.98596694644948e-12
1161.0,54.82130039491068,54.82025882589039,54.87216645128675,54.88218806631883,5.066169705969514e-12
1162.0,54.826040522920174,54.82500112723977,54.88749131690018,54.89709566681526,-4.330757974457811e-12
1163.0,54.83072561830795,54.82968839325436,54.90269648620262,54.91186329951946,-6.490807891168515e-12
1164.0,54.8353541525535,54.834319095480566,54.91778118501554,54.926490858028004,-3.7836400679225335e-12
1165.0,54.83992470519605,54.83889181351968,54.93274471823565,54.9409782895607,3.701927653310122e-12
1166.0,54.8444359606356,54.84340523182897,54.947586467677006,54.95532559394891,-2.05702122002549e-12
1167.0,54.848886704975875,54.84785813656481,54.96230588993008,54.969532822587226,1.9824142327706795e-12
1168.0,54.85315553615593,54.85212912571033,54.97678222748477,54.983479790593826,4.291678123991005e-12
1169.0,54.857370105093786,54.8563458500347,54.99114275684994,54.99729432723623,2.3803181647963356e-13
1170.0,54.861642873540546,54.86062077134362,55.00550059534748,55.01109008402256,2.533084852984757e-12
1171.0,54.865851004888526,54.86483105325764,55.019734472780414,55.02474630429801,-5.123013124830322e-12
1172.0,54.86999374932801,54.86897594599907,55.03384418875554,55.03826328071674,5.350386800273554e-12
1173.0,54.87407044085767,54.87305478359499,55.047829605330534,55.05164135075028,3.673505943879718e-12
1174.0,54.87808049443483,54.877066981027625,55.061690645014714,55.064880895469116,7.887024366937112e-12
1175.0,54.882023403172774,54.88101203143181,55.07542728879419,55.077982338312225,2.5792701308091637e-12
1176.0,54.885898735585805,54.88488950334018,55.08903957418225,55.090946143846956,-8.490985692333197e-13
1177.0,54.889706132882196,54.88869903797629,55.10252759329566,55.103772816521655,4.572342504616245e-12
1178.0,54.8934453063056,54.892440346596096,55.11589149095749,55.116462899413136,-2.177813485104707e-12
1179.0,54.89711603452503,54.896113207878116,55.129131462827154,55.129016972971186,-1.1457501614131615e-12
1180.0,54.90071816107371,54.89971746536239,55.142247753558195,55.141435653762045,1.659117287999834e-12
1181.0,54.9042515918371,54.90325302493867,55.15524065498433,55.15371959321271,-2.0463630789890885e-12
1182.0,54.907716292590095,54.906719852383674,55.16811050433431,55.165869476357884,2.433608869978343e-12
1183.0,54.91111228658365,54.91011797094785,55.180857682475924,55.17788602059115,2.7640112421067897e-12
1184.0,54.91443965218078,54.91344745899153,55.19348261218975,55.18976997442212,2.438937940496544e-12
1185.0,54.917698520542096,54.91670844767052,55.205985756472764,55.201522116240774,-9.512390874988341e-12
1186.0,54.92088907336077,54.91990111867123,55.21836761687242,55.21314325309066,-3.2809310823722626e-12
1187.0,54.92401154064694,54.923025701995144,55.23062873185123,55.22463421945202,-6.821210263296962e-13
1188.0,54.9270661985614,54.9260824737926,55.24276967518231,55.23599587603626,-4.121147867408581e-12
1189.0,54.93005336729854,54.92907175424589,55.25479105437595,55.247229108592705,1.5827339439056232e-12
1190.0,54.932973409018324,54.93199390550128,55.26669350913752,55.25833482672886,9.343636975245317e-13
1191.0,54.93582672582709,54.93484932964991,55.255897979316764,55.246734232205114,-4.140687792641984e-12
1192.0,54.93860511648785,54.93762982543812,55.24511054130541,55.23520769146197,-7.780442956573097e-12
1193.0,54.94123100277295,54.94025781460584,55.234253250460725,55.22367478265036,3.234745804547856e-12
1194.0,54.943891331117534,54.94292024343663,55.22351339436191,55.21232041689335,-2.8101965199311962e-12
1195.0,54.94648680251105,54.94551781305099,55.212790366996366,55.20104171014492,-2.007283228522283e-13
1196.0,54.94901799085576,54.94805109732988,55.20208432638327,55.18983663727679,5.128342195348523e-12
1197.0,54.951485498951946,54.95052069905123,55.1913954676229,55.17870329963381,-4.259703700881801e-12
1198.0,54.95388995680963,54.95292724820179,55.180724020742204,55.167639918944694,-5.085709631202917e-12
1199.0,54.95623202000653,54.955271400335164,55.170070248604816,55.156644831474274,2.5490720645393594e-12
1200.0,54.95851236809174,54.9575538349756,55.159434444884376,55.145716482408346,2.5490720645393594e-12
