time_s,current_A,preview_current_A,fan_duty,direction,hotspot_C,gradient_C,objective,true_T1_C,estimated_T1_C,true_T2_C,estimated_T2_C,true_T3_C,estimated_T3_C,true_T4_C,estimated_T4_C,true_T5_C,estimated_T5_C
0.0,7.902700186219738,7.902700186219738,0.08451748471013175,-1,56.344319167389415,2.01214223764093,,54.332176929748485,54.582176929748485,54.774501300954036,54.916181913229906,55.21682567215959,55.21682567215959,55.7805724197745,55.6555724197745,56.344319167389415,56.13880064787382
1.0,8.883205307262571,8.883205307262571,0.09333369592999727,-1,56.30265282380741,1.9726798405888744,,54.32997298321854,54.51976133205501,54.75941506121303,54.824109365956915,55.19809937567626,55.14302039087339,55.754001900202645,55.72928624242018,56.30265282380741,56.23458717380457
2.0,12.01699255121043,12.01699255121043,0.09750941283707625,-1,56.258789453706505,1.9313602202894984,,54.32742923341701,54.33689282666644,54.74379049899947,54.69352820549032,55.17803434103191,54.960365556980456,55.7254479825684,55.803877522683806,56.258789453706505,56.26591207990977
3.0,12.01699255121043,12.01699255121043,0.09809062166037999,-1,56.22405661827884,1.8894623307044114,,54.334594287574426,54.323568420822056,54.73798152290882,54.67631513332081,55.16730841074528,54.941857952476525,55.705917206037704,55.80789137745924,56.22405661827884,56.24817129193179
4.0,12.01699255121043,12.01699255121043,0.09305871621583897,-1,56.189249847764046,1.847958702147757,,54.34129114561629,54.488726905324086,54.732038389026094,54.742496285428025,55.156224349744804,55.07021751774037,55.68596587131714,55.66805681878015,56.189249847764046,56.15515697452459
5.0,12.01699255121043,12.01699255121043,0.08333528595760165,-1,56.158191336316165,1.808343797749231,,54.349847538566934,54.55160833513151,54.72864148225911,54.7646579231359,55.14784668716028,55.079110859425406,55.66904753362066,55.390254275694396,56.158191336316165,56.00080731970179
6.0,12.01699255121043,12.01699255121043,0.09129144173998836,-1,56.134049956920066,1.7718361571552137,,54.36221379976485,54.370575764464775,54.73002325369122,54.67700229184012,55.14472800571662,54.950726201407434,55.65803645084641,55.59563278636369,56.134049956920066,56.08779287253831
7.0,12.01699255121043,12.01699255121043,0.08789512162371338,-1,56.104752813241966,1.7336692946134278,,54.37108351862854,54.46658568409247,54.727697573935764,54.717451879478304,55.13722282989118,55.00621306096836,55.642080577602144,55.515179261542,56.104752813241966,56.02005639220813
8.0,12.01699255121043,12.01699255121043,0.09058689626353082,-1,56.07804172974605,1.6968828174246013,,54.381158912321446,54.46263848234935,54.727101880666325,54.71161422043824,55.13152950386126,55.01115821792464,55.62815764327094,55.57955213996202,56.07804172974605,56.03572008119393
9.0,12.01699255121043,12.01699255121043,0.0909420872905926,-1,56.04976261320844,1.6598380779198223,,54.38992453528862,54.48108328087,54.72530941093441,54.71685515902395,55.12432929881625,55.02141057680972,55.61253764795727,55.58598602265775,56.04976261320844,56.019583894582645
10.0,12.01699255121043,12.01699255121043,0.09632834291469186,-1,56.021505574540534,1.6231530459029742,,54.39835252863756,54.45562078613683,54.7234347756572,54.69975683502112,55.11690042168975,55.030310248582595,55.596661409013,55.692220587604936,56.021505574540534,56.071562949493476
11.0,12.031861033519554,12.031861033519554,0.09598704106085468,-1,55.98985475629608,1.5854940875332417,,54.40436066876284,54.41285044015425,54.719062263142334,54.66526715995197,55.10650623589388,54.99189003217682,55.57745627094163,55.666776096556774,55.98985475629608,56.04531807395668
12.0,12.034101489757916,12.034101489757916,0.091662757910494,-1,55.95876214792777,1.5483777320797998,,54.41038441584797,54.48708291474689,54.714990514357865,54.705436911006984,55.09633055308339,55.01122623732854,55.5584971601414,55.589559693195284,55.95876214792777,55.96593610019832
13.0,12.049377327746743,12.049377327746743,0.08156333340017122,-1,55.930868325861844,1.512834800150884,,54.41803352571096,54.497634479396794,54.71307127908302,54.69643498432408,55.08849310502124,54.9457037116046,55.542173556724784,55.402160240716356,55.930868325861844,55.81034260467972
14.0,12.01699255121043,12.01699255121043,0.07928724128129835,-1,55.910106826922146,1.4803442859327731,,54.42976254098937,54.48274519308652,54.7161082382448,54.677561623137315,55.086179857440555,54.915980537898974,55.532057918522376,55.35422136025292,55.910106826922146,55.76330487509401
15.0,12.01699255121043,12.01699255121043,0.08217415199961538,-1,55.89097094977303,1.4488206246943562,,54.44215032507867,54.52367384972592,54.720160578011075,54.70955717915315,55.08494454446242,54.958254699035194,55.52317943492827,55.4038184612935,55.89097094977303,55.786784368849666
16.0,12.01699255121043,12.01699255121043,0.0870143533435217,-1,55.87008668598673,1.4169068392148247,,54.4531798467719,54.52107546944108,54.7228736024277,54.70951094784471,55.0821029698397,54.98563470615458,55.51251153645364,55.46859162222271,55.87008668598673,55.83610848127392
17.0,12.01699255121043,12.01699255121043,0.08141893159387278,-1,55.84614084063563,1.3841010448585678,,54.46203979577706,54.48629486084267,54.72330920633214,54.66474406003446,55.076597639362994,54.922333719152206,55.498870701467844,55.3719799278553,55.84614084063563,55.74382514661357
18.0,12.05243249534451,12.05243249534451,0.07469140902759833,-1,55.82618226523386,1.3531085969776413,,54.47307366825622,54.57016219576918,54.72646425248335,54.7251661484064,55.07410824229247,54.92382571997155,55.48863192559295,55.295418545578435,55.82618226523386,55.63815189510056
19.0,12.01699255121043,12.01699255121043,0.07741317887417835,-1,55.81108720454917,1.3241914537607897,,54.48689575078838,54.49464032194951,54.733007832088454,54.652335435742614,55.075380583967025,54.895048806371726,55.48261493400435,55.30460307343217,55.81108720454917,55.661934412098
20.0,12.01699255121043,12.01699255121043,0.07903469870716125,-1,55.794196882720385,1.2948903749937557,,54.49930650772663,54.55779414260436,54.73813439819865,54.71291641141582,55.075003050621994,54.93900500317097,55.47478439859222,55.33442312108127,55.794196882720385,55.67041158428864
21.0,12.01699255121043,12.01699255121043,0.08615196802797476,-1,55.776391900649415,1.2654911061681986,,54.510900794481216,54.598798194574286,54.7425044830256,54.76364574386479,55.07371284206945,55.005394034547415,55.465952798260716,55.42133889452421,55.776391900649415,55.75276802594599
22.0,12.01699255121043,12.01699255121043,0.0886197396043969,-1,55.75397608934105,1.2345890777158033,,54.51938701162525,54.623473539913846,54.74348138471368,54.78918333939037,55.068525701308765,55.03118187345407,55.45277815249077,55.44674584504425,55.75397608934105,55.77081282890247
23.0,12.01699255121043,12.01699255121043,0.09158896223224983,-1,55.73009460076509,1.2033905179753077,,54.526704082789784,54.57848901304953,54.74329564675543,54.73990356014302,55.06197738504509,55.02179243472569,55.43810532463179,55.45711899521506,55.73009460076509,55.79524974052229
24.0,12.01699255121043,12.01699255121043,0.08969540761851091,-1,55.704415331321734,1.171771220294275,,54.53264411102746,54.60811538213964,54.741705747194594,54.76428319518612,55.053799734296426,55.02148037063143,55.421636366787794,55.435523613314196,55.704415331321734,55.75367125952108
25.0,12.01699255121043,12.01699255121043,0.09257700828109372,-1,55.680209156908454,1.1409692991795595,,54.539239857728894,54.58711507546539,54.74104199774761,54.740630735687,55.04663875930367,55.024045596400484,55.40633652889703,55.4486560638251,55.680209156908454,55.77727380884404
26.0,12.01699255121043,12.01699255121043,0.08811632647054657,-1,55.654263422836216,1.1097638308450826,,54.54449959199113,54.596751257945925,54.739010966675195,54.736740841201744,55.03790033050146,54.997846010689365,55.38930261884196,55.398073693988195,55.654263422836216,55.70146861283217
27.0,12.01699255121043,12.01699255121043,0.08658832469012728,-1,55.63150527097824,1.080011551749422,,54.551493719228816,54.54378867109258,54.73913124794868,54.661409548632726,55.031574382699084,54.95790794193617,55.3750021698497,55.359959786465524,55.63150527097824,55.666710070135416
28.0,12.01699255121043,12.01699255121043,0.08142848379754186,-1,55.60995255985826,1.0509518805989018,,54.559000679259356,54.57348538781264,54.739990565509885,54.6823087986301,55.02606456669656,54.939398929784815,55.36164876379826,55.31251391584554,55.60995255985826,55.583717749588686
29.0,12.01699255121043,12.01699255121043,0.08049806820804392,-1,55.59202769097156,1.0234847893006886,,54.568542901670874,54.5982736942357,54.74332566605172,54.707018181792186,55.02334001923908,54.94365602601841,55.351445513115785,55.302656467355064,55.59202769097156,55.55938979681545
30.0,12.01699255121043,12.01699255121043,0.0763174122537047,-1,55.5748833709072,0.9965275000716574,,54.578355870835544,54.66530035408631,54.74710324970882,54.7805388231797,55.02110169565885,54.9513176428991,55.34182067283232,55.27706368525372,55.5748833709072,55.49175907885003
31.0,12.01699255121043,12.01699255121043,0.07995651007789462,-1,55.560686750972415,0.9708834841938554,,54.58980326677856,54.65291979223298,54.752878758205334,54.76414589779772,55.02111226322017,54.963124655905744,55.33474540860548,55.29569631592517,55.560686750972415,55.53085901448621
32.0,12.01699255121043,12.01699255121043,0.08757576098565972,-1,55.54419907485145,0.9445850486361778,,54.59961402621527,54.645965026793625,54.7568981223465,54.76693256388583,55.019127430438616,54.99759807510673,55.32547529138657,55.34613225599723,55.54419907485145,55.62279826173808
33.0,12.01699255121043,12.01699255121043,0.08172446480021997,-1,55.5227705460161,0.9166516095865234,,54.606118936429574,54.63915138996887,54.75725271599138,54.73514431860577,55.01299293724658,54.95989670271687,55.31160517417436,55.28961887536034,55.5227705460161,55.53137621515459
34.0,12.01699255121043,12.01699255121043,0.07468561082837213,-1,55.50541121140254,0.8904469782073718,,54.61496423319517,54.71495426216472,54.76040748691265,54.822038835431236,55.010022192282804,54.95839086441401,55.30130841936509,55.24811075735471,55.50541121140254,55.425799618130526
35.0,12.01699255121043,12.01699255121043,0.07879349417815187,-1,55.492892791549096,0.8662393381781825,,54.62665345337091,54.70138634305953,54.76692599500567,54.801998207517244,55.01085298559197,54.97080643009193,55.295296055616895,55.26742120097249,55.492892791549096,55.47254845203719
36.0,12.01699255121043,12.01699255121043,0.08468946163282715,-1,55.477762848998694,0.8412482766951896,,54.636514572303504,54.69324994606315,54.771454359790454,54.79658934523104,55.009436422786344,54.99325571806214,55.286812318298,55.299779263657065,55.477762848998694,55.54244583567796
37.0,12.01699255121043,12.01699255121043,0.08100920983299101,-1,55.45883919041443,0.8150440205058516,,54.64379516990858,54.63520839747866,54.77313528471383,54.687313251250885,55.004807600796326,54.94346327156569,55.27478204057819,55.25026847690465,55.45883919041443,55.48189991146392
38.0,12.01699255121043,12.01699255121043,0.07899702384199656,-1,55.44251404311762,0.7899972402100204,,54.6525168029076,54.696829524661936,54.77656787303681,54.77588292595096,55.00216413799367,54.9610388474425,55.26500837159221,55.24454981834443,55.44251404311762,55.44505280293265
39.0,12.01699255121043,12.01699255121043,0.08759474703662366,-1,55.42766423384367,0.765682067775586,,54.661982166068086,54.71274870254625,54.78094745060807,54.8174273328476,55.00059855871584,55.005739679213846,55.25647811278838,55.298804053810414,55.42766423384367,55.55190945522727
40.0,12.041433891992552,12.041433891992552,0.0851900689961117,-1,55.407224076360606,0.7394918364762475,,54.66773223988436,54.73255894219484,54.78117734414597,54.8369615985498,54.99435965838267,55.000580865851006,55.242775796257696,55.27888171739611,55.407224076360606,55.508359623835915
41.0,12.024528631284921,12.024528631284921,0.07720174694276111,-1,55.388625169676246,0.7141394232975671,,54.67448574637868,54.676808331057565,54.78263914687907,54.71152527142301,54.98951245577741,54.93390954221583,55.23065765425201,55.204643337591044,55.388625169676246,55.390454705458325
42.0,12.01699255121043,12.01699255121043,0.07011710040934256,-1,55.375409645074015,0.6909726265986151,,54.6844370184754,54.701486054289404,54.787852797156354,54.72754465161845,54.9889210251997,54.91288895837198,55.22333475186019,55.15918138681936,55.375409645074015,55.287107780289304
43.0,12.01699255121043,12.01699255121043,0.07505591642155691,-1,55.36698897008635,0.6697409848806046,,54.69724798520574,54.78237396340608,54.79641409634394,54.87328507532034,54.992124157138846,54.97314565704298,55.22028663725453,55.20460498543603,55.36698897008635,55.34785436628535
44.0,12.01699255121043,12.01699255121043,0.07408615935253507,-1,55.355390277359795,0.6475012488072949,,54.7078890285525,54.73894966677852,54.80257121999187,54.78001578477445,54.992632227678754,54.9454475859711,55.21427596951045,55.18128132602473,55.355390277359795,55.327760883106315
45.0,12.01699255121043,12.01699255121043,0.07488041788111335,-1,55.34454569017745,0.6256976893284829,,54.718848000848965,54.727832709098756,54.80916527590022,54.75178942692109,54.99365057661624,54.9409420328417,55.20887568189916,55.17725359189686,55.34454569017745,55.33184189652785
46.0,12.01699255121043,12.01699255121043,0.08012729831283624,-1,55.33328088122759,0.6038980992175453,,54.72938278201004,54.755220157077275,54.81534703184067,54.80739413903905,54.99422316169838,54.97344917462879,55.203020754634316,55.20901453660807,55.33328088122759,55.39583573418769
47.0,12.01699255121043,12.01699255121043,0.07973785192477668,-1,55.31864347771344,0.5810286071301789,,54.73761487058326,54.776576684216586,54.81897500157468,54.83745823488158,54.99193872789708,54.979620654288425,55.194026418858854,55.20490615944398,55.31864347771344,55.382592191480484
48.0,12.01699255121043,12.01699255121043,0.07145303205194387,-1,55.30438220992906,0.5584606424260556,,54.745921567503004,54.798528934317915,54.82276251760153,54.84707964460816,54.989856171125616,54.95600583753025,55.185300115579075,55.155684685546916,55.30438220992906,55.263232786344275
49.0,12.01699255121043,12.01699255121043,0.07503162559062232,-1,55.29572547870834,0.538086502921729,,54.75763897578661,54.829371449031264,54.83050669504984,54.90197305882291,54.99225232709992,54.984103068931326,55.18160241622828,55.178115771452006,55.29572547870834,55.30613382787933
50.0,12.01699255121043,12.01699255121043,0.07100217956015482,-1,55.284793162974225,0.517032471762036,,54.76776069121219,54.83150746387455,54.8364942502671,54.881771372366316,54.99269386860623,54.96825225808658,55.175771642834306,55.150094405243195,55.284793162974225,55.245656435528296
51.0,12.01699255121043,12.01699255121043,0.06625613718478765,-1,55.27663028908693,0.497128361055303,,54.77950192803163,54.85106114509849,54.84438844659143,54.89319430997303,54.99530573553126,54.959871462726575,55.17239827719652,55.12355968985251,55.27663028908693,55.1767451963797
52.0,12.01699255121043,12.01699255121043,0.06840442481935577,-1,55.27170014766398,0.4785301529455239,,54.793169994718454,54.83022070498175,54.85453222612525,54.8403019080747,55.000473488716366,54.955949919236424,55.171910002800544,55.12619239040767,55.27170014766398,55.20212118612595
53.0,12.01699255121043,12.01699255121043,0.07365261545578833,-1,55.26542810313858,0.4595770464934503,,54.80585105664513,54.82049127751298,54.86360270398521,54.82012839380105,55.00445846010343,54.96786246202595,55.17014765679301,55.14789233647892,55.26542810313858,55.26875310309685
54.0,12.01699255121043,12.01699255121043,0.0704228965584979,-1,55.25576657018641,0.4395359481140133,,54.816230622072396,54.84425260984238,54.8701062566715,54.849685646822216,55.00558211368451,54.96692987864753,55.16524556230028,55.13129962064633,55.25576657018641,55.219806458212055
55.0,12.01699255121043,12.01699255121043,0.0690689034197276,-1,55.248334956325,0.42043587741214594,,54.82789907891286,54.885474661661334,54.878131710579666,54.91763425528806,55.00844398581196,54.98283017188518,55.1623180151707,55.129587911365455,55.248334956325,55.19712235736058
56.0,12.01699255121043,12.01699255121043,0.07356389426841611,-1,55.24188398935667,0.4018197401431749,,54.8400642492135,54.88541624882527,54.88677292026434,54.91223668504926,55.012025209876136,54.99648755049195,55.160231730284316,55.148757295918706,55.24188398935667,55.25370653185129
57.0,12.01699255121043,12.01699255121043,0.07447646801289823,-1,55.23254220843452,0.38229651168104795,,54.850245696753475,54.87056110473144,54.89320744497628,54.86989963371725,55.013154054125735,54.988979861043774,55.15546213782258,55.14491737551598,55.23254220843452,55.26087767756027
58.0,12.01699255121043,12.01699255121043,0.07183616869449001,-1,55.22268711126888,0.362725166356924,,54.85996194491196,54.856911537975506,54.899165749140714,54.8237091444492,55.013776584795615,54.97009735982151,55.15017226644973,55.12318655868275,55.22268711126888,55.22003204384732
59.0,12.01699255121043,12.01699255121043,0.06879604648835065,-1,55.21466744136029,0.3439448742927169,,54.870722567067574,54.88793125709741,54.90636303105101,54.87187664218909,55.0158202461555,54.97513725732344,55.14650298621197,55.11090624664231,55.21466744136029,55.17462424242004
60.0,12.01699255121043,12.01699255121043,0.0664654109572159,-1,55.20873991129539,0.32603965895757625,,54.88270025233781,54.91147583362151,54.9149909670043,54.90298759239864,55.01950006284,54.979239140929266,55.14469224272031,55.101117600998286,55.20873991129539,55.13969342674899
61.0,12.01699255121043,12.01699255121043,0.07149260536087565,-1,55.20442804926624,0.30883163080331855,,54.89559641846292,54.959045213672475,54.92470561623049,55.00072263961166,55.02442946789089,55.02032210984814,55.14430992400213,55.13418492771917,55.20442804926624,55.20460868196738
62.0,12.01699255121043,12.01699255121043,0.07728693093110756,-1,55.1968669890591,0.2905848134888842,,54.90628217557022,54.97749975975644,54.93195051501281,55.03640206041823,55.02661617981361,55.04653165610615,55.14092415904227,55.16276378254988,55.1968669890591,55.278549050256174
63.0,12.01699255121043,12.01699255121043,0.0780209898919745,-1,55.185560630054034,0.2711331800994685,,54.914427449954566,54.96263690258551,54.93635657895155,54.99008980115272,55.02564772079484,55.037311970586764,55.13407846731984,55.15730592797808,55.185560630054034,55.28281303058307
64.0,12.01699255121043,12.01699255121043,0.07138986177517931,-1,55.173861924185566,0.2516768999330452,,54.92218502425252,54.96245833881961,54.940373510008904,54.96267015098274,55.024274443523055,55.01424107482366,55.126825707642794,55.119651273915636,55.173861924185566,55.187751294758925
65.0,12.01699255121043,12.01699255121043,0.07293348675912477,-1,55.16663057684973,0.23393633211949094,,54.932694244730236,54.98583466250773,54.94756339756838,55.002807118702776,55.02649243316407,55.03000119582816,55.12359854153189,55.12866816698085,55.16663057684973,55.204757644799614
66.0,12.01699255121043,12.01699255121043,0.07332746100960644,-1,55.15845798062183,0.21598345740810743,,54.942474523213725,54.964312285851676,54.953968308073414,54.939912496085874,55.02786183378298,55.01624919515666,55.11947134741359,55.12112472720613,55.15845798062183,55.2059298997619
67.0,12.01699255121043,12.01699255121043,0.07400162051982073,-1,55.15010487419931,0.1980889831551167,,54.95201589104419,54.96744557725697,54.960145214212645,54.93586165394874,55.02900776996416,55.01719156342667,55.1151375003472,55.120905194345376,55.15010487419931,55.21085373073405
68.0,12.01699255121043,12.01699255121043,0.07124831766929103,-1,55.14138656031097,0.1801874118009792,,54.96119914850999,54.965648716977924,54.9659586493283,54.91454252644196,55.02977876584224,55.005450427786066,55.110429044661025,55.10328012423414,55.14138656031097,55.16949598089821
69.0,12.01699255121043,12.01699255121043,0.06844113764841875,-1,55.13456244811674,0.16307428581944095,,54.9714881622973,54.99244291383435,54.97306834421657,54.957820444334494,55.032035177606254,55.010905947889476,55.10740787044428,55.09299468320029,55.13456244811674,55.128247730313895
70.0,12.01699255121043,12.01699255121043,0.06720069778676185,-1,55.12966078280332,0.14816164523746522,,54.98290852917926,55.039644430063305,54.981499137565855,55.04804804726923,55.03580433068144,55.033562673705696,55.10610338193443,55.095521111661746,55.12966078280332,55.10894319616649
71.0,12.01699255121043,12.01699255121043,0.0669592784366656,-1,55.12564252326825,0.1351515519425348,,54.994793207774386,55.007395944318354,54.99049097132571,54.953699013198964,55.04023429779263,55.012369933315824,55.10557082663744,55.08381728816,55.12564252326825,55.103489568503065
72.0,12.01699255121043,12.01699255121043,0.06658101874336561,-1,55.121846291491764,0.1222869579770034,,55.00671638688895,55.036178987121566,54.99955933351476,55.00420112008301,55.04478227096561,55.02680155099679,55.105208407490686,55.08645567569603,55.121846291491764,55.09630230062979
73.0,12.01699255121043,12.01699255121043,0.06662586962859718,-1,55.11836099399112,0.1095903778559233,,55.018737330251156,55.01971803426337,55.008770616135195,54.94858774238577,55.04952258862429,55.01549140785804,55.105098138254526,55.080211741398664,55.11836099399112,55.094961271588154
74.0,12.01699255121043,12.01699255121043,0.06552669323658007,-1,55.114906536073754,0.09698694755464032,,55.030675621186084,55.059679405648446,55.01791958851911,55.02351632775586,55.054225477067135,55.03244164049469,55.10498525746975,55.078232545264,55.114906536073754,55.06554352015631
75.0,12.01699255121043,12.01699255121043,0.06690185347468962,-1,55.112235597268594,0.08467402224752618,,55.04302195800852,55.09518131265242,55.02756157502107,55.09001662566184,55.05951245002314,55.054820098815405,55.10555753993983,55.08848342208523,55.112235597268594,55.075944594087986
76.0,12.01699255121043,12.01699255121043,0.07032657871643404,-1,55.10871626241842,0.07222111183449442,,55.054716702734616,55.112869938294175,55.036495150583924,55.120097219137854,55.06403901673083,55.07644388496653,55.10532636733114,55.11185462905477,55.10871626241842,55.13940383746509
77.0,12.01699255121043,12.01699255121043,0.07096547846822729,-1,55.10306064509765,0.05933522339145014,,55.06487974911091,55.1309981141369,55.0437254217062,55.14517911489251,55.06669260760264,55.08704900219109,55.10306064509765,55.1158955860591,55.10300145945959,55.14519643427901
78.0,12.01699255121043,12.01699255121043,0.072470277766982,-1,55.100438407178714,0.049831112679136425,,55.07470492023061,55.147260214967694,55.05060729449958,55.1625392716837,55.06898937915865,55.091811081058374,55.100438407178714,55.111083660786534,55.096931425367664,55.12583836533797
79.0,12.01699255121043,12.01699255121043,0.07888560797530068,-1,55.096939790583164,0.04021946767125684,,55.08382038086684,55.19385125568264,55.05672032291191,55.24569696891144,55.070459419545124,55.10433370221905,55.096939790583164,55.093866442330494,55.08993705091895,55.048206883051996
80.0,12.008845437616388,12.008845437616388,0.07254906389348745,-1,55.090115602199404,0.030437427538501538,,55.090115602199404,55.15535426404333,55.0596781746609,55.13962014348146,55.06843546733449,55.08308998689549,55.089615032326385,55.08842429997857,55.078790409956746,55.07760095742264
81.0,11.976256983240226,11.976256983240226,0.07227546948485904,-1,55.09903790684241,0.03338423901402621,,55.09903790684241,55.14852957748127,55.065653667828386,55.10151516817818,55.06982190153937,55.0685262605378,55.08610340790752,55.06877307944417,55.07186164706807,55.03235151129229
82.0,11.976256983240226,11.976256983240226,0.07309756407630891,-1,55.107891154171824,0.04283578361361151,,55.107891154171824,55.15660622303577,55.07160153498944,55.112990990979526,55.07122542222045,55.080857999786545,55.08266162815595,55.085005155316594,55.06505537055821,55.086982975214475
83.0,12.010678538175048,12.010678538175048,0.07220169814909971,-1,55.116329188828495,0.058554654908185455,,55.116329188828495,55.141371671028125,55.0771132890593,55.05665661628288,55.07217503480006,55.06030306786018,55.078755681710554,55.06248202483597,55.05777453392031,55.038311704059126
84.0,12.01699255121043,12.01699255121043,0.0737596058557736,-1,55.125222777868,0.07394209680167307,,55.125222777868,55.159507360893954,55.08315671322225,55.091994500064786,55.07373655024664,55.07430023378861,55.075549637376476,55.073509957233576,55.05128068106632,55.068204699257265
85.0,12.01699255121043,12.01699255121043,0.07310963216874664,-1,55.13340896025549,0.08955757112194362,,55.13340896025549,55.14752739152939,55.088429775721686,55.05835687438211,55.07446829636405,55.07632607177707,55.071461358191804,55.090098927338445,55.04385138913354,55.13859175161343
86.0,12.01699255121043,12.01699255121043,0.07552922215524005,-1,55.14181426389519,0.10489852939953437,,55.14181426389519,55.17714916264055,55.09398411474196,55.11561677382783,55.075547579082176,55.08609580561491,55.06779416955108,55.08367450145133,55.03691573449566,55.101869205619394
87.0,12.01699255121043,12.01699255121043,0.07800893238056887,-1,55.14911673539611,0.1206610970671278,,55.14911673539611,55.20698262733448,55.09832482453077,55.175219756114046,55.075305532155085,55.099756126639384,55.06270432474719,55.08349113168381,55.028455638328985,55.08808349922907
88.0,12.01699255121043,12.01699255121043,0.07608560756857938,-1,55.15528962185178,0.13685301608595069,,55.15528962185178,55.176886318300895,55.101424145229764,55.088696501689526,55.073711704484374,55.07749073434254,55.05615851982813,55.071733123226366,55.01843660576583,55.087184073353924
89.0,12.01699255121043,12.01699255121043,0.0776259481182975,-1,55.16223109765692,0.15247725820876923,,55.16223109765692,55.19406789154868,55.105428507071444,55.118540053003244,55.07316167795949,55.081094966759295,55.050802316776355,55.06471513867473,55.00975383944815,55.061783026601056
90.0,12.01699255121043,12.01699255121043,0.08163691168407437,-1,55.16844844150848,0.16831917698008425,,55.16844844150848,55.2441919151576,55.10864930731072,55.22059227966841,55.07177126031183,55.09114044596435,55.044554976639574,55.03783088690067,55.0001292645284,54.95001726124974
91.0,12.01699255121043,12.01699255121043,0.08122148079307526,-1,55.172875290257146,0.18492996010225227,,55.172875290257146,55.23366153710644,55.1098838461759,55.178947754474315,55.0681993290867,55.07463247593551,55.0359362865798,55.017184168110944,54.98794533015489,54.91352680320644
92.0,12.01699255121043,12.01699255121043,0.07933695195354412,-1,55.17742126508037,0.20130743103914028,,55.17742126508037,55.203549042768664,55.11129216136568,55.10177167540807,55.064855529816526,55.0638503784622,55.02760629928089,55.02686179015872,54.97611383404123,54.9888592266625
93.0,12.01699255121043,12.01699255121043,0.08297712784080302,-1,55.182721391611295,0.2171256241395625,,55.182721391611295,55.2484854961364,55.11358987391636,55.19038769073395,55.06253768619207,55.063303681721344,55.02044516226566,54.98394374046218,54.96559576747173,54.83148936490941
94.0,12.01699255121043,12.01699255121043,0.08281968231783893,-1,55.186391156391274,0.23362530611641574,,55.186391156391274,55.24134451718741,55.114083097794435,55.16569549560598,55.058242513895415,55.05840692021916,55.01113892936965,54.982112253791165,54.95276585027486,54.85601032687333
95.0,12.01699255121043,12.01699255121043,0.08290133019655269,-1,55.190070232063356,0.24995029833148408,,55.190070232063356,55.2375693683135,55.114625738802275,55.1553219110319,55.054036949123386,55.063752161669065,55.00196818567774,54.997480785496414,54.94011993373187,54.9309770359766
96.0,12.043063314711361,12.043063314711361,0.0824533088925834,-1,55.193655994527994,0.26615570919226883,,55.193655994527994,55.22673364125863,55.11510118298571,55.114896272079875,55.04979104780471,55.04211717466204,54.99278945889914,54.968410649863536,54.927500285335725,54.86547183197946
97.0,12.057728119180634,12.057728119180634,0.08177967799392345,-1,55.19747742682167,0.2821249527897578,,55.19747742682167,55.213076905624526,55.11586725654117,55.0687690179592,55.04589212986785,55.01830482858266,54.984019512341675,54.93777375413655,54.91535247403191,54.79823041911096
98.0,12.054876629422719,12.054876629422719,0.0817426070180336,-1,55.20158905379379,0.2978106304059054,,55.20158905379379,55.20827314233511,55.1169899108311,55.0591240344302,55.04241854089726,55.02226463849787,54.97574897676126,54.952472961931974,54.903778423387884,54.8710595266597
99.0,12.01699255121043,12.01699255121043,0.08341051500742269,-1,55.20564950594978,0.3133570710394693,,55.20564950594978,55.22653954739131,55.11809139693923,55.09881243117937,55.038957060993276,55.02536435699879,54.967528904827134,54.94267247408141,54.89229243491031,54.842430780003056
100.0,12.01699255121043,12.01699255121043,0.08402942011447344,-1,55.20878846884281,0.3291428848708051,,55.20878846884281,55.23030254711267,55.11820693805451,55.11134764515418,55.03444859857936,55.036232834613486,54.95820547023586,54.96270682154399,54.87964558397201,54.92500725351487
101.0,12.01699255121043,12.01699255121043,0.08558889669995272,-1,55.21160455234755,0.34493276979898013,,55.21160455234755,55.246662926594254,55.1179943347787,55.14577021344928,55.02960931791214,55.037976579887975,54.948553262668426,54.952317728895366,54.86667178254857,54.89535162811638
102.0,11.979108472998139,11.979108472998139,0.08633339388940273,-1,55.21369140511811,0.3609336954749054,,55.21369140511811,55.251711669287985,55.116995741738144,55.15371962794104,55.023929717203266,55.036850641161934,54.93801085474967,54.947572628816744,54.85275770964321,54.89571555825963
103.0,11.970350325884544,11.970350325884544,0.08636584625919133,-1,55.21525722086883,0.37696296795969175,,55.21525722086883,55.247064231274585,55.11546538956168,55.14095031811862,55.017709294694136,55.03544655570234,54.92692303382186,54.95251150427723,54.83829425290914,54.93608898776498
104.0,11.93552141527002,11.93552141527002,0.08482995126426479,-1,55.2167218949285,0.39286321785052536,,55.2167218949285,55.22137853774938,55.113862550136695,55.07108699164291,55.01144662189092,55.0119839388045,54.91582766698782,54.93607973941426,54.82385867707797,54.92191319059338
105.0,11.912098463687153,11.912098463687153,0.08425942145852401,-1,55.21866513731989,0.40829142403231344,,55.21866513731989,55.209219176811544,55.11285235487619,55.038247888737246,55.00589275710053,54.99799361038999,54.905561854155074,54.924724286201254,54.810373713287575,54.911479259527084
106.0,11.894785847299815,11.894785847299815,0.08229740619743943,-1,55.22071394022011,0.42346495433929476,,55.22071394022011,55.17855636769062,55.11200672783686,54.96141568936483,55.000566347142204,54.97517259826936,54.89559069520077,54.91550480181928,54.79724898588081,54.92287384338312
107.0,11.894785847299815,11.894785847299815,0.08462093697262724,-1,55.2234944964827,0.4380821558808705,,55.2234944964827,55.20625702192014,55.11202682694428,55.025361828344515,54.99624429685349,54.97230985542935,54.886766920938136,54.88450759945787,54.78541234060183,54.8107250202878
108.0,11.894785847299815,11.894785847299815,0.08535402094065564,-1,55.22521935581439,0.45308637040672295,,55.22521935581439,55.21196820140743,55.110888639016736,55.03814748408266,54.99066840402776,54.96686754136642,54.87659742586671,54.870480287777504,54.772132985407666,54.77962982825704
109.0,11.877065875232777,11.877065875232777,0.08834646491921053,-1,55.22657684956185,0.46812505753066347,,55.22657684956185,55.24800695126153,55.10936949394516,55.136440056723025,54.98470308774999,54.9974374944275,54.86603385081622,54.896416022534524,54.75845179203119,54.856355769153566
110.0,11.854050279329611,11.854050279329611,0.08998925726902987,-1,55.2265220454963,0.4836896173081229,,55.2265220454963,55.26513230112089,55.10630181849451,55.17120942846644,54.977058211961705,54.99102745768495,54.853663108705504,54.86761062218657,54.74283242818818,54.76815223807627
111.0,11.818814013035386,11.818814013035386,0.09173755523962532,-1,55.22561932653234,0.4994790508870537,,55.22561932653234,55.28333330784575,55.10232638400012,55.21479430994562,54.968448517650465,54.997651953266804,54.84027401204526,54.863327723269144,54.726140275645285,54.76497798368296
112.0,11.7725791433892,11.7725791433892,0.0916081647029156,-1,55.22377728194747,0.5155128432707343,,55.22377728194747,55.27586640196885,55.097347407793656,55.189634133634684,54.95877296590589,54.98240011574074,54.82576017160958,54.84227876237386,54.708264438676736,54.729492504990226
113.0,11.7725791433892,11.7725791433892,0.09037137960223282,-1,55.22176765502324,0.5313800828379058,,55.22176765502324,55.25362913909446,55.0922399800017,55.13223003287179,54.94900855427468,54.96553905760104,54.81120064106578,54.83429915555144,54.69038757218534,54.750496297093925
114.0,11.751804003724398,11.751804003724398,0.0892387688844149,-1,55.22024639744806,0.5468427953788719,,55.22024639744806,55.23324474092677,55.087719344996216,55.077598376200584,54.93993016559046,54.942461499192135,54.79742997892905,54.81221761504109,54.673403602069186,54.719782066693135
115.0,11.731843575418994,11.731843575418994,0.08928430675492273,-1,55.219090039448076,0.5619284560393325,,55.219090039448076,55.22914666031883,55.08365443608626,55.06723912038788,54.93140073185135,54.931466663321366,54.78430500357031,54.7971422055088,54.657161583408744,54.69764399612506
116.0,11.693552141527006,11.693552141527006,0.09049929069905999,-1,55.217792707875,0.5768959210078393,,55.217792707875,55.24088864630995,55.07947390329318,55.09650538300027,54.922785243037104,54.92781426373805,54.77112681648563,54.77948120906645,54.64089678686716,54.65360116939101
117.0,11.69110800744879,11.69110800744879,0.08985034177591905,-1,55.21577960815241,0.5919983523107533,,55.21577960815241,55.22727854071431,55.07453940019441,55.06236515112374,54.91338259330281,54.91181465856498,54.75713134084473,54.76416567406008,54.623781255841656,54.64181416178553
118.0,11.676035847299815,11.676035847299815,0.09131109756042213,-1,55.213994014385435,0.6068323987812505,,55.213994014385435,55.242369828531025,55.06989569070504,55.100372573571356,54.90433756157761,54.90926994346418,54.743563497157766,54.74470770249411,54.607161615604184,54.590315396852205
119.0,11.650372439478588,11.650372439478588,0.09116844591436246,-1,55.21147603304048,0.6218544907697776,,55.21147603304048,55.23555172403813,55.064468016043755,55.08353467590588,54.894462430598374,54.89715698788491,54.72912230539643,54.72948746462985,54.589621542270706,54.57497201608448
120.0,11.650372439478588,11.650372439478588,0.09466004758337465,1,55.208879674316584,0.6367176775882442,,55.208879674316584,55.277839796481224,55.05899790423818,55.19643129106785,54.884584555508496,54.92260940312029,54.714721043939996,54.73705429757565,54.57216199672834,54.59323863576734
121.0,11.60902583798883,11.60902583798883,0.09285849702149596,1,55.18314357155124,0.6090262675981393,,55.18314357155124,55.24795293961283,55.041021976355324,55.16324264969087,54.872840979604774,54.91095508093874,54.70909674226273,54.734945483835425,54.5741173039531,54.6107746930847
122.0,11.568901303538176,11.568901303538176,0.09151929367261588,1,55.15861970283963,0.582077964460268,,55.15861970283963,55.2248995450223,55.02398178185763,55.14505948467442,54.86193422196795,54.90100229723606,54.70421335106859,54.729326124609884,54.57654173837936,54.608806173924975
123.0,11.568901303538176,11.568901303538176,0.08903928676236536,1,55.134998999931334,0.5557488555421557,,55.134998999931334,55.186940490968034,55.00760456357957,55.09347587633642,54.85161733446755,54.89492879635284,54.699849602444964,54.74930326410019,54.57925014438918,54.70535699633549
124.0,11.542015828677844,11.542015828677844,0.08866359462356775,1,55.11317801836727,0.5303022983640417,,55.11317801836727,55.17810206690602,54.99272626098522,55.10363679936377,54.842655157217834,54.88248205728995,54.696699262170995,54.723977847935785,54.58287572000323,54.618322664831126
125.0,11.528165735567972,11.528165735567972,0.08414634857285956,1,55.091658603997665,0.5052198662236691,,55.091658603997665,55.11363829525742,54.977983046249314,54.97436730299976,54.833809101997815,54.84634251021429,54.693648708603895,54.712090196652106,54.586438737773996,54.628925799085074
126.0,11.524499534450655,11.524499534450655,0.08108569358142839,1,55.07321132557426,0.48148501457190207,,55.07321132557426,55.070103040886906,54.96590471446856,54.90113599098314,54.8273576242325,54.82743444163057,54.692725350195325,54.71402100735279,54.59172631100236,54.6639918027937
127.0,11.487430167597768,11.487430167597768,0.08044034168290057,1,55.05690077546114,0.4587297937094448,,55.05690077546114,55.05999135965317,54.95565325538639,54.90597162384386,54.822549571024766,54.81434129319405,54.693264674411346,54.69065455555926,54.59817098175169,54.580941354313985
128.0,11.487430167597768,11.487430167597768,0.0800345328930327,1,55.04100213078686,0.4363644046351638,,55.04100213078686,55.05331157763279,54.945655388818906,54.92176438840194,54.817955382936745,54.8116037509031,54.69398056142654,54.68446122770247,54.604637726151694,54.556606476990254
129.0,11.457489525139666,11.457489525139666,0.08161477270501147,1,55.02549455779866,0.4143255056429922,,55.02549455779866,55.07352703289236,54.93590941829515,55.00330742965782,54.81358600239564,54.82281151755411,54.69489650970571,54.67619798550872,54.61116905215567,54.502874528893145
130.0,11.446694599627563,11.446694599627563,0.08114395434514098,1,55.00895776300261,0.3921368286819771,,55.00895776300261,55.06569787505182,54.92511661216166,55.015663053292684,54.80825955071408,54.829204708594105,54.694947276467836,54.68924017737466,54.616820934320636,54.54998750348381
131.0,11.399237662942275,11.399237662942275,0.07837446941991026,1,54.99281256976835,0.3702848634939002,,54.99281256976835,55.02705430897431,54.9145788043431,54.946771232522416,54.803153459250034,54.816091782228426,54.69518600126775,54.69734686325172,54.62252770627445,54.60547516870047
132.0,11.365223463687153,11.365223463687153,0.07715237514663803,1,54.97842462378161,0.34930686096355856,,54.97842462378161,55.0100411253383,54.90553094540251,54.93369006519758,54.799364595806395,54.817062822377004,54.696571584032604,54.71144747936897,54.629117762818055,54.658151343272266
133.0,11.365223463687153,11.365223463687153,0.07555125276342825,1,54.964821331174825,0.3288254194831737,,54.964821331174825,54.98826453797614,54.89709816119949,54.903322874785246,54.796109303092315,54.80663033980018,54.69841140208118,54.70751470993289,54.63599591169165,54.651444999922326
134.0,11.33222765363129,11.33222765363129,0.07625215372928285,1,54.95237462068078,0.3089222498637625,,54.95237462068078,54.99794563999511,54.88963500007243,54.95669261299938,54.793718693221415,54.82412575203406,54.70101309999947,54.726472219266874,54.643452370817016,54.69400421085761
135.0,11.283752327746745,11.283752327746745,0.07264244582579665,1,54.939446497884504,0.28904848401381145,,54.939446497884504,54.94934941980756,54.88164292273065,54.851417548482765,54.79082949028469,54.79107321112329,54.70314844601419,54.706010886550104,54.65039801387069,54.65408013173622
136.0,11.283752327746745,11.283752327746745,0.07282913254937047,1,54.92880089962327,0.27021330106711616,,54.92880089962327,54.952888031267506,54.87563666956826,54.88426639609047,54.78970071568807,54.797400890170756,54.70682099055287,54.70901861568923,54.65858759855615,54.647002419817085
137.0,11.283752327746745,11.283752327746745,0.07102755675534828,1,54.91812599300043,0.25151427742895294,,54.91812599300043,54.92956502810037,54.86953249278595,54.848109750329726,54.788472161568784,54.791839680476244,54.71039374807462,54.71798658103381,54.66661171557148,54.68493566312221
138.0,11.283752327746745,11.283752327746745,0.07171210546183518,1,54.908721426424535,0.23341344844033785,,54.908721426424535,54.94021155789521,54.86451687319922,54.895363957744394,54.78821234773432,54.80011295691635,54.71481736103892,54.717099995232864,54.6753079779842,54.656901658904864
139.0,11.247701350093113,11.247701350093113,0.0699762062965038,1,54.89895565869329,0.2153229574354043,,54.89895565869329,54.91802956231059,54.85910702867352,54.8582925926589,54.78758393483972,54.793027400133134,54.718899722412004,54.72152534552562,54.683632701257885,54.6783090411839
140.0,11.238943202979518,11.238943202979518,0.06827773380595267,1,54.890275489532755,0.1978056102241581,,54.890275489532755,54.89679994686261,54.85461108789639,54.82130850179612,54.787752176005625,54.78191902440273,54.7236633186233,54.7168236330493,54.6924698793086,54.66629233050556
141.0,11.202281191806334,11.202281191806334,0.06920621842093846,1,54.88275416207868,0.1808449150801934,,54.88275416207868,54.91139517547626,54.85110874720933,54.87642709449605,54.788798627538334,54.79409652632693,54.72919151340884,54.71985467802746,54.70190924699849,54.648445813422576
142.0,11.180691340782126,11.180691340782126,0.06909547957919701,1,54.87456515805678,0.16382398661688313,,54.87456515805678,54.911692927793496,54.8469291423854,54.896205035395624,54.78920547776583,54.80497868928796,54.73411934477319,54.73643482021806,54.7107411714399,54.69155993511187
143.0,11.131197625698325,11.131197625698325,0.0668736761174465,1,54.866445272459565,0.14698402815805167,,54.866445272459565,54.88353987946489,54.842749978211835,54.83712744418057,54.78958888816008,54.78802837558108,54.739001454358615,54.72729502347846,54.71946124430151,54.67147822872353
144.0,11.120810055865924,11.120810055865924,0.06713268329601452,1,54.8596669316244,0.1308106607231636,,54.8596669316244,54.88938233379765,54.83972421592778,54.870529392286265,54.79097837089628,54.80312866741285,54.74474398372475,54.74709896007131,54.72885627090124,54.71904182700297
145.0,11.113681331471138,11.113681331471138,0.06682275699550842,1,54.852751799675104,0.11472238140812152,,54.852751799675104,54.887440876659845,54.83652043435183,54.88084127381201,54.79218657899307,54.809989747346144,54.75030347765212,54.75854493856692,54.73802941826698,54.74408497250733
146.0,11.095961359404098,11.095961359404098,0.0672933983616754,1,54.84608309834576,0.098849102234702,,54.84608309834576,54.88824237322558,54.8334905337955,54.896056118071655,54.79353178455423,54.8161301388296,54.755964574417305,54.76530281367468,54.747233996111056,54.75013152734817
147.0,11.09616503724395,11.09616503724395,0.06781293002049818,1,54.839109997716065,0.08300826581370302,,54.839109997716065,54.88631550910172,54.830130330350045,54.90515608193107,54.79455453711994,54.823529813052026,54.761312479238896,54.77791431249075,54.75610173190236,54.77913963749462
148.0,11.080074487895718,11.080074487895718,0.06422985720513537,1,54.831868118387746,0.06718809856212005,,54.831868118387746,54.85879314377351,54.82647918337342,54.846365390448504,54.7952963900478,54.81018253694854,54.76639090366902,54.77653043056695,54.764680019825626,54.78307543063488
149.0,11.07864874301676,11.07864874301676,0.06545048416969845,1,54.82697250671383,0.053865598426227734,,54.82697250671383,54.86539638383373,54.82491859411895,54.878092497162896,54.7979015389699,54.82796290457128,54.7731069082876,54.80227097737189,54.77464265244251,54.8462953419321
150.0,11.029155027932962,11.029155027932962,0.06242097307673793,1,54.82264202009862,0.04343386537877336,,54.821336971384014,54.83973502704105,54.82264202009862,54.81940833076056,54.799840682536306,54.80859285605059,54.779208154719846,54.78657332972922,54.78401649248057,54.796731201051884
151.0,10.99860335195531,10.99860335195531,0.06076653669459038,1,54.821999660264964,0.035444893094862095,,54.81755408714893,54.82068035049757,54.821999660264964,54.78149318540827,54.80321889624739,54.80340305224077,54.7865547671701,54.793877008677995,54.79441956782487,54.81978017605201
152.0,10.99860335195531,10.99860335195531,0.05954143785993633,1,54.822242440627704,0.02768605756202902,,54.81479182687171,54.7768961010801,54.822242440627704,54.67754847113206,54.807366514391674,54.77662999279955,54.794556383065675,54.784796267769025,54.805344300578,54.8077955436455
153.0,10.99860335195531,10.99860335195531,0.058337152318035726,1,54.823228654167394,0.020107908449247702,,54.812881130004605,54.795451457830474,54.823228654167394,54.737002933581216,54.81216658277966,54.788502258503556,54.80312074571815,54.785108213723916,54.81672569946283,54.77177041501499
154.0,10.957867783985105,10.957867783985105,0.05810119333290016,1,54.82855668277473,0.016751253239988273,,54.81180542953474,54.79640409911771,54.82494526657106,54.748924798633595,54.81760732166221,54.794768652891804,54.81223729537959,54.79368608443705,54.82855668277473,54.78122083295321
155.0,10.957867783985105,10.957867783985105,0.06356875967279801,1,54.84027549403275,0.029497577635048344,,54.810777916397704,54.78917421209289,54.82666264092985,54.7436818569485,54.823014544554724,54.80689595690818,54.821287221942065,54.82470092005412,54.84027549403275,54.874187610562444
156.0,10.957867783985105,10.957867783985105,0.05903564078680131,1,54.8496152596626,0.04338247970837017,,54.80623277995423,54.80299148322474,54.825139263370644,54.79038177045631,54.82547225769329,54.81212390091414,54.82767978501739,54.81564919523209,54.8496152596626,54.81294702950806
157.0,10.927112430167597,10.927112430167597,0.05881440984879149,1,54.86081863153171,0.05612081242260558,,54.8046978191091,54.797511136044534,54.82633148549278,54.78237213453132,54.830365167727116,54.811378357879256,54.836228442566195,54.816392279588364,54.86081863153171,54.80264713400292
158.0,10.917132216014895,10.917132216014895,0.060069202249818876,1,54.871942841201914,0.06870439528669436,,54.80323844591522,54.79750586491333,54.82755453862022,54.791227148456706,54.83525487291172,54.820336663471124,54.8447409480537,54.831519976575144,54.871942841201914,54.837008502324466
159.0,10.87639664804469,10.87639664804469,0.062022070105326,1,54.88243921669965,0.0814694024984135,,54.80096981420124,54.824151912334024,54.82800794435396,54.86661423497563,54.83942472358905,54.83951683100708,54.852584396586735,54.83677128345974,54.88243921669965,54.814209132130586
160.0,10.860102420856608,10.860102420856608,0.06366081457178355,1,54.89189525328616,0.09457154756387354,,54.797323705722285,54.8082534617801,54.827162193427505,54.83639403136766,54.842384421135215,54.843526528552175,54.859307651819854,54.85939015023492,54.89189525328616,54.891389373155825
161.0,10.810608705772808,10.810608705772808,0.0708424484705356,1,54.90053542175957,0.10793569294494176,,54.79259972881463,54.7784073040724,54.82529773958896,54.774767098803096,54.84439601517279,54.84100977517413,54.86515435128127,54.88536288805047,54.90053542175957,54.99034972380002
162.0,10.761114990689011,10.761114990689011,0.06349641947163068,1,54.905875344756694,0.12280967388793584,,54.78306567086876,54.76640948981432,54.81899339263028,54.759259865220855,54.84235149803049,54.823243165904756,54.86732944993087,54.857324866838056,54.905875344756694,54.891563221512214
163.0,10.752356843575416,10.752356843575416,0.060764391644224765,1,54.914098389480216,0.13590021051926726,,54.77819817896095,54.74816850450261,54.81690148414015,54.72347212512279,54.84408021464857,54.810014721725814,54.872839812034194,54.84657657731017,54.914098389480216,54.85694196775786
164.0,10.71345437616387,10.71345437616387,0.0624013855033465,1,54.92339678411967,0.14826772139335276,,54.775129062726315,54.7603151142334,54.81642228399855,54.767807759023,54.847244446439504,54.82542452442866,54.87960952961642,54.86148267546502,54.92339678411967,54.88188890280416
165.0,10.71345437616387,10.71345437616387,0.06273187287087441,1,54.93179847160364,0.1609030514207248,,54.77089542018292,54.74202519504289,54.81484181528358,54.73229220742094,54.84937694372743,54.817772089077955,54.885417904318565,54.86271148238531,54.93179847160364,54.88872784198393
166.0,10.71345437616387,10.71345437616387,0.06799983037778597,1,54.94000533394187,0.17350945893879555,,54.76649587500307,54.75851719490822,54.81308425267994,54.79202154040757,54.851327926833264,54.842635541602284,54.891041226748676,54.89275110236167,54.94000533394187,54.96195680818849
167.0,10.71345437616387,10.71345437616387,0.0680476800317061,1,54.94591146819232,0.18719456687017555,,54.758716901322146,54.74609299870306,54.80821285294122,54.77591103959683,54.850437914512575,54.83815158868081,54.89409709924854,54.893570978681275,54.94591146819232,54.963370033398455
168.0,10.708566108007446,10.708566108007446,0.06946033699775415,1,54.951741735005136,0.20077578491264347,,54.75096595009249,54.72631748095132,54.803337794787716,54.742300315374095,54.849522861270444,54.83112634816985,54.897107405792816,54.89781138765365,54.951741735005136,54.9831443191817
169.0,10.672718808193666,10.672718808193666,0.0738463298565948,1,54.956895942381564,0.2145595576493875,,54.74233638473218,54.753259747454074,54.7976294319146,54.834214607406814,54.84782943401529,54.86105065767692,54.899395064264624,54.92605861706365,54.956895942381564,55.04258230622003
170.0,10.650314245810053,10.650314245810053,0.071462110577398,1,54.95998905423893,0.2292074692335362,,54.730781585005396,54.75705712968605,54.78920626500974,54.86154803688729,54.84364194231606,54.862799159926894,54.89941008768338,54.92037859882424,54.95998905423893,55.00959681086954
171.0,10.600820530726256,10.600820530726256,0.07172918711652695,1,54.963961280365126,0.24319821235354055,,54.720763068011586,54.7626351875422,54.78214820758057,54.891143865356646,54.84066100675551,54.87077295891929,54.90047398917849,54.92577560840717,54.963961280365126,55.01300157772217
172.0,10.591247672253257,10.591247672253257,0.07090629879334208,1,54.96758113265865,0.25713052333411923,,54.71045060932453,54.784873493283776,54.774776256762244,54.961727006015686,54.8373559011394,54.88801486003236,54.9012042196653,54.930972805348745,54.96758113265865,55.00165122445369
173.0,10.591247672253257,10.591247672253257,0.06567749057477922,1,54.97146383489934,0.2707624772753263,,54.70070135762401,54.76621880841642,54.76788742289787,54.91891553514203,54.834462796447475,54.86959665627723,54.90227612227863,54.907646656462276,54.97146383489934,54.931164160886674
174.0,10.574546089385473,10.574546089385473,0.06729185778409484,1,54.977528541434616,0.2831187412922276,,54.69440980014239,54.741983794673835,54.76413310876162,54.86285151443845,54.834388384797535,54.860054601574646,54.905851776689076,54.910675586342386,54.977528541434616,54.954306894545255
175.0,10.525052374301673,10.525052374301673,0.0695311715973853,1,54.982791621957944,0.29573321821332144,,54.68705840374462,54.73136962546024,54.75938207056768,54.846911913839264,54.83338235628023,54.86058963367902,54.908561599003995,54.919684996252116,54.982791621957944,54.98540275272619
176.0,10.509776536312847,10.509776536312847,0.06533132547129103,1,54.98686361024255,0.3087410774555579,,54.67812253278699,54.740564180638685,54.75314304749916,54.88065272774402,54.830987699540984,54.862485509155135,54.909982796971036,54.90795389309665,54.98686361024255,54.92910829873524
177.0,10.509776536312847,10.509776536312847,0.06690503570083363,1,54.99262499913152,0.32071197723808353,,54.67191302189344,54.718033555212536,54.749368303023424,54.83027308091332,54.8307998845398,54.85371464531013,54.91335419502596,54.91108327810986,54.99262499913152,54.95174474392595
178.0,10.498777932960891,10.498777932960891,0.06920044113262129,1,54.99766592412145,0.3329347266420086,,54.66473119747944,54.69225584491131,54.74468383947474,54.77608608704881,54.829764858188376,54.843802809058715,54.91594151951655,54.9161376895782,54.99766592412145,54.983648145344965
179.0,10.449284217877093,10.449284217877093,0.07150940358761328,1,55.001636353370664,0.34556543311186516,,54.6560709202588,54.67173990156572,54.73862212419151,54.74046247858719,54.82745457479323,54.83718519158544,54.91735618115624,54.92244820173467,55.001636353370664,55.015089750823726
180.0,10.428305400372437,10.428305400372437,0.07041195382581712,1,55.00438689876518,0.358601900344091,,54.64578499842109,54.680194243115466,54.73103466172322,54.78128682230829,54.823720760234735,54.843697584946305,54.917450114963586,54.922544661813355,55.00438689876518,54.99999773538078
181.0,10.428305400372437,10.428305400372437,0.06928916338359932,1,55.00748137089223,0.37128859292277383,,54.636192777969455,54.6518953501079,54.72405087018776,54.7236255620087,54.820504906945175,54.82537518526254,54.91797695321957,54.91271664276086,55.00748137089223,54.98486914250994
182.0,10.387569832402232,10.387569832402232,0.07218227915884455,1,55.01100962318226,0.38362401884776887,,54.62738560433449,54.61069780832849,54.71776250959428,54.63673812108543,54.81789763585296,54.80556669654526,54.919026161264746,54.91563332817897,55.01100962318226,55.02415704839826
183.0,10.373516061452513,10.373516061452513,0.07453886120617621,1,55.01310208128443,0.3964946355741432,,54.61660744571029,54.612344498550726,54.709636404133,54.66727904887922,54.8135862789557,54.813429021338045,54.91850547560951,54.927505553131084,55.01310208128443,55.05542198627059
184.0,10.346834264432028,10.346834264432028,0.07194633311334281,1,55.01408726531885,0.4097758971350771,,54.60431136818377,54.63027592849549,54.70009340249752,54.736795936680096,54.80796162744801,54.823222408881215,54.916775631341665,54.92356146462042,55.01408726531885,55.01937034006768
185.0,10.346834264432028,10.346834264432028,0.06264581185094592,1,55.016037451393395,0.42237783901153847,,54.593659612381856,54.61888419563089,54.692021816417196,54.71888804500358,54.80364082042174,54.801125262418935,54.91618268599681,54.8851404231649,55.016037451393395,54.8936624987016
186.0,10.306506052141524,10.306506052141524,0.06359980682624536,1,55.02192564957617,0.4328403620591885,,54.58908528751698,54.60399148926116,54.68949012629889,54.68957959982798,54.80432676478579,54.79584936980137,54.920064089631545,54.88750575227711,55.02192564957617,54.908664835625075
187.0,10.29774790502793,10.29774790502793,0.06373777121818218,1,55.02721476100977,0.4434308589008964,,54.58378390210888,54.57183491154029,54.68626668308601,54.617592243563465,54.804348963122834,54.77717720490208,54.92331026888332,54.88192704284901,55.02721476100977,54.91236880507447
188.0,10.265363128491618,10.265363128491618,0.06680533105949663,1,55.0323715015129,0.453969302512391,,54.57840219900051,54.58722069465088,54.682952687824454,54.67398887692801,54.80426413935646,54.795897214647674,54.92643347463269,54.90067594556143,55.0323715015129,54.95547173950308
189.0,10.239496042830538,10.239496042830538,0.06809908540647006,1,55.03605308361056,0.46509525426957055,,54.57095782934099,54.546122217575885,54.677726235629386,54.58368348149532,54.80240981289593,54.77300345445531,54.927930583617666,54.89687680093812,55.03605308361056,54.9738034640527
190.0,10.224627560521412,10.224627560521412,0.07447658265811818,1,55.03904314742037,0.47641486965314783,,54.562628277767224,54.57230906660183,54.67166470702909,54.67646313718607,54.799766514496014,54.8047438130899,54.92868530093731,54.93109066995725,55.03904314742037,55.060263955529585
191.0,10.224627560521412,10.224627560521412,0.07770894438912102,1,55.039202899985014,0.48903235827081204,,54.5501705417142,54.5564723033829,54.66180181942481,54.660514229861924,54.79364347796497,54.80212253680201,54.926282276230566,54.940721142949656,55.039202899985014,55.102599895621125
192.0,10.213221601489755,10.213221601489755,0.07538810116273435,1,55.03793457631669,0.5022477129729239,,54.53568686334376,54.54302859445721,54.65006147689402,54.65039708860617,54.78579287527226,54.79075516604155,54.92230200022255,54.928530790616016,55.03793457631669,55.069255951908964
193.0,10.183891992551208,10.183891992551208,0.07170846430460509,1,55.037576692229436,0.5148473579929131,,54.52272933423652,54.52744912605679,54.63968991662885,54.63103577224639,54.7791598973056,54.77554956565404,54.919388703655585,54.910531978256245,55.037576692229436,55.018276993835485
194.0,10.154969739292364,10.154969739292364,0.0695339843375791,1,55.038646457382946,0.5265440602030935,,54.51210239717985,54.526422326205804,54.631420770425265,54.646793994992514,54.77440535978058,54.77309464871911,54.91813039415596,54.90267313803937,55.038646457382946,54.98860853578054
195.0,10.143156424581004,10.143156424581004,0.06824144801521446,1,55.04050170058787,0.537674684655201,,54.50282701593267,54.52974299821047,54.62436147723765,54.670919451824,54.77071871103618,54.77532622080442,54.91779848963765,54.8995574205232,55.04050170058787,54.971422830422426
196.0,10.102420856610799,10.102420856610799,0.06886017432328707,1,55.0428288160717,0.5484366324936758,,54.49439218357802,54.50374200451004,54.61805173446192,54.617699501992526,54.767687680269,54.76126009211516,54.918028723908535,54.89629816793341,55.0428288160717,54.980336910578885
197.0,10.087959729981375,10.087959729981375,0.07408620725942289,1,55.04470229980808,0.5592471479098862,,54.48545515189819,54.487992818914414,54.611254330566005,54.59750595942609,54.76417819527272,54.762361613829356,54.91779012286194,54.914030776411515,55.04470229980808,55.051150428580385
198.0,10.061685288640593,10.061685288640593,0.07632203682732693,1,55.04424377488295,0.5711001490220582,,54.47314362586089,54.4993328844067,54.6013466600169,54.65154697042408,54.75781502259827,54.776040829883634,54.91495474676943,54.92650359597453,55.04424377488295,55.08024305007867
199.0,10.061685288640593,10.061685288640593,0.07481980633262202,1,55.042691231973734,0.5833378653035695,,54.459353366670165,54.48635507420965,54.59005692748092,54.639373224575536,54.7501649866964,54.7663950178556,54.91092807918233,54.917236005184684,55.042691231973734,55.058380830952416
200.0,10.061685288640593,10.061685288640593,0.0781323590582276,-1,55.04174488540587,0.5951501771120036,,54.446594708293865,54.46978560992017,54.579690947930786,54.61975126053648,54.74333330187045,54.763161062232506,54.90761477943346,54.926280959227576,55.04174488540587,55.101835316037004
201.0,10.020949720670389,10.020949720670389,0.07697100723296327,-1,55.021522220742014,0.5719405165775555,,54.44958170416446,54.498292743024564,54.57631616659409,54.68128036899219,54.73473583976924,54.77244607402817,54.893779067520065,54.92077771434212,55.021522220742014,55.08412996980185
202.0,10.020949720670389,10.020949720670389,0.08106547784764088,-1,55.00205064078086,0.5492585319148588,,54.452792108866,54.50732126338294,54.57336797236313,54.69300420553389,54.72662510766507,54.778559765568936,54.88049062364032,54.93122328922021,55.00205064078086,55.13759998216816
203.0,10.020949720670389,10.020949720670389,0.07955266194549822,-1,54.98002710225092,0.5258341791727332,,54.45419292307819,54.45866663586654,54.56849361236455,54.55370275903554,54.716333188749985,54.73470457969355,54.864766287197355,54.90345483321308,54.98002710225092,55.11443649406555
204.0,10.055982309124765,10.055982309124765,0.0718355849060382,-1,54.959137294793585,0.5030195056972104,,54.456117789096375,54.49079307112793,54.56436129819936,54.624955542798254,54.706869660958304,54.73439024180456,54.8499570697012,54.87327039850068,54.959137294793585,55.00814382061654
205.0,10.017894553072624,10.017894553072624,0.065896176773616,-1,54.943567600657325,0.4822874951689826,,54.46128010548834,54.48150539437269,54.56404623323117,54.58172494093663,54.70168432603352,54.71089320027298,54.83988743899905,54.84084703655372,54.943567600657325,54.92795087862267
206.0,9.992027467411544,9.992027467411544,0.06915668024369573,-1,54.93186048153673,0.46318454381190577,,54.468675937724825,54.49228715379042,54.566424870354616,54.596008419617306,54.69954649662904,54.718781245525626,54.833219529992725,54.85168159212614,54.93186048153673,54.973338797091486
207.0,10.041521182495343,10.041521182495343,0.07169247767059546,-1,54.91802350987908,0.4434974167420975,,54.47452609313698,54.460361967261825,54.56716265595041,54.50108883832417,54.69557052452015,54.69587985695776,54.82451647614975,54.84774809089019,54.91802350987908,55.00804506351183
208.0,10.061685288640593,10.061685288640593,0.07115919700911405,-1,54.9028152035432,0.42340510711397883,,54.47941009642922,54.4889325020431,54.56688263807461,54.56683447098365,54.69042542654111,54.70789413983351,54.81449326646585,54.84757548155256,54.9028152035432,55.00069704934809
209.0,10.061685288640593,10.061685288640593,0.0702809577007367,-1,54.88813867516471,0.4036402737065714,,54.48449840145814,54.478259785108534,54.56693594240674,54.52717663944287,54.68564794749131,54.693022778482074,54.80487229422039,54.83577353734178,54.88813867516471,54.98884944684325
210.0,10.061685288640593,10.061685288640593,0.06883884842992619,-1,54.87414166264302,0.3842794045384963,,54.48986225810452,54.491367718123406,54.56741011843464,54.55027674829788,54.681347586815626,54.69341875703784,54.79578500455779,54.828439084057294,54.87414166264302,54.96964350770878
211.0,10.061685288640593,10.061685288640593,0.06704122161439403,-1,54.86118851178804,0.3654496646102672,,54.495738847177776,54.48065105965705,54.568571191572175,54.5095611343732,54.67782511048261,54.67739791858411,54.78756690195716,54.8137621166919,54.86118851178804,54.946035244353254
212.0,10.061685288640593,10.061685288640593,0.06442560753826657,-1,54.84950607733609,0.3472272450459073,,54.50227883229018,54.513557538494034,54.57058587725079,54.5822719176484,54.67526928370783,54.68979977888516,54.78042879679056,54.80797717140374,54.84950607733609,54.91188220306577
213.0,10.029300512104282,10.029300512104282,0.0639134261825748,-1,54.83962229239843,0.3297962870189295,,54.5098260053795,54.53048002321211,54.57384079651947,54.61014111931862,54.67411596896975,54.69589774528738,54.77485579298979,54.80680381622634,54.83962229239843,54.906761023463396
214.0,10.02135707635009,10.02135707635009,0.06215180936150298,-1,54.83003770590216,0.3126512368295238,,54.51738646907263,54.53646542366521,54.57721339355518,54.60767594676901,54.67311853134234,54.692481197075224,54.76947714649208,54.797897260709675,54.83003770590216,54.88490822260802
215.0,10.061685288640593,10.061685288640593,0.059330519917374966,-1,54.821655091871925,0.2960813107893969,,54.52557378108253,54.555764535044744,54.581387049776694,54.63833649198755,54.6730351297519,54.69651012709602,54.76512579902554,54.78879540344244,54.821655091871925,54.84921867951319
216.0,10.061685288640593,10.061685288640593,0.06020762992295015,-1,54.815338324104275,0.28032720392300803,,54.53501112018127,54.53470483393872,54.58704223625057,54.564137446913726,54.67460928724243,54.68050923681285,54.76260832807786,54.784400557939584,54.815338324104275,54.864082845513245
217.0,10.03500349162011,10.03500349162011,0.06168468032298324,-1,54.80852016712786,0.2645123189826606,,54.5440078481452,54.5450638334316,54.592267792183236,54.57633259295301,54.67571212315291,54.686627635783296,54.75957809018548,54.79081772318102,54.80852016712786,54.88673043014812
218.0,10.056389664804469,10.056389664804469,0.05777512129398777,-1,54.800711866829076,0.2484967025068343,,54.55221516432224,54.55163406992548,54.5966791688068,54.57572660900571,54.675924874472855,54.68014750434388,54.75558209710696,54.774557930040075,54.800711866829076,54.83634057785879
219.0,10.020949720670389,10.020949720670389,0.05990238591037843,-1,54.795602935242286,0.2335399815811101,,54.562062953661176,54.5339971719388,54.603018411303026,54.514673101495994,54.67830718318416,54.66898707662039,54.75399763078979,54.77682333643716,54.795602935242286,54.86830964976847
220.0,10.020949720670389,10.020949720670389,0.055599097011175,-1,54.789041541223,0.21822140105611254,,54.57082014016689,54.57148524494894,54.60819844582167,54.59637049661569,54.67941767556618,54.68300671024429,54.751028956631636,54.767855653724034,54.789041541223,54.81298673431954
221.0,10.020949720670389,10.020949720670389,0.05278133965858509,-1,54.78535055198835,0.20404209085245384,,54.5813084611359,54.56869898264272,54.61541368465578,54.568664651077796,54.682828587822335,54.67338852300389,54.75062618520371,54.754911376809964,54.78535055198835,54.77879763438251
222.0,10.020949720670389,10.020949720670389,0.04983156485084034,-1,54.78355305408849,0.19064257052949074,,54.592910483559,54.58041964189917,54.62395426816757,54.57787400052178,54.687742773554746,54.67266276300464,54.751904862842494,54.743520349915734,54.78355305408849,54.73506791747962
223.0,10.020949720670389,10.020949720670389,0.04986592899224727,-1,54.78372903500682,0.17804396650261367,,54.60568506850421,54.592296623846366,54.63388202056499,54.58861156845203,54.694229664803395,54.6801129674994,54.7549420234822,54.749164398811814,54.78372903500682,54.747665961548876
224.0,10.020949720670389,10.020949720670389,0.04930374797378971,-1,54.78392933489765,0.16554460733419063,,54.61838472756346,54.55936093931308,54.64377288114979,54.48310032853516,54.70069097737298,54.65534538658065,54.75796512891783,54.739090298516025,54.78392933489765,54.74665650040316
225.0,10.036225558659215,10.036225558659215,0.04828661011853301,-1,54.78454179523314,0.15328134328414933,,54.63126045194899,54.60131245743211,54.6539110831841,54.573897905746286,54.70744612808435,54.67609385031574,54.76132877915815,54.73806910950722,54.78454179523314,54.7077236307228
226.0,10.061685288640593,10.061685288640593,0.05164160119326274,-1,54.7859174470767,0.14135654764148597,,54.64456089943521,54.62275548914502,54.664569728559066,54.613503160736066,54.71479496365337,54.69955396788198,54.76535956398404,54.766714015383975,54.7859174470767,54.78856587736235
227.0,10.028893156424578,10.028893156424578,0.0492940064085227,-1,54.78524403975846,0.12875566569298513,,54.656488374065475,54.61969351440881,54.6736977897612,54.584895253921864,54.72043255989131,54.691399240092316,54.76749862499701,54.75685405754504,54.78524403975846,54.76120512888499
228.0,10.06087057728119,10.06087057728119,0.04863129236003537,-1,54.78602542217706,0.11680287268531231,,54.66922254949175,54.65987088499233,54.68380498112323,54.6677953761177,54.72720062811752,54.71202455199869,54.77091970866397,54.757099405112264,54.78602542217706,54.72795050415378
229.0,10.030522579143389,10.030522579143389,0.049456737703625436,-1,54.78739882400333,0.1051020389788917,,54.68229678502444,54.67659734492782,54.694324431907276,54.69025740700755,54.73443448586339,54.72726918139828,54.77486030317892,54.77312829106101,54.78739882400333,54.77001391300218
230.0,10.043354283054002,10.043354283054002,0.04890092909672707,-1,54.788163247800846,0.09330740214832645,,54.69485584565252,54.685884604260394,54.70431403119589,54.6907618837159,54.74110603649161,54.729530707370785,54.77820631121747,54.77022217242028,54.788163247800846,54.754083806639585
231.0,10.020949720670389,10.020949720670389,0.05395297673645809,-1,54.78937851097464,0.08173776567900148,,54.70764074529564,54.67808202782578,54.71459388484756,54.65314034824437,54.74811568867716,54.73455874779717,54.78193844960572,54.79389519655291,54.78937851097464,54.84293581407047
232.0,10.056797020484169,10.056797020484169,0.048618127030539034,-1,54.787260372154705,0.06910162081227611,,54.71815875134243,54.71638362952365,54.722349227242454,54.72977962753405,54.75232500928258,54.744671829836975,54.782594576543076,54.77422606573091,54.787260372154705,54.745479963922044
233.0,10.057815409683426,10.057815409683426,0.04809116617687372,-1,54.78879710690117,0.05779571840613329,,54.73100138849504,54.714330030991135,54.73276953650739,54.700793045865815,54.75952381398301,54.740989967603305,54.78656490977162,54.77168647021725,54.78879710690117,54.740903605953704
234.0,10.020949720670389,10.020949720670389,0.04783358753338854,-1,54.790860989934004,0.04743904604593041,,54.744016890794825,54.7277344268014,54.74342194388807,54.71304947332233,54.767001456948776,54.74748933147644,54.790860989934004,54.772827870181345,54.7907190940923,54.73421088017531
235.0,10.020949720670389,10.020949720670389,0.04707164930568579,-1,54.79518290484058,0.04114553966824275,,54.756952821759974,54.73477733956224,54.75403736517234,54.70810562786498,54.774473442875,54.74735721226229,54.79518290484058,54.76715040027659,54.792709764444254,54.71044949226041
236.0,10.020949720670389,10.020949720670389,0.04720444166106847,-1,54.79996669084258,0.03497305110231963,,54.77015925006957,54.71168725016198,54.76499363974026,54.62987226595766,54.78234671009643,54.73614230255489,54.79996669084258,54.77364334573557,54.79523292349818,54.7546208701443
237.0,10.020949720670389,10.020949720670389,0.045457877426978016,-1,54.804680203056115,0.02881887271719563,,54.78325911441486,54.73449315112082,54.77586133033892,54.66679611324238,54.790140472162996,54.73824331821324,54.804680203056115,54.75468241150721,54.797704035488046,54.66980978793247
238.0,10.027874767225324,10.027874767225324,0.04755587342788167,-1,54.810441251557315,0.022898791970341392,,54.79704803513473,54.74279785690018,54.78754245958697,54.674321908296854,54.79886464189234,54.756830875565015,54.810441251557315,54.787906651099746,54.80134732419763,54.77546705315134
239.0,10.061685288640593,10.061685288640593,0.04784745737795463,-1,54.81498809436057,0.01677206139219578,,54.809925867542454,54.76306210481806,54.79821603296838,54.70882758798898,54.806477863780835,54.770101540139756,54.81498809436057,54.796119890162615,54.80368015656926,54.78397947867552
240.0,10.061685288640593,10.061685288640593,0.04833819727324528,-1,54.82275542849508,0.016773843006568256,,54.82275542849508,54.80685067317081,54.808849163601366,54.80083980867001,54.81405106337377,54.79550968863374,54.81949547656093,54.802139217848314,54.80598158548851,54.76414321306904
241.0,10.061685288640593,10.061685288640593,0.04917558892681342,-1,54.83532754590684,0.0273305980438181,,54.83532754590684,54.81840977822162,54.81922115472448,54.81093863232546,54.821352328736666,54.809796061956796,54.82372026672916,54.82203552406462,54.807996947863025,54.82161721116704
242.0,10.020949720670389,10.020949720670389,0.05075742335821536,-1,54.847495074272935,0.03799445458032835,,54.847495074272935,54.84252340324721,54.82916521290265,54.84694436132367,54.82819528153624,54.8149630754129,54.827456496727976,54.80756325391357,54.80950061969261,54.750910065479744
243.0,10.020949720670389,10.020949720670389,0.05699174676169956,-1,54.85879126800466,0.04893331195263784,,54.85879126800466,54.88343128999985,54.83817281769081,54.93403832741365,54.834029235236216,54.85166955723535,54.830111307266016,54.84054917657359,54.80985795605202,54.8293936530606
244.0,10.039688081936685,10.039688081936685,0.05204403452946503,-1,54.867389059496475,0.061200084329513516,,54.867389059496475,54.86605823163511,54.8441548985925,54.86870460675434,54.836500698393,54.838393970847314,54.82906676055232,54.83575553997738,54.80618897516696,54.83628649782868
245.0,10.034188780260706,10.034188780260706,0.05772538473534215,-1,54.8781052123625,0.07224397643474134,,54.8781052123625,54.90694906654268,54.852566384303614,54.94790816487253,54.8417017634309,54.85291113386019,54.83105216531956,54.82150929925768,54.80586123592776,54.75354919203513
246.0,10.020949720670389,10.020949720670389,0.05669417106730356,-1,54.88633528126005,0.08448644005120798,,54.88633528126005,54.90849921873468,54.858196557880404,54.93506572678173,54.84381733033826,54.86065686699108,54.82964798407611,54.839008755866814,54.801848841208844,54.8218025915395
247.0,10.020949720670389,10.020949720670389,0.05628713177097756,-1,54.89490226536119,0.09639488699045984,,54.89490226536119,54.9143718646873,54.86425269760822,54.93089292712208,54.84643665372053,54.86387773257668,54.828825477281285,54.84223027808624,54.79850737837073,54.83405584392935
248.0,10.020949720670389,10.020949720670389,0.05550531693610675,-1,54.90359076768332,0.10811423370375906,,54.90359076768332,54.918823731970335,54.87048236640523,54.92175464109418,54.84927188629379,54.86164204524585,54.828261381394064,54.83553339551412,54.79547653397956,54.813100278069356
249.0,10.020949720670389,10.020949720670389,0.057214194745566015,-1,54.912561218759,0.11956203844206925,,54.912561218759,54.934874749861415,54.87706597482378,54.94636090122906,54.85252468124931,54.876580928537415,54.828178590880434,54.85200338600364,54.79299918031693,54.859355619350254
250.0,10.020949720670389,10.020949720670389,0.056678579947221815,-1,54.920753771507464,0.1313029393950842,,54.920753771507464,54.939305603345076,54.88280210404087,54.940227488545844,54.85485289020415,54.87971798209287,54.8270942142037,54.85720949974748,54.78945083211238,54.87790318270039
251.0,10.020949720670389,10.020949720670389,0.058412048966146615,-1,54.92912412589689,0.1428279601066862,,54.92912412589689,54.923042921658826,54.88877385594456,54.885354475609724,54.85746669207293,54.87837515884448,54.826345514394724,54.877729160531,54.786296165790205,54.96479193307529
252.0,10.020949720670389,10.020949720670389,0.05631788348534106,-1,54.93670580133215,0.1546499788878961,,54.93670580133215,54.9372860697502,54.893886163723046,54.90116573273804,54.859143182799464,54.86803206329483,54.8245817381622,54.84340989908809,54.782055822444256,54.837973288154956
253.0,10.020949720670389,10.020949720670389,0.058023695956505,-1,54.94513054429658,0.16590535751278424,,54.94513054429658,54.96153728418972,54.89998676123194,54.94833069367504,54.86194591096687,54.883996209442,54.82408226181306,54.85268376464655,54.7792251867838,54.85183175025134
254.0,10.020949720670389,10.020949720670389,0.05706955024224747,-1,54.952779025955,0.17745352490135957,,54.952779025955,54.94945795544663,54.90524049621781,54.899752022251974,54.86382585653333,54.870018373322836,54.8225841797519,54.84061439730196,54.77532550105364,54.827744102961226
255.0,10.020949720670389,10.020949720670389,0.05626130600498869,-1,54.9607858870069,0.1886945829367832,,54.9607858870069,54.939588532708306,54.91093225298764,54.861102112686275,54.86621759879606,54.86304808245377,54.82167177425676,54.8411991551504,54.772091304070116,54.84366594985666
256.0,10.020949720670389,10.020949720670389,0.05710239587326057,-1,54.96909000873031,0.19966467471839167,,54.96909000873031,54.952141840476195,54.91699115411175,54.874710471332044,54.86904195169363,54.854170568568826,54.82125754741735,54.81116658372864,54.76942533401192,54.734895535784375
257.0,10.020949720670389,10.020949720670389,0.058817288612019375,-1,54.97698785004315,0.21073580615556153,,54.97698785004315,54.97621530948659,54.922620105433495,54.9231602871092,54.87140938228447,54.86615379931786,54.820359519030326,54.81150280258077,54.76625204388759,54.72308816015433
258.0,10.020949720670389,10.020949720670389,0.060855040736449914,-1,54.984105785592696,0.22210195366180585,,54.984105785592696,55.00415273540298,54.92739713976949,54.98353668591054,54.8728492837319,54.88799849725736,54.81845843746922,54.82821361464708,54.76200383193089,54.76504292411204
259.0,10.020949720670389,10.020949720670389,0.059294929140284384,-1,54.990305039422786,0.23383161892744653,,54.990305039422786,54.9830476817583,54.931166856418315,54.915583818869585,54.87318863305688,54.87240569679799,54.81536365455672,54.8228063350174,54.75647342049534,54.77684459453198
260.0,10.020949720670389,10.020949720670389,0.05990809053964408,-1,54.997123480042255,0.24511814731642545,,54.997123480042255,54.99165195153282,54.935669338746,54.921981247701176,54.87436861264368,54.86622010349417,54.81321746196418,54.802749322665264,54.75200533272583,54.71005053661998
261.0,10.020949720670389,10.020949720670389,0.06071366269545771,-1,55.003632848440546,0.25645067748905603,,55.003632848440546,55.0026749805943,54.939853057822155,54.93870192694584,54.875216406715694,54.87112766451981,54.81072574746994,54.803264910593256,54.74718217095149,54.713316386154084
262.0,10.020949720670389,10.020949720670389,0.0635382527879742,-1,55.009750866944756,0.26787134190067974,,55.009750866944756,55.04067987452002,54.943625204458826,55.02242529153252,54.8756286747375,54.888972711702955,54.8077746366198,54.79944115318208,54.74187952504408,54.67832448420476
263.0,10.020949720670389,10.020949720670389,0.06238744177691936,-1,55.01461317512255,0.2798276711725691,,55.01461317512255,55.024351928260266,54.94600958360972,54.97028109106463,54.87451730159756,54.88276601726997,54.8031640861147,54.80803042051647,54.73478550394998,54.73796646715193
264.0,10.020949720670389,10.020949720670389,0.06249689901430095,-1,55.01992092449027,0.2914307045960456,,55.01992092449027,55.025334849151314,54.948930659073696,54.95797601872067,54.874027905257755,54.87176052193763,54.79926087870463,54.78644666831513,54.728490219894226,54.67627061422993
265.0,10.020949720670389,10.020949720670389,0.060914220246494906,-1,55.02513547244233,0.30296394085376477,,55.02513547244233,55.00349783256556,54.95177803869942,54.89068397539531,54.8734801015526,54.85175995319048,54.79531463226493,54.77242609273515,54.722171531588565,54.66254755597121
266.0,10.020949720670389,10.020949720670389,0.061521286247198444,-1,55.030982194887414,0.3140532914268732,,55.030982194887414,55.01160686844827,54.95537047438994,54.90502389049999,54.873786306767,54.85838367861278,54.79233143042853,54.78046809175828,54.71692890346054,54.69433528397337
267.0,10.020949720670389,10.020949720670389,0.06256113004905679,-1,55.03652406427538,0.3251882763149183,,55.03652406427538,55.02538340745431,54.95864746444944,54.93643704812739,54.87376474428974,54.87543630775385,54.78900821331189,54.80445739174822,54.711335787960465,54.77372646119379
268.0,10.020949720670389,10.020949720670389,0.06062739799134688,-1,55.041575644332454,0.3364638377750069,,55.041575644332454,54.998815267849544,54.96139984909453,54.85550099037008,54.87318251050157,54.84418443760037,54.7850883305695,54.772807499428254,54.70511180655745,54.69974254799161
269.0,10.020949720670389,10.020949720670389,0.06364856395685582,-1,55.047411818205155,0.34722173902350306,,55.047411818205155,55.03954682132848,54.96506755364541,54.951266569797255,54.87364359859754,54.86220560470689,54.78233984964471,54.766949716568384,54.70019007918165,54.652689355544965
270.0,10.020949720670389,10.020949720670389,0.0642122353667221,-1,55.051908948930574,0.35856051062669536,,55.051908948930574,55.04634294408959,54.96725075464805,54.96146099105691,54.872475126040634,54.86692700961286,54.77781681386066,54.77204933864467,54.69334843830388,54.678157369798576
271.0,10.020949720670389,10.020949720670389,0.06585022432432104,-1,55.05612010965685,0.3699318197825292,,55.05612010965685,55.067477289577745,54.96914100573373,55.00581299597113,54.871004325660465,54.874549573328395,54.772982140378346,54.766458528893686,54.68618828987432,54.653989360722974
272.0,10.020949720670389,10.020949720670389,0.0648457184183822,-1,55.05958449029658,0.38157149048613803,,55.05958449029658,55.0525793575385,54.970218416367445,54.958466598860376,54.868652480919415,54.86164458434251,54.76719828241942,54.759287327315526,54.67801299981044,54.65921097700674
273.0,10.020949720670389,10.020949720670389,0.06250125745787065,-1,55.06343589382948,0.3928954145776089,,55.06343589382948,55.01992762584077,54.97176363061539,54.87011118760348,54.86684544223387,54.84361487020323,54.76203630182527,54.76274023799781,54.67054047925187,54.71402234499017
274.0,10.020949720670389,10.020949720670389,0.06358637124631834,-1,55.06825044436848,0.4036130358102099,,55.06825044436848,55.03414605550339,54.974424898931076,54.904579537727116,54.86630461001064,54.856711552369006,54.75829075035339,54.77830850797506,54.66463740855827,54.76213103262906
275.0,10.020949720670389,10.020949720670389,0.06531295407376948,-1,55.072557251391245,0.4144833912007613,,55.072557251391245,55.05672051089063,54.97653979793075,54.95474181465175,54.86517958815905,54.86309779531877,54.753923249320515,54.769454160850316,54.658073860190484,54.71969226720763
276.0,10.020949720670389,10.020949720670389,0.0633084930592187,-1,55.076080686102806,0.42564501329440674,,55.076080686102806,55.028566333536695,54.97779826579712,54.869705061509784,54.86312548524602,54.82552776513651,54.748554074901044,54.72568539642965,54.6504356728084,54.608666959236295
277.0,10.020949720670389,10.020949720670389,0.06518642767546748,-1,55.08042297312103,0.4362778684671298,,55.08042297312103,55.053292837789826,54.98000876117942,54.92967759062506,54.86215453351514,54.83999780307544,54.74439923995048,54.73071435070385,54.6441451046539,54.61636569949831
278.0,10.052316108007446,10.052316108007446,0.06481844032386436,-1,55.083917530722296,0.4472366223432118,,55.083917530722296,55.04725798083026,54.981289225674615,54.90916956271305,54.86017283166521,54.83373106176375,54.7391529901589,54.72749855214227,54.636680908379084,54.625409067750674
279.0,10.021560754189942,10.021560754189942,0.064734250316367,-1,55.087644675684665,0.45802685243911867,,55.087644675684665,55.04516895700824,54.98284468873163,54.90406984841072,54.858507903011116,54.84175896063912,54.734265346301235,54.75071132373802,54.629617823245546,54.71849364515702
280.0,10.02909683426443,10.02909683426443,0.06617129515188745,-1,55.091253703192756,0.4687122608830805,,55.091253703192756,55.06361946787104,54.984308110478175,54.943873787413374,54.85677719431313,54.842782320894486,54.729338239753545,54.734886960953766,54.622541442309675,54.65754230060803
281.0,10.061685288640593,10.061685288640593,0.0688570362784554,-1,55.094232546215274,0.47962533352883696,,55.094232546215274,55.09852238086266,54.98508375609096,55.031304457341044,54.85430240136807,54.870705026752944,54.723610792536135,54.75676714053703,54.61460721268644,54.71288114571811
282.0,10.061685288640593,10.061685288640593,0.06750631420501403,-1,55.096136552729504,0.4910349487955443,,55.096136552729504,55.07833235588794,54.98465992382821,54.96518743776726,54.850504437576845,54.83740025454274,54.71643652965299,54.712229632222176,54.60510160393396,54.594093411766124
283.0,10.061685288640593,10.061685288640593,0.06740744641415759,-1,55.09858032057931,0.502057479256834,,55.09858032057931,55.075417843074675,54.984874084604485,54.954129571303014,54.84743970563338,54.83661415472997,54.71009079234814,54.716861543984884,54.596522841322475,54.6282934092891
284.0,10.059241154562383,10.059241154562383,0.06915715213344661,-1,55.10102647193102,0.5129692170217339,,55.10102647193102,55.09747014815601,54.98511864125327,55.00569817498691,54.84443268658996,54.847403428781476,54.70383013611832,54.71696966923644,54.58805725490929,54.62284372728402
285.0,10.020949720670389,10.020949720670389,0.06844714304701002,-1,55.102671429721894,0.524172276716854,,55.102671429721894,55.08593443702939,54.98448875393606,54.96804089337378,54.840478752080664,54.83123130560321,54.69655013947871,54.69874755546193,54.57849915300504,54.587561061033874
286.0,10.020949720670389,10.020949720670389,0.07038960330461907,-1,55.10444074949998,0.5351300263955068,,55.10444074949998,55.11037150362633,54.98404539741196,55.02209847513771,54.836771769204525,54.83327855560841,54.68957756524656,54.67678277210196,54.56931072310447,54.50766431504415
287.0,10.020949720670389,10.020949720670389,0.06781249230590035,-1,55.10533562330678,0.5464192990151702,,55.10533562330678,55.07341758088545,54.98264426128504,54.922048640027164,54.832024521172364,54.80638616628691,54.6814822843967,54.66505276569369,54.55891632429161,54.52237606940208
288.0,10.020949720670389,10.020949720670389,0.06943234346565427,-1,55.10730008443466,0.5570588334476412,,55.10730008443466,55.093760613434576,54.982476713490655,54.97262984289919,54.82867166306289,54.81846754343774,54.67494224585675,54.66971242869613,54.55024125098702,54.536589297939315
289.0,10.020949720670389,10.020949720670389,0.0692704372023985,-1,55.10852982790187,0.5679625626826876,,55.10852982790187,55.08968505246987,54.98150730961207,54.95502332789823,54.824451934306616,54.80389785489889,54.66747036457199,54.645868980347494,54.54056726521918,54.47734223427036
290.0,10.020949720670389,10.020949720670389,0.07040583695101955,1,55.109791328116124,0.5787427663229181,,55.109791328116124,55.10317190624668,54.98060058339575,54.98966643243194,54.820325666944015,54.81694430250165,54.660122772837056,54.6604453464225,54.531048561793206,54.53373113445154
291.0,10.020949720670389,10.020949720670389,0.07124049635842397,1,55.094470272028076,0.5575670821126906,,55.094470272028076,55.11233410033649,54.97109962397964,55.041753605853366,54.81559473313167,54.82815045386466,54.66016012271164,54.66527519038824,54.536903189915385,54.53410932960966
292.0,10.020949720670389,10.020949720670389,0.0702134268198726,1,55.0787188721846,0.5364141079672464,,55.0787188721846,55.09622601192026,54.96109661326414,55.02821594932264,54.81042204705189,54.82665203661398,54.65981606020684,54.67255440671426,54.542304764217356,54.56652163621405
293.0,10.020949720670389,10.020949720670389,0.07101683215072124,1,55.06376154410117,0.5157284983338428,,55.06376154410117,55.10510739478021,54.95170830610952,55.07499509257786,54.8058096945792,54.83473008866128,54.65997800405804,54.67107340012197,54.548033045767326,54.54504938276526
294.0,10.02950418994413,10.02950418994413,0.06822234658741146,1,55.04839023825844,0.49506476899050256,,55.04839023825844,55.06533087386184,54.94184098733026,54.99586005624991,54.80077237323783,54.81350216213069,54.65976906073096,54.66411273697758,54.55332546926794,54.55063124336091
295.0,10.061685288640593,10.061685288640593,0.06567392288377369,1,55.03500038022164,0.475280690311898,,55.03500038022164,55.02967333183872,54.933679549890236,54.92694651995858,54.79727661788414,54.79381644515605,54.66093741119248,54.65658777141625,54.55971968990974,54.54818932531686
296.0,10.035614525139662,10.035614525139662,0.06677273448927402,1,55.023508360129554,0.4563048131438876,,55.023508360129554,55.043879459542254,54.92716235584982,54.9884178357932,54.7952745452972,54.81321638648323,54.66344892536413,54.67456785652939,54.56720354698567,54.58538037873499
297.0,10.055778631284916,10.055778631284916,0.06527704273207435,1,55.01129679044253,0.43725759789587215,,55.01129679044253,55.02283990762974,54.91989436816251,54.95246538419489,54.792588545717635,54.797676029502234,54.66534341467362,54.65897158831244,54.57403919254666,54.540707772886265
298.0,10.061685288640593,10.061685288640593,0.06388660207983995,1,55.000239824576695,0.4187553689268668,,55.000239824576695,55.003643533950395,54.91359859466605,54.92360807870224,54.790784606929826,54.790668654680765,54.668029849489194,54.659778069945126,54.58148445564983,54.55070586718291
299.0,10.061685288640593,10.061685288640593,0.05968918547968396,1,54.99021044197081,0.4007651938091641,,54.99021044197081,54.94701334252594,54.9081592898594,54.800091960528334,54.78975217609058,54.764588217763865,54.671402868476335,54.664816408049646,54.589445248161645,54.60734012100839
300.0,10.061685288640593,10.061685288640593,0.06078960684524882,1,54.983022579815255,0.3839442363335479,,54.983022579815255,54.96291093489205,54.90523008796156,54.86224422369102,54.79097660515903,54.78212981880936,54.676779543882645,54.67886457702406,54.59907834348171,54.62391591166072
301.0,10.090811219739289,10.090811219739289,0.061072522441026324,1,54.97519244981053,0.36702454875102575,,54.97519244981053,54.96747219828886,54.90164615668818,54.889227776695115,54.79160808978276,54.78285850697477,54.68162509159281,54.66955615743728,54.6081679010595,54.572682116591935
302.0,10.102420856610799,10.102420856610799,0.0600847275959468,1,54.96736436452544,0.35019961552668377,,54.96736436452544,54.95481958802243,54.89800512778266,54.87279271883161,54.79219419993106,54.77840360988384,54.68643702008227,54.669079651597464,54.61716474899875,54.56955596165741
303.0,10.108327513966477,10.108327513966477,0.0597939904049147,1,54.960305408919936,0.3337670406938784,,54.960305408919936,54.951814821312055,54.89500188110014,54.880350278446365,54.79335321759153,54.78018980382638,54.691757014201166,54.670720733867824,54.62653836822606,54.56465116537141
304.0,10.157821229050278,10.157821229050278,0.05827249198036651,1,54.95353442375507,0.31755727024466296,,54.95353442375507,54.93228729997847,54.89219957982525,54.85018743135507,54.79468876267181,54.7856563958132,54.697229148943265,54.70020870548954,54.63597715351041,54.66908147065667
305.0,10.183891992551208,10.183891992551208,0.057659135541546586,1,54.94801665130457,0.3018561296195301,,54.94801665130457,54.925390679361776,54.89049427228556,54.844755124679054,54.79702316393274,54.78213477058572,54.70360203410818,54.69617689178499,54.64616052168504,54.643537305436354
306.0,10.21607309124767,10.21607309124767,0.05503222886268781,1,54.94306639045808,0.2864437363364445,,54.94306639045808,54.89150251082155,54.88925713735065,54.77381114998832,54.79978066389846,54.772623526665804,54.7103529740461,54.71154120200656,54.656622654121634,54.70873818115756
307.0,10.224627560521412,10.224627560521412,0.056137818788444774,1,54.94002208914978,0.2717877909192552,,54.94002208914978,54.908591092609,54.88971221113075,54.8281738676606,54.80406585842854,54.782487925553006,54.71846712575069,54.70872349015429,54.66823429823052,54.66237799289417
308.0,10.233589385474858,10.233589385474858,0.056122072716671335,1,54.93634668920124,0.25700540753198453,,54.93634668920124,54.91022543498613,54.889544298715784,54.84657953035517,54.807783138471045,54.79596968441252,54.726068461285244,54.731380410919485,54.67934128166925,54.7195016029588
309.0,10.265363128491618,10.265363128491618,0.05462798208495232,1,54.93277674433303,0.24235970272040674,,54.93277674433303,54.89190733727239,54.88942534032434,54.81321509264857,54.81153749875107,54.797812478395706,54.73369503043334,54.75309955949726,54.690417041612626,54.78954885171449
310.0,10.29184124767225,10.29184124767225,0.055593482728294494,1,54.93036321742059,0.2281935778761266,,54.93036321742059,54.90710015837712,54.89032234904706,54.8626608693745,54.816208450391024,54.81478661989569,54.74213884315676,54.76811389618675,54.702169639544465,54.80332073368811
311.0,10.34133496275605,10.34133496275605,0.05491648615780016,1,54.92747306209014,0.21392780519705212,,54.92747306209014,54.89985483483019,54.8907480118327,54.85018800905839,54.82045256498151,54.810241921203186,54.75020035258384,54.763016160027625,54.713545256893084,54.770265735031366
312.0,10.350093109869643,10.350093109869643,0.05507519421696803,1,54.925267225395075,0.19994549111771676,,54.925267225395075,54.90401627398306,54.891768730678486,54.8677767216021,54.82523923505771,54.816785342688156,54.758751942781515,54.76804817665508,54.72532173427736,54.762425342223935
313.0,10.387569832402232,10.387569832402232,0.054182362878995506,1,54.923045547165565,0.18604873787167264,,54.923045547165565,54.89392505804336,54.892734869440844,54.84669600514185,54.829967251183255,54.81072724302198,54.767240829607154,54.76265846335601,54.73699680929389,54.73330269219287
314.0,10.408344972067036,10.408344972067036,0.05538282731239345,1,54.92160198427974,0.17248033058559287,,54.92160198427974,54.912243055776855,54.894380967424105,54.9008360200809,54.83530917719537,54.83022560687197,54.77627760179567,54.77845150601648,54.74912165369415,54.75105027845089
315.0,10.428305400372437,10.428305400372437,0.05404238894152404,1,54.91950250263124,0.1587508982091279,,54.91950250263124,54.89595453356555,54.8953959490453,54.86667676148482,54.840075667730794,54.83162818291262,54.78479464174523,54.79628767542947,54.76075160442211,54.807440903041304
316.0,10.466596834264429,10.466596834264429,0.05634789429862249,1,54.9184076242164,0.14545039371305535,,54.9184076242164,54.91874604193556,54.897294045784115,54.92912101391643,54.845632266096445,54.84986530194992,54.794008806273695,54.804381064487046,54.772957230503344,54.79303904479116
317.0,10.475354981378025,10.475354981378025,0.05438355278750023,1,54.91599718077636,0.13173054009676832,,54.91599718077636,54.9040849882937,54.89796741182315,54.89459874906241,54.85008294732799,54.84269181288469,54.802235887607296,54.801640564269356,54.78426664067959,54.77847126022182
318.0,10.509776536312847,10.509776536312847,0.05729456470025782,1,54.914957693437785,0.11858217086115275,,54.914957693437785,54.9236946008267,54.89985600736436,54.945245910979146,54.855618811776345,54.85308396270766,54.81141812932097,54.79607302939926,54.79637552257663,54.72333621378084
319.0,10.533606843575416,10.533606843575416,0.05654613688360908,1,54.91219135916657,0.10487394023406438,,54.91219135916657,54.91713159909061,54.90014500852421,54.93626754870288,54.85970773518727,54.86342523219115,54.81930610228731,54.82082227530598,54.807317418932506,54.79843197292297
320.0,10.550512104283051,10.550512104283051,0.05353656984001357,1,54.91005670266801,0.0914553150948052,,54.91005670266801,54.89700364142563,54.90098113518839,54.89051853819447,54.864283505565,54.8609517099456,54.827620665120556,54.83492426080744,54.8186013875732,54.84637230446942
321.0,10.59185870577281,10.59185870577281,0.05205342953920534,1,54.9100044895331,0.07884288882549839,,54.9100044895331,54.87910017709959,54.9036877755856,54.8474154401593,54.87053859027988,54.85530201517683,54.837423365501195,54.84049966669129,54.8311616007076,54.85981880064648
322.0,10.631983240223462,10.631983240223462,0.05144015478809032,1,54.91112146183077,0.06667634675142864,,54.91112146183077,54.873279064538735,54.90744334482624,54.833507876593856,54.877739891060614,54.85269930435501,54.84806959000207,54.83867727447414,54.84444511507934,54.83614818128411
323.0,10.650110567970204,10.650110567970204,0.053073829315016086,1,54.91283101690527,0.05475080473889449,,54.91283101690527,54.8971289921124,54.911723473613485,54.89785125662689,54.885413248855905,54.87618215928795,54.85913538864276,54.8575942867394,54.85808021216638,54.85669799573571
324.0,10.726489757914335,10.726489757914335,0.06025292465593742,1,54.91510456481556,0.04564882619706623,,54.913579879995034,54.883121873653764,54.91510456481556,54.87024815175139,54.892264354731516,54.89048570515141,54.86945573861849,54.901609244506446,54.871031543447536,54.99664686899327
325.0,10.718546322160147,10.718546322160147,0.05877741824961572,1,54.9144939763912,0.037919302240879915,,54.90996044205757,54.85723553396055,54.9144939763912,54.812499225626674,54.89551890686177,54.874760574606405,54.87657467415032,54.89540784856925,54.88115810339984,54.97683342013054
326.0,10.754189944134076,10.754189944134076,0.05704573968414015,1,54.91474954113555,0.030397443585279404,,54.90733036448957,54.86799092784107,54.91474954113555,54.84949399698935,54.89953576994364,54.88328081871898,54.88435209755027,54.89796603906757,54.89181997497787,54.953968512957054
327.0,10.766614292364988,10.766614292364988,0.05716724520788457,1,54.91618616816184,0.02311251125738778,,54.906016437068004,54.846734240506635,54.91618616816184,54.80162940028229,54.90461522274601,54.8737062435669,54.893073656904456,54.89939457156784,54.90329092505652,54.95653555556044
328.0,10.794925512104282,10.794925512104282,0.056057480902408384,1,54.9176095017119,0.01585195260665273,,54.904716188696646,54.84201129651003,54.9176095017119,54.79748634341615,54.90966918667921,54.872898761842684,54.90175754910525,54.900214714354064,54.91469726313745,54.94246043722033
329.0,10.82486615456238,10.82486615456238,0.05296120768965,1,54.92662339232265,0.02232975002324622,,54.9042936422994,54.86729712621878,54.91981441286021,54.867441065449704,54.91542187428258,54.88877517363978,54.91105732851863,54.901023887239596,54.92662339232265,54.90190313909835
330.0,10.835661080074486,10.835661080074486,0.052377840729466496,1,54.93992378398524,0.033872630473211984,,54.90605115351203,54.86643246346799,54.92399270669474,54.86346213254709,54.92295169806927,54.887743998592285,54.921938015840226,54.89602437675644,54.93992378398524,54.86590555598619
331.0,10.87639664804469,10.87639664804469,0.05716406566588983,1,54.95345842663641,0.045190264489036736,,54.90826816214737,54.9034172340999,54.928570252209205,54.96261501579773,54.93082837484061,54.92887398237835,54.93311317366269,54.93663944982961,54.95345842663641,54.95106734456032
332.0,10.87639664804469,10.87639664804469,0.05807839746806143,1,54.96504832428644,0.05750447955834659,,54.907543844728096,54.90839219715328,54.93045124787478,54.97569004896819,54.9362619994624,54.93717364844353,54.94209878973288,54.94408932292669,54.96504832428644,54.95372261249061
333.0,10.900634310986963,10.900634310986963,0.05760806486103916,1,54.97619060307839,0.06992537618089756,,54.906265226897496,54.89074180816833,54.931799201874036,54.931965094257066,54.94119464518337,54.931918688609066,54.950615504385844,54.949238605454745,54.97619060307839,54.969843793895464
334.0,10.884136405959028,10.884136405959028,0.06040689920700039,1,54.98756752902666,0.08213795066816232,,54.9054295783585,54.90278896093891,54.93353290385861,54.96706041419943,54.94646607928965,54.94971652627846,54.95942406297958,54.96917331253155,54.98756752902666,55.008164858164896
335.0,10.957867783985105,10.957867783985105,0.062265987248252185,1,54.99762952810223,0.09488431771515593,,54.902745210387074,54.90027199941359,54.93354629033461,54.965662261863905,54.95015567320132,54.955779698912195,54.96678926971173,54.98095281796837,54.99762952810223,55.03304954132917
336.0,10.967644320297953,10.967644320297953,0.06354832264763448,1,55.00711495104342,0.10794566945471473,,54.899169281588705,54.901300734896076,54.932741140848854,54.97456304005888,54.95311118125614,54.96306848343863,54.97350485396625,54.99116623862583,55.00711495104342,55.04966029363903
337.0,10.99860335195531,10.99860335195531,0.05903210864203045,1,55.0160299022388,0.12118796239738572,,54.89484193984141,54.90354591068009,54.93122381114944,54.98315851157595,54.955405729554904,54.96034857233126,54.97961071222145,54.97819625846132,55.0160299022388,54.98780501814783
338.0,10.99860335195531,10.99860335195531,0.05954360047931511,1,55.02693656540916,0.1333017861560748,,54.893634779253084,54.873389705567405,54.932539220120155,54.90669402275496,54.960256203586084,54.945194466116114,54.9879956991876,54.97711185173266,55.02693656540916,54.99494327708184
339.0,10.99860335195531,10.99860335195531,0.059283252597173874,1,55.03756874499754,0.14543254985009924,,54.892136195147444,54.9013734088636,54.93356394481833,54.982987879095816,54.96482370709366,54.96770481673497,54.9961054423461,54.988379899901744,55.03756874499754,54.9915374609893
340.0,11.002676908752331,11.002676908752331,0.058671702798637274,1,55.04825742898282,0.15740635167760075,,54.89085107730522,54.87704277237691,54.934759608730694,54.9207758929105,54.96952617886588,54.95399425996013,55.00431419585667,54.98346829941217,55.04825742898282,54.98144076220131
341.0,11.052170623836128,11.052170623836128,0.0628589430159064,1,55.05916928370384,0.1691460304904524,,54.890023253213386,54.88438721381162,54.93635123844003,54.94585241434683,54.974568866018004,54.970982947842266,55.01280742721244,55.007469268480946,55.05916928370384,55.040221720431916
342.0,11.101664338919928,11.101664338919928,0.06098975351800795,1,55.06841631582033,0.18173098149405575,,54.88668533432627,54.8821153215475,54.93564145711213,54.944802831240075,54.97752408088481,54.96980049569811,55.01942713541319,55.003566029050354,55.06841631582033,55.01422349489222
343.0,11.151158054003727,11.151158054003727,0.06636434965689898,1,55.07859612615713,0.19379368568527866,,54.88480244047185,54.87208014393252,54.936252441507946,54.92675060147418,54.98167318048004,54.97684046745922,55.027113860256115,55.026757936122586,55.07859612615713,55.08635424815939
344.0,11.16154562383613,11.16154562383613,0.06419265571817839,1,55.08659879177368,0.20696174854508342,,54.8796370432286,54.88378417555834,54.933854276599234,54.96535032703968,54.98309244368748,54.984302340513395,55.032350071049805,55.02496535593382,55.08659879177368,55.05534813370874
345.0,11.127938780260711,11.127938780260711,0.07308359972523074,1,55.09551694822353,0.21953460024601412,,54.87598234797752,54.882394485143436,54.93281341477086,54.97397777957164,54.985724786948076,55.00353918532105,55.03865515136712,55.06399943723925,55.09551694822353,55.17402792089257
346.0,11.177432495344508,11.177432495344508,0.064204743140817,1,55.10043074694764,0.23398948512824802,,54.86644126181939,54.85128463400918,54.9263529709211,54.90276289938793,54.9834117459583,54.96926770850923,55.040489052794,55.02291790133496,55.10043074694764,55.050877486457715
347.0,11.226926210428307,11.226926210428307,0.07434542746890363,1,55.109290857734564,0.2463406592666857,,54.86295019846788,54.85315294759751,54.925409974380074,54.923106316064185,54.98609685311272,54.992788131949084,55.04680181793724,55.06770620848672,55.109290857734564,55.18648676242529
348.0,11.243016759776538,11.243016759776538,0.07213491173918823,1,55.11392009735866,0.26084947798494795,,54.85307061937371,54.85374452029552,54.918615249867266,54.94083938922943,54.98347225799672,54.992141694024596,55.048346913247556,55.0616269257038,55.11392009735866,55.15293482905921
349.0,11.2851780726257,11.2851780726257,0.07423019326483875,1,55.11950320907184,0.27474213054752283,,54.844761078524314,54.85534687507848,54.91322991617321,54.960496791225495,54.9821096029919,55.00028772575525,55.05100650946308,55.07309832648317,55.11950320907184,55.17807758866273
350.0,11.32448789571695,11.32448789571695,0.06812222123111926,1,55.124286556838655,0.28898248929888126,,54.835304067539774,54.87010896870588,54.906778944502534,55.0087073257801,54.97977331841775,55.002137505780354,55.05278449408758,55.05495587983444,55.124286556838655,55.09218064262865
351.0,11.32448789571695,11.32448789571695,0.06828588362462608,1,55.13179112559294,0.3017467032683072,,54.83004442232463,54.83586753146765,54.90415062520675,54.92589244909894,54.98089631102847,54.9827920946506,55.057658393077745,55.04931859465297,55.13179112559294,55.09252375642429
352.0,11.352188081936687,11.352188081936687,0.07352527739166041,1,55.139170966048596,0.3144420163948922,,54.824728949653704,54.81410368226911,54.90144687546945,54.882944224587234,54.9819290130259,54.98098992054574,55.06242715101238,55.06734504820428,55.139170966048596,55.16125106787219
353.0,11.401681797020487,11.401681797020487,0.07111576732246862,1,55.14434390343778,0.328191977430933,,54.816151926006846,54.80787113241641,54.89574331362631,54.88178851645939,54.980227477878806,54.97520708612893,55.06472725449736,55.058449229419104,55.14434390343778,55.12552763046245
354.0,11.410439944134081,11.410439944134081,0.06709601138299452,1,55.15068688860809,0.34129344207555334,,54.80939344653254,54.766163455640985,54.89169188927954,54.78480553079001,54.98002022531876,54.94255696272362,55.068363795889,55.03391064806012,55.15068688860809,55.06882914235537
355.0,11.45993365921788,11.45993365921788,0.0725196475908388,1,55.15874191885836,0.35339898064709985,,54.80534293821126,54.79917101833506,54.89009651787926,54.88689536695999,54.98202296716446,54.97788075887729,55.073964283619745,55.06741012899449,55.15874191885836,55.14051760619447
356.0,11.465432960893855,11.465432960893855,0.07014825067925581,1,55.16459266384043,0.36660165866351235,,54.79799100517692,54.79385306386136,54.88547387347623,54.88506782624912,54.981272844716266,54.97286501216667,55.077086322872525,55.05881611931864,55.16459266384043,55.105726537555014
357.0,11.477449953445067,11.477449953445067,0.07348734126278138,1,55.171433402513244,0.37917212780623544,,54.79226127470701,54.7731077259803,54.882312432484454,54.84479298003099,54.98182880799053,54.96800083500772,55.08135933963566,55.069048478556375,55.171433402513244,55.14858218976882
358.0,11.487430167597768,11.487430167597768,0.07369001858152573,1,55.17682590573899,0.39237324944163987,,54.78445265629735,54.776403450581,54.87722876957752,54.86944302686974,54.98062119981251,54.97335835307478,55.08402744286453,55.0728185683917,55.17682590573899,55.148311655817494
359.0,11.528165735567972,11.528165735567972,0.07528896008301703,1,55.18211538760068,0.40550845684379766,,54.776606930756884,54.772813520302485,54.87208899500035,54.87594897499929,54.97934351656725,54.976657225513804,55.086611515894774,55.08015121254518,55.18211538760068,55.166860049608104
360.0,11.528165735567972,11.528165735567972,0.0743910911413857,1,55.18681572003122,0.41888449367250047,,54.76793122635872,54.75925996995252,54.866177349320836,54.855774172585846,54.97735625915132,54.96854860339435,55.088548319345406,55.074672285262906,55.18681572003122,55.151391376099554
361.0,11.55321810986965,11.55321810986965,0.07265059258277182,1,55.19185088365483,0.43195143915973944,,54.75989944449509,54.75764152269941,54.86082953865232,54.86533031156099,54.97585836785288,54.96695343764644,55.090900028229505,55.0690330427443,55.19185088365483,55.12488146610942
362.0,11.60271182495345,11.60271182495345,0.07544679794830011,1,55.197680750292754,0.4445286713924901,,54.753152078900264,54.788281396999686,54.85664150261223,54.95850718149444,54.975400025419624,54.995666209940666,55.09417106844798,55.090114213736435,55.197680750292754,55.16003526597609
363.0,11.611469972067038,11.611469972067038,0.08168104042409981,1,55.20243853786883,0.4576128474395844,,54.744825690429245,54.751342124746365,54.851000772914425,54.87787022494637,54.97361612314824,54.98496336424451,55.096243689423304,55.10645830222273,55.20243853786883,55.24080354346847
364.0,11.650372439478588,11.650372439478588,0.08011645948299469,1,55.20448278856034,0.4719473352133363,,54.732535453347005,54.729855039052836,54.841708029666684,54.84187368091638,54.968493520620534,54.96986242466393,55.095290929171874,55.09533218035169,55.20448278856034,55.21485780054252
365.0,11.669721834264433,11.669721834264433,0.08490373092914821,1,55.20729820380358,0.48581733959068885,,54.72148086421289,54.736317218908866,54.83353020567268,54.88190630785366,54.964374314268426,54.98537376532784,55.095230049714026,55.11708096634979,55.20729820380358,55.27502194038296
366.0,11.69110800744879,11.69110800744879,0.0878820869842094,1,55.20806504679609,0.5006101509471534,,54.70745489584893,54.703104995894904,54.82260950249721,54.82086335781451,54.95774512447341,54.970522676474445,55.09289208843611,55.12045221921105,55.20806504679609,55.30959714941484
367.0,11.72797369646183,11.72797369646183,0.09001424354685819,1,55.20757290657642,0.5159207263062768,,54.69165218027014,54.69539547915918,54.810037224790165,54.83060689488188,54.94959806128933,54.971122355962486,55.089169961157225,55.126968666952436,55.20757290657642,55.33207210865034
368.0,11.73673184357542,11.73673184357542,0.08820010337450979,1,55.20624682325046,0.5315585255002162,,54.674688297750244,54.661147464966064,54.79638032198917,54.76971110620706,54.94045343479293,54.94645775740404,55.08453733867961,55.11046365648563,55.20624682325046,55.30092009682604
369.0,11.786225558659218,11.786225558659218,0.08482502524425244,1,55.205686759404934,0.5466645434834021,,54.65902221592153,54.667681287706344,54.78388166162038,54.81327245870085,54.93234070905357,54.94656917767983,55.08081028241043,55.09878421683372,55.205686759404934,55.24936507099033
370.0,11.813314711359403,11.813314711359403,0.07946942779597832,-1,55.20672316285572,0.5609081358132784,,54.64581502704244,54.665413458744496,54.773620600180756,54.825644323525594,54.92625565389821,54.937431376473064,55.07890097566721,55.077130182334464,55.20672316285572,55.17216568346455
371.0,11.813314711359403,11.813314711359403,0.0814125235238019,-1,55.192004369603644,0.5376255172659867,,54.65437885233766,54.62536345564302,54.77574469938638,54.7011962070524,54.92317849764532,54.906460863438504,55.07062231359563,55.06635464865753,55.192004369603644,55.19486939671155
372.0,11.853235567970204,11.853235567970204,0.08272577261210229,-1,55.17613391317534,0.5141284144333937,,54.66200549874195,54.633416973366266,54.77695270716574,54.708753403616946,54.919056912921526,54.906413131354164,55.061170891690125,55.06587132488855,55.17613391317534,55.20862783972441
373.0,11.8619937150838,11.8619937150838,0.0837304588729088,-1,55.15968223291383,0.4905691640235901,,54.66911306889024,54.648300694602455,54.77769791895388,54.73432664910191,54.914385170695105,54.91037632528805,55.05108195646801,55.06589229497776,55.15968223291383,55.21795073551105
374.0,11.9114874301676,11.9114874301676,0.07590304091347912,-1,55.14273527426388,0.46702103230782654,,54.67571424195605,54.63878985835174,54.778008320038715,54.68979762045656,54.909212583355874,54.881714295177964,55.04042614735939,55.024364360408825,55.14273527426388,55.108080271560866
375.0,11.93552141527002,11.93552141527002,0.07726084775099352,-1,55.13126934826841,0.4455864987221716,,54.68568284954624,54.67146846221419,54.782277638802746,54.75848988597593,54.908464220060296,54.89982421614001,55.034659875951206,55.03234801932198,55.13126934826841,55.124192277248895
376.0,11.93552141527002,11.93552141527002,0.07728825415968164,-1,55.11911285466862,0.42405138054465397,,54.69506147412397,54.695378131862235,54.78599071744702,54.80125378127108,54.90707557461463,54.909600469490094,55.02816928558921,55.03247754090289,55.11911285466862,55.12205280689235
377.0,11.937761871508382,11.937761871508382,0.08411507715613797,-1,55.10705160289722,0.4027316687880145,,54.70431993410921,54.67611108532946,54.78969364826072,54.735266771804184,54.90567446075957,54.9026095683081,55.02166391160741,55.04813028822326,55.10705160289722,55.21157286418238
378.0,11.976256983240226,11.976256983240226,0.08235580994620258,-1,55.090616382157954,0.38001328414911484,,54.71060309800884,54.67742163158695,54.790127203353784,54.72459638091167,54.90059870919104,54.892703134520026,55.01107864188163,55.034118169323165,55.090616382157954,55.18359436552864
379.0,12.015770484171323,12.015770484171323,0.07736882856677327,-1,55.07561132159308,0.35794394644466365,,54.717667375148416,54.683483102252794,54.79155738030414,54.72329135768438,54.896628587129925,54.880587361252424,55.00170801481352,55.009178348051336,55.07561132159308,55.11269036576725
380.0,12.057728119180634,12.057728119180634,0.07026085886155743,-1,55.064155590190325,0.3372749159035138,,54.72688067428681,54.7036332652041,54.79553519083412,54.75387543441163,54.895507632892006,54.875192112105545,54.995488095738196,54.98081390047664,55.064155590190325,55.01464016414132
381.0,12.09500116387337,12.09500116387337,0.07094964785609072,-1,55.057637447415075,0.31848538526327985,,54.739152062151796,54.722957693167565,54.803083817692254,54.78195848427344,54.89838450933653,54.88481549337129,54.993693027806955,54.98467485801525,55.057637447415075,55.02362526644378
382.0,12.09846368715084,12.09846368715084,0.0740460465530174,-1,55.05089643389228,0.2997175380033923,,54.751178895888884,54.73877995628229,54.81043313290859,54.80211159278197,54.9010276673567,54.896448590283086,54.99162983924219,54.99710974550062,55.05089643389228,55.064869341679675
383.0,12.11251745810056,12.11251745810056,0.07779380637643418,-1,55.04222126284008,0.2804056719246404,,54.76181559091544,54.800610129959445,54.81629520822181,54.943882587517095,54.902008671930425,54.940071885896266,54.98772958775672,55.023728599951724,55.04222126284008,55.11405679802343
384.0,12.11638733705773,12.11638733705773,0.07566518154936824,-1,55.03123031650149,0.26040389167059175,,54.7708264248309,54.82598413810552,54.82039752157508,54.98270783246447,54.90101885321318,54.9480254476828,54.98164745553938,55.016506412776835,55.03123031650149,55.083071397096646
385.0,12.16160381750466,12.16160381750466,0.07253418517362574,-1,55.02175090380957,0.24109434480584468,,54.780656559003724,54.82117597788993,54.82552854472118,54.93973773806984,54.90119444522588,54.93415689989383,54.97686743974235,54.99784581683727,55.02175090380957,55.03920582002599
386.0,12.17993482309125,12.17993482309125,0.07111511051584807,-1,55.01459228405078,0.2227010573573125,,54.791891226693465,54.84847918547576,54.83232622401607,54.981900588476805,54.90323269421224,54.94569678542871,54.97414608651946,54.99542493691455,55.01459228405078,55.01929302777762
387.0,12.229021182495345,12.229021182495345,0.07147284927957084,-1,55.008519114122144,0.20481272949304952,,54.803706384629095,54.84207449371941,54.839860992868985,54.93541054385021,54.90610390750468,54.937934232652665,54.972353576729525,54.99148137375856,55.008519114122144,55.0237235217848
388.0,12.26140595903166,12.26140595903166,0.0708169916662312,-1,55.00247874439352,0.18700920799309984,,54.81546953640042,54.82195066386735,54.847393582130564,54.855529427615394,54.908965512576664,54.91887396408348,54.97054403409173,54.980145098083064,55.00247874439352,55.01440717531844
389.0,12.28727304469274,12.28727304469274,0.06913641491361217,-1,54.997071442412945,0.16952428021085097,,54.827547162202094,54.8562622106524,54.85534719768152,54.92023499419201,54.912300883233044,54.93490358977866,54.96926100038586,54.97963687312912,54.997071442412945,54.99147181197919
390.0,12.302141527001865,12.302141527001865,0.06766032677015317,-1,54.99294148425458,0.1525909277956785,,54.8403505564589,54.8686630170579,54.86418926448766,54.92387149176559,54.91663780467028,54.93566674832792,54.969092621079525,54.971755063534864,54.99294148425458,54.962468556428696
391.0,12.342877094972069,12.342877094972069,0.07125361490087087,-1,54.98990768855282,0.13615441897116654,,54.85375326958165,54.87455014877286,54.873777548905636,54.91470708001288,54.92182246159195,54.94396963185261,54.96987349908499,54.98797976499361,54.98990768855282,55.02074210281717
392.0,12.342877094972069,12.342877094972069,0.06984697099833213,-1,54.984740999658335,0.11903703512863473,,54.8657039645297,54.86261517453333,54.88176586401501,54.85847178252535,54.9252146586736,54.929257156518545,54.96866942989415,54.97652681661766,54.984740999658335,55.0013697809733
393.0,12.36304120111732,12.36304120111732,0.06950031654526087,-1,54.980569472584,0.1024005000952144,,54.87816897248879,54.874497672036654,54.89040988486733,54.86724711573281,54.929361588234926,54.932790190796375,54.968319123690414,54.97607294819198,54.980569472584,54.99667123912828
394.0,12.41253491620112,12.41253491620112,0.06894789013538064,-1,54.97677156204688,0.0859943206294318,,54.890777241417446,54.93042148637195,54.899274378005444,54.98929500955262,54.933766951920504,54.964405301432414,54.96826521698575,54.983103577586974,54.97677156204688,54.97735718464829
395.0,12.42434823091248,12.42434823091248,0.06859519205630654,-1,54.97359295294561,0.06986268069404389,,54.903730272251565,54.939541488553246,54.908570531509895,54.98475895165484,54.93865434272899,54.9669249008704,54.96874370763474,54.982562910587,54.97359295294561,54.97507359436486
396.0,12.465083798882686,12.465083798882686,0.06899269902503548,-1,54.97075560185259,0.05395607671637492,,54.91679952513621,54.93100220765805,54.91805615464774,54.936014096826746,54.94377046916487,54.95987338252824,54.96949020326794,54.98273246195327,54.97075560185259,54.990422894324865
397.0,12.479544925512107,12.479544925512107,0.07348396703898218,-1,54.97016727505346,0.04268793609070087,,54.929777807152284,54.94988671371663,54.92747933896276,54.963942444163465,54.948820662669874,54.97745641593481,54.97016727505346,55.00382948231995,54.967877364121165,55.05113234284219
398.0,12.505819366852888,12.505819366852888,0.07181094247534087,-1,54.96822534946139,0.03346544751369862,,54.94081910883119,54.955172225961185,54.93475990194769,54.95432427877529,54.95149004549794,54.97393780123179,54.96822534946139,54.99600163690914,54.962174492300846,55.027556871401
399.0,12.537796787709501,12.537796787709501,0.07403252462564279,-1,54.96740242430476,0.024477551202203074,,54.95259593765415,54.966547029701445,54.942924873102555,54.96306172130082,54.95516113097958,54.9819521510585,54.96740242430476,55.005695696475904,54.95773950727847,55.05693412321644
400.0,12.546554934823096,12.546554934823096,0.07192081746534472,-1,54.965389364139774,0.015278087078939961,,54.963470007740966,54.99935488812952,54.950111277060834,55.025676731056436,54.957747863967164,54.99636069809939,54.965389364139774,55.003526429346685,54.95203858329061,55.02733058091348
401.0,12.587290502793298,12.587290502793298,0.07253390789189756,-1,54.97520174507904,0.027377782871113254,,54.97520174507904,55.01407078499573,54.958326568051916,55.03503935692962,54.96150657785718,54.99301781920536,54.96469138193689,54.983809075015394,54.94782396220793,54.9536671996841
402.0,12.604806797020487,12.604806797020487,0.0722575866736022,-1,54.98675245129391,0.0433233843136378,,54.98675245129391,55.00765668071007,54.96637382759054,54.99791051858078,54.965084635424354,54.995431919515276,54.96380012135873,55.00182772519876,54.94342906698027,55.03060835228095
403.0,12.628026070763504,12.628026070763504,0.07043131348571133,-1,54.9984131945654,0.059066231307241424,,54.9984131945654,55.005382582233075,54.97459387927026,54.96543695990298,54.968874103550846,54.979787485574576,54.96315889260128,54.97633756270626,54.93934696325816,54.951646061131896
404.0,12.663058659217882,12.663058659217882,0.07881365219207621,-1,55.01087012392609,0.0742573998612599,,55.01087012392609,55.07333066334834,54.983758875197694,55.11821867900393,54.97373559315536,55.0182491759253,54.96371676547877,54.982889671868726,54.93661272406483,54.919338453468924
405.0,12.671816806331472,12.671816806331472,0.07506548867972287,-1,55.01980056639464,0.09121552658760379,,55.01980056639464,55.06248435219875,54.98896682663573,55.065327310609234,54.97418711434776,55.00260680648045,54.95941174788069,54.96650480996575,54.92858503980704,54.890359802365104
406.0,12.709497206703912,12.709497206703912,0.07398912087042211,-1,55.030293869519426,0.10717519401460152,,55.030293869519426,55.04950453171776,54.9959992771639,55.00683802646105,54.97670072192054,54.98433516462837,54.957406406952074,54.94706989150086,54.923118675504824,54.849367710780704
407.0,12.730068668528865,12.730068668528865,0.07487634609655903,-1,55.04132006688462,0.12275239292767992,,55.04132006688462,55.06045911386493,55.003670224534474,55.01905656240495,54.97993845450542,54.99805467344119,54.95621082186777,54.968450814253735,54.91856767395694,54.92515038738863
408.0,12.750232774674117,12.750232774674117,0.07479388608590895,-1,55.05197257677784,0.13839451523534763,,55.05197257677784,55.058126730553944,55.0109603518021,54.989716811348245,54.982770034757706,54.98368961602548,54.95458375463778,54.94536186982335,54.913578061542495,54.85890799037552
409.0,12.750232774674117,12.750232774674117,0.07476344264023736,-1,55.06266592894765,0.1538823904891231,,55.06266592894765,55.05654234121007,55.01833857061486,54.97062691171508,54.985719577610574,54.986496131535155,54.95310452351067,54.95855812670062,54.90878353845853,54.917428597137906
410.0,12.797078677839853,12.797078677839853,0.075783973503269,-1,55.07330062741109,0.1692295632474199,,55.07330062741109,55.06915093513786,55.025701321136225,54.982902438926565,54.988680814885925,54.98169583999535,54.95166415190253,54.93849848855514,54.904071064163674,54.84704016283854
411.0,12.831703910614527,12.831703910614527,0.07556599537643618,-1,55.08360724227507,0.18467351826897982,,55.08360724227507,55.06481698210975,55.032719294153964,54.96069888125562,54.99126557450203,54.988809830995386,54.949815604716434,54.96447984664158,54.89893372400609,54.95204620693498
412.0,12.855330540037244,12.855330540037244,0.07666283669666143,-1,55.09407060178593,0.1999353826099366,,55.09407060178593,55.078286642000876,55.039946762479026,54.977463200344545,54.994098121110795,54.98689946680327,54.94825313849595,54.95007497698711,54.89413521917599,54.89826132062256
413.0,12.87243947858473,12.87243947858473,0.07932290541203686,-1,55.10408363343283,0.21531147527131367,,55.10408363343283,55.11254735675967,55.04670201623424,55.05214564041704,54.996423222911545,55.0088027730984,54.94614799935596,54.96176970324752,54.888772158161515,54.917685722123075
414.0,12.913175046554937,12.913175046554937,0.08108662282400592,-1,55.11294862745034,0.23114935423124905,,55.11294862745034,55.13403842201206,55.052200498604414,55.08404314750573,54.99736939137054,55.00143112865769,54.94254176687553,54.924873078066646,54.881799273219094,54.7852507236507
415.0,12.922340549348233,12.922340549348233,0.08183530176580307,-1,55.12114197918727,0.2472429355781216,,55.12114197918727,55.14141858346179,55.05697065975293,55.088244173198866,54.9975160637528,55.00755758838178,54.93806486545155,54.93349805552152,54.87389904360915,54.827350648588144
416.0,12.953910614525139,12.953910614525139,0.08233910908489646,-1,55.128977987394855,0.26336265082264276,,55.128977987394855,55.145350226651715,55.061384307009725,55.084125195870946,54.99729232301108,55.01113283177909,54.93320365369256,54.94122058398738,54.86561533657221,54.86782891739873
417.0,12.980592411545624,12.980592411545624,0.08365517948151224,-1,55.136649374679145,0.2794535127842934,,55.136649374679145,55.16014699721584,55.06564761946831,55.10201870448562,54.996918385379686,55.00451677822301,54.92819238494462,54.91392681747904,54.85719586189485,54.777311648387666
418.0,12.994646182495345,12.994646182495345,0.08513921329085383,-1,55.14378763741251,0.29569600178813005,,55.14378763741251,55.17690802835144,55.06934661843766,55.12867529241644,54.995935507204535,55.007919726092496,54.922527550486635,54.90540485597916,54.84809163562438,54.753525505823866
419.0,13.03884427374302,13.03884427374302,0.08558233615746313,-1,55.15027145376025,0.31212512211860144,,55.15027145376025,55.179305095432596,55.07235122072573,55.11569747244545,54.994204864578265,54.99563968452189,54.91606158564281,54.87997739620692,54.838146331641646,54.687026119237544
420.0,13.088337988826817,13.088337988826817,0.08409094428866964,-1,55.15666677028093,0.3285078345256309,,55.15666677028093,55.155587812959354,55.07528569005867,55.04399916329611,54.99240892364568,54.98617553102226,54.90953515900621,54.892283549502274,54.8281589357553,54.774833024821135
421.0,13.116852886405962,13.116852886405962,0.08455957472521805,-1,55.1638289600178,0.3444171336759254,,55.1638289600178,55.158759252052405,55.07911178502816,55.04036034766002,54.99161656000948,54.98410110398575,54.90412426327248,54.88922487822122,54.81941182634188,54.779244753472675
422.0,13.116852886405962,13.116852886405962,0.08446013234019392,-1,55.17083204614535,0.36029135675830304,,55.17083204614535,55.154212332185836,55.0827926826467,55.01955684607006,54.99068262848164,54.98263960689732,54.89857543087589,54.8970340439208,54.81054068938705,54.827265567065226
423.0,13.155347998137806,13.155347998137806,0.08556976158993113,-1,55.177810723778684,0.3760055927172985,,55.177810723778684,55.166048466167865,55.08649402588115,55.03840904668339,54.98980427971366,54.98180723938829,54.89311732014596,54.88676275078302,54.801805131061386,54.796062196662746
424.0,13.157588454376166,13.157588454376166,0.08613744847446568,-1,55.184393535644624,0.3918275379708476,,55.184393535644624,55.17034329537059,55.08977682977639,55.04063093911768,54.98847620837609,54.983884300284224,54.88717830526228,54.89169165067312,54.792565997673776,54.82547904639613
425.0,13.172864292364995,13.172864292364995,0.08836823960749825,-1,55.19067355445487,0.4076365068915635,,55.19067355445487,55.19696027073736,55.092764384728916,55.10306101893305,54.986851830000916,55.00515765414435,54.88094192688728,54.91154125407932,54.783037047563305,54.884556534758865
426.0,13.22235800744879,13.22235800744879,0.08827383252267296,-1,55.19598354698376,0.4237969401995372,,55.19598354698376,55.19170951689375,55.094697975726916,55.07598673664741,54.98408169117832,54.99163855089953,54.873467993078776,54.894367379433156,54.772186606784224,54.84573384192171
427.0,13.239059590316575,13.239059590316575,0.0903038793193068,-1,55.20146151161792,0.4397949856384429,,55.20146151161792,55.21519002570706,55.09684478730334,55.1256819719323,54.981560716292215,54.99967191582135,54.866279168171616,54.889076746158665,54.76166652597948,54.82215244243104
428.0,13.279795158286781,13.279795158286781,0.09045843928669484,-1,55.20606193242281,0.4560967090108292,,55.20606193242281,55.21292563897081,55.09804201140345,55.10841139130305,54.97801035671121,54.992716828062285,54.857981162801586,54.88201489001759,54.749965223411984,54.81864840392235
429.0,13.289368016759779,13.289368016759779,0.0910019913812661,-1,55.210689494896435,0.4722885882304695,,55.210689494896435,55.21594832944026,55.09929835536755,55.10380717214887,54.97454205888469,54.9842614963089,54.849788162597235,54.86535175745916,54.738400906665966,54.7769348259705
430.0,13.320530726256985,13.320530726256985,0.0927703903546689,1,55.215054964780464,0.48845650097518956,,55.215054964780464,55.23541372160484,55.1003026354036,55.142019490203246,54.97082364979043,54.98498606909026,54.84134700524886,54.84840807244014,54.726598463805274,54.72106815768817
431.0,13.320530726256985,13.320530726256985,0.09039468535588713,1,55.19755633551706,0.4625527707339785,,55.19755633551706,55.1986476545838,55.089964329629154,55.08095463958509,54.96627696125297,54.97052963187411,54.84259187619105,54.85114629747302,54.735003564783085,54.75287002320437
432.0,13.356378026070765,13.356378026070765,0.08812587553941942,1,55.181778863332845,0.43750167637598025,,55.181778863332845,55.164064602065736,55.08105192449182,55.01997793484913,54.96302510983358,54.944818969103785,54.84500052227503,54.827636754429314,54.744277186956865,54.68989507002647
433.0,13.365136173184357,13.365136173184357,0.08837867337128989,1,55.167781985495346,0.4132638395697441,,55.167781985495346,55.16415664632542,55.07364002144282,55.05066190999399,54.9611472220297,54.94733436081764,54.84865659499544,54.82367753329511,54.7545181459256,54.66341819955458
434.0,13.402001862197395,13.402001862197395,0.08750721835850227,1,55.153787310919,0.38922838491266987,,55.153787310919,55.149098488007006,55.0661074617102,55.03833014468564,54.95917034466802,54.93611984746425,54.85223534661644,54.807782906015646,54.76455892600633,54.611630352247566
435.0,13.423388035381755,13.423388035381755,0.08769358173254198,1,55.140643970248824,0.36565705955499794,,55.140643970248824,55.148597708145694,55.05924168410834,55.06673830504409,54.95781273479279,54.945180161597946,54.85638585243176,54.818297018920916,54.774986910693826,54.638743363211134
436.0,13.472881750465554,13.472881750465554,0.08573734338347003,1,55.12758928983326,0.34229238424091335,,55.12758928983326,55.119237322974556,55.05234806029707,55.02036116278552,54.9564404584886,54.941221655415795,54.86053487286805,54.83575382851149,54.78529690559235,54.71510111790127
437.0,13.483472998137804,13.483472998137804,0.08633433630388923,1,55.11614260280004,0.3196349014266744,,55.11614260280004,55.12487263518368,55.046824470403415,55.063281153024846,54.9563225775725,54.957888339522306,54.86582265149546,54.856742116614996,54.796507701373365,54.76703859123451
438.0,13.490398044692737,13.490398044692737,0.08406370825134532,1,55.10446267550555,0.29707352669648657,,55.10446267550555,55.09175537703263,55.04098595902462,55.0019719254036,54.9559234007999,54.94604144910924,54.87086276108156,54.86284216351403,54.807389148809065,54.80194978678904
439.0,13.524208566108008,13.524208566108008,0.08480292758723225,1,55.094422053966106,0.27527847411369777,,55.094422053966106,55.099862217774856,55.03654085289658,55.046140206017036,54.95678036703545,54.95690309401002,54.87702175271141,54.869123576072184,54.81914357985241,54.79719228054896
440.0,13.548649906890128,13.548649906890128,0.08361995313952522,1,55.084137438030695,0.25353367938831184,,55.084137438030695,55.08190538284495,55.0317880659361,55.02460922049098,54.95736820848041,54.96150689039727,54.88295017671238,54.89319901855141,54.83060375864238,54.87842369601555
441.0,13.59814362197393,13.59814362197393,0.08234714035484536,1,55.07483628621158,0.23228661696948194,,55.07483628621158,55.06310079069528,55.02784593722995,54.99337803706169,54.95869064635666,54.94894703594037,54.889537136491725,54.88163582668378,54.842549669242096,54.834278820598605
442.0,13.605679702048421,13.605679702048421,0.0821225179494132,1,55.066670774112744,0.21155055379048093,,55.066670774112744,55.058799527755454,55.024866441372936,55.00359351723935,54.96089322283751,54.957023482107424,54.89692174177382,54.89747990665996,54.85512022032226,54.87212855468057
443.0,13.605679702048421,13.605679702048421,0.08305375427791982,1,55.05878209346255,0.19107387844714907,,55.05878209346255,55.070159358049224,55.02205640498653,55.05304300607043,54.96324293544496,54.97457034995013,54.90443116091121,54.91505905784219,54.8677082150154,54.900644573413985
444.0,13.624418063314712,13.624418063314712,0.08091821376624687,1,55.05037872167861,0.17058400721150946,,55.05037872167861,55.03996752518721,55.01869452431943,54.98849817894075,54.96508455355118,54.95476308197783,54.91147623633037,54.90149702849335,54.8797947144671,54.86044136392489
445.0,13.67391177839851,13.67391177839851,0.07947035567547979,1,55.04354975288181,0.150791339077756,,55.04354975288181,55.01965151401782,55.0166947302403,54.95195403265167,54.96815197166566,54.94656082010517,54.91961082626893,54.901636059875116,54.89275841380405,54.85860729944196
446.0,13.72340549348231,13.72340549348231,0.07895320476645887,1,55.03795721092788,0.13152673514927926,,55.03795721092788,55.012286378138455,55.01576421376888,54.951673336358546,54.97219178316384,54.954645476955264,54.92862092640347,54.921967454922104,54.9064304757786,54.91345237383342
447.0,13.727886405959035,13.727886405959035,0.08375519951058666,1,55.03298473791693,0.11256766137933027,,55.03298473791693,55.055015934664716,55.01534460860237,55.076740949274324,54.97669889724719,54.98585234812953,54.938054721380176,54.93188368951295,54.920417076537596,54.884937384891444
448.0,13.7409217877095,13.7409217877095,0.08417275913515906,1,55.02495978549566,0.09268350800526548,,55.02495978549566,55.0506118356972,55.01207182734046,55.08081700037649,54.97861607070826,54.99314399565438,54.94516181198235,54.94556243557465,54.932276277490395,54.91788030351424
449.0,13.768621973929239,13.768621973929239,0.07964858862815691,1,55.0168044353929,0.07289527460279288,,55.0168044353929,55.01822513626368,55.00861319593151,55.011838141677735,54.98035488531574,54.981725732205064,54.952098035930646,54.95284274349643,54.943909160790106,54.95353747670928
450.0,13.79917364990689,13.79917364990689,0.07973147644661771,1,55.01181908760027,0.05433615134356273,,55.01181908760027,55.016489863218915,55.007988441925605,55.018973821379646,54.9846491457983,54.986723965002284,54.961311275267626,54.95975363987462,54.95748293625671,54.95561122816248
451.0,13.809357541899443,13.809357541899443,0.08524001569566232,1,55.0074443995154,0.03686496711670628,,55.00697959630258,55.04251542480737,55.0074443995154,55.09281338417259,54.989011220542544,54.997573362070035,54.970579432398694,54.94529729849595,54.97104648602006,54.85983529987473
452.0,13.81668994413408,13.81668994413408,0.08785221620702616,1,55.00365128653994,0.0264572399734746,,54.99864487185738,55.04866221618238,55.00365128653994,55.1261356682174,54.99042198818176,55.01781012574066,54.97719404656647,54.974010275239635,54.98220265650508,54.93866215957425
453.0,13.850093109869647,13.850093109869647,0.088654382100986,1,54.99834018536685,0.015791129505792867,,54.988715517561246,55.044741891280786,54.99834018536685,55.13439616020504,54.99044395890637,55.03156406968623,54.98254905586106,55.00108421852115,54.992175864997336,55.01988175888036
454.0,13.874941806331476,13.874941806331476,0.0831476354224379,1,55.001842692533785,0.02335638815520724,,54.97848630437858,55.01095241319021,54.992701986325145,55.057482597830464,54.99016280866832,55.00685082387529,54.98762492189458,54.98106918734021,55.001842692533785,54.96411849231636
455.0,13.92443552141527,13.92443552141527,0.08130072413130318,1,55.01386992403174,0.0418105231793362,,54.9720594008524,54.99701260071193,54.990482285026374,55.03143587337867,54.99296301399035,55.00073172854367,54.995445002259395,54.9781937592619,55.01386992403174,54.947701343708765
456.0,13.933193668528865,13.933193668528865,0.08020270899089142,1,55.02679226785638,0.05967385828632388,,54.967118409570055,54.9862538201315,54.98958068596418,55.01600603981576,54.996953730520325,55.00611769345628,55.00432800362653,54.99693730261009,55.02679226785638,55.00204603018984
457.0,13.982687383612664,13.982687383612664,0.08227866633739019,1,55.04013054980353,0.07712421674390413,,54.963006333059624,54.99406523942073,54.9893865618136,55.04365445501782,55.00156687247595,55.012081960726185,55.013748381713754,54.99477090133841,55.04013054980353,54.9652774944699
458.0,14.013035381750466,14.013035381750466,0.08455120021444414,1,55.05268647918827,0.09488567417560745,,54.95780080501266,55.00175870368718,54.98815967875296,55.073393058156505,55.00524211149552,55.02275526320944,55.02232571351623,55.002365869050514,55.05268647918827,54.96549513619828
459.0,14.013035381750466,14.013035381750466,0.08241659290690494,1,55.064299532205744,0.11299852257779008,,54.951301009627954,54.98597798105669,54.98570939961701,55.04314847700589,55.007798777800716,55.018954377081684,55.02988929662367,55.00666038911557,55.064299532205744,54.97765727692307
460.0,14.049697392923651,14.049697392923651,0.08537028209359576,1,55.07674120699694,0.1304637559238273,,54.946277451073115,54.96618975873085,54.98455711987342,55.00612334712876,55.011507872420275,55.024640704596436,55.0384597377218,55.03729955904767,55.07674120699694,55.08207528499081
461.0,14.058455540037244,14.058455540037244,0.08805366860193323,1,55.087973154803116,0.1484360341386548,,54.93953712066446,54.97583724038999,54.98179985056318,55.047243042745414,55.01375371682153,55.04104222404478,55.04570866856028,55.05604633481155,55.087973154803116,55.116573654471516
462.0,14.094506517690874,14.094506517690874,0.08707818976236892,1,55.09800027751242,0.16684770524146586,,54.93115257227095,54.95767192557925,54.97749292990086,55.01375619012887,55.01457503888965,55.0318736335668,55.051658206689794,55.052517607405015,55.09800027751242,55.10107506530865
463.0,14.138908286778399,14.138908286778399,0.08931610838363664,1,55.10850328989109,0.18487153438619686,,54.92363175550489,54.89948525458259,54.973937682049616,54.877859353666615,55.01606617071911,55.001137957533714,55.05819569220858,55.051091108928006,55.10850328989109,55.129187331533174
464.0,14.175977653631286,14.175977653631286,0.0990937169664758,1,55.118134158218055,0.20323263850339401,,54.91490151971466,54.91775687664426,54.96924336985174,54.95570504634127,55.016516520241154,55.03552232323006,55.06379067804699,55.099460280981546,55.118134158218055,55.25832257374309
465.0,14.175977653631286,14.175977653631286,0.09698069741729362,1,55.12361812238997,0.2236124911076658,,54.900005631282305,54.87725629065659,54.95887351083621,54.87798006882669,55.01181059082675,55.00832723717149,55.06474865324105,55.084253998844225,55.12361812238997,55.22463319729085
466.0,14.175977653631286,14.175977653631286,0.10014401174642946,1,55.129925873833336,0.24332845079011634,,54.88659742304322,54.859334766106585,54.94980827372473,54.863614582678224,55.008260394274046,55.005859727355954,55.066713472919595,55.095897397837604,55.129925873833336,55.26271843916269
467.0,14.192475558659222,14.192475558659222,0.09549049052523072,1,55.13478669386413,0.2635651815125186,,54.87122151235161,54.86112008761483,54.938890212981015,54.89880040749076,55.00300288008639,55.0026518362233,55.067116481497045,55.08154103278611,55.13478669386413,55.1947091819504
468.0,14.21671322160149,14.21671322160149,0.0968496222644145,1,55.14163393564086,0.28257709701201605,,54.859056838628845,54.865575993081535,54.93086184855242,54.93719095722592,55.000344194359194,55.01234110272166,55.06982745136549,55.09168853674369,55.14163393564086,55.20908909076878
469.0,14.250727420856613,14.250727420856613,0.09511208062040173,1,55.14790941557996,0.3017155767768216,,54.84619383880314,54.88669720517509,54.922154357937686,55.0159061491072,54.99705046394892,55.027875450485844,55.07194745859846,55.0937193417436,55.14790941557996,55.18145349899733
470.0,14.259485567970207,14.259485567970207,0.09367679776254569,1,55.15498736515564,0.3202926715834735,,54.83469469357217,54.875793278853344,54.914658283766634,55.00424319897894,54.994839894879185,55.02240155562593,55.075022372660946,55.08836256099359,55.15498736515564,55.15844883848015
471.0,14.308979283054004,14.308979283054004,0.0985979021932506,1,55.16263873610386,0.3383827924545457,,54.82425594364931,54.85010560474919,54.90809039329393,54.95673321412545,54.993446233403446,55.01818460220546,55.07880291878323,55.104056608076945,55.16263873610386,55.221555753251124
472.0,14.338919925512105,14.338919925512105,0.10015564875645808,1,55.1682843014551,0.3573953147245277,,54.810888986730575,54.83669638644739,54.89881594112709,54.946246912679904,54.98958556505791,55.01595375374299,55.08035601329807,55.10936120697203,55.1682843014551,55.23806951192456
473.0,14.367231145251399,14.367231145251399,0.10025384089291657,1,55.17329725724425,0.3765760982893127,,54.79672115895494,54.81059196564477,54.88877226070854,54.9029017316045,54.98500815585897,55.00235514694858,55.081244854849714,55.10534886596864,55.17329725724425,55.23458343953977
474.0,14.37965549348231,14.37965549348231,0.10307343716309267,1,55.17830169745697,0.3956015225879881,,54.782700174868985,54.76485628189252,54.87882624518529,54.8113202867256,54.98049991005356,54.98010602699918,55.08217435879968,55.10677939855398,55.17830169745697,55.26783637520528
475.0,14.42548300744879,14.42548300744879,0.09835434619805612,1,55.18206040481781,0.4150707108714897,,54.76698969394632,54.75139585950722,54.86729226634517,54.806061147500586,54.974524048817756,54.966056926659135,55.08175659565347,55.0869974024722,55.18206040481781,55.198840236954645
476.0,14.474976722532592,14.474976722532592,0.09838785710826702,1,55.187962160488645,0.43332569018560463,,54.75463647030304,54.74201820500245,54.85880159895436,54.808526475286946,54.97129833963813,54.96350400333675,55.08379582573447,55.08728136727074,55.187962160488645,55.19527509213772
477.0,14.501862197392924,14.501862197392924,0.10594041203882122,1,55.19397029937625,0.4514223522430356,,54.74254794713321,54.736339456836745,54.85052888297583,54.82486177027916,54.96825817168931,54.976865117057876,55.085988187334074,55.11785809895879,55.19397029937625,55.29309463703106
478.0,14.501862197392924,14.501862197392924,0.10484837707447558,1,55.196746604258706,0.4710035952495275,,54.72574300900918,54.71767876394655,54.837905158258394,54.80794980234227,54.96124387881709,54.96568151603219,55.084583308164795,55.110286544725575,55.196746604258706,55.272459738889914
479.0,14.501862197392924,14.501862197392924,0.10787016424739902,1,55.19991990277283,0.49016481065059025,,54.709755092122236,54.69982681221161,54.82598409894262,54.79473311431895,54.95483659276455,54.96236306433019,55.08368977770278,55.11898090183753,55.19991990277283,55.307671902795605
480.0,14.550744878957168,14.550744878957168,0.10753202783315813,-1,55.20171322265577,0.5098060155660278,,54.69190720708974,54.691542113594785,54.81231551504621,54.80756782569732,54.946809332806204,54.959415245741646,55.08130382440508,55.11663121680263,55.20171322265577,55.296900672978204
481.0,14.60023859404097,14.60023859404097,0.10181741909472948,-1,55.17925108613105,0.4801437758562841,,54.69910731027477,54.72003561765192,54.811360429520434,54.86014357658971,54.939178338180916,54.95860342703802,55.06699690383974,55.091302908779625,55.17925108613105,55.21390367236565
482.0,14.62406890130354,14.62406890130354,0.10010111570920066,-1,55.160942989711536,0.4521810684773584,,54.70876192123418,54.733239652355195,54.81337659728204,54.86892039592301,54.93485161683774,54.95576648717392,55.05632727705367,55.078922886196786,55.160942989711536,55.1864569908815
483.0,14.62406890130354,14.62406890130354,0.09662163817377606,-1,55.14402740436175,0.424938926241758,,54.71908847811999,54.763178125767226,54.81632982357447,54.91940781200266,54.93155712342953,54.96166706785117,55.04678504803686,55.064672407754266,55.14402740436175,55.13580748649139
484.0,14.664804469273744,14.664804469273744,0.09420513072160926,-1,55.12956268493882,0.398823410797462,,54.73073927414136,54.764868080179866,54.820968383474366,54.89200061466132,54.930150181973644,54.95100732559547,55.039332589759475,55.04793838558314,55.12956268493882,55.10050373884527
485.0,14.676006750465548,14.676006750465548,0.09548973957469695,-1,55.116997650852845,0.37356465919326354,,54.74343299165958,54.74683396140095,54.826937902022344,54.81538596786281,54.93021454339164,54.93389131984639,55.0334917789966,55.041276773840416,55.116997650852845,55.115782514325815
486.0,14.70554003724395,14.70554003724395,0.0943592921992123,-1,55.10376738141416,0.3482746794649074,,54.75549270194925,54.750215151959814,54.83233526686706,54.79885226985254,54.92962928305403,54.92677848550796,55.02692387878097,55.03095673548078,55.10376738141416,55.09821183843919
487.0,14.734258612662945,14.734258612662945,0.09573059525616408,-1,55.09153572311644,0.32352195951203555,,54.76801376360441,54.76733924691557,54.838394507502365,54.82075224036241,54.92977400347528,54.93373435397238,55.02115406467015,55.03450127039464,55.09153572311644,55.11470504156536
488.0,14.746275605214155,14.746275605214155,0.09579181172744818,-1,55.07864755338761,0.2987094716817822,,54.77993808170583,54.8008700486461,54.84390487721665,54.88523566433984,54.92929209596309,54.949497071666116,55.01467986595037,55.03713307757237,55.07864755338761,55.11321277988267
489.0,14.787011173184359,14.787011173184359,0.09074634325084138,-1,55.065899086244734,0.27414452194023653,,54.7917545643045,54.804808874366564,54.84942923757984,54.86549053384411,54.928826121540766,54.936291502259834,55.00822354310651,55.012079310021356,55.065899086244734,55.042942461051844
490.0,14.80126862197393,14.80126862197393,0.0920060125624565,-1,55.056759851713274,0.2510176924895262,,54.80574215922375,54.79981282151768,54.85753988898756,54.82453944729733,54.93125031906577,54.92905814488239,55.00496127350901,55.010579352447074,55.056759851713274,55.05904796516734
491.0,14.827746741154566,14.827746741154566,0.0946315858148751,-1,55.04696417234877,0.22783499785832362,,54.81912917449045,54.792589411380675,54.86508777899095,54.78216751970071,54.933046003939936,54.9224691052157,55.00100474032588,55.01381618993159,55.04696417234877,55.0932325143564
492.0,14.859520484171325,14.859520484171325,0.08831414621453244,-1,55.035664821471414,0.20427831250115958,,54.831386508970255,54.81866044157508,54.87146249377307,54.825659133597085,54.93352501228517,54.92234976544846,54.99558802959573,54.990696025939,55.035664821471414,55.006227086815485
493.0,14.86848230912477,14.86848230912477,0.08768387512475007,-1,55.02876103679008,0.18243169904857126,,54.84632933774151,54.843875316205256,54.88099670498879,54.86472508705785,54.937544550375726,54.93300546737198,54.994092882303384,54.99092051389305,55.02876103679008,54.9976089338516
494.0,14.909217877094976,14.909217877094976,0.08968595458055831,-1,55.02240885227537,0.1609505679479568,,54.86145828432741,54.85183382120719,54.89085074958247,54.85840900313185,54.941932947053886,54.936796719703786,54.993015619116164,54.99704364437784,55.02240885227537,55.02463353886688
495.0,14.92653049348231,14.92653049348231,0.09231700104533704,-1,55.01500417628047,0.13921971553321555,,54.875784460747255,54.85340879902269,54.89987999558235,54.8378384508535,54.94539371255174,54.93705817641248,54.990907892435,55.00373108115407,55.01500417628047,55.05958702410641
496.0,14.94995344506518,14.94995344506518,0.08867952542973619,-1,55.00604347378951,0.11709688690562814,,54.88894658688388,54.901357762432745,54.90768651253871,54.93846509610292,54.9474944393185,54.95747201310646,54.98730281759602,54.99784044943148,55.00604347378951,55.0093714699715
497.0,14.94995344506518,14.94995344506518,0.08700038533363583,-1,54.999668860605645,0.0960328259173906,,54.903636034688255,54.90881625570305,54.91732201941532,54.926221900177765,54.95165187115744,54.953286597958595,54.98598216329837,54.98655718819902,54.999668860605645,54.97603922012383
498.0,14.990689013035386,14.990689013035386,0.08697794325174578,-1,54.99449077775136,0.07556149169454329,,54.918929286056816,54.93194314038296,54.92774320108208,54.95669845644757,54.95670946956509,54.96312297681906,54.98567616763688,54.98652635213498,54.99449077775136,54.96648065993184
499.0,15.002298649906896,15.002298649906896,0.08728295432892545,-1,54.98958043864385,0.055293744320536575,,54.93428669432331,54.91115770910869,54.93831084604933,54.872252117707966,54.96193301794748,54.947557684921506,54.98555560888993,54.98477402435468,54.98958043864385,54.990908289561446
500.0,15.031424581005588,15.031424581005588,0.09039961612870347,-1,54.98530836091914,0.036559833320218615,,54.94945307038758,54.91919856929877,54.94874852759892,54.86977202228857,54.967028239881095,54.9538316501371,54.98530836091914,54.99630296211519,54.98460447951135,55.03308629258654
501.0,15.031424581005588,15.031424581005588,0.09432394343376482,-1,54.9833228947841,0.025557420054980184,,54.96329993314114,54.9319941152312,54.95776547472912,54.883075767995784,54.97054398541042,54.96431432692639,54.9833228947841,55.01173482798894,54.97778908146986,55.08529487839648
502.0,15.031424581005588,15.031424581005588,0.08982039827923068,-1,54.97900338199377,0.014148955006575648,,54.97536441140559,54.93109405834596,54.964854426987195,54.85707115104055,54.97192871006916,54.94998086987268,54.97900338199377,54.98989178778288,54.96849402673596,55.02289046777422
503.0,15.031424581005588,15.031424581005588,0.09381780931528495,-1,54.98924716848333,0.026996621318147618,,54.98924716848333,54.95697705822338,54.974097214177355,54.90618537641382,54.97574836134777,54.96975028244909,54.97739988779249,55.00937483009558,54.96225054716518,55.07628975513634
504.0,15.031424581005588,15.031424581005588,0.08710269564916397,-1,55.001317293801854,0.04784075229512297,,55.001317293801854,54.98096559404097,54.98137305647999,54.943482658981004,54.97739643343783,54.968157176772486,54.97342018030415,54.98426826299027,54.95347654150673,54.979425966391524
505.0,15.031424581005588,15.031424581005588,0.08956761947639653,-1,55.016157677727875,0.06696075493854181,,55.016157677727875,55.017798787553964,54.991873810745844,55.00771811536758,54.9826768279288,54.974129801396515,54.97348020593964,54.95836564457931,54.94919692278933,54.865348980665544
506.0,15.031424581005588,15.031424581005588,0.0901639744863107,-1,55.029843283106445,0.08646085474782694,,55.029843283106445,55.02547461533307,55.001145466515204,54.99969577428898,54.986612395022874,54.97357899902085,54.972079675481424,54.95314594350861,54.94338242835862,54.856738793255126
507.0,15.031424581005588,15.031424581005588,0.09137282146114942,-1,55.043174345390184,0.10591317523202548,,55.043174345390184,55.041248191547304,55.01009478271964,55.01847526745345,54.99021730840475,54.988591957766914,54.97034017737758,54.97239173970704,54.93726117015816,54.92551222389974
508.0,15.022462756052144,15.022462756052144,0.09052847405828325,-1,55.055889089891174,0.12545663588738165,,55.055889089891174,55.02903809937246,55.01842436249989,54.961649932464866,54.99316033365096,54.977778371660314,54.96789663963081,54.96998788312334,54.93043245400379,54.942915525967685
509.0,14.990689013035386,14.990689013035386,0.09010618278624218,-1,55.06883303768015,0.14462726773390955,,55.06883303768015,55.02276150189849,55.027094775921185,54.920939951113965,54.99651897630869,54.964785229164335,54.965943503280606,54.955962934423155,54.92420576994624,54.9123498081941
510.0,14.990689013035386,14.990689013035386,0.09169879013645393,-1,55.0817352886161,0.16352510141456378,,55.0817352886161,55.04376072645941,55.03580862970083,54.95954022662788,54.99997232092668,54.98331775218306,54.964136330698565,54.97767264317,54.91821018720154,54.98063566635189
511.0,14.990689013035386,14.990689013035386,0.09221699555409432,-1,55.09385935100351,0.18260616838100674,,55.09385935100351,55.04985911089165,55.04371436836364,54.956540342859995,55.002555860108664,54.98615225694711,54.96139766254819,54.983565182652114,54.9112531826225,55.00654992361104
512.0,14.990689013035386,14.990689013035386,0.09418991313993848,-1,55.10566732368879,0.2016270442903476,,55.10566732368879,55.07543530411661,55.05133449728647,55.00305802647464,55.00485340486833,54.99522991731511,54.958372615483164,54.97923692112501,54.904040279398444,54.978553513513305
513.0,14.990689013035386,14.990689013035386,0.09608105929117959,-1,55.116534289612346,0.22091380801307992,,55.116534289612346,55.09939304503661,55.0579619043802,55.04182887492721,55.00607699872925,54.995370883127705,54.95419238862571,54.956688879759696,54.895620481599266,54.89243535672334
514.0,15.011464152700187,15.011464152700187,0.09603713953192354,-1,55.12649554967627,0.24044432215232092,,55.12649554967627,55.096793473030246,55.06363727956569,55.01237243501645,55.00627301129613,54.98186495741109,54.94890903126118,54.93618813043765,54.88605122752395,54.84302589061596
515.0,15.001891294227189,15.001891294227189,0.09670530786719848,-1,55.13646803203628,0.25978376356173527,,55.13646803203628,55.103841190308486,55.06938596305459,55.01211148926243,55.00657578228679,54.98021971517805,54.94376588262201,54.92979242006258,54.87668426847454,54.83460457626528
516.0,14.990689013035386,14.990689013035386,0.09782447730579638,-1,55.14602417525891,0.27909298288383155,,55.14602417525891,55.11682339326815,55.0747392066848,55.03267225409163,55.00647732495809,54.99336327807342,54.9382157173752,54.94871782397188,54.86693119237508,54.90864129558237
517.0,14.990689013035386,14.990689013035386,0.09866013130299345,-1,55.154963977375196,0.2984722883708244,,55.154963977375196,55.125723221506014,55.07947129143505,55.03355341971497,55.0057274832238,54.98008231565973,54.93198394236279,54.91491562514955,54.85649168900437,54.80197624273718
518.0,14.990689013035386,14.990689013035386,0.09965402828177528,-1,55.16345543011939,0.3178576127685986,,55.16345543011939,55.13657545712343,55.08376578576093,55.05031063403265,55.004526282448005,54.99323874650152,54.92528703985523,54.93630816835476,54.84559781735079,54.88893304007228
519.0,15.014519320297953,15.014519320297953,0.10114991651850844,-1,55.171431083464476,0.33728358842756023,,55.171431083464476,55.15397237380328,55.08754604238847,55.07816477516041,55.00278895643464,54.99439811532645,54.91803212472967,54.92375422554644,54.834147495036916,54.84944615018711
520.0,15.031424581005588,15.031424581005588,0.10191818088828702,-1,55.17877068542347,0.35686014628430485,,55.17877068542347,55.16121375597047,55.09066387094316,55.08112694717865,55.000340287736854,54.99365481346666,54.910016952460474,54.91923676568383,54.82191053913917,54.849645982299236
521.0,15.031424581005588,15.031424581005588,0.10329222894526546,-1,55.185761099346166,0.376424522959681,,55.185761099346166,55.17647127430761,55.09344662177296,55.10273511173904,54.997548521393284,54.99038558877024,54.90165066277751,54.899263191048675,54.809336576386485,54.789143849376764
522.0,15.031424581005588,15.031424581005588,0.10100815334779138,-1,55.19207358610464,0.3961097558121125,,55.19207358610464,55.14213050282665,55.095531747246,54.997311291999395,54.99401839960568,54.96199438044983,54.89250528770937,54.885013116010725,54.79596383029253,54.79709092980258
523.0,15.04955190875233,15.04955190875233,0.10059342647291092,-1,55.19928944488115,0.41511096540452286,,55.19928944488115,55.13367130409193,55.098701715861914,54.96295123976109,54.9917336612546,54.94860911298025,54.884765836532985,54.87251661141532,54.78417847947663,54.783234806845186
524.0,15.072160148975794,15.072160148975794,0.10268534308571074,-1,55.20667517620008,0.433846986987966,,55.20667517620008,55.159157857544685,55.1021164055325,55.017224999513196,54.98975138925714,54.952405646999395,54.87738659715683,54.855861741213324,54.77282818921211,54.72321163564119
525.0,15.072160148975794,15.072160148975794,0.10481330633445539,-1,55.21316599559871,0.4528692332735673,,55.21316599559871,55.18461526695498,55.10457206626904,55.07431477561327,54.98673109281593,54.96655830868476,54.8688903379589,54.861362743888115,54.76029676232514,54.744225366692056
526.0,15.072160148975794,15.072160148975794,0.10525655269611509,-1,55.21865582064424,0.4721811141568679,,55.21865582064424,55.186858307821026,55.10596195948232,55.06531508213327,54.98256498455426,54.955166829582744,54.859168222772055,54.83923918067309,54.74647470648737,54.69181003333573
527.0,15.05973580074488,15.05973580074488,0.10678414533911104,-1,55.22387417212705,0.49141113986935636,,55.22387417212705,55.20366667461017,55.10710887049142,55.09769965690268,54.97816833014008,54.958711070429466,54.84922799761819,54.831750640904474,54.73246303225769,54.67856967423726
528.0,15.01024208566108,15.01024208566108,0.10648438358496909,-1,55.22830288567769,0.5107957806542132,,55.22830288567769,55.19551346982638,55.10743484478491,55.06682426509652,54.97290473009299,54.95240787278465,54.838374818039846,54.833423772662684,54.71750710502348,54.721436895449315
529.0,14.990689013035386,14.990689013035386,0.10757201596096862,-1,55.232585108961025,0.5299359015050058,,55.232585108961025,55.20621891045692,55.10768303414891,55.08384893273572,54.967616899574196,54.949277521521985,54.82755096257853,54.81926494800359,54.70264920745602,54.68929818648494
530.0,14.990689013035386,14.990689013035386,0.10825459747471906,1,55.23624196821484,0.5491350084723905,,55.23624196821484,55.21125038254088,55.107297640470236,55.088554331093626,54.96167421180832,54.9484690250154,54.81605097578739,54.817042806806015,54.68710695974245,54.705645360216735
531.0,14.997410381750464,14.997410381750464,0.10758666360123081,1,55.21484015183991,0.5189276460382573,,55.21484015183991,55.19798317926894,55.094211591851625,55.092464983287265,54.95537608295664,54.93731579627828,54.816540761885136,54.79652846148843,54.69591250580165,54.633851020335534
532.0,15.031424581005588,15.031424581005588,0.10872662571320767,1,55.19409319793568,0.48922382728791547,,55.19409319793568,55.20934382882063,55.08155964199435,55.167297922932455,54.9494810445725,54.96327896580355,54.81740263027983,54.82694660637674,54.704869370647764,54.719152357735794
533.0,15.031424581005588,15.031424581005588,0.10672039533113163,1,55.17291140446229,0.45958275278721317,,55.17291140446229,55.178082740815846,55.06836706802135,55.12345643558907,54.943119794346735,54.95419024398027,54.81787269921979,54.83309417990938,54.71332865167508,54.756998561831466
534.0,15.031424581005588,15.031424581005588,0.10453177082654858,1,55.15323411095068,0.4307511941810489,,55.15323411095068,55.14499553852267,55.056391227111796,55.0679481154507,54.93785828597525,54.92915042248697,54.81932551892727,54.80719946442874,54.72248291676963,54.682440508720866
535.0,15.031424581005588,15.031424581005588,0.10071969062666034,1,55.135171577687714,0.40275859448377815,,55.135171577687714,55.09070204115254,55.04574046503976,54.95871392474267,54.933792058241366,54.89758693461436,54.82184382119206,54.79349165988278,54.732412983203936,54.671356514203325
536.0,15.031424581005588,15.031424581005588,0.10188022239921443,1,55.11978324643998,0.3759752928081994,,55.11978324643998,55.10450698370839,55.03738725614443,55.029476755860834,54.93179538335186,54.9115625266632,54.82620367609115,54.796783212997326,54.74380795363178,54.65455136428389
537.0,15.031424581005588,15.031424581005588,0.10029202892567378,1,55.10377966100738,0.3492071090525002,,55.10377966100738,55.0809963431345,55.02834518600845,55.00294720250901,54.929175895185864,54.9117102996462,54.83000676577849,54.81530399604921,54.75457255195488,54.72725622997273
538.0,15.031424581005588,15.031424581005588,0.09901264532085745,1,55.088970955859516,0.32310066248351177,,55.088970955859516,55.06212157788899,55.020266474869885,54.983641985232204,54.927420418569945,54.90541559604576,54.83457451967653,54.81479332223344,54.765870293376004,54.72567752693442
539.0,15.031424581005588,15.031424581005588,0.09739897493021739,1,55.07514651215372,0.2975725028343703,,55.07514651215372,55.03912386481319,55.0129655104755,54.95577647354198,54.92636005980013,54.905585830946265,54.83975476262651,54.83405234096966,54.77757400931935,54.796124044425866
540.0,15.031424581005588,15.031424581005588,0.09779533553289164,1,55.062519848072434,0.2726915775894696,,55.062519848072434,55.04367416182673,55.00664252945164,55.00057750261524,54.92617386331886,54.92686115013171,54.84570534688531,54.866565358509455,54.789828270482964,54.8836448123727
541.0,15.031424581005588,15.031424581005588,0.09756517111661163,1,55.04976271418947,0.24797723580567776,,55.04976271418947,55.03969065299024,55.0000927419052,55.018001042827855,54.92577390518374,54.93630679425965,54.851455214451896,54.88380297682728,54.80178547838379,54.923444202040514
542.0,15.031424581005588,15.031424581005588,0.09454508401290232,1,55.03728566543756,0.22357265021236117,,55.03728566543756,54.99819579673759,54.993693775421136,54.93005667666773,54.92549915396315,54.90909943837693,54.85730467487782,54.866905275679045,54.8137130152252,54.878052242029305
543.0,15.031424581005588,15.031424581005588,0.09346531945603856,1,55.02691813714869,0.2001224916682247,,55.02691813714869,54.98368334087725,54.9891175117481,54.9168300319649,54.92685670955149,54.90794272470297,54.86459604620952,54.87455613371127,54.826795645480466,54.89328153793168
544.0,15.031424581005588,15.031424581005588,0.09227864387927448,1,55.01737573032276,0.17716131742258057,,55.01737573032276,54.96802350979324,54.98519942182766,54.897204491257135,54.92879489433546,54.90038591902972,54.87239050227008,54.86971635564882,54.84021441290018,54.86552317054255
545.0,15.031424581005588,15.031424581005588,0.09329340232320002,1,55.00872373275203,0.1547063656525154,,55.00872373275203,54.982342451488165,54.982003432591625,54.9562130409086,54.9313703770215,54.913972079703235,54.88073745353849,54.87419720639201,54.854017367099516,54.8437704076323
546.0,15.031424581005588,15.031424581005588,0.09392856259052411,1,54.99951271073454,0.13224048126639332,,54.99951271073454,54.98815920520888,54.97821165272555,54.99125738316454,54.933392301464814,54.923907327998975,54.88857307903093,54.88045026014289,54.86727222946815,54.83872381030844
547.0,15.031424581005588,15.031424581005588,0.09435062225144204,1,54.98999257724034,0.1098511315764199,,54.98999257724034,54.983296388480206,54.974053909689104,54.997120880635585,54.935066846980334,54.92790901120004,54.896079909916836,54.886564150870335,54.880141445663924,54.84446754372342
548.0,14.99802141527002,14.99802141527002,0.09556996861674669,1,54.980303023979786,0.08758602284942185,,54.980303023979786,54.983191330830145,54.96965980761858,55.01360868723699,54.936509852146656,54.93064025731634,54.90336001921586,54.88391672709672,54.892717001130364,54.81610542585189
549.0,15.031424581005588,15.031424581005588,0.09064968960553829,1,54.969786785932946,0.06525977086194956,,54.969786785932946,54.94703724329941,54.96442003597403,54.94205220289555,54.93715674406079,54.92624431394915,54.90989357165798,54.91017554621359,54.904527015071,54.923771987317956
550.0,15.031424581005588,15.031424581005588,0.08946800041287045,1,54.96273710922553,0.04428195259699663,,54.96273710922553,54.93218486958614,54.962278272287456,54.91846791882661,54.94059598033826,54.92201465044997,54.91891380495651,54.912116542686555,54.91845515662853,54.91954236688051
551.0,15.031424581005588,15.031424581005588,0.08967876767427743,1,54.96085853016916,0.03238237640572805,,54.95655592938841,54.90276935654357,54.96085853016916,54.85690779634444,54.94466728511633,54.91047471312371,54.928476153763434,54.91631606364737,54.93277893851456,54.936394678438525
552.0,15.031424581005588,15.031424581005588,0.09184280511426751,1,54.95932745096717,0.021421367269311986,,54.950326766965226,54.90399618628265,54.95932745096717,54.87998551514762,54.94861671188129,54.92145425942117,54.93790608369786,54.93260571902951,54.94690694714374,54.966838088052604
553.0,15.031424581005588,15.031424581005588,0.09086184542255052,1,54.96000696022266,0.017237342147346624,,54.94276961807531,54.8890329820914,54.956517998140946,54.85907157503504,54.95138814755448,54.91574586374348,54.9462584051366,54.931918181623786,54.96000696022266,54.954290384972474
554.0,15.031424581005588,15.031424581005588,0.09357812478196001,1,54.97342188501188,0.037474278606005385,,54.935947606405875,54.86013914475555,54.95431440029639,54.80334190482689,54.95468460760183,54.906938174951705,54.95505492041167,54.94187819005409,54.97342188501188,54.9918132784768
555.0,15.031424581005588,15.031424581005588,0.10255129705162744,1,54.985573944756304,0.05813710384401105,,54.92743684091229,54.87922683421962,54.95050545599375,54.884049434490535,54.95650525813695,54.94159685409272,54.96250516317978,54.98847637698677,54.985573944756304,55.112884457931536
556.0,15.031424581005588,15.031424581005588,0.09742338627984837,1,54.993787594048754,0.08063883661274218,,54.91314875743601,54.88041614527041,54.941354868773544,54.913616074436085,54.953468044396814,54.93900694624385,54.96558132035918,54.97419225194713,54.993787594048754,55.04150993212593
557.0,15.031424581005588,15.031424581005588,0.09890519872717302,1,55.00409216193417,0.10176151945721301,,54.902330642476954,54.88406584002383,54.935305356572115,54.94604798356289,54.953211274113734,54.949972642168895,54.97111728950881,54.98650856172116,55.00409216193417,55.06063756237222
558.0,15.031424581005588,15.031424581005588,0.09680220165832262,1,55.01366257822783,0.12301781423703062,,54.8906447639908,54.90105218336308,54.928400025949436,55.01081433600359,54.95215354619475,54.96370309985185,54.97590716186631,54.98798592623674,55.01366257822783,55.03107656969826
559.0,15.031424581005588,15.031424581005588,0.10353327025348098,1,55.024034516303175,0.14359771306372693,,54.88043680323945,54.859043064187745,54.92278328669246,54.919706729503375,54.9522355379495,54.95281012570177,54.98168788227013,55.008181076581124,55.024034516303175,55.121144185556176
560.0,15.031424581005588,15.031424581005588,0.10452771844058656,1,55.031425775409836,0.16549788117860942,,54.86592789423123,54.856324824461666,54.91317641012673,54.940333611035456,54.9486767160327,54.95807822166081,54.984177112684506,55.01578513370526,55.031425775409836,55.132096347127096
561.0,15.031424581005588,15.031424581005588,0.10015192979976058,1,55.03829386767338,0.18741128815281627,,54.850882579520565,54.8589203386037,54.90301620475097,54.970750793063374,54.94458810777013,54.957503634475074,54.98616009927313,55.00356930024938,55.03829386767338,55.07046793213036
562.0,15.031424581005588,15.031424581005588,0.10410887144240506,1,55.04694223317375,0.20813464810399296,,54.83880758506976,54.84931556023245,54.89551006426353,54.967419392546134,54.94287479617108,54.96344087014992,54.99023961436527,55.02074873446189,55.04694223317375,55.12236083973028
563.0,15.031424581005588,15.031424581005588,0.10767203006431528,1,55.05379975459347,0.22954764593703203,,54.82425210865644,54.83433970942031,54.88567939587789,54.95388139360438,54.93902582148874,54.9647480645355,54.992372331236176,55.03443983730715,55.05379975459347,55.167899595157955
564.0,15.031424581005588,15.031424581005588,0.10049157593132639,1,55.05903554575894,0.25155214537169,,54.80748340038725,54.79996083446682,54.873766355173935,54.8858834517399,54.93325936568973,54.93368115715977,54.99275245823912,55.00076328393572,55.05903554575894,55.06775747302901
565.0,15.031424581005588,15.031424581005588,0.10339854547517092,1,55.06726107035228,0.27174764762693115,,54.79551342272535,54.783283527369925,54.86618319575233,54.86592566476071,54.931387141822746,54.932530232916,54.99659116788913,55.0116808397981,55.06726107035228,55.10555765943585
566.0,15.031424581005588,15.031424581005588,0.09863547123026904,1,55.07414864417979,0.2924010315445216,,54.78174761263527,54.76853332281066,54.856905695362656,54.84958695618603,54.92794802629912,54.91900172347554,54.99899043523948,54.99290541828963,55.07414864417979,55.03924699816613
567.0,15.031424581005588,15.031424581005588,0.10669581953299251,1,55.08299286458307,0.3118048606044326,,54.77118800397864,54.762012697493695,54.85050907874381,54.85843149835573,54.9270903347046,54.93371982948507,55.00367166673488,55.026490425898544,55.08299286458307,55.14706047158458
568.0,14.990689013035386,14.990689013035386,0.1034764466434065,1,55.08828649974787,0.3328142588412675,,54.755472240906606,54.74820528351212,54.839347366811275,54.84861910571367,54.921879273237785,54.92326645848735,55.004411253834036,55.01336118895577,55.08828649974787,55.1007114843649
569.0,14.990689013035386,14.990689013035386,0.11070066805301418,1,55.09471340991867,0.35291471753495074,,54.74179869238372,54.712879019675405,54.82998786575482,54.785316202608186,54.91825595647964,54.91646944665158,55.00652411952708,55.03524669653346,55.09471340991867,55.19601725032442
570.0,14.990689013035386,14.990689013035386,0.10632955130799078,1,55.09794919437543,0.37442071345587635,,54.723528480919555,54.68648270975862,54.81637264240377,54.74848519368635,54.91073874534848,54.8949206745575,55.005104918803355,55.01372365179405,55.09794919437543,55.133160549821625
571.0,14.990689013035386,14.990689013035386,0.10621479099116844,1,55.10298050396219,0.39476105029778097,,54.70821945366441,54.696481222102065,54.8054143507555,54.8066932565196,54.905599888818614,54.90581319719873,55.00578549563154,55.01867925411034,55.10298050396219,55.128924340978045
572.0,15.030609869646181,15.030609869646181,0.10974431969701838,1,55.107978233485184,0.41488656950551217,,54.69309166397967,54.67795392004058,54.79457369913923,54.78802352630032,54.90053486098431,54.90371225538497,55.00649608986297,55.02999330581013,55.107978233485184,55.17387737599939
573.0,15.031424581005588,15.031424581005588,0.10650196029797239,1,55.111535873619076,0.4355982215379086,,54.67593765208117,54.678463197921076,54.78184450749519,54.81910420642614,54.89373667729921,54.90255107741057,55.0056289124583,55.01967059768078,55.111535873619076,55.126676949935934
574.0,15.031424581005588,15.031424581005588,0.10737056939072474,1,55.116410966870724,0.4554066522477953,,54.66100431462293,54.643207507147494,54.771100191256714,54.75213156914438,54.88870755733208,54.884337244429084,55.00631498713064,55.01599741282065,55.116410966870724,55.13582177289357
575.0,15.031424581005588,15.031424581005588,0.10105000804875794,1,55.120832258047635,0.4752214112839681,,54.64561084676367,54.62568548802334,54.75988984524917,54.730853501041985,54.88322147107531,54.86542511391755,55.00655315903229,54.98906369318257,55.120832258047635,55.04791395751618
576.0,15.031424581005588,15.031424581005588,0.10375174026173749,1,55.127895696053116,0.4934765883061729,,54.63441910774694,54.578845863815424,54.752483484398276,54.63103714700155,54.88115732259084,54.84246451515926,55.00983122137023,54.9899585306016,55.127895696053116,55.08334959611785
577.0,15.031424581005588,15.031424581005588,0.10750351497844648,1,55.13371805446111,0.5121547751304618,,54.62156327933065,54.579392321544184,54.74351530022552,54.66498796468709,54.87764058956227,54.853321028032816,55.01176593797664,55.00724608350364,55.13371805446111,55.132217839011275
578.0,15.031424581005588,15.031424581005588,0.1079063433516567,1,55.137847358140476,0.5314772878326295,,54.60637007030785,54.57683165385444,54.732366844799486,54.69024586254181,54.87210863882322,54.856087132188996,55.01185049044814,55.01014331022797,55.137847358140476,55.134974737272174
579.0,15.011667830540041,15.011667830540041,0.10513107450216819,1,55.14172715051478,0.5507092796085331,,54.59101787090625,54.55802683456586,54.721031276168425,54.66862221162755,54.866372437194606,54.84222020928019,55.011713654381936,54.996220883271505,55.14172715051478,55.09485380933557
580.0,14.990689013035386,14.990689013035386,0.10984269987865997,-1,55.146648732888266,0.5691647718431199,,54.57748396104515,54.541281683874026,54.711314287870266,54.65477289961383,54.86206627528427,54.84287997199507,55.01281831745877,55.01203370150224,55.146648732888266,55.156422825914085
581.0,14.990689013035386,14.990689013035386,0.10692170212249402,-1,55.124330835884095,0.5383682910176262,,54.58596254486647,54.549941388468845,54.71129432867908,54.65595649369007,54.85514662048793,54.833396249265675,54.99899896568595,54.99244921400472,55.124330835884095,55.113905063415515
582.0,14.995984636871512,14.995984636871512,0.10786641417416853,-1,55.10412940513706,0.5086242507562986,,54.59550515438076,54.56251854736234,54.71269870088775,54.668570680979634,54.84981721161725,54.8340066335676,54.98693577440233,54.98972850888785,55.10412940513706,55.12433330721176
583.0,15.031424581005588,15.031424581005588,0.09981497787093842,-1,55.083507757584854,0.47899024177051075,,54.604517515814344,54.601439229730616,54.71369190349925,54.745392271626095,54.84401257026143,54.83694550212158,54.97433328777784,54.95912497018993,55.083507757584854,55.013335508593606
584.0,15.031424581005588,15.031424581005588,0.09785327485649623,-1,55.068503980843666,0.45160855354743035,,54.616895427296235,54.60292989659889,54.71869907489962,54.718059181047614,54.84269963928106,54.826658777085036,54.9667002531568,54.94407418875757,55.068503980843666,54.98663385811365
585.0,15.031424581005588,15.031424581005588,0.10107719134395322,-1,55.05494324610602,0.4249945276870619,,54.62994871841896,54.61021893609823,54.724651851067925,54.71042640447022,54.842445919079175,54.82973687456512,54.96024003535818,54.951344745826624,55.05494324610602,55.030343371829005
586.0,15.031424581005588,15.031424581005588,0.10230471034258343,-1,55.03940920625887,0.39790488364212706,,54.64150432261674,54.62217389007156,54.72906265507531,54.71708303381198,54.8404567028247,54.83202713129567,54.95185079764232,54.95167730448112,55.03940920625887,55.04627018615717
587.0,14.999039804469273,14.999039804469273,0.10527466429211257,-1,55.023220181385575,0.3708184256942033,,54.65240175569137,54.621932606954395,54.73288799692656,54.69368572144254,54.83781090845821,54.828917945383964,54.94273386588711,54.95548845351806,55.023220181385575,55.08535308773819
588.0,15.031424581005588,15.031424581005588,0.09915997922729243,-1,55.005103498821136,0.34332279762647744,,54.66178070119466,54.659770942762464,54.73516183775858,54.76910541266727,54.83344204142621,54.83552514469704,54.93172228984627,54.933719192669365,55.005103498821136,55.00123877222973
589.0,15.031424581005588,15.031424581005588,0.10191212384647237,-1,54.99128623920228,0.31756310390436937,,54.67372313529791,54.65699409971834,54.74049784829403,54.735193982825926,54.83250463012183,54.83120061939489,54.924511455591755,54.93697046996126,54.99128623920228,55.03829653766285
590.0,15.031424581005588,15.031424581005588,0.09615150671613083,-1,54.975802334161806,0.29142887463694933,,54.684373459524856,54.67031207005455,54.744508840989624,54.74243381444933,54.83008784113584,54.82256298717229,54.9156668838388,54.91119262313558,54.975802334161806,54.95990355066513
591.0,15.031424581005588,15.031424581005588,0.09534619123760806,-1,54.96423713301713,0.26692040496633496,,54.697316728050794,54.65985238239078,54.75127575208821,54.686303820258146,54.83077687620494,54.80741236875082,54.91027804182536,54.899729754457475,54.96423713301713,54.949862584015285
592.0,15.031424581005588,15.031424581005588,0.09614712508853278,-1,54.953324951132714,0.2428539599616073,,54.71047099117111,54.65494815560656,54.758416286470286,54.64894784774418,54.831897918166305,54.798940557783176,54.90537959033972,54.8964291016992,54.953324951132714,54.96166728272712
593.0,15.031424581005588,15.031424581005588,0.0982962543201991,-1,54.942009405018815,0.2188476520877174,,54.7231617529311,54.65359544487136,54.765157770877316,54.624941483144106,54.83258552730046,54.79510831357962,54.9000133231994,54.899366994635514,54.942009405018815,54.991399297340614
594.0,15.002502327746743,15.002502327746743,0.09334915020453556,-1,54.929408034256795,0.19458620396068227,,54.73482183029611,54.68108964659704,54.77085232248821,54.67576238426853,54.83211488188304,54.798302386100424,54.893377479775005,54.88215218610315,54.929408034256795,54.92491504927812
595.0,14.990689013035386,14.990689013035386,0.09486657930116597,-1,54.92005269224198,0.17172128841422563,,54.748331403827756,54.700517748291276,54.778789561514856,54.70435736989676,54.83419199888536,54.80832097275137,54.88959447380274,54.888878783524945,54.92005269224198,54.9468778602611
596.0,14.990689013035386,14.990689013035386,0.08799417914780867,-1,54.90976756645724,0.14873372006872643,,54.761033846388514,54.7190380185864,54.78593008487671,54.72385377057764,54.83540065848819,54.799694264029306,54.8848712687185,54.85535125473703,54.90976756645724,54.83020782367034
597.0,14.990689013035386,14.990689013035386,0.08916764373116214,-1,54.90408921041051,0.12756538993961897,,54.77652382047089,54.74729450828351,54.79635026101938,54.77208714463401,54.84030646868365,54.81953635719477,54.88426271206713,54.87128778990109,54.90408921041051,54.87408466341117
598.0,14.990689013035386,14.990689013035386,0.08975561510415624,-1,54.89773753695305,0.10633287969523053,,54.79140465725782,54.75944122731666,54.80617940702596,54.77516433023279,54.844571051498285,54.824083495948955,54.88296273081137,54.873594846500644,54.89773753695305,54.88455062848935
599.0,14.990689013035386,14.990689013035386,0.09571392190211307,-1,54.89109660805967,0.08517167908466661,,54.805924928975,54.75234832613803,54.81569847081937,54.73197795436846,54.84851072403239,54.82480012822393,54.88132301122888,54.8916999041122,54.89109660805967,54.967165841412495
600.0,14.94995344506518,14.94995344506518,0.08762208581713835,-1,54.880656425148786,0.06284585399876619,,54.81781057115002,54.77101282531138,54.82232419287887,54.753936069166485,54.8492334547648,54.816489706385916,54.876142749793615,54.85879855444791,54.880656425148786,54.85100885455896
601.0,14.94995344506518,14.94995344506518,0.08629602692284191,-1,54.875645047581976,0.042990363827073,,54.832852212582885,54.78899504080218,54.8326546837549,54.771199070289114,54.85414984950398,54.81660043225825,54.875645047581976,54.84378338991743,54.87544757106328,54.79421876926334
602.0,14.93243715083799,14.93243715083799,0.08730408581444617,-1,54.875950432545075,0.032358274027068035,,54.84835056140906,54.82467047499685,54.84359215851801,54.83892277194931,54.85977127976361,54.84129757641132,54.875950432545075,54.860521775551824,54.87119208068013,54.832223008588585
603.0,14.85666899441341,14.85666899441341,0.09132518045994022,-1,54.87559636568065,0.021655216969143964,,54.863246854933806,54.86515394398013,54.853941148711506,54.91752011078688,54.86476874181529,54.86921257704553,54.87559636568065,54.878285971191495,54.866290709231635,54.868965270502116
604.0,14.792714152700189,14.792714152700189,0.09249369533434927,-1,54.87602825409901,0.01748447766340888,,54.87602825409901,54.87864434182877,54.86201678472519,54.92642267562464,54.86728597599206,54.882039925563426,54.87255519726255,54.89645857558465,54.8585437764356,54.93493098333812
605.0,14.743220437616387,14.743220437616387,0.08839038772385954,-1,54.88795443834194,0.03808384003239951,,54.88795443834194,54.8610453146494,54.869243442688735,54.84879399406526,54.86891248001923,54.857962011426665,54.868581546613306,54.87232085276158,54.84987059830954,54.88095685891995
606.0,14.681913407821233,14.681913407821233,0.08689833085654906,-1,54.901327522003136,0.057555331559676404,,54.901327522003136,54.862084763742615,54.878221001646985,54.824123018525455,54.87254981885822,54.851240021577446,54.866878664613836,54.86325740480871,54.84377219044346,54.859561311217426
607.0,14.62406890130354,14.62406890130354,0.08792054523791713,-1,54.91499326401124,0.07650690823491857,,54.91499326401124,54.879793138361485,54.887640551483635,54.84228669710257,54.87673977344578,54.84970360934699,54.86583902325172,54.84472806717958,54.83848635577632,54.78939248270498
608.0,14.653398510242086,14.653398510242086,0.0909191376674564,-1,54.927897327646356,0.09551491397203904,,54.927897327646356,54.91918789274427,54.89630225474349,54.922624841355386,54.88013983510772,54.873552116713526,54.863977442631736,54.854727340411124,54.83238241367432,54.80242600269059
609.0,14.58862895716946,14.58862895716946,0.09105613580521883,-1,54.939545833537395,0.11502515206171182,,54.939545833537395,54.92603379202401,54.90360043637271,54.91659591032688,54.88203322282963,54.87760750155043,54.86046603577735,54.86136245697158,54.82452068147568,54.83596418980018
610.0,14.5364874301676,14.5364874301676,0.08987112858903071,-1,54.950783316713796,0.1343851225352779,,54.950783316713796,54.911560991364595,54.910542515398944,54.85488401519126,54.88359072162348,54.86458417436415,54.856638953686236,54.857215852631505,54.81639819417852,54.850125835573095
611.0,14.486993715083798,14.486993715083798,0.08964439188779344,-1,54.962226222857616,0.15329917280497796,,54.962226222857616,54.91029242240582,54.91781760317717,54.828826410090976,54.88557660346477,54.85443881034518,54.85333562895476,54.84344788085224,54.80892705005264,54.816493237307704
612.0,14.413873370577285,14.413873370577285,0.0904620356697257,-1,54.97347830122288,0.17198869209113354,,54.97347830122288,54.92312161083758,54.924972651366346,54.841804759929666,54.88748392299863,54.85362186302244,54.84999521921325,54.83261317524783,54.80148960913175,54.7810789783356
613.0,14.37965549348231,14.37965549348231,0.09437429020827631,-1,54.98400118804937,0.19069090151431567,,54.98400118804937,54.977388869900686,54.93140903214503,54.96266690907204,54.888655705905805,54.87530045080404,54.84590240364367,54.819446602998525,54.79331028653505,54.70229849164882
614.0,14.338512569832405,14.338512569832405,0.09525467223719784,-1,54.99262785643004,0.2100983899679676,,54.99262785643004,54.98970801949033,54.93578631908616,54.972444626324005,54.88757863083509,54.8736488468924,54.83937096596871,54.80582142067591,54.78252946646207,54.668171897525745
615.0,14.289018854748603,14.289018854748603,0.09369612751980262,-1,55.00062728306446,0.22952352632702855,,55.00062728306446,54.96891586892424,54.939545877878324,54.8989481640637,54.88586549004684,54.857299654448454,54.832185125021866,54.800908519244935,54.77110375673743,54.696251990650715
616.0,14.239525139664806,14.239525139664806,0.09430984148446886,-1,55.00901120047296,0.248421785880943,,55.00901120047296,54.977813053969044,54.943834789488584,54.90658807235322,54.884800278415526,54.85995745372686,54.82576578958586,54.80179485436228,54.76058941459202,54.713421036623174
617.0,14.163349627560521,14.163349627560521,0.0946644122482963,-1,55.01685202556206,0.26728396760498185,,55.01685202556206,54.98303877881295,54.94760131301005,54.904111895119144,54.88321001336193,54.856927062801034,54.81881873540769,54.7948430785016,54.74956805795708,54.70640797369755
618.0,14.099802141527004,14.099802141527004,0.095442811998843,-1,55.02415652673146,0.28605272573048524,,55.02415652673146,54.99386967355154,54.95086594589096,54.915162408825275,54.881130136170356,54.85126998231398,54.81139434760752,54.77509476813557,54.738103801000975,54.65048218235616
619.0,14.053770949720672,14.053770949720672,0.0967023319071921,-1,55.03079497967783,0.30482311579275034,,55.03079497967783,55.010964460268085,54.95347453810093,54.94767229859758,54.878383394770495,54.86072530427613,54.80329227207461,54.780567398548534,54.72597186388508,54.67903595368083
620.0,14.02932960893855,14.02932960893855,0.09683225759943945,-1,55.03663195447364,0.3237013657099155,,55.03663195447364,55.012493609816225,54.95526464701169,54.936291678460556,54.87478124527643,54.85237507253568,54.794297863664866,54.76618473018207,54.712930588763726,54.65295503525046
621.0,13.951320996275605,13.951320996275605,0.09914646200836315,-1,55.042238112362234,0.3424359905845904,,55.042238112362234,55.0434231528325,54.956869549620684,55.00257017115331,54.87102009137991,54.861645041045065,54.78517065276457,54.754057393490214,54.699802121777644,54.60839753631983
622.0,13.901827281191805,13.901827281191805,0.09882365401819683,-1,55.04646676204671,0.3615105776589189,,55.04646676204671,55.03819642177463,54.9570209301105,54.97962403657073,54.86571144816459,54.864046978394256,54.7744019853572,54.771260275745895,54.684956184387794,54.7027266522506
623.0,13.890828677839853,13.890828677839853,0.1011577668564972,-1,55.050562837357994,0.38033931655416353,,55.050562837357994,55.068875003716926,54.957110468660474,55.04616601446243,54.86039315464963,54.87354459351241,54.763675859302616,54.76033159138636,54.67022352080383,54.66183836425477
624.0,13.843575418994416,13.843575418994416,0.10184842332300523,-1,55.053539832873035,0.3995093027816168,,55.053539832873035,55.07678969680015,54.956003897857904,55.05273720260913,54.85378515765815,54.871025083789704,54.75156643565836,54.75060864224094,54.65403053009142,54.64984274421078
625.0,13.794081703910614,13.794081703910614,0.10371368707072608,-1,55.05596096427789,0.41865479222574464,,55.05596096427789,55.100116427025135,54.95435622319564,55.1003713350897,54.84663354493341,54.878079425220754,54.73891088441854,54.74284516760443,54.63730617205214,54.63122019571139
626.0,13.720554003724395,13.720554003724395,0.10310617342169354,-1,55.057314940316544,0.43803294575265284,,55.057314940316544,55.09015805663442,54.95159134050114,55.05801985125685,54.83829844478729,54.85788163867184,54.72500556637873,54.71603933357227,54.61928199456389,54.57952548506698
627.0,13.654358705772813,13.654358705772813,0.10273129955021985,-1,55.05857005936129,0.4570996273069028,,55.05857005936129,55.0832857132407,54.94881385294325,55.027396836631176,54.830020223618874,54.842807079312564,54.71122661116895,54.696742405479704,54.601470432054384,54.55171976941657
628.0,13.605679702048421,13.605679702048421,0.10189180603762146,-1,55.05965727675425,0.4759096154131157,,55.05965727675425,55.07029184340098,54.9459400169598,54.98515569860599,54.82170244750847,54.830369480457264,54.69746489451163,54.6910444823189,54.583747661341135,54.5765717219409
629.0,13.59610684357542,13.59610684357542,0.10402506916726187,-1,55.06084651326914,0.4943649798671501,,55.06084651326914,55.09761580359902,54.9432634559967,55.050210865634014,54.81366400233201,54.842566392124084,54.6840645647126,54.69009213287859,54.56648153340199,54.57811510836203
630.0,13.546613128491622,13.546613128491622,0.10440108501216355,-1,55.06101663211246,0.5131163484626668,,55.06101663211246,55.10071040503518,54.93949900369842,55.05154087148773,54.804458437400896,54.842811516416866,54.66941788674886,54.692646337425224,54.547900283649795,54.6157409539783
631.0,13.470030260707638,13.470030260707638,0.10523641656706421,-1,55.06076656611562,0.5317779037541825,,55.06076656611562,55.10993137933352,54.93534261629972,55.069441240445386,54.79487759426874,54.84644414819771,54.654412587493304,54.69543072633503,54.528988662361435,54.646725944599574
632.0,13.406890130353815,13.406890130353815,0.10247103422810687,-1,55.059794768718334,0.5504499154803568,,55.059794768718334,55.07044955243014,54.930467157660146,54.95550657566103,54.784569791506456,54.80780322412715,54.63867244022781,54.66564477792095,54.50934485323798,54.60861056501192
633.0,13.35739641527002,13.35739641527002,0.10342413153584726,-1,55.05970121246002,0.5683536478135238,,55.05970121246002,55.08186860415481,54.92666769777165,54.9786604656657,54.77552436956605,54.79986436890637,54.62438105586538,54.640660974097585,54.491347564646496,54.53811500604686
634.0,13.30790270018622,13.30790270018622,0.10378823212406385,-1,55.05894476840648,0.586301616976364,,55.05894476840648,55.085120759293645,54.92219751928675,54.97811411640568,54.76579394140392,54.78142196184317,54.60939037766481,54.60191955932035,54.47264315143011,54.43111420721204
635.0,13.279795158286781,13.279795158286781,0.1036242651545098,-1,55.05777975148219,0.604165899892358,,55.05777975148219,55.08119196159938,54.91734296276484,54.96613437378483,54.75569678348284,54.77602909657132,54.594050617992224,54.60028086116824,54.45361385158983,54.46374348087042
636.0,13.24965083798883,13.24965083798883,0.10564958090670826,-1,55.056517643236916,0.6218336949103289,,55.056517643236916,55.1068412354081,54.91244350650934,55.03279746157258,54.745600778178236,54.790254505648356,54.57875806329501,54.60553710957934,54.43468394832659,54.490756706636866
637.0,13.20015712290503,13.20015712290503,0.10498206180036655,-1,55.05421218664752,0.6397769963164919,,55.05421218664752,55.09568873952763,54.906433823756394,54.9939668977179,54.73432367132498,54.76277408245526,54.56221353200591,54.5642875326689,54.41443519033103,54.3907439676136
638.0,13.15066340782123,13.15066340782123,0.10427544694706194,-1,55.05194492148709,0.657414709859033,,55.05194492148709,55.08423474815793,54.900541848819955,54.96111330851677,54.7232375498213,54.748036571215806,54.54593326360802,54.55119307273754,54.39453021162806,54.39136293625586
639.0,13.10116969273743,13.10116969273743,0.10290069606221984,-1,55.04973393081808,0.6747422975912372,,55.04973393081808,55.06400957311844,54.89478607175274,54.903887209149914,54.71236276570327,54.720765381713036,54.52993947212055,54.52159348509722,54.37499163322684,54.3409896025728
640.0,13.05167597765363,13.05167597765363,0.0997076974283033,1,55.04786709258432,0.6916210372156186,,55.04786709258432,55.019693627475526,54.88948853556573,54.78881150286155,54.702056558063525,54.68694658072498,54.514624592717766,54.50763136934212,54.3562460553687,54.36661675738493
641.0,12.96898277467412,12.96898277467412,0.09892168843350056,1,55.02438631427971,0.6621911169370094,,55.02438631427971,55.00870500867425,54.874155720531135,54.81529469435187,54.693290740293214,54.69380295888771,54.51242577190999,54.525922234777454,54.3621951973427,54.43036170077935
642.0,12.913175046554937,12.913175046554937,0.09715362548603843,1,55.00128499998554,0.6332826516914238,,55.00128499998554,54.9847060305779,54.8589778464071,54.79786261023813,54.68464365900677,54.67535704013563,54.51030948316707,54.504708166770186,54.36800234829412,54.36674281631888
643.0,12.893214618249537,12.893214618249537,0.09544627720668525,1,54.97930666401134,0.605123636281057,,54.97930666401134,54.96200992234926,54.84464692586434,54.787994339224326,54.67674483111254,54.67387717007915,54.508842747635065,54.519228182424705,54.37418302773028,54.42830907279709
644.0,12.812965549348231,12.812965549348231,0.09322027430051269,1,54.958541915369295,0.5776866028473364,,54.958541915369295,54.932783860799496,54.83126581985787,54.75273958323915,54.66969859955232,54.65381257498105,54.50813139024228,54.5014240734553,54.38085531252196,54.38032692796668
645.0,12.763471834264433,12.763471834264433,0.09320478176517136,1,54.93908872552653,0.5510841351267928,,54.93908872552653,54.93393291293569,54.81890965441921,54.80284508144654,54.663546643925066,54.670991983231,54.50818364415506,54.528226721402405,54.38800459039974,54.460778588694126
646.0,12.750232774674117,12.750232774674117,0.09086624994306011,1,54.91961003645112,0.5247719502662278,,54.91961003645112,54.90375779082519,54.80638170862983,54.76334053581907,54.65722404762641,54.65802031914332,54.50806639708244,54.527598134049924,54.39483808618489,54.47231068034647
647.0,12.66448440409684,12.66448440409684,0.09002019166568356,1,54.90176343362265,0.4993009114086533,,54.90176343362265,54.894302023270946,54.795206524051295,54.77467269411001,54.65211296456395,54.653286746004575,54.50901941527844,54.51988110938628,54.402462522213995,54.43859804636049
648.0,12.614990689013037,12.614990689013037,0.08500285978371265,1,54.884283445648265,0.47430101400707514,,54.884283445648265,54.828832931408265,54.78421526219342,54.637003113785774,54.647132925619026,54.61319817575339,54.510050598995385,54.50358993187334,54.40998243164119,54.428406078706175
649.0,12.565496973929237,12.565496973929237,0.08516675845098313,1,54.87003155369785,0.45075868171687006,,54.87003155369785,54.8344989887283,54.77602823766983,54.68572184337634,54.644652200132874,54.615987747474385,54.51327617230285,54.49475116507185,54.41927287198098,54.3760382400687
650.0,12.546554934823096,12.546554934823096,0.08632310008653485,1,54.85560760268108,0.4274196898958067,,54.85560760268108,54.85342290691629,54.76756232831304,54.77083625184257,54.64189774533803,54.63877630609383,54.51623317183207,54.51275901133876,54.428187912785276,54.408256845478945
651.0,12.507245111731844,12.507245111731844,0.0851349477487832,1,54.840480193755006,0.404044779012672,,54.840480193755006,54.840374505864865,54.758348358726,54.77163119003917,54.63845779215759,54.649535102015086,54.51856723482594,54.543598010292975,54.436435414742334,54.51466914313311
652.0,12.457751396648044,12.457751396648044,0.08630911943127734,1,54.82610199313217,0.3811889819444829,,54.82610199313217,54.85941998016508,54.7497034163838,54.85004838938942,54.63550749036514,54.668626848449364,54.5213115733569,54.55369457714648,54.44491301118769,54.51522128696554
653.0,12.39216713221602,12.39216713221602,0.08323477979321643,1,54.81088821594749,0.3582859330783066,,54.81088821594749,54.820835678328955,54.74018656324998,54.77198745509921,54.63174523790289,54.64478464571826,54.52330392134519,54.54001949372466,54.45260228286919,54.48819555145251
654.0,12.318028398510245,12.318028398510245,0.08109700398028334,1,54.79754823713082,0.33633766399190534,,54.79754823713082,54.795650193948994,54.732260374623394,54.728345228128866,54.62937939391089,54.62714631233928,54.52649842177274,54.52406823650767,54.461210573138914,54.4405230436698
655.0,12.268534683426445,12.268534683426445,0.0784137357162369,1,54.78542936175657,0.3151097377247254,,54.78542936175657,54.76362342625963,54.72533423396142,54.666756498223364,54.627874481944296,54.60612042217914,54.53041473829216,54.509360236284245,54.470319624031845,54.40467149548481
656.0,12.219040968342647,12.219040968342647,0.07800367494597255,1,54.77497470890894,0.2947197697890829,,54.77497470890894,54.76287313794864,54.719825296642576,54.692695280922656,54.62761481333122,54.62020802145246,54.53540433818108,54.53381938735702,54.48025493911986,54.47585535084516
657.0,12.169547253258845,12.169547253258845,0.0778432944381481,1,54.764696260824216,0.274622834183333,,54.764696260824216,54.76550223332979,54.7143841652963,54.72184928584129,54.62738483330951,54.62712982248124,54.5403855092852,54.53856119091223,54.49007342664088,54.47341400772161
658.0,12.12005353817505,12.12005353817505,0.07595748684321318,1,54.75442941731533,0.2547560888083211,,54.75442941731533,54.744829568870465,54.7088639480789,54.69128465179231,54.6270513627419,54.62714970539031,54.54523878517352,54.556900503598285,54.49967332850701,54.5401846276877
659.0,12.07055982309125,12.07055982309125,0.0728155970531803,1,54.74529532899725,0.23551907587246745,,54.74529532899725,54.70764987220901,54.70428847398081,54.60944443036055,54.627535781138924,54.597628645493955,54.550783095876824,54.5313802790662,54.509776253124784,54.46701878399585
660.0,12.021066108007453,12.021066108007453,0.07275923799366321,1,54.73810536813308,0.21719587480176017,,54.73810536813308,54.71279610594904,54.70140115798887,54.644359631692765,54.6295074210506,54.61008250021772,54.55761369150839,54.54626165517698,54.52090949333132,54.4961645434051
661.0,11.971572392923651,11.971572392923651,0.07114155104166786,1,54.730844938374446,0.1990558493264274,,54.730844938374446,54.6968008283142,54.698371891549485,54.62512670172932,54.63131700426428,54.61679049552112,54.564262124195885,54.57472874164298,54.53178908904802,54.5911962334658
662.0,11.922078677839856,11.922078677839856,0.07145505707272332,1,54.72452812702322,0.18145914479646308,,54.72452812702322,54.70714983335315,54.69612678008128,54.670020198181646,54.63379854540667,54.63076425425657,54.57147031777421,54.58738670727604,54.54306898222676,54.60337708214033
663.0,11.872584962756052,11.872584962756052,0.07512806799668312,1,54.7178953535734,0.1639504026232288,,54.7178953535734,54.737874007970255,54.69352146757382,54.762556231397625,54.635920143266624,54.64864467618173,54.578318825831104,54.58289444643462,54.55394495095017,54.538974319390384
664.0,11.823091247672258,11.823091247672258,0.07418267317417415,1,54.70876359080613,0.14575015060422913,,54.70876359080613,54.72759460816438,54.68856771386019,54.75461433357368,54.635888506727326,54.65809302072805,54.583209306299246,54.60924918476958,54.5630134402019,54.624674047427675
665.0,11.813314711359403,11.813314711359403,0.07093009634694365,1,54.70014098090079,0.12793518564973994,,54.70014098090079,54.70788472692526,54.68400568320592,54.71574556667379,54.63617337951222,54.64669547769158,54.58834108236059,54.60212062347191,54.57220579525105,54.600103341300894
666.0,11.71636405959032,11.71636405959032,0.06953520194950846,1,54.69367394402292,0.11103287883207003,,54.69367394402292,54.69866497298178,54.68135242019082,54.702692647075224,54.6381574962504,54.643323420159234,54.594962578693746,54.60011168565947,54.58264106519085,54.58289766326489
667.0,11.633874534450651,11.633874534450651,0.07101401482977175,1,54.68781657607231,0.09460314023506555,,54.68781657607231,54.70326184975061,54.679174026506786,54.728624145079976,54.64051499780024,54.65799684285704,54.60185597532318,54.62087717343318,54.59321343583724,54.63226965447347
668.0,11.609636871508382,11.609636871508382,0.06600700480576505,1,54.68075532811016,0.07797855041997792,,54.68075532811016,54.66664091021208,54.67582452216699,54.64041439628662,54.64176604494296,54.626509025611334,54.60770757379768,54.590959691828395,54.60277677769018,54.544955194721375
669.0,11.57562267225326,11.57562267225326,0.07363180944057572,1,54.676923486838255,0.0626516731100395,,54.676923486838255,54.714000942719196,54.675366411334636,54.776112641749165,54.645597642517714,54.66683146810477,54.615828879633106,54.615732017200074,54.614271813728216,54.56979212216772
670.0,11.485393389199261,11.485393389199261,0.06940251527327868,1,54.67028214741464,0.050121140798815134,,54.66807564059708,54.68752088898564,54.67028214741464,54.723649169110494,54.645221574121024,54.6644902011251,54.620161006615824,54.63644150319143,54.62236752279929,54.65304127686002
671.0,11.446694599627563,11.446694599627563,0.06680914081385853,1,54.667382658824074,0.04123764751639669,,54.66170573183352,54.67240469001145,54.667382658824074,54.69428810130253,54.646763832241604,54.65752148780482,54.62614501130768,54.6343558736007,54.63182194743782,54.64205236724814
672.0,11.407588454376166,11.407588454376166,0.0681286626115538,1,54.66589161663475,0.03269743610970721,,54.65693801172918,54.6798416713409,54.66589161663475,54.71824306470365,54.649542895823714,54.65521978394037,54.633194180525045,54.61497416144293,54.64214779434987,54.55069947209025
673.0,11.336912243947861,11.336912243947861,0.06758657481891116,1,54.663490516783135,0.02405078967368013,,54.65122744580092,54.67482097154952,54.663490516783135,54.716630532224244,54.651465119256635,54.66150348374174,54.639439727109455,54.62895104060188,54.65170280679565,54.590534431303986
674.0,11.32448789571695,11.32448789571695,0.062196423171430225,1,54.66116345891008,0.015512277831021493,,54.645664216357666,54.64194413096118,54.66116345891008,54.64247677767368,54.6534073173698,54.649727069636626,54.64565118107906,54.638059635357,54.661150432125474,54.637594313832466
675.0,11.278660381750466,11.278660381750466,0.06359518867766066,1,54.67275091990583,0.02914147274086787,,54.64360944716496,54.63653941223856,54.66199849069935,54.637063636850336,54.6581801768286,54.65554384651366,54.654361868081374,54.6534056094719,54.67275091990583,54.67564992995416
676.0,11.215316573556802,11.215316573556802,0.0646350852285608,1,54.68352697366916,0.043001644328334976,,54.640525329340825,54.655620157118285,54.66184926658584,54.696213683581874,54.66202614495941,54.67461967940039,54.662203028333344,54.66778876040477,54.68352697366916,54.68830164136176
677.0,11.138937383612665,11.138937383612665,0.06100404469807735,1,54.693563575228815,0.05698262535018728,,54.63658094987863,54.62261350306067,54.66086380174209,54.61561367089565,54.66507225616563,54.651621672564616,54.66928071546922,54.65342516607298,54.693563575228815,54.651276825506216
678.0,11.089443668528865,11.089443668528865,0.060880549837822276,1,54.7047796497339,0.0700233673777717,,54.63475628235613,54.62167386691515,54.66175786447359,54.62063760392497,54.669767959810116,54.65528237296168,54.67777805990966,54.658762169557335,54.7047796497339,54.65221224674991
679.0,11.039949953445067,11.039949953445067,0.06361535210877176,1,54.71580229174785,0.08292971096761192,,54.63287258078024,54.61509849426492,54.66255550415807,54.61332409746284,54.674337430178646,54.66160909503407,54.686119360848046,54.676848000690214,54.71580229174785,54.70250446617714
680.0,11.03119180633147,11.03119180633147,0.06072009746820514,1,54.72542722489695,0.09634983775404038,,54.62907738714291,54.61618062330957,54.66156618536279,54.62474912580389,54.677252300080816,54.66062143280297,54.69293841933592,54.669502955669095,54.72542722489695,54.65940387526756
681.0,10.981698091247676,10.981698091247676,0.061883276670732804,1,54.7361815290348,0.10900519470732917,,54.62717633432747,54.60903561093694,54.66227610792742,54.614657936086424,54.68167892588442,54.66409866736385,54.70108174826971,54.6819319385123,54.7361815290348,54.691852009393735
682.0,10.906540968342643,10.906540968342643,0.06205271987257201,1,54.74620210745245,0.12182076929203589,,54.62438133816041,54.628304280122116,54.662129397471986,54.673950881616065,54.685291717148836,54.682295635751345,54.70845404114769,54.69432341762669,54.74620210745245,54.70035986001817
683.0,10.841975093109868,10.841975093109868,0.06616402011634571,1,54.75581255508618,0.13457047946548073,,54.6212420756207,54.6159514691782,54.66161918370074,54.651465093713,54.688527309831656,54.68608357426241,54.71543544018082,54.713556977819046,54.75581255508618,54.76180899186491
684.0,10.833216945996272,10.833216945996272,0.06548608244120696,1,54.76338791962643,0.1481424002635876,,54.615245519362844,54.61320489065681,54.65845413781965,54.65653191622782,54.68931671410589,54.68744927624713,54.720179294508746,54.71585016811922,54.76338791962643,54.75748594443015
685.0,10.794925512104282,10.794925512104282,0.0704932558286779,1,54.77115980400969,0.16144954840389403,,54.6097102556058,54.620399748879315,54.65568028853502,54.690122454345776,54.690435024548755,54.705833687016565,54.72518976457998,54.7432140878104,54.77115980400969,54.82985222239379
686.0,10.755004655493476,10.755004655493476,0.069623940588828,1,54.776614595883515,0.17577159252955,,54.600843003353965,54.59358458257954,54.649824271094225,54.635324668688305,54.688728794486956,54.69024771352719,54.72763332179999,54.73758834823753,54.776614595883515,54.82157601790616
687.0,10.656017225325884,10.656017225325884,0.06868188243053142,1,54.78223024422506,0.18977803872238752,,54.592452205502674,54.601050809018574,54.64436075754607,54.67092744369909,54.68734121985611,54.69771778157632,54.73032168599171,54.740794850650275,54.78223024422506,54.81248684856657
688.0,10.631983240223462,10.631983240223462,0.06886201441926904,1,54.78781859916617,0.2034563619912575,,54.584362237174915,54.57056156674892,54.63911183863542,54.60633136893689,54.686090413283715,54.68141334912972,54.733068991665185,54.738131853949675,54.78781859916617,54.818701835301816
689.0,10.58574837057728,10.58574837057728,0.06355168168341777,1,54.79318619444934,0.2170614109672755,,54.576124783482065,54.58550614938042,54.63369364433855,54.65878243325038,54.6846554841969,54.68589866338393,54.735617327698264,54.725761930132705,54.79318619444934,54.750811971016994
690.0,10.53625465549348,10.53625465549348,0.06406773403448132,1,54.80057560526959,0.22936764490996353,,54.57120796035963,54.57443220335012,54.63126860152754,54.63929265232294,54.68589177816044,54.68352317787447,54.74051495834878,54.72980305044053,54.80057560526959,54.762799061060306
691.0,10.486760940409681,10.486760940409681,0.06417970320259261,1,54.80751112833238,0.24169030904631938,,54.56582081928606,54.58052643948719,54.628376873588536,54.66563764351792,54.68666596926697,54.69194444813175,54.74495506841535,54.7366419728506,54.80751112833238,54.76909933122511
692.0,10.40549348230912,10.40549348230912,0.06441017180385805,1,54.81416454487919,0.2539389522636313,,54.56022559261556,54.57657545900512,54.62525809838393,54.66495703197509,54.687195064314366,54.693725222261115,54.749132033631305,54.74107060567556,54.81416454487919,54.77686901094457
693.0,10.347037942271882,10.347037942271882,0.06719655476986928,1,54.82036845731037,0.26614061084528373,,54.55422784646509,54.56785961340832,54.62172477099955,54.65431839669108,54.68729814756136,54.696775571130516,54.752871527428205,54.75415539433386,54.82036845731037,54.81892049394265
694.0,10.29754422718808,10.29754422718808,0.06617181696315479,1,54.82512499801613,0.27886374422391214,,54.54626125379222,54.58311300865653,54.61635274015464,54.70679225640776,54.685693121682135,54.70898825066297,54.75503350643497,54.7580837237256,54.82512499801613,54.808770930180785
695.0,10.265363128491618,10.265363128491618,0.06713656165779071,1,54.830083143304364,0.29125574348081074,,54.53882739982355,54.56017569565362,54.61142948180019,54.65809566529326,54.684455267443646,54.6989344074316,54.757481056234724,54.75961426563942,54.830083143304364,54.82563296393605
696.0,10.239292364990686,10.239292364990686,0.06279968953276457,1,54.83446454859269,0.3037615280605266,,54.530703020532165,54.55453969651867,54.60584367356556,54.6538289570512,54.68258378054147,54.69080381908279,54.75932389058911,54.744618122208834,54.83446454859269,54.77071963443175
697.0,10.189798649906885,10.189798649906885,0.06780567437078533,1,54.840541482277146,0.31520539641743994,,54.525336085859706,54.55375737236832,54.6027490793515,54.66396402811625,54.682938780144056,54.70306040112415,54.76312848393455,54.768305422867314,54.840541482277146,54.84280257032963
698.0,10.143156424581004,10.143156424581004,0.0637130049391289,1,54.84426510217345,0.3276665301696653,,54.51659857200379,54.52522801997111,54.59653984967032,54.6010332020626,54.68043183325894,54.67965033583918,54.76432381977317,54.74789701441831,54.84426510217345,54.79083282783127
699.0,10.131546787709496,10.131546787709496,0.06655605792183646,1,54.84950667174769,0.33912217511976905,,54.51038449662792,54.51962753912458,54.5926018973239,54.600789713496155,54.679945580450195,54.684399301915505,54.76728926643175,54.761501670054045,54.84950667174769,54.83336581439845
700.0,10.102420856610799,10.102420856610799,0.06580226288607198,1,54.853453579426336,0.35111477574783834,,54.5023388036785,54.51175788000026,54.58696815303118,54.59505939389759,54.677896187904885,54.68090401420565,54.76882422556505,54.759878108903806,54.853453579426336,54.826575169247704
701.0,10.073294925512101,10.073294925512101,0.06356822297275348,1,54.85756778535249,0.3628447953770717,,54.494722989975415,54.497320185759705,54.58169888819868,54.570529990662365,54.676145384104274,54.67023659691456,54.77059188272921,54.75061426992305,54.85756778535249,54.79997666795994
702.0,10.061685288640593,10.061685288640593,0.0677972275269561,1,54.86247909632577,0.37398922642269383,,54.48848986990308,54.51158073195075,54.57766655372437,54.62333153499319,54.67548447964031,54.69082842046697,54.77330240821023,54.77479131684316,54.86247909632577,54.86099945344927
703.0,10.055778631284918,10.055778631284918,0.06377792926630488,1,54.865507824188235,0.3859762149632502,,54.479531609224985,54.47851272645397,54.571122074753866,54.54977799216978,54.672519713316326,54.66415069087596,54.77391735446872,54.75305855166463,54.865507824188235,54.80965073812934
704.0,10.020949720670389,10.020949720670389,0.06137542771006303,1,54.87017876668826,0.3969834705913087,,54.473195296096954,54.47946752598776,54.56695436896124,54.56410410098649,54.67168702808383,54.66352440622949,54.77641968973409,54.7472660378458,54.87017876668826,54.781124242888694
705.0,10.020949720670389,10.020949720670389,0.05723273289463726,1,54.87570041191614,0.40737717910880633,,54.468323232807336,54.4892528788358,54.56409939393,54.595237964422935,54.67201181913234,54.662507319984215,54.779924246801706,54.72972638533866,54.87570041191614,54.705062622234976
706.0,10.053130819366851,10.053130819366851,0.06039949203601791,1,54.882943017731364,0.4167827761854568,,54.46616024154591,54.49640244249756,54.56370921894022,54.621025014076814,54.67455162648641,54.6798501091602,54.785394036440685,54.75506786273407,54.882943017731364,54.7778554166091
707.0,10.06148161080074,10.06148161080074,0.064146321276989,1,54.88891932136503,0.4268120902190162,,54.462107231146014,54.496130635113865,54.56159056933566,54.62877934769425,54.67551327317885,54.68980598999586,54.789435979372406,54.77345341744093,54.88891932136503,54.832828163847246
708.0,10.029911545623833,10.029911545623833,0.06556121413694439,1,54.89329273327642,0.43758458147183177,,54.455708151804586,54.503849279367735,54.55731591485577,54.659097293728735,54.67450043953782,54.70074298021383,54.79168496651371,54.784290318561524,54.89329273327642,54.85526958964929
709.0,10.061685288640593,10.061685288640593,0.06708674573142163,1,54.89690662453722,0.44858163686138397,,54.44832498767584,54.50252076481927,54.552115580885705,54.66619820303984,54.67261580317616,54.70568244366179,54.79311602770521,54.79286997121876,54.89690662453722,54.87874844914096
710.0,10.03520716945996,10.03520716945996,0.07022452665577242,1,54.89994749004752,0.4598245066379434,,54.44012298340958,54.45174241478857,54.546159623375324,54.547701286479764,54.67003523386884,54.67989450526277,54.79391084654697,54.79459136590826,54.89994749004752,54.923476701035696
711.0,10.056185986964616,10.056185986964616,0.06854410272989729,1,54.901513640590885,0.47166160688055214,,54.42985203371033,54.43187623167275,54.53828481229582,54.51464376742229,54.66568283436005,54.66583469112562,54.79308085855607,54.78522109473911,54.901513640590885,54.90238023950447
712.0,10.061685288640593,10.061685288640593,0.066218594916496,1,54.903830958384795,0.4830360676181158,,54.42079489076668,54.42669390641804,54.53150748387324,54.5181361101325,54.66231292185255,54.66059459375262,54.793118361912185,54.777378314576694,54.903830958384795,54.87301798506409
713.0,10.061685288640593,10.061685288640593,0.06900977610286682,1,54.9071179352743,0.4938128903852359,,54.413305044889064,54.41549962945865,54.52614817320313,54.50652076256762,54.660211487424114,54.66073300505669,54.79427480367528,54.788443567884954,54.9071179352743,54.91319186097415
714.0,10.061685288640593,10.061685288640593,0.06759760533397234,1,54.90917660346268,0.505110969702109,,54.404065633760574,54.383987310247875,54.51917208299601,54.44266845275103,54.65662111601826,54.639234728284,54.79407015102165,54.77708851723167,54.90917660346268,54.89591763984154
715.0,10.061685288640593,10.061685288640593,0.06920712570530765,1,54.911796545212475,0.5160113397401815,,54.39578520547229,54.39128004518074,54.51305589497749,54.4822110408708,54.65379087281158,54.64952482878338,54.79452585257901,54.78825237743105,54.911796545212475,54.91970706446395
716.0,10.023393854748603,10.023393854748603,0.07406251856815618,1,54.913691570350004,0.5271737679993436,,54.38651780235066,54.376188128904325,54.50602012922324,54.46562810004525,54.65010468388067,54.65056494788111,54.794189240424735,54.8060560702564,54.913691570350004,54.986751279477225
717.0,10.020949720670389,10.020949720670389,0.07256979425156243,1,54.91333748215695,0.539297960215734,,54.374039521941214,54.360241667020134,54.49601609835935,54.44814661304661,54.643688499639346,54.639145564130146,54.791360902760196,54.797810302637025,54.91333748215695,54.96690573005987
718.0,10.020949720670389,10.020949720670389,0.06674680113994351,1,54.913570303601524,0.550998579574717,,54.36257172402681,54.35629061118908,54.4869151107528,54.457078903884245,54.63807101146283,54.62802468502647,54.789226913969095,54.7756278292771,54.913570303601524,54.889114411418866
719.0,10.04478002793296,10.04478002793296,0.06662878815263922,1,54.916244584135164,0.5613448603998705,,54.35489972373529,54.33476054384775,54.48126942688998,54.41724410934494,54.63557215164057,54.61569992862611,54.7898748781441,54.77193935215041,54.916244584135164,54.889764233815775
720.0,10.061685288640593,10.061685288640593,0.0717460908110217,-1,54.919019958553456,0.5715842269232354,,54.34743573163022,54.32765063542136,54.47580755897207,54.41965510785404,54.633227842852484,54.62264015506071,54.79064812844359,54.792969700485486,54.919019958553456,54.96094231944504
721.0,10.020949720670389,10.020949720670389,0.0702148890506151,-1,54.90327803988669,0.5501221360747195,,54.353155903811974,54.35792036468693,54.475608787489584,54.48558868730435,54.6282169696642,54.63370632514774,54.78082515350809,54.789243839874246,54.90327803988669,54.941099673797716
722.0,10.020949720670389,10.020949720670389,0.06741115947581776,-1,54.8885085797726,0.5292550617906215,,54.359253517981976,54.381103914900656,54.476003237485365,54.52861453803198,54.623881046745,54.63815112681153,54.771758857633536,54.77883349969851,54.8885085797726,54.90451163851828
723.0,10.020949720670389,10.020949720670389,0.06631770316747648,-1,54.875687440083645,0.5092784516926727,,54.36640898839097,54.378780661707346,54.47774065169613,54.50344090613415,54.62104821215645,54.6290761544951,54.76435577420639,54.76909993740238,54.875687440083645,54.89170716648306
724.0,10.047835195530725,10.047835195530725,0.07178936403373797,-1,54.863688194228615,0.4897702073626746,,54.37391798686594,54.379499710439234,54.48000723821584,54.49180696533588,54.618803088516565,54.63424212433833,54.757598940368595,54.7867123092498,54.863688194228615,54.96762067692031
725.0,10.026041666666664,10.026041666666664,0.058339911972618785,-1,54.848318492020475,0.4691558936969926,,54.37916259832348,54.42201647217653,54.47979034231823,54.57884224973432,54.61374054319044,54.632381072709755,54.747690745576385,54.73930678549547,54.848318492020475,54.7870549199602
726.0,10.020949720670389,10.020949720670389,0.05417816504525,-1,54.84175960663215,0.4519570992808042,,54.38980250735135,54.42263459734503,54.48587310224937,54.55195869285586,54.61578105505762,54.62162769469455,54.74568900934338,54.72038826911404,54.84175960663215,54.73528054879203
727.0,10.020949720670389,10.020949720670389,0.056576003026747985,-1,54.83798049913072,0.43591949260532203,,54.4020610065254,54.3904603672294,54.493909343259844,54.44443604698379,54.62002075094002,54.60124001213505,54.746132160062515,54.71991831294535,54.83798049913072,54.772936829671444
728.0,10.020949720670389,10.020949720670389,0.05818129524417569,-1,54.83271065100158,0.41946965153749716,,54.41324099946408,54.40127597613994,54.50080675189736,54.45478955381757,54.622975823389886,54.60792791961822,54.74514489629028,54.72759414297882,54.83271065100158,54.79915355950095
729.0,10.020949720670389,10.020949720670389,0.059693461884807016,-1,54.826470339752355,0.40279971953003013,,54.423670620222325,54.380120205112135,54.506940261050474,54.383538304107226,54.62507047818848,54.59253392358229,54.74320069670068,54.72618424541804,54.826470339752355,54.823585910522965
730.0,10.020949720670389,10.020949720670389,0.05872551665182106,-1,54.81932215142788,0.3859336257629238,,54.43338852566496,54.36756214014131,54.51235318291047,54.33754400269002,54.62635533679065,54.57806710288828,54.74035749201211,54.717144129263986,54.81932215142788,54.81410733417533
731.0,10.020949720670389,10.020949720670389,0.06513535163365762,-1,54.812884916851964,0.3694594149183601,,54.4434255019336,54.41702706504291,54.518221081805656,54.458793411546196,54.62815520767903,54.61933180779207,54.73808933486158,54.75430854029756,54.812884916851964,54.904229493241594
732.0,10.020949720670389,10.020949720670389,0.06324768196279111,-1,54.80234583499239,0.3516296665450085,,54.45071616844738,54.43466055285965,54.521042128205046,54.49042552309368,54.62653100004738,54.62309000243533,54.732019873167374,54.7484862679723,54.80234583499239,54.88072937652244
733.0,10.020949720670389,10.020949720670389,0.06372648915912447,-1,54.79312503447077,0.33441660944052387,,54.458708425030245,54.45018706773971,54.524755271514394,54.51588299879708,54.62591672811819,54.63023068394875,54.72707818596895,54.75194195925976,54.79312503447077,54.88959022126815
734.0,10.020949720670389,10.020949720670389,0.058706182611560624,-1,54.783675139808736,0.3172548310589889,,54.46642030874975,54.442460634364615,54.528235295721025,54.47684241203273,54.62504772268617,54.61156906690052,54.721860150868295,54.72727522401297,54.783675139808736,54.82417622917367
735.0,10.020949720670389,10.020949720670389,0.06247306141486738,-1,54.777577125693085,0.30143507677944115,,54.476142048913644,54.4477126813858,54.534091461524305,54.47666566514763,54.62685958574841,54.618628429260895,54.719627711160385,54.74226862413824,54.777577125693085,54.878483422710104
736.0,10.020949720670389,10.020949720670389,0.056957650109171656,-1,54.76909761487056,0.28487851282329757,,54.48421910204726,54.45918193177565,54.538148804867376,54.488628902004514,54.6266583569413,54.61231688917256,54.71516791017456,54.721251638089754,54.76909761487056,54.80662268153735
737.0,10.03948440409683,10.03948440409683,0.05271217580761143,-1,54.76428561550135,0.26976817406460185,,54.49451744143675,54.486477259899274,54.54481579168047,54.538525573988146,54.62940152698769,54.62010920987365,54.71398726342656,54.71067955721022,54.76428561550135,54.75332487688125
738.0,10.061685288640593,10.061685288640593,0.05402214059051819,-1,54.7623704887173,0.2557886842632797,,54.50658180445402,54.49706427500347,54.55355472462676,54.54460020948845,54.634476145139566,54.6276328760097,54.71539756675708,54.71868843792226,54.7623704887173,54.775958494308206
739.0,10.025634310986964,10.025634310986964,0.059510314321452894,-1,54.7597414786767,0.2416282104218226,,54.51811326825488,54.46545810397988,54.56173750458503,54.4460163753359,54.638927372054155,54.613993023775265,54.71611724060166,54.732009685299005,54.7597414786767,54.854432684469145
740.0,10.020949720670389,10.020949720670389,0.05683950084358238,-1,54.75346617307561,0.22631372737942002,,54.52715244569619,54.46871436679415,54.567162444606645,54.44034596392293,54.64030930800807,54.60786797280649,54.71345617246206,54.721167872281036,54.75346617307561,54.82138629764211
741.0,10.020949720670389,10.020949720670389,0.05308369880232568,-1,54.74897853548447,0.2117597729595886,,54.53721876252488,54.497519748870616,54.57382601506817,54.49854898879677,54.64309864765976,54.61759371865702,54.71237128127877,54.713384197207134,54.74897853548447,54.77438817420814
742.0,10.020949720670389,10.020949720670389,0.048128538954621394,-1,54.74699530890834,0.19820917142262573,,54.54878613748571,54.5251030120036,54.58226002167791,54.54785612981274,54.64789072188413,54.62512067640491,54.71352142309331,54.701183030132036,54.74699530890834,54.71217911896172
743.0,10.020949720670389,10.020949720670389,0.05304357038458962,-1,54.74828876837477,0.18592832691400218,,54.56236044146077,54.51339866790871,54.59303372008624,54.498169757354425,54.65532460363599,54.62509642420465,54.71761548816493,54.718920778259125,54.74828876837477,54.784219084344855
744.0,10.020949720670389,10.020949720670389,0.049985044361652506,-1,54.74642968357394,0.17261138858290082,,54.57381829499104,54.524094003158936,54.60144746740841,54.50648274817773,54.66012398803123,54.624654078535556,54.71880050960993,54.709947769464165,54.74642968357394,54.74736695439549
745.0,10.028078445065173,10.028078445065173,0.049569204187839555,-1,54.74661198873571,0.16011859185616117,,54.58649339687955,54.525551692739015,54.61129874278971,54.491056602331376,54.66655269158607,54.623367856566034,54.721806641315624,54.709739101103295,54.74661198873571,54.746867182714006
746.0,10.061685288640593,10.061685288640593,0.054172070341387546,-1,54.74713713893934,0.14782822922112615,,54.59930890971821,54.57633279137452,54.62135390644402,54.60696755180971,54.67322302313621,54.66482203350893,54.725092140739434,54.74286055076334,54.74713713893934,54.81400027179892
747.0,10.061685288640593,10.061685288640593,0.055097416485444875,-1,54.744837034627906,0.13457710866359918,,54.61025992596431,54.58450555413983,54.62931792770329,54.6083847175945,54.677548479131964,54.670141300126254,54.72577903144997,54.748878951797,54.744837034627906,54.83022580845767
748.0,10.061685288640593,10.061685288640593,0.05513601480971959,-1,54.74198675254361,0.12122578174037812,,54.62076097080323,54.59630591247268,54.636820638614864,54.61953723033738,54.68137386053705,54.676143574299296,54.72592708332735,54.75218756253933,54.74198675254361,54.8341754142418
749.0,10.061685288640593,10.061685288640593,0.05381185774928685,-1,54.73916392395966,0.10797983933410649,,54.63118408462555,54.60509697283476,54.64428481644461,54.62196946701115,54.68517400318334,54.67762947693313,54.72606319076948,54.74927413832584,54.73916392395966,54.8196832754564
750.0,10.061685288640593,10.061685288640593,0.04966736442997215,-1,54.73725403701471,0.09515186872428671,,54.64210216829042,54.62712753213741,54.65236033050798,54.65587703683098,54.68967810156973,54.68313961674502,54.7269958734587,54.738915496523155,54.73725403701471,54.767482272212455
751.0,10.061685288640593,10.061685288640593,0.04734012343607829,-1,54.738087848235615,0.08338584425689533,,54.65470200397872,54.64175638621635,54.66239279133196,54.6683571344979,54.696394925050036,54.68777312062918,54.7303970595757,54.7346886522335,54.738087848235615,54.740821673342914
752.0,10.061685288640593,10.061685288640593,0.04649647077034008,-1,54.740476117109004,0.07225165346591211,,54.66822446364309,54.65762095853622,54.67351354388965,54.68317614227785,54.70435028934396,54.695214115161015,54.735187035586726,54.73468971316696,54.740476117109004,54.726121761312086
753.0,10.061685288640593,10.061685288640593,0.04541773247021162,-1,54.74344991067586,0.06140138514367521,,54.68204852553218,54.6529594522749,54.685013419744735,54.64408516106461,54.71274921709635,54.68710911271105,54.74048501521777,54.72551404437765,54.74344991067586,54.698698556355126
754.0,10.061685288640593,10.061685288640593,0.04446251238394652,-1,54.74716035591773,0.050885734523753,,54.696274621393975,54.641606643962675,54.697004618817175,54.590349217786645,54.72171748767201,54.67609003467016,54.74643035727844,54.718188030879496,54.74716035591773,54.68318425838298
755.0,10.061685288640593,10.061685288640593,0.05120232708222332,-1,54.75294957291436,0.0435216320447509,,54.71085243876364,54.67299685948694,54.70942794086961,54.65670585703664,54.731188756525064,54.71418080996394,54.75294957291436,54.76616610523901,54.75152507620769,54.81469400325067
756.0,10.061685288640593,10.061685288640593,0.051176994009093424,-1,54.75547507894839,0.0368744736508404,,54.72253933003652,54.682865447237546,54.71860060529755,54.66285775845209,54.737037841764774,54.71945047494035,54.75547507894839,54.76984438739725,54.751536355368565,54.81809593876083
757.0,10.061685288640593,10.061685288640593,0.04536506527648888,-1,54.75802606886003,0.030264154115656083,,54.73418267783041,54.710949014986234,54.72776191474438,54.70948797463106,54.74289399145252,54.72097639787045,54.75802606886003,54.743459737871845,54.75160530690559,54.70408783799752
758.0,10.061685288640593,10.061685288640593,0.04720923009575832,-1,54.76403805666154,0.024354719349673815,,54.74822562971424,54.74605753842477,54.73968333731187,54.77349052371704,54.75186069664529,54.74068153442902,54.76403805666154,54.74644535952011,54.75549576536401,54.68186669833439
759.0,10.02848580074488,10.02848580074488,0.0461009597066729,-1,54.76896269802441,0.018267162784653124,,54.761440946970836,54.73429803889074,54.75069553523976,54.721249300221345,54.759829116298754,54.740902502002555,54.76896269802441,54.76313313891134,54.75821728737201,54.75055992474579
760.0,10.045391061452513,10.045391061452513,0.04987185527145969,-1,54.77495255426477,0.013381785508499888,,54.77495255426477,54.78155781768928,54.762091547573114,54.81872755685241,54.768261660658496,54.77097602227445,54.77443177439477,54.77453172851905,54.76157076875627,54.744545382056664
761.0,10.020949720670389,10.020949720670389,0.045427151689966486,-1,54.78688323420672,0.02431925856320305,,54.78688323420672,54.755771581569846,54.77171559219844,54.727170939784415,54.77472360409332,54.749930525147875,54.77773161662364,54.762500783712085,54.762563975643516,54.729550857774235
762.0,10.020949720670389,10.020949720670389,0.04751688333578597,-1,54.80055423102285,0.034157951372598916,,54.80055423102285,54.79181290212562,54.78335819118873,54.795455733043816,54.78347525452442,54.76972300260527,54.78359231848053,54.76504983510727,54.76639627965025,54.70393650821178
763.0,10.020949720670389,10.020949720670389,0.04619636745608289,-1,54.81329336590196,0.044395457417103046,,54.81329336590196,54.78179481362839,54.79397167848223,54.745656948305765,54.79109563640052,54.76059378412072,54.788219594924534,54.75976118469835,54.76889790848486,54.69665230327438
764.0,10.020949720670389,10.020949720670389,0.04811235778573414,-1,54.82654415696414,0.054252820191869944,,54.82654415696414,54.81201899829596,54.80519437719121,54.80119242808827,54.79941774609407,54.77960233736785,54.79364111558833,54.76741959710854,54.77229133677227,54.695414351040675
765.0,10.040299115456238,10.040299115456238,0.048414281136178045,-1,54.838935792607906,0.0644684927084711,,54.838935792607906,54.819884470033315,54.81547054996898,54.80145562193367,54.80670154549788,54.790080226258176,54.79793254160416,54.78319680972032,54.774467299899435,54.74354302313978
766.0,10.061685288640593,10.061685288640593,0.05426686612835018,-1,54.851223023462545,0.07467256005138267,,54.851223023462545,54.86571305574993,54.8256477736899,54.90238146209928,54.81388674269898,54.833810775930395,54.80212571227175,54.82586493654134,54.77655046341116,54.846015195616005
767.0,10.061685288640593,10.061685288640593,0.05572332536629646,-1,54.86105634902817,0.0861219483138953,,54.86105634902817,54.88368958659896,54.83306301211487,54.92397794661985,54.81799537415094,54.838647691379926,54.80292773673725,54.818247271239336,54.77493440071427,54.80678463733501
768.0,10.061685288640593,10.061685288640593,0.05159347052165928,-1,54.870219640494795,0.09780798829569193,,54.870219640494795,54.869867377986324,54.83975398908725,54.86653075356789,54.82131564564386,54.826003203705675,54.802877302737585,54.81061777955084,54.772411652199104,54.7988703146201
769.0,10.061685288640593,10.061685288640593,0.051238290568953335,-1,54.88108674435348,0.10846574887334981,,54.88108674435348,54.86771037888017,54.8484103026631,54.840845519997735,54.82685386923043,54.82507058514095,54.805297436322114,54.81454891279657,54.77262099548013,54.8149757660997
770.0,10.061685288640593,10.061685288640593,0.05264482361888087,-1,54.892056474192366,0.11895891284356708,,54.892056474192366,54.88933452462863,54.857213087756115,54.8774759896104,54.83257701710052,54.840285698282614,54.80794094695681,54.825243458911224,54.7730975613488,54.8312655223655
771.0,10.030522579143387,10.030522579143387,0.05340507186049469,-1,54.9023799320772,0.12968648463129995,,54.9023799320772,54.90181371773296,54.86531344681239,54.8905679861987,54.83753668910744,54.84948607591494,54.8097599319022,54.8338272550234,54.7726934474459,54.84955677390256
772.0,10.060870577281186,10.060870577281186,0.0573653745349962,-1,54.912216475248236,0.1405001368826646,,54.912216475248236,54.9356763546327,54.87290810299502,54.9571588146939,54.84196640616837,54.86879580938598,54.81102470982952,54.83876839371792,54.77171633836557,54.836771369236466
773.0,10.020949720670389,10.020949720670389,0.05751543920469366,-1,54.920429832621394,0.1521188298178231,,54.920429832621394,54.94375714417729,54.87868138199242,54.960046221559935,54.84437041708921,54.87633616494191,54.81005945266213,54.84878170812194,54.76831100280357,54.868554585870044
774.0,10.020949720670389,10.020949720670389,0.054706573127808564,-1,54.928381725930436,0.16367676710099488,,54.928381725930436,54.923006246256854,54.88421258736649,54.88779775540745,54.846543341771564,54.858665799329124,54.80887409664139,54.83911498943271,54.76470495882944,54.858949769273856
775.0,10.020949720670389,10.020949720670389,0.053995486412709084,-1,54.93748148466121,0.17451029687283892,,54.93748148466121,54.914980276037696,54.891076447702886,54.84615427649845,54.85022633563092,54.839788778994105,54.80937622401263,54.811967048374285,54.762971187788374,54.7763928067334
776.0,10.020949720670389,10.020949720670389,0.05321298972144662,-1,54.94683706385402,0.1850981684968005,,54.94683706385402,54.90615424635948,54.898259774633885,54.80476895693733,54.8542879790259,54.82138958694023,54.81031618386078,54.78642941485104,54.76173889535722,54.702260765168745
777.0,10.020949720670389,10.020949720670389,0.054426441856534606,-1,54.9564799640071,0.19542708927873775,,54.9564799640071,54.92440020631119,54.9057968053837,54.84239869317972,54.858766418801814,54.84166066880343,54.81173603265225,54.81172516201664,54.761052874728364,54.77621010842136
778.0,10.020949720670389,10.020949720670389,0.055142851071619564,-1,54.96555912438823,0.2059466101179126,,54.96555912438823,54.93558036121547,54.91272358684222,54.85317819585042,54.86258581877684,54.836506410798165,54.81244805113349,54.79094294300804,54.759612514270316,54.7002696900263
779.0,10.020949720670389,10.020949720670389,0.05446088021193134,-1,54.97428625929006,0.2165433000813266,,54.97428625929006,54.92769269856239,54.919280493835494,54.82019670562424,54.866014608710145,54.83019307201779,54.812748723996755,54.78981631134312,54.757742959208734,54.71096151234678
780.0,10.020949720670389,10.020949720670389,0.05646762182608162,-1,54.98325877880039,0.22690381848625663,,54.98325877880039,54.95619246626936,54.92614332757578,54.8819652005221,54.86980686903086,54.849350176288446,54.81347041088809,54.800526059034844,54.756354960314134,54.72730319553677
781.0,10.020949720670389,10.020949720670389,0.057932221481478724,-1,54.991328179040345,0.23763067112547276,,54.991328179040345,54.9768116258274,54.93201244748776,54.92362379467425,54.87251284296378,54.866441633279315,54.81301323883233,54.8159784374643,54.75369750791487,54.76811393291008
782.0,10.056389664804467,10.056389664804467,0.057088446805088525,-1,54.99872521048585,0.24859867759730037,,54.99872521048585,54.96591090259709,54.937150567282494,54.878249302916394,54.87442587118566,54.84744619272401,54.811701175471974,54.79132113003321,54.75012653288855,54.70237122051796
783.0,10.03500349162011,10.03500349162011,0.059686695691918194,-1,55.00656764707658,0.2592909433405097,,55.00656764707658,55.00160869620864,54.94280510687766,54.95773059939895,54.876922174916764,54.87026921223271,54.81103924332987,54.80108420569037,54.74727670373607,54.711585949189775
784.0,10.061685288640593,10.061685288640593,0.05711468120971066,-1,55.01317347576814,0.27047613122609704,,55.01317347576814,54.9669205096071,54.94710117311632,54.85930526454523,54.877935409677264,54.854374812348844,54.808769646603245,54.81102824133134,54.742697344542044,54.786734772791085
785.0,10.061685288640593,10.061685288640593,0.05779581500210561,-1,55.020932567055816,0.2809996268796837,,55.020932567055816,54.97676642632009,54.95271836136505,54.87375182186076,54.88043275314956,54.85825178001052,54.80814714529039,54.81170047201778,54.73993294017613,54.78428781713277
786.0,10.061685288640593,10.061685288640593,0.05808591424158187,-1,55.02835516221495,0.2915910186202382,,55.02835516221495,54.981144595065835,54.957982967600444,54.87399315245162,54.88255965244957,54.85778962638134,54.807136337646504,54.8094045072035,54.73676414359471,54.77752589720644
787.0,10.061685288640593,10.061685288640593,0.059856099856025434,-1,55.035608752393074,0.3021626794866208,,55.035608752393074,55.00537721753295,54.96308449830226,54.924779500351974,54.884527412205394,54.869122806318046,54.80597032644801,54.80877576337422,54.73344607290645,54.75907987484657
788.0,10.061685288640593,10.061685288640593,0.060637044599865186,-1,55.042059112020816,0.3130425269323638,,55.042059112020816,55.015791155861436,54.96730656284574,54.936021716907156,54.88553784812091,54.863011366456156,54.80376913372743,54.78655350967696,54.72901658508845,54.68321287928483
789.0,10.061685288640593,10.061685288640593,0.0604915413648976,-1,55.04812968950554,0.3240079578888242,,55.04812968950554,55.01351163499953,54.971128895272095,54.921349558742456,54.8861257101378,54.86415466367998,54.8011225253269,54.79454840626186,54.72412173161671,54.723749274320355
790.0,10.061685288640593,10.061685288640593,0.06043110029580499,-1,55.0542178228581,0.3348530711032325,,55.0542178228581,55.01242430139733,54.97500048693418,54.907848134627514,54.886791286893306,54.85915760342631,54.79858208716808,54.78835096953559,54.71936475175487,54.71331505108367
791.0,10.059037476722532,10.059037476722532,0.06145653921789464,-1,55.06028755056575,0.34559791352781843,,55.06028755056575,55.02599023442984,54.978880044139224,54.93077421310446,54.887488593398565,54.85931238237962,54.796097142965976,54.77580903443484,54.71468963703793,54.66849327017789
792.0,10.020949720670389,10.020949720670389,0.061965923311700095,-1,55.0658635256275,0.3564830021771428,,55.0658635256275,55.03232873221384,54.982231713578024,54.936821727717295,54.88762202414533,54.85908518702755,54.793012335013316,54.77063693200569,54.709380523450356,54.65759050338614
793.0,10.041113826815643,10.041113826815643,0.06372431559966209,-1,55.07103639946633,0.36739285423087154,,55.07103639946633,55.0553685036807,54.98517530498302,54.98685447429456,54.887339971966746,54.87196573291209,54.78950463924394,54.7737548944106,54.70364354523546,54.66043257050028
794.0,10.061685288640593,10.061685288640593,0.0643198568104686,-1,55.07548504549914,0.37860191133290044,,55.07548504549914,55.06227443852227,54.98732090728543,54.99575907072734,54.88618408945778,54.877112051232736,54.78504727191653,54.7792721282349,54.69688313416624,54.68718158769043
795.0,10.024004888268156,10.024004888268156,0.06698303081804048,-1,55.07970988700013,0.389850861174061,,55.07970988700013,55.09690044922101,54.98923446666297,55.075642682439366,54.8847844560472,54.900713220553676,54.78033444571094,54.79176538390697,54.68985902582607,54.711602463456664
796.0,10.061685288640593,10.061685288640593,0.0690217306462636,-1,55.08260779438377,0.4015931194418272,,55.08260779438377,55.11944748374967,54.989699181108165,55.12241274240724,54.88181123430578,54.91442720917881,54.77392328777617,54.79715913745553,54.68101467494194,54.7249123193254
797.0,10.061685288640593,10.061685288640593,0.07218686893403453,-1,55.084724634695895,0.4136856720766531,,55.084724634695895,55.14151362538799,54.98929766555423,55.16258746660258,54.87788179830912,54.916293618026174,54.76646593133019,54.77752974310752,54.67103896261924,54.65561416793203
798.0,10.08490456238361,10.08490456238361,0.06938389078928772,-1,55.08543689608916,0.42637091793671544,,55.08543689608916,55.12153538825771,54.98734618368747,55.100959791351556,54.87225143678079,54.903192706306015,54.757156690133854,54.775329113771136,54.65906597815245,54.68812794399695
799.0,10.166375698324025,10.166375698324025,0.07133578950015307,-1,55.08739462377723,0.43833565099348704,,55.08739462377723,55.143474542066045,54.98682521076622,55.14538047229722,54.86822679794869,54.912003402119936,54.74962838538461,54.77106095572703,54.64905897278374,54.670883170337014
800.0,10.224627560521412,10.224627560521412,0.07302330238039965,1,55.08877089221336,0.45062764246416975,,55.08877089221336,55.15653343292426,54.98564332420168,55.165181500905234,54.86345707065751,54.912770054069846,54.741270817360665,54.75980303320271,54.63814324974919,54.64000305210416
801.0,10.39062499999999,10.39062499999999,0.06873657844859836,1,55.07293974246017,0.4298779849456196,,55.07293974246017,55.10408481929166,54.97551737333009,55.05100886672018,54.85800074967145,54.879481439126735,54.74048412625413,54.74162900535296,54.64306175751455,54.62025667191305
802.0,10.620577281191803,10.620577281191803,0.06869921184035613,1,55.0606611153686,0.41036594809907,,55.0606611153686,55.10147876911109,54.96857091035319,55.06805659858374,54.85547814101078,54.89012706002517,54.74238537190387,54.76003159656063,54.65029516726953,54.67566314785219
803.0,10.792277700186219,10.792277700186219,0.06747333907734228,1,55.04936805486443,0.39106673067654185,,55.04936805486443,55.08291126098717,54.96249753993026,55.03614958660331,54.853834689225316,54.87704592949597,54.74517183875019,54.74668847398099,54.65830132418789,54.63519075580128
804.0,11.045856610800744,11.045856610800744,0.06691937644365506,1,55.03962366531087,0.3722574388247537,,55.03962366531087,55.073772239078366,54.957794325609946,55.02791163739129,54.8534949456049,54.87231308046174,54.74919556582414,54.7402256065341,54.667366226486116,54.609517874912164
805.0,11.170711126629431,11.170711126629431,0.06392243996847749,1,55.03128996346074,0.3537718196971156,,55.03128996346074,55.03190085203585,54.95436808562206,54.935071762335845,54.85440405332567,54.84980133322542,54.75444002124816,54.734570694187916,54.67751814376363,54.615429566675324
806.0,11.30737895716946,11.30737895716946,0.06303745237270128,1,55.025485907135945,0.3361804803804631,,55.025485907135945,55.019331989194654,54.95319864874035,54.920782816009876,54.85739566666609,54.85503094455423,54.76159268480544,54.754913087361956,54.68930542675548,54.67963439029561
807.0,11.529795158286776,11.529795158286776,0.06225505074734415,1,55.020861666515735,0.31897381754045995,,55.020861666515735,55.00839928188425,54.95306700118086,54.90729056939762,54.8613747574726,54.85648085956582,54.76968251397281,54.76583433567832,54.701887848975275,54.706993714421
808.0,11.77909683426443,11.77909683426443,0.06241809294111447,1,55.017671336456694,0.30212187252249123,,55.017671336456694,55.0104264658287,54.95423743965543,54.9260625832695,54.866610399929094,54.86881550031447,54.77898336040622,54.785129074203,54.7155494639342,54.74861194904982
809.0,11.927577979515835,11.927577979515835,0.06436292041357665,1,55.015395556280126,0.2853974447596741,,55.015395556280126,55.0364207286781,54.95624971457394,54.998363897958356,54.87269683364033,54.88347263615209,54.7891439529053,54.78082254540656,54.72999811152045,54.68693098637782
810.0,12.129015363128492,12.129015363128492,0.06365801585752184,1,55.012482012330246,0.26838070129459624,,55.012482012330246,55.02618702656292,54.95765798763831,54.98349771992839,54.878291661429245,54.89477575837373,54.798925335413976,54.811472399925016,54.74410131103565,54.779719382215035
811.0,12.376483938547496,12.376483938547496,0.06299963318193963,1,55.01087500843497,0.2516943206957407,,55.01087500843497,55.01678689297729,54.96025265924595,54.95657101821859,54.885027847839496,54.87464248266659,54.80980303662218,54.77406387368573,54.75918068773923,54.63718416164764
812.0,12.57669925512104,12.57669925512104,0.06311739060500188,1,55.01071951235556,0.23532252691147448,,55.01071951235556,55.01803446937889,54.964184898213226,54.96327755366619,54.89305824865816,54.880166992082195,54.821931599287694,54.778567603391274,54.77539698544408,54.631058544038055
813.0,12.757565176908754,12.757565176908754,0.06386477209178136,1,55.01132417817654,0.21907970906936924,,55.01132417817654,55.02774048856089,54.96881169393133,54.99839429811412,54.901784323406,54.911768180814306,54.83475695306084,54.829319128773946,54.79224446910717,54.77313165003925
814.0,12.874476256983236,12.874476256983236,0.06337569566752901,1,55.01220154095741,0.20281703604801038,,55.01220154095741,55.020590230826535,54.97368429910427,54.98323009369257,54.910793022703224,54.91947894638667,54.84790174647802,54.84944719375714,54.8093845049094,54.82131726745801
815.0,13.121944832402239,13.121944832402239,0.06302889573076868,1,55.01391643580634,0.1868216120209638,,55.01391643580634,55.015501465688025,54.97929741079861,54.97051242423543,54.9205056295712,54.922555767836236,54.86171384851542,54.857611291687014,54.82709482378537,54.82491879544888
816.0,13.351489757914345,13.351489757914345,0.0635296775442127,1,55.016880838724326,0.17105652054565468,,55.016880838724326,55.021935933671166,54.98607402253346,54.9928902237994,54.93135257823225,54.95025945639891,54.87663113409854,54.905393901981064,54.84582431817867,54.950779634330786
817.0,13.54946461824954,13.54946461824954,0.06414583313923078,1,55.020469403416506,0.15532194037369607,,55.020469403416506,55.029794984868296,54.99344019741669,55.01224148162831,54.94280843301568,54.966767945361056,54.89217666877814,54.92795696779252,54.86514746304281,54.98504829530816
818.0,13.711999534450648,13.711999534450648,0.06461582040320957,1,55.02448465638556,0.13959033647643082,,55.02448465638556,55.03552578621989,55.00120652439737,55.02125618704398,54.95468948793851,54.97303671605166,54.908172451639196,54.93088015988172,54.88489431990913,54.95390134128935
819.0,13.870868249534457,13.870868249534457,0.06644409673753708,1,55.028884756819835,0.12389503371090882,,55.028884756819835,55.05240349905221,55.009323972002946,55.05944260315443,54.96693723976057,54.989997847914246,54.9245505076739,54.943119963488364,54.904989723108926,54.945915504346765
820.0,14.143389199255122,14.143389199255122,0.0651121550238608,1,55.03276401604029,0.10792177261954805,,55.03276401604029,55.04029505914375,55.016966203031366,55.02153551177704,54.97880312953161,54.98502919968174,54.94064005618382,54.94214091791511,54.92484224342074,54.92101909667458
821.0,14.362342877094976,14.362342877094976,0.06914521512074415,1,55.038649578054766,0.09240182772790462,,55.038649578054766,55.070779483247335,55.02647877071962,55.093823105292664,54.9924486639967,55.013405186570566,54.95841855742208,54.962406015745294,54.94624775032686,54.92887739782823
822.0,14.609811452513974,14.609811452513974,0.06841658580382666,1,55.042805170606044,0.07609489123342428,,55.042805170606044,55.06974283787204,55.03443608097055,55.082110174675464,55.00475772479991,55.01351703334891,54.97507936877398,54.95847307725168,54.96671027937262,54.88559239560671
823.0,14.74179469273743,14.74179469273743,0.07535589347725506,1,55.048479990123056,0.06010447166434574,,55.048479990123056,55.10796832196158,55.043811924743295,55.173952728376484,55.018427754106035,55.05050873183456,54.993043583609996,54.98709470168176,54.98837551845871,54.917620417871376
824.0,14.813081936685284,14.813081936685284,0.06789049603466718,1,55.05017473422196,0.042667543383771545,,55.05017473422196,55.06904904562315,55.049547586430094,55.069848963017556,55.02884096234972,55.034699073095645,55.00813433840713,54.993064432030906,55.00750719083819,54.94590365953187
825.0,15.04160847299814,15.04160847299814,0.07221911330707777,1,55.0600485177622,0.0329523265798457,,55.05712290985507,55.093649750062966,55.0600485177622,55.126762384579465,55.04357235440504,55.064361933702806,55.02709619118235,55.022983339083915,55.03002179930702,54.991805253183145
826.0,15.26646880819367,15.26646880819367,0.07496498452224658,1,55.06886278057273,0.02402941692636773,,55.062190271585365,55.10817624673309,55.06886278057273,55.161199979396876,55.05684807204394,55.093411365574326,55.04483336364636,55.06322284209305,55.05150587284599,55.0823315784219
827.0,15.513326350093111,15.513326350093111,0.07248492280430284,1,55.07693082103157,0.01482939112224102,,55.06641084516835,55.07009999750701,55.07693082103157,55.057859664576796,55.06951612540644,55.08041544629251,55.062101429909326,55.07587741033044,55.07262140597965,55.12452695101921
828.0,15.767923649906901,15.767923649906901,0.0727112556612221,1,55.09570150212132,0.022386595758227656,,55.073314906363095,55.02880240610235,55.08748451284154,54.94485631480671,55.0845082040787,55.05954838816618,55.08153189544078,55.0767213276053,55.09570150212132,55.12506108342559
829.0,15.97547136871508,15.97547136871508,0.07637172110072699,1,55.119620595137526,0.03846900444332135,,55.081151590694205,55.062661738839125,55.09893101450166,55.0324042282147,55.100386092756324,55.095754084466094,55.10184117113288,55.1115214903734,55.119620595137526,55.17185641847832
830.0,16.18627793296089,16.18627793296089,0.08245573261973954,1,55.142711894471276,0.05523939275133927,,55.08747250171994,55.065627224254264,55.109017616414114,55.04076647647067,55.115092197939944,55.11558999607215,55.1211667795847,55.14722072087866,55.142711894471276,55.25036166923111
831.0,16.38893738361266,16.38893738361266,0.07795298373673404,1,55.163942226180296,0.07323869736496391,,55.09070352881533,55.07580049537401,55.1163043791679,55.06517996761285,55.12732287734596,55.12066398391236,55.13834137564003,55.14205156323808,55.163942226180296,55.18463355315775
832.0,16.564711359404104,16.564711359404104,0.08028490457033188,1,55.18784142476309,0.09005306060885232,,55.09778836415424,55.10439105790274,55.12713153884718,55.13461820889602,55.14281489431051,55.151134281476395,55.15849824988703,55.16937574291283,55.18784142476309,55.21232449394256
833.0,16.753928072625698,16.753928072625698,0.08199383800214255,1,55.21135428926714,0.10724350098952584,,55.104110788277616,55.104950901297826,55.13727518953125,55.129613709056265,55.15773253862783,55.16154234283739,55.17818988783485,55.186369375718954,55.21135428926714,55.231061842266094
834.0,16.9024092178771,16.9024092178771,0.08012106146553337,1,55.23480485274052,0.12466442734383776,,55.11014042539668,55.13426526932067,55.14716856635662,55.19747821281248,55.17247263892759,55.18481714118763,55.19777671160629,55.196587944415064,55.23480485274052,55.201160215314715
835.0,17.11504888268156,17.11504888268156,0.08211412053914223,1,55.25957530817093,0.14150561200658274,,55.11806969616435,55.14927742205422,55.158802198817355,55.22395143727575,55.18882250203007,55.20276835010435,55.21884280534789,55.211919221395476,55.25957530817093,55.20211106649509
836.0,17.29143389199255,17.29143389199255,0.08771302327835546,1,55.284260013992764,0.15864443550455576,,55.12561557848821,55.147528753866325,55.170113724787164,55.21206995071969,55.20493779610628,55.22183406206571,55.239761867527925,55.249566885204985,55.284260013992764,55.29486791679768
837.0,17.58493365921787,17.58493365921787,0.09974495133437086,1,55.30714282274459,0.17688680252808808,,55.1302560202165,55.12088776747833,55.17878218534666,55.145484221513335,55.21869942134963,55.23254350304616,55.25861665745262,55.29945897089238,55.30714282274459,55.45103134774158
838.0,17.740747206703915,17.740747206703915,0.09653864960121779,1,55.3259137508308,0.19766009111419436,,55.128253659716606,55.12347555515381,55.18142490782876,55.158461495153496,55.227083705146036,55.23456378571786,55.27274250256085,55.29571031054252,55.3259137508308,55.398718114273606
839.0,17.9362779329609,17.9362779329609,0.09216883008200583,1,55.34661588934569,0.21751861296413466,,55.12909727638156,55.12605623593341,55.186666264648416,55.165094926330056,55.23785658273912,55.23470768398148,55.28904690092495,55.287560206141244,55.34661588934569,55.33178423051253
840.0,18.159916201117326,18.159916201117326,0.09194134966529968,1,55.36992755478943,0.23621537354290467,,55.13371218124652,55.150956760819575,55.195372499307766,55.22602322577247,55.25181986789654,55.257858619605265,55.3082672365781,55.30218978505368,55.36992755478943,55.32201691390639
841.0,18.37479632216014,18.37479632216014,0.09780620316548926,1,55.39416852660519,0.25468984472254164,,55.13947868188265,55.15372601151104,55.20516151101325,55.22944003724887,55.266823604125484,55.277316365203234,55.328485697328205,55.33504699715195,55.39416852660519,55.39453587859191
842.0,18.460544692737436,18.460544692737436,0.09728824914964021,1,55.41664572781363,0.2743006128346721,,55.14234511497896,55.15229531850326,55.212322036091585,55.222618732729835,55.27949542128079,55.28205217671693,55.34666880655824,55.34098653532481,55.41664572781363,55.37958706352766
843.0,18.747526769087518,18.747526769087518,0.10047077786132812,1,55.439595268761984,0.2936138863129827,,55.145981382449,55.15791236786534,55.220164086344234,55.236125981847806,55.29278832549285,55.298260871307065,55.36541256472752,55.363316065082394,55.439595268761984,55.414801054510264
844.0,18.882565176908752,18.882565176908752,0.11048736395777718,1,55.46225772997779,0.31345395212516536,,55.14880377785263,55.15467362329475,55.22731116085105,55.23271696156527,55.305530753805364,55.32084082446397,55.3837503468436,55.410138010296734,55.46225772997779,55.54138676894694
845.0,19.05304352886407,19.05304352886407,0.11207935268546626,1,55.48099067708719,0.33532508823516594,,55.145665588852026,55.20575114092574,55.228992155432046,55.37539347993867,55.313328132862516,55.3644862311317,55.397664110374805,55.43692883310812,55.48099067708719,55.551901159535575
846.0,19.32699022346369,19.32699022346369,0.10982158651062644,1,55.49963248437722,0.35733719509472905,,55.142295289282494,55.204673439841926,55.23045961919328,55.37298920473615,55.32096388672545,55.36606238130443,55.411468154337385,55.43420553553995,55.49963248437722,55.51033100716082
847.0,19.5294459962756,19.5294459962756,0.10988551046163458,1,55.52031857696092,0.3786397155834962,,55.14167886137742,55.189618204773474,55.23448727730726,55.33141702823934,55.330998719067374,55.36255527727125,55.427510160905264,55.437375727790936,55.52031857696092,55.500883377371686
848.0,19.714385474860336,19.714385474860336,0.10669915669599705,1,55.54172551971557,0.3997532026554609,,55.14197231706011,55.15693810882099,55.23936346751539,55.24222419112426,55.34184891828859,55.34113164075226,55.44433436913762,55.423251794104985,55.54172551971557,55.44783188888825
849.0,19.950040735567974,19.950040735567974,0.11668851343082373,1,55.56520847144814,0.41996702992043566,,55.1452414415277,55.15749611111698,55.246977139150445,55.24889446682967,55.35522495639115,55.36601202469584,55.463472773705796,55.4702873835753,55.56520847144814,55.57338347108741
850.0,20.2048417132216,20.2048417132216,0.11226843967671221,1,55.5851936401767,0.44217859163175177,,55.143015048544946,55.14777923345559,55.249584707535014,55.227848412764246,55.36410434426649,55.35753590357566,55.47862398107004,55.45703758157512,55.5851936401767,55.502244124071794
851.0,20.363506750465557,20.363506750465557,0.11368871764841063,1,55.60810889600742,0.4632097788275473,,55.144899117179875,55.13851067307775,55.25599303235218,55.20612959452536,55.37650400650168,55.36016021378199,55.497014980721445,55.46748610010927,55.60810889600742,55.51123556110093
852.0,20.437849162011172,20.437849162011172,0.1173498055008639,1,55.63096289025108,0.4843509547577014,,55.146611935493375,55.146938437338946,55.262246503739185,55.23400067014063,55.38878741278257,55.37872933233423,55.51532832189445,55.49124900647955,55.63096289025108,55.55023835850312
853.0,20.668005121042828,20.668005121042828,0.12485615271536199,1,55.6523957835194,0.5060874699874489,,55.146308313531954,55.12965346048307,55.26662183735353,55.199462832209875,55.39935204843828,55.386526308798,55.5320822595898,55.52260553771507,55.6523957835194,55.64026485251313
854.0,20.91527001862197,20.91527001862197,0.125214169360461,1,55.671392236120454,0.529244536469534,,55.14214769965092,55.12796438710792,55.26748466080913,55.20933189352442,55.40676996780051,55.3917503745339,55.546055274856954,55.52947490920832,55.671392236120454,55.63215513878303
855.0,21.146851722532595,21.146851722532595,0.12879885820607317,1,55.69118918034813,0.5522516259939039,,55.13893755435423,55.148848088157365,55.26924652224958,55.278687506926914,55.41506336726816,55.41823279062245,55.56088021235016,55.55496323943795,55.69118918034813,55.667685887072444
856.0,21.311219739292362,21.311219739292362,0.13009059261408956,1,55.71029079015029,0.575807638143857,,55.13448315200643,55.153544863647845,55.2698888928103,55.302585995467325,55.42238697099745,55.429700140249146,55.57488504924641,55.56676995381389,55.71029079015029,55.67160330062511
857.0,21.498807029795163,21.498807029795163,0.13351224710045673,1,55.729414636486496,0.5994090716970035,,55.13000556478949,55.14968924654856,55.27050608697576,55.30434282788449,55.42971010055915,55.439163251084786,55.58891411420278,55.58439623235668,55.729414636486496,55.70414042742945
858.0,21.68557960893854,21.68557960893854,0.14085686255140717,1,55.74772041869769,0.623512555816113,,55.124207862881576,55.15444446350603,55.26991630133063,55.33392722325985,55.435964140712805,55.461323475407504,55.60201198015367,55.6192056630413,55.74772041869769,55.78887882320995
859.0,21.87724045623836,21.87724045623836,0.14604430960110654,1,55.76346263967464,0.648950914474625,,55.11451172520002,55.154672915804575,55.26574992232022,55.355452262778314,55.438987182362474,55.47630699807412,55.61222444246192,55.64356376991793,55.76346263967464,55.84283946475773
860.0,22.172369646182485,22.172369646182485,0.14780119971885947,-1,55.77762188065594,0.6752400544203567,,55.102381826235586,55.14937234348804,55.25934813616658,55.36302871892383,55.44000185337284,55.48130234547979,55.62065557063481,55.65253613279235,55.77762188065594,55.84948625987412
861.0,22.33714501862198,22.33714501862198,0.14172958783164724,-1,55.758485743252066,0.6342184763167111,,55.124267266935355,55.183343227335676,55.270117864886465,55.39735821720164,55.441376505022674,55.48079079135148,55.61263514521314,55.62549358288009,55.758485743252066,55.75051643331272
862.0,22.525954376163874,22.525954376163874,0.14097977729246272,-1,55.74442257308913,0.5951613699700573,,55.149261203119075,55.21386402160392,55.28460761930229,55.42049055916176,55.446841888034896,55.488760207859116,55.609076156820365,55.61987626592416,55.74442257308913,55.72525255909682
863.0,22.756314013035386,22.756314013035386,0.13944183984929215,-1,55.73193710539554,0.5567496047939002,,55.17518750060164,55.2264601527979,55.300303493888826,55.393779643600574,55.45356230293116,55.48357556480714,55.606821112025,55.60711939401041,55.73193710539554,55.68987969384984
864.0,22.873836126629413,22.873836126629413,0.14705632495620588,-1,55.72174177413485,0.5191602357653124,,55.202581538369536,55.26708639564676,55.31777859373132,55.44818702923947,55.462161656186495,55.514040150832095,55.60654471869186,55.63805907320645,55.72174177413485,55.7785424260718
865.0,23.052257914338924,23.052257914338924,0.15113482029300357,-1,55.707163779470505,0.48018753625572685,,55.22697624321478,55.26297776334764,55.33201093067103,55.38409088672687,55.46707001127864,55.50673878105392,55.60212909193514,55.64212630984562,55.707163779470505,55.81776969458249
866.0,23.36469972067039,23.36469972067039,0.15125602110843944,-1,55.69087965042081,0.4406998573179095,,55.2501797931029,55.266258971742886,55.34502308379333,55.34300413832067,55.47052972169951,55.49695259385776,55.59603635965332,55.63261097149214,55.69087965042081,55.80288340098114
867.0,23.513180865921797,23.513180865921797,0.14527132168609835,-1,55.676174321546526,0.4016471620990245,,55.2745271594475,55.28428154736226,55.35938290402695,55.337970606768195,55.47535074043629,55.486907069423566,55.591318576892014,55.604289080023314,55.676174321546526,55.70602604721897
868.0,23.68691806331471,23.68691806331471,0.14735807000656223,-1,55.66638146784673,0.36446730816001605,,55.30191415968672,55.305703238667,55.37733850981767,55.34375938663113,55.48414781370757,55.49453858978252,55.59095711764265,55.60955997464057,55.66638146784673,55.719881100600105
869.0,23.88489292364991,23.88489292364991,0.14369371275955833,-1,55.65618126994019,0.3272215905924867,,55.328959679347705,55.3389584147385,55.39501909480328,55.37847684451923,55.49257047458632,55.50020389262457,55.590121854413376,55.595819546113965,55.65618126994019,55.65596505775943
870.0,24.0828677839851,24.0828677839851,0.14307016757236504,-1,55.649544655579916,0.29126387263961107,,55.358280782940305,55.384721440580336,55.41537470182913,55.44433592123572,55.50391271920397,55.52071650567831,55.592450736621686,55.59820770310507,55.649544655579916,55.63431248758833
871.0,24.280842644320302,24.280842644320302,0.14015562633354975,-1,55.64441841779541,0.2558584937559729,,55.388559924039434,55.43890994332801,55.43689885032443,55.52525212112808,55.51648917086272,55.538050075883994,55.59607949144279,55.582228102853655,55.64441841779541,55.53905622412573
872.0,24.4788175046555,24.4788175046555,0.1417298516799555,-1,55.64233236289633,0.22153107984708953,,55.420801283049244,55.47395550556618,55.46072202616772,55.55397829765611,55.531566822919494,55.556697319355884,55.60241161971197,55.591678131045335,55.64233236289633,55.55071020090638
873.0,24.705103584729983,24.705103584729983,0.1437073757803528,-1,55.64026761795963,0.18721759543769423,,55.453050022521936,55.50579496020332,55.48461973389846,55.575066683343294,55.54665882018886,55.57582926470038,55.60869790651891,55.60637136873478,55.64026761795963,55.58321821304999
874.0,24.9155027932961,24.9155027932961,0.14485190813354903,-1,55.63809027679798,0.15282452745612574,,55.485265749341856,55.51171067256742,55.508525488147626,55.52578209663693,55.56167801301933,55.5749191303749,55.61483053792967,55.609543945772934,55.63809027679798,55.597742856783704
875.0,25.088017923649907,25.088017923649907,0.14987866912620396,-1,55.63628705078354,0.1185464642570011,,55.517740586526536,55.5507827318242,55.53277724099922,55.57195441261931,55.57701381860576,55.60334454509306,55.62125039624992,55.63684781712264,55.63628705078354,55.664962137715904
876.0,25.379073556797014,25.379073556797014,0.14763292340608003,-1,55.63207853916476,0.08348653388547689,,55.54859200527928,55.5358292859381,55.55526665959805,55.46843852160528,55.590335272174016,55.58026349077721,55.625403884786635,55.61825288081607,55.63207853916476,55.62127006044246
877.0,25.572771182495345,25.572771182495345,0.1503184686260202,-1,55.63232335222722,0.05214691208746558,,55.58158432343636,55.5558796364564,55.58017644013975,55.46556697045186,55.606249896165636,55.59006728590079,55.63232335222722,55.62898895563314,55.630915468988434,55.64490550344137
878.0,25.69477420856611,25.69477420856611,0.15388560960409303,-1,55.63852005028573,0.03393493803504555,,55.61408510294528,55.610795727068606,55.60458511225068,55.559595515846986,55.62155258125082,55.62504450033168,55.63852005028573,55.65202858170332,55.62902005964745,55.679942245300815
879.0,25.86464152700186,25.86464152700186,0.15321030448127557,-1,55.645360640270674,0.019898274837132135,,55.645360640270674,55.65710790278563,55.62770836211078,55.62411446365008,55.63541150280774,55.64218254474574,55.643114643538574,55.6458411130346,55.62546236543354,55.621403748761644
880.0,26.030027932960905,26.030027932960905,0.15655159107325317,-1,55.67751639528634,0.05419406220398315,,55.67751639528634,55.68885495564575,55.651892740741175,55.64745329559351,55.650419364141136,55.65443803342874,55.64894598757409,55.64619500799446,55.623322333082356,55.60027042112559
881.0,26.243685986964614,26.243685986964614,0.1610175471098967,-1,55.708756501132925,0.08887242660308914,,55.708756501132925,55.73511465818679,55.675110282232986,55.713587385809205,55.66432028778929,55.681105447344535,55.65353029337773,55.66021530214868,55.619884074529836,55.61725296742665
882.0,26.36650372439478,26.36650372439478,0.16296703416122918,-1,55.73881744069606,0.12417970183239646,,55.73881744069606,55.74653262866068,55.69703488527008,55.6857730164531,55.67672758973887,55.68531580809388,55.65642029423896,55.66834981338166,55.614637738863664,55.64825807853265
883.0,26.56875581936685,26.56875581936685,0.16492943654573733,-1,55.76837319686955,0.15953605648239488,,55.76837319686955,55.75789397326898,55.71848412975795,55.65620999840648,55.688605168588424,55.67653073097833,55.6587262074494,55.64808737992728,55.60883714038715,55.577441532697996
884.0,26.821112662942284,26.821112662942284,0.16850506280202873,-1,55.797807936004986,0.1949422033646897,,55.797807936004986,55.79076262146343,55.73984017269195,55.69255186636878,55.70033683428377,55.69433928676306,55.66083349590528,55.659763484931254,55.602865732640296,55.60318247054241
885.0,27.12275954376164,27.12275954376164,0.1711092211447932,-1,55.826652084887044,0.230756937677441,,55.826652084887044,55.80987760869354,55.76054230895146,55.69048610118333,55.71127361601047,55.69963121860958,55.66200492309841,55.661142534065725,55.5958951472096,55.60559419963948
886.0,27.311161545623843,27.311161545623843,0.17652560394454486,-1,55.85558520012734,0.2667544750398392,,55.85558520012734,55.86649877687712,55.781325344216185,55.7883860010413,55.722207962570565,55.72284603536656,55.663090580953096,55.654940128352926,55.5888307250875,55.54575640554604
887.0,27.558630121042825,27.558630121042825,0.17906066323577902,-1,55.88279344752952,0.303554865686408,,55.88279344752952,55.88315280412705,55.80021949256074,55.78250650030188,55.73101601465044,55.73401597888988,55.66181253676754,55.6720752973214,55.579238581843114,55.613819323929654
888.0,27.768621973929246,27.768621973929246,0.18294266142176305,-1,55.90986032882846,0.34050297814626873,,55.90986032882846,55.91761925826316,55.818971416715286,55.827410156586026,55.739608839720404,55.75888264367598,55.66024626275219,55.69798494311131,55.56935735068219,55.69358580907828
889.0,27.890625,27.890625,0.18748291559806207,-1,55.93599848717476,0.3778913674634765,,55.93599848717476,55.96025890733683,55.83671937409803,55.88995366012595,55.74705280340903,55.77645572056938,55.65738623274598,55.69752180708587,55.55810711971128,55.670096429968744
890.0,28.123836126629428,28.123836126629428,0.19073236210274186,-1,55.96047268187618,0.41585426689550786,,55.96047268187618,55.98464468671234,55.85269381252207,55.90432531866327,55.75254554839535,55.78398591280892,55.65239728429388,55.69755427065896,55.544618414980675,55.67040160850001
891.0,28.344826582867796,28.344826582867796,0.1923824377651291,-1,55.98442433677786,0.4540955944084999,,55.98442433677786,55.98698770980907,55.86810951940541,55.85638393947561,55.75737653954142,55.76868364995795,55.646643559702014,55.67469100411386,55.53032874236936,55.61015996461491
892.0,28.560521415270024,28.560521415270024,0.19527686108179787,-1,56.0085136225584,0.4922586570661096,,56.0085136225584,56.00604992046407,55.88371466207201,55.857678996865,55.76238429399401,55.765588824201444,55.64105392593994,55.65779055065512,55.51625496549229,55.557078552584606
893.0,28.717964385474847,28.717964385474847,0.19968412376606953,-1,56.03215740584417,0.5306132210925654,,56.03215740584417,56.045111278097025,55.89885702145902,55.91853986017877,55.766850795267395,55.78396111089539,55.63484456909906,55.66326237778465,55.5015441847516,55.568656935553804
894.0,28.883554469273747,28.883554469273747,0.20128010643177668,-1,56.05438007838696,0.5694806768246963,,56.05438007838696,56.04550398802662,55.912479536958244,55.87037281910287,55.76963973994495,55.76863074870382,55.62679994295431,55.64260503686039,55.48489940156227,55.5250074009407
895.0,29.1137104283054,29.1137104283054,0.2050950387826103,-1,56.076493365732176,0.6082418089540624,,56.076493365732176,56.07578720966799,55.92604827014933,55.909376986009626,55.77237246122628,55.777179772127916,55.61869665232527,55.63734036447511,55.468251556778114,55.50967482284186
896.0,29.25954376163873,29.25954376163873,0.20750206889722797,-1,56.09783098089726,0.6473729488737376,,56.09783098089726,56.086488418964244,55.93877616066992,55.893155909298464,55.77414450643231,55.769235815371324,55.60951285221614,55.62004254157156,55.45045803202352,55.47151970412149
897.0,29.49784683426445,29.49784683426445,0.21118545465554406,-1,56.11859733057749,0.6865625705996479,,56.11859733057749,56.11417125635198,55.95094490614617,55.929060504145085,55.77531604525034,55.779547523712374,55.599687184375384,55.62202980149707,55.43203475997784,55.48909461866921
898.0,29.620460893854748,29.620460893854748,0.21608980945755907,-1,56.13869772243031,0.7260787631336854,,56.13869772243031,56.157746397212016,55.96239146070102,56.00664933075691,55.77565834083689,55.79479384627583,55.588925220993055,55.61460879154314,55.41261895929662,55.45791687499119
899.0,29.742667597765355,29.742667597765355,0.21937830010253695,-1,56.15698166441852,0.7661710845010248,,56.15698166441852,56.17866891349276,55.971902121782534,56.02276644081764,55.773896122142155,55.7981344121453,55.57589012252152,55.60926414093859,55.39081057991749,55.46100974052389
900.0,29.899906890130353,29.899906890130353,0.22314741558486909,1,56.17418311703881,0.8064828136497084,,56.17418311703881,56.205644791759745,55.98030005081016,56.053897517257774,55.770941710188815,55.79635584448584,55.56158336958667,55.584525796781406,55.3677003033891,55.38897189608287
901.0,29.969768389199256,29.969768389199256,0.22242684987347167,1,56.139380793596985,0.7453263694443919,,56.139380793596985,56.17158113834854,55.962084919048515,56.033401159747356,55.76671760885034,55.79034701008961,55.571350298670836,55.58843573108623,55.39405442415259,55.39403978930809
902.0,29.981378026070765,29.981378026070765,0.2210896408017081,1,56.105875538470784,0.6851861993535451,,56.105875538470784,56.129896847730045,55.94472810705631,55.988901694218306,55.76328243877024,55.77852014402022,55.58183677050232,55.58965116614077,55.42068933911724,55.396224003836736
903.0,29.981378026070765,29.981378026070765,0.22002755128835155,1,56.07376695075264,0.6261909166205228,,56.07376695075264,56.092761601519896,55.92830777837795,55.955719552314676,55.76067149241926,55.76983295789796,55.59303520647823,55.59280152482401,55.44757603413212,55.40089526296107
904.0,29.981378026070765,29.981378026070765,0.2199974642472002,1,56.042791127150885,0.5682499895457838,,56.042791127150885,56.070281855040825,55.91259296755922,55.96581198412215,55.75866613235551,55.78061924386954,55.60473929716896,55.62175533010366,55.4745411376051,55.48631043137319
905.0,29.981378026070765,29.981378026070765,0.2182021968346871,1,56.012233904174536,0.5110935796709413,,56.012233904174536,56.024471918886114,55.89694639476368,55.901555698295674,55.756687114317195,55.7585996935433,55.61642783388741,55.60730837854991,55.501140324503595,55.43203671960251
906.0,29.981378026070765,29.981378026070765,0.21814787523079437,1,55.98328415451783,0.45512853326533076,,55.98328415451783,56.0030451193512,55.882464366776155,55.90792803938533,55.7557198878639,55.76057193076241,55.628975408967875,55.615933960719524,55.5281556212525,55.44136898880289
907.0,29.981378026070765,29.981378026070765,0.21722341106432588,1,55.954745566490196,0.3999160242235362,,55.954745566490196,55.9703267272068,55.868068906691704,55.885454922158694,55.75478755435774,55.7676251300267,55.641506202039565,55.651466231588145,55.55482954226666,55.56156511829975
908.0,29.99033985102421,29.99033985102421,0.21538074986430156,1,55.92719960656596,0.3456477136654996,,55.92719960656596,55.92589734566391,55.85430159969285,55.82895038905026,55.754375749713084,55.76816757045563,55.65444989974868,55.68909769369099,55.58155189290046,55.695691406181204
909.0,30.022113594040967,30.022113594040967,0.21498668362680906,1,55.90130228209007,0.2925212931178649,,55.90130228209007,55.901884035811214,55.84177711529152,55.82105344409908,55.75504163551157,55.762503302479466,55.66830615574655,55.68698018019974,55.60878098897221,55.656951002467466
910.0,29.995635474860336,29.995635474860336,0.21557913668775824,1,55.87617830069569,0.24017424963130907,,55.87617830069569,55.89164830901731,55.82971820867379,55.85552246278628,55.756091175861,55.78032325012521,55.68246414306274,55.72030919481336,55.63600405106438,55.738980387591816
911.0,29.981378026070765,29.981378026070765,0.21411823606352445,1,55.850847000103656,0.18836182040812588,,55.850847000103656,55.853952168672244,55.81721187040612,55.8039403222207,55.75666608988108,55.763404199259405,55.69612030937016,55.71067870201259,55.66248517969553,55.68718399400342
912.0,29.981378026070765,29.981378026070765,0.21346743519575268,1,55.82675504135092,0.13755165341754605,,55.82675504135092,55.82793290955697,55.80559440890059,55.78842724091693,55.75797921462414,55.76361218982423,55.71036402036143,55.72508529309968,55.689203387933375,55.71590984078993
913.0,29.981378026070765,29.981378026070765,0.2142729054745512,1,55.80341823374614,0.08753717024170271,,55.80341823374614,55.819806312459846,55.794439647006904,55.82206125813835,55.75964964860778,55.775933058297774,55.724859650222015,55.743865546827045,55.71588106350444,55.74335517036022
914.0,29.981378026070765,29.981378026070765,0.2181330441074401,1,55.78285086931652,0.04397655607748874,,55.77984698366469,55.81248485530536,55.78285086931652,55.85746725435522,55.76086259127128,55.79290226524451,55.73887431323903,55.772219160427134,55.74187819891193,55.80678751730948
915.0,30.01091131284916,30.01091131284916,0.21601667872021602,1,55.768951920189345,0.0180752804898745,,55.753984509646855,55.765384429362975,55.768951920189345,55.77919050719146,55.75991427993809,55.77526669464439,55.75087663969947,55.77400674607181,55.76584405026245,55.81162976325086
916.0,30.022113594040967,30.022113594040967,0.2233043620156712,1,55.79059591057243,0.06057741346642587,,55.730018497106,55.75606201907183,55.75659282569201,55.81128005582506,55.7603072038231,55.792546063147505,55.76402158196649,55.80659795338888,55.79059591057243,55.89342970688121
917.0,29.981378026070765,29.981378026070765,0.225454877636814,1,55.811856768309276,0.110338559332817,,55.70151820897646,55.72145858643295,55.73988478039987,55.774741000123896,55.7566874886272,55.783800869518736,55.77349019686648,55.81263578402824,55.811856768309276,55.90435831914245
918.0,29.981378026070765,29.981378026070765,0.2352576102505524,1,55.83164926869052,0.15995699423349663,,55.67169227445702,55.68746537249166,55.72174263609131,55.74801659096998,55.75167077155854,55.786995690134475,55.781598907037385,55.845734067851275,55.83164926869052,56.018173231355725
919.0,29.981378026070765,29.981378026070765,0.2292497789723561,1,55.84678173724887,0.211150892888611,,55.63563084436026,55.668430146655766,55.69768811055091,55.767007723326124,55.741206290789755,55.77534243000831,55.784724471039894,55.82392256408329,55.84678173724887,55.916655229772104
920.0,29.981378026070765,29.981378026070765,0.22861988864098004,1,55.86432094909026,0.26034693444146484,,55.6039740146488,55.627490209384554,55.677471507466166,55.715621426015,55.73414748185513,55.756978705358,55.790823456255076,55.81602411353299,55.86432094909026,55.88965108795113
921.0,29.981378026070765,29.981378026070765,0.23463643327124442,1,55.88186647379006,0.30878281762835513,,55.57308365616171,55.551481532240565,55.65777010822784,55.568093526061986,55.72747506496189,55.72423282320463,55.79718002170661,55.822784285191695,55.88186647379006,55.952747456739544
922.0,29.981378026070765,29.981378026070765,0.2418653309609924,1,55.896451707874334,0.3579430868343394,,55.538508621039995,55.5259555205088,55.63450716666179,55.57939548708453,55.71748016444355,55.727730971656015,55.80045316223569,55.84609549333811,55.896451707874334,56.03090466435376
923.0,29.999505353817504,29.999505353817504,0.24062525427608433,1,55.90754310931301,0.40807432045604486,,55.499468788856966,55.46966706101581,55.60696547001012,55.5043382351102,55.703505949071754,55.69631679801429,55.80004642814348,55.82962182819745,55.90754310931301,55.99337088688995
924.0,29.995228119180627,29.995228119180627,0.23628033563023076,1,55.91903761428317,0.457293375689396,,55.461744238593774,55.43040603558465,55.580456267150886,55.475824195047444,55.69039092642561,55.67179475857241,55.800325585710134,55.80624667115329,55.91903761428317,55.91476022756056
925.0,30.01702164804469,30.01702164804469,0.23410330517108585,1,55.93221131797468,0.5049397230399961,,55.42727159493468,55.39609833444498,55.556755688271174,55.45606928703459,55.67974145644217,55.65409945385331,55.80272722462271,55.7920445975471,55.93221131797468,55.86694797893781
926.0,30.022113594040967,30.022113594040967,0.23775589195306618,1,55.94623057001163,0.5515157375210293,,55.3947148324906,55.362475861892605,55.53465847208875,55.43732669858795,55.67047270123896,55.64578905671525,55.80628693039843,55.798880707341716,55.94623057001163,55.89865065693211
927.0,30.022113594040967,30.022113594040967,0.24524523683373034,1,55.95839568399578,0.598301221263263,,55.36009446273252,55.34711002892423,55.51050897289934,55.476866345782256,55.65924507335233,55.65575363327117,55.80798117381433,55.82340918359423,55.95839568399578,55.98140995048552
928.0,30.022113594040967,30.022113594040967,0.24383744173828412,1,55.96696567154166,0.6461124583981928,,55.320853213143465,55.30914426880236,55.481955575337594,55.4517372795619,55.64390944233107,55.635990574899964,55.80586330933331,55.80889259867813,55.96696567154166,55.94261613004095
929.0,30.022113594040967,30.022113594040967,0.24292849936620142,1,55.975946449736455,0.6930172784525297,,55.282929171283925,55.27320123354625,55.454453372467185,55.42970754843489,55.62943781049902,55.61830560041467,55.804422248539375,55.79652881273056,55.975946449736455,55.91132757759932
930.0,30.022113594040967,30.022113594040967,0.24346839726343905,-1,55.985116738740786,0.7391383586331912,,55.245978380107594,55.24102324374846,55.42769269814807,55.416940724165734,55.615547559413336,55.60533652029087,55.803402420686886,55.7901199157521,55.985116738740786,55.90019295060387
931.0,29.981378026070765,29.981378026070765,0.23642091703724497,-1,55.93830392836895,0.6737467213022015,,55.26455720706675,55.25917125741046,55.42855098153057,55.41401211176642,55.601430567707304,55.58330409563814,55.77431015389209,55.74186578723662,55.93830392836895,55.78704983343483
932.0,29.981378026070765,29.981378026070765,0.23500240182757837,-1,55.896581529265376,0.6109922749685239,,55.28558925429685,55.294125219732635,55.43271862623437,55.459071853485256,55.59108539177086,55.58313592932111,55.74945215731518,55.72012718371458,55.896581529265376,55.752037743505504
933.0,30.005615689013037,30.005615689013037,0.2413297040706316,-1,55.856307767376656,0.5494553617347719,,55.306852405641884,55.322043096788434,55.43760441555355,55.48605868827576,55.5815800864993,55.590456096451014,55.72555575745266,55.72499690453475,55.856307767376656,55.82210116542194
934.0,29.9891177839851,29.9891177839851,0.23506899049403518,-1,55.81236707815459,0.48725103563990757,,55.32511604251468,55.355627595800435,55.43949662620276,55.5270134681244,55.56874156032494,55.581973219003125,55.69798649445451,55.68557415641016,55.81236707815459,55.72113654878506
935.0,30.021095204841714,30.021095204841714,0.23059737728560986,-1,55.77305544822179,0.4274036191659789,,55.34565182905581,55.35507547482245,55.444414600276986,55.46448402180579,55.559353638629375,55.553853109415314,55.674292676988955,55.645604709800395,55.77305544822179,55.646318063239036
936.0,29.981378026070765,29.981378026070765,0.23229612859444893,-1,55.73737641434609,0.3694351454341529,,55.367941268911935,55.37120497021937,55.451708056463126,55.45470458888655,55.552658841619845,55.54766605261348,55.653609626783556,55.63365543294814,55.73737641434609,55.65615132167651
937.0,29.981378026070765,29.981378026070765,0.23131633162517223,-1,55.700771940458544,0.3118476614990371,,55.38892427895951,55.370970243123,55.45793261633758,55.399762917156316,55.54484810970012,55.52591270902014,55.63176360306945,55.608015166814084,55.700771940458544,55.62969480153645
938.0,29.981378026070765,29.981378026070765,0.23517648349451586,-1,55.66525158751805,0.2552647265182344,,55.409986860999815,55.41169453148427,55.46462235217276,55.46975071890113,55.53761922425027,55.54043367455639,55.61061609633439,55.610934659903755,55.66525158751805,55.668986877995046
939.0,29.981378026070765,29.981378026070765,0.2340808903470174,-1,55.62755742536966,0.19853559850037783,,55.42902182686928,55.42968392522632,55.46937509746604,55.47161239906817,55.52828962611105,55.531379872196666,55.58720415476248,55.5898430103022,55.62755742536966,55.6407108187533
940.0,29.981378026070765,29.981378026070765,0.22751601891778075,-1,55.59102338937648,0.142819118929296,,55.448204270447185,55.43983378100838,55.474649122613116,55.44654166263293,55.51961382990364,55.50546132137912,55.564578537200426,55.53931211460862,55.59102338937648,55.506344921733714
941.0,29.994209729981378,29.994209729981378,0.2299995460554109,-1,55.5592934117243,0.08935948406914207,,55.469933927655156,55.47170975846955,55.48314647762606,55.48954582397223,55.51461366968176,55.5169751861644,55.54608086174355,55.545472947790465,55.5592934117243,55.5618811300272
942.0,30.022113594040967,30.022113594040967,0.23023846929739866,-1,55.52634519781175,0.03602668630513506,,55.490318511506615,55.51186368625216,55.49043442483071,55.55375012651615,55.50833185465143,55.52434386876483,55.52622928447808,55.53041592546962,55.52634519781175,55.52748761950119
943.0,30.022113594040967,30.022113594040967,0.23285073724984068,-1,55.51042812909563,0.01666494001916874,,55.51042812909563,55.54010172451932,55.49770616157748,55.577762158736036,55.502095659078506,55.5148061985868,55.506485156585285,55.49114927512067,55.49376318907646,55.4130927774426
944.0,30.022113594040967,30.022113594040967,0.23147144527997168,-1,55.5290799321982,0.06926693586127186,,55.5290799321982,55.547506287583076,55.50363555056163,55.54688893060608,55.494446464260236,55.499727578970095,55.48525737796443,55.46714562660649,55.45981299633693,55.383717092512455
945.0,30.01498486964618,30.01498486964618,0.23178665780523006,-1,55.54803474606337,0.12087326538117082,,55.54803474606337,55.540693596009994,55.51020470964123,55.477794817249574,55.487598113365664,55.47824803708021,55.46499151709553,55.44786801213487,55.4271614806822,55.38333470362874
946.0,29.981378026070765,29.981378026070765,0.23379127857791185,-1,55.566515073276584,0.17188509425749032,,55.566515073276584,55.55678185209863,55.516530076066644,55.48219210888956,55.48057252614091,55.47736969325376,55.44461497622046,55.44581484829439,55.39462997901909,55.42381310955359
947.0,29.981378026070765,29.981378026070765,0.23645554536343816,-1,55.583644266123265,0.22269125254837974,,55.583644266123265,55.58143328159024,55.52163304922021,55.51091117125731,55.472298639842336,55.4732820524752,55.422964230469596,55.424395200957356,55.360953013574886,55.381295853191105
948.0,29.981378026070765,29.981378026070765,0.23951205393903624,-1,55.5993154495176,0.27343981952297725,,55.5993154495176,55.61087186130359,55.52536578629201,55.55614656109166,55.46259553974956,55.47519767589873,55.3998252932121,55.41003480708823,55.32587562999462,55.36448385767786
949.0,29.981378026070765,29.981378026070765,0.24039583131026954,-1,55.613362697977095,0.32421521645823503,,55.613362697977095,55.610440076233466,55.527537719484116,55.51415960670755,55.45125508974161,55.45213437987905,55.37497246000396,55.37807941173138,55.28914748151886,55.31274698360117
950.0,29.981378026070765,29.981378026070765,0.24375731599546513,-1,55.6267521169325,0.3745324258639613,,55.6267521169325,55.64340199531072,55.52923270868448,55.5726823317152,55.439485903994324,55.4513591154036,55.3497390993089,55.35190783642452,55.25221969106854,55.25150085518999
951.0,29.981378026070765,29.981378026070765,0.24536983850184987,-1,55.638395688667465,0.42494273533903737,,55.638395688667465,55.65213230064085,55.529221086447095,55.561540547009,55.425924320991925,55.43457702194355,55.322627555541345,55.32113658411338,55.21345295332843,55.20167456785089
952.0,29.981378026070765,29.981378026070765,0.24702771910255042,-1,55.649074051059166,0.4750568622416864,,55.649074051059166,55.661297410723535,55.52837786367582,55.55730747657286,55.411545619932475,55.426063728733645,55.294713376193585,55.309256836861515,55.17401718881748,55.22512684245213
953.0,29.981378026070765,29.981378026070765,0.24909072060960477,-1,55.65877370526607,0.5248871214106501,,55.65877370526607,55.67573603773802,55.52668303063491,55.56904503011342,55.396330144555066,55.416665616944634,55.265977258479545,55.288117477587456,55.13388658385542,55.20662569573412
954.0,29.981378026070765,29.981378026070765,0.24983795464561345,-1,55.667322109223534,0.5745233767977069,,55.667322109223534,55.67215415838336,55.52393832891567,55.52740004224175,55.380060420819156,55.38751837193655,55.23618251272685,55.245265984228716,55.09279873242583,55.12416946393972
955.0,29.981378026070765,29.981378026070765,0.2534444431115332,-1,55.675308392335076,0.6236818931468378,,55.675308392335076,55.70717063698861,55.52080088014104,55.59963599134757,55.363467445756285,55.38009110063303,55.20613401137563,55.19917160265556,55.05162649918824,54.993791465011974
956.0,30.003375232774673,30.003375232774673,0.2525948575779376,-1,55.68147276195961,0.6729825559677707,,55.68147276195961,55.68143798776111,55.51585249870545,55.49573589207415,55.34498148397051,55.33390947339252,55.174110469239544,55.145432055830845,55.00849020599184,54.90232439774675
957.0,30.022113594040967,30.022113594040967,0.2530034967469399,-1,55.6879123290626,0.721466122716663,,55.6879123290626,55.67317865051913,55.51142830268774,55.44813455685711,55.327179267699194,55.30063682803507,55.14293023271451,55.097781593078935,54.966446206345935,54.81649440960214
958.0,30.022113594040967,30.022113594040967,0.25414035928908957,-1,55.69405569184654,0.7694142759898597,,55.69405569184654,55.67489834179229,55.50688265669501,55.43581360165907,55.30934855384668,55.282988867958785,55.11181445100211,55.073027693498744,54.924641415856684,54.80959232739319
959.0,30.022113594040967,30.022113594040967,0.256430590118084,-1,55.69948632293763,0.8169887393144464,,55.69948632293763,55.69212394327117,55.501755499520954,55.47284922645075,55.290991953275615,55.28230285815819,55.08022840703393,55.06691076774381,54.882497583623184,54.857535189097014
960.0,30.00581936685289,30.00581936685289,0.2577769871860704,1,55.70369900079551,0.8644360875238419,,55.70369900079551,55.6962842279319,55.495477214020156,55.46750970104578,55.271480957028935,55.2608004784611,55.04748470004126,55.02985183778352,54.83926291327167,54.79803751353856
961.0,29.981378026070765,29.981378026070765,0.25655956435802035,1,55.64824583929883,0.7939808887753017,,55.64824583929883,55.66581519760825,55.459041906997555,55.50508737979352,55.25125539490666,55.2560264953048,55.043468882819205,55.02743591179297,54.85426495052353,54.79568386032067
962.0,29.981378026070765,29.981378026070765,0.2539763596399921,1,55.594102261010676,0.7248423651882092,,55.594102261010676,55.61755891739773,55.423377469701904,55.48714830901009,55.23168107841218,55.24872946715314,55.0399846871258,55.04447254137748,54.869259895822466,54.885867373995865
963.0,30.022113594040967,30.022113594040967,0.2520541413788443,1,55.542290970688214,0.6573248040861515,,55.542290970688214,55.579183664828776,55.38944336909393,55.492002114636335,55.21362856864087,55.247742403014996,55.037813768191064,55.06403257348281,54.88496616660206,54.97041098988744
964.0,30.022113594040967,30.022113594040967,0.24993537853481015,1,55.49255570348418,0.5912316793193284,,55.49255570348418,55.53893534245208,55.35704489927607,55.47813036211377,55.19693986382037,55.22711725061452,55.03683482836784,55.040345383773904,54.90132402416485,54.886192243995566
965.0,30.022113594040967,30.022113594040967,0.2463071894952599,1,55.44478928891888,0.526579243167248,,55.44478928891888,55.479161833076766,55.32608243575686,55.405971435338444,55.181499667331224,55.20410100861527,55.036916898908665,55.03879182560957,54.91821004575163,54.909496174764335
966.0,29.99400605214153,29.99400605214153,0.24374812029941936,1,55.399972501650396,0.46369768663362265,,55.399972501650396,55.43500125281375,55.297465663473865,55.37682012279999,55.16812365832966,55.194829462838136,55.03878165318846,55.04937770225038,54.93627481501677,54.96053835851204
967.0,29.981378026070765,29.981378026070765,0.24249803629756328,1,55.35721431286324,0.40229309501767574,,55.35721431286324,55.409370192375256,55.27038790808758,55.39070728432899,55.15606776535059,55.17932787971479,55.04174762261652,55.019664420566464,54.954921217845566,54.835535790976145
968.0,29.981378026070765,29.981378026070765,0.2391445985768351,1,55.315702943703876,0.3420237427942254,,55.315702943703876,55.355916004497914,55.244132460717985,55.32630441053986,55.144691072303054,55.16712109277375,55.045249683890965,55.037011177402995,54.97367920090965,54.92500272291394
969.0,29.981378026070765,29.981378026070765,0.23468603910189131,1,55.27688291868089,0.28336173911925044,,55.27688291868089,55.288651050661464,55.22003530355718,55.21836849362682,55.13520204911766,55.14625785919172,55.0503687946809,55.05528394733576,54.99352117956164,55.02505559048883
970.0,30.003782588454374,30.003782588454374,0.23176459418792822,1,55.24145721575081,0.22653142768459134,,55.24145721575081,55.24345618458272,55.19875303592559,55.16830632079162,55.12819150190501,55.12844908641939,55.05762996788712,55.05159519440955,55.01492578806622,55.01119541838842
971.0,29.990950884543764,29.990950884543764,0.2295044542775738,1,55.20849307925869,0.17113517499379327,,55.20849307925869,55.20808479614115,55.17946119806544,55.14471961816786,55.12292549175838,55.121233625927296,55.066389785453936,55.059977795018,55.037357904264894,55.03333353418403
972.0,29.981378026070765,29.981378026070765,0.22582189156201302,1,55.17734443186502,0.11698991931375957,,55.17734443186502,55.154262000208334,55.16156738688275,55.06347858453844,55.11884947220483,55.10163824382882,55.07613155752945,55.06576508227389,55.060354512551264,55.06225366421083
973.0,30.022113594040967,30.022113594040967,0.22335553863733912,1,55.14894784665315,0.06439836821854783,,55.14894784665315,55.113726837183094,55.14594026961313,55.019821833934316,55.11674866254066,55.09409097833643,55.087557055470654,55.08277627564489,55.0845494784346,55.117913836834234
974.0,30.022113594040967,30.022113594040967,0.2241918156620271,1,55.13210092024824,0.03177246535317835,,55.122739378602546,55.10258983100522,55.13210092024824,55.0572032604718,55.116214687570455,55.1021152483095,55.10032845489506,55.096055931406504,55.109689996544624,55.126800032309525
975.0,30.022113594040967,30.022113594040967,0.2261033659647814,1,55.13414594889225,0.037835888392827144,,55.09631006049942,55.09137904345356,55.11784079131033,55.09208290708196,55.11522800469279,55.111539444467894,55.11261521807758,55.11243162945641,55.13414594889225,55.149995107609186
976.0,30.022113594040967,30.022113594040967,0.22918380808979102,1,55.15745982370381,0.08850874035545786,,55.06895108334835,55.06844210591621,55.102518436856684,55.09207271083984,55.11320545352312,55.114247898666164,55.12389247019183,55.129177326155926,55.15745982370381,55.18847144558378
977.0,30.022113594040967,30.022113594040967,0.23234441418009194,1,55.179133273666224,0.139234674898141,,55.03989859876808,55.02536552783042,55.08544022481702,55.03553021737224,55.10951593621427,55.102602758751566,55.133591647613734,55.14027960255677,55.179133273666224,55.22725068234208
978.0,30.022113594040967,30.022113594040967,0.2323379592078815,1,55.19913785940023,0.19002672750361427,,55.00911113189662,54.99671435683474,55.06657137710878,55.02499484422513,55.10412449564562,55.096041485521084,55.141677614184616,55.14325106557271,55.19913785940023,55.222573125835865
979.0,30.022113594040967,30.022113594040967,0.23451579799493297,1,55.218848869179105,0.24017021906607994,,54.978678650113025,54.980020268374886,55.04782716531607,55.04909268132898,55.09876375964334,55.10089754643629,55.1497003539727,55.15655418210346,55.218848869179105,55.24742154415538
980.0,30.022113594040967,30.022113594040967,0.23417995326400973,1,55.23732656952656,0.29016274027771516,,54.947163829248844,54.97902578856976,55.02789869959441,55.11733444839358,55.092245199385054,55.112915936980194,55.15659169917773,55.164304104926565,55.23732656952656,55.23789828120465
981.0,30.022113594040967,30.022113594040967,0.2340015885292567,1,55.25566561628298,0.33944624204491447,,54.91621937423807,54.94319437432103,55.00830296960283,55.07763822490052,55.08594249525795,55.10064509062878,55.16358202091505,55.16318645771124,55.25566561628298,55.23068930102732
982.0,29.981378026070765,29.981378026070765,0.2387275047881629,1,55.273802623708576,0.38806759988866446,,54.88573502381991,54.89140974275886,54.98894562911651,54.994044438205044,55.079768823761746,55.084058371420035,55.170592018408904,55.175008908682074,55.273802623708576,55.28970692782477
983.0,29.981378026070765,29.981378026070765,0.2366945393781016,1,55.289401042910434,0.43711495047656257,,54.85228609243387,54.853730034122975,54.96667730423447,54.957593774861856,55.070843567669726,55.06689504239831,55.17500983110685,55.165807817138024,55.289401042910434,55.256462232084495
984.0,29.981378026070765,29.981378026070765,0.23269982844914652,1,55.30561790935105,0.4850970561457899,,54.82052085320526,54.81987137330034,54.945775995254564,54.92843700604807,55.063069381275795,55.049383088214384,55.18036276729884,55.150586481237056,55.30561790935105,55.19745625736637
985.0,29.981378026070765,29.981378026070765,0.23556471202126664,1,55.3233090574762,0.5316073391306091,,54.79170171834559,54.797055202679715,54.92740704802543,54.92941079728227,55.057505387908606,55.049618241819864,55.187603727793544,55.16251053543701,55.3233090574762,55.232069388877385
986.0,29.981378026070765,29.981378026070765,0.23726174308747314,1,55.33949351490916,0.5781601829570704,,54.76133333195209,54.74075645689915,54.907458208717046,54.83383727163918,55.050413423428395,55.024314429346404,55.193368638141465,55.161102055206364,55.33949351490916,55.25024750594121
987.0,29.981378026070765,29.981378026070765,0.2410987682177176,1,55.35468569552802,0.6244989112233341,,54.730186784304685,54.737489316641025,54.88663840371549,54.89991170472178,55.04243623991419,55.03900694121509,55.19823407611455,55.18049712109622,55.35468569552802,55.29689300099239
988.0,29.981378026070765,29.981378026070765,0.24439162078662297,1,55.36795893206366,0.6710832617274747,,54.69687567033618,54.68468533418355,54.86367848941514,54.820323729650895,55.03241730119782,55.01791847897476,55.20115611298212,55.18440108443807,55.36795893206366,55.33526397419057
989.0,29.981378026070765,29.981378026070765,0.24133072353312893,1,55.37955768936227,0.7177872311539559,,54.661770458208316,54.63995451163196,54.838918838957284,54.76760383055409,55.02066407378325,54.99274591786751,55.202409308610804,55.167459846334104,55.37955768936227,55.28724850223422
990.0,29.981378026070765,29.981378026070765,0.24238865996918452,-1,55.392260191843256,0.7632537317059018,,54.629006460137354,54.61876232891328,54.81615676346196,54.782377558357375,55.01063332598832,54.99004701539021,55.20510988851622,55.17117490159961,55.392260191843256,55.295700720444145
991.0,29.981378026070765,29.981378026070765,0.24019353635203933,-1,55.34899183932072,0.6978204739342999,,54.65117136538642,54.62900554570905,54.82056864858696,54.75392891973946,55.00008160235164,54.971689042670334,55.179594556117806,55.1436803850854,55.34899183932072,55.26015000417485
992.0,29.981378026070765,29.981378026070765,0.2408606654059811,-1,55.30769882856095,0.6338476802600539,,54.6738511483009,54.664060668901,54.82605888354614,54.80081027665518,54.99077498842905,54.97566426326167,55.15549109331341,55.133769184320016,55.30769882856095,55.26388383163091
993.0,29.981378026070765,29.981378026070765,0.23290422155915783,-1,55.26646099982659,0.5706109226487968,,54.695850077177795,54.6701763214412,54.831238737395225,54.75787395099981,54.981155538500374,54.94700918880309,55.13107233960692,55.086403142765626,55.26646099982659,55.15134698217205
994.0,29.981378026070765,29.981378026070765,0.23655772281295068,-1,55.23097962285623,0.5101695957678913,,54.72081002708834,54.719380844373376,54.84025347907337,54.84462084826292,54.97589482497052,54.96729842706943,55.11153617086903,55.093372505468835,55.23097962285623,55.19751749204631
995.0,29.981378026070765,29.981378026070765,0.23806794580827662,-1,55.19352434923113,0.44968314753290173,,54.74384120169823,54.74894526506456,54.84749111087108,54.872422031412675,54.968682775462966,54.97050930250137,55.08987444005618,55.08731242953521,55.19352434923113,55.213876496691476
996.0,30.01641061452514,30.01641061452514,0.23736661750399546,-1,55.15552348995421,0.3896661575410363,,54.76585733241318,54.73013355818584,54.85398629716326,54.75877177394958,54.96069041118203,54.936570745738486,55.06739452520208,55.06122523876357,55.15552348995421,55.20010628323059
997.0,29.981378026070765,29.981378026070765,0.23790842220145722,-1,55.11861979393704,0.33063429171040326,,54.78798550222664,54.757991186696664,54.860986503175674,54.789083411860766,54.953302648080225,54.937500157421695,55.045618792986026,55.05246366128294,55.11861979393704,55.20336438663663
998.0,29.95815875232775,29.95815875232775,0.23370263869693775,-1,55.081613782486386,0.2722753390314523,,54.809338443454934,54.80926650035331,54.8675178680105,54.88579957388789,54.94547611296909,54.94823294173397,55.0234343579289,55.033180142946634,55.081613782486386,55.142586993853456
999.0,29.940642458100562,29.940642458100562,0.22859787896952108,-1,55.04768642847673,0.21568795813255548,,54.831998470344175,54.826754240164384,54.875928602428544,54.87612675998361,54.93984244940893,54.93513069460025,55.00375629639049,55.003213442714475,55.04768642847673,55.07092440193861
1000.0,29.899906890130357,29.899906890130357,0.22167375689717608,-1,55.017426788053356,0.16104312189169434,,54.85638366616166,54.827822322941245,54.88666971684926,54.81568108241507,54.936905227106024,54.90893540071342,54.98714073736394,54.96420206469822,55.017426788053356,54.976195083614826
1001.0,29.85041317504656,29.85041317504656,0.2214839562036722,-1,54.991872119557954,0.10872029204148248,,54.88315182751647,54.865715647413815,54.90048399428824,54.86628891942414,54.93751197353577,54.91976877913057,54.97453995278442,54.96032903813965,54.991872119557954,54.97411855360992
1002.0,29.783403165735564,29.783403165735564,0.2214030622594515,-1,54.96651832410687,0.05711785482726839,,54.9094004692796,54.89865729868148,54.91406022567702,54.90165156941082,54.93795939669184,54.92761033989227,54.961858567707736,54.955808723079855,54.96651832410687,54.973551395663414
1003.0,29.68441573556797,29.68441573556797,0.2242406757061675,-1,54.9489438264498,0.02169131291232418,,54.934999312468136,54.957811580248865,54.927252513537475,55.012320079596556,54.93809816999311,54.94979740950283,54.9489438264498,54.94774313635871,54.94119702752081,54.933049469405894
1004.0,29.515363128491625,29.515363128491625,0.22900944352348346,-1,54.95854506460995,0.04471828656382115,,54.95854506460995,55.00070952409081,54.93848285426412,55.07632626559289,54.93618592132672,54.96617353689506,54.93388898839034,54.94805877466407,54.91382677804613,54.946107963648366
1005.0,29.40802490689013,29.40802490689013,0.22471170883838162,-1,54.97885857762018,0.09606542129235152,,54.97885857762018,55.00121974270297,54.94645946854714,55.01687614521674,54.93082586697272,54.942693426653754,54.9151922653993,54.913371294817956,54.88279315632783,54.8723997360812
1006.0,29.34671787709497,29.34671787709497,0.22427887254662685,-1,55.00014893865978,0.14578147938546238,,55.00014893865978,55.01070314040523,54.955902167987766,54.98663236646419,54.927258198965795,54.927754980947014,54.898614229944805,54.885828502930494,54.854367459274314,54.81416569950327
1007.0,29.26830190875233,29.26830190875233,0.22675266470227384,-1,55.021008900098046,0.19476907927843,,55.021008900098046,55.043819159898625,54.96517172696934,55.031319511009876,54.923624360457616,54.93691113301529,54.88207699394684,54.88203195622892,54.826239820819616,54.82423837502817
1008.0,29.189478584729986,29.189478584729986,0.22652751884028288,-1,55.04011215537409,0.24369171568882564,,55.04011215537409,55.03990034274264,54.97277148922576,54.9688033478274,54.9182662975285,54.9173407625492,54.863761105832154,54.862221083454536,54.796420439685264,54.811122863003845
1009.0,29.090491154562383,29.090491154562383,0.22705553308420354,-1,55.058622369398925,0.291946069041245,,55.058622369398925,55.0462088744469,54.98001212142917,54.93775513429817,54.91264933487716,54.89466011167158,54.84528654832604,54.820548795527685,54.76667630035768,54.703354649064515
1010.0,28.910032588454378,28.910032588454378,0.22680310453810526,-1,55.07612010629365,0.33971056040718395,,55.07612010629365,55.041874173043034,54.98642524399278,54.88229846540858,54.90626482608894,54.87114738906187,54.82610440818598,54.79149786367434,54.73640954588647,54.65883749188339
1011.0,28.8259136405959,28.8259136405959,0.2287765213947746,-1,55.092531077446445,0.3868203416659668,,55.092531077446445,55.067618393387704,54.9919738068018,54.9199590097458,54.89912090661238,54.86830639082651,54.8062680064238,54.76896032035545,54.70571073578048,54.610926533103715
1012.0,28.752793296089386,28.752793296089386,0.23033705325812381,-1,55.10740376225405,0.4337753644841129,,55.10740376225405,55.08727929585953,54.99607746844136,54.94437348813964,54.89051608001095,54.87035066248106,54.78495469158135,54.76631197458655,54.67362839776994,54.64856463274267
1013.0,28.686190642458097,28.686190642458097,0.23148519878557536,-1,55.12098058670126,0.4804851563783785,,55.12098058670126,55.100986485606356,54.99899833571732,54.95056814546001,54.880738008511045,54.86164479763643,54.76247768130557,54.74653067946941,54.64049543032288,54.62554147383162
1014.0,28.594739292365002,28.594739292365002,0.23349475631870262,-1,55.13348029179118,0.5268617325507066,,55.13348029179118,55.12602357130268,55.00097417883158,54.9925004888006,54.870049425514836,54.863014705189556,54.73912467219886,54.73450969819125,54.606618559240474,54.62213418055499
1015.0,28.415095437616387,28.415095437616387,0.23486937331542482,-1,55.144412543678236,0.5730953724876642,,55.144412543678236,55.141999615541465,55.00146412878128,55.009548786515786,54.85786485743344,54.859573233991064,54.71426558608635,54.72365201463542,54.57131717119057,54.63367730879406
1016.0,28.33403165735568,28.33403165735568,0.2362154778979306,-1,55.15361197682312,0.619048533472899,,55.15361197682312,55.15726875508848,55.000334711229634,55.025567602798574,54.84408771008574,54.8510655735221,54.68784070894256,54.70161819830721,54.53456344335022,54.60407482227798
1017.0,28.284537942271882,28.284537942271882,0.2370911220858201,-1,55.16160349428448,0.6647174947507537,,55.16160349428448,55.16589039963932,54.998109120599636,55.02520972980627,54.82924474690819,54.84180206575056,54.66038037321744,54.686970284603,54.496885999533724,54.610881806846336
1018.0,28.164164338919928,28.164164338919928,0.23787290310867043,-1,55.16875806987299,0.7100041996868995,,55.16875806987299,55.173073156834114,54.995180344306235,55.01875266012083,54.81375597002865,54.821373346573985,54.63233159575176,54.647613934509245,54.458753870186094,54.52388085579895
1019.0,28.09715432960894,28.09715432960894,0.2370821687857575,-1,55.174764358104255,0.7548933138040397,,55.174764358104255,55.15892252248543,54.9912382867465,54.955096493839214,54.79731770120137,54.792490891415994,54.603397115656904,54.61785191927436,54.419871044300216,54.49833991027362
1020.0,27.948673184357546,27.948673184357546,0.2380613219678029,1,55.180579646601906,0.7990569455894061,,55.180579646601906,55.16890545503557,54.987319885087054,54.96338680330753,54.78105117380636,54.77441624434318,54.574782462526315,54.57963891753753,54.3815227010125,54.41510532032354
1021.0,27.821170856610806,27.821170856610806,0.23425276304122986,1,55.13074297893204,0.7342968618961834,,55.13074297893204,55.114176411127644,54.9550105131358,54.91618368848587,54.763594547983125,54.74895444663669,54.572178582831086,54.56501489567093,54.39644611703586,54.38720278942555
1022.0,27.75192039106145,27.75192039106145,0.23142749829343484,1,55.08331988024829,0.6713756382055678,,55.08331988024829,55.07380196826636,54.92446120797579,54.90363460885087,54.74763206114471,54.72589690936678,54.57080291431423,54.53645980132995,54.41194424204272,54.29239378345781
1023.0,27.625436452513963,27.625436452513963,0.22730533780846474,1,55.03792587538922,0.6100133427998244,,55.03792587538922,55.01676855182483,54.89537018753322,54.844334969500345,54.73291920398853,54.71150990245661,54.570468220444425,54.55255999458038,54.427912532589396,54.38818765315161
1024.0,27.599162011173203,27.599162011173203,0.22373808482284735,1,54.99510169780712,0.5504887472030191,,54.99510169780712,54.96836414270621,54.86822042828209,54.80521855700493,54.71985732420486,54.699907053726925,54.571494220128194,54.56497849380716,54.4446129506041,54.45522925091374
1025.0,27.465956703910614,27.465956703910614,0.21977177510865845,1,54.954954225514975,0.49262815983877317,,54.954954225514975,54.91556058038276,54.84317379227399,54.7461797769838,54.708640145594856,54.679567669811306,54.57410649891628,54.56416393637461,54.4623260656762,54.47110420136433
1026.0,27.36696927374301,27.36696927374301,0.21711505663517258,1,54.91718266787491,0.43649087022397026,,54.91718266787491,54.88146929655051,54.819925510148835,54.735717312984555,54.69893723276221,54.66490599021928,54.57794895537614,54.55137057317457,54.48069179765094,54.42118779207083
1027.0,27.267981843575413,27.267981843575413,0.21348757583604158,1,54.88107467792456,0.3817288163525916,,54.88107467792456,54.83498648419617,54.79786025589133,54.68825936537461,54.690210269747574,54.65155068555758,54.582560283604344,54.55958452701967,54.49934586157197,54.46596467680876
1028.0,27.20972998137803,27.20972998137803,0.21005209582622317,1,54.84724546114672,0.32854279606092973,,54.84724546114672,54.792029694716355,54.77755240872772,54.645797628248005,54.68297406311559,54.63581441081566,54.58839571750396,54.55831296506721,54.51870266508579,54.46789455350807
1029.0,27.101169692737447,27.101169692737447,0.20688936624979953,1,54.81574791440228,0.27685474417712186,,54.81574791440228,54.75361573285143,54.7590834155353,54.61503572458093,54.67732054231307,54.62977826029431,54.595557669091335,54.574680812036014,54.53889317022516,54.531322886133694
1030.0,26.952688547486026,26.952688547486026,0.20420012615087188,1,54.786131906818795,0.22656999934578437,,54.786131906818795,54.72235761765609,54.74203522036151,54.59632556251435,54.67284690714527,54.61407172562586,54.60365859392952,54.558748241927006,54.55956190747301,54.461382565521966
1031.0,26.85838570763501,26.85838570763501,0.20221813986315681,1,54.757872931009445,0.1775498307065746,,54.757872931009445,54.701260571313284,54.725925751215094,54.60618952730465,54.66909801565554,54.611444911511086,54.61227028009646,54.55963795084404,54.58032310030287,54.44949825703605
1032.0,26.773044692737436,26.773044692737436,0.20090829547218414,1,54.73076329374891,0.129605091473465,,54.73076329374891,54.68964623203282,54.71060163586795,54.64139285352886,54.66596074801158,54.62094870260819,54.62131986015566,54.57624680637328,54.60115820227544,54.48935785688797
1033.0,26.67405726256982,26.67405726256982,0.20076958519473556,1,54.704397535228935,0.08255977024462169,,54.704397535228935,54.68521610007491,54.69570774604376,54.69404653655348,54.663117650106045,54.63891860722457,54.630527554168765,54.60322261646224,54.62183776498431,54.56085316832051
1034.0,26.57506983240223,26.57506983240223,0.205099339058531,1,54.680484277809896,0.041218775195041246,,54.67793877486641,54.68594433338736,54.680484277809896,54.75856667604366,54.659874890212166,54.66238620416152,54.639265502614855,54.63631870531164,54.64181100555905,54.64940657281485
1035.0,26.47608240223464,26.47608240223464,0.19875024034175576,1,54.66229096809133,0.016888694344537214,,54.648484521585125,54.63821007293844,54.66229096809133,54.677895092033125,54.653846620918856,54.63387413184022,54.64540227374679,54.61377859343157,54.65920872025368,54.57571403589056
1036.0,26.37709497206705,26.37709497206705,0.2002941354544798,1,54.67852960095812,0.05555174159269427,,54.62297785936543,54.62760323567221,54.647465205486846,54.70520444075806,54.65075373016124,54.645449800968,54.65404225483603,54.63531613990537,54.67852960095812,54.63305106591527
1037.0,26.27810754189943,26.27810754189943,0.20233247173467087,1,54.696458658120115,0.10018579496951219,,54.5962728631506,54.61953804018947,54.63132434504109,54.73862429735462,54.64636576063484,54.65517825929398,54.66140717622898,54.64899448279601,54.696458658120115,54.65875153692177
1038.0,26.21985567970205,26.21985567970205,0.1994717352244573,1,54.712795222156764,0.14473971437423216,,54.56805550778253,54.57883206841417,54.61358612773189,54.67882818806704,54.64042536496915,54.64407847183458,54.667264602206764,54.65915732896999,54.712795222156764,54.70535824979341
1039.0,26.0895018621974,26.0895018621974,0.19665436590380855,1,54.72981086217013,0.18811082017327863,,54.541700041996855,54.55277956978548,54.597353294655235,54.656903913506014,54.635755452083,54.63440761497401,54.67415760951113,54.6531715740895,54.72981086217013,54.67334852929388
1040.0,25.94040968342645,25.94040968342645,0.19701469048829703,1,54.747142345422716,0.23033110242376154,,54.516811242998955,54.50482281995449,54.5822437060561,54.57077706588869,54.63197679421036,54.61385188371014,54.68170988236497,54.652663366001306,54.747142345422716,54.6848021227687
1041.0,25.874621741154563,25.874621741154563,0.20176944069243954,1,54.763364654450186,0.2721307750535047,,54.49123387939668,54.48104038368185,54.56628893063391,54.56186932998904,54.62729926692297,54.61631480452142,54.68830960321237,54.67361580971717,54.763364654450186,54.7552354655254
1042.0,25.781948324022345,25.781948324022345,0.2021707442504752,1,54.777031567591486,0.31449232477613975,,54.462539242815346,54.443224359846376,54.54730841570875,54.51589903017003,54.61978540520296,54.60203742148196,54.69226239469751,54.67456202217086,54.777031567591486,54.765587057082826
1043.0,25.643447392923647,25.643447392923647,0.20559438946307346,1,54.78986199526279,0.35643849635255975,,54.43342349891023,54.40101654146456,54.52775583888815,54.461051313358304,54.611642747086066,54.58887094996866,54.69552965528431,54.684777736958914,54.78986199526279,54.81645300381716
1044.0,25.54445996275605,25.54445996275605,0.20206167901170186,1,54.80036252998094,0.3986411986509708,,54.401721331329966,54.36296599093368,54.505636522816154,54.42131330947143,54.60104193065502,54.56772584297663,54.69644733849421,54.67039133417894,54.80036252998094,54.772560503382
1045.0,25.44547253258845,25.44547253258845,0.20755628675087137,1,54.81167936054483,0.43956616347352195,,54.37211319707131,54.34309137657676,54.48524963546777,54.4352075222501,54.591896278807646,54.572709704162044,54.698542922147844,54.69293780075158,54.81167936054483,54.851190027461634
1046.0,25.34648510242086,25.34648510242086,0.21148149427952648,1,54.819991680372375,0.48120979681269205,,54.33878188355968,54.35349771120789,54.461280809682876,54.54062016812497,54.57938678196562,54.59622539914491,54.69749275424868,54.71661564437886,54.819991680372375,54.90708487213997
1047.0,25.27967877094973,25.27967877094973,0.20499482432958127,1,54.8259746528853,0.523212863031226,,54.302761789854074,54.28145411952438,54.43467523153895,54.40157620256772,54.56436822136929,54.546213736225106,54.694061211199944,54.68074236668614,54.8259746528853,54.821559489348495
1048.0,25.120810055865924,25.120810055865924,0.2039194124909483,1,54.83420730468933,0.5633086859659215,,54.27089861872341,54.284282925971496,54.41171335551867,54.47842921663654,54.552552961705985,54.55659061804129,54.693392567893596,54.6841042090933,54.83420730468933,54.810673827378665
1049.0,25.071316340782115,25.071316340782115,0.2030822379114074,1,54.84195521398944,0.6027020250129738,,54.23925318897647,54.2383240678816,54.388762443409334,54.40919158220705,54.54060420148259,54.53309454220837,54.692445959556125,54.67516020150993,54.84195521398944,54.80321810422988
1050.0,24.991270949720672,24.991270949720672,0.20338164349827217,-1,54.84964585837074,0.641455841358237,,54.208190017012505,54.196061540402425,54.3662055593278,54.35253990255042,54.52891793769126,54.51361768430018,54.691630316055004,54.67120183255999,54.84964585837074,54.81122743387242
1051.0,24.931593342644327,24.931593342644327,0.2002301484389729,-1,54.8102723421505,0.5870584017023432,,54.223213940448154,54.22633976622706,54.36642222058385,54.39655018584042,54.516743141298974,54.5121538054943,54.667064062014376,54.65050281107971,54.8102723421505,54.772577043236474
1052.0,24.75256052141528,24.75256052141528,0.2014431229284918,-1,54.77308613365871,0.5341456740461012,,54.23894045961261,54.22499137101796,54.367878730761966,54.34892134435532,54.50601329663532,54.495984285559764,54.64414786250893,54.63832684207318,54.77308613365871,54.79351489589657
1053.0,24.653573091247665,24.653573091247665,0.19629880702745284,-1,54.734656780668644,0.48164025469597505,,54.25301652597267,54.252616495092724,54.36794240071987,54.387190589233526,54.49383665332032,54.49035581646001,54.61973090592103,54.61082082141473,54.734656780668644,54.728370755330765
1054.0,24.554585661080072,24.554585661080072,0.19447638833566638,-1,54.69950174659918,0.431051025797089,,54.26845072080209,54.24883559720209,54.36999042451842,54.33305382395947,54.48397623370032,54.468904481501255,54.59796204288246,54.588476890527325,54.69950174659918,54.709302277052196
1055.0,24.45559823091248,24.45559823091248,0.192455131085305,-1,54.66543211924729,0.3815490802607542,,54.28388303898654,54.261400915375205,54.37244525119192,54.32918736954158,54.4746575791166,54.45897707119516,54.57686990704152,54.57044173170085,54.66543211924729,54.687939812786375
1056.0,24.39734636871507,24.39734636871507,0.18800329959156473,-1,54.63256368302311,0.3331594580017807,,54.29940422502133,54.31344705212537,54.375395387160246,54.43769088986863,54.465983954021915,54.47355989941286,54.55657252088381,54.55457140916537,54.63256368302311,54.63425897719704
1057.0,24.287971368715077,24.287971368715077,0.18839517089799046,-1,54.60264916768694,0.28643178448390927,,54.31621738320303,54.34124491894429,54.380172833566235,54.47160940286267,54.459433275444695,54.479679520623655,54.538693717323376,54.55092698427555,54.60264916768694,54.646927264869014
1058.0,24.158635940409678,24.158635940409678,0.18333694804047254,-1,54.57228635143507,0.24019774540438732,,54.33208860603068,54.37560043717594,54.38424352200046,54.5219348651969,54.45218747873259,54.48228002494185,54.52013143546493,54.5294900761463,54.57228635143507,54.58590430019931
1059.0,24.08755237430168,24.08755237430168,0.1793893630568466,-1,54.54490548790938,0.1957197705090934,,54.34918571740029,54.38507060805568,54.390083904479056,54.49748039454922,54.44704560265456,54.47019609323267,54.50400730083027,54.50679718553197,54.54490548790938,54.54107892414735
1060.0,23.964734636871498,23.964734636871498,0.1744801015765418,-1,54.5200357503603,0.1527050596337034,,54.3673306907266,54.39765592874956,54.39743459562417,54.48171688121426,54.44368322054318,54.45956184734603,54.48993184546238,54.482655207361326,54.5200357503603,54.48420127754235
1061.0,23.861673649906887,23.861673649906887,0.17560059864232688,-1,54.4980347845999,0.11134775418087628,,54.386687030419026,54.40231852013834,54.40650011570211,54.44619314027941,54.4423609075092,54.45337822100948,54.47822169931648,54.47943932714292,54.4980347845999,54.50971841578026
1062.0,23.762686219739294,23.762686219739294,0.1691284368395754,-1,54.47508236091914,0.07022635306604741,,54.40485600785309,54.39304529507868,54.41452002600971,54.36979351827166,54.43996918438585,54.42027034051607,54.46541834276218,54.43241552572205,54.47508236091914,54.38419356349704
1063.0,23.663698789571704,23.663698789571704,0.16783725357642149,-1,54.45609446898284,0.031080461708803853,,54.42501400727404,54.42147210480637,54.42510011440067,54.406488707013295,54.440554238128186,54.4264834380752,54.45600836185588,54.424774542098696,54.45609446898284,54.36693029274994
1064.0,23.5647113594041,23.5647113594041,0.1692650123047314,-1,54.44693768294631,0.01115338621762163,,54.44501711356569,54.45513839624596,54.43578429672869,54.4573065939957,54.44136098983741,54.4371969495472,54.44693768294631,54.4198884847202,54.43770486610963,54.35412199979985
1065.0,23.465723929236503,23.465723929236503,0.1693828681169912,-1,54.46374146122664,0.04558483036054639,,54.46374146122664,54.46985728744183,54.44528619594499,54.45494569522828,54.44094904604613,54.43572807417879,54.43661189614744,54.412276788340264,54.41815663086609,54.35159908744507
1066.0,23.3667364990689,23.3667364990689,0.16946407291050275,-1,54.481738174039016,0.08344107791847932,,54.481738174039016,54.48166060933471,54.45422755418315,54.444710795740946,54.44001763507954,54.42721562887047,54.425807715976106,54.392059650063494,54.39829709612054,54.30469963918639
1067.0,23.267749068901303,23.267749068901303,0.17309516933130362,-1,54.49902865055432,0.12087951358669358,,54.49902865055432,54.52884609827735,54.46262646438846,54.54105724430401,54.438588893760745,54.45357821295354,54.414551323133196,54.40466042570147,54.37814913696763,54.347657075812876
1068.0,23.19401769087523,23.19401769087523,0.17103680110480915,-1,54.514138616166086,0.15870717292168024,,54.514138616166086,54.52259337810814,54.46880386167668,54.482203747071665,54.434785029705026,54.43387742172514,54.40076619773352,54.38278725915142,54.355431443244406,54.31609507042724
1069.0,23.11050977653631,23.11050977653631,0.1727594327471997,-1,54.52956454188627,0.19563739781806078,,54.52956454188627,54.55544822326019,54.47557538243652,54.54053471252113,54.43174584297703,54.45041692602337,54.387916303517684,54.39208566342451,54.33392714406821,54.360655602717465
1070.0,22.932087988826815,22.932087988826815,0.17283112192170808,-1,54.543687458743264,0.23253220502213168,,54.543687458743264,54.56539434918421,54.48110277575712,54.5299534646916,54.42742135623199,54.44017609215516,54.373739936707,54.37003273104225,54.31115525372113,54.31052479049789
1071.0,22.871799348230915,22.871799348230915,0.17350416003441788,-1,54.55676717677822,0.2690227238457652,,54.55676717677822,54.58324221961497,54.485735553897406,54.54480054532444,54.42225581485514,54.4355087062237,54.35877607581301,54.349804847451196,54.28774445293246,54.26209438418601
1072.0,22.77281191806331,22.77281191806331,0.17257225002487409,-1,54.569101586657126,0.3052488580446777,,54.569101586657126,54.579104253842274,54.489733724720516,54.499980951216024,54.416477157634596,54.41960572384451,54.3432205905488,54.33318765365488,54.26385272861245,54.25036963644318
1073.0,22.645513268156424,22.645513268156424,0.17463803268433317,-1,54.58118993482459,0.34085879054296697,,54.58118993482459,54.61544121584846,54.493681823967165,54.57658841940191,54.41076053955292,54.44245057567309,54.327839255138805,54.351901720929185,54.240331144281626,54.32921263088577
1074.0,22.534101489757916,22.534101489757916,0.17603378095934633,-1,54.59165305136525,0.37652416524866084,,54.59165305136525,54.64201601353707,54.496029811169365,54.61543978216906,54.40339096874073,54.43214889621009,54.310752126312224,54.306179657238175,54.21512888611659,54.1778130211308
1075.0,22.50640130353819,22.50640130353819,0.17161311051401412,-1,54.60085089038704,0.4120950705212465,,54.60085089038704,54.589682730851045,54.49717339461076,54.43532133696819,54.394803355126236,54.37554273451391,54.29243331564183,54.25939738700452,54.1887558198658,54.106524296656644
1076.0,22.34997672253259,22.34997672253259,0.17215349290870008,-1,54.61160871268248,0.44629728516937206,,54.61160871268248,54.60525254134127,54.50025439506389,54.45801470762727,54.388460070097615,54.37795139752967,54.27666574513147,54.25802663767045,54.16531142751311,54.13374920509929
1077.0,22.30048300744879,22.30048300744879,0.17308316920507913,-1,54.6212630272006,0.4802383023628707,,54.6212630272006,54.625753235184355,54.50232820740204,54.492599001066765,54.38114387601899,54.375413844100976,54.25995954463606,54.23821660256205,54.14102472483773,54.087441290147424
1078.0,22.15689013035383,22.15689013035383,0.1715883086081281,-1,54.6301423606818,0.5140061780381302,,54.6301423606818,54.613171248379565,54.50369939134858,54.43187409694202,54.373139271662566,54.344949055662134,54.24257915197667,54.197876251478405,54.11613618264367,53.99941017706263
1079.0,21.99903980446926,21.99903980446926,0.1725238892230554,-1,54.63884253692921,0.547076701597554,,54.63884253692921,54.63359153587643,54.505093239201976,54.470893379049826,54.36530418613027,54.346032927499415,54.22551513305868,54.18576480184913,54.09176583533166,53.985680639109816
1080.0,21.972765363128484,21.972765363128484,0.172817697815711,1,54.64628451019439,0.5799866610169957,,54.64628451019439,54.64495199521134,54.505293752417906,54.48818902591814,54.35629117968573,54.35044323912335,54.20728860695368,54.19362965106725,54.066297849177396,54.056031190358475
1081.0,21.858094739292365,21.858094739292365,0.16910367326727296,1,54.61392561057197,0.533774338911563,,54.61392561057197,54.60208085181581,54.48549727153757,54.4389944053787,54.34703844111603,54.33089103433181,54.208579610694606,54.185796391806846,54.080151271660405,54.045143751244844
1082.0,21.782937616387343,21.782937616387343,0.1684756939196193,1,54.583782670730606,0.48903745241567975,,54.583782670730606,54.60165754103452,54.46740843662557,54.50990021858106,54.33926394452261,54.35104167580341,54.21111945241977,54.2134907093042,54.09474521831493,54.123960402164926
1083.0,21.683950186219732,21.683950186219732,0.16760728789421742,1,54.554016366469554,0.44501000300429183,,54.554016366469554,54.59800323799002,54.44938843169742,54.56396914712915,54.331511364967255,54.363427949002656,54.21363429823721,54.22764034294952,54.10900636346526,54.15378556252594
1084.0,21.54667132216015,21.54667132216015,0.16307553087684756,1,54.52466831619964,0.4017352464546491,,54.52466831619964,54.54506223980671,54.43147539538351,54.47198914330411,54.32380069297216,54.33393905895317,54.21612599056093,54.21141758742343,54.12293306974499,54.11882276306566
1085.0,21.47477304469274,21.47477304469274,0.15896193826337096,1,54.497925169431724,0.360066009905168,,54.497925169431724,54.49882508400277,54.41565040862671,54.3974277112771,54.31789216447899,54.30820139815756,54.220133920331385,54.195854134353695,54.137859159526556,54.079541675251875
1086.0,21.346252327746747,21.346252327746747,0.15739580757635666,1,54.47378755799358,0.31987266289299043,,54.47378755799358,54.48784680812134,54.40195498248463,54.42314568485429,54.313851226546944,54.31613465898854,54.22574747060936,54.21158722683439,54.15391489510059,54.12160767243376
1087.0,21.247264897579143,21.247264897579143,0.15684940634389924,1,54.4503399150905,0.28052852198167955,,54.4503399150905,54.490830279254254,54.38863763034853,54.48435395497231,54.31007565409952,54.33368187074116,54.23151367785062,54.231050777347626,54.16981139310882,54.16307576900285
1088.0,21.223230912476723,21.223230912476723,0.15438093581444115,1,54.427049202235054,0.24177898150483657,,54.427049202235054,54.467855246780445,54.3752349644797,54.46480303723788,54.3061597114825,54.32336057641868,54.237084458485405,54.22088707570219,54.18527022073022,54.12018399954821
1089.0,21.084526303538176,21.084526303538176,0.15049625493128768,1,54.40548141891924,0.20406158250419537,,54.40548141891924,54.426262101473,54.36320933864514,54.39026220588226,54.303450627667004,54.300571348616955,54.243691916688974,54.20730471148524,54.20141983641504,54.0836432523852
1090.0,20.95030260707635,20.95030260707635,0.14685253852958313,1,54.38602359926481,0.16768667772907975,,54.38602359926481,54.38875594901134,54.35287649503811,54.331198859448556,54.302180260400135,54.29373644155967,54.25148402576227,54.22629082149136,54.21833692153573,54.163017656421474
1091.0,20.85131517690875,20.85131517690875,0.14481800186281982,1,54.368524993103385,0.1325741171730499,,54.368524993103385,54.37368975756814,54.34411204768471,54.3311201439018,54.30223793451673,54.29545457072813,54.26036382134885,54.23611165512397,54.235950875930335,54.182558278632186
1092.0,20.720554003724395,20.720554003724395,0.14466383104446795,1,54.352093741924804,0.0983297830271681,,54.352093741924804,54.37863934143675,54.336128271648974,54.38426422871313,54.30292885041109,54.31107143114091,54.26972942917331,54.25143485088014,54.253763958897636,54.202637776015756
1093.0,20.653136638733706,20.653136638733706,0.14032131268189074,1,54.33537378840177,0.06450563164428047,,54.33537378840177,54.338190697672076,54.32768561359499,54.30503106677007,54.3031209725795,54.28750345490367,54.27855633156411,54.23705391929142,54.27086815675749,54.158477893826664
1094.0,20.595088454376167,20.595088454376167,0.13881852808159456,1,54.321515352363434,0.03242551141093486,,54.32133039069131,54.33131085366566,54.321515352363434,54.31712168341651,54.305302596657924,54.284837452256866,54.2890898409525,54.22646103464521,54.28927480262478,54.09617673624616
1095.0,20.496101024208564,20.496101024208564,0.13589097839861297,1,54.315993816196084,0.01596076640345956,,54.308166613617296,54.30537249805711,54.315993816196084,54.28250922151516,54.30801343299431,54.29434297943372,54.300033049792624,54.26988858240419,54.30786025237156,54.25259278129348
1096.0,20.397113594040967,20.397113594040967,0.13393779653615606,1,54.32703733132419,0.030428889884852595,,54.29660844143934,54.292836137234126,54.31177281340752,54.27635075218811,54.31182288638165,54.293086881679805,54.31187295935586,54.27182125711802,54.32703733132419,54.23684757801945
1097.0,20.298126163873377,20.298126163873377,0.13569432364071263,1,54.34640974138647,0.06038870225025761,,54.286021039136216,54.278004184458744,54.30828128657981,54.26652818185977,54.31621539026123,54.3029988225029,54.32414949394273,54.3030009716348,54.34640974138647,54.3310345890259
1098.0,20.20199022346369,20.20199022346369,0.1392360064178063,1,54.36444857941715,0.0904269803144544,,54.274021599102696,54.265799064048934,54.30335296685868,54.26549939084573,54.319235089259806,54.31078858570325,54.33511721166102,54.32621829256202,54.36444857941715,54.39226917529807
1099.0,20.152496508379887,20.152496508379887,0.13990504621329383,1,54.38043078461433,0.12094562792874797,,54.259485156685585,54.26278964228915,54.29596492515952,54.29270008645412,54.319957970649845,54.320089390823014,54.34395101614027,54.340453732138066,54.38043078461433,54.41356038986383
1100.0,20.103002793296092,20.103002793296092,0.13350253982468507,1,54.39575372292949,0.1512884178420677,,54.244465305087424,54.26879648053606,54.288008057900775,54.33913848863888,54.32010951400835,54.322823167774374,54.35221097011601,54.32700161721848,54.39575372292949,54.32686659893509
1101.0,20.024383147113603,20.024383147113603,0.13186770567329215,1,54.41335349485227,0.1798683166066155,,54.23348517824565,54.25788720355649,54.28361181917902,54.33046024427265,54.32341933654885,54.320553855609454,54.36322685391877,54.32451582891577,54.41335349485227,54.29731775146391
1102.0,19.963279795158282,19.963279795158282,0.13111866784311646,1,54.43112974203637,0.20778301743997218,,54.2233467245964,54.22857147149629,54.27985719243915,54.272093270383756,54.32723823331628,54.31264075015679,54.37461927419349,54.333892650946765,54.43112974203637,54.32983112885805
1103.0,19.960428305400374,19.960428305400374,0.1306903117479347,1,54.44879519636269,0.2352410064242818,,54.21355418993841,54.21852758095538,54.27630325976404,54.268079935588084,54.331174693150444,54.31486840589469,54.38604612653693,54.34157663268317,54.44879519636269,54.33686198188955
1104.0,19.960428305400374,19.960428305400374,0.13652933912360393,1,54.46647374663199,0.2623207422608118,,54.20415300437118,54.17364227014287,54.27301731546934,54.17095747206163,54.335313375501485,54.30349451836727,54.39760943553371,54.364872291953716,54.46647374663199,54.43355301312697
1105.0,19.98385125698324,19.98385125698324,0.14511395591996198,1,54.481571071173455,0.2904214674855865,,54.19114960368787,54.1939898824153,54.26635718418975,54.26676185658041,54.33636033743056,54.34072809253178,54.40636349067146,54.41364249676905,54.481571071173455,54.56066588671977
1106.0,20.00116387337058,20.00116387337058,0.13981325244337395,1,54.49304518952702,0.3201345136724285,,54.17291067585459,54.189975006721866,54.25483650513126,54.29151498212863,54.33297793269071,54.33854255357054,54.41111936025023,54.403142408794096,54.49304518952702,54.49811822803425
1107.0,20.00116387337058,20.00116387337058,0.14231444747720584,1,54.50665822432545,0.34836161758097006,,54.15829660674448,54.17929221388182,54.24653986474612,54.29369213567874,54.332477415534875,54.34449811734731,54.418414966323695,54.42028184458728,54.50665822432545,54.541957958094464
1108.0,20.00116387337058,20.00116387337058,0.14394362061413354,1,54.5190829467224,0.37684735614556786,,54.14223559057683,54.16332179972603,54.23683557576521,54.282936472224236,54.330659268649526,54.34519127599395,54.424482961533904,54.43236940293936,54.5190829467224,54.5731623554806
1109.0,20.00116387337058,20.00116387337058,0.13758769537375942,1,54.5306849990435,0.4053948266159537,,54.12529017242755,54.143643677887454,54.22623763441652,54.25895276925384,54.327987585735436,54.33023216494232,54.42973753705442,54.41337066841047,54.5306849990435,54.49614405306098
1110.0,20.00116387337058,20.00116387337058,0.1373000259751881,1,54.54480153186116,0.43225136713712686,,54.112550164724034,54.13710739456226,54.21939863539688,54.267488268552256,54.32867584829251,54.33429790867464,54.43795306118822,54.42093653232932,54.54480153186116,54.50244610520123
1111.0,20.00116387337058,20.00116387337058,0.1446799770375105,1,54.55889937158364,0.4587712598826741,,54.10012811170097,54.14391244152291,54.21277414127017,54.31582231545577,54.329513741642224,54.35995311024002,54.446253342014344,54.46047371060304,54.55889937158364,54.61193546472985
1112.0,20.00116387337058,20.00116387337058,0.13887940189054723,1,54.56977308523233,0.486631491143811,,54.08314159408852,54.13417159524218,54.201902847861696,54.31654210555499,54.326457339660344,54.35249999791281,54.451011831459056,54.44546691386986,54.56977308523233,54.54161679185021
1113.0,20.00116387337058,20.00116387337058,0.13931699378268114,1,54.58294015741928,0.5129421074811304,,54.06999804993815,54.09638524906894,54.194467167216395,54.236184919188,54.32646910367864,54.33586062911801,54.45847104014094,54.44685201526199,54.58294015741928,54.55677254526464
1114.0,20.00116387337058,20.00116387337058,0.1344827548465697,1,54.59579066262826,0.5390811277601557,,54.056709534868105,54.066685356223026,54.18682800709318,54.17902240511345,54.326250098748105,54.315953965180505,54.46567219040309,54.43061823651784,54.59579066262826,54.50058874386286
1115.0,20.00116387337058,20.00116387337058,0.12881451618350173,1,54.610535700090274,0.5639099357086863,,54.04662576438159,54.07068796216853,54.18205095161525,54.2104218175259,54.32858073223586,54.31800494456801,54.47511051285652,54.42049121727258,54.610535700090274,54.434302452985364
1116.0,20.00116387337058,20.00116387337058,0.13361481196002048,1,54.62752801625723,0.5872689593481368,,54.04025905690909,54.06294701814745,54.18061148554354,54.20692909281747,54.33389353658309,54.32914542044996,54.4871755876227,54.44680792736646,54.62752801625723,54.51040970614019
1117.0,20.00116387337058,20.00116387337058,0.13520479398189492,1,54.64237683234969,0.6114345863037016,,54.03094224604599,54.06054990172783,54.1764163247279,54.22174537841552,54.33665953919777,54.33844293890444,54.49690275366769,54.46191839744991,54.64237683234969,54.54172332785272
1118.0,20.00116387337058,20.00116387337058,0.13928446797127012,1,54.6564305854919,0.6357036431530574,,54.02072694233884,54.02461399847379,54.17133962736947,54.14676501387819,54.3385787639153,54.328445157711535,54.50581790046119,54.477270692361714,54.6564305854919,54.60595086301251
1119.0,20.00116387337058,20.00116387337058,0.14079984803776532,1,54.668643634623045,0.6606070150359855,,54.00803661958706,54.04969993386115,54.16393828093136,54.24566125054464,54.338340127104985,54.35607425549139,54.512741973278665,54.49856980876671,54.668643634623045,54.63432930656305
1120.0,20.00116387337058,20.00116387337058,0.1466562805009404,-1,54.68009553597842,0.6855854814539839,,53.99451005452443,54.02592640755249,54.15570996851669,54.20928719758667,54.33730279525136,54.35706535911267,54.51889562198608,54.52285019560508,54.68009553597842,54.720626450250876
1121.0,20.00116387337058,20.00116387337058,0.1361056514230276,-1,54.655514309673364,0.6446700347799279,,54.01084427489344,54.04542818543401,54.1608607537436,54.21632264640815,54.33317929228334,54.3417019323504,54.50549783082313,54.48010614949637,54.655514309673364,54.58410925886234
1122.0,20.00116387337058,20.00116387337058,0.13393178061288186,-1,54.63803638965208,0.6068054907159848,,54.031230898936094,54.07435694289114,54.170950125064834,54.24767289332142,54.33463364429403,54.34855791329272,54.498317163523275,54.47375295145689,54.63803638965208,54.563219421419205
1123.0,20.00116387337058,20.00116387337058,0.13590974928727856,-1,54.62218776915891,0.5699149328902777,,54.052272836268635,54.07655021338399,54.18205185673814,54.206467408515564,54.33723030271372,54.3442818609876,54.49240874868935,54.47668684947632,54.62218776915891,54.59869404709008
1124.0,19.974278398510247,19.974278398510247,0.13439884731669888,-1,54.60526699046401,0.5329820388903528,,54.07228495157366,54.07633668890277,54.192220824695596,54.1613167884227,54.338775971018784,54.332318723456964,54.485331117342014,54.46587967479315,54.60526699046401,54.58644252611946
1125.0,19.960428305400374,19.960428305400374,0.1321184992535721,-1,54.58941840596231,0.4968429748426999,,54.09257543111961,54.09450553900967,54.202968662398476,54.16862813234927,54.34099691854092,54.332083585935614,54.47902517468339,54.45762244497212,54.58941840596231,54.56407086577249
1126.0,20.00116387337058,20.00116387337058,0.13221499192657096,-1,54.575187573025175,0.4616669538267928,,54.11352061919838,54.150777414386916,54.214707642613135,54.28082677836977,54.344354096111736,54.36263337887132,54.474000549610366,54.4689343157743,54.575187573025175,54.57417701573679
1127.0,19.988739525139664,19.988739525139664,0.12941028568368643,-1,54.561263634872525,0.42687075871546654,,54.13439287615706,54.15551475467516,54.22655884110084,54.24543135194212,54.34782825551475,54.3531962720448,54.469097669928686,54.45594338870738,54.561263634872525,54.5449878481127
1128.0,19.960428305400374,19.960428305400374,0.1285731949740883,-1,54.549286347293545,0.39313591409175785,,54.15615043320179,54.14484317759377,54.2396452207947,54.17036287877027,54.352718390247624,54.33682776970429,54.46579155970058,54.44720569571085,54.549286347293545,54.54290024920106
1129.0,19.990368947858475,19.990368947858475,0.13515740203823826,-1,54.53790231018289,0.35997825879676526,,54.17792405138613,54.17576400696221,54.252971222685545,54.21816712385578,54.357913180784465,54.361457633622166,54.46285513888342,54.47775683630942,54.53790231018289,54.64085044593541
1130.0,20.00116387337058,20.00116387337058,0.12808724749057,-1,54.522566253982866,0.3256371255609025,,54.196929128421964,54.19435592641805,54.26330982696725,54.22686994305884,54.35974769120237,54.354265503977835,54.45618555543752,54.45253129853549,54.522566253982866,54.55284118149641
1131.0,19.994442504655495,19.994442504655495,0.1280009646380887,-1,54.51202860959207,0.2933433744726841,,54.21868523511939,54.22080171037656,54.27698293945416,54.25686916517434,54.36535692235569,54.365358064595874,54.453730905257245,54.45730210982029,54.51202860959207,54.560711433381115
1132.0,19.975907821229043,19.975907821229043,0.12511794974725252,-1,54.501679105017644,0.2614247228541302,,54.24025438216351,54.227338037608064,54.29062943644033,54.23040762535389,54.370966743590536,54.3582735564696,54.45130405074077,54.44647429696327,54.501679105017644,54.53073913558785
1133.0,20.00116387337058,20.00116387337058,0.12367721384130013,-1,54.49326726796167,0.230528446565053,,54.26273882139662,54.23528126351813,54.30550879664935,54.209327221560166,54.3780030446791,54.355050024302436,54.450497292708874,54.442250152937056,54.49326726796167,54.520805766533606
1134.0,20.00116387337058,20.00116387337058,0.11836233647006209,-1,54.486042174310924,0.20030127675360632,,54.28574089755732,54.289310824064636,54.32113072044917,54.312515756419394,54.38589153593408,54.37758880801169,54.45065235141901,54.436050261756364,54.486042174310924,54.45887232180781
1135.0,20.00116387337058,20.00116387337058,0.11555477904141745,-1,54.48238428964349,0.17163251071945496,,54.310751778924036,54.319472548194355,54.3392035850903,54.34399822784738,54.396568034283725,54.3880743318872,54.45393248347717,54.43197395133888,54.48238428964349,54.42441994156694
1136.0,20.00116387337058,20.00116387337058,0.11667360444073882,-1,54.48065945223728,0.143915685698083,,54.3367437665392,54.35448874958447,54.35854342819002,54.389580229336445,54.4087016093882,54.410822352005695,54.4588597905864,54.44879548640192,54.48065945223728,54.45852358429927
1137.0,20.00116387337058,20.00116387337058,0.11827037957072505,-1,54.47832660957771,0.11622788559560604,,54.3620987239821,54.37400043882055,54.37729859071132,54.39277834479285,54.42021266677987,54.422687080988815,54.463126742848424,54.46119069314292,54.47832660957771,54.490976863810104
1138.0,20.00116387337058,20.00116387337058,0.11426938456942051,-1,54.475078462386605,0.08845846006190783,,54.3866200023247,54.39506626482602,54.39524286848876,54.3982303313659,54.43084923235562,54.423786917581225,54.46645559622249,54.4473494168594,54.475078462386605,54.4283385992063
1139.0,20.00116387337058,20.00116387337058,0.11439578328835429,-1,54.47452515947677,0.06189616454555846,,54.41262899493121,54.4247927854555,54.41501646523141,54.42936656071285,54.44357707720396,54.4419452429705,54.47213768917651,54.460216358775746,54.47452515947677,54.45113409205893
1140.0,19.997090316573562,19.997090316573562,0.11811078296340419,-1,54.47774458019841,0.04307669447865692,,54.438418608959125,54.47636899934705,54.434667885719755,54.52117670311369,54.45620623295908,54.47916868481216,54.47774458019841,54.487854886002744,54.4739938569591,54.50524763756768
1141.0,19.97326000931099,19.97326000931099,0.11951622993271746,-1,54.481151285738484,0.028668955206697433,,54.46248136431878,54.50597653478144,54.45248233053179,54.54978637429245,54.466816808135135,54.493110550529806,54.481151285738484,54.49127224658002,54.471152251951544,54.49561009733085
1142.0,19.97957402234637,19.97957402234637,0.11697984341690246,-1,54.485691009848196,0.018280368207953757,,54.485691009848196,54.51573091237099,54.4694666400089,54.52470528852359,54.47655082574419,54.49064995291631,54.483635011479485,54.48319621749533,54.46741064164024,54.46557014568359
1143.0,19.990776303538176,19.990776303538176,0.11870821724516234,-1,54.50982270886477,0.04438010652769009,,54.50982270886477,54.50885788520219,54.48761813658954,54.4610307821883,54.4876326556009,54.49211892990458,54.487647174612256,54.505644028436414,54.46544260233708,54.55759484302492
1144.0,19.962057728119188,19.962057728119188,0.11738951324805996,-1,54.533122648689705,0.0706099517095069,,54.533122648689705,54.548763250145214,54.50493553989409,54.52324159190758,54.49781767283493,54.50782362560949,54.49069980577576,54.500626106693055,54.4625126969802,54.505315712712864
1145.0,19.99403514897579,19.99403514897579,0.11974369261590903,-1,54.556690037939866,0.09627729072109048,,54.556690037939866,54.58959901451182,54.52268942387695,54.58819858717635,54.5085513925793,54.53241792298022,54.49441336128165,54.513569895223924,54.460412747218776,54.51745840094695
1146.0,19.976315176908752,19.976315176908752,0.12087548726945821,-1,54.57925667887224,0.12222053555559853,,54.57925667887224,54.613139289273555,54.53940042445672,54.60561662102645,54.51814641109442,54.54472037758774,54.496892397732125,54.52093139569968,54.45703614331664,54.52785733421078
1147.0,19.976518854748605,19.976518854748605,0.11964478570879176,-1,54.601117366896254,0.14815941876440775,,54.601117366896254,54.604371427243464,54.55543248937643,54.53514803273996,54.52703765751403,54.529780830132175,54.498642825651636,54.50859067879576,54.452957948131846,54.49906891377154
1148.0,19.960428305400374,19.960428305400374,0.1250307499944573,-1,54.623341846169964,0.17356237920608208,,54.623341846169964,54.675116707594185,54.57198663822101,54.684934580234305,54.536560656566905,54.57314208630665,54.501134674912805,54.52521937889567,54.44977946696388,54.498252251302496
1149.0,19.96185405027933,19.96185405027933,0.12255965984201792,-1,54.64308492148275,0.19992141094864735,,54.64308492148275,54.6580032433398,54.585843699719426,54.59354916590178,54.54312421600841,54.552748735071184,54.5004047322974,54.51081790211045,54.443163510534106,54.47577260604437
1150.0,20.00116387337058,20.00116387337058,0.12199198144513806,-1,54.66372221565537,0.22546304564987452,,54.66372221565537,54.657262774947895,54.60082220228178,54.550523336795585,54.55099069283041,54.54386311534968,54.501159183379045,54.50160602362918,54.438259170005495,54.45365750816024
1151.0,20.00116387337058,20.00116387337058,0.12408274477821819,-1,54.684621843744345,0.2506244618523894,,54.684621843744345,54.692357487574284,54.61617863980143,54.60253307425543,54.559309612818126,54.54812196620397,54.50244058583483,54.475694742645594,54.433997381891956,54.33841909691084
1152.0,20.00116387337058,20.00116387337058,0.12444766610469657,-1,54.70449487730481,0.2760028895284279,,54.70449487730481,54.703489027420154,54.63047345293452,54.597279169903665,54.566493432540575,54.556303223959254,54.50251341214664,54.48871418944794,54.42849198777638,54.39081799412372
1153.0,20.00116387337058,20.00116387337058,0.12639232045858353,-1,54.724069043374875,0.30121105448994,,54.724069043374875,54.735681252611656,54.64453053537614,54.65287268722272,54.573463516129884,54.58532882230973,54.50239649688363,54.522147611513546,54.422857988884935,54.49342716175439
1154.0,20.00116387337058,20.00116387337058,0.1256525886464351,-1,54.74267937382277,0.3266009559529479,,54.74267937382277,54.731053376001086,54.65759589196291,54.60511067045316,54.57937889584627,54.579654970613085,54.50116189972963,54.52528511054924,54.41607841786982,54.52033672612304
1155.0,20.00116387337058,20.00116387337058,0.12481130470819603,-1,54.761460045136,0.35157589057864413,,54.761460045136,54.7251506570547,54.67095221301287,54.55128625712883,54.58567209984665,54.55851117580416,54.500391986680434,54.495504909666984,54.40988415455735,54.42904602035935
1156.0,20.00116387337058,20.00116387337058,0.1275069552305993,-1,54.78045609445785,0.37611937087417857,,54.78045609445785,54.76702433565297,54.68464708945877,54.63217320312308,54.592396409020736,54.577517735249096,54.50014572858271,54.494225560075336,54.40433672358367,54.39679555948854
1157.0,20.00116387337058,20.00116387337058,0.13016847723521255,-1,54.798173128108346,0.4010152413560064,,54.798173128108346,54.80759229177346,54.696988780057495,54.710469883629145,54.59766550743032,54.60171849039918,54.498342234803154,54.505679319348324,54.39715788675234,54.41539830530598
1158.0,20.00116387337058,20.00116387337058,0.1297978151882837,-1,54.81462578753475,0.4262497135326626,,54.81462578753475,54.806484673663356,54.707995386887006,54.673028678688425,54.6015009307684,54.591901894704776,54.495006474649806,54.49391783887951,54.38837607400209,54.392519964258916
1159.0,20.00116387337058,20.00116387337058,0.13103220618797046,-1,54.83109972559226,0.45115317277515743,,54.83109972559226,54.82702614376963,54.71911994616407,54.699997841685644,54.605523139204664,54.606125762781616,54.491926332245264,54.50862919591769,54.3799465528171,54.44305639652393
1160.0,20.00116387337058,20.00116387337058,0.13486411207508786,1,54.84691584957404,0.4760804426570857,,54.84691584957404,54.88215195176287,54.72959335697185,54.81542684857559,54.60887562824548,54.630031594173595,54.488157899519116,54.50071442537637,54.37083540691695,54.37994766997907
1161.0,20.00116387337058,20.00116387337058,0.13301869274002498,1,54.83021568761555,0.44008225173994475,,54.83021568761555,54.85966709985026,54.722793817907494,54.786254260740094,54.61017456174556,54.62071616021846,54.49755530558363,54.492638489463566,54.390133435875605,54.34322086009396
1162.0,20.00116387337058,20.00116387337058,0.1310835955972822,1,54.814930423127876,0.40495263669873793,,54.814930423127876,54.836428121996875,54.7170787951371,54.758087399955016,54.61245410477849,54.62287718913077,54.507829414419895,54.51181738548893,54.40997778642914,54.404791045895635
1163.0,20.00116387337058,20.00116387337058,0.12813706371924882,1,54.80110772551006,0.37069664488405607,,54.80110772551006,54.80003036757846,54.71250151874711,54.69103237493049,54.61575940306802,54.61130255678511,54.519017287388934,54.51803202499934,54.430411080626,54.429193976501296
1164.0,20.00116387337058,20.00116387337058,0.12629774446158762,1,54.789395943644195,0.33753703135607793,,54.789395943644195,54.77928660744291,54.70966125473979,54.66719102709273,54.62062742796615,54.61484948306884,54.53159360119251,54.53930244283603,54.45185891228812,54.489783272102216
1165.0,20.00116387337058,20.00116387337058,0.1253902739625712,1,54.779060230333265,0.30519354489019435,,54.779060230333265,54.77151774511769,54.70789980305515,54.67400450215311,54.626463457888164,54.61986699870202,54.54502711272118,54.54798817527169,54.47386668544307,54.49059893053273
1166.0,20.00116387337058,20.00116387337058,0.123456960860129,1,54.76948428769073,0.27343289096907597,,54.76948428769073,54.75008346822356,54.70666487727742,54.64050079569144,54.63276784220619,54.611968230237494,54.55887080713496,54.545208717042144,54.496051396721654,54.463986492536854
1167.0,19.964298184357546,19.964298184357546,0.12092502602688379,1,54.76132958015864,0.242484614739503,,54.76132958015864,54.721016260194155,54.706565717048655,54.587894073367664,54.64008727278889,54.60588964893795,54.57360882852911,54.556703205300494,54.518844965419134,54.4958058628728
1168.0,19.965316573556798,19.965316573556798,0.12159804323965122,1,54.75481571874675,0.21247421756489615,,54.75481571874675,54.73572020594502,54.70779592628898,54.655475285760836,54.648578609964304,54.63624731595593,54.58936129363961,54.594858484733706,54.54234150118185,54.57927938422679
1169.0,20.00116387337058,20.00116387337058,0.12074199610897447,1,54.74801243416038,0.18263996629689672,,54.74801243416038,54.729524293259345,54.708620555670564,54.6579272905413,54.656692451011935,54.63770408032045,54.60476434635329,54.59474148551931,54.56537246786348,54.54491006597605
1170.0,20.00116387337058,20.00116387337058,0.11862487802748191,1,54.74206521334415,0.15333324251120928,,54.74206521334415,54.70646169129377,54.71010095625979,54.616033996852,54.66539859208855,54.63568353550359,54.62069622791729,54.60838689626315,54.58873197083294,54.576887834955144
1171.0,20.00116387337058,20.00116387337058,0.11925841751772112,1,54.73763214233054,0.1248367926626841,,54.73763214233054,54.720927718396275,54.71282877127728,54.673595159872136,54.67521374599921,54.6562538924555,54.637598720721115,54.62535135238446,54.612795349667856,54.583696594323385
1172.0,20.00116387337058,20.00116387337058,0.11927761629702985,1,54.73291587977641,0.09650235823701081,,54.73291587977641,54.72682380987851,54.71517280337353,54.70720000370903,54.68466470065791,54.675471764955965,54.654156597942276,54.64987308609317,54.636413521539396,54.626973817693205
1173.0,20.00116387337058,20.00116387337058,0.11968126024428342,1,54.72831504517151,0.06846839615297284,,54.72831504517151,54.73287170472735,54.717500093179645,54.73778086630929,54.69408084709504,54.69084859878268,54.67066160101041,54.66562394461558,54.65984664901854,54.63848516495016
1174.0,20.00116387337058,20.00116387337058,0.12028873340011337,1,54.72357727493014,0.04064157039482552,,54.72357727493014,54.732329900997534,54.7195846604184,54.75126300837307,54.70325648973274,54.706875160233515,54.686928319047055,54.69121587855463,54.68293570453532,54.69204512492103
1175.0,20.00116387337058,20.00116387337058,0.12070036585360365,1,54.721308034373855,0.01845016757370388,,54.7185688000346,54.71459750381042,54.721308034373855,54.719019359736855,54.71208295058701,54.713069114176584,54.70285786680015,54.71711448754208,54.70559710113941,54.76183401863012
1176.0,20.00116387337058,20.00116387337058,0.12135104025788528,1,54.72791538337883,0.01449914500899041,,54.71341623836984,54.73049836773509,54.72278890033033,54.77541237436522,54.72066581087434,54.731474312199495,54.71854272141833,54.72789945536083,54.72791538337883,54.744933373285114
1177.0,20.00116387337058,20.00116387337058,0.12492902207248878,1,54.7497917962582,0.04182865728117946,,54.70796313897702,54.744299859361995,54.72388773521881,54.828159398006036,54.728877467617615,54.759943844095886,54.733867200016405,54.763491734356016,54.7497917962582,54.820546055605185
1178.0,20.00116387337058,20.00116387337058,0.12208594882736026,1,54.7699915917917,0.06968404365709091,,54.70030754813461,54.72475306757804,54.72287134961981,54.787519792948494,54.73514956996316,54.7526003273939,54.747427790306496,54.7611258109253,54.7699915917917,54.79332269246897
1179.0,20.00116387337058,20.00116387337058,0.12482779440811498,1,54.79122999099728,0.09660207421412537,,54.694627916783155,54.7380600022522,54.72355400498041,54.83444169950891,54.74292895389022,54.76906307004629,54.76230390280002,54.770537983297565,54.79122999099728,54.77729542396832
1180.0,20.00116387337058,20.00116387337058,0.12486557945029861,1,54.81114698289411,0.12385966244962532,,54.68728732044448,54.734615420868465,54.7226211621577,54.83829518383492,54.7492171516693,54.77769249907939,54.77581314118088,54.783172026683665,54.81114698289411,54.7921459867579
1181.0,20.00116387337058,20.00116387337058,0.12619198880122773,1,54.83088888289634,0.1508417631988479,,54.68004711969749,54.701682106650445,54.721681749917266,54.764767680893115,54.75546800129692,54.772483689049594,54.78925425267656,54.80281112289199,54.83088888289634,54.85943393358096
1182.0,20.00116387337058,20.00116387337058,0.12864962862547308,1,54.84991124474164,0.1778422452158992,,54.67206899952574,54.66471628104514,54.71997304043742,54.6840202558315,54.7609901221337,54.76034707819255,54.802007203829966,54.81302632331499,54.84991124474164,54.895388030452295
1183.0,20.00116387337058,20.00116387337058,0.13267216034729376,1,54.867735099180415,0.20511414802468408,,54.66262095115573,54.648399138898306,54.71682776219571,54.666574049195354,54.765178025168076,54.764639630470654,54.81352828814043,54.834281766486576,54.867735099180415,54.95170141268125
1184.0,20.00116387337058,20.00116387337058,0.13693421164121258,1,54.88369619764514,0.2330026364399771,,54.650693561205166,54.6617693782033,54.71132370065073,54.734425009558976,54.76719487942516,54.78944928601807,54.823066058199586,54.86358488172513,54.88369619764514,55.010104556359686
1185.0,20.00116387337058,20.00116387337058,0.13733169986927937,1,54.89769310863882,0.2615505736220598,,54.63614253501676,54.652832612155315,54.70332756737772,54.74051695049033,54.766917821827796,54.792284216145646,54.83050807627787,54.87144938930846,54.89769310863882,55.01525625219466
1186.0,20.00116387337058,20.00116387337058,0.14202257026300194,1,54.91137173461862,0.2898870704262251,,54.621484664192394,54.63539775880403,54.69513879961137,54.72584511021936,54.76642819940552,54.79642405078136,54.83771759919966,54.89309146477559,54.91137173461862,55.07815352498644
1187.0,20.00116387337058,20.00116387337058,0.13875517348343483,1,54.92290540674983,0.31896718606129326,,54.60393822068853,54.61822844770052,54.68421621536524,54.712317022596636,54.76342181371919,54.786994579948654,54.84262741207314,54.88380563927895,54.92290540674983,55.0325494129727
1188.0,20.00116387337058,20.00116387337058,0.13329483342612086,1,54.93568750208857,0.3470178921808156,,54.588669609907754,54.618968647552826,54.675283032974065,54.7416646972564,54.762178555998176,54.786226836052215,54.84907407902228,54.87096417018012,54.93568750208857,54.95831849699071
1189.0,20.00116387337058,20.00116387337058,0.1310821686161478,1,54.950655957785976,0.3735722136634294,,54.57708374412255,54.60591149609731,54.66963079728722,54.72710334052337,54.76386985095428,54.78166396351193,54.858108904621325,54.867089878387304,54.950655957785976,54.9293467235532
1190.0,20.00116387337058,20.00116387337058,0.1327423698862245,1,54.96642817581712,0.39936843931997856,,54.56705973649714,54.60652098650663,54.66532737154017,54.74957022283671,54.76674395615715,54.792975451356476,54.86816054077411,54.88155715217597,54.96642817581712,54.95314374505994
1191.0,19.998516061452513,19.998516061452513,0.12938190868192523,1,54.981352535891894,0.4252678720567147,,54.55608466383518,54.57915428804959,54.66007780650824,54.693542090773214,54.768718599863554,54.77644732467439,54.877359393218846,54.86918481000514,54.981352535891894,54.90881093190333
1192.0,19.97183426443203,19.97183426443203,0.13202466727804593,1,54.997564959804116,0.45016956222925586,,54.54739539757486,54.547479558489954,54.656844240406826,54.62812973230235,54.772480178689506,54.766958079420206,54.88811611697217,54.878748575611866,54.997564959804116,54.94626190462164
1193.0,20.00116387337058,20.00116387337058,0.139131336149487,1,55.0123954095421,0.47539925191804144,,54.53699615762406,54.543480139220144,54.65196555801748,54.646650099818395,54.7746957835831,54.783613672234424,54.8974260091487,54.912147738760304,55.0123954095421,55.04310371228291
1194.0,20.00116387337058,20.00116387337058,0.14054823760116597,1,55.024177963231224,0.5019229333277764,,54.52225502990345,54.52402482434237,54.643051888475284,54.62632695069024,54.77321649656736,54.779720605119564,54.90338110465942,54.91895999650598,55.024177963231224,55.061324527329134
1195.0,20.00116387337058,20.00116387337058,0.1483890244023671,1,55.0352223726284,0.5284830772650437,,54.50673929536335,54.50972047835513,54.633353875719,54.62595865940703,54.77098083399589,54.78999171824864,54.90860779227277,54.951183039700304,55.0352223726284,55.16573362024431
1196.0,20.00116387337058,20.00116387337058,0.1453659484006237,1,55.04277678638623,0.5564695380049045,,54.48630724838132,54.48835770539501,54.6190788514728,54.607900713613354,54.76454201738379,54.77671819469976,54.910005183294764,54.939281675301764,55.04277678638623,55.12165235804051
1197.0,20.00116387337058,20.00116387337058,0.14553500752034296,1,55.05150226143368,0.5835110209887091,,54.467991240444974,54.44766352059629,54.60666297016767,54.535736392102386,54.75974675093934,54.75555914586776,54.912830531711,54.93453269222309,55.05150226143368,55.12147284420464
1198.0,20.00116387337058,20.00116387337058,0.1410875712940254,1,55.06003095364647,0.6103100811068671,,54.4497208725396,54.44481664863416,54.594214707670886,54.56597170391541,54.754875913093045,54.75246248986944,54.915537118515196,54.9221119660965,55.06003095364647,55.059093639670586
1199.0,20.00116387337058,20.00116387337058,0.14197019836364191,1,55.0703460257765,0.6358782130060661,,54.434467812770436,54.43744288425585,54.584459067217836,54.579481682488996,54.752406919273476,54.75543231079403,54.920354771329116,54.92887236024366,55.0703460257765,55.069792560661774
1200.0,20.00116387337058,20.00116387337058,0.14197019836364191,1,55.08016036638666,0.6613768412425074,,54.41878352514415,54.41809857762839,54.57424200651017,54.561027871030085,54.749471945765414,54.752725167213974,54.92470188502065,54.93813424418874,55.08016036638666,55.10146165497817
