time_s,current_A,preview_current_A,fan_duty,direction,hotspot_C,gradient_C,objective,true_T1_C,estimated_T1_C,true_T2_C,estimated_T2_C,true_T3_C,estimated_T3_C,true_T4_C,estimated_T4_C,true_T5_C,estimated_T5_C
0.0,6.32216014897579,6.32216014897579,0.1,-1,56.344319167389415,2.01214223764093,85.33854556031898,54.332176929748485,54.582176929748485,54.774501300954036,54.79727981044087,55.21682567215959,55.21682567215959,55.7805724197745,55.6555724197745,56.344319167389415,56.49299298361138
1.0,7.106564245810056,7.106564245810056,0.2,-1,56.286521367360905,1.9684722961101357,37.51009925061599,54.31804907125077,54.51388845375883,54.7464596788961,54.70699814150482,55.18411252301017,55.13382401045833,55.73894274564635,55.64753379115497,56.286521367360905,56.46774833135108
2.0,9.613594040968344,9.613594040968344,0.30000000000000004,-1,56.16344608743516,1.8983091224778192,19.639804029686985,54.26513696495734,54.504595539974176,54.6734117137362,54.668996540619496,55.09953004719126,55.091263309295265,55.63850729724947,55.46740672143949,56.16344608743516,56.28137769931156
3.0,9.613594040968344,9.613594040968344,0.2,-1,55.982127659785014,1.8022231513384668,14.725055671871656,54.17990450844655,54.415000059532574,54.56201378662974,54.56166541130842,54.96980894005607,54.93959815576568,55.486089523897675,55.04701847566501,55.982127659785014,55.95280235506388
4.0,9.613594040968344,9.613594040968344,0.30000000000000004,-1,55.87019129069306,1.7343862054695194,14.676962102015217,54.13580508522354,54.26621470329519,54.499008295710986,54.455399326004816,54.89498655851069,54.77752217609162,55.395511150286126,55.05058358836024,55.87019129069306,55.87562889593673
5.0,9.613594040968344,9.613594040968344,0.2,-1,55.69160753154192,1.6409312177300421,8.905713948032595,54.05067631381188,54.36287756319717,54.38899144455921,54.434661012426986,54.76646184794239,54.80034589273142,55.244483056613696,54.857979009467385,55.69160753154192,55.65668014602065
6.0,9.613594040968344,9.613594040968344,0.2,-1,55.58173519837743,1.5753147972341282,8.426460457953823,54.0064204011433,54.26138834567012,54.326958500144094,54.35146292546832,54.69239283822535,54.679990710515135,55.15477966496432,54.80319148502506,55.58173519837743,55.554490466339004
7.0,9.613594040968344,9.613594040968344,0.2,-1,55.472670941443724,1.5106055095319917,7.042136565223381,53.96206543191173,54.2343505250204,54.26528928307783,54.303068943730715,54.61858672894675,54.60067500435432,55.065391739783664,54.63277775314728,55.472670941443724,55.389993328662605
8.0,9.613594040968344,9.613594040968344,0.2,-1,55.3644032242346,1.4467837510618864,7.240120578289591,53.917619473172714,54.10594848965142,54.20397302307358,54.20194185470654,54.545044942586344,54.47283727258287,54.97632517464756,54.61042042664207,55.3644032242346,55.312455301504336
9.0,9.613594040968344,9.613594040968344,0.2,-1,55.25692084545909,1.383830597998326,7.062361818062226,53.873090247460766,53.98084738379072,54.14299950469434,54.09586653241585,54.47176876820032,54.32037638688506,54.88758547782289,54.456861069707635,55.25692084545909,55.16248864986125
10.0,9.613594040968344,9.613594040968344,0.2,-1,55.150212925779314,1.321727776742307,6.75802087359454,53.82848514903701,53.97703924015579,54.08235903892081,54.06795406710857,54.398759369161674,54.31236520001911,54.79917778988974,54.50685998325557,55.150212925779314,55.12646230339082
11.0,9.625488826815644,9.625488826815644,0.2,-1,55.04426889511216,1.2604576357784865,6.345082378747086,53.783811259333675,53.91599557186112,54.02204243616834,53.997219185534355,54.32601779043584,54.204339475179964,54.71110690061877,54.35034733489292,55.04426889511216,54.96466515378045
12.0,9.627281191806333,9.627281191806333,0.2,-1,54.93912203788243,1.2000031188351272,6.176151456480981,53.7391189190473,53.906934790002374,53.96208453808955,53.97202410605293,54.2535885228319,54.197383189336875,54.623420822544226,54.39512457359588,54.93912203788243,54.93949310401779
13.0,9.639501862197395,9.639501862197395,0.2,-1,54.834725184524,1.1403477392853745,6.090331247981568,53.69437744523862,53.79472398522768,53.90243989641179,53.86192697839521,54.181435212575835,54.05923247061413,54.53608650958067,54.246919139762554,54.834725184524,54.78860242390176
14.0,9.613594040968344,9.613594040968344,0.1,-1,54.731106792781155,1.0814755557316431,5.89194782749136,53.64963123704951,53.75221000218886,53.843138842316314,53.81156946245037,54.10959675980533,54.010457195427826,54.4491459642847,54.22012965598141,54.731106792781155,54.72417395618866
15.0,9.613594040968344,9.613594040968344,0.1,-1,54.69312729061198,1.0485258648182523,5.289344558820274,53.64460142579373,53.74760752385002,53.83001083998615,53.80185337273404,54.09019088417932,53.99139855751825,54.421158749142116,54.197468123667996,54.69312729061198,54.68111474462863
16.0,9.613594040968344,9.613594040968344,0.1,-1,54.65539425087365,1.0159443207523324,4.517069668278573,53.639449930121316,53.75302394060467,53.81694134940175,53.80041427610586,54.07078954912984,53.97579243408818,54.39320934528564,54.17051457365811,54.65539425087365,54.6321698641835
17.0,9.613594040968344,9.613594040968344,0.1,-1,54.617903720976734,0.9837237490452537,2.590698275329014,53.63417997193148,53.80651512326768,53.803926407878386,53.834526431664536,54.051394178477196,53.951576914270184,54.36530054924275,54.07580800107082,54.617903720976734,54.5033332008046
18.0,9.641945996275608,9.641945996275608,0.1,-1,54.58065186754005,0.9518572192245642,2.5371231430220975,53.628794648315484,53.81743763985206,53.79096226740866,53.84539338629646,54.03200612712197,53.96397623963297,54.33743501829145,54.10183107505265,54.58065186754005,54.508155723192935
19.0,9.613594040968344,9.613594040968344,0.1,-1,54.54373881495189,0.9203380345011496,2.719039385181657,53.62340078045074,53.73917867903687,53.778149227038654,53.75963844275963,54.01273052774846,53.89269890100926,54.30971911921039,54.042337295676724,54.54373881495189,54.447237623365446
20.0,9.613594040968344,9.613594040968344,0.1,-1,54.506953042414146,0.8891597218966396,3.402541214916894,53.61779332051751,53.68519253220179,53.76527602407901,53.70722988128162,53.99336069562501,53.871989044140115,54.28194733512206,54.056107494522045,54.506953042414146,54.46333175370604
21.0,9.613594040968344,9.613594040968344,0.1,-1,54.47039511783436,0.8583160228104134,2.924459599825159,53.612079095023944,53.688938724554724,53.75244356249619,53.707314031669895,53.97400186988535,53.856312457995706,54.25422600880781,54.03215055024387,54.47039511783436,54.41839101072006
22.0,9.613594040968344,9.613594040968344,0.1,-1,54.43406164143741,0.8278008840063933,2.379244744295058,53.606260757431016,53.722750478666065,53.73964885133708,53.743323652807824,53.954655164181226,53.86383502305438,54.226557295379834,54.02755107558861,54.43406164143741,54.3880845592918
23.0,9.613594040968344,9.613594040968344,0.1,-1,54.39794931187776,0.7976084490007906,2.731663500087029,53.60034086287697,53.727050310297464,53.72688906595005,53.75956409043823,53.93532163950421,53.892520550731014,54.19894323710371,54.07889344830063,54.39794931187776,54.44294824951164
24.0,9.613594040968344,9.613594040968344,0.1,-1,54.362054922562024,0.7677330498326782,2.2391752376046288,53.594321872729346,53.693012913213956,53.7141615396958,53.70444430456914,53.91600230690323,53.82816152830099,54.1713857680941,53.99644591140724,54.362054922562024,54.33302042531205
25.0,9.613594040968344,9.613594040968344,0.1,-1,54.326375358116834,0.7381691992002573,2.1530481953201406,53.58820615891658,53.69763026117198,53.70146375606722,53.713285034260224,53.89669813004816,53.829620761998534,54.14388671883045,53.99957277110787,54.326375358116834,54.32765472406451
26.0,9.613594040968344,9.613594040968344,0.1,-1,54.290907590996326,0.7089115829463637,2.0089355651163543,53.58199600804996,53.69999061925805,53.68879334119772,53.716819038383676,53.87741002764859,53.82281150275972,54.11644782049907,53.98998319654511,54.290907590996326,54.30607938574338
27.0,9.613594040968344,9.613594040968344,0.1,-1,54.255648678223785,0.6799550528774958,1.8684984874335562,53.57569362534629,53.70758119660508,53.67614805673879,53.727763968971004,53.858138875736465,53.81957762877611,54.08907070916731,53.98274413609569,54.255648678223785,54.28694006198802
28.0,9.613594040968344,9.613594040968344,0.1,-1,54.2205957582622,0.6512946199013143,1.7103118793823704,53.569301138360885,53.698042063729936,53.66352579308819,53.7084305860269,53.83888550982054,53.790062292656664,54.06175692979591,53.94300521366904,54.2205957582622,54.225008041881
29.0,9.613594040968344,9.613594040968344,0.1,-1,54.18574604800872,0.6229254474684041,1.6479166630284277,53.56282060054031,53.691005599217974,53.650924562951516,53.6955937897454,53.81965072692028,53.76865386910613,54.03450794009504,53.91444615967686,54.18574604800872,54.179963823220206
30.0,9.613594040968344,9.613594040968344,0.1,-1,54.15109683990814,0.5948428453045693,1.6198551299580595,53.55625399460357,53.69093295271314,53.638342495220364,53.6980546856313,53.800435287486316,53.76231952101403,54.007325114229616,53.90532801285422,54.15109683990814,54.164547068019196
31.0,9.613594040968344,9.613594040968344,0.1,-1,54.11664549918071,0.5670422634205821,1.854587594936555,53.54960323576013,53.5959691100378,53.62577782915148,53.55679067187388,53.78123991721418,53.69337377066896,53.980209746379245,53.84842497777482,54.11664549918071,54.11146690503642
32.0,9.613594040968344,9.613594040968344,0.1,-1,54.08238946115975,0.5395192863869411,1.7112426711884896,53.54287017477281,53.60813621979654,53.61322890883187,53.57797200409119,53.7620653087575,53.6868625346422,53.953163054157976,53.83354733159676,54.08238946115975,54.08136947107966
33.0,9.613594040968344,9.613594040968344,0.1,-1,54.04832622873481,0.5122696278617482,1.7647373496726662,53.53605660087306,53.600152866848674,53.60069417791574,53.57973070557825,53.74291212334668,53.691595191080694,53.926186181898956,53.84508567873421,54.04832622873481,54.109729784751295
34.0,9.613594040968344,9.613594040968344,0.1,-1,54.0144533698961,0.4852891253602891,1.620937814526766,53.529164244535814,53.65034359493982,53.58817217461974,53.658044609564264,53.72378099231852,53.7011607811422,53.89928020380886,53.835208347974834,54.0144533698961,54.07068683886781
35.0,9.613594040968344,9.613594040968344,0.0,-1,53.9807685153763,0.45857373525553413,1.684953446473526,53.52219478012076,53.648715890220686,53.575661526963785,53.639692623297584,53.704672518562035,53.65875391964883,53.87244612699684,53.7718230587301,53.9807685153763,53.956530253511495
36.0,9.613594040968344,9.613594040968344,0.0,-1,54.01064935870745,0.4559213147278385,1.6856622643599901,53.55472804397961,53.68179092510305,53.608556736070575,53.67516863419071,53.736964718419785,53.69422995491503,53.90312817919716,53.807284141580595,54.01064935870745,53.989497026805765
37.0,9.613594040968344,9.613594040968344,0.0,-1,54.040542989174526,0.4532760956221935,1.6629960123655154,53.58726689355233,53.71727402043003,53.641435777291306,53.714189303964886,53.76924005881554,53.73029802062257,53.933823145260064,53.84241319601595,54.040542989174526,54.02079090431825
38.0,9.613594040968344,9.613594040968344,0.1,-1,54.07044941765399,0.45063843665135295,1.6751793810917899,53.61981098100264,53.69476201961977,53.6742990047221,53.66258432036358,53.80149904799905,53.74683023336777,53.964530543793835,53.87706032184576,54.07044941765399,54.08178368311818
39.0,9.613594040968344,9.613594040968344,0.1,-1,54.036793859636646,0.42422412551935906,1.7315772000775607,53.61256973411729,53.64323917871952,53.66153673717022,53.58697914124626,53.78215442979177,53.72020628583883,53.93760662751178,53.86246483481686,54.036793859636646,54.089826045739926
40.0,9.633147113594042,9.633147113594042,0.1,-1,54.003321969011324,0.3980680595956727,1.6953461364323035,53.60525390941565,53.67037554950411,53.64878499687225,53.635833792466514,53.762835691070116,53.71468331830657,53.910755293785705,53.840884135303725,54.003321969011324,54.04049332506767
41.0,9.619622905027937,9.619622905027937,0.1,-1,53.97010314453153,0.37216646157996536,1.6915765448669153,53.59793668295156,53.6384059292374,53.63611423624775,53.59193145814657,53.743614908433536,53.69766048632697,53.884049059296096,53.83097865914321,53.97010314453153,54.049341269326746
42.0,9.613594040968344,9.613594040968344,0.1,-1,53.93701391617132,0.3465156581444617,1.7764362761173207,53.590498258026855,53.637796429382526,53.62340205681144,53.58852964288402,53.72437121335706,53.67184510236567,53.8573674557246,53.792634247527765,53.93701391617132,53.978561075070516
43.0,9.613594040968344,9.613594040968344,0.1,-1,53.90407974290419,0.3211120758051962,1.7445647539179898,53.58296766709899,53.63527409129533,53.61067500527635,53.59796758630672,53.70513259293231,53.670751557884074,53.8307388322497,53.791554570052895,53.90407974290419,53.99240843021501
44.0,9.613594040968344,9.613594040968344,0.0,-1,53.87132069673363,0.29595223697467077,1.7058471797590382,53.57536845975896,53.64309148566968,53.5979542560061,53.612954864425575,53.68592157672914,53.6552942138815,53.80418604410048,53.76364727528877,53.87132069673363,53.939780408814094
45.0,9.613594040968344,9.613594040968344,0.1,-1,53.90187705643263,0.29448133251599273,1.8885941554336367,53.60739572391664,53.634503908047705,53.63068312641129,53.56666325873022,53.71807526312199,53.659167945290164,53.83500479200322,53.774192864434184,53.90187705643263,53.94023951360623
46.0,9.613594040968344,9.613594040968344,0.0,-1,53.86922871118306,0.26955784582727205,1.1670975336541731,53.59967086535579,53.6248802974235,53.617875416316224,53.53895437076149,53.698809588006874,53.61583087795242,53.80847880573072,53.71332607281938,53.86922871118306,53.82175679566278
47.0,9.613594040968344,9.613594040968344,0.0,-1,53.89988961037801,0.2682634423393324,1.0262343086079215,53.63162616803868,53.65439237798886,53.65056067660036,53.56879422418872,53.730937530844244,53.64286528620577,53.83933365928586,53.738057571182374,53.89988961037801,53.83525484064637
48.0,9.613594040968344,9.613594040968344,0.0,-1,53.93055333776406,0.266960251450449,0.56998157713259,53.66359308631361,53.7039598519312,53.68322448134799,53.633936482418235,53.76305338754344,53.67584339529098,53.87020585295275,53.76046301785502,53.93055333776406,53.83167739500819
49.0,9.613594040968344,9.613594040968344,0.0,-1,53.96122014005308,0.2656490532516713,0.5680494457312847,53.69557108680141,53.74322565539374,53.7158675351411,53.68821203134439,53.79515749572162,53.71837201295026,53.90109467519461,53.80246653467572,53.96122014005308,53.882553267405804
50.0,9.613594040968344,9.613594040968344,0.0,-1,53.99189024824674,0.2643305918287169,1.3113241286642285,53.72755965641802,53.77017190312782,53.74849051624964,53.7323528983331,53.82725018181155,53.77585666002647,53.931999447384236,53.8744973200674,53.99189024824674,54.014171890042434
51.0,9.613594040968344,9.613594040968344,0.0,-1,54.0225638784336,0.2630055768231472,0.7548629414111898,53.759558301610454,53.818795785168305,53.78109407764363,53.79216737393674,53.859331761536495,53.806349131421406,53.96291952228406,53.8933549923245,54.0225638784336,53.99961766075246
52.0,9.613594040968344,9.613594040968344,0.0,-1,54.05324123254823,0.2616746849264402,0.9798205129707502,53.79156654762179,53.841127341005475,53.81367884796736,53.80843102016171,53.8914025403612,53.83679159684641,53.99385428259684,53.926881410333436,54.05324123254823,54.03881567737626
53.0,9.613594040968344,9.613594040968344,0.0,-1,54.0839224990941,0.2603385613098439,0.5129394380475539,53.82358393778426,53.90267087633438,53.84624543247696,53.89624584528956,53.92346281392032,53.87736970063909,54.02480313958377,53.95283441040849,54.0839224990941,54.03474901093255
54.0,9.613594040968344,9.613594040968344,0.0,-1,54.114607853831984,0.2589978209927466,0.8204082019770779,53.85561003283924,53.930567188673095,53.878794413942686,53.92473490429734,53.95551286842549,53.914945605492576,54.05576553174672,53.99367380278723,54.114607853831984,54.090371499671
55.0,9.613594040968344,9.613594040968344,0.0,-1,54.14529746043548,0.2576530501522427,1.2191300977070332,53.88764441028324,53.966833040608584,53.91132635351712,53.97070712552669,53.98755298105228,53.95748890451632,54.0867409235717,54.037521405259824,54.14529746043548,54.14799009475049
56.0,9.613594040968344,9.613594040968344,0.1,-1,54.17599147111516,0.25630480737637384,2.1515471477213355,53.91968666373879,53.986875481913714,53.943841791570556,53.990186271469504,54.019583420308074,54.00154537817744,54.11772880433057,54.09423199341401,54.17599147111516,54.24852247843064
57.0,9.613594040968344,9.613594040968344,0.0,-1,54.14288600482524,0.23159116190073803,1.4674947392990176,53.911294842924505,53.92995561556188,53.930145781044274,53.85992045736267,53.99954302613417,53.9325336690013,54.0907526534181,54.020459500013644,54.14288600482524,54.11763835952453
58.0,9.613594040968344,9.613594040968344,0.1,-1,54.1736852216867,0.2304274237645103,2.0499492378331334,53.94325779792219,53.95774989058824,53.96262835960541,53.900221495656034,54.031554531951066,53.98002778554793,54.12176593196622,54.07891709130561,54.1736852216867,54.219415250952956
59.0,9.613594040968344,9.613594040968344,0.0,-1,54.14068866541519,0.20595241831202316,2.1830496033533953,53.93473624710317,53.96119665311261,53.94885815565362,53.9180619115597,54.01146970492827,53.97052460083644,54.09480699502758,54.0614502631093,54.14068866541519,54.1978084018472
60.0,9.613594040968344,9.613594040968344,0.0,-1,54.17159027807533,0.20496870130104128,1.3588483212526776,53.96662157677429,54.00239029223948,53.98130692042922,53.96141389722202,54.04346329984391,53.99204874123766,54.12584674693761,54.069601170163665,54.17159027807533,54.15583300489077
61.0,9.613594040968344,9.613594040968344,0.0,-1,54.202493889279005,0.20397801185983866,2.163625081043116,53.998515877419166,54.04172993412025,54.0137387197302,54.01956155050791,54.07544845320606,54.03991275391955,54.15689960559076,54.12076178930819,54.202493889279005,54.23275964512184
62.0,9.613594040968344,9.613594040968344,0.1,-1,54.23339968993314,0.20298095730970545,2.2642497480199886,54.03041873262343,54.06058516348205,54.046154127306075,54.02974795422086,54.10742538733601,54.07194592885078,54.18796504440215,54.16052708231195,54.23339968993314,54.2913102439416
63.0,9.613594040968344,9.613594040968344,0.0,-1,54.20037914737597,0.17873147227011543,2.1603386847114314,54.021647675105854,54.066312503498665,54.03213600726594,54.046771165182435,54.08714210692538,54.05730533291516,54.160913975702435,54.13245545158532,54.20037914737597,54.24025384570017
64.0,9.613594040968344,9.613594040968344,0.1,-1,54.23138534299622,0.17791251926182383,2.5550122466239893,54.053472823734396,54.09088102688722,54.06451904485727,54.06657287236854,54.11910295838509,54.089514263309304,54.19200474093128,54.16862565738977,54.23138534299622,54.2855763094372
65.0,9.613594040968344,9.613594040968344,0.0,-1,54.19846834288998,0.15389360991432,1.7098500072642862,54.04457473297566,54.10360825200474,54.05042819344674,54.09649047808254,54.09877864678807,54.0758470949261,54.164970779401706,54.13664702381923,54.19846834288998,54.21928729469471
66.0,9.613594040968344,9.613594040968344,0.0,-1,54.229572286987946,0.1532484772013447,2.066093203764513,54.0763238097866,54.120880925342924,54.08277801552657,54.0954887058206,54.130724262121795,54.09905376819039,54.19608788803466,54.162762276784306,54.229572286987946,54.24277180211799
67.0,9.613594040968344,9.613594040968344,0.1,-1,54.26067620446668,0.15259371151024226,2.81937123021259,54.108082492956434,54.133282421029186,54.1151111196733,54.088351827905164,54.16266267890975,54.12419149878193,54.22721812119362,54.19605450867503,54.26067620446668,54.289745954962186
68.0,9.613594040968344,9.613594040968344,0.0,-1,54.22779236391583,0.1287927553228414,2.8703673380943893,54.09899960859299,54.1502074164236,54.10086064156241,54.14113348571406,54.14222189774214,54.129285831154924,54.20014709692272,54.19214339344503,54.22779236391583,54.30010296232435
69.0,9.613594040968344,9.613594040968344,0.1,-1,54.258991928404264,0.12830902002374955,2.8326497999467932,54.130682908380514,54.15145562888578,54.133161009737776,54.10175839562218,54.17414624153012,54.13951553658811,54.231303467904766,54.209111710838016,54.258991928404264,54.307043923114854
70.0,9.613594040968344,9.613594040968344,0.1,-1,54.22620625655021,0.10736805504585334,2.852463222185467,54.12147625522321,54.14510821942259,54.11883820150436,54.10095696812094,54.15366680160382,54.12774022888189,54.204250191528516,54.194450714063194,54.22620625655021,54.30293281270384
71.0,9.613594040968344,9.613594040968344,0.1,-1,54.193585923446335,0.0890563289033679,2.965123366029904,54.11220587324077,54.16974602537429,54.10452959454297,54.175784320183276,54.133225153130674,54.143292034204464,54.1772696194597,54.20262451195628,54.193585923446335,54.342183874305256
72.0,9.613594040968344,9.613594040968344,0.0,-1,54.16112905474896,0.07089478415948491,2.65927545523253,54.10287318190658,54.16413729985795,54.09023427058948,54.16671952182905,54.112821403101734,54.12386466610326,54.1503625435374,54.174125680773834,54.16112905474896,54.29526089627875
73.0,9.613594040968344,9.613594040968344,0.0,-1,54.19260556541028,0.07014076815622161,2.523655712583769,54.13431899586834,54.185038224242,54.12246479725406,54.167474109477595,54.14471958381428,54.14251302155144,54.181576612219736,54.19034841006158,54.19260556541028,54.28427307949882
74.0,9.613594040968344,9.613594040968344,0.0,-1,54.224077534420324,0.06940076299992626,2.487473619023312,54.1657774355527,54.22402008418017,54.1546767714204,54.21192806894639,54.17661175846896,54.17310683580822,54.2128059599005,54.212650275836374,54.224077534420324,54.27938056931737
75.0,9.613594040968344,9.613594040968344,0.1,-1,54.2555452955197,0.06867437680092792,3.302433863878586,54.1972479986092,54.251116318926805,54.186870918718775,54.24249491612307,54.20849807912415,54.217516478454804,54.244049921475025,54.26846706599352,54.2555452955197,54.382730208297616
76.0,9.613594040968344,9.613594040968344,0.1,-1,54.22303235448823,0.05070774073779205,2.983105920804263,54.1876857861377,54.23265857281473,54.17232461375044,54.21282247501052,54.18790695501625,54.201901219427775,54.21705746133771,54.25718295656253,54.22303235448823,54.39687933019432
77.0,9.613594040968344,9.613594040968344,0.0,-1,54.19068068017592,0.032888022149876406,3.059738667545132,54.17806277670947,54.21681493732569,54.15779265802605,54.17808945160858,54.16735485439951,54.16987097675198,54.19013821411102,54.21516711605003,54.19068068017592,54.316618493560824
78.0,9.613594040968344,9.613594040968344,0.0,-1,54.2223244092519,0.03239004870523132,2.7360822930300497,54.20938308461939,54.279679027284836,54.189934360546665,54.27758798528812,54.19922422862226,54.21113477097477,54.221426212533906,54.236318280304054,54.2223244092519,54.289296227101154
79.0,9.613594040968344,9.613594040968344,0.0,-1,54.25396208208896,0.03190417413117075,3.6935530555585414,54.24071663444172,54.30074546406453,54.22205790795779,54.286723937151805,54.23108831194395,54.242822750774714,54.2527293498845,54.27483941400133,54.25396208208896,54.34700960543742
80.0,9.607076350093111,9.607076350093111,0.0,-1,54.28559405496155,0.031430020275585946,3.5503136876350547,54.27206292023848,54.328607847790245,54.254164034685964,54.302909924145006,54.262947237192066,54.263269509801056,54.28404695254431,54.28779348963893,54.28559405496155,54.322059595088525
81.0,9.58100558659218,9.58100558659218,0.0,-1,54.31719680366991,0.030967222299715047,4.038676666617773,54.30339759281681,54.354782533437515,54.28622958137019,54.31775180516358,54.29477727024596,54.28546605537897,54.315354513410526,54.30499494984651,54.31719680366991,54.313002156292434
82.0,9.58100558659218,9.58100558659218,0.1,1,54.34869908922145,0.03051542818003128,5.601646475452434,54.33464862381147,54.415299603131345,54.31818366104142,54.41828593741454,54.32650697505644,54.33490007695868,54.34657985548804,54.341244342937294,54.34869908922145,54.33716285974976
83.0,9.608542830540038,9.608542830540038,0.1,1,54.338823281503146,0.04711235019538407,5.032200115633334,54.301762370708765,54.381041065422885,54.29171093130776,54.39577835367103,54.30550385026781,54.32944077036642,54.33074761288769,54.35300720381421,54.338823281503146,54.41154704995494
84.0,9.613594040968344,9.613594040968344,0.0,1,54.32897219258092,0.06359104732597132,5.127798402473214,54.26915361147117,54.2851052289299,54.26538114525495,54.216691549308834,54.28464236683054,54.27002479235857,54.31506355653678,54.32219065407095,54.32897219258092,54.400153824653565
85.0,9.613594040968344,9.613594040968344,0.0,1,54.36039601458547,0.06298540357894922,5.9703478475856855,54.30074360894162,54.30590309719335,54.29741061100652,54.22700015570616,54.31647717119322,54.29527048349011,54.34644468912011,54.35130835221433,54.36039601458547,54.42888054457145
86.0,9.613594040968344,9.613594040968344,0.0,1,54.391818944628085,0.06238945608411939,4.094934369851517,54.33234061909087,54.343915691231494,54.329429488543965,54.267164146439434,54.348307537161894,54.311808549008404,54.377833767102146,54.34868739285109,54.391818944628085,54.34765626203333
87.0,9.613594040968344,9.613594040968344,0.0,1,54.42324113638472,0.061802960347421276,5.584368470577812,54.36394436215805,54.371177897175215,54.361438176037296,54.296709165510485,54.38013357573176,54.346894942302136,54.40923045137036,54.38923125999191,54.42324113638472,54.41084246024655
88.0,9.613594040968344,9.613594040968344,0.1,1,54.45466273545219,0.061225679618118534,4.394112975666832,54.395554569496305,54.438554989749875,54.39343705583407,54.41482165094411,54.411955395226656,54.39523641748138,54.44063441827017,54.417630554549376,54.45466273545219,54.40492466643696
89.0,9.613594040968344,9.613594040968344,0.1,1,54.444480363774375,0.08159028936361068,5.627261870614763,54.362890074410764,54.38678675389383,54.366851629197235,54.3465771861394,54.39085945763278,54.368484245188796,54.424770868558845,54.40729265836227,54.444480363774375,54.42749903402883
90.0,9.613594040968344,9.613594040968344,0.0,1,54.434227079459895,0.10383078100736043,5.772408992210048,54.330396298452534,54.360619321139744,54.34031439023068,54.338511268362524,54.36980523540687,54.35321466651283,54.40894924217931,54.39532244082659,54.434227079459895,54.4237762963274
91.0,9.613594040968344,9.613594040968344,0.1,1,54.46546402027096,0.10325376819003651,5.176737013475504,54.36221025208092,54.424156634390705,54.37228662533225,54.448580401239184,54.40161484568889,54.405971519124726,54.440373269359654,54.43515612498069,54.46546402027096,54.455941662741076
92.0,9.613594040968344,9.613594040968344,0.0,1,54.45507688337965,0.1252587370700411,5.394992584294667,54.329818146309606,54.35858149770959,54.34572450302405,54.33620979467547,54.380529447693036,54.358231090485184,54.42452645886772,54.39875840879953,54.45507688337965,54.407489037124414
93.0,9.613594040968344,9.613594040968344,0.1,1,54.48622732738949,0.12449711040082434,5.051619157924409,54.36173021698867,54.41117500322073,54.37768562925653,54.41890202349921,54.41233144224644,54.40156958444791,54.45595730842241,54.43103569587829,54.48622732738949,54.425869188772396
94.0,9.613594040968344,9.613594040968344,0.1,-1,54.47571012903134,0.14627464593221617,4.841011411706862,54.329435483099125,54.33889995225753,54.35110252239772,54.30149524953484,54.39121533462784,54.36679529052224,54.440081708389314,54.42608125108392,54.47571012903134,54.482376307309714
95.0,9.613594040968344,9.613594040968344,0.1,-1,54.442322262620834,0.12221184683583175,2.858575868391959,54.320110415785,54.30347345630577,54.335976140707594,54.225399338923694,54.3701414880887,54.327159012229124,54.41283974591725,54.38831689605519,54.442322262620834,54.434898494955256
96.0,9.63445065176909,9.63445065176909,0.1,-1,54.40910778600677,0.09839717797041203,3.5507646913268367,54.31071060803636,54.285894920424745,54.32088033139846,54.19167507863068,54.34910991031065,54.292033238829084,54.38565743079311,54.341962678730454,54.40910778600677,54.34630787149396
97.0,9.646182495344508,9.646182495344508,0.1,-1,54.37614084255426,0.07482650914347744,2.517183676165364,54.30131433341078,54.2643296910881,54.305889877983795,54.16582159909729,54.32819698733517,54.28412267608519,54.3586125979752,54.351632549419364,54.37614084255426,54.43954780054808
98.0,9.643901303538176,9.643901303538176,0.1,-1,54.343385689820344,0.05241599007364783,3.5626017686596985,54.29188985294914,54.28941463849513,54.2909696997467,54.23997240397374,54.30736915148517,54.27979406019646,54.33167304379953,54.322947952024435,54.343385689820344,54.36916703568371
99.0,9.613594040968344,9.613594040968344,0.0,-1,54.3107887908579,0.03472184925385591,2.588143475683576,54.28238751169103,54.28464838700991,54.27606694160404,54.23625827100351,54.28657497539682,54.25590403979312,54.30478862401807,54.28479874480622,54.3107887908579,54.29475102669715
100.0,9.613594040968344,9.613594040968344,0.0,-1,54.342342269960355,0.034347587409911284,3.9393853094493148,54.31393573800473,54.35695019151631,54.307994682550444,54.37530892124815,54.31835315127261,54.32123528309208,54.33624024013651,54.339787801728825,54.342342269960355,54.36813260881662
101.0,9.613594040968344,9.613594040968344,0.0,-1,54.3738938868466,0.03398032948742724,4.268329319713661,54.34548999395399,54.37819756159095,54.339913557359175,54.372246613532425,54.350128233200095,54.33448001783933,54.36769868770498,54.34405967828295,54.3738938868466,54.319984614300175
102.0,9.583286778398511,9.583286778398511,0.1,-1,54.40544379283682,0.03361987917612197,4.178002165165115,54.377050044126506,54.36653784190197,54.3718239136607,54.29993396892095,54.381900298061815,54.345391864230145,54.39916367027041,54.37702154371721,54.40544379283682,54.39316140005825
103.0,9.576280260707636,9.576280260707636,0.0,-1,54.37257880395038,0.016088694346279908,3.0940735746845363,54.36706977974824,54.34677534417747,54.3564901096041,54.26114017445739,54.36071011627711,54.3119880757151,54.37193666077949,54.33523977060654,54.37257880395038,54.320816161309445
104.0,9.548417132216017,9.548417132216017,0.0,-1,54.404083111031646,0.015835536430174102,3.556399462939537,54.39841116797527,54.36855030311955,54.38824757460147,54.2735278540567,54.39233981817223,54.33635424622143,54.40327797144198,54.36150108344823,54.404083111031646,54.34452142769937
105.0,9.529678770949722,9.529678770949722,0.1,-1,54.43548264792692,0.015588622178043465,4.174331875469918,54.429657279519134,54.39365792567628,54.419894025748874,54.298827013044374,54.4238647887078,54.3697920607053,54.434524584318694,54.402399979428715,54.43548264792692,54.41274636923235
106.0,9.515828677839853,9.515828677839853,0.1,-1,54.419292069967895,0.016913073047760463,3.900409666895907,54.419292069967895,54.38316501408944,54.40423379960188,54.29289080976459,54.402378996920135,54.35601411213342,54.40704548087214,54.39011851661969,54.40244336635179,54.42786334465708
107.0,9.515828677839853,9.515828677839853,0.0,-1,54.40881204480645,0.039295564662872096,4.273195391128674,54.40881204480645,54.393799600889196,54.38854836864409,54.335271790149406,54.380886601228774,54.34888973421774,54.37958264186903,54.369183889868665,54.36951648014358,54.3960467441038
108.0,9.515828677839853,9.515828677839853,0.1,-1,54.4397734855993,0.03879832803134775,3.87886269431998,54.4397734855993,54.40992820445751,54.420048617880084,54.33545566868445,54.412284482769756,54.376854201882416,54.41073264133829,54.40866874957667,54.40097515756795,54.464689707770496
109.0,9.501652700186222,9.501652700186222,0.0,-1,54.42917242014667,0.06103649064321104,4.571610700487571,54.42917242014667,54.418687013390084,54.404308414224865,54.36675684944917,54.390765457377746,54.3584503483169,54.38327917085631,54.36700220495247,54.36813592950346,54.36629503846941
110.0,9.483240223463689,9.483240223463689,0.0,-1,54.46000658219802,0.06038059960465603,5.234761281511824,54.46000658219802,54.44596598007325,54.43573580512645,54.38877011629482,54.422106542445256,54.383715730493115,54.41439543056194,54.388827368568165,54.39962598259336,54.370182996754934
111.0,9.455051210428309,9.455051210428309,0.1,-1,54.49078303871741,0.059740562224149585,5.511415536922616,54.49078303871741,54.477006946446636,54.467084624421716,54.424639054823174,54.453377925474264,54.41915320672785,54.4454540730992,54.42700934449357,54.43104247649326,54.42491610779574
112.0,9.41806331471136,9.41806331471136,0.1,1,54.4797838121763,0.08179179426812766,5.252397122600932,54.4797838121763,54.47672646506965,54.45098775300203,54.434150482469306,54.4315403796224,54.39907431820796,54.41773112626194,54.39047148834274,54.39799201790817,54.35390102214906
113.0,9.41806331471136,9.41806331471136,0.1,1,54.44578423066302,0.05801266945133676,3.563168814055476,54.44578423066302,54.44490645289322,54.42337751612404,54.413080727190376,54.409612993479115,54.380196294962225,54.401345528209454,54.376543290985985,54.387771561211686,54.35099562265318
114.0,9.401443202979518,9.401443202979518,0.0,1,54.411963353360335,0.03449101446295799,3.6373685501950006,54.411963353360335,54.38882115303657,54.39581577459182,54.3272058045133,54.387731029504714,54.3386886600036,54.38500584774919,54.34311306164521,54.37747233889738,54.304672200431554
115.0,9.385474860335195,9.385474860335195,0.1,1,54.44257457611854,0.03410277947526197,4.076992834243946,54.44257457611854,54.42101733672439,54.42682391025074,54.36666881509545,54.418694846923366,54.3740628538604,54.41580296966473,54.3801420009934,54.408471796643276,54.356539495512145
116.0,9.354841713221605,9.354841713221605,0.1,1,54.40875087523842,0.012080894463885272,3.7925444065893057,54.40875087523842,54.43094192419242,54.3991190351965,54.45307728556897,54.39666998077453,54.38482314883941,54.39932718901761,54.38195544160563,54.397906351415756,54.369725170903465
117.0,9.352886405959032,9.352886405959032,0.0,1,54.38715539332232,0.01579981782615647,4.234377232812254,54.37498938766973,54.39397011090367,54.37135557549616,54.418479957840205,54.37457924082269,54.36967729495074,54.38278155091283,54.38148406165796,54.38715539332232,54.41499418693832
118.0,9.340828677839852,9.340828677839852,0.0,1,54.41778266725569,0.01561568813512082,4.751946778894884,54.40562879388496,54.39731418143787,54.40216697912057,54.377511731347454,54.40535984228902,54.38186329490787,54.41341776588619,54.40301804662383,54.41778266725569,54.4375005519748
119.0,9.32029795158287,9.32029795158287,0.1,1,54.448365989445776,0.015435029784306664,6.223147390873708,54.436226921552844,54.41758337457594,54.43293095966147,54.38553175812695,54.43609448329362,54.410838157913034,54.44401210306826,54.440933057091456,54.448365989445776,54.49915741457644
120.0,9.32029795158287,9.32029795158287,0.0,1,54.43728470866869,0.03490113258826,4.0324073190285565,54.40238357608043,54.36743500450848,54.404956150340624,54.3123359899555,54.413786287799546,54.36537891306866,54.42725178924146,54.39453622379598,54.43728470866869,54.4018091038293
121.0,9.287220670391063,9.287220670391063,0.1,1,54.46770027257562,0.034694474272349396,5.217113667941232,54.43300579830327,54.43125706964507,54.435638785398304,54.432637343553075,54.44444232802752,54.42218029787571,54.45777556109708,54.44177080270177,54.46770027257562,54.458981801514845
122.0,9.255121042830542,9.255121042830542,0.0,1,54.4563651870803,0.05721901829871712,4.735721788122408,54.399146168781584,54.41396846798101,54.40753287667017,54.44529737541954,54.42199184095694,54.409635851467534,54.44086741666349,54.4259836065857,54.4563651870803,54.43693381193447
123.0,9.255121042830542,9.255121042830542,0.1,1,54.4864538614127,0.05682744886197355,4.3923564730287525,54.429626412550725,54.458687133250706,54.437975176614245,54.50781858948652,54.45240699775126,54.44653393588947,54.471154789408196,54.4526053133741,54.4864538614127,54.443368432544496
124.0,9.233612662942274,9.233612662942274,0.0,1,54.47487308418931,0.07912210543963738,4.782852846209999,54.395750978749675,54.40555082674312,54.40974590839102,54.428046053380335,54.429818857372396,54.413116208122275,54.45410007613178,54.432978695520035,54.47487308418931,54.44130415492975
125.0,9.222532588454378,9.222532588454378,0.1,1,54.504797003700965,0.07855210924346778,5.076527183204824,54.4262448944575,54.46169456221439,54.44011003185185,54.52381129127047,54.460152327587494,54.464595198281046,54.48430704000763,54.47730059899776,54.504797003700965,54.49641850638787
126.0,9.219599627560523,9.219599627560523,0.0,1,54.4929727258444,0.1006240421504927,4.522435319780353,54.39234868369391,54.411595713039006,54.41175911083641,54.446219544555426,54.43742546873739,54.42265733260277,54.46710166002135,54.43710317600529,54.4929727258444,54.42295864243459
127.0,9.189944134078214,9.189944134078214,0.1,1,54.52276207653896,0.09988168351620175,4.669805002030188,54.42288039302276,54.45467835152409,54.442075161331346,54.506687423573254,54.46770469602552,54.46198989078006,54.497252766485836,54.470683232981024,54.52276207653896,54.45547403369372
128.0,9.189944134078214,9.189944134078214,0.1,1,54.510698002616756,0.1217376247499189,4.267575822062572,54.38896037786684,54.425700085004024,54.413605707786715,54.48446775986542,54.444839767435205,54.43602195484368,54.479894649382786,54.43986741535144,54.510698002616756,54.39698523952431
129.0,9.165991620111733,9.165991620111733,0.0,1,54.49857344352708,0.14336994501415035,4.567275463956252,54.35520349851293,54.37315451198475,54.38520071749065,54.40891980361385,54.422023003119115,54.408961007095535,54.462570849633515,54.43311618303304,54.49857344352708,54.4397315509866
130.0,9.15735567970205,9.15735567970205,0.1,1,54.528001957938905,0.14228792391153888,5.3812699627621265,54.385714034027366,54.433009723593884,54.415331361658126,54.513554366913475,54.452102833041835,54.46139706475074,54.492515085311936,54.475711810667825,54.528001957938905,54.48688269025279
131.0,9.11939013035382,9.11939013035382,0.1,-1,54.51564461405826,0.1637173138692276,4.922709396050371,54.35192730018903,54.40306469147082,54.38681347492576,54.497557325048675,54.42914892392586,54.45706712568711,54.475034409005396,54.49153092634733,54.51564461405826,54.58203353576991
132.0,9.092178770949722,9.092178770949722,0.1,-1,54.4802866179449,0.13931823823035927,3.196507821865383,54.34096837971454,54.37913662710512,54.36962752989093,54.44098690408815,54.40610565829601,54.42213485953459,54.44604535255151,54.45204154031727,54.4802866179449,54.519753710624954
133.0,9.092178770949722,9.092178770949722,0.1,-1,54.44501121328713,0.11517865894652601,3.5096189067911006,54.329832554340605,54.355121239349394,54.35238635370372,54.38654402187218,54.383012372040525,54.387094407704815,54.41701370277856,54.41239698859998,54.44501121328713,54.45793372167256
134.0,9.06578212290503,9.06578212290503,0.1,-1,54.40991490396601,0.09129396532316747,3.0439081077447687,54.318620938642844,54.30023093577675,54.33518689257677,54.25731280679802,54.359967945731064,54.33523888956446,54.388040218335625,54.372644321674706,54.40991490396601,54.42329187802883
135.0,9.027001862197396,9.027001862197396,0.0,-1,54.37489959307973,0.06765969477143585,2.2747218891039767,54.307239898308296,54.276493651047694,54.31793152127503,54.209489988565736,54.336876583317654,54.296209405919974,54.359030877549934,54.32498873318544,54.37489959307973,54.33455217457521
136.0,9.027001862197396,9.027001862197396,0.0,-1,54.404154411995414,0.06722425646493946,2.083789892051513,54.336930155530474,54.3115290734422,54.347581806165365,54.255513966811115,54.36644417193872,54.32280801820858,54.388442805339494,54.3424863034741,54.404154411995414,54.319197748542436
137.0,9.027001862197396,9.027001862197396,0.1,-1,54.43341164946545,0.06679204916795811,3.445995945093966,54.36661960029749,54.33830006488817,54.37723123348987,54.287137815829205,54.39601040721991,54.36084067957883,54.41785455225287,54.39294457676131,54.43341164946545,54.42271040330447
138.0,9.027001862197396,9.027001862197396,0.0,-1,54.3983081365688,0.04341218568094973,3.65043216202218,54.35489595088785,54.3574260435257,54.359743023032145,54.355528390549566,54.372696312113995,54.36416837766718,54.38863824866677,54.384787488151694,54.3983081365688,54.42935079493987
139.0,8.99816108007449,8.99816108007449,0.0,-1,54.42766439200627,0.043174190201376916,3.8423866008279175,54.384490201804894,54.38140566173754,54.38939070536497,54.36977404229054,54.40226009544898,54.38703237147022,54.418050209319354,54.40659744672238,54.42766439200627,54.43599459175275
140.0,8.991154562383615,8.991154562383615,0.0,-1,54.45691694511281,0.042936231999163965,3.7237557154850274,54.413980713113645,54.41817235811909,54.41893152068176,54.4162668127377,54.431718149643075,54.415671645163755,54.44735913017181,54.425762680327146,54.45691694511281,54.423754702787555
141.0,8.961824953445067,8.961824953445067,0.1,-1,54.486144911315755,0.042698373207727514,5.372324962698922,54.44344653810803,54.47551288812719,54.44844464347449,54.516731436946024,54.46114960469708,54.463748820712986,54.476644060838154,54.46174403186378,54.486144911315755,54.45136169608898
142.0,8.9445530726257,8.9445530726257,0.1,-1,54.45078984199862,0.020231944452383743,4.12749028444003,54.431227683480735,54.414017673174875,54.43055789754624,54.372601570811824,54.43745320354113,54.41226528318627,54.44706856961433,54.4293350225341,54.45078984199862,54.450395633563694
143.0,8.90495810055866,8.90495810055866,0.1,-1,54.4188800588187,0.006234769676289886,3.400589718490378,54.4188800588187,54.39632351562257,54.41264528914241,54.34909537809074,54.413744744141106,54.39656488382117,54.41749655916947,54.42311174355964,54.41554392731976,54.49584447158655
144.0,8.89664804469274,8.89664804469274,0.0,-1,54.40632493749795,0.026000433157555847,3.092425226042745,54.40632493749795,54.407534317069235,54.39462472024087,54.38934010681207,54.38994358772025,54.37649135570249,54.38784880623375,54.37468837190447,54.38032450434039,54.37270712748866
145.0,8.890945065176911,8.890945065176911,0.0,-1,54.43517608654857,0.02568526051533837,3.3826512951227237,54.43517608654857,54.42726668900298,54.42378275924924,54.39650234812232,54.419028955137605,54.40191974986631,54.416802759004945,54.40613985918293,54.409490826033235,54.417686603835456
146.0,8.876769087523279,8.876769087523279,0.0,-1,54.4640115140012,0.025378600761882808,3.7626380731015954,54.4640115140012,54.444838900774386,54.45291382276383,54.390885364999825,54.4480926066576,54.40664666541672,54.445741595023264,54.396546630230006,54.43863291323932,54.327255860842584
147.0,8.87693202979516,8.87693202979516,0.0,-1,54.49280042710906,0.025080119918463595,4.4582909356147535,54.49280042710906,54.477573923421666,54.48198757326491,54.4369900873786,54.47710395599425,54.447935844608985,54.47463444837443,54.44616414569698,54.467720307190596,54.42512724761615
148.0,8.864059590316575,8.864059590316575,0.0,-1,54.52159447292791,0.024789498144372146,5.215271041610812,54.52159447292791,54.50665828448221,54.51105609403067,54.469092283025915,54.50611484869497,54.47793962584357,54.50353289674277,54.476547133193215,54.49680497478354,54.459496300035646
149.0,8.862918994413409,8.862918994413409,0.1,1,54.55034639382056,0.024506429131321283,5.093730787527426,54.55034639382056,54.57023509928833,54.540072545445796,54.585368332896664,54.535078217968696,54.52385050524659,54.532389616740375,54.500588063866445,54.52583996468924,54.44260082268181
150.0,8.82332402234637,8.82332402234637,0.1,1,54.514481306228,0.004295103500801645,3.95638742748301,54.514481306228,54.55245265084529,54.5101862027272,54.603896110505936,54.510855413130614,54.52379604875549,54.51377299506528,54.51092589148079,54.513109688569095,54.51278896230047
151.0,8.798882681564248,8.798882681564248,0.1,1,54.50016767498377,0.021518425581383838,3.2235508090575165,54.47864924940239,54.552752138858885,54.48021672009969,54.6587631416466,54.486541394610036,54.51910208401635,54.495058516556945,54.49088127377419,54.50016767498377,54.46354606132671
152.0,8.798882681564248,8.798882681564248,0.1,1,54.48707102674212,0.04416800375233265,3.736374745334711,54.44290302298979,54.49360407962701,54.45022082624077,54.560005514140904,54.46219115990094,54.47750120652722,54.47629941160001,54.460969229335376,54.48707102674212,54.43561911039087
153.0,8.798882681564248,8.798882681564248,0.1,1,54.47391009476413,0.06658128277090469,3.9117601704664837,54.407328811993224,54.465248471411996,54.420288469442085,54.54348620888316,54.437893022077844,54.458495419478005,54.45758232304301,54.4438760066156,54.47391009476413,54.42317147790047
154.0,8.766294227188084,8.766294227188084,0.0,1,54.4606867659288,0.08876229701802174,3.550612539123343,54.37192446891078,54.413291261152565,54.39042110711529,54.465064452620176,54.41364689481777,54.42126374599308,54.43890558671207,54.41570103725458,54.4606867659288,54.39445543218853
155.0,8.766294227188084,8.766294227188084,0.0,1,54.4889019155494,0.08810197016978805,3.8486156817162733,54.40079994537961,54.43547539986691,54.41907087516674,54.47243598833372,54.44225245979966,54.4428034253899,54.46742081223575,54.43617187579043,54.4889019155494,54.403589524406314
156.0,8.766294227188084,8.766294227188084,0.0,1,54.517121854234176,0.08745026319039795,4.580018710157878,54.42967159104378,54.46556396139688,54.44772348840045,54.504492412389,54.47085713793562,54.47767693038143,54.49593246880417,54.47586551308394,54.517121854234176,54.47038243266909
157.0,8.741689944134077,8.741689944134077,0.1,1,54.54534645149304,0.0868069296077465,5.887483795649584,54.45853952188529,54.483667280563466,54.47637878271807,54.50717705971589,54.49946095297216,54.50735045114843,54.524440743946414,54.51884402498451,54.54534645149304,54.556980591027184
158.0,8.733705772811916,8.733705772811916,0.0,1,54.531686400692045,0.1087889643962967,6.095673843320384,54.42289743629575,54.44705008881023,54.44619288580943,54.47455746526448,54.47487152200711,54.483825565283766,54.505400599076026,54.50348141032285,54.531686400692045,54.55442787468793
159.0,8.701117318435752,8.701117318435752,0.0,1,54.55970995081644,0.10797611421260456,6.155439203544171,54.451733836603836,54.43755042833939,54.474735627006474,54.4032217331075,54.50335634628964,54.48226247779799,54.53378552111082,54.5130867242686,54.55970995081644,54.551369432122854
160.0,8.688081936685286,8.688081936685286,0.1,-1,54.58762190184867,0.10717400280766043,4.287600175510017,54.48044789904101,54.441519221554586,54.50316470949943,54.377120311801974,54.53172295871809,54.503731061909846,54.56204863299836,54.556480645451515,54.58762190184867,54.6496478700391
161.0,8.648486964618247,8.648486964618247,0.1,-1,54.55079448335966,0.08334376643038155,3.0618741379900265,54.46745071692928,54.445359224565244,54.48414008335562,54.404942238733135,54.50686807043802,54.48366186449753,54.53131954630478,54.517915772780036,54.55079448335966,54.5670591492529
162.0,8.608891992551209,8.608891992551209,0.1,-1,54.514004603426486,0.05976408248927356,3.6089187539177563,54.45424052093721,54.44305614333946,54.465017583230214,54.41733592761505,54.481924018415434,54.46479772485443,54.50051110029504,54.48810945369323,54.514004603426486,54.52152721436129
163.0,8.601885474860334,8.601885474860334,0.0,-1,54.47725037183261,0.03643060269170206,3.2009116218288494,54.44081976914091,54.42234835053013,54.44579578463886,54.37962849944042,54.45689112202635,54.428629891770676,54.46962533083439,54.44244136240535,54.47725037183261,54.44018514574678
164.0,8.570763500931097,8.570763500931097,0.1,-1,54.50510544242847,0.03622401712045331,4.380494259235603,54.46888142530802,54.48986088472656,54.473876184520364,54.515125762615064,54.48489806803358,54.491685868699335,54.497521647424186,54.499035406796956,54.50510544242847,54.52898851125964
165.0,8.570763500931097,8.570763500931097,0.0,-1,54.46833036661282,0.013833956239558631,4.27636663338671,54.45519701836869,54.481643788605595,54.45449641037326,54.50806336450704,54.45972035915939,54.470721982975235,54.46650619434275,54.470393172413644,54.46833036661282,54.49363873070081
166.0,8.570763500931097,8.570763500931097,0.0,-1,54.49616867052288,0.013706921207372602,4.185146898033286,54.483053742334846,54.491687823030325,54.482461749315505,54.48641523141082,54.487614175150064,54.48219782276942,54.494293061272344,54.48379205048767,54.49616867052288,54.48768412791385
167.0,8.570763500931097,8.570763500931097,0.1,-1,54.524006016636115,0.013581996137844499,3.9998964399829235,54.51091213244487,54.51902793570021,54.51042402049827,54.51701113228199,54.51550729583103,54.51907491107893,54.52208241030787,54.53126221569359,54.524006016636115,54.58109249462584
168.0,8.566852886405957,8.566852886405957,0.0,-1,54.497046428725255,0.00976386380487071,4.883272988115136,54.497046428725255,54.51651189374507,54.49095727462265,54.520674110272104,54.49026118422486,54.48763014881971,54.49101985817447,54.47394175573545,54.487282564920385,54.44366642271022
169.0,8.538175046554933,8.538175046554933,0.1,-1,54.524800635701254,0.009602766023817821,5.3302987306850635,54.524800635701254,54.5389867342489,54.5188997245865,54.53616188256395,54.51813906850545,54.51719824517566,54.518800184343384,54.51091858146334,54.515197869677436,54.508123473460195
170.0,8.520251396648042,8.520251396648042,0.0,-1,54.51069896024534,0.032231884661904076,4.3510844151240144,54.51069896024534,54.51172070846879,54.49929043442808,54.48282097070501,54.492769024920264,54.48360014511235,54.48763405627597,54.4774208396659,54.47846707558344,54.474776143524906
171.0,8.480656424581005,8.480656424581005,0.1,-1,54.53819859108201,0.03189456352004072,5.158213415928918,54.53819859108201,54.55454357942129,54.52705722100193,54.55279219583908,54.520478420351004,54.52673902810063,54.51525461993373,54.52007756099834,54.50630402756197,54.5384203781504
172.0,8.472998137802605,8.472998137802605,0.1,-1,54.523775458353235,0.0543016698678187,4.710180995823911,54.523775458353235,54.530029196956136,54.507214298666426,54.508735171938866,54.494895757552676,54.50009340653485,54.483898547056654,54.498327096110195,54.469473788485416,54.54055882968254
173.0,8.472998137802605,8.472998137802605,0.0,-1,54.50926742682491,0.07648150962116773,4.144496704361135,54.50926742682491,54.49973260991015,54.487381857513014,54.44973079294429,54.469340735911565,54.4656440226221,54.45258811294504,54.46705381184702,54.432785917203745,54.5142930478784
174.0,8.459636871508378,8.459636871508378,0.0,-1,54.53642583488504,0.07579806766056407,4.294551902288482,54.53642583488504,54.523543086509385,54.51496209133563,54.46934540523804,54.496879066723906,54.487032705034316,54.480055324088916,54.48611887353396,54.46062776722447,54.512874541335215
175.0,8.420041899441339,8.420041899441339,0.1,-1,54.56354313287995,0.07512768318466101,5.825149557963514,54.56354313287995,54.576471740415975,54.542486697041355,54.56385261695183,54.52436889294375,54.52900432490616,54.50748181752894,54.51467394060399,54.48841544969529,54.51873094921639
176.0,8.407821229050278,8.407821229050278,0.0,-1,54.548685078475316,0.09711249639266128,5.154519606794884,54.548685078475316,54.55095477330363,54.522366315627266,54.51490515310278,54.498558419519405,54.49391038960283,54.47595067393468,54.475633940558616,54.451572582082655,54.46484795543662
177.0,8.407821229050278,8.407821229050278,0.0,-1,54.57553706752885,0.09628135666309134,4.509529658469053,54.57553706752885,54.54258049430787,54.54969094643898,54.44961308025618,54.52586156204888,54.488871346020346,54.50320511723196,54.47509846315157,54.47925571086576,54.43013177501354
178.0,8.399022346368714,8.399022346368714,0.1,1,54.60239670324444,0.09546499356781624,5.091330452045026,54.60239670324444,54.570215957617,54.57700737436042,54.481055052406,54.553164156502355,54.50978094530367,54.53046728494882,54.48786925181146,54.50693170967662,54.40985382255555
179.0,8.359427374301674,8.359427374301674,0.1,1,54.56450204865957,0.07164978139449829,3.6425888862315094,54.56450204865957,54.54318979793416,54.54531089629299,54.48430705452095,54.52721435513371,54.49772943622898,54.51023568078769,54.48423116532385,54.49285226726507,54.44438843031299
180.0,8.34264432029795,8.34264432029795,0.1,1,54.526649641210504,0.048088770570366535,3.689335258774343,54.526649641210504,54.52683603062307,54.51353418622904,54.51088327666153,54.501178775234735,54.48825921776602,54.48991345974355,54.4737872331773,54.47856087064014,54.44518684600441
181.0,8.34264432029795,8.34264432029795,0.1,1,54.48891909294651,0.024777411773953872,3.7930198993748885,54.48891909294651,54.50274142669878,54.481761047228964,54.514156258146976,54.475139326494165,54.4723753578284,54.46958062048395,54.458557366739,54.464141681172556,54.436693248335295
182.0,8.310055865921786,8.310055865921786,0.0,1,54.4513682636401,0.002212171304613264,2.637546544749269,54.4513682636401,54.44600233561551,54.450053352515674,54.430048689097745,54.449156092335485,54.42928997560877,54.44929543942574,54.4235401276518,54.449656961121946,54.39092148207223
183.0,8.29881284916201,8.29881284916201,0.1,1,54.47828046298464,0.0021736197933890367,3.516006298026122,54.47828046298464,54.50918197938089,54.476993956012265,54.55086857700114,54.47610684319125,54.48190494714659,54.4762328382235,54.462124795826206,54.476584790624145,54.426448716961204
184.0,8.277467411545622,8.277467411545622,0.0,1,54.461821338289695,0.021129106404053744,2.963553034758112,54.44069223188564,54.45494344493517,54.445137601963864,54.47318667428136,54.44996392094967,54.44559226299203,54.455778181144645,54.438399642050804,54.461821338289695,54.417563825680475
185.0,8.277467411545622,8.277467411545622,0.0,1,54.4885395222853,0.02095715428332312,4.003907947589443,54.46758236800198,54.46779374830465,54.47196110471739,54.4671667362295,54.47679737492049,54.47371459840103,54.48259919111191,54.48394532112319,54.4885395222853,54.520805566954344
186.0,8.24520484171322,8.24520484171322,0.0,1,54.51525928344048,0.020787980330709388,4.546797049814267,54.49447130310977,54.49967239835917,54.49878575442109,54.50671874323408,54.50363035313638,54.50322609742715,54.50941861072874,54.51084875786986,54.51525928344048,54.54135007054387
187.0,8.238198324022344,8.238198324022344,0.1,1,54.541865314695585,0.020621494123936657,4.588485038603253,54.52124382057165,54.54906622138066,54.525496230848184,54.58968169354832,54.53034760879693,54.54267758752235,54.53612125506675,54.538171030242054,54.541865314695585,54.5483778591144
188.0,8.212290502793294,8.212290502793294,0.0,1,54.52665489271023,0.043218593926383164,4.074342121108299,54.48343629878385,54.5011912726862,54.49332102086886,54.527337756305,54.50386860562541,54.50581003788949,54.51531555026526,54.50645626794697,54.52665489271023,54.505266887365586
189.0,8.19159683426443,8.19159683426443,0.0,1,54.55305325853884,0.04287064012613229,5.300452871748172,54.510182618412706,54.52016396425477,54.519916154516174,54.53478790788579,54.53046761648029,54.53251528953791,54.54189805267608,54.54200630084122,54.55305325853884,54.56899719931647
190.0,8.17970204841713,8.17970204841713,0.1,1,54.57938069923258,0.04252818370646594,5.796726957520138,54.536852515526114,54.55460918925239,54.54643988639053,54.58235122861711,54.5569923492003,54.56875152827464,54.56840386301372,54.58015186755333,54.57938069923258,54.62608220600046
191.0,8.17970204841713,8.17970204841713,0.1,-1,54.56379413820574,0.06490445193683314,4.825590372295618,54.49888968626891,54.49328282047227,54.514016320900936,54.49167217646015,54.530245569127416,54.53270584873029,54.547312531202806,54.5668155594449,54.56379413820574,54.654713713598
192.0,8.170577281191804,8.170577281191804,0.1,-1,54.52534550061413,0.04143951126096823,3.0867127563436436,54.48390598935316,54.469289136045,54.49306841156608,54.44831184318262,54.50355662375984,54.49777394768288,54.51486174292661,54.52816311264783,54.52534550061413,54.599132776214915
193.0,8.147113594040967,8.147113594040967,0.1,-1,54.48704625276793,0.018221645627995997,2.820538730967705,54.468824607139936,54.41830872432507,54.47213720901802,54.338409612823355,54.476892854649826,54.446943338141594,54.48244511746012,54.487145863323526,54.48704625276793,54.56020316451236
194.0,8.12397579143389,8.12397579143389,0.0,-1,54.45359651269636,0.0047534460481699625,1.7085025979758488,54.45359651269636,54.402058484773754,54.45116982596024,54.31267940330557,54.450203101110226,54.39793870858488,54.4500132078577,54.4093911324761,54.44884306664819,54.36718400565468
195.0,8.114525139664803,8.114525139664803,0.0,-1,54.479826239647636,0.004694478551591885,2.27892730526972,54.479826239647636,54.44639434522151,54.477463271816845,54.3913963223247,54.476485347520104,54.435546648164404,54.47626664816838,54.43858945979717,54.475131761096044,54.38954184507255
196.0,8.081936685288639,8.081936685288639,0.0,-1,54.50602323278892,0.004637133649318059,3.678128188389735,54.50602323278892,54.50326733374889,54.50372171100189,54.50472585429515,54.50273352684394,54.49474968100362,54.502487360264944,54.498838490738976,54.5013860991396,54.505181921921036
197.0,8.0703677839851,8.0703677839851,0.1,-1,54.53210506304176,0.0045813473863205445,4.58858440523817,54.53210506304176,54.53087745353167,54.52986280436475,54.53541963868012,54.5288652538113,54.524614390269754,54.528592903688015,54.530804060217974,54.52752371565544,54.54930053281164
198.0,8.049348230912475,8.049348230912475,0.0,-1,54.516374864529055,0.027322882356195066,4.019145230960214,54.516374864529055,54.51102321036323,54.50849319878227,54.50379778564624,54.501787854312454,54.496981231767435,54.495789699359264,54.50144624697411,54.48905198217286,54.52501729626527
199.0,8.049348230912475,8.049348230912475,0.0,-1,54.54224921538625,0.027083207724508895,4.8317987071366115,54.54224921538625,54.547621686761616,54.53451604904697,54.55584105929774,54.527803013487706,54.52734853897254,54.52178114004418,54.52404228797401,54.51516600766174,54.52872523256867
200.0,8.049348230912475,8.049348230912475,0.1,-1,54.56812590817069,0.02684797733024169,6.316212265664746,54.56812590817069,54.58904074849517,54.560536246059506,54.61745960004246,54.553817817287424,54.55755741207528,54.5477748866526,54.54021481723158,54.54127793084045,54.50791203535555
201.0,8.016759776536311,8.016759776536311,0.1,-1,54.55215491042572,0.04936449820832678,4.348663013421055,54.55215491042572,54.538585547463185,54.53901899979652,54.51093764190075,54.52661051075784,54.521265553599385,54.51486074388128,54.52761235911068,54.502790412217394,54.56934859360017
202.0,8.016759776536311,8.016759776536311,0.0,-1,54.53601183716393,0.0716498151665661,3.7910882323236614,54.53601183716393,54.51983870234518,54.517430293548806,54.482772284895596,54.499346185595485,54.48946222720216,54.48190444062379,54.48844390328746,54.46436202199737,54.50943844592512
203.0,8.016759776536311,8.016759776536311,0.1,-1,54.561594850526504,0.07105758788962646,4.3150693030836935,54.561594850526504,54.529674016423876,54.54332609352842,54.47120026441838,54.525244361557874,54.507560424186906,54.50779043501648,54.516532683353965,54.49053726263688,54.554806217587846
204.0,8.044785847299812,8.044785847299812,0.0,-1,54.54534712927835,0.09312666939643321,4.083230817930609,54.54534712927835,54.51165556271336,54.52171917775201,54.44926279295671,54.49798250159663,54.48146957294159,54.47485803979289,54.48887513164822,54.452220459881914,54.53255952833966
205.0,8.014315642458099,8.014315642458099,0.0,-1,54.57094711053097,0.09236817813470566,4.2837170428419045,54.57094711053097,54.54402130728653,54.547704740398174,54.492367001008994,54.52397988353677,54.503958491066975,54.5008533669944,54.50005076142251,54.47857893239627,54.49985166933058
206.0,7.993621973929235,7.993621973929235,0.1,-1,54.59644493320313,0.09162196172741943,5.124930207453879,54.59644493320313,54.582746314844464,54.573575695554574,54.55625073733033,54.5498685581021,54.544133125027344,54.52674620147748,54.54101254945426,54.50482297147571,54.563700653915255
207.0,8.033216945996275,8.033216945996275,0.1,1,54.579963747051394,0.11349439381840654,4.85618197355951,54.579963747051394,54.57150807771884,54.55180392577456,54.541832494182025,54.52247015996955,54.50474857268987,54.49370665277266,54.476039676543195,54.46646935323299,54.41211337543494
208.0,8.049348230912475,8.049348230912475,0.1,1,54.540766742594315,0.08953391467714766,2.8181564520512437,54.540766742594315,54.55187925994814,54.51881194216182,54.55862268136541,54.49527192727207,54.491079876980585,54.47228800952258,54.459564997493565,54.45123282791717,54.39862046225048
209.0,8.049348230912475,8.049348230912475,0.1,1,54.50181409213124,0.06582855572064261,2.9786550121334443,54.50181409213124,54.52301892897157,54.48594236587815,54.54941399962316,54.46819002831862,54.472006447865375,54.45097997821487,54.44227276460312,54.4359855364106,54.390619535381404
210.0,8.049348230912475,8.049348230912475,0.1,1,54.46304587686311,0.042373773692233385,3.276637544739654,54.46304587686311,54.475393498952954,54.453139441879614,54.489938478711096,54.44116682736549,54.437811676954816,54.429723033660984,54.41485661359448,54.42067210317088,54.36510809635369
211.0,8.049348230912475,8.049348230912475,0.0,1,54.424459770383166,0.019165171495544087,2.615629723810728,54.424459770383166,54.44099504434142,54.42040483111445,54.467473648618785,54.41420220769733,54.41800069601067,54.408515272954595,54.40302458027448,54.40529459888762,54.3800379532149
212.0,8.049348230912475,8.049348230912475,0.0,1,54.45039720686863,0.01904589286699121,2.2054998628686966,54.45039720686863,54.43283450518926,54.44637353572325,54.40030259593294,54.44021457645414,54.41271569941009,54.43455961998492,54.40148457181094,54.43135131400164,54.345306026628975
213.0,8.023440409683426,8.023440409683426,0.0,1,54.47633504659185,0.018927329623757316,3.2222719463990686,54.47633504659185,54.481331753842106,54.47234233417484,54.4919866643254,54.46622664424773,54.46889607242903,54.46060353613838,54.465122546588745,54.45740771696809,54.480349632571475
214.0,8.017085661080072,8.017085661080072,0.0,1,54.50218111927426,0.018809478640001487,4.7511754226988225,54.50218111927426,54.50719983501458,54.498219059862734,54.52000181872191,54.492146250214596,54.50291999696761,54.48655486028506,54.50836595800733,54.48337164063426,54.56318825060813
215.0,8.049348230912475,8.049348230912475,0.0,1,54.528004994853134,0.01869233675136428,4.341050662539624,54.528004994853134,54.53035499610951,54.524073286370005,54.53357567734003,54.51804297354831,54.516489084380225,54.5124831713563,54.51127479262048,54.50931265810177,54.51126768993121
216.0,8.049348230912475,8.049348230912475,0.1,1,54.553944044644325,0.01857590075766069,4.835705637807752,54.553944044644325,54.55466815804624,54.550042388630764,54.55612950948261,54.544054194665016,54.54478258816178,54.53852584951099,54.54393897195918,54.535368143886664,54.56075949744117
217.0,8.028002793296087,8.028002793296087,0.0,1,54.51964452378247,0.004385953459191683,4.106345014726086,54.515258570323276,54.51835286922337,54.51709658982981,54.52692719560964,54.516864591942365,54.51464325690273,54.51708102392908,54.51333013626688,54.51964452378247,54.51127615747696
218.0,8.045111731843575,8.045111731843575,0.1,1,54.54553006693761,0.00431379360563966,4.245697414231047,54.54121627333197,54.5657570486656,54.542990223287205,54.60690865391638,54.54279951359395,54.55558128835588,54.54304707243216,54.545805075777935,54.54553006693761,54.54020856168923
219.0,8.016759776536311,8.016759776536311,0.1,1,54.529676829482355,0.027040408917486047,3.417361237281842,54.50263642056487,54.546121281541915,54.51004666923734,54.61527808744704,54.515597211707224,54.53222457944042,54.52157513976706,54.50946435391053,54.529676829482355,54.45861064455551
220.0,8.016759776536311,8.016759776536311,0.1,1,54.51366514983987,0.049533144698997944,3.8770854887592994,54.464132005140875,54.48932580349455,54.47707562804602,54.529938895028984,54.488353053745556,54.49091409713615,54.500047252388555,54.477990608089264,54.51366514983987,54.42913729987856
221.0,8.016759776536311,8.016759776536311,0.0,1,54.49759791209352,0.07179587651792474,3.5160399488228142,54.42580203557559,54.46193985743326,54.444179470960854,54.52284702617164,54.46116799479009,54.47211536840353,54.47856294249486,54.46055585270036,54.49759791209352,54.42035540038461
222.0,8.016759776536311,8.016759776536311,0.1,1,54.52317363761593,0.07118252611689968,3.2531259325789397,54.451991111499034,54.499128387753444,54.470044491351686,54.56995573321605,54.48706244845866,54.49766139074223,54.50447762014635,54.47163952863818,54.52317363761593,54.38984414672986
223.0,8.016759776536311,8.016759776536311,0.0,1,54.50700250027592,0.09323121277595448,3.6526116504640904,54.41377128749996,54.459056705170234,54.43717395174267,54.52885273056611,54.459879876913405,54.47187106933919,54.48297315334913,54.453798225661025,54.50700250027592,54.39306997410307
224.0,8.016759776536311,8.016759776536311,0.0,1,54.532496351587554,0.09245359788900487,4.538558631595065,54.44004275369855,54.49271311685973,54.463050324958225,54.57530534864001,54.48577402303726,54.51713163090437,54.50887629534367,54.5113974576048,54.532496351587554,54.522449599097264
225.0,8.028980446927372,8.028980446927372,0.1,-1,54.557996813109185,0.09168917031370682,5.532379907767709,54.46630764279548,54.50182835114034,54.48893336699683,54.55637635652923,54.511667925441124,54.54075151244017,54.53477247999407,54.552350471036455,54.557996813109185,54.613670711235976
226.0,8.049348230912475,8.049348230912475,0.1,-1,54.518913402739386,0.06793256912618517,3.1646947768297764,54.4509808336132,54.45872693345661,54.467486822845395,54.46254734595924,54.484474840277755,54.49683678220176,54.5018236664848,54.516911790299424,54.518913402739386,54.58798532898276
227.0,8.023114525139663,8.023114525139663,0.1,-1,54.480088017586596,0.04442846802717071,3.6362720832556357,54.435659549559425,54.44626469162596,54.44616554281648,54.448834636861086,54.457413231724786,54.4697231320499,54.469012770237995,54.481708104743156,54.480088017586596,54.53468884579824
228.0,8.048696461824951,8.048696461824951,0.0,-1,54.44135233950762,0.021172386467725346,3.446783105330966,54.42017995303989,54.445966569894125,54.42480160501941,54.467667432619386,54.43031702932698,54.45475535201419,54.43617556656536,54.45778112161439,54.44135233950762,54.509142646444126
229.0,8.02441806331471,8.02441806331471,0.0,-1,54.46726899715376,0.02101174809502737,3.2863726412262735,54.44625724905873,54.463616177034204,54.45081778503995,54.46863444371824,54.456324181669075,54.46959385387677,54.46216591675698,54.470348652229475,54.46726899715376,54.494415594087286
230.0,8.034683426443202,8.034683426443202,0.1,-1,54.49310038293727,0.020853319814797544,4.7590238888232435,54.472247063122474,54.52489655831094,54.476748339011586,54.586328448136776,54.482244726553354,54.523857380195054,54.488068854269336,54.51571445436599,54.49310038293727,54.55237602918791
231.0,8.016759776536311,8.016759776536311,0.0,-1,54.456630611701264,0.0021540312864587463,3.2697792044772704,54.456630611701264,54.47680458068408,54.45536318618098,54.47667583845664,54.45513525098828,54.472427153850184,54.455226918033546,54.46909018361577,54.454476580414806,54.49429182479312
232.0,8.045437616387336,8.045437616387336,0.0,-1,54.48249764793186,0.0021209514609026314,5.016107905334216,54.48249764793186,54.53449707332623,54.48126804269501,54.57901444182545,54.48102830543695,54.508417076200004,54.481100928743665,54.47935663960807,54.480376696470955,54.43769358603
233.0,8.04625232774674,8.04625232774674,0.0,-1,54.508467217974925,0.0020889196516478137,6.710635076999287,54.508467217974925,54.57774402189431,54.507273999460274,54.64664892983807,54.507023154938615,54.54980034149158,54.507077593416874,54.51715117904645,54.50637829832328,54.48982768051675
234.0,8.016759776536311,8.016759776536311,0.1,-1,54.534440186942795,0.002057893205176242,4.6448864224459365,54.534440186942795,54.56406212519282,54.53328197998438,54.56981245170602,54.533020690798274,54.55847364596914,54.53305776743521,54.55218737833084,54.53238229373762,54.58232716371625
235.0,8.016759776536311,8.016759776536311,0.1,-1,54.51853193466916,0.024829136011625508,4.890890461713619,54.51853193466916,54.555449766641416,54.51170849204745,54.567311104972624,54.50573651392542,54.538652631097634,54.500055493157426,54.527147402575714,54.49370279865754,54.561270848105046
236.0,8.016759776536311,8.016759776536311,0.0,-1,54.502565453120155,0.04736496847019822,3.3032021100061932,54.502565453120155,54.50282199512641,54.49018121203529,54.44919452228329,54.47851157218916,54.48183865303097,54.46712566520118,54.474646596286696,54.45520048464996,54.48703722870306
237.0,8.016759776536311,8.016759776536311,0.0,-1,54.528250145801024,0.0469664323826251,5.016753715240106,54.528250145801024,54.55700781921765,54.516080651140385,54.548658626036456,54.50440394750635,54.52161382389519,54.493004547899574,54.49748403111632,54.4812837134184,54.475589596374874
238.0,8.02229981378026,8.02229981378026,0.0,-1,54.5539382627899,0.046574767025475694,5.5690919529190595,54.5539382627899,54.57737839779668,54.54197635751058,54.559636964406224,54.53029612111682,54.54161685795103,54.518886905601505,54.51703978348356,54.50736349576442,54.48536644809642
239.0,8.049348230912475,8.049348230912475,0.1,-1,54.579649394604296,0.04618974159203759,5.426938319056186,54.579649394604296,54.61989619861568,54.56788821422163,54.63303300182912,54.55620780326119,54.590223008448945,54.544792272410156,54.57180169176392,54.53345965301226,54.593334678732724
240.0,8.049348230912475,8.049348230912475,0.1,-1,54.56358497211055,0.06851658608158573,5.389037877104712,54.56358497211055,54.5804953847181,54.54634203369633,54.549755105683225,54.52898856709759,54.54579973625682,54.511893403677725,54.52989264846545,54.49506838602896,54.54323637668815
241.0,8.049348230912475,8.049348230912475,0.0,-1,54.54746566304651,0.09061502347261552,5.387426342522911,54.54746566304651,54.57352316253388,54.52483960628644,54.55165060962119,54.50182843417161,54.52244793709048,54.47906915162367,54.49504428631436,54.456850639573894,54.48788996823836
242.0,8.016759776536311,8.016759776536311,0.1,1,54.57309829090796,0.08987982790646498,5.581733782587746,54.57309829090796,54.61520640770565,54.55083685893841,54.61966909020906,54.527836130076935,54.56275417203995,54.50508158353127,54.53303343730968,54.48321846300149,54.53863730902495
243.0,8.016759776536311,8.016759776536311,0.1,1,54.53395434485485,0.06615544502508897,3.0956931891915787,54.53395434485485,54.559080264891094,54.517795548304036,54.535925571574474,54.500562376385666,54.510413731287784,54.48356927415551,54.4779243452133,54.46779889982976,54.42431832421069
244.0,8.031750465549347,8.031750465549347,0.1,1,54.4949955640305,0.042682525807045124,3.127129876809844,54.4949955640305,54.504364473569645,54.48482060625637,54.460469170286345,54.47334785743798,54.46567137830328,54.462109217466754,54.4372298126458,54.45231303822346,54.36036743437306
245.0,8.027351024208565,8.027351024208565,0.1,1,54.456272922863,0.01945663292689659,2.9473405388346805,54.456272922863,54.48426554633888,54.45196704346974,54.476651420489375,54.446245771257146,54.44910379660723,54.440752795067354,54.41614386079175,54.436816289936104,54.33256112853471
246.0,8.016759776536311,8.016759776536311,0.0,1,54.42124159272324,0.003526529060060568,2.3245917243353076,54.41771506366318,54.43557354986439,54.41916736767457,54.42482918457553,54.41918691268635,54.432315450650435,54.41942908523712,54.428182336411176,54.42124159272324,54.441814849713104
247.0,8.016759776536311,8.016759776536311,0.1,1,54.44709984102831,0.0034730047426023702,3.247675677484862,54.44362683628571,54.49176367190995,54.445031841692376,54.52402985129293,54.445078525616985,54.46660152067122,54.445342792894685,54.43666051169374,54.44709984102831,54.38102515606097
248.0,8.016759776536311,8.016759776536311,0.0,1,54.43137180147592,0.026219396206158763,1.9205452727229066,54.40515240526976,54.41616227172619,54.41221049981618,54.39347991204256,54.41798436181663,54.414043022550416,54.4239704046959,54.4037980221036,54.43137180147592,54.362736365625594
249.0,8.016759776536311,8.016759776536311,0.0,1,54.457138428969635,0.025982342886344156,2.602355165354297,54.43115608608329,54.453443037480575,54.438077413969836,54.45293217035256,54.44387580862929,54.454285192055224,54.44988157669479,54.44716581261205,54.457138428969635,54.43910387925489
250.0,8.016759776536311,8.016759776536311,0.0,1,54.482907318381294,0.025749901467747804,2.845708737869705,54.457157416913546,54.461410306781914,54.46394686472497,54.43309456612222,54.469767068837925,54.46789034698366,54.475789947817304,54.46819714629119,54.482907318381294,54.464851731474035
251.0,8.016759776536311,8.016759776536311,0.0,1,54.50867839161512,0.025521908837198737,3.6739694294883405,54.48315648277792,54.50298336966134,54.48981873222957,54.49783469347602,54.49565814913364,54.49576472451714,54.50169564882885,54.48032432634623,54.50867839161512,54.4306180390795
252.0,8.016759776536311,8.016759776536311,0.0,1,54.5344515739994,0.025298208664359834,3.8643889371922313,54.50915336533504,54.51568979460591,54.515692902064856,54.493087515144516,54.52154905616699,54.519201587904305,54.5275988050365,54.516412143341206,54.5344515739994,54.50487931903885
253.0,8.016759776536311,8.016759776536311,0.1,1,54.56022679414085,0.025078651111968497,4.075266887280229,54.535148143028884,54.5786147078193,54.54156926501134,54.61527429774978,54.5474397965489,54.570943831550984,54.553499536523454,54.554349658894566,54.56022679414085,54.53846386885134
254.0,8.016759776536311,8.016759776536311,0.0,1,54.544171184957946,0.047614396694399375,5.615450103298651,54.49655678826355,54.50466713919614,54.50855111092966,54.493606409728834,54.52012246389464,54.52894733405474,54.53187832739828,54.54275739227445,54.544171184957946,54.58789804542453
255.0,8.016759776536311,8.016759776536311,0.1,1,54.56985722364877,0.04721622523929625,4.97260815524784,54.52264099840947,54.5466336612293,54.534431748189625,54.55854090416203,54.54601306037131,54.558001534082216,54.55777470259746,54.5574260761518,54.56985722364877,54.559585493689575
256.0,8.016759776536311,8.016759776536311,0.1,-1,54.553692906307326,0.06952806134178502,5.777854771931179,54.48416484496554,54.51312662781168,54.50143469435801,54.540911117311836,54.51869868575513,54.541235545272045,54.53613852975355,54.55261264156615,54.553692906307326,54.595038959334985
257.0,8.016759776536311,8.016759776536311,0.1,-1,54.51466830928553,0.04600035445598394,3.120337646410006,54.46866795482955,54.48897230880313,54.47991562764672,54.5006905136163,54.49144365743763,54.51842841278436,54.50314317356313,54.53976679960107,54.51466830928553,54.628862081176024
258.0,8.016759776536311,8.016759776536311,0.1,-1,54.47582741677563,0.022721323864118403,3.033513066577332,54.45310609291151,54.45687565658964,54.45844809089043,54.43779068208847,54.46424785358292,54.48130949966893,54.4702148447589,54.506117541467006,54.47582741677563,54.597287338566204
259.0,8.016759776536311,8.016759776536311,0.0,-1,54.4374813154991,0.0004511219456091453,2.830422555907525,54.4374813154991,54.45389869476444,54.43703019355349,54.44589785108005,54.43711115253942,54.450688246672115,54.437355187881046,54.45204636490215,54.43716792214018,54.471062483128705
260.0,8.016759776536311,8.016759776536311,0.0,-1,54.463361807958094,0.0004350030171593744,3.9924414495447715,54.463361807958094,54.49392543724788,54.462926804940935,54.51021909271586,54.46300171435308,54.4907085656571,54.46323600528933,54.491792394831904,54.46305888052201,54.52933435721187
261.0,8.016759776536311,8.016759776536311,0.0,-1,54.48924246050428,0.00041951178454979754,4.855310342250702,54.48924246050428,54.53511973169115,54.48882294871973,54.567492940792455,54.48889211142108,54.51127278808689,54.489117044533145,54.48826024600617,54.48894956847817,54.440867260586025
262.0,8.016759776536311,8.016759776536311,0.0,-1,54.51512326775218,0.0004046227012821646,5.962027576260497,54.51512326775218,54.56661717422436,54.5147186450509,54.60309485417095,54.5147823500211,54.53674026164175,54.51499829610964,54.50564604912962,54.5148399989841,54.435960109230685
263.0,8.016759776536311,8.016759776536311,0.1,-1,54.54100422473507,0.000390311286089684,6.451806017103637,54.54100422473507,54.59510250142052,54.54061391344898,54.6349866584329,54.54067243639963,54.57104813550021,54.54087975114312,54.54538775782603,54.54073018464666,54.509535827560605
264.0,8.016759776536311,8.016759776536311,0.0,-1,54.525094279067964,0.023070368385205597,4.741848903751404,54.525094279067964,54.54843599854722,54.51901712913092,54.53147949195856,54.51336916237663,54.522007818381816,54.50786629307187,54.50141190657258,54.50202391068276,54.46325290179986
265.0,8.016759776536311,8.016759776536311,0.1,-1,54.55088224394869,0.022874955929488294,4.087909157605755,54.55088224394869,54.579362145261356,54.54491176082524,54.57945668195039,54.53925913668261,54.57240745362385,54.53374832252466,54.57378108645349,54.528007288019204,54.64089220961057
266.0,8.016759776536311,8.016759776536311,0.1,-1,54.5348593651678,0.0454390442447874,4.44358200308698,54.5348593651678,54.59285887814892,54.52330349920084,54.635122411836036,54.51195882262853,54.5715378811532,54.50075243505474,54.56348040988279,54.48942032092301,54.64704410659253
267.0,8.016759776536311,8.016759776536311,0.1,-1,54.518779814033635,0.06777089350360654,4.760835267723742,54.518779814033635,54.55352611365238,54.50174051625423,54.54838725048837,54.484717841317504,54.523491900671644,54.46783002181822,54.51401410900353,54.45100892053003,54.56830001357831
268.0,8.016759776536311,8.016759776536311,0.0,-1,54.50264539028534,0.08987435327570381,3.7363166309814564,54.50264539028534,54.51902910059479,54.48022127786301,54.476944011276174,54.457536070545,54.47789918725499,54.43498237035752,54.464105446740284,54.412771037009634,54.48493453248216
269.0,8.016759776536311,8.016759776536311,0.0,-1,54.52816556831684,0.08914258613657466,4.928379128892333,54.52816556831684,54.55671423415335,54.506104803177145,54.532663883103424,54.483426032296734,54.505303828546126,54.460875789007765,54.47953266990944,54.43902298218026,54.46253248151955
270.0,8.016759776536311,8.016759776536311,0.1,1,54.55369160286901,0.08842265361717949,5.51045620788266,54.55369160286901,54.588835214117964,54.531982376880094,54.575934064639696,54.509315844895276,54.53709031859803,54.486774928472194,54.51032494072261,54.46526894925183,54.498713360417
271.0,8.016759776536311,8.016759776536311,0.1,1,54.514598926301225,0.06471634380443447,3.520577448350191,54.514598926301225,54.54574511992115,54.49897850921003,54.53037559656753,54.48208040579955,54.503014602687315,54.46530479906641,54.478864624523595,54.44988258249679,54.452739653536206
272.0,8.016759776536311,8.016759776536311,0.1,1,54.47569108049111,0.0412610844453738,3.705164059030714,54.47569108049111,54.51977155231646,54.466041173328705,54.53096918038258,54.454904170870606,54.48626264167331,54.443886623645724,54.46433839558934,54.434429996045736,54.44921843774841
273.0,8.016759776536311,8.016759776536311,0.0,1,54.436965729753986,0.018052453458921036,3.34570561003994,54.436965729753986,54.482784832393754,54.433172049221874,54.502847762611005,54.427787017981046,54.46535746240542,54.42251847604665,54.45394101294094,54.418913276295065,54.469004473109635
274.0,8.016759776536311,8.016759776536311,0.0,1,54.46279146214836,0.01793115395435052,3.2925894891384706,54.46279146214836,54.489380911982906,54.459033887284434,54.47540179122788,54.45367685489475,54.47268717475865,54.44843367253915,54.46273217109581,54.44486030819401,54.453417022944855
275.0,8.016759776536311,8.016759776536311,0.1,1,54.48861768052553,0.01781096829652995,3.76759399086697,54.48861768052553,54.525718666043744,54.4848954864968,54.52722315854573,54.47956654259486,54.501959775537536,54.47434886925379,54.48348548331014,54.470806712229,54.45274318421022
276.0,8.016759776536311,8.016759776536311,0.0,1,54.45511392327185,0.005152585162583989,3.692086424949856,54.44996133810927,54.423686024033216,54.451983353450835,54.33581233609351,54.45239559325945,54.441095769655035,54.45291634092259,54.46447674988617,54.45511392327185,54.50283267111218
277.0,8.016759776536311,8.016759776536311,0.0,1,54.48096572178666,0.005083407788475824,3.8352758475509403,54.475882313998184,54.47028022576757,54.47784478865023,54.420420919885586,54.47828519852183,54.47832879702251,54.47883165781435,54.49159583417719,54.48096572178666,54.51170108260096
278.0,8.041852886405957,8.041852886405957,0.0,1,54.506818460358275,0.005016247882309699,6.152362628240361,54.501802212475965,54.514423693004645,54.50370756052364,54.500538109358715,54.50417466219702,54.52602206894099,54.50474541055924,54.54341489507854,54.506818460358275,54.606585779061184
279.0,8.017248603351954,8.017248603351954,0.1,1,54.53276136226442,0.004951024812164917,6.609503542144735,54.52781033745225,54.52332975481764,54.529660869591126,54.48377545848327,54.53015324953061,54.539139113609515,54.53074692786621,54.562773254994,54.53276136226442,54.62187772950775
280.0,8.023277467411544,8.023277467411544,0.0,1,54.516844467836115,0.02768268227739412,4.957255414206182,54.48916178555872,54.512059645473144,54.49665713783673,54.52098148149882,54.50287381862349,54.5233694878186,54.50918928270156,54.53431953663197,54.516844467836115,54.55534657728596
281.0,8.049348230912475,8.049348230912475,0.0,1,54.54262978005083,0.027434299736853518,4.96492197066116,54.51519548031398,54.533683583673906,54.522546988564855,54.53371672199656,54.5287862517663,54.54192881722871,54.535122060157335,54.549549756580284,54.54262978005083,54.54868994822654
282.0,8.049348230912475,8.049348230912475,0.1,1,54.56851016695744,0.02719069300948007,4.850016507376679,54.54131947394796,54.568205328768855,54.54853222484059,54.581376809930944,54.55479130531864,54.5734245244505,54.56114474359365,54.57713462860034,54.56851016695744,54.572894856269976
283.0,8.049348230912475,8.049348230912475,0.1,1,54.5525420090391,0.04969841079171289,5.125871451273113,54.50284359824739,54.54554598037603,54.5156082440002,54.58922112444201,54.52757235519154,54.55984202045292,54.53962848140421,54.56571060449071,54.5525420090391,54.577339795502986
284.0,8.047392923649905,8.047392923649905,0.0,1,54.536517668061784,0.0719752655164001,5.351669556014895,54.46454240254538,54.488329608400676,54.482758375656914,54.506178644343656,54.50041257739324,54.520725227537156,54.51815650954419,54.54039884149668,54.536517668061784,54.56553875541512
285.0,8.016759776536311,8.016759776536311,0.1,-1,54.562213263816446,0.07137560884202543,5.169156203099818,54.49083765497442,54.496864729551085,54.50874578000411,54.48847763183348,54.52641066265989,54.53845641798099,54.54416324274069,54.56959219482181,54.562213263816446,54.61721525635702
286.0,8.016759776536311,8.016759776536311,0.1,-1,54.52316200829433,0.047825299289108614,3.622717830581089,54.47533670900522,54.47495391517564,54.487206915300725,54.45126025667143,54.499137412132235,54.50302216993994,54.511153428983825,54.52705327870012,54.52316200829433,54.550382730562475
287.0,8.016759776536311,8.016759776536311,0.0,-1,54.48429471374687,0.02452417323024747,3.4338951617142284,54.45977054051662,54.47749421097228,54.465719906004004,54.47638039467835,54.47192346006573,54.48235631611358,54.47821041080536,54.48697980431581,54.48429471374687,54.47103743324525
288.0,8.016759776536311,8.016759776536311,0.1,-1,54.51008271539187,0.02432688959237339,3.9715235546665695,54.485755825799494,54.47240189739514,54.49161182281604,54.424512213088654,54.49781257686322,54.48965483452536,54.50409483810229,54.50934063642854,54.51008271539187,54.5140346060088
289.0,8.016759776536311,8.016759776536311,0.0,-1,54.47134253888935,0.0012741055884291086,2.512044955762521,54.47006843330092,54.44760158599044,54.470119914658284,54.37940257724243,54.470601441395736,54.444756501346845,54.47116245161727,54.44951175613971,54.47134253888935,54.393645820144464
290.0,8.016759776536311,8.016759776536311,0.1,-1,54.49722734117651,0.0012703091815424727,3.9604357522307305,54.49595703199497,54.476327837848864,54.49601471964661,54.423128773844894,54.496490499165205,54.48618052978093,54.49704396134295,54.5052345987329,54.49722734117651,54.51992920722383
291.0,8.016759776536311,8.016759776536311,0.0,-1,54.48015242831497,0.02154217646408796,4.217309182297516,54.48015242831497,54.50264684911003,54.47451445564029,54.509224471805844,54.469282177396565,54.477643013700124,54.464125653063206,54.46292218152224,54.458610251850885,54.4117457247748
292.0,8.016759776536311,8.016759776536311,0.0,-1,54.50594775748855,0.021359324643974276,4.416194435136591,54.50594775748855,54.51724664604429,54.500408866539416,54.50764016499951,54.49517117914996,54.50153741875162,54.49000752934661,54.49685084115222,54.484588432844575,54.477463211482224
293.0,8.016759776536311,8.016759776536311,0.0,-1,54.531744612950455,0.02117967604879567,5.127040948479854,54.531744612950455,54.536747523704214,54.52630146629551,54.51137664394003,54.52106005467766,54.507429034142106,54.51589100320825,54.48685855500896,54.51056493690166,54.39021262738648
294.0,8.023603351955305,8.023603351955305,0.0,-1,54.5575429448909,0.02100312228029111,5.660363436249427,54.5575429448909,54.55805841670174,54.552192342151564,54.52795740790947,54.546948809522256,54.53252287526372,54.54177599760923,54.51531422259559,54.53653982261061,54.43409543710539
295.0,8.049348230912475,8.049348230912475,0.0,-1,54.58336704493191,0.02082955941059339,5.494774206584303,54.58336704493191,54.56122880033569,54.578105916949205,54.497332754925104,54.57286178839683,54.54146832731056,54.56768677827298,54.53086708712729,54.56253748552132,54.45004045942634
296.0,8.02849162011173,8.02849162011173,0.1,-1,54.6092841177582,0.02065888779151237,4.1743991189565595,54.6092841177582,54.56652167945064,54.60410952100937,54.48135583390458,54.598866246911776,54.56848365849712,54.59369052525775,54.58313107663393,54.58862522996669,54.58588262801871
297.0,8.044622905027932,8.044622905027932,0.1,1,54.59318897757145,0.043251915638848004,5.757961825228459,54.59318897757145,54.61221573967735,54.582407884331836,54.622107450359984,54.57147678829895,54.581998974595045,54.56061156748247,54.56550223509273,54.5499370619326,54.543292975709036
298.0,8.049348230912475,8.049348230912475,0.1,1,54.55428857831775,0.02000044933624423,4.9088214296224315,54.55428857831775,54.53885936392192,54.54940663433366,54.50056232514795,54.54420426318343,54.53269398941595,54.53906613166591,54.536911680565325,54.53428812898151,54.53552507672268
299.0,8.049348230912475,8.049348230912475,0.0,1,54.518593418747656,0.0030071337552826094,4.8180056483674205,54.515586284992374,54.51126757338996,54.51649117099334,54.498214946772656,54.51700784923339,54.51242743207099,54.51758717213196,54.51738786932957,54.518593418747656,54.516292843738924
300.0,8.049348230912475,8.049348230912475,0.1,1,54.54458043416907,0.0029758020630978876,3.5945655240105863,54.54160463210597,54.56631268188107,54.54248831873262,54.59560421220394,54.543012388385016,54.54968714840901,54.543597683385805,54.5331540105069,54.54458043416907,54.482611247038975
301.0,8.07264897579143,8.07264897579143,0.1,1,54.52876892972067,0.025744514166987642,4.1234632566456195,54.50302441555368,54.526531030089984,54.509587243339595,54.55824232181824,54.51581851774845,54.52431309890152,54.522109497372405,54.515940057887924,54.52876892972067,54.48525940239929
302.0,8.081936685288639,8.081936685288639,0.1,1,54.51298172920705,0.0482776022891116,4.16309654995319,54.46470412691794,54.48822471682022,54.47684111539793,54.52218385117808,54.48876671363241,54.494309991738106,54.50075053469163,54.48744009025977,54.51298172920705,54.44785546560406
303.0,8.086662011173182,8.086662011173182,0.0,1,54.497170639580986,0.07057901936218514,3.4957604805413727,54.4265916202188,54.433870768578636,54.444201247932746,54.44635790020633,54.461806807749966,54.45670489863553,54.479469144807396,54.461671917396295,54.497170639580986,54.43446453573959
304.0,8.126256983240221,8.126256983240221,0.0,1,54.52301698213288,0.07000011802858808,4.13677776244081,54.45301686410429,54.46409540699901,54.470337727509424,54.480989684572066,54.48794428484041,54.481974561477735,54.50560633303798,54.48100889736158,54.52301698213288,54.436616592543245
305.0,8.147113594040967,8.147113594040967,0.0,1,54.54900904003915,0.06943071899825526,5.071309714373039,54.4795783210409,54.48375134819329,54.49661990467141,54.491882004133224,54.51422268798309,54.50965917685642,54.53187970493272,54.517840382022776,54.54900904003915,54.50741426780578
306.0,8.172858472998136,8.172858472998136,0.1,1,54.57507995151849,0.0688705105134062,6.404307551023149,54.50620944100508,54.4930986024111,54.522980840184516,54.47737309019031,54.54057531213995,54.530758738200426,54.55822278898933,54.55325454850076,54.57507995151849,54.580434236342526
307.0,8.17970204841713,8.17970204841713,0.1,1,54.55938197459055,0.09097538275349848,8.93811929457025,54.46840659183705,54.43277101573744,54.49058154576753,54.39439079068554,54.5138266217865,54.499158257217395,54.5371233866692,54.54897628117523,54.55938197459055,54.63990220904632
308.0,8.186871508379886,8.186871508379886,0.1,-1,54.54365404555005,0.1128551035393528,4.193087935939211,54.430798942010696,54.37618932859684,54.458281176961336,54.31685155161719,54.48716051227587,54.45494315932501,54.51609025309916,54.51418024480641,54.54365404555005,54.59073115764411
309.0,8.212290502793294,8.212290502793294,0.1,-1,54.505093203438484,0.08890176885559242,3.2235911187236983,54.41619143458289,54.400323196675785,54.437484887434415,54.399525845517985,54.460577975719204,54.4489167761367,54.4837202180217,54.48144371397669,54.505093203438484,54.51339662625545
310.0,8.2334729981378,8.2334729981378,0.1,-1,54.466808420698364,0.06520341506778493,2.9537242433593383,54.40160500563058,54.351447211284736,54.4168311783528,54.2930370808726,54.43414396741181,54.39924389648726,54.45150469007028,54.440128327458716,54.466808420698364,54.47460707645687
311.0,8.27306797020484,8.27306797020484,0.1,-1,54.42878202513986,0.04175550365781788,3.36085370293741,54.38702652148204,54.35047372613557,54.39630276577437,54.313465431818756,54.4078430854328,54.38294796693165,54.41943014857371,54.41420922753414,54.42878202513986,54.4439382571672
312.0,8.280074487895714,8.280074487895714,0.0,-1,54.39107734989757,0.018553642067210774,2.100672656971687,54.37252370783036,54.350198076274665,54.37596340107214,54.32965865597193,54.38174086018081,54.35761350115844,54.38756390220392,54.36755435462337,54.39107734989757,54.34280998428097
313.0,8.310055865921786,8.310055865921786,0.0,-1,54.417846627851155,0.01843965014974458,2.8130285733270703,54.39940697770141,54.38413501001746,54.402828605609045,54.37767680339902,54.40856848596987,54.39242100665586,54.41435291649747,54.402767224554346,54.417846627851155,54.39348861783299
314.0,8.326675977653629,8.326675977653629,0.0,-1,54.44472328612532,0.01832627796447639,3.622418577800108,54.42639700816084,54.4174785642032,54.429800546994066,54.422413373815594,54.43550315158474,54.42558534896681,54.44124929699308,54.435195231258184,54.44472328612532,54.43429597652527
315.0,8.34264432029795,8.34264432029795,0.0,-1,54.47165958977745,0.01821352566914669,5.1191428403806,54.453446064108306,54.470303275527996,54.456831495872386,54.51522049342875,54.462497122697876,54.47002707465573,54.46820530386035,54.468715515664165,54.47165958977745,54.460833844807254
316.0,8.373277467411544,8.373277467411544,0.1,-1,54.498653229590765,0.01810139324717852,4.934923220043409,54.48055183634359,54.49209957275004,54.48391914851939,54.525724429460276,54.48954809077899,54.494315569460895,54.49521862324519,54.495291253256404,54.498653229590765,54.49211336446993
317.0,8.38028398510242,8.38028398510242,0.0,-1,54.46610709300953,0.004855209748420464,5.565613722297078,54.46610709300953,54.48647108392903,54.46374752095867,54.52501771752507,54.46362639765755,54.47297857496882,54.463545831943506,54.462408608384735,54.46125188326111,54.443474614528625
318.0,8.407821229050278,8.407821229050278,0.1,-1,54.49325339676374,0.0047789185073412455,5.017784189703294,54.49325339676374,54.50170237224999,54.49096920607109,54.519915917215435,54.49081204987055,54.49555111446805,54.490694532366206,54.49303666591026,54.4884744782564,54.494124419756936
319.0,8.426885474860333,8.426885474860333,0.0,-1,54.47881211516293,0.027500469260516525,5.046376116280254,54.47881211516293,54.477706793170654,54.47090376105036,54.46928448323586,54.465011281178256,54.451977158500874,54.459157455836,54.43432667558635,54.451311645902415,54.37451334271135
320.0,8.440409683426441,8.440409683426441,0.1,1,54.5060343728882,0.02724219068046807,5.619806864731638,54.5060343728882,54.52236627840336,54.49828871960822,54.54317533477387,54.49236382459192,54.49663370718788,54.48647670833132,54.47749636038094,54.478792182207734,54.44254059200464
321.0,8.473486964618248,8.473486964618248,0.1,1,54.46878679072454,0.004124279723399127,5.539531141133251,54.46878679072454,54.459115946064486,54.46691623911838,54.44745135729399,54.46667642574266,54.46410716152918,54.46647345313587,54.47305499121095,54.464662511001144,54.505135011466926
322.0,8.50558659217877,8.50558659217877,0.0,1,54.4505859395783,0.018750808084405435,5.523050098318651,54.4318351314939,54.42062744676292,54.435727487508096,54.41385578178966,54.44116350776662,54.43921298005478,54.44663545409612,54.45686268080786,54.4505859395783,54.50254400039439
323.0,8.520088454376163,8.520088454376163,0.1,1,54.47815542150993,0.01862223014403952,6.390837936829157,54.45953319136589,54.4386182605926,54.463387042209426,54.41764294267701,54.468798344147544,54.460151890407914,54.47424475819995,54.48215455200976,54.47815542150993,54.52852832502058
324.0,8.581191806331468,8.581191806331468,0.0,1,54.464122948760696,0.04126026366961355,5.358736212775768,54.42286268509108,54.406972852361456,54.43237196118092,54.40005155226295,54.44344799580383,54.434548105003735,54.45455827076301,54.456607972553904,54.464122948760696,54.48792030570878
325.0,8.574837057728118,8.574837057728118,0.1,1,54.49187190049448,0.040947559437057635,5.02003926270028,54.45092434105742,54.481460045643765,54.460303405087096,54.54771185339141,54.471354315138335,54.49356367621255,54.482438689762034,54.496526091694996,54.49187190049448,54.51348742224317
326.0,8.60335195530726,8.60335195530726,0.0,1,54.47791571925085,0.06335598246327123,5.589729027706701,54.41455973678758,54.42390856992579,54.429493518811064,54.457828720838876,54.44619501000373,54.45290117268403,54.46292913489683,54.46819289826103,54.47791571925085,54.488681103171594
327.0,8.613291433891991,8.613291433891991,0.1,1,54.50565542576522,0.06286545883282457,6.125437059110412,54.442789966932395,54.44960007199796,54.45750790033378,54.47896263712103,54.47418094616895,54.48192455646666,54.49088588634152,54.50117507245994,54.50565542576522,54.53530516705562
328.0,8.635940409683425,8.635940409683425,0.0,1,54.49172003900245,0.08505126419289155,5.526313711328129,54.40666877480956,54.40103631670516,54.426846947195195,54.413150585238945,54.44915369331461,54.44283628012706,54.47149154188596,54.46629733034818,54.49172003900245,54.47958048335766
329.0,8.659892923649904,8.659892923649904,0.1,1,54.51949099387368,0.08438882490427346,6.543436038268802,54.43510216896941,54.43952040008104,54.454984430718554,54.469712091798364,54.47725679025275,54.48315921581142,54.49955954756861,54.50864603342075,54.51949099387368,54.546648372859806
330.0,8.668528864059589,8.668528864059589,0.0,1,54.50560856361362,0.10635859051943442,5.353855152298977,54.399249973094186,54.41813855998903,54.42450372272292,54.471509809902,54.45239046513452,54.45846552825868,54.48030685059952,54.47256572424108,54.50560856361362,54.462618637527015
331.0,8.701117318435752,8.701117318435752,0.1,-1,54.53341360134217,0.10552976881446341,5.4691977624513415,54.427883832527705,54.4206031159501,54.45276673055551,54.431972964187736,54.480610792856034,54.47230614101181,54.50848382660451,54.50016228671517,54.53341360134217,54.51391107245316
332.0,8.701117318435752,8.701117318435752,0.1,-1,54.49676162032843,0.0816781418156367,3.607140523484498,54.41508347851279,54.403730292613155,54.433851496211055,54.40400503041327,54.45588556693432,54.44562932530009,54.47794788979096,54.47026317269092,54.49676162032843,54.48360539176828
333.0,8.72050744878957,8.72050744878957,0.0,-1,54.46028961936226,0.05807883755291954,4.109574585817574,54.40221078180934,54.38476573630855,54.414982448223064,54.368454783267076,54.43121413631391,54.41048787304468,54.447473375083035,54.42460178214064,54.46028961936226,54.401950293445644
334.0,8.707309124767223,8.707309124767223,0.0,-1,54.48848663030554,0.05765934152502439,4.608090389307844,54.43082728878051,54.42327919448791,54.44344629724467,54.42118612058776,54.459621712356956,54.43767070050186,54.475824053947946,54.43840983016492,54.48848663030554,54.37460762957413
335.0,8.766294227188084,8.766294227188084,0.1,-1,54.51663848766728,0.0572448674970758,5.28881780625219,54.459393620170204,54.4676397174417,54.47186405357054,54.49256686080065,54.487981605306274,54.48106424498995,54.504125473463304,54.47955443602433,54.51663848766728,54.436093833923955
336.0,8.774115456238363,8.774115456238363,0.1,-1,54.48046136213595,0.03390517217202671,4.0600918159212265,54.44655618996392,54.40166956945739,54.45315344212028,54.338666819219966,54.46347518273992,54.42455045700062,54.4738225863865,54.44283208851026,54.48046136213595,54.428853684545054
337.0,8.798882681564248,8.798882681564248,0.1,-1,54.444487424672836,0.010808760952514262,4.397883390502762,54.43367866372032,54.41343372649953,54.43451304621395,54.39040049382552,54.43905028495326,54.421869329534076,54.443612549547915,54.430677195050954,54.444487424672836,54.43227771901267
338.0,8.798882681564248,8.798882681564248,0.1,-1,54.42082407978623,0.01204851196318657,3.635549407114128,54.42082407978623,54.389005744654575,54.4160022330475,54.347968075920534,54.414767877919495,54.39921441459929,54.41355792729522,54.418180541329505,54.40877556782304,54.46553577243871
339.0,8.798882681564248,8.798882681564248,0.1,-1,54.40790479756174,0.03467066298960475,4.116678214641705,54.40790479756174,54.3907146298221,54.397529845426604,54.37039467958801,54.39053831334562,54.38601023371494,54.383570579843955,54.3954794716009,54.37323413457214,54.43823690373815
340.0,8.802141527001865,8.802141527001865,0.0,-1,54.39492265269155,0.05706158450301757,3.7471162553118824,54.39492265269155,54.38345375250138,54.37909435008113,54.36686109090764,54.366361481189585,54.36401358374779,54.3536518199971,54.36406460287682,54.33786106818853,54.389668169137266
341.0,8.841736499068903,8.841736499068903,0.1,-1,54.423364942212416,0.05654321206167623,4.469689157656562,54.423364942212416,54.41356471610377,54.40784688111872,54.40136620756785,54.3950636452149,54.39703746800178,54.38230309120711,54.40039306136396,54.36682173015074,54.44069391214643
342.0,8.881331471135942,8.881331471135942,0.0,-1,54.41041956256356,0.07871796184659985,4.0828098497881395,54.41041956256356,54.39307684138246,54.3895330061544,54.363510506754885,54.37103162785147,54.36773715974473,54.352552368289814,54.36872041662125,54.33170160071696,54.40278248338873
343.0,8.920926443202982,8.920926443202982,0.1,-1,54.43906485658461,0.07803370740176518,3.495596746025566,54.43906485658461,54.431664074491664,54.41855982410324,54.42535074212959,54.4000197050829,54.41943486247422,54.38150120367274,54.435300429194484,54.36103114918284,54.546851661692926
344.0,8.929236499068903,8.929236499068903,0.1,-1,54.426289754628485,0.09999823619472181,5.086476356933683,54.426289754628485,54.44929773147346,54.400496194191206,54.48157311973156,54.37626304131816,54.40886974080821,54.35205096932508,54.39910632587884,54.32629151843376,54.454938687261105
345.0,8.902351024208569,8.902351024208569,0.1,1,54.41348586964716,0.12174164077833893,5.273118168058323,54.41348586964716,54.44671871859813,54.38249533797334,54.48193753981477,54.35258813918879,54.38343423130288,54.32270149788014,54.353753960449325,54.29174422886882,54.35322204818025
346.0,8.941945996275606,8.941945996275606,0.1,1,54.37772172736078,0.09765585494611884,3.458820589970264,54.37772172736078,54.39641735977536,54.35302577880066,54.408290510159155,54.32886755795128,54.34579498239588,54.304729384169036,54.32246556954639,54.28006587241466,54.30850907666932
347.0,8.981540968342646,8.981540968342646,0.0,1,54.34228177406566,0.0738287600224865,3.39481758158865,54.34228177406566,54.34554330454456,54.32375459678263,54.33365460580701,54.305341803662095,54.3049285094185,54.28694855987257,54.28519220823111,54.268453014043175,54.24480381701198
348.0,8.99441340782123,8.99441340782123,0.0,1,54.37132855197172,0.07322179818515906,3.002246073716669,54.37132855197172,54.343358204153404,54.35310699014413,54.28468303301092,54.33469264227239,54.31966700200726,54.31629740081425,54.31982166861706,54.29810675378656,54.32182934688925
349.0,9.02814245810056,9.02814245810056,0.0,1,54.40042678289496,0.07262484530514257,3.7084530909401234,54.40042678289496,54.36719437521806,54.38250079032739,54.30437028598578,54.36408991628536,54.34681636079594,54.345697715774456,54.351131534684335,54.32780193758982,54.36165294151275
350.0,9.05959031657356,9.05959031657356,0.1,1,54.42965187371692,0.07203757224782947,3.0819819881789066,54.42965187371692,54.42475039084897,54.41201181605484,54.40429302219441,54.39360919744746,54.38062273210084,54.375224829296315,54.356566526474296,54.35761430146909,54.283625418897344
351.0,9.05959031657356,9.05959031657356,0.0,1,54.39464050898162,0.04849742488959663,4.031475940641904,54.39464050898162,54.37233586163087,54.38301690359181,54.336147922065955,54.37036849954428,54.359121917981525,54.35773789282385,54.36281057885233,54.34614308409202,54.371134066103274
352.0,9.08175046554935,9.08175046554935,0.1,1,54.42408286592578,0.04811677511263923,4.254984007018969,54.42408286592578,54.39921328387768,54.412633020612674,54.358340239333515,54.40000170920234,54.37983683562762,54.387387791895875,54.3765255393859,54.375966090813144,54.348800415206874
353.0,9.12134543761639,9.12134543761639,0.0,1,54.3892654022912,0.024831528961982485,3.9826162254112925,54.3892654022912,54.36867585637453,54.38371021234999,54.34313149526591,54.376827433964046,54.36071137062992,54.36996161781469,54.36259755754903,54.36443387332922,54.34648197296632
354.0,9.128351955307265,9.128351955307265,0.1,1,54.41903121903678,0.024649831947904488,4.3197738676282835,54.41903121903678,54.411832389587346,54.41354533768651,54.408857730510235,54.40668460227535,54.399675494162615,54.39984044479769,54.395966696671294,54.39438138708888,54.37716770044532
355.0,9.167946927374304,9.167946927374304,0.0,1,54.38478642681852,0.002226991415653856,5.333591759599394,54.38449155190775,54.35337610755064,54.38478642681852,54.321517932093755,54.383664847945475,54.3676704915534,54.38255943540287,54.38748214255022,54.382880467968484,54.41768814141322
356.0,9.172346368715084,9.172346368715084,0.1,-1,54.41478926389906,0.002180384062391738,5.857662700892916,54.41452244503391,54.40310002137269,54.41478926389906,54.406059561772096,54.41369117183799,54.41465908720173,54.41260887983667,54.43105051080784,54.41290126371924,54.474093139858134
357.0,9.181959962756054,9.181959962756054,0.0,-1,54.403052376048215,0.024432602311776463,4.4927651106295174,54.403052376048215,54.38066109558558,54.39759042070481,54.35651572689642,54.390815905867136,54.373871263383165,54.3840567987995,54.3771232765524,54.37861977373644,54.362399237848194
358.0,9.189944134078214,9.189944134078214,0.1,-1,54.43303976052094,0.024253921096125453,5.0348796302213925,54.43303976052094,54.44919602228199,54.42764583164119,54.48981909180233,54.420893087904695,54.437885749413084,54.414155402853794,54.43421174410854,54.408785839424816,54.44973488636298
359.0,9.222532588454378,9.222532588454378,0.1,-1,54.4215005700413,0.04683055654552959,6.808684157536496,54.4215005700413,54.44803718215681,54.410483065944845,54.49182820112877,54.39806606911856,54.412596367030055,54.3856637570953,54.387467666970196,54.37467001349577,54.3445274931815
360.0,9.222532588454378,9.222532588454378,0.0,-1,54.4100128164732,0.06917375688848182,6.094686018069023,54.4100128164732,54.41969329410149,54.393475479169844,54.427979160310045,54.37540719264574,54.38036852270357,54.35735322632498,54.35749514348698,54.34083905958472,54.3225455173702
361.0,9.24257448789572,9.24257448789572,0.0,-1,54.439966174514566,0.06863190043022627,6.3123323338316,54.439966174514566,54.42990029652936,54.42367485652358,54.402027790648305,54.40563190361867,54.38820654034703,54.38760294647303,54.362411572231125,54.37133427408434,54.28699896879341
362.0,9.28216945996276,9.28216945996276,0.1,-1,54.46999629537592,0.06809810199718669,5.04488384602409,54.46999629537592,54.45211360442038,54.45394334539282,54.41936107704639,54.43592933877676,54.428909995252646,54.41792901082664,54.42391053105776,54.401898193378734,54.43272276630441
363.0,9.289175977653631,9.289175977653631,0.1,-1,54.458537424036635,0.0902299777214779,6.028301396168828,54.458537424036635,54.44457820575867,54.43704892391544,54.41206404832003,54.41340497414191,54.40439385302405,54.389774363415405,54.38714687084634,54.36830744631516,54.36548228471356
364.0,9.32029795158287,9.32029795158287,0.0,-1,54.447039943153285,0.11213555033797462,6.811611673034421,54.447039943153285,54.434961001893555,54.42021362392369,54.39617808142052,54.390955140479036,54.37134060893263,54.36170966489468,54.33395881669436,54.33490439281531,54.24633791988978
365.0,9.335777467411546,9.335777467411546,0.1,-1,54.4771803236214,0.11125629763954237,5.479948560280359,54.4771803236214,54.45196193082275,54.450753929624284,54.40080828992036,54.42153553307791,54.410267295177874,54.392329849680735,54.39765150229311,54.365924025981855,54.403751965749215
366.0,9.352886405959032,9.352886405959032,0.1,-1,54.465731071912224,0.1329542782554327,5.257333420046105,54.465731071912224,54.43446944458028,54.43404810130469,54.37229139188998,54.39923770424739,54.38778562683706,54.3644397046926,54.3771476887735,54.33277679365679,54.39900917927977
367.0,9.382378957169465,9.382378957169465,0.1,1,54.45428296550724,0.15443276710369958,5.361944920044051,54.45428296550724,54.43023652701511,54.417435514342245,54.374016855860326,54.37705075634613,54.363633206813724,54.336678088042824,54.33732750894871,54.29985019840354,54.31622451738207
368.0,9.389385474860337,9.389385474860337,0.1,1,54.420076911391135,0.13008371197061308,4.042475796542024,54.420076911391135,54.413625871367216,54.38955703239153,54.39627521003936,54.355019622720384,54.362056414958154,54.32049400257477,54.3444744832418,54.28999319942052,54.36848334476417
369.0,9.428980446927374,9.428980446927374,0.0,1,54.3860745582745,0.10599500680352492,3.998362657856579,54.3860745582745,54.344595935611814,54.36175689900121,54.27394205654995,54.33306200535546,54.307009835846394,54.30437860852063,54.29908610635935,54.280079551470976,54.28857266230137
370.0,9.450651769087523,9.450651769087523,0.1,1,54.41665263067421,0.1051979694982208,4.294751461902142,54.41665263067421,54.363938289621714,54.392661880820796,54.278981409428226,54.36403893737532,54.32839685014237,54.33542723026461,54.323294513282384,54.311454661175986,54.30643381725169
371.0,9.450651769087523,9.450651769087523,0.0,1,54.382988259758,0.0813773820321444,4.096622051647008,54.382988259758,54.34052097113012,54.36506843099229,54.28139415790279,54.34228522538122,54.31059555030083,54.31951297712513,54.304116428040054,54.30161087772586,54.27635311406532
372.0,9.482588454376163,9.482588454376163,0.1,1,54.41375027203288,0.08079010639415429,5.016395048153811,54.41375027203288,54.380888000387806,54.39604449473017,54.344887579444595,54.37334120044364,54.35944732659925,54.350648615258066,54.362227010989244,54.332960165638724,54.39097480331419
373.0,9.48959497206704,9.48959497206704,0.1,1,54.380311822363616,0.05722859381824463,4.351785026251929,54.380311822363616,54.36920490101497,54.36855428833915,54.3728496044603,54.35168385511592,54.34749021651326,54.33482386510423,54.34170747278973,54.32308322854537,54.34368365580865
374.0,9.52918994413408,9.52918994413408,0.1,1,54.34706923337132,0.03391328392467585,3.562057286107805,54.34706923337132,54.33526429310197,54.34114761423903,54.337469754793105,54.3300992604824,54.31295890461926,54.31906109064949,54.29844957530261,54.313155949446646,54.24162147358977
375.0,9.548417132216017,9.548417132216017,0.0,1,54.31413935484537,0.010839959049860681,3.565724416531092,54.31413935484537,54.28864471178142,54.31394507252901,54.27173421111164,54.30870637537881,54.275988964725116,54.303477609302206,54.26462275968699,54.30329939579551,54.18609222955913
376.0,9.548417132216017,9.548417132216017,0.1,1,54.345549405777625,0.01083385223949307,3.691947150006131,54.345549405777625,54.33612203429098,54.345275608906505,54.34745157514514,54.34011977424779,54.32299402038286,54.334973645660476,54.30960903241753,54.33471555353813,54.25367106648304
377.0,9.550209497206705,9.550209497206705,0.0,1,54.3247898425879,0.01200417303289214,3.5061940458487313,54.312785669555005,54.27642010485427,54.318138362061724,54.2512475357335,54.318775366115766,54.286665797175125,54.31942183525538,54.29301532196196,54.3247898425879,54.268050683455215
378.0,9.58100558659218,9.58100558659218,0.0,1,54.356121568964646,0.011828414603343163,3.6398888337893354,54.3442931543613,54.28136198714942,54.349480782753545,54.21431134824572,54.350195252418764,54.29418193740656,54.35091897272497,54.30452001237926,54.356121568964646,54.25776212050126
379.0,9.61261638733706,9.61261638733706,0.0,1,54.38756848900034,0.011658074085339365,4.684222413419797,54.375910414915,54.32093959093366,54.38093966141074,54.272852568465545,54.381727617065025,54.333541846692356,54.38252461377425,54.34354193538281,54.38756848900034,54.3102728350522
380.0,9.646182495344508,9.646182495344508,0.1,1,54.419133544703485,0.011492932249353771,4.607273339771992,54.40764061245413,54.35314703701433,54.41251787492757,54.30837616697428,54.41337551182192,54.36186711817214,54.41424198493364,54.36747381561836,54.419133544703485,54.31770070856363
381.0,9.676000931098695,9.676000931098695,0.1,-1,54.40929751920825,0.03411359121742663,5.689548976307511,54.375183927990825,54.32232350346085,54.38560618246005,54.2937626454289,54.39222944402617,54.352698105662846,54.398861322420885,54.375787080571534,54.40929751920825,54.38943996122778
382.0,9.678770949720672,9.678770949720672,0.1,-1,54.37669556598686,0.010891762978296526,4.3697401683188914,54.36580380300856,54.33278911699196,54.37026882948252,54.332462211205474,54.37123868497757,54.345371245635356,54.3722169433595,54.35518263332847,54.37669556598686,54.359525660661575
383.0,9.690013966480448,9.690013966480448,0.0,-1,54.3563566554313,0.012084293040913963,4.478264762214409,54.3563566554313,54.31405700946891,54.35498003844706,54.29234638181242,54.35030378249067,54.31468529765109,54.345635720791265,54.318519485618374,54.344272362390385,54.301883479996874
384.0,9.693109869646184,9.693109869646184,0.1,-1,54.38826559105158,0.012039373047080915,4.9678050708157455,54.38826559105158,54.37565868174546,54.38685744745717,54.404228890721235,54.38223542112965,54.37217090069942,54.37762140340693,54.37002688019157,54.3762262180045,54.374270822266276
385.0,9.729283054003728,9.729283054003728,0.1,-1,54.378725879394594,0.03477303958251099,4.332708961157802,54.378725879394594,54.361963044590276,54.37158974681168,54.3794804085373,54.36132913649046,54.357325434962824,54.35107633593353,54.36115294347777,54.34395283981208,54.40530151293938
386.0,9.743947858473,9.743947858473,0.1,-1,54.3692457761444,0.05726951100400868,4.35377216007069,54.3692457761444,54.33086518760299,54.35648946777685,54.30647051407403,54.34060105135257,54.320421267006665,54.32472025078896,54.32591446404468,54.311976265140395,54.36017287018119
387.0,9.783216945996276,9.783216945996276,0.0,-1,54.35974805713107,0.07953283767046315,4.891286124106854,54.35974805713107,54.324852630022356,54.341475793665595,54.296979060970905,54.31997191652705,54.2909129649923,54.29847546615988,54.27678335639316,54.28021521946061,54.245782941207054
388.0,9.809124767225327,9.809124767225327,0.0,-1,54.39172219170991,0.07893391253401205,6.32494316032028,54.39172219170991,54.36704835747265,54.37369650925375,54.35507617168727,54.35224573393415,54.327056571758405,54.33080221712217,54.30498654422017,54.3127882791759,54.25649026388878
389.0,9.829818435754191,9.829818435754191,0.1,-1,54.4237953473948,0.07834306798296353,4.69135527059389,54.4237953473948,54.34811554749298,54.406009031466546,54.25830216168555,54.384614527164295,54.33084700362762,54.363227116918175,54.33620955174441,54.34545227941184,54.33292106224741
390.0,9.841713221601491,9.841713221601491,0.0,-1,54.41441181883328,0.10039568253235132,7.690441131407165,54.41441181883328,54.39041826248214,54.39119513135042,54.37504549263697,54.36420492189009,54.32825036201836,54.33722163035214,54.28748861340622,54.31401613630093,54.17821108022704
391.0,9.874301675977655,9.874301675977655,0.0,-1,54.446519575263096,0.09963462310106053,6.884487922198385,54.446519575263096,54.38532457009193,54.42362164497762,54.31001844586061,54.39669341320436,54.332487588190844,54.369771942618414,54.30231746501382,54.346884952162036,54.190170367207415
392.0,9.874301675977655,9.874301675977655,0.1,1,54.47875221752023,0.09888401111795275,5.056791825402579,54.47875221752023,54.43966276774551,54.45616360890746,54.406966127604015,54.429301561973475,54.38953302438495,54.402446123042786,54.360757628817375,54.37986820640228,54.29547046526392
393.0,9.890432960893856,9.890432960893856,0.1,1,54.446528146124884,0.07512298892430636,3.179635341687642,54.446528146124884,54.43640945847423,54.4299903075907,54.45747821700593,54.40895821643989,54.39346636262474,54.38793256922653,54.363542443465796,54.37140515720058,54.32203654877145
394.0,9.930027932960895,9.930027932960895,0.1,1,54.414532716087535,0.051611967156034666,2.8014167146418663,54.414532716087535,54.40560057629939,54.40392968721841,54.427831211988654,54.388718506719364,54.365156670683504,54.37351361016539,54.32952364500491,54.3629207489315,54.248446814240296
395.0,9.939478584729985,9.939478584729985,0.1,1,54.38284992764654,0.02834660074471884,3.642075414289724,54.38284992764654,54.377802331324254,54.37806965378474,54.41262137529188,54.36866860571684,54.35658307608126,54.35927368557399,54.33431608736724,54.35450332690182,54.30489602658039
396.0,9.972067039106149,9.972067039106149,0.1,1,54.35230049492904,0.007200685699345399,5.105057019986812,54.35136632764576,54.33368749561002,54.35230049492904,54.35485621648333,54.34869716418999,54.33720138374749,54.345099809229694,54.33595924895774,54.3460436455248,54.36253709638528
397.0,9.983635940409686,9.983635940409686,0.1,1,54.337628823225785,0.017463864493002745,5.8654684333211495,54.32016495873278,54.32048278163076,54.326708836478396,54.376915700029095,54.32888926280118,54.33690404820202,54.33107551653396,54.342756821004244,54.337628823225785,54.406732351987124
398.0,10.00465549348231,10.00465549348231,0.1,1,54.32918306768409,0.04001698853751634,6.1731697277197455,54.289166079146575,54.26833965907892,54.301218369249334,54.29113115149561,54.30916713463232,54.297670988720824,54.31712158274029,54.31221266842655,54.32918306768409,54.35797718044618
399.0,10.0302374301676,10.0302374301676,0.1,1,54.320742960228706,0.06234051832785781,7.264907087196619,54.25840244190085,54.25455364285784,54.27586513492963,54.31234720671461,54.289565446974485,54.298444148999316,54.303271300651616,54.322451504022865,54.320742960228706,54.41377926306054
400.0,10.037243947858476,10.037243947858476,0.0,1,54.31232695569264,0.08443816603566034,7.286242411924107,54.22788878965698,54.18077419493844,54.25066702734848,54.17129607439727,54.27010079869162,54.24663630786261,54.28953997407744,54.291178589850816,54.31232695569264,54.380638812924936
401.0,10.069832402234638,10.069832402234638,0.1,1,54.345162429928926,0.08369115590502929,7.751709006842169,54.2614712740239,54.231780039052865,54.28382124812193,54.25151986790681,54.30330993826403,54.28970980434282,54.32280391001278,54.326001082634,54.345162429928926,54.399232562013765
402.0,10.08384543761639,10.08384543761639,0.1,1,54.33675928454893,0.10558219022533422,7.01197630850826,54.2311770943236,54.22856248004638,54.25876664729545,54.29566658963419,54.28396144737997,54.28605080083383,54.30916139793754,54.31436240564841,54.33675928454893,54.3705094112795
403.0,10.102420856610802,10.102420856610802,0.1,-1,54.32834035226188,0.12725388265322835,4.778542191064905,54.201086469608654,54.18340180226462,54.233825970397156,54.22829239255381,54.26470683627312,54.25546152474529,54.29559272474437,54.294223309635825,54.32834035226188,54.352037403779015
404.0,10.130446927374305,10.130446927374305,0.1,-1,54.29711822806187,0.10309809953139393,3.1037920301043993,54.194020128530475,54.17110401760908,54.22041986380945,54.19954871076007,54.24556276687205,54.230457128533146,54.27071056782716,54.26305440134951,54.29711822806187,54.30298845078547
405.0,10.137453445065178,10.137453445065178,0.1,-1,54.266171524847856,0.07920265766604473,3.9483080069131877,54.18696886718181,54.174066278559984,54.20715640897634,54.21021073351313,54.22656394377581,54.21358618026536,54.24597625486117,54.23095770282282,54.266171524847856,54.23749974375744
406.0,10.16759776536313,10.16759776536313,0.0,-1,54.23541991140174,0.055562808609906256,3.2671475299932253,54.179857102791836,54.148054208381495,54.19395560566963,54.14635211312855,54.207632410090554,54.18086857550845,54.22131387221006,54.198812006106664,54.23541991140174,54.19942005880811
407.0,10.184054934823092,10.184054934823092,0.1,-1,54.26887958853611,0.05510041472754068,3.98845664269603,54.21377917380857,54.20307751566422,54.22763962806812,54.2378364319924,54.24132342230215,54.23339035529532,54.2550117687082,54.2478966759009,54.26887958853611,54.26714228842846
408.0,10.200186219739294,10.200186219739294,0.1,-1,54.23839801619082,0.031720377583617676,4.030062501198475,54.206677638607204,54.202392528272405,54.21457641590952,54.24149265856914,54.22253201647776,54.22327718699613,54.23049205619507,54.2342867160452,54.23839801619082,54.267881203267045
409.0,10.200186219739294,10.200186219739294,0.0,-1,54.20814019698981,0.008586599484203816,3.9825967360924035,54.199553597505606,54.19701195176081,54.20160521183539,54.23063857820323,54.20384123060205,54.20576397228495,54.20608157830102,54.21028259674277,54.20814019698981,54.236186074671224
410.0,10.237662942271882,10.237662942271882,0.1,-1,54.24191794589345,0.00851921506796316,3.9924519054992555,54.233398730825485,54.23830508340692,54.23541973354565,54.28387037329938,54.237652800099454,54.250791360134805,54.23989009750765,54.25938086693886,54.24191794589345,54.31407480613334
411.0,10.265363128491622,10.265363128491622,0.0,-1,54.22625888086773,0.01437144101390686,4.534260174513889,54.22625888086773,54.23068041540674,54.222544394109626,54.26501362848907,54.21906775960663,54.22830293525962,54.21559525091288,54.22733866965516,54.211887439853825,54.255354362335446
412.0,10.284264432029795,10.284264432029795,0.0,-1,54.260250646606316,0.014249757595138135,4.756177082579999,54.260250646606316,54.25118003575013,54.256600955701884,54.25636720927594,54.253120489416105,54.24089088949631,54.24964405546368,54.23102902595987,54.24600088901118,54.19699364760689
413.0,10.297951582867784,10.297951582867784,0.1,-1,54.29431325182605,0.0141301962628404,5.432810319658607,54.29431325182605,54.28105097071744,54.29072616938981,54.27936205070918,54.28724299489122,54.27320105623849,54.28376376136793,54.26586259870187,54.28018305556321,54.23931440357035
414.0,10.33054003724395,10.33054003724395,0.1,-1,54.28717212833381,0.03678776929647398,4.2819896350401025,54.28717212833381,54.24874711818841,54.27795190458093,54.20495328892781,54.26877321296675,54.2464127507435,54.25959836447994,54.253829640213205,54.250384359037334,54.274564730609086
415.0,10.337872439478586,10.337872439478586,0.0,-1,54.280075097942856,0.05921142509205879,4.486355689336514,54.280075097942856,54.23685658811936,54.26532529676766,54.18243635485288,54.25046447958246,54.223866590539686,54.23560741010612,54.22718302441053,54.2208636728508,54.23859110822222
416.0,10.363128491620111,10.363128491620111,0.1,-1,54.31415446333185,0.058727899009419104,4.838154077277688,54.31415446333185,54.27215316187968,54.299644654874456,54.222376760487265,54.284785719160745,54.256903390947215,54.269930446246384,54.2579455837823,54.255426564322434,54.25856386463546
417.0,10.3844739292365,10.3844739292365,0.0,-1,54.307032876936546,0.08093045839471102,4.82321708845287,54.307032876936546,54.26072531741631,54.28708529439986,54.20243012004858,54.26656297211645,54.23787197628475,54.24604422169112,54.237994845887485,54.226102418541835,54.245669018522214
418.0,10.395716945996275,10.395716945996275,0.1,-1,54.341199814121616,0.08027649961506,5.439216847858411,54.341199814121616,54.30688931793855,54.32156983589022,54.26994115620501,54.301056994624005,54.277689577974485,54.28054764429051,54.27017166817442,54.260923314506556,54.26048476785943
419.0,10.431075418994416,10.431075418994416,0.0,-1,54.33405638117274,0.10226436808760297,5.554539064227415,54.33405638117274,54.28610932661283,54.30907494116141,54.22340628798755,54.28291974089673,54.249475673374285,54.25676794489066,54.24113890833891,54.23179201308514,54.22555144977693
420.0,10.470670391061454,10.470670391061454,0.1,-1,54.36831371804286,0.10144535166641333,5.333048559279933,54.36831371804286,54.332384126578404,54.34372258840942,54.29393987875411,54.31758668693951,54.296854788384785,54.29145411260004,54.28925279618941,54.26686836637645,54.294980086528646
421.0,10.493482309124769,10.493482309124769,0.1,1,54.3613083871866,0.12322456823741845,5.632359628749542,54.3613083871866,54.34336595453231,54.331447054384576,54.32903623086457,54.29969185593192,54.29084459699712,54.26793990200254,54.270112100163665,54.23808381894918,54.26351382605827
422.0,10.493482309124769,10.493482309124769,0.1,1,54.33151102815074,0.09917212712915102,2.997268230546906,54.33151102815074,54.316456166231795,54.307874504332595,54.30734148944088,54.281920822899586,54.26398551503973,54.255970305433685,54.234809324010335,54.23233890102159,54.1755644393176
423.0,10.524278398510244,10.524278398510244,0.1,1,54.301880560491995,0.07537602811110133,4.104549968573968,54.301880560491995,54.28102538435922,54.284346334507646,54.27114582840133,54.26418850758112,54.25117738667142,54.244033766065606,54.23982094442955,54.22650453238089,54.23478691561228
424.0,10.526070763500933,10.526070763500933,0.1,1,54.27252916893722,0.05183169749633976,4.557784491617921,54.27252916893722,54.24170546527348,54.26097891986568,54.22117373831065,54.24660938161184,54.225996321796366,54.232242852163346,54.22347084880127,54.22069747144088,54.222187173189965
425.0,10.538291433891995,10.538291433891995,0.0,1,54.243346425896306,0.02853470892236487,5.641141032010751,54.243346425896306,54.20034809924781,54.23766584534917,54.17007592907754,54.229075230646295,54.207438380498246,54.220487550045085,54.22425696905567,54.21481171697394,54.26948249177371
426.0,10.577886405959031,10.577886405959031,0.1,1,54.27831921686745,0.028348528406844764,4.641263065950223,54.27831921686745,54.24486713667298,54.27268405750457,54.22784248867925,54.26414119889355,54.23863815316791,54.255601207908086,54.240103574871924,54.24997068846061,54.228188848634744
427.0,10.59124767225326,10.59124767225326,0.1,1,54.24953686937111,0.005547490324801174,4.440866121692665,54.249413630867416,54.25493480922245,54.24953686937111,54.30754739747886,54.24676172599514,54.250917944471745,54.24398937904631,54.245657151120035,54.24411714226397,54.24634172647531
428.0,10.623836126629424,10.623836126629424,0.1,1,54.23823179764573,0.01751667468443685,4.414534545162194,54.220715122961295,54.24325534371489,54.22649000003244,54.32437750611834,54.2294698906189,54.245327628983844,54.232452508201824,54.238231352956724,54.23823179764573,54.23969892648528
429.0,10.631494413407824,10.631494413407824,0.0,1,54.23238813951541,0.040094980733734076,5.240172728811,54.19229315878167,54.18929585383483,54.20361643958852,54.229837169619266,54.21233716809331,54.21180933111036,54.22106055588773,54.22114220841803,54.23238813951541,54.23833441088641
430.0,10.656424581005588,10.656424581005588,0.1,1,54.26761562894077,0.039723635539793634,6.3358258713388755,54.22789199340097,54.228587297219654,54.23898696984392,54.27591368337693,54.24775040898373,54.25813351590043,54.25651644716331,54.275532022507505,54.26761562894077,54.33450917977846
431.0,10.656424581005588,10.656424581005588,0.1,1,54.26174229631241,0.062079273271450575,8.418333237475991,54.19966302304096,54.18514944232923,54.2162152266706,54.21465824281055,54.230699341960246,54.239630362711075,54.24518599175979,54.279557291425945,54.26174229631241,54.391930169194026
432.0,10.685102420856612,10.685102420856612,0.1,-1,54.25579238089414,0.0842074218493778,4.173231613697428,54.171584959044765,54.14541835456958,54.19349738849339,54.161305526434006,54.21368543462644,54.215211179279606,54.233875952341684,54.267134275347736,54.25579238089414,54.38738039238014
433.0,10.692108938547486,10.692108938547486,0.1,-1,54.22706884273013,0.06050020701806602,2.9285662526132823,54.16656863571206,54.143915604730935,54.18234451909566,54.15663413076042,54.19681558420631,54.192106432584524,54.21128905953385,54.227789115325635,54.22706884273013,54.29320854400883
434.0,10.721601489757916,10.721601489757916,0.1,-1,54.19853457250275,0.03704569419906534,2.8859943162857613,54.161488878303686,54.162394922328424,54.171249026957604,54.210932763898995,54.18000864872226,54.20104617080627,54.188770620862066,54.23312780753041,54.19853457250275,54.33570984721688
435.0,10.738710428305405,10.738710428305405,0.1,-1,54.170271120713124,0.013839373252721998,3.945605274240833,54.1564317474604,54.19366605753976,54.16029283987083,54.290828600195006,54.163348433794724,54.20751983751613,54.166406319737824,54.21748932990567,54.170271120713124,54.29280915269764
436.0,10.778305400372442,10.778305400372442,0.1,-1,54.151352911704436,0.009123120653320882,4.541953119791332,54.151352911704436,54.18804013403578,54.14942766878092,54.270144210854006,54.146788425578045,54.18751958569747,54.14415141748731,54.18799864921495,54.142229791051115,54.23727227680483
437.0,10.786778398510243,10.786778398510243,0.0,-1,54.14633830717404,0.031846013106665794,5.172001582874319,54.14633830717404,54.18304558395789,54.13873565971204,54.250488795318496,54.13041244746376,54.16483419109047,54.12209141483347,54.15167952185445,54.114492294067375,54.15869224485784
438.0,10.79231843575419,10.79231843575419,0.1,-1,54.18220716609186,0.03159679067248078,4.227296312410726,54.18220716609186,54.15776121290269,54.17471734559649,54.12155872874319,54.16640598224086,54.15890454265491,54.15809674912097,54.16984476156235,54.150610375419376,54.188950217069056
439.0,10.819366852886407,10.819366852886407,0.0,-1,54.17708653307397,0.054088413244706146,4.093845652286225,54.17708653307397,54.1658842850376,54.16402085848244,54.14431149783817,54.15003960717108,54.14297650024991,54.13606043320523,54.133181778545975,54.12299811982926,54.09835839622609
440.0,10.838919925512103,10.838919925512103,0.0,-1,54.212987506920975,0.053660063024913995,4.958360473746406,54.212987506920975,54.19636832822948,54.20012102474718,54.16306211729718,54.18615481773702,54.165383235788035,54.17219064100725,54.14574094217621,54.15932744389606,54.06100735712069
441.0,10.878514897579144,10.878514897579144,0.0,-1,54.24896458828568,0.05323824279938805,4.805338840387484,54.24896458828568,54.206398451262054,54.236291013927755,54.13731800096055,54.222342869427685,54.19349047666077,54.20839670920922,54.1951553695478,54.19572634548629,54.170190136728785
442.0,10.884543761638737,10.884543761638737,0.1,-1,54.28509272781694,0.05282274653306018,5.584753095457142,54.28509272781694,54.277523854952115,54.27260603221781,54.2697550574759,54.25867881594109,54.25619448228801,54.24475353898935,54.246804404008955,54.23226998128388,54.22811871697508
443.0,10.884543761638737,10.884543761638737,0.1,-1,54.28001101470055,0.07510442112582894,5.471554242826559,54.28001101470055,54.26513616936148,54.26203109069669,54.24102835774083,54.2424563285578,54.23759586702001,54.22288345759365,54.22840356234887,54.20490659357472,54.21985927997407
444.0,10.89953445065177,10.89953445065177,0.1,1,54.27485040209634,0.09715758379226713,5.194079619944832,54.27485040209634,54.262791250231935,54.25147670859954,54.23518635794491,54.226269196084935,54.21537731171179,54.201063527790325,54.19010547884949,54.177692818304074,54.13416666895941
445.0,10.939129422718809,10.939129422718809,0.1,1,54.246863053404994,0.07337444315196251,3.7430144835027046,54.246863053404994,54.224191457505995,54.22959470196024,54.18658386289955,54.21017347765224,54.19302079938616,54.19075405177529,54.178624764325555,54.17348861025303,54.13782627510858
446.0,10.978724394785848,10.978724394785848,0.1,1,54.21918504689294,0.04984314345451679,4.37961457880409,54.21918504689294,54.18623234576271,54.207903453318735,54.14041276465719,54.19426117943924,54.17131125701653,54.180620659338715,54.16822001181122,54.16934190343842,54.14369422431846
447.0,10.982309124767228,10.982309124767228,0.0,1,54.191813870063164,0.02655924952635047,4.212829947387648,54.191813870063164,54.15814225787265,54.186404475653156,54.11905945411222,54.17853200657265,54.153124351083775,54.17066124772768,54.153923871325816,54.165254620536814,54.12659535470047
448.0,10.9927374301676,10.9927374301676,0.1,1,54.228450373923636,0.026381928362710028,5.208660706292941,54.228450373923636,54.20489588689746,54.22308928237987,54.18803239384163,54.21525722173639,54.20516928146063,54.207426832580694,54.211782206747095,54.202068445560926,54.227477737941584
449.0,11.01489757914339,11.01489757914339,0.1,1,54.20160790372257,0.004144507499937333,6.205955622590038,54.20120852593323,54.16357268319862,54.20160790372257,54.13206051876237,54.19953483497885,54.18212870249884,54.19746339622263,54.203232691236636,54.19786541138709,54.23986454605272
450.0,11.039338919925513,11.039338919925513,0.1,1,54.19366033415817,0.01945678277318308,4.748961557755714,54.174203551384984,54.164373784434126,54.180256423775575,54.18138387808779,54.18392986206605,54.175290050910824,54.18760488987413,54.17933625859397,54.19366033415817,54.16124320291941
451.0,11.047486033519554,11.047486033519554,0.0,1,54.18946356958171,0.04202179004231965,6.4873525564985055,54.14744177953939,54.12522031655839,54.15904470701839,54.13144747034832,54.16845064551552,54.16207645872694,54.17785813406514,54.189017916442964,54.18946356958171,54.23614881087517
452.0,11.053351955307264,11.053351955307264,0.1,1,54.22624315714543,0.041641305046596244,5.54588372703073,54.18460185209884,54.18239975601783,54.195978539529946,54.218921373134044,54.20542052154791,54.20766774262032,54.21486401849979,54.22081673655165,54.22624315714543,54.23557029869491
453.0,11.080074487895718,11.080074487895718,0.1,1,54.22194078351212,0.06398356948679407,6.0249728385722925,54.15795721402532,54.16550318060127,54.17479240410016,54.222252241069754,54.18994706493096,54.201825474451155,54.20510320308237,54.21982354636418,54.22194078351212,54.252641761300346
454.0,11.09995344506518,11.09995344506518,0.1,1,54.21765875940816,0.08609833128529942,7.08172381002664,54.13156042812286,54.131082531509776,54.15375694377221,54.178725297338254,54.17460770794175,54.184436371200626,54.195459912752476,54.21510001476782,54.21765875940816,54.27191204973285
455.0,11.139548417132216,11.139548417132216,0.1,-1,54.21337296183443,0.10798927084933041,4.558752855591243,54.1053836909851,54.1055372606988,54.132847480764006,54.159751625447704,54.159376487407904,54.17501108234327,54.18590689892423,54.21745285357625,54.21337296183443,54.30598592839573
456.0,11.146554934823092,11.146554934823092,0.1,-1,54.18635332596948,0.08404840925337709,3.08780400698492,54.1023049167161,54.10301573241208,54.12354203724345,54.14831824694806,54.144327328000315,54.15605378863738,54.165113988748935,54.187777533344466,54.18635332596948,54.24515115686116
457.0,11.186149906890131,11.186149906890131,0.1,-1,54.15952093939936,0.060363711457071645,3.854051242911224,54.099157227942285,54.07868655522978,54.11429120301364,54.078085459398054,54.129337334854085,54.116006541764314,54.14438480267164,54.13823036210688,54.15952093939936,54.13767197804304
458.0,11.210428305400374,11.210428305400374,0.0,-1,54.13299599318401,0.03693057088146645,4.4286038732830235,54.096065422302544,54.10593286058231,54.1052155319571,54.14754685307673,54.11452900234678,54.11777231516867,54.123843775543456,54.11681124797496,54.13299599318401,54.08213193974174
459.0,11.210428305400374,11.210428305400374,0.0,-1,54.17042892587727,0.036630516934359036,5.812973873447948,54.13379840894291,54.152658384163026,54.14280118708921,54.20351930950171,54.15211200065169,54.155493971457524,54.16142408750429,54.142826269895494,54.17042892587727,54.07510922032721
460.0,11.23975791433892,11.23975791433892,0.1,-1,54.20786394140265,0.036335294565780885,5.01822314508698,54.17152864683687,54.18337602826335,54.18038888071363,54.22285253652511,54.18969466512406,54.19684010343053,54.19900169397648,54.19581328657886,54.20786394140265,54.176244979348525
461.0,11.246764432029796,11.246764432029796,0.1,-1,54.18153818645812,0.0131600528845226,4.686827523964305,54.1683781335736,54.1783070524461,54.17137972671552,54.20879513069109,54.17495657146544,54.186729524529866,54.1785346297599,54.18719986608128,54.18153818645812,54.1939024806307
462.0,11.2756052141527,11.2756052141527,0.1,-1,54.16516493431332,0.009772755156703283,5.148852597248416,54.16516493431332,54.15606189647318,54.162418786267956,54.146329828217404,54.16027700762563,54.153911040290396,54.158136412397546,54.15027100693208,54.155392179156614,54.128654537211894
463.0,11.31112662942272,11.31112662942272,0.1,-1,54.16197329573576,0.03246729238106383,4.904908840509781,54.16197329573576,54.16808634451419,54.15358659806513,54.18104185160945,54.14573813889773,54.15844635631587,54.137890833762334,54.15309039922572,54.1295060033547,54.16872424090374
464.0,11.34078212290503,11.34078212290503,0.1,-1,54.158830179971446,0.054927590989947817,4.801493817928263,54.158830179971446,54.167593256750166,54.14490657255236,54.17964889719989,54.13136491133586,54.15075184979082,54.11782437549866,54.14453569303592,54.1039025889815,54.1786549960231
465.0,11.34078212290503,11.34078212290503,0.1,-1,54.15571512670088,0.07715755797158153,5.414131777574133,54.15571512670088,54.16401918917489,54.136354847069185,54.16708559574622,54.11713491115013,54.13373088692634,54.097916072669065,54.11948539948414,54.0785575687293,54.133547401606705
466.0,11.34078212290503,11.34078212290503,0.0,-1,54.152517837812894,0.09916098026977238,4.862578973974921,54.152517837812894,54.13974089612221,54.12781786386455,54.10307675080294,54.10293594678058,54.107534238939174,54.07805509988704,54.09935793491748,54.05335685754312,54.1246729470835
467.0,11.353980446927377,11.353980446927377,0.1,-1,54.190187347347944,0.09835113081513924,5.505107799060034,54.190187347347944,54.194650320977196,54.16588932948977,54.18691040798201,54.14101041278221,54.15663265638817,54.11613254201843,54.1412498746461,54.091836216532805,54.157750128221785
468.0,11.373370577281191,11.373370577281191,0.1,1,54.18688383114853,0.1201466181834121,4.911158888312392,54.18688383114853,54.190762352605596,54.15732597015359,54.17089519577491,54.126809186892594,54.12990464580883,54.09629342360632,54.095109618285086,54.066737212965116,54.041403234297334
469.0,11.40058193668529,11.40058193668529,0.1,1,54.160768812484854,0.09611075372605882,3.4921884146120576,54.160768812484854,54.149236490492335,54.13744545387757,54.11049041926454,54.11271213360752,54.10604092574625,54.08797980798791,54.08391212661071,54.064658058758795,54.04507716963682
470.0,11.407588454376166,11.407588454376166,0.1,1,54.134915622748025,0.07233151465315046,3.340637732319053,54.134915622748025,54.139571109854046,54.11770362050794,54.13339058993754,54.098748595734016,54.101219257068536,54.07979454091499,54.07598734874621,54.062584108094875,54.03036299785101
471.0,11.447183426443203,11.447183426443203,0.1,1,54.10924537617566,0.0488043058095613,2.8332237332337455,54.10924537617566,54.13595156978282,54.09802580482233,54.16790533040137,54.08484198510769,54.096482187131436,54.07165911126556,54.06060585104841,54.060441070366096,53.98548740983217
472.0,11.471135940409685,11.471135940409685,0.1,1,54.083878899935314,0.025524680405965228,4.25034885304237,54.083878899935314,54.111128107002386,54.078536875450446,54.15192705870302,54.07111535231069,54.09728178089505,54.063694751559,54.082616031281376,54.05835421952935,54.08930540630416
473.0,11.493784916201118,11.493784916201118,0.1,1,54.059179092027314,0.0033388066847379605,3.9295794013060488,54.0587545832974,54.08802944420159,54.059179092027314,54.13176487551894,54.0575092389416,54.078721321075435,54.055840285342576,54.06129027727899,54.0562662494725,54.0387697385369
474.0,11.503724394785849,11.503724394785849,0.1,1,54.054174088903835,0.020308902298083353,4.11917841276989,54.03386518660575,54.062467647957334,54.03994892178513,54.106762682605755,54.044018489545415,54.063313529226285,54.04808893445962,54.04965699742952,54.054174088903835,54.02545011802195
475.0,11.540386405959032,11.540386405959032,0.0,1,54.05203143900161,0.0428710657304876,4.105051911424928,54.00916037327112,54.044163935531046,54.020799578825205,54.10176227804279,54.03059478643513,54.05546394628172,54.040390849420696,54.045825611985215,54.05203143900161,54.032537738885175
476.0,11.579981378026073,11.579981378026073,0.1,1,54.09067029411581,0.04248940965443637,4.250094474393542,54.048180884461374,54.07138152509114,54.059599042256664,54.10428206997497,54.069424494955726,54.081757654817174,54.079250783650714,54.07122454677864,54.09067029411581,54.03718335647504
477.0,11.60148975791434,11.60148975791434,0.0,1,54.088649435490346,0.0648284902838725,4.865010936694556,54.023820945206474,54.06123801887936,54.040702442552636,54.12463431547356,54.05623412318603,54.088059528523466,54.07176661905894,54.08857951726543,54.088649435490346,54.10975289352068
478.0,11.60148975791434,11.60148975791434,0.1,1,54.12743358746221,0.06427494780498932,5.450885182643526,54.06315863965722,54.08441931162376,54.07974124726897,54.11704063618084,54.09529507057536,54.11390396380536,54.110849690650895,54.11843809061448,54.12743358746221,54.13114053353438
479.0,11.60148975791434,11.60148975791434,0.0,1,54.12532947637924,0.08639737661690816,5.48156524926576,54.038932099762334,54.045969696047685,54.060891407372075,54.05998758945228,54.08212977098202,54.09111418153956,54.10336891157864,54.10748317772592,54.12532947637924,54.129915254873914
480.0,11.640595903165735,11.640595903165735,0.1,-1,54.16403012690366,0.08567734080612865,5.269740936061182,54.07835278609753,54.07978988647785,54.09994026673101,54.08645814702113,54.121190462455374,54.129628289743145,54.142441417562715,54.152666601662254,54.16403012690366,54.194083603444675
481.0,11.680190875232777,11.680190875232777,0.1,-1,54.139106742876415,0.061977633381509634,3.4708317849440453,54.077129109494905,54.088378539764186,54.09260881767057,54.10711206975141,54.10811695682094,54.12609537493738,54.12362583650006,54.14344724836266,54.139106742876415,54.19147835942446
482.0,11.699255121042832,11.699255121042832,0.1,-1,54.11448798629194,0.0385296670889943,2.860307547886927,54.07595831920295,54.052056825866615,54.08544964921763,54.01015826003913,54.095222207450455,54.09334863365501,54.104995487825924,54.125022190385785,54.11448798629194,54.19702905917557
483.0,11.699255121042832,11.699255121042832,0.1,-1,54.09009337373339,0.01532898036664676,3.9270341179819366,54.07476439336674,54.066283561019084,54.07838267158612,54.044778976627136,54.08242796172324,54.08403824594474,54.0864739560734,54.09676327837358,54.09009337373339,54.12150854522582
484.0,11.731843575418996,11.731843575418996,0.1,-1,54.07347690061518,0.007628745274928406,4.327041378697264,54.07347690061518,54.08474564651233,54.071333557810114,54.09256454659068,54.06966162903833,54.08801047226757,54.067990386995135,54.091394431785815,54.06584815534025,54.12279761194489
485.0,11.74080540037244,11.74080540037244,0.1,-1,54.0722216427188,0.030347691214011263,3.9757798625937415,54.0722216427188,54.10331957745346,54.06442437872414,54.14129386416073,54.057046920491594,54.1005619573637,54.049670131937305,54.10424491558046,54.04187395150479,54.18535677562834
486.0,11.76443202979516,11.76443202979516,0.1,-1,54.07091059461696,0.052831907414507384,4.4195565746652115,54.07091059461696,54.08051399565526,54.05756353565819,54.07268896926676,54.04449378605454,54.06724089021226,54.031424689502145,54.06747520299808,54.018078687202454,54.11258835222934
487.0,11.787406890130356,11.787406890130356,0.0,-1,54.06960132740934,0.07508531786992734,5.130247319537688,54.06960132740934,54.097975089020935,54.05080517642697,54.11407058711045,54.03205783484385,54.06602804030289,54.0133111300978,54.05160370173831,53.99451600953941,54.076363724682345
488.0,11.797020484171323,11.797020484171323,0.1,-1,54.109060217697284,0.07446903507590008,5.3536002524749176,54.109060217697284,54.12756589514698,54.09057301675468,54.12472011871593,54.07182488541585,54.097096518727035,54.053077376485675,54.08455278247851,54.034591182621384,54.099657509968644
489.0,11.829608938547487,11.829608938547487,0.0,-1,54.10770745251653,0.09650691122487842,5.615585370005342,54.10770745251653,54.12151865080861,54.0838577688199,54.102309714843166,54.05945320238935,54.07547193413932,54.03504924291407,54.052252865573564,54.01120054129165,54.02995090884684
490.0,11.841014897579145,11.841014897579145,0.0,-1,54.147243749183424,0.09572492931870613,6.193447782656477,54.147243749183424,54.14717549695924,54.123775967572975,54.1038774597064,54.09938050801016,54.101160995296574,54.074985641651196,54.077994115960585,54.05151881986472,54.03435752618448
491.0,11.862197392923653,11.862197392923653,0.1,-1,54.186829317677145,0.09495546908679131,5.5877597300273205,54.186829317677145,54.170529883921354,54.163731065414616,54.104951605838046,54.139350824212826,54.13444253052959,54.11497116277504,54.12319191040625,54.09187384859035,54.10832814326884
492.0,11.88761638733706,11.88761638733706,0.1,1,54.185479412392,0.11679765804093023,5.7414447577175585,54.185479412392,54.17909969701738,54.15708754791858,54.128025078034185,54.127079843293366,54.13010643307333,54.09707270403758,54.111046166314104,54.06868175435107,54.095358019404316
493.0,11.894785847299817,11.894785847299817,0.1,1,54.161336796619544,0.09280728680058559,3.5176474474397805,54.161336796619544,54.16198132651138,54.13914701659848,54.12844509784575,54.114932431516,54.118196770888524,54.09071839776576,54.09695703619729,54.06852950981896,54.06198483482401
494.0,11.92737430167598,11.92737430167598,0.1,1,54.13737572356669,0.06907237949472744,3.5606084729418717,54.13737572356669,54.155054151392534,54.12126617364014,54.15603469447131,54.102838830034784,54.11848502735503,54.084412024072996,54.09681071120681,54.068303344071964,54.068373312565775
495.0,11.941224394785849,11.941224394785849,0.1,1,54.11369067360278,0.04558838583525926,4.063702515672882,54.11369067360278,54.1484667237928,54.10354366314629,54.183780718695076,54.09089579437442,54.12420540990787,54.07824844989731,54.1079926137714,54.06810228776752,54.112865379074755
496.0,11.959962756052144,11.959962756052144,0.1,1,54.09020773450795,0.02235090194002254,4.163351263279354,54.09020773450795,54.1420950850301,54.08590956010198,54.2076955435837,54.079031614267166,54.12544504391082,54.07215417970974,54.10929801613196,54.06785683256793,54.12185757157224
497.0,11.959962756052144,11.959962756052144,0.1,1,54.068384035542,0.002238024485045287,5.106925181615248,54.06694325877508,54.083357697380244,54.068384035542,54.09182603889901,54.06726477400787,54.08794806933418,54.06614601105696,54.089848930637004,54.06758759454842,54.107098248033566
498.0,11.992551210428308,11.992551210428308,0.0,1,54.067224974602276,0.023401456422263323,4.500384023448457,54.04382351818001,54.02524936970656,54.050897018632654,53.98079992471733,54.05552360994158,54.0472668319708,54.06015068745473,54.06349031109168,54.067224974602276,54.067994540456134
499.0,12.001838919925516,12.001838919925516,0.1,1,54.107657248655684,0.023169513268598507,5.510428770149213,54.084487735387086,54.09449565741109,54.091405155335245,54.101430606761895,54.09607186999146,54.11120562702182,54.10073905983628,54.1208197294811,54.107657248655684,54.13984648796349
500.0,12.02513966480447,12.02513966480447,0.0,1,54.10727728778821,0.04569813881240492,6.264735533350977,54.0615791489758,54.05321015844653,54.0740326829962,54.03660831998345,54.08442761179606,54.087660900656786,54.09482300398638,54.111473042294634,54.10727728778821,54.14380430826659
501.0,12.02513966480447,12.02513966480447,0.1,1,54.14774545511296,0.04528979243487896,7.101282782491961,54.10245566267808,54.093684604094996,54.114671280252665,54.0805771540744,54.125099966052616,54.132968836254655,54.13552910474427,54.163307356379725,54.14774545511296,54.22146474482886
502.0,12.02513966480447,12.02513966480447,0.1,1,54.14728022525246,0.06759665325683528,7.616416614331537,54.07968357199562,54.06397495151796,54.097344539044705,54.0471460328414,54.11348132050045,54.11579438342193,54.129618543603335,54.15443964113248,54.14728022525246,54.21465659829254
503.0,12.02513966480447,12.02513966480447,0.1,-1,54.1467268457686,0.08967651890768025,4.6124191464127655,54.05705032686092,54.05087857526044,54.08005985102017,54.05844102366627,54.10188802254502,54.112796317226135,54.123716624751644,54.156385467011134,54.1467268457686,54.229989359312334
504.0,12.02513966480447,12.02513966480447,0.1,-1,54.123281321761326,0.06592150724114276,3.245099121624967,54.05735981452018,54.06232321556093,54.07422132625324,54.08177035511939,54.09032001836849,54.10566225019706,54.106419130472396,54.13571982811709,54.123281321761326,54.18242719927956
505.0,12.02513966480447,12.02513966480447,0.1,-1,54.099987628394246,0.042419676022518615,4.136532905644061,54.05756795237173,54.06593231015024,54.068402458982305,54.08230688818199,54.07877725426066,54.090231081005605,54.08915245910004,54.105883564359814,54.099987628394246,54.11193067151893
506.0,12.02513966480447,12.02513966480447,0.1,-1,54.076843453270484,0.019166507680836276,3.839264242410904,54.05767694558965,54.06047088937355,54.062601315417176,54.06379384291316,54.067259676618775,54.080361617626146,54.07191843721267,54.09872555496259,54.076843453270484,54.129015887265744
507.0,12.02513966480447,12.02513966480447,0.1,-1,54.05768892669398,0.0038423698317444632,4.079318105139453,54.05768892669398,54.056326414054595,54.05681606463858,54.047423361302506,54.05576723194736,54.06590725916406,54.05471878873218,54.08022169568526,54.05384655686223,54.10430689199038
508.0,12.017970204841715,12.017970204841715,0.0,-1,54.05760595858612,0.026611189111235944,4.5138349935894215,54.05760595858612,54.06807318139371,54.05104497381243,54.071313836047885,54.04429986685801,54.05749070756141,54.037555139709596,54.05540755502658,54.03099476947489,54.04362033959873
509.0,11.992551210428308,11.992551210428308,0.1,-1,54.0981437829161,0.026396073607173776,5.048307016506783,54.0981437829161,54.1082930095035,54.0916873423766,54.11093489857061,54.084945260204144,54.09926919046833,54.078203549232654,54.09853678230406,54.07174770930892,54.09392639674708
510.0,11.992551210428308,11.992551210428308,0.1,-1,54.09775672219473,0.04893282845764446,4.801923225556129,54.09775672219473,54.10153266907891,54.0857140272617,54.08938359527569,54.07328983412185,54.087440222890166,54.06086600296666,54.08833580049171,54.04882389373709,54.10156371033225
511.0,11.992551210428308,11.992551210428308,0.0,-1,54.097279036908226,0.07123746819274857,5.2647177250359,54.097279036908226,54.10333293776307,54.07975223206598,54.087373392238554,54.06165984073256,54.07190118581895,54.043567802396325,54.05978827443041,54.02604156871548,54.03728233005132
512.0,11.992551210428308,11.992551210428308,0.0,-1,54.13753988594925,0.07066279796653419,6.59329557312954,54.13753988594925,54.142124604724096,54.12029114850422,54.11851856748336,54.10220803535574,54.09757200575513,54.084125267206794,54.06932506405582,54.06687708798272,53.97421980499982
513.0,11.992551210428308,11.992551210428308,0.0,-1,54.17780488615917,0.07009724497195435,6.861143416328198,54.17780488615917,54.15865205238159,54.16082525077697,54.09466289268395,54.142755822294795,54.11433605167045,54.12468673099572,54.08592426854691,54.10770764118722,53.95970816918681
514.0,12.00917132216015,12.00917132216015,0.1,1,54.218073908561756,0.06954051525294602,5.396350955223124,54.218073908561756,54.19730877919819,54.20135477611007,54.13801093939061,54.18330321955692,54.16266713172424,54.16525199254751,54.144650687363566,54.14853339330881,54.07039433760861
515.0,12.001513035381752,12.001513035381752,0.1,1,54.19451483407778,0.04603551192807487,2.8681263749019186,54.19451483407778,54.201627321589584,54.18378571322851,54.194166678301336,54.17149665744579,54.165263629303894,54.15920792302479,54.13575057844357,54.148479322149704,54.039166564295485
516.0,11.992551210428308,11.992551210428308,0.1,1,54.17107600883674,0.022777964910098092,4.222294210548945,54.17107600883674,54.173004668615675,54.166221957450425,54.1675357432506,54.15968661615824,54.16208399628822,54.15315158824888,54.153862586495215,54.148298043926644,54.131063742347514
517.0,11.992551210428308,11.992551210428308,0.1,1,54.14866026866766,0.0015839630904039836,4.064579760325646,54.14775031833046,54.16371437452338,54.14866026866766,54.185606726162455,54.147868134321435,54.15777484183814,54.14707630557726,54.14688164627726,54.147986750388974,54.116286246351805
518.0,11.992551210428308,11.992551210428308,0.1,1,54.147581745867484,0.023011848846110183,4.546670122595304,54.124569897021374,54.14144905122195,54.131136492072436,54.169489577939885,54.13607543133844,54.148432184276366,54.1410146686189,54.14452398428733,54.147581745867484,54.129707471154966
519.0,12.011615456238363,12.011615456238363,0.1,1,54.14708499522428,0.04555232459463099,4.569989778844983,54.10153267062965,54.128617604810266,54.113652107731696,54.176435792675306,54.12430845250667,54.14271676538443,54.134965087896894,54.138854390407154,54.14708499522428,54.12271120813322
520.0,12.02513966480447,12.02513966480447,0.1,1,54.14657115929417,0.06786177313113484,4.883267187765824,54.078709386163034,54.10401433945658,54.09628126757644,54.151326271422136,54.11263990175351,54.129168998442715,54.12899881933034,54.13038172347091,54.14657115929417,54.11705226430257
521.0,12.02513966480447,12.02513966480447,0.1,1,54.146020792774976,0.08994398813933913,6.233075545068303,54.05607680463564,54.06634704565545,54.07900399476688,54.09463456394181,54.101048436940914,54.11251912764577,54.12309315547835,54.13128538164904,54.146020792774976,54.155133601356155
522.0,12.02513966480447,12.02513966480447,0.1,1,54.14538393891247,0.11180264810204221,7.185993829013439,54.033581290810424,54.0666809032174,54.06176977978244,54.13996918881425,54.089482262079066,54.125352164794435,54.11719501387745,54.150983825253064,54.14538393891247,54.22107547351965
523.0,12.039641527001864,12.039641527001864,0.1,1,54.144662327999534,0.13344132102468365,7.862724579313881,54.01122100697485,54.02512995802959,54.04457978025935,54.0685127956235,54.07794132346382,54.09847328939858,54.11130312947876,54.135199511323904,54.144662327999534,54.20145152035592
524.0,12.057728119180634,12.057728119180634,0.0,1,54.143913012711195,0.15486346894984848,7.232479491016971,53.98904954376135,53.994793044019815,54.02749045760057,54.02798727307393,54.06648094275443,54.07756585755307,54.10547168419361,54.119144788089656,54.143913012711195,54.17112369196753
525.0,12.057728119180634,12.057728119180634,0.1,-1,54.18407978082593,0.15360303797243802,4.522739248460277,54.030476742853494,54.054745093654866,54.068296454443285,54.12016857238925,54.10727793395867,54.137490221046164,54.14625966395289,54.179472153917246,54.18407978082593,54.26041142522668
526.0,12.057728119180634,12.057728119180634,0.1,-1,54.1604347331903,0.12922357858214895,2.926569937670673,54.03121115460815,54.07445789389312,54.06264629745844,54.16257796470119,54.09582262415893,54.14050127311899,54.12899919511927,54.17097716072618,54.1604347331903,54.24705115003915
527.0,12.047788640595904,12.047788640595904,0.1,-1,54.13694582611674,0.10510641216112049,2.5957170979525586,54.031839413955616,54.04751331382056,54.05701802490542,54.08174702973153,54.084392308234506,54.11264422068768,54.11176682975888,54.1515701609872,54.13694582611674,54.23854323701287
528.0,12.008193668528865,12.008193668528865,0.1,-1,54.113572655692394,0.08124677086042453,5.499731996494219,54.03232588483197,54.07645758017056,54.051371575454056,54.14070073990217,54.072948966202034,54.097578686954336,54.0945265892313,54.092328541145065,54.113572655692394,54.04224159407497
529.0,11.992551210428308,11.992551210428308,0.1,-1,54.0901997303836,0.05764004228523589,4.680826681961688,54.03255968809837,54.05950822635847,54.04559183287566,54.089101321368936,54.06137941273015,54.08115310166367,54.07716721909877,54.084225736052524,54.0901997303836,54.07029182355173
530.0,11.992551210428308,11.992551210428308,0.1,-1,54.066916578559116,0.03428176298714902,3.654677129914761,54.03263481557197,54.0247037055951,54.03976873168442,53.99355955895674,54.049775407916584,54.05235432444095,54.0597823050389,54.07161274428083,54.066916578559116,54.09642919348784
531.0,11.997928305400372,11.997928305400372,0.0,-1,54.04378081473388,0.011167612245685632,4.088703634541948,54.03261320248819,54.04663235734195,54.033960321587664,54.046427410959126,54.038196726641175,54.0510530967642,54.0424333471005,54.05068023984463,54.04378081473388,54.03985820485628
532.0,12.02513966480447,12.02513966480447,0.1,-1,54.084327676463964,0.011123436367284967,4.126800657008895,54.07320424009668,54.07343683078474,54.07457664195087,54.05294225270852,54.07876568269888,54.08667717624891,54.08295493397238,54.09728645908215,54.084327676463964,54.1143131076419
533.0,12.02513966480447,12.02513966480447,0.0,-1,54.073124147114946,0.01175150266024616,4.463873519081615,54.073124147114946,54.06711038408837,54.06881580179836,54.03122031786441,54.06724812704561,54.06699847858546,54.06568065759136,54.07034652604523,54.0613726444547,54.06287873648902
534.0,12.02513966480447,12.02513966480447,0.1,-1,54.11372603573786,0.011610243446490642,4.861832397467625,54.11372603573786,54.1059240964637,54.109533254141894,54.06902927116785,54.10792065136406,54.104441575066026,54.10630824923341,54.10649204955001,54.10211579229137,54.08995237390741
535.0,12.02513966480447,12.02513966480447,0.1,-1,54.11346640278476,0.03425333051126955,3.6018552519380904,54.11346640278476,54.08131801840483,54.10369232219644,54.00687082520471,54.096339481399745,54.08746349943654,54.0889868362685,54.107465161999144,54.07921307227349,54.15216566455634
536.0,12.02513966480447,12.02513966480447,0.1,-1,54.113115946379395,0.05666423410244903,4.399111951714512,54.113115946379395,54.08911595678252,54.09786158508665,54.026162030588054,54.084783579558064,54.07765423352659,54.071705764836864,54.085349466070724,54.056451712276946,54.10221256198577
537.0,12.02513966480447,12.02513966480447,0.0,-1,54.112676521131554,0.0788467707701841,5.287098376065306,54.112676521131554,54.10791549613671,54.09203961287947,54.071231448393476,54.073252892177734,54.07114695543074,54.05446635754595,54.05634065364758,54.03382975036137,54.02019549948286
538.0,12.02513966480447,12.02513966480447,0.1,1,54.15301065301509,0.07817012014439229,5.403554723425035,54.15301065301509,54.159243241848685,54.13274240508394,54.14128008812318,54.11392535489255,54.117895645882946,54.09510848655544,54.09670399905592,54.074840532870695,54.05143870704554
539.0,12.02513966480447,12.02513966480447,0.1,1,54.12959631557519,0.05452999901774547,3.918928445905827,54.12959631557519,54.13819449322782,54.11542960868004,54.13120563293384,54.10233108392638,54.111149775624455,54.08923273651185,54.09813955918827,54.07506631655745,54.076241061629254
540.0,12.02513966480447,12.02513966480447,0.1,1,54.10633297761928,0.031141284663455338,4.343646896138044,54.10633297761928,54.11390875708135,54.09814824954084,54.1111003715946,54.090762108911264,54.099823712751075,54.083376141217784,54.09382958013224,54.075191692955826,54.083284520276685
541.0,12.02513966480447,12.02513966480447,0.1,1,54.08321835226339,0.007999510755269057,4.367257126464527,54.08321835226339,54.08489825642823,54.08090012006551,54.07639860155517,54.079218376130015,54.0798943762477,54.077536800836896,54.07671319366593,54.07521884150812,54.05050432189945
542.0,12.02513966480447,12.02513966480447,0.1,1,54.075149870036874,0.014899645578360321,5.551701494681516,54.060250224458514,54.07051900724705,54.06368691160823,54.08583466369867,54.06769983197296,54.08379253853809,54.07171291679295,54.09386413821161,54.075149870036874,54.12276615516678
543.0,12.02513966480447,12.02513966480447,0.0,1,54.07498681773476,0.03756036973432231,4.2506358624183616,54.03742644800044,54.03128515815485,54.04651021919034,54.021407805156166,54.05620642293778,54.051883800655716,54.06590278705733,54.06358758494899,54.07498681773476,54.05250406950109
544.0,12.02513966480447,12.02513966480447,0.1,1,54.11551052604465,0.037262521238190516,4.608824252341124,54.07824800480646,54.115556278086686,54.08719289428187,54.17807235187975,54.09687906025198,54.12526800779649,54.10656538296076,54.12256545284529,54.11551052604465,54.11766129182409
545.0,12.02513966480447,12.02513966480447,0.0,1,54.11516921435138,0.05969406760872431,4.882858154979428,54.05547514674266,54.05246224297188,54.06996755917879,54.04941376692613,54.08532198046756,54.0808561634064,54.100676554603446,54.09340013431421,54.11516921435138,54.07536021365649
546.0,12.02513966480447,12.02513966480447,0.1,1,54.15560395493525,0.05921887747712162,5.063822122578736,54.09638507745813,54.11319002082316,54.11065402889229,54.143839114565175,54.12599432065031,54.137077182422544,54.141334761792486,54.143658766468675,54.15560395493525,54.13261943532049
547.0,12.02513966480447,12.02513966480447,0.1,1,54.1550879930668,0.08142816671097819,6.175790358454269,54.07365982635582,54.074475223996956,54.09338286387094,54.08482695435498,54.11437371902002,54.11750714502826,54.1353647198443,54.139453731274656,54.1550879930668,54.15415823814838
548.0,11.998417132216016,11.998417132216016,0.1,1,54.15448384823825,0.1034103860360247,6.349011147291978,54.051073462202226,54.07366881085481,54.07615254479553,54.12612894857178,54.1027784692635,54.12351574831054,54.12940453578979,54.14545635449919,54.15448384823825,54.175021055463304
549.0,12.02513966480447,12.02513966480447,0.1,-1,54.15369131697055,0.12516924326911294,5.623827247019628,54.02852207370144,54.075309276787145,54.05886233392686,54.170263047615315,54.09110651399625,54.129836240771546,54.12335083259689,54.148983549099356,54.15369131697055,54.18493971067338
550.0,12.02513966480447,12.02513966480447,0.1,-1,54.130110598642425,0.10109678526261945,4.918461340231575,54.029013813379805,54.07873419305391,54.05312053755025,54.163356809878266,54.07956202917374,54.110887391671,54.10600365588897,54.11131085845734,54.130110598642425,54.08917086651626
551.0,12.02513966480447,12.02513966480447,0.1,-1,54.10668340763323,0.07728100119927461,5.571827563505185,54.02940240643395,54.08263925549013,54.04739839159833,54.16116600130499,54.06804273458679,54.09993698666588,54.088687209312894,54.089924531028764,54.10668340763323,54.051481766639114
552.0,12.02513966480447,12.02513966480447,0.1,-1,54.08340739851566,0.05371730724182555,5.198641737373016,54.029690091273835,54.08342797882454,54.04169393224515,54.15442875541002,54.05654857672952,54.09533784972298,54.07140334968069,54.0860804304192,54.08340739851566,54.07699287738843
553.0,12.02513966480447,12.02513966480447,0.0,-1,54.060280299840436,0.030401267294550394,4.752661783786312,54.029879032545885,54.0644091092854,54.036005300132274,54.09262738149534,54.045079502203194,54.067506680968485,54.0541538295513,54.055994934866746,54.060280299840436,54.028395398184365
554.0,12.02513966480447,12.02513966480447,0.0,-1,54.10085261126312,0.030200392165227186,5.7854848072979275,54.070652219097894,54.10579557733844,54.07672638012007,54.13185670996745,54.08575225490596,54.10548477507837,54.09477825213071,54.08970823878571,54.10085261126312,54.04638940416019
555.0,12.02513966480447,12.02513966480447,0.1,-1,54.14142535972079,0.030001225613062843,5.50671010656423,54.11142413410773,54.129936597828724,54.11744710477529,54.12709844801899,54.12642459027095,54.13376593220158,54.13540219543145,54.123197882727496,54.14142535972079,54.080093201071705
556.0,12.02513966480447,12.02513966480447,0.0,-1,54.118269602819225,0.006932801150263401,6.405869231802848,54.11133680166896,54.13346544355708,54.111594941764,54.127710083385914,54.11480304948998,54.11554997121877,54.11801127390972,54.08690625779516,54.118269602819225,53.99152591439945
557.0,12.02513966480447,12.02513966480447,0.1,-1,54.158937414118654,0.006924333999563714,5.398333737919605,54.15201308011909,54.156856836995814,54.15231535085741,54.12757422444964,54.15547509782561,54.15426358215187,54.15863495884372,54.14384096354919,54.158937414118654,54.10839781910995
558.0,12.02513966480447,12.02513966480447,0.1,-1,54.15174352849712,0.015906393995557266,5.062601182091528,54.15174352849712,54.14354367858881,54.14638558992278,54.09135490073569,54.143790185912785,54.13687329826912,54.141194893121025,54.13027283801316,54.135837134501564,54.11160051187745
559.0,12.02513966480447,12.02513966480447,0.1,-1,54.151381876215254,0.0385019436622116,5.331065732367649,54.151381876215254,54.125643994504735,54.140467260879916,54.042435595632064,54.13213076241227,54.11015289470252,54.123794372401484,54.10217131602684,54.11287993255304,54.06803876075284
560.0,12.02513966480447,12.02513966480447,0.0,-1,54.15093002191449,0.06086622049314627,4.331057642245094,54.15093002191449,54.09426402117317,54.13455887325763,53.95846832840222,54.120496773220964,54.068612879702435,54.106434778948355,54.05811398306657,54.090063801421344,53.9827757021639
561.0,12.02513966480447,12.02513966480447,0.1,1,54.19133361957161,0.06032943607007013,5.551862582865441,54.19133361957161,54.167388876075414,54.17526871977782,54.09461082106607,54.161168766226325,54.134495280961204,54.14706891604266,54.114776657979974,54.13100418350154,54.051512257668605
562.0,12.02513966480447,12.02513966480447,0.1,1,54.16790450915122,0.036865884391907855,3.535912044743343,54.16790450915122,54.15207234286972,54.15787153238757,54.10190651214975,54.14947143500455,54.126417706492454,54.14107143842291,54.10710079464832,54.13103862475931,54.04076671978113
563.0,12.02513966480447,12.02513966480447,0.1,1,54.14462528391161,0.013651073355021026,3.4919267083308894,54.14462528391161,54.14990473222461,54.14050679577565,54.1425844660915,54.1377996185595,54.12967392219136,54.135092539641995,54.107986391848385,54.13097421055659,54.04789294184136
564.0,12.02513966480447,12.02513966480447,0.1,1,54.13081308211966,0.009319387809199497,4.347445675076617,54.12149369431046,54.13902113780531,54.12317625226479,54.16060209032765,54.12615326273524,54.13513807768808,54.12913036906374,54.12411768499561,54.13081308211966,54.11484825741119
565.0,12.02513966480447,12.02513966480447,0.1,1,54.13055731057102,0.03204974944502936,5.396551700210842,54.09850756112599,54.11909117912672,54.105881545488266,54.15247061555934,54.11453231348414,54.132814244118265,54.12318317495807,54.13470122464754,54.13055731057102,54.168447512769404
566.0,12.02513966480447,12.02513966480447,0.1,1,54.13020889985249,0.05454412731902636,7.764555348042926,54.075664772533464,54.06802583791732,54.08862422499483,54.06344208557515,54.102936716866715,54.11119327726568,54.117249299895754,54.14163997778216,54.13020889985249,54.23554890716481
567.0,12.02513966480447,12.02513966480447,0.1,1,54.129769789518534,0.07680650820707768,6.498273710555151,54.052963281311456,54.05793697991641,54.07140575064469,54.07683925470419,54.091366419051404,54.0984655639337,54.111327176351985,54.11910765930918,54.129769789518534,54.1617599453211
568.0,11.992551210428308,11.992551210428308,0.0,1,54.12924185740567,0.0988407552335886,5.778246394433697,54.03040110217208,54.04033524637965,54.05422749680605,54.07065741624327,54.0798213663144,54.08536412746994,54.10541532250953,54.104161213107886,54.12924185740567,54.12414787278788
569.0,11.992551210428308,11.992551210428308,0.1,1,54.16939924198033,0.09805951854351491,7.544778113518385,54.071339723436814,54.06480852691174,54.09480447739875,54.07060085007782,54.12036937180502,54.1218139464132,54.145934350934056,54.1558861811977,54.16939924198033,54.21746647261767
570.0,11.992551210428308,11.992551210428308,0.1,1,54.16857822618564,0.11988293086064061,7.807831009924248,54.048695295325,54.046300961252335,54.07746026994895,54.06541046254463,54.10863665260532,54.11255493731797,54.13981311788093,54.15086409371922,54.16857822618564,54.214100166239454
571.0,11.992551210428308,11.992551210428308,0.0,1,54.16767221398105,0.14148515637614878,8.745948539448454,54.0261870576049,53.993377605591235,54.060158950504075,53.97003673099766,54.09692953032816,54.080807437109485,54.133700190720184,54.13869158864603,54.16767221398105,54.21772458675958
572.0,12.024487895716945,12.024487895716945,0.1,-1,54.2076630995699,0.14037126305007774,4.158179005670289,54.06729183651982,54.0259004132271,54.100752666353316,53.99241494771981,54.13747736496949,54.114081470321004,54.174202142328234,54.17492033287871,54.2076630995699,54.247948842469754
573.0,12.02513966480447,12.02513966480447,0.1,-1,54.18391105840836,0.11616346902551555,2.60531662096687,54.06774758938285,54.01196202883991,54.0949392411979,53.95146368542435,54.12582922337943,54.08467964219001,54.156719282348476,54.13729785370329,54.18391105840836,54.16597333058769
574.0,12.02513966480447,12.02513966480447,0.1,-1,54.160315984503,0.09221381150212693,3.084308899814804,54.068102173000874,54.025142409997386,54.089148164833816,53.98555387973448,54.114208980731405,54.08061724397464,54.13926987151002,54.121486160607645,54.160315984503,54.13620590828971
575.0,12.02513966480447,12.02513966480447,0.1,-1,54.136873024724814,0.06851767982681878,3.299134789493602,54.068355344897995,54.04338938329363,54.08337496751263,54.033142903554804,54.10261408922456,54.08568481519571,54.12185328395834,54.11886534064204,54.136873024724814,54.147467178348904
576.0,12.02513966480447,12.02513966480447,0.0,-1,54.113579894227286,0.04507061196716222,4.518400947651927,54.06850928226012,54.059968214176,54.07761777844467,54.06855165864032,54.091044495030125,54.07614668703468,54.10447128282441,54.086007386796595,54.113579894227286,54.055910209262514
577.0,12.02513966480447,12.02513966480447,0.1,-1,54.154102845264596,0.04477195513798904,4.680445512066175,54.10933089012661,54.10231577559139,54.11836085306598,54.113733555500296,54.1317167765939,54.119242242916094,54.145072769717316,54.129367369537654,54.154102845264596,54.107103803251384
578.0,12.02513966480447,12.02513966480447,0.1,-1,54.13087020631677,0.021572855195579166,5.114009003360776,54.10929735112119,54.10864623659985,54.11252913871607,54.124353743295394,54.12008368987918,54.11249294322617,54.12763830890986,54.1142464549014,54.13087020631677,54.08814023147741
579.0,12.009334264432033,12.009334264432033,0.0,-1,54.110241879400206,0.0035317294606329597,4.482161782804506,54.10916893953124,54.07497656305429,54.10671014993957,54.03015925945111,54.10847598157862,54.07813703197985,54.110241879400206,54.08749282985631,54.107783196894125,54.06537143840122
580.0,11.992551210428308,11.992551210428308,0.1,-1,54.15078439157786,0.003393210668093616,4.517798676736563,54.149740400621866,54.131757527272136,54.147391180909764,54.118375021127356,54.14908775390227,54.134966303104385,54.15078439157786,54.14377127778481,54.14843527652517,54.146302225671455
581.0,11.992551210428308,11.992551210428308,0.1,-1,54.14930798812598,0.024031037886544482,5.502744654447709,54.14930798812598,54.14427270688235,54.141367269049745,54.145635545910615,54.13729238661371,54.12887600700898,54.13321756725478,54.12286135172198,54.12527695023944,54.09993939296623
582.0,11.996787709497209,11.996787709497209,0.1,-1,54.14878495671711,0.046524253938443394,5.410533333983372,54.14878495671711,54.15169985599915,54.135353601387926,54.16174842003438,54.125522749228935,54.12830120631392,54.11569195858095,54.11968287815984,54.102260702778665,54.11977255147898
583.0,12.02513966480447,12.02513966480447,0.1,1,54.14818932459608,0.06878858482927086,5.668561444450123,54.14818932459608,54.13689504971078,54.12936492376869,54.11456070446482,54.113794953661646,54.100902580332054,54.0982250435384,54.08509658006359,54.07940073976681,54.050759285128386
584.0,12.02513966480447,12.02513966480447,0.1,1,54.124809131118,0.04521617870432948,3.7179362361373127,54.124809131118,54.10528432616096,54.11208902720361,54.07421805870627,54.10220096519555,54.07903870802242,54.09231296168199,54.06654073851696,54.07959295241367,54.01626872155642
585.0,12.02513966480447,12.02513966480447,0.1,1,54.10157990815845,0.021895122717872084,3.844869336021197,54.10157990815845,54.075308948383,54.09484384227485,54.03933412197126,54.09063227213034,54.05937295430359,54.08642075902801,54.05086657616876,54.07968478544058,53.99132664195816
586.0,12.02513966480447,12.02513966480447,0.0,1,54.0805465108573,0.0029153245913349224,3.4426479911112495,54.07849935747495,54.04924381172955,54.07763118626597,54.015803593687,54.07908882074868,54.04408046220316,54.0805465108573,54.04008261012244,54.07967842965292,53.980364735321054
587.0,11.99923184357542,11.99923184357542,0.1,1,54.1211807819309,0.0028390652163423624,3.819968569583368,54.11915752489012,54.09350555079509,54.11834171671456,54.067467419846295,54.119761222139914,54.08501644601525,54.1211807819309,54.07651193047378,54.120365061720776,54.006894936748914
588.0,12.02513966480447,12.02513966480447,0.0,1,54.12007411065229,0.0240374362889213,4.336755374710759,54.09603667436337,54.077815526599636,54.10097410273534,54.07538356750108,54.10805532310922,54.088887288659116,54.11513659649892,54.094921873528236,54.12007411065229,54.08744846052678
589.0,12.02513966480447,12.02513966480447,0.1,1,54.160665275780616,0.02387554346324805,6.19074380084031,54.13678973231737,54.0992050822638,54.141681360960916,54.06860812618094,54.14872743622271,54.12233233490345,54.155773563299164,54.14338200453297,54.160665275780616,54.172951877426
590.0,12.02513966480447,12.02513966480447,0.0,1,54.16029184283566,0.04646906963880326,5.329488336899432,54.11382277319686,54.07833621202809,54.12436034673628,54.05769268720585,54.13705724187399,54.10725835226438,54.14975418753989,54.12798229946575,54.16029184283566,54.137121873478115
591.0,12.02513966480447,12.02513966480447,0.1,1,54.2007909181792,0.046123555896414814,5.260802118232494,54.15466736228279,54.13054202320086,54.165067580199384,54.129065347400754,54.177729075587266,54.15226550398161,54.19039062035856,54.16445429650835,54.2007909181792,54.153281328234165
592.0,12.02513966480447,12.02513966480447,0.0,1,54.20023975736167,0.06848814093933697,5.649522881141549,54.131751616422335,54.08052335970136,54.14769725661886,54.04212024534737,54.16599562385327,54.12195426973237,54.18429403924499,54.15068515423269,54.20023975736167,54.1523282638006
593.0,12.02513966480447,12.02513966480447,0.1,1,54.24064990172642,0.06796530426473879,6.477118617829325,54.17268459746168,54.125399120976006,54.188407391285715,54.0981756399746,54.20666718798355,54.16738798349962,54.22492703174762,54.19724953451607,54.24064990172642,54.210177263911
594.0,12.002001862197394,12.002001862197394,0.1,-1,54.2399246515572,0.09010792968874881,5.840961996865575,54.149816721868454,54.115038894545286,54.17099063784233,54.114486037488476,54.19487062663201,54.15894583561176,54.218750661319355,54.1834306354829,54.2399246515572,54.1723996492638
595.0,11.992551210428308,11.992551210428308,0.1,-1,54.21621761717544,0.06641217825740853,3.2311083827765255,54.14980543891803,54.09065825117356,54.16492915452971,54.04901507234081,54.183011469457625,54.13600717380296,54.20109382914364,54.171070686807994,54.21621761717544,54.19060272960515
596.0,11.992551210428308,11.992551210428308,0.1,-1,54.19262530325961,0.042966271186863025,3.532002447739323,54.14965903207275,54.110995714598864,54.158849017057825,54.10208635010084,54.17114211053174,54.14207039953104,54.18343524765249,54.16810501991407,54.19262530325961,54.19827961019834
597.0,11.992551210428308,11.992551210428308,0.0,-1,54.16918161770193,0.019765846938895493,4.041652538780776,54.149415770763035,54.08927296909346,54.15278456157781,54.03757907141132,54.159298638516596,54.105102871576086,54.16581275801854,54.12205875177298,54.16918161770193,54.096387499689925
598.0,11.992551210428308,11.992551210428308,0.1,-1,54.20967362556343,0.01965538783751697,4.7138356088448035,54.190018237725916,54.13740383004934,54.19338336433649,54.10134017491782,54.19984587719111,54.149007126446605,54.206308431644565,54.160759994577745,54.20967362556343,54.12585696839716
599.0,11.992551210428308,11.992551210428308,0.1,-1,54.1895915666203,0.003303416601589504,4.526589602366565,54.1895915666203,54.131522491926916,54.18724355122394,54.085505950877675,54.18793980521794,54.13720093247713,54.18863609977793,54.14974604590315,54.18628815001871,54.13245567557799
600.0,11.959962756052144,11.959962756052144,0.0,-1,54.18907226431426,0.026025028991142563,4.609723209524803,54.18907226431426,54.14758228961199,54.18111630791481,54.127685165801395,54.17605969803555,54.14152589484286,54.171003127715096,54.1473698782674,54.16304723532312,54.14723382516089
601.0,11.959962756052144,11.959962756052144,0.1,-1,54.22936459947707,0.025764165279191786,4.4588893887251135,54.22936459947707,54.18553159051684,54.221586608231206,54.16396041247568,54.21648246622755,54.18255568219617,54.21137836288645,54.191928238412096,54.20360043419788,54.20399378525657
602.0,11.945949720670392,11.945949720670392,0.1,-1,54.228545324280816,0.04825895198755603,4.812922017531999,54.228545324280816,54.18642674438693,54.21525413372518,54.16321413928998,54.204415798933674,54.17182806889598,54.19357750184479,54.17510033672082,54.18028637229326,54.18155755180793
603.0,11.885335195530727,11.885335195530727,0.0,-1,54.22758411231598,0.07052411032820771,5.688777151225837,54.22758411231598,54.20283373224778,54.20887845904081,54.202212596348446,54.192322009023876,54.170483734177274,54.17576559577348,54.159661298801936,54.15706000198777,54.14992166855093
604.0,11.83417132216015,11.83417132216015,0.1,-1,54.26741564134662,0.06991077891052555,5.690008134675285,54.26741564134662,54.243194958244665,54.24905188896298,54.24256185552847,54.232460204853766,54.21141925434167,54.215868556678096,54.20052564096685,54.1975048624361,54.19241784754794
605.0,11.79457635009311,11.79457635009311,0.1,-1,54.26586082272286,0.09196258764361431,4.6430678244927845,54.26586082272286,54.25950114767568,54.242165625205686,54.28718308845526,54.21987948303132,54.22796256399557,54.197593375898336,54.22377299953273,54.17389823507924,54.2936273587491
606.0,11.745530726256986,11.745530726256986,0.1,-1,54.264071451403005,0.11379168961645547,4.567729596666453,54.264071451403005,54.25906102720085,54.23513784253253,54.281633523026294,54.20717556186392,54.220899511253684,54.17921331536667,54.21635749803335,54.15027976178655,54.301028826251766
607.0,11.699255121042832,11.699255121042832,0.1,-1,54.26201375203135,0.13540161899238967,5.245889223095674,54.26201375203135,54.23455778420011,54.227931813408624,54.20920564025235,54.194312898914895,54.18465597557954,54.1606940177441,54.1746463015963,54.12661213303896,54.21252619194322
608.0,11.722718808193669,11.722718808193669,0.1,1,54.25970045920201,0.1567958054607459,5.365974084292417,54.25970045920201,54.245319164216994,54.22055744288769,54.23316800487435,54.18130251393439,54.17532655085631,54.14204761747668,54.14854112444941,54.10290465374126,54.14786832054452
609.0,11.670903165735568,11.670903165735568,0.1,1,54.23459266192563,0.1323660296302407,4.1954661453700925,54.23459266192563,54.21849000811189,54.20187599485074,54.21021967307979,54.1684096056294,54.16704182727766,54.134943248096825,54.15344669611414,54.10222663229539,54.18795214729296
610.0,11.62918994413408,11.62918994413408,0.1,1,54.20944813991528,0.10820002579342969,4.125151333066486,54.20944813991528,54.18155213963463,54.18302805220993,54.156349811962485,54.155348086567365,54.13944755040918,54.12766815182678,54.12901998318355,54.10124811412185,54.13573344444902
611.0,11.589594972067038,11.589594972067038,0.0,1,54.18430332981626,0.08429296606992409,3.28296962423759,54.18430332981626,54.14585935078616,54.164054553748876,54.10595067968154,54.14215680733443,54.109112755267276,54.12025909105472,54.097084409677485,54.100010363746335,54.058898648623384
612.0,11.531098696461829,11.531098696461829,0.1,1,54.22298639644655,0.08362903762301954,3.1387277539476517,54.22298639644655,54.21671139045708,54.203042551278486,54.230001044062796,54.1811718390819,54.16947004235493,54.15930115633729,54.1431887274783,54.13935735882353,54.09484802627146
613.0,11.503724394785849,11.503724394785849,0.1,1,54.19754644710245,0.05998769251825564,4.028813833730809,54.19754644710245,54.20625575794672,54.18364273899031,54.251039680389546,54.16755256324738,54.17674510965257,54.1514624162252,54.16175032472152,54.13755875458419,54.171866050872396
614.0,11.470810055865924,11.470810055865924,0.1,1,54.17215728124222,0.03659574359345186,3.3329174591549156,54.17215728124222,54.168301168238784,54.16417731131364,54.18865187106497,54.153859372783,54.14037912261237,54.143541462260025,54.11905544064809,54.13556153764877,54.06175210719288
615.0,11.431215083798882,11.431215083798882,0.0,1,54.1467959770252,0.01344883260856733,3.3751752755465843,54.1467959770252,54.14783701286712,54.144627279720716,54.181733114872614,54.14007152496869,54.135764260831635,54.13551579752894,54.12406727707092,54.13334714441663,54.10297483443068
616.0,11.391620111731845,11.391620111731845,0.0,1,54.185176061759485,0.013377724760282206,3.674771001150266,54.185176061759485,54.17647356372188,54.18300378459209,54.19214791210043,54.178487164437136,54.16820712288747,54.17397057097566,54.16066923946887,54.1717983369992,54.14540404386251
617.0,11.330679702048418,11.330679702048418,0.0,1,54.22340615278672,0.013306499516851034,4.5872584021738865,54.22340615278672,54.18694085001548,54.22123105471969,54.15956641576709,54.216752868877755,54.19444661601297,54.21227470912452,54.206203381973175,54.21009965326987,54.23441269070298
618.0,11.279841713221604,11.279841713221604,0.1,1,54.261405832754576,0.01323518176399574,5.757576709922034,54.261405832754576,54.26754237603453,54.25922863638515,54.314111225897975,54.25478820849576,54.27140344498075,54.250347806103996,54.277864351941766,54.24817065099058,54.34671555853061
619.0,11.243016759776538,11.243016759776538,0.1,-1,54.24489463844937,0.009670725762767063,5.534019777695793,54.2352239126866,54.2369134311327,54.2387514782612,54.278968845439735,54.24005924301986,54.25496812655843,54.241367032643076,54.270786744716474,54.24489463844937,54.350082455622584
620.0,11.22346368715084,11.22346368715084,0.1,-1,54.23185950013891,0.01327171790895676,3.981469216349599,54.23185950013891,54.23210747875202,54.229583736228946,54.262421164816246,54.22522360944442,54.237089496790496,54.22086350690711,54.24574662752845,54.21858778222995,54.305570601824456
621.0,11.161056797020484,11.161056797020484,0.0,-1,54.22833372087378,0.03597404795523573,3.720946967342829,54.22833372087378,54.21104353562892,54.22036459415437,54.20185685904876,54.2103466659442,54.20132298107596,54.200328761379225,54.2012236622569,54.19235967291854,54.21036367429063
622.0,11.121461824953444,11.121461824953444,0.1,-1,54.26559941459592,0.035712751984647184,4.220045556702349,54.26559941459592,54.245556273379925,54.257727347497635,54.23446912511618,54.24774300835289,54.24231131169001,54.23775869231763,54.249931129341455,54.22988666261127,54.2879612715248
623.0,11.112662942271882,11.112662942271882,0.1,-1,54.261524627470806,0.05818284554729303,4.53100806024032,54.261524627470806,54.25560611026146,54.24806264256665,54.26303426743729,54.23243317519753,54.239817924088605,54.21680373036411,54.240148152375056,54.20334178192351,54.284271392577985
624.0,11.074860335195533,11.074860335195533,0.1,-1,54.25733408993939,0.08042084889250845,4.00117779399412,54.25733408993939,54.23521968119152,54.23838506609514,54.21217195151527,54.21712363672593,54.219082087032156,54.19586222933291,54.227353688824635,54.17691324104688,54.297122075552984
625.0,11.035265363128492,11.035265363128492,0.1,-1,54.25292077042912,0.10243063937076613,3.749396201816806,54.25292077042912,54.196877529280854,54.22858420565583,54.114685393788434,54.20170542269077,54.17950623834029,54.17482666115627,54.19576671616944,54.150490131058355,54.260581056304304
626.0,10.976443202979516,10.976443202979516,0.0,-1,54.24828015053954,0.12421597505748139,3.1982368454117696,54.24828015053954,54.21930348009362,54.21865230383377,54.17616807953866,54.186172135654346,54.17310639453688,54.15369198837339,54.162928863417136,54.12406417548206,54.165127008931115
627.0,10.92348696461825,10.92348696461825,0.0,-1,54.28449754843763,0.1232445196647447,4.358240720089199,54.28449754843763,54.26809094344571,54.25530866787546,54.245131019545525,54.2228752618686,54.214452682969544,54.19044187628672,54.19464036639871,54.16125302877288,54.17261020521371
628.0,10.884543761638737,10.884543761638737,0.0,-1,54.32052335375789,0.12228745734967106,5.342390016499663,54.32052335375789,54.30639120651384,54.291759812882454,54.28552109346638,54.25937959895216,54.24853209580089,54.226999404984085,54.222781194671825,54.19823589640822,54.17923816752473
629.0,10.876885474860336,10.876885474860336,0.0,-1,54.35641000146218,0.12134434131994709,7.764480125584273,54.35641000146218,54.36920373600394,54.328058726023,54.38935110910979,54.29573780526334,54.29944508488699,54.263416904013624,54.257570551018944,54.23506566014223,54.187921119956464
630.0,10.837290502793298,10.837290502793298,0.1,1,54.39227447601738,0.12041474288934495,5.306221343160244,54.39227447601738,54.38268259818166,54.36432292047371,54.366591839486624,54.33206707961246,54.3271424535983,54.29981125781913,54.30111359085364,54.27185973312803,54.27211027538097
631.0,10.77602420856611,10.77602420856611,0.1,1,54.36372329830062,0.09643093804524483,5.728330660832517,54.36372329830062,54.32256283750256,54.34192157711694,54.26770078131674,54.31550780493747,54.303656690376094,54.2890940513525,54.31332690531206,54.267292360255375,54.37389790806463
632.0,10.725512104283052,10.725512104283052,0.0,1,54.33510599301997,0.07270087002539327,4.7558004083607415,54.33510599301997,54.29801185797418,54.31933488101962,54.255472777588444,54.29875553427108,54.281936642929665,54.27817620565538,54.287678540116005,54.26240512299458,54.31123210404865
633.0,10.685917132216016,10.685917132216016,0.1,1,54.37061076018547,0.07218375764641394,4.471219301655596,54.37061076018547,54.36125031602816,54.35501937694519,54.36483410120971,54.33451885816385,54.33636446601593,54.314018357104516,54.33092324565122,54.29842700253906,54.34566944462164
634.0,10.646322160148976,10.646322160148976,0.0,1,54.34174371789782,0.048709982314747435,5.563111073391251,54.34174371789782,54.30470547208903,54.33206277044724,54.27003431065573,54.31738870411801,54.302371748666104,54.30271465507078,54.31629324779975,54.29303373558307,54.352798540653666
635.0,10.623836126629424,10.623836126629424,0.1,1,54.37705273276385,0.04839255795092612,6.780467716790957,54.37705273276385,54.31985901968527,54.367448639007534,54.25761593649071,54.35285643167849,54.32870697312569,54.3382642412399,54.35685755125601,54.328660174812924,54.42128703814775
636.0,10.599720670391063,10.599720670391063,0.1,1,54.3480382308736,0.02516677147901447,7.085949282278997,54.3480382308736,54.30779903898531,54.34423211639927,54.28365852336479,54.335454823573144,54.32587977593669,54.32667754721811,54.35743448166103,54.322871459394584,54.43769169166237
637.0,10.560125698324024,10.560125698324024,0.1,1,54.320976545421246,0.005950555619143927,7.200067007480787,54.319092049903134,54.29773543808062,54.320976545421246,54.311610978914146,54.318001259580605,54.32305090436455,54.3150259898021,54.35541382312455,54.31691051130932,54.443287756949964
638.0,10.520530726256984,10.520530726256984,0.0,1,54.31072186718249,0.020567183671523992,5.467332109339824,54.29015468351096,54.25371316874017,54.297625961815875,54.245216817333926,54.30043825484314,54.286173308405004,54.30325056353374,54.32020543168113,54.31072186718249,54.367487500342364
639.0,10.480935754189945,10.480935754189945,0.1,1,54.34559870759889,0.020322210416331643,5.574641285375263,54.32527649718256,54.31835861388799,54.33254890823913,54.35625394630927,54.33543758235167,54.33755688008394,54.33832627177267,54.355240724328326,54.34559870759889,54.37440108001224
640.0,10.441340782122904,10.441340782122904,0.0,1,54.33896468815853,0.042845392774353286,4.808492955426933,54.29611929538418,54.291234527943644,54.30888626007442,54.33441252721102,54.31754197222985,54.31830472207346,54.326197699313646,54.336955162585106,54.33896468815853,54.3456351598652
641.0,10.375186219739296,10.375186219739296,0.1,-1,54.373460177398215,0.04242678133658728,5.342724352438726,54.33103339606163,54.32456500746054,54.34352365410048,54.36630502463545,54.35224676763115,54.36108319735791,54.36096989575198,54.39033398419872,54.373460177398215,54.44568470470622
642.0,10.33054003724395,10.33054003724395,0.1,-1,54.34348142121573,0.01911931824965052,2.9346072514570674,54.32436210296608,54.30763317188326,54.33085726000013,54.32785914312902,54.33392174346632,54.34271807983503,54.336986241160425,54.37838987772155,54.34348142121573,54.46410814802767
643.0,10.31457169459963,10.31457169459963,0.1,-1,54.318058389253316,0.005174730902773206,3.443537425977388,54.31744151026799,54.28355869965779,54.318058389253316,54.26734541366768,54.3154710168646,54.30553331618429,54.31288365835054,54.334602490671266,54.31350055978554,54.37940744895937
644.0,10.250372439478586,10.250372439478586,0.0,-1,54.31038049172795,0.026758392223293015,3.345964389786702,54.31038049172795,54.28419920179603,54.30523194247964,54.273373220206075,54.297001277905075,54.28581283426864,54.28877062686069,54.29864920159168,54.283622099504655,54.301007483863614
645.0,10.210777467411546,10.210777467411546,0.0,-1,54.344292688177994,0.02658957880251478,4.596754145648391,54.344292688177994,54.34532267003771,54.339178016678936,54.37780212090395,54.330997881466786,54.33755745302435,54.32281775947826,54.33801584571878,54.31770310937548,54.329207089246715
646.0,10.200186219739294,10.200186219739294,0.0,-1,54.378058655542446,0.0264218761779631,4.992012317607147,54.378058655542446,54.372041782525535,54.372977579382095,54.389806958160825,54.3648477005357,54.36453456098577,54.35671783461332,54.364592824652306,54.35163677936448,54.34601582679043
647.0,10.13158752327747,10.13158752327747,0.1,-1,54.411785780419805,0.02625527508995873,4.998593800465572,54.411785780419805,54.41746338731759,54.40673802197188,54.453960150764686,54.39865812634036,54.411389218446196,54.39057824334004,54.41185663752108,54.38553050532985,54.41640316258812
648.0,10.09199255121043,10.09199255121043,0.1,-1,54.40374923182351,0.04883851496961,4.528940447171837,54.40374923182351,54.38393463955288,54.393044038102666,54.372589863160705,54.37932995821476,54.377130517676804,54.36561589064445,54.38456706371728,54.3549107168539,54.40120601045757
649.0,10.05239757914339,10.05239757914339,0.0,-1,54.395491238042446,0.07118720508338328,5.104675703318016,54.395491238042446,54.39236090682576,54.379234027783674,54.398473991662776,54.35989761977714,54.36037791439869,54.34056122378238,54.345169150355254,54.32430403295906,54.30662335238233
650.0,10.037243947858476,10.037243947858476,0.0,-1,54.42848911003051,0.07065415405521946,6.139769480833898,54.42848911003051,54.42751081388701,54.41244794413622,54.43358174538441,54.39316201763553,54.390123415421016,54.37387610287447,54.36743983636745,54.35783495597529,54.30317265530666
651.0,10.005796089385475,10.005796089385475,0.1,-1,54.46143442359136,0.07012818681450739,6.871535121275449,54.46143442359136,54.463800497808386,54.44560304587611,54.47409601134655,54.42637031516491,54.42688612863,54.40713759592735,54.40334495410924,54.391306236776856,54.34614113512441
652.0,9.966201117318436,9.966201117318436,0.1,1,54.452648792833955,0.09226255574194653,5.121868374394035,54.452648792833955,54.45262366495063,54.43135413854818,54.45219434174336,54.40651750031668,54.40680346678571,54.38168087327396,54.379344834014134,54.36038623709201,54.32542535238176
653.0,9.913733705772817,9.913733705772817,0.1,1,54.420841073206155,0.06855816718184116,3.7959588641062583,54.420841073206155,54.42960619739723,54.40558515676185,54.45006427452073,54.386561975332576,54.39971432402578,54.36753880481428,54.38181066989915,54.352282906024314,54.36790014903828
654.0,9.854422718808197,9.854422718808197,0.0,1,54.38900832609498,0.04510326586445501,4.62977135326432,54.38900832609498,54.38877891633255,54.3796753372434,54.40121724760734,54.36645667923471,54.380700449741376,54.353238031866105,54.38027926941597,54.343905060230526,54.411109424359104
655.0,9.814827746741155,9.814827746741155,0.0,1,54.42139041325166,0.04479725040366844,5.58664785794974,54.42139041325166,54.40255082337622,54.41214672942392,54.38511923264757,54.398991774437334,54.40221245810258,54.38583682984978,54.41155573760151,54.37659316284799,54.454139936295256
656.0,9.775232774674118,9.775232774674118,0.1,1,54.45362823743891,0.04449416312419885,4.451876749781999,54.45362823743891,54.44306874036805,54.44447197481412,54.435988107353005,54.43138114257273,54.4309023324959,54.418290320494776,54.42660637980179,54.409134074314714,54.418122870829336
657.0,9.735637802607076,9.735637802607076,0.1,1,54.421314837915105,0.021291527464526894,5.379559059869104,54.421314837915105,54.421776228572256,54.41796551213386,54.44086120388632,54.41066906120908,54.42562837384969,54.403372620195384,54.43177856880853,54.40002331045058,54.46727240804879
658.0,9.69604283054004,9.69604283054004,0.1,1,54.39137117995568,0.0030288884248008685,5.435035935648188,54.389021587971875,54.405339388239845,54.39137117995568,54.45367710759798,54.389856730910765,54.416226667303214,54.388342291530876,54.42250423092422,54.39069189915295,54.46149043352446
659.0,9.656447858473,9.656447858473,0.0,1,54.38114219608233,0.024395417613952475,3.6959663330482173,54.35674677846838,54.363599524358335,54.364690842597135,54.3958337710978,54.36894447493783,54.38012199193678,54.37319811670358,54.385654676330354,54.38114219608233,54.38584547733275
660.0,9.616852886405962,9.616852886405962,0.0,1,54.41282032416048,0.024134942533670767,4.657651072796935,54.38868538162681,54.38089517436243,54.39643870627385,54.38914151131352,54.40075284083564,54.404368910867504,54.40506698460894,54.41833219065813,54.41282032416048,54.43433316156057
661.0,9.57725791433892,9.57725791433892,0.1,1,54.44435637069421,0.02388072154175802,3.873564104041721,54.42047564915245,54.43870210435482,54.42804548029239,54.482844830264504,54.43241599813852,54.4415288279523,54.436786524987454,54.430689715346226,54.44435637069421,54.37738229581644
662.0,9.537662942271885,9.537662942271885,0.0,1,54.434169199270514,0.04638642306584728,3.9373401554764005,54.387782776204666,54.39244167084971,54.40086105679579,54.41781299155789,54.410975976245375,54.410597793792796,54.42109090447424,54.40964723073025,54.434169199270514,54.36544743251048
663.0,9.498067970204842,9.498067970204842,0.0,1,54.46532812827921,0.045957604175157485,4.8573641480813725,54.41937052410405,54.406444510753616,54.432185813118075,54.405918918915205,54.442349314959785,54.43721507138591,54.45251282538187,54.45117640746946,54.46532812827921,54.4499666450098
664.0,9.458472998137806,9.458472998137806,0.1,1,54.49634648358994,0.0455374084183191,5.49064645062049,54.45080907517162,54.4625535177922,54.463370792211705,54.503151768647975,54.47357776840341,54.48951719323159,54.48378475298109,54.49849897947334,54.49634648358994,54.51390157176441
665.0,9.450651769087523,9.450651769087523,0.1,-1,54.485530171338624,0.06783239509405803,5.030943994514091,54.417697776244566,54.41393845733417,54.435689108142654,54.43666224273016,54.45161396308677,54.46440744149926,54.46753882620866,54.493899753115855,54.485530171338624,54.55618313632161
666.0,9.373091247672257,9.373091247672257,0.1,-1,54.451814108579946,0.04428937915784559,3.807154273641653,54.4075247294221,54.41461181007838,54.419446707078734,54.44650221073782,54.429669408561985,54.44579865254694,54.43989211801996,54.4609948970363,54.451814108579946,54.49283532949998
667.0,9.307099627560522,9.307099627560522,0.1,-1,54.41798791972055,0.02099650384846541,4.020267867562618,54.39699141587209,54.39545174424654,54.40296274464441,54.40619013075605,54.407489657616466,54.416857817294094,54.41201657836525,54.42892734175338,54.41798791972055,54.451817828115274
668.0,9.287709497206706,9.287709497206706,0.0,-1,54.386278423832714,0.0023213577582552603,2.5219280156424215,54.38614308424791,54.3687958242351,54.386278423832714,54.345322192221005,54.385117741161764,54.37502605220664,54.38395706607446,54.377933629314654,54.38409241792983,54.35421195920104
669.0,9.260498137802609,9.260498137802609,0.0,-1,54.416718722059954,0.002278862911531121,3.0058354514514454,54.41660684865861,54.40098389381463,54.416718722059954,54.38181060403367,54.41557928689828,54.405819557423776,54.41443985914842,54.40709302046352,54.41455174454233,54.38025989800188
670.0,9.188314711359409,9.188314711359409,0.1,-1,54.4470605675208,0.0022378341664364143,4.1384886523693005,54.446971042541186,54.452689506874954,54.4470605675208,54.47367486350203,54.44594164681563,54.463752016135444,54.444822733354364,54.47147606015394,54.444912270054836,54.507703558790624
671.0,9.15735567970205,9.15735567970205,0.1,-1,54.43548545110976,0.024863010895998627,4.315199004173406,54.43548545110976,54.461886948097295,54.429852058708455,54.510513115121725,54.42305393641482,54.46103989224033,54.41625582118522,54.46199054712298,54.410622440213764,54.51735435934474
672.0,9.126070763500932,9.126070763500932,0.0,-1,54.423818626771755,0.04743007247187592,3.703452999726898,54.423818626771755,54.43361461178251,54.412569286989736,54.44523667450057,54.40010358151846,54.423185301675794,54.38763788293583,54.4212108814418,54.37638855429988,54.4539587762318
673.0,9.069529795158289,9.069529795158289,0.1,-1,54.45350812393771,0.04706122242594546,4.179823890434656,54.45350812393771,54.44931723176907,54.44242326779917,54.438431205138706,54.42997750391167,54.44540852125558,54.41753174675676,54.45162330108259,54.406446901511764,54.49602687199368
674.0,9.05959031657356,9.05959031657356,0.0,-1,54.44139404602396,0.06940132402938559,3.9119476833362987,54.44139404602396,54.45713402227818,54.424791239729636,54.46984721928689,54.40669337541502,54.42967592707659,54.38859551766582,54.41575142339097,54.37199272199457,54.41755743921006
675.0,9.022928305400374,9.022928305400374,0.0,-1,54.47075458879159,0.06885694124270003,4.535894561188485,54.47075458879159,54.486034902188536,54.4543994635396,54.49551887275052,54.43632610977071,54.457380559431336,54.4182527624185,54.44166687669098,54.40189764754889,54.43463172572959
676.0,8.972253258845441,8.972253258845441,0.0,-1,54.49998618481713,0.06832067956947441,4.2369984213905125,54.49998618481713,54.48967618919476,54.48387102132344,54.45878303353535,54.465825836823164,54.472527188520786,54.44778065859419,54.47067376917585,54.43166550524766,54.48532671552003
677.0,8.911149906890133,8.911149906890133,0.1,-1,54.52903807769807,0.06779228590519182,5.206151048046357,54.52903807769807,54.54267139603351,54.51315546976547,54.55127809698479,54.49514192672223,54.519525462493434,54.477128389808215,54.510053491650154,54.46124579179288,54.52570156107951
678.0,8.871554934823092,8.871554934823092,0.0,-1,54.516107559236204,0.08993004844977293,5.106044450487547,54.516107559236204,54.523068811628505,54.494783453506926,54.514303648011825,54.47114252718728,54.49131806312003,54.447501606844675,54.47940148711891,54.42617751078643,54.49178912763808
679.0,8.831959962756054,8.831959962756054,0.0,-1,54.54470988527894,0.08923086079582276,5.36462993800271,54.54470988527894,54.5391155442556,54.523697390791106,54.50717495211682,54.50009444723426,54.50356065796952,54.47649150951903,54.48752279556062,54.45547902448312,54.46078681846823
680.0,8.824953445065177,8.824953445065177,0.1,1,54.573174198521095,0.08854189043812966,4.946657385460065,54.573174198521095,54.57359210257122,54.552463720675874,54.5483159801917,54.52890324582851,54.52646253146364,54.505342776690405,54.49640969226714,54.484632308082965,54.41846349963965
681.0,8.78535847299814,8.78535847299814,0.1,1,54.53695136175632,0.06486473727197506,3.3777061587573454,54.53695136175632,54.56837675023736,54.52228012041223,54.60118105662104,54.50451898583237,54.53241041727037,54.48675785682001,54.50562724636362,54.47208662448435,54.475054070295364
682.0,8.725232774674115,8.725232774674115,0.1,1,54.50076342485462,0.041437028547811394,4.308270640837953,54.50076342485462,54.511930741121006,54.492015360898684,54.51675568367255,54.4800449034737,54.497108806692914,54.46807445147798,54.487130565518726,54.45932639630681,54.48233649606651
683.0,8.673580074487894,8.673580074487894,0.0,1,54.464534525068714,0.018254417060639128,2.9928134397506607,54.464534525068714,54.45444164959158,54.46159749485727,54.42886495874069,54.455407309607835,54.45227471119505,54.44921712965287,54.45004493359832,54.446280108008075,54.42726477202396
684.0,8.666573556797017,8.666573556797017,0.0,1,54.4927243862107,0.01815811605932538,4.75569037638685,54.4927243862107,54.499041169452916,54.48978217335224,54.50500774426199,54.4836453214075,54.50214421380704,54.47750847463728,54.50550272244203,54.47456627015138,54.53326515282071
685.0,8.635940409683425,8.635940409683425,0.0,1,54.520888822863235,0.018061645123026437,5.952591659009529,54.520888822863235,54.49511474624164,54.51794247165205,54.45166629008662,54.511857993681645,54.510814316769455,54.50577352076853,54.530237541630626,54.50282717774021,54.576738672097754
686.0,8.604003724394781,8.604003724394781,0.0,1,54.54894284980207,0.017965038492782526,5.336255686295331,54.54894284980207,54.52340731614672,54.54599335456393,54.48083065298851,54.539960324085584,54.53151580553448,54.53392729854994,54.543132267818535,54.530977811309285,54.55092523747348
687.0,8.524813780260708,8.524813780260708,0.1,1,54.57688186607903,0.017868328771214692,5.387020182940353,54.57688186607903,54.575665489029646,54.57393017334814,54.57585919541153,54.56794769536992,54.58071000204414,54.56196522222242,54.58838362545679,54.55901353730781,54.61447786929814
688.0,8.50558659217877,8.50558659217877,0.1,1,54.544934537808096,0.005073037059631247,5.202388547213748,54.539861500748465,54.53627094605544,54.54261636597073,54.53630953618276,54.54239801311178,54.5480300584287,54.54217966496362,54.55626714371008,54.544934537808096,54.560154581944914
689.0,8.468598696461823,8.468598696461823,0.0,1,54.53072363722156,0.027777464629757276,5.7581355150290765,54.502946172591805,54.502263109701865,54.51130258996457,54.514462305628854,54.516834898893286,54.52872805686243,54.52236721241583,54.546445694591675,54.53072363722156,54.57714014034939
690.0,8.429003724394784,8.429003724394784,0.1,1,54.558087885394414,0.027503469187422525,5.088974662096248,54.53058441620699,54.531758245533524,54.538757536622605,54.54349635437915,54.54433614492355,54.549771648228976,54.54991475771424,54.557971910526355,54.558087885394414,54.54848003917436
691.0,8.389408752327745,8.389408752327745,0.1,-1,54.5434849380038,0.04998152128364808,5.250518422764804,54.49350341672015,54.47885403773745,54.50718370104221,54.47459109061538,54.51849417163074,54.52113904998811,54.52980464659755,54.55038470267813,54.5434849380038,54.591302350196585
692.0,8.324394785847296,8.324394785847296,0.1,-1,54.50587589627152,0.026618630425588208,3.291072049514742,54.47925726584593,54.43988620729094,54.48694326306486,54.392027927817175,54.49256657546979,54.47601993437486,54.49818989214429,54.50728459313612,54.50587589627152,54.53613849908835
693.0,8.277630353817505,8.277630353817505,0.0,-1,54.46821423077023,0.003503027616851284,3.308750357484101,54.46471120315338,54.44423611203665,54.46651924007205,54.42349551741667,54.46646271151163,54.46033535688947,54.46640618711477,54.47614913573032,54.46821423077023,54.48297785498179
694.0,8.238035381750464,8.238035381750464,0.0,-1,54.49500236423502,0.003443744486794742,3.6059278579022185,54.491558619748226,54.47181968142551,54.493306446900796,54.45325041299262,54.493280486664936,54.48547343005287,54.4932545304983,54.498623693684,54.49500236423502,54.49463980753064
695.0,8.212290502793294,8.212290502793294,0.1,-1,54.521649932260544,0.0033864355538568702,4.0966831163180695,54.51826349670669,54.489989538181185,54.519953589434216,54.460141403365135,54.51995670927761,54.50707600627524,54.51995983309803,54.52453311035149,54.521649932260544,54.52705956483312
696.0,8.19143389199255,8.19143389199255,0.0,-1,54.50313375917928,0.019482110037642997,3.827653877492536,54.50313375917928,54.50014268336674,54.49906337280916,54.50104937055964,54.49339269908371,54.48420495605503,54.48772202923654,54.47027396940778,54.483651649141635,54.39334322621056
697.0,8.151838919925508,8.151838919925508,0.0,-1,54.52957690675046,0.019348647824294574,4.990880008584029,54.52957690675046,54.53947528387971,54.52554701593848,54.560676247167116,54.51990257787658,54.52127804068768,54.5142581436051,54.50315145888622,54.51022825892616,54.434481532142854
698.0,8.114525139664803,8.114525139664803,0.0,-1,54.555879400677924,0.019216513401723034,5.474783093920962,54.555879400677924,54.56282404691399,54.55188910774647,54.57941827715652,54.54627113912775,54.55060775167927,54.540653174213574,54.53833599136473,54.5366628872762,54.49721732463258
699.0,8.105237430167596,8.105237430167596,0.0,-1,54.58204946448517,0.019085677336384776,6.918001259875993,54.58204946448517,54.597425727318395,54.578097905022865,54.62165970484402,54.57250662107753,54.572921404071515,54.566915340752814,54.54541711494448,54.56296378714879,54.45456309741143
700.0,8.081936685288639,8.081936685288639,0.1,-1,54.608186990446725,0.01895611128547614,6.88375872310279,54.608186990446725,54.630440097471734,54.604273331913596,54.664831194935886,54.59870893017192,54.60850916137513,54.593144531968825,54.58241292778176,54.58923087916125,54.516011315796064
701.0,8.058635940409681,8.058635940409681,0.1,-1,54.59230510732211,0.041592390112100475,5.720156134810019,54.59230510732211,54.5969440870556,54.58273560448981,54.599002737235715,54.571508907749,54.57827000224383,54.560282214458915,54.56297434646899,54.55071271721001,54.54173444654133
702.0,8.049348230912475,8.049348230912475,0.1,1,54.576282132126956,0.06399405614520504,5.459136935695865,54.576282132126956,54.60500708575425,54.56116168725299,54.6387166742598,54.54428509964944,54.56965945373043,54.527408515410954,54.54145054193644,54.51228807598175,54.520583135165396
703.0,8.044622905027934,8.044622905027934,0.1,1,54.537364216047536,0.04055350970342175,3.4828545839946132,54.537364216047536,54.541448738436756,54.5281971545155,54.53583160676467,54.51708745690028,54.51700085054877,54.50597776256657,54.49412540798104,54.496810706344114,54.44110510230573
704.0,8.016759776536311,8.016759776536311,0.0,1,54.498611710085555,0.017359078794598304,3.090964544211884,54.498611710085555,54.48350702702524,54.49528444225976,54.45614451051576,54.48993216649936,54.48286696574838,54.48457989393901,54.48022143022162,54.48125263129096,54.4702162784053
705.0,8.016759776536311,8.016759776536311,0.0,1,54.524444843227386,0.01724998238830011,3.253283212731142,54.524444843227386,54.484513127477754,54.521138925048234,54.419420130986865,54.51581984793924,54.48871319712666,54.5105007739578,54.49293567136306,54.507194860839085,54.47435573498294
706.0,8.042504655493481,8.042504655493481,0.0,1,54.55027823219636,0.017141586005344323,5.342338998021909,54.55027823219636,54.501978977279606,54.54699350790742,54.432717495950655,54.54170743519245,54.51844518010384,54.53642136553417,54.53776881744438,54.53313664619102,54.57167862070958
707.0,8.049185288640592,8.049185288640592,0.1,1,54.57620345733795,0.01703388453872634,4.689603576568369,54.57620345733795,54.57757510194166,54.57293977310513,54.58915529099881,54.567686511157994,54.57448624274766,54.56243325219831,54.57068965205537,54.55916957279922,54.574392674815435
708.0,8.023929236499066,8.023929236499066,0.1,1,54.54339533803766,0.005915898714135892,3.8551602640978846,54.537479439323526,54.56412503528201,54.53994517544123,54.61670197288853,54.5404373848671,54.55752769190156,54.54092959720624,54.54129285608408,54.54339533803766,54.50965125863813
709.0,8.049348230912475,8.049348230912475,0.0,1,54.52747167314124,0.028627975796347016,3.934069566074189,54.498843697344896,54.50165583387934,54.50693274291237,54.51941274563869,54.513157681524255,54.51504662709023,54.51938262297708,54.5145469021994,54.52747167314124,54.49980884554776
710.0,8.028165735567969,8.028165735567969,0.0,1,54.55334258479696,0.02836274715068754,3.725708004872933,54.52497983764627,54.48755774121105,54.53290570818947,54.44014527280746,54.53916120758706,54.5086622767051,54.54541670976122,54.51849014015719,54.55334258479696,54.48903783522505
711.0,8.044948789571693,8.044948789571693,0.0,1,54.579140719147404,0.028102868789169122,4.48976807577351,54.551037850358234,54.52314765130352,54.55880639718245,54.494737377418694,54.565089281200606,54.54118703023737,54.57137216793243,54.547633497058925,54.579140719147404,54.51906058324914
712.0,8.049348230912475,8.049348230912475,0.1,1,54.605001054780665,0.027848148855575516,5.618453662317181,54.57715290592509,54.56980156226062,54.584769736408425,54.579907612782435,54.59107697688115,54.591449126701406,54.597384220006056,54.60158018110555,54.605001054780665,54.62191616723402
713.0,8.049348230912475,8.049348230912475,0.1,1,54.58894940407349,0.05034369233803204,4.6041984249072945,54.53860571173546,54.55142523033441,54.551761099767845,54.5946732827704,54.56377755451894,54.569257754949646,54.575794011856374,54.56727353490621,54.58894940407349,54.54494378631266
714.0,8.049348230912475,8.049348230912475,0.1,1,54.57284190117358,0.07260877437484226,4.825121068997854,54.50023312679874,54.552820164397595,54.51882703974564,54.66340536741963,54.53653751068469,54.576385059592695,54.55424798414586,54.571844724875874,54.57284190117358,54.58284749359617
715.0,8.049348230912475,8.049348230912475,0.0,1,54.5566803126304,0.09464717545441914,4.642626081409438,54.46203313717598,54.49643513851429,54.48596879044059,54.57410218530497,54.50935672168369,54.52953855538407,54.53274465538629,54.52877147284327,54.5566803126304,54.51148846438078
716.0,8.018715083798883,8.018715083798883,0.0,1,54.58229144381763,0.09386235855984637,4.376958734212804,54.488429085257785,54.49978514367834,54.51196335058552,54.53535560290072,54.53536026139115,54.53555511244491,54.55875717460056,54.53838216562901,54.58229144381763,54.50518172577522
717.0,8.016759776536311,8.016759776536311,0.1,1,54.607800088916626,0.0930907026197616,5.313401663357239,54.514709386296865,54.55259564677153,54.53785557185442,54.631630141199096,54.561254734531474,54.58912536125256,54.58465389955784,54.591851072332084,54.607800088916626,54.602279065409945
718.0,8.016759776536311,8.016759776536311,0.1,-1,54.591371929970094,0.11493535469897154,5.567328826183982,54.47643657527112,54.489817815291374,54.50485861316214,54.53189293499241,54.53390424962169,54.54519089491712,54.56294988837222,54.56321619932976,54.591371929970094,54.58505730287079
719.0,8.035824022346368,8.035824022346368,0.1,-1,54.552087274829915,0.09094802393894952,3.2589777248957135,54.461139250890966,54.45168679116811,54.48334237700962,54.45212064619715,54.50661325993598,54.504724269966935,54.52988414509644,54.52911429029269,54.552087274829915,54.562663483289
720.0,8.049348230912475,8.049348230912475,0.1,-1,54.51305780580192,0.06721670262788138,3.443063799527223,54.44584110317404,54.435524689381865,54.4619480612692,54.43070532449082,54.479449451636135,54.47779031213988,54.4969508441817,54.49845720263401,54.51305780580192,54.53094320647757
721.0,8.016759776536311,8.016759776536311,0.0,-1,54.474261270906524,0.04373681012164354,3.043786583483615,54.43052446078488,54.40256855655872,54.44065378966156,54.36515093221224,54.45239286306467,54.4362975353756,54.4641319385923,54.456292506838786,54.474261270906524,54.475247197229784
722.0,8.016759776536311,8.016759776536311,0.0,-1,54.49998303421394,0.043404683438772906,2.3409503623776704,54.45657835077517,54.43429108606155,54.466568006982314,54.403311597939386,54.478280689776525,54.45080464140136,54.489993374647135,54.45181752715101,54.49998303421394,54.39333129933195
723.0,8.016759776536311,8.016759776536311,0.0,-1,54.5257069860608,0.04307713643003552,3.6807970981432834,54.48262984963076,54.48358835912046,54.492483980185526,54.496062592560456,54.50416841518933,54.503258700968544,54.51585285222249,54.507109867252694,54.5257069860608,54.50066901456745
724.0,8.03826815642458,8.03826815642458,0.1,-1,54.55143306336472,0.04275403312047388,4.116811362749105,54.508679030244245,54.50778075797171,54.518401615741645,54.518677577637696,54.53005604420822,54.53194757380692,54.54171047465817,54.541235475898375,54.55143306336472,54.55648936163236
725.0,8.020833333333332,8.020833333333332,0.1,-1,54.51261823757405,0.019536607723082966,3.3671344794855145,54.49308162985097,54.48404198038233,54.496953930680746,54.4806851650615,54.50284993118071,54.50978377123894,54.508745933614804,54.52911056015421,54.51261823757405,54.594100223861844
726.0,8.016759776536311,8.016759776536311,0.1,-1,54.477360273649154,0.003438567214296029,2.9370981684655995,54.477360273649154,54.44000085748173,54.47549241378551,54.38915795188325,54.475640987573065,54.466797082273715,54.47578956324672,54.49686709779716,54.47392170643486,54.579251043273985
727.0,8.016759776536311,8.016759776536311,0.0,-1,54.46156457234194,0.026175628666663897,3.5770354739779515,54.46156457234194,54.44276100304986,54.454063006117934,54.41771788038341,54.44847675560097,54.448158387062996,54.44289050692328,54.46187599828206,54.43538894367528,54.51209987125018
728.0,8.016759776536311,8.016759776536311,0.1,-1,54.487329431800426,0.025929662776952966,3.435905474794021,54.487329431800426,54.474544904374724,54.47998224881672,54.46313044168641,54.47436459805886,54.48426169018513,54.4687469490986,54.50344229707417,54.46139976902347,54.582087455891845
729.0,8.016759776536311,8.016759776536311,0.0,-1,54.47142225290228,0.048438214655028844,3.523668826444196,54.47142225290228,54.48848663192455,54.45853839067844,54.513027599208804,54.4472031432801,54.46335147241503,54.43586789763472,54.449503526147275,54.42298403824725,54.44165792526893
730.0,8.016759776536311,8.016759776536311,0.0,-1,54.49709887850194,0.04801577075198793,3.407634199773457,54.49709887850194,54.49472974445926,54.48445162671759,54.48739688808858,54.473090990883264,54.47859524461145,54.46173035676219,54.475164015535775,54.44908310774995,54.484443350659966
731.0,8.016759776536311,8.016759776536311,0.0,-1,54.522779280883846,0.047601084975596564,3.8253535845832953,54.522779280883846,54.51483440012209,54.510360465185514,54.49882560552423,54.49897873620418,54.50080345626222,54.48759700889728,54.49988751208539,54.47517819590825,54.51062191602511
732.0,8.016759776536311,8.016759776536311,0.0,-1,54.5484633309403,0.04719388930019619,4.458348200836138,54.5484633309403,54.5285522500522,54.536265115418466,54.494847265702745,54.524866384148,54.51909464800969,54.513467654514024,54.52388357619896,54.501269441640105,54.539951365183384
733.0,8.016759776536311,8.016759776536311,0.1,-1,54.57415090511206,0.046793926797207064,3.646584240859299,54.57415090511206,54.53828715944048,54.56216577785258,54.484619511839014,54.55075393961979,54.54073289966482,54.53934210298642,54.56006076779871,54.527356978314856,54.613162948953864
734.0,8.016759776536311,8.016759776536311,0.0,-1,54.5579788434543,0.06910509018505451,4.043754485719429,54.5579788434543,54.53131917949404,54.54052419054152,54.485239095673506,54.52342629632009,54.50782939357622,54.50632840365836,54.50514063460722,54.488873753269246,54.48990179220051
735.0,8.016759776536311,8.016759776536311,0.1,-1,54.58358024700025,0.06853277639798705,4.288910296032532,54.58358024700025,54.56010710236587,54.5664175998127,54.52580390315149,54.549313856805824,54.5464181831487,54.53221011532331,54.554707156052885,54.51504747060226,54.592459908949294
736.0,8.016759776536311,8.016759776536311,0.1,-1,54.56730282791281,0.09062695978149549,4.165593463565548,54.56730282791281,54.54930052775204,54.54475834939567,54.522060356818315,54.521989346076175,54.52884174042371,54.49922034424319,54.536775282309314,54.476675868131316,54.59672950082946
737.0,8.031587523277464,8.031587523277464,0.1,1,54.550972624501036,0.11249669229719217,5.123104950353865,54.550972624501036,54.561895457543166,54.52314158864254,54.56827728404551,54.49472427645486,54.50499579076047,54.46630696571679,54.4775566459902,54.43847593220384,54.440854545358114
738.0,8.049348230912475,8.049348230912475,0.0,1,54.51183828337086,0.08853403649462166,3.34993400628096,54.51183828337086,54.496823327537115,54.49021579844526,54.46817058511089,54.46757126327308,54.464254435449895,54.44492672951451,54.45699811150119,54.423304246876235,54.452718929330324
739.0,8.020507448789571,8.020507448789571,0.1,1,54.5374874944806,0.08782506528015688,3.511118876337558,54.5374874944806,54.54434538081536,54.516202739376894,54.54929856898451,54.493574960031985,54.50173275414877,54.470947182068656,54.48172673563554,54.449662429200444,54.45481327323012
740.0,8.016759776536311,8.016759776536311,0.1,1,54.49845035785547,0.0641306391742873,4.226922818299448,54.49845035785547,54.52033883660307,54.48324020721963,54.555971483184514,54.46638503650469,54.49301116534787,54.449529867137024,54.4815856568635,54.43431971868118,54.498260258646965
741.0,8.016759776536311,8.016759776536311,0.0,1,54.45958437315234,0.0406868546962329,3.4951236815005258,54.45958437315234,54.4815812856249,54.45033109313978,54.51879175378225,54.439240944084375,54.4642198113964,54.42815079634279,54.45613758357858,54.418897518456106,54.467934042878234
742.0,8.016759776536311,8.016759776536311,0.0,1,54.485320552070824,0.04038345253018605,3.9916267473298426,54.485320552070824,54.50579655383857,54.47618885896626,54.53617901935004,54.465128824124854,54.486425223906835,54.4540687905675,54.475499389520316,54.44493709954064,54.47270496340559
743.0,8.016759776536311,8.016759776536311,0.1,1,54.511058620531976,0.040084037029203046,4.456912870895612,54.511058620531976,54.53630858165217,54.502045021371174,54.5729380033082,54.49101660037458,54.519855020913525,54.479988180632944,54.51147765052032,54.47097458350277,54.528305167823355
744.0,8.016759776536311,8.016759776536311,0.0,1,54.47226674513836,0.01689565756921496,3.2958434564119066,54.47226674513836,54.4815975866361,54.46908890702252,54.49383477835506,54.46381891475175,54.47670074647241,54.458548923704775,54.47431813321024,54.45537108756915,54.47327307128752
745.0,8.022462756052139,8.022462756052139,0.1,1,54.49810242805169,0.01679146070316051,3.4652782225246277,54.49810242805169,54.520936205946256,54.49494238897049,54.54896561856182,54.48970669613439,54.501628444283135,54.48447100449437,54.48187775804862,54.48131096734853,54.42599130287337
746.0,8.049348230912475,8.049348230912475,0.0,1,54.46560934342636,0.006154397677271106,3.3718294823138657,54.45945494574909,54.476892811417265,54.46202099155617,54.501612438705614,54.46253214306088,54.475476624271195,54.46304329573197,54.468081153284906,54.46560934342636,54.444092209342244
747.0,8.049348230912475,8.049348230912475,0.1,1,54.4915709914006,0.006070260567973662,3.6508287639606154,54.48550073083263,54.52019196443304,54.487991019535336,54.568530637443644,54.48853585962436,54.50989715575916,54.48908070085334,54.49117832776608,54.4915709914006,54.44665847927238
748.0,8.049348230912475,8.049348230912475,0.0,1,54.475850101245115,0.028781197381427148,2.843406356760033,54.44706890386369,54.445376708644844,54.455182506486494,54.44086984057915,54.461459501099206,54.462250520602836,54.46773649682357,54.467867786044096,54.475850101245115,54.459715486403994
749.0,8.049348230912475,8.049348230912475,0.0,1,54.501720805119575,0.028515163589894144,4.417044704347646,54.47320564152968,54.440585357200455,54.48115611735846,54.39177378332532,54.4874632219024,54.474242067049545,54.493770327532815,54.500582676308014,54.501720805119575,54.53636677910864
750.0,8.049348230912475,8.049348230912475,0.0,1,54.52759408292339,0.028254478500059577,4.584730640093651,54.499339604423334,54.50080521966043,54.507132795790525,54.50812248975506,54.513466842283364,54.52046418757552,54.51980088983805,54.53059313613121,54.52759408292339,54.54355460292309
751.0,8.049348230912475,8.049348230912475,0.1,1,54.55346984384482,0.027998950549942947,5.615609359464997,54.52547089329488,54.53775346189348,54.53311239903409,54.56318167999683,54.539470367211344,54.55732900572223,54.54582833642638,54.5672263090775,54.55346984384482,54.59506276303208
752.0,8.049348230912475,8.049348230912475,0.1,-1,54.53752987818759,0.05049335746981143,5.335675152932754,54.48703652071778,54.47445441266825,54.50021655299003,54.46584537526692,54.5122831981279,54.51340000632735,54.52434984427779,54.539348219266444,54.53752987818759,54.578883026171624
753.0,8.049348230912475,8.049348230912475,0.1,-1,54.49872805379035,0.027145757573826756,3.169298534637921,54.471582296216525,54.459704781464794,54.47879792744899,54.45051098973243,54.48515517371155,54.492706591302955,54.491512420961,54.52006597329601,54.49872805379035,54.58330237206094
754.0,8.049348230912475,8.049348230912475,0.1,-1,54.46010838826423,0.00404443259078846,3.7103301498415604,54.45606395567344,54.454883130663355,54.457430103213895,54.4575478638856,54.458086170709024,54.471830944968005,54.45874223916653,54.4886921243298,54.46010838826423,54.53681613726649
755.0,8.049348230912475,8.049348230912475,0.1,-1,54.44048352751012,0.01881492036337562,3.2564389242540432,54.44048352751012,54.41378096975562,54.436111225891054,54.3727607087241,54.43107606609989,54.43128188930688,54.42604090724721,54.45762592223837,54.42166860714674,54.524183481313486
756.0,8.049348230912475,8.049348230912475,0.0,-1,54.42484297205168,0.041436467514849085,2.6822228420687,54.42484297205168,54.424375987662515,54.414839537120486,54.42080915475103,54.40412473709622,54.4197197729277,54.39340993798713,54.427997250201074,54.38340650453683,54.46879426091049
757.0,8.049348230912475,8.049348230912475,0.0,-1,54.45068293243988,0.0411084688002461,3.5016399288117217,54.45068293243988,54.46447745138607,54.44083183454139,54.48394062597062,54.43012869686886,54.457662593517284,54.41942556009079,54.46306682492079,54.409574463639636,54.51012565048347
758.0,8.049348230912475,8.049348230912475,0.0,-1,54.4765252789094,0.04078546500483071,2.6191998890724544,54.4765252789094,54.45986285191073,54.46682171432003,54.42150770733036,54.45613254526261,54.4418196985601,54.445443377079386,54.43535161224535,54.43573981390457,54.38056186488298
759.0,8.022788640595904,8.022788640595904,0.0,-1,54.50236993767594,0.040467298621194914,3.5734157409233225,54.50236993767594,54.50182039974739,54.49280929798911,54.49561068321547,54.482136287246895,54.490573318054096,54.47146327735906,54.49075896276164,54.46190263905474,54.49380743478446
760.0,8.03631284916201,8.03631284916201,0.0,-1,54.52812235001095,0.04015381854609501,4.286988372396993,54.52812235001095,54.523991274669136,54.51870021382197,54.5129820899436,54.5080454396448,54.51588243492256,54.49739066630265,54.51956591111331,54.48796853146486,54.53242767608774
761.0,8.016759776536311,8.016759776536311,0.0,-1,54.553925044754365,0.039844879807823474,4.364885998638999,54.553925044754365,54.52702462028747,54.54463716970171,54.47978789146198,54.53400260378211,54.52269831424471,54.523368038678626,54.531494646445246,54.51408016494654,54.531025643425856
762.0,8.016759776536311,8.016759776536311,0.1,-1,54.57966030047331,0.03954034330525502,3.794751527294325,54.57966030047331,54.54449980388872,54.57050261562112,54.49038045262005,54.55989012777655,54.54943552706345,54.549277640729585,54.569345794973884,54.54011995716805,54.6040511505776
763.0,8.016759776536311,8.016759776536311,0.0,-1,54.563522596749245,0.06195996920920521,4.32533846172008,54.563522596749245,54.52527965996127,54.5488096419843,54.462664440632025,54.53254261112644,54.51500029475074,54.51627558104638,54.52547850528392,54.50156262754004,54.53002449268618
764.0,8.016759776536311,8.016759776536311,0.0,-1,54.58916891704042,0.06147755187606663,4.830636576903213,54.58916891704042,54.55735348804682,54.57467169295395,54.50179810693584,54.55843014010725,54.52771014151346,54.542188588020736,54.515831716668636,54.52769136516435,54.43152454863886
765.0,8.03223929236499,8.03223929236499,0.1,1,54.61481868797428,0.061002208051803564,5.818371300119525,54.61481868797428,54.59704941363618,54.60053053875124,54.569559972600345,54.584317582975785,54.57102894756573,54.5681046279433,54.56187474402876,54.553816479922475,54.516737396266606
766.0,8.049348230912475,8.049348230912475,0.1,1,54.57576971681451,0.03759544958877825,4.243521726307179,54.57576971681451,54.56602310428957,54.56741673316961,54.559084731978004,54.55697199107168,54.55230939477468,54.54652724969827,54.54881594452391,54.538174267225735,54.52476348476579
767.0,8.049348230912475,8.049348230912475,0.0,1,54.53696381962407,0.014434135938500958,4.280130294603521,54.53696381962407,54.52408849562923,54.53443307052634,54.51887243500015,54.52974675072992,54.52491080854581,54.52506043164004,54.53022531163999,54.52252968368557,54.523032315051
768.0,8.049348230912475,8.049348230912475,0.1,1,54.562925797430346,0.014351156208967097,4.255393802129837,54.562925797430346,54.53525394226402,54.56040119912195,54.50384717595272,54.55575021842192,54.531453476664836,54.55109923841243,54.53172158961078,54.54857464122138,54.48134418239838
769.0,8.049348230912475,8.049348230912475,0.1,1,54.53281191994577,0.00856856667547845,4.416563103081106,54.52424335327029,54.527074771750776,54.52743221041546,54.55257622607738,54.52852763572653,54.53000961945481,54.529623061711,54.52901566397208,54.53281191994577,54.50435014992287
770.0,8.049348230912475,8.049348230912475,0.0,1,54.516989858418405,0.03125117214503348,4.048988584959608,54.48573868627337,54.45710207838381,54.4945354614363,54.439548900167004,54.501364271486274,54.48554416574922,54.508193082192925,54.5069552455155,54.516989858418405,54.51658156428616
771.0,8.024418063314709,8.024418063314709,0.0,1,54.5428492100984,0.030962738086749653,4.41473720194292,54.51188647201165,54.49017943550348,54.52050676673265,54.484548396133775,54.527367840214886,54.51421952899797,54.534228914338925,54.5306481571336,54.5428492100984,54.52883141109927
772.0,8.04869646182495,8.04869646182495,0.1,1,54.56862267008364,0.030680090577469343,6.004817360796197,54.53794257950617,54.534757960303885,54.546392709270414,54.562025939130756,54.5532826239738,54.56088085924964,54.560172539304446,54.57907318004579,54.56862267008364,54.614175333882336
773.0,8.016759776536311,8.016759776536311,0.0,1,54.55263417068296,0.05314216047090525,5.196359997406809,54.49949201021205,54.49162374628895,54.51346111743047,54.513602341496394,54.52606308964678,54.52480391074653,54.538665062474784,54.544027237610074,54.55263417068296,54.55625732432971
774.0,8.016759776536311,8.016759776536311,0.0,1,54.578292708142754,0.05268413282891515,4.926424288333788,54.52560857531384,54.50706142259003,54.53932625549033,54.50907781219535,54.55195064094572,54.5366060209437,54.564575026998924,54.552069399447056,54.578292708142754,54.53243633131558
775.0,8.016759776536311,8.016759776536311,0.1,1,54.60395528023502,0.052234349130827695,5.8844125301382615,54.55172093110419,54.54355631019619,54.56519579563179,54.56515074217446,54.57783810490476,54.576740013938554,54.590480414762,54.59587958286485,54.60395528023502,54.61087775509087
776.0,8.016759776536311,8.016759776536311,0.1,-1,54.58769397452716,0.07448484956420742,5.658355677383838,54.513209124962955,54.50931237438576,54.53212160576867,54.542411591728865,54.5504515489992,54.552354025294186,54.56878149279949,54.57538434364376,54.58769397452716,54.59524671061389
777.0,8.016759776536311,8.016759776536311,0.1,-1,54.54857315501454,0.05089718164819601,3.4613338777558593,54.49767597336634,54.45859136350143,54.51052632577394,54.429663504900326,54.52312456346309,54.49935739040391,54.53572280170787,54.528628468411085,54.54857315501454,54.54212592650322
778.0,8.016759776536311,8.016759776536311,0.1,-1,54.50963678210725,0.02755951441178439,3.076221617983451,54.482077267695466,54.44555260041349,54.48898345995651,54.421760670506735,54.49585702419207,54.483098984697165,54.502730588969456,54.51659962213219,54.50963678210725,54.57114922509342
779.0,8.016759776536311,8.016759776536311,0.1,-1,54.470882526429556,0.004467436843718531,3.822561264718569,54.46641508958584,54.433306048641654,54.46749108099844,54.40948684040886,54.468648807316015,54.4528228373931,54.46980653416196,54.47377490129249,54.470882526429556,54.49393296876549
780.0,8.016759776536311,8.016759776536311,0.0,-1,54.450691450392576,0.01838332103861262,2.6470426338106594,54.450691450392576,54.40278126565812,54.44604736102307,54.34944807240246,54.441499789198765,54.40833896375179,54.43695221788971,54.42151793124386,54.43230812935396,54.403002757073764
781.0,8.016759776536311,8.016759776536311,0.0,-1,54.476503184539574,0.018231047811447354,4.93293632144954,54.476503184539574,54.48618758816438,54.47193681412862,54.522637337811545,54.46738765997463,54.46385131173845,54.46283850632422,54.44292503144958,54.45827213672813,54.36389382472246
782.0,8.045111731843573,8.045111731843573,0.0,-1,54.50231608947267,0.018081322880689754,5.634679279865159,54.50231608947267,54.510986040554045,54.49782486378235,54.54390402829013,54.493275427388035,54.49231374234612,54.4887259914859,54.474060667877495,54.48423476659198,54.413340015598735
783.0,8.028002793296087,8.028002793296087,0.1,-1,54.52823098268055,0.017934061840655602,5.355530152668817,54.52823098268055,54.51858844922807,54.523812433192695,54.52263759654039,54.519263951130526,54.51198953795928,54.51471546954938,54.50706438249233,54.51029692083989,54.48294485452874
784.0,8.049348230912475,8.049348230912475,0.1,-1,54.51232280164676,0.040556005782391935,5.143171138361792,54.51232280164676,54.507425581547054,54.50228271444297,54.515079977145284,54.49204479814151,54.49425354438206,54.481806882309115,54.48856490053525,54.47176679586437,54.4898878793474
785.0,8.049348230912475,8.049348230912475,0.1,-1,54.49643305218878,0.06294449293289972,5.0573216422054355,54.49643305218878,54.49691466748246,54.48087468521917,54.5082770372081,54.46496080512351,54.476186422727295,54.44904692548528,54.46873704033966,54.43348855925588,54.48979262457394
786.0,8.049348230912475,8.049348230912475,0.0,-1,54.48048745034963,0.08510341604010563,5.636510107941594,54.48048745034963,54.48650657912584,54.4595106724441,54.4949410934424,54.437935741745626,54.44251449314176,54.41636081149322,54.415312765441335,54.39538403430952,54.37559607531627
787.0,8.049348230912475,8.049348230912475,0.1,1,54.50614736655215,0.08441561663642005,5.317892929384054,54.50614736655215,54.51927193576593,54.48550468205469,54.5377210545765,54.46393955766322,54.47554108688601,54.44237443370771,54.44745993446003,54.42173174991573,54.4176185141092
788.0,8.049348230912475,8.049348230912475,0.1,1,54.467291541167164,0.06074964835816132,3.421587687401547,54.467291541167164,54.48304161728439,54.452718435460596,54.507999848005134,54.43691671643153,54.448780944117416,54.421114997827615,54.42317123178795,54.406541892809,54.39083060380519
789.0,8.049348230912475,8.049348230912475,0.1,1,54.42861972545963,0.03733409511357877,4.957704081858224,54.42861972545963,54.446992319556614,54.41999848951882,54.48449743848374,54.40995267736012,54.43749228815133,54.399906865615996,54.4320325802299,54.391285630346054,54.47540144641134
790.0,8.049348230912475,8.049348230912475,0.1,1,54.390129595117784,0.014164553491141874,6.452500320892291,54.390129595117784,54.393119627203426,54.38734651216195,54.411640665997055,54.38304731784296,54.40655241147936,54.37874812392826,54.42069962385415,54.37596504162664,54.504027809170076
791.0,8.047229981378026,8.047229981378026,0.0,1,54.360582135750285,0.008763239456413885,4.041719411449603,54.35181889629387,54.341761864049744,54.35476407286075,54.33824470295617,54.35620051550596,54.35589819055539,54.35763695854543,54.36472024498267,54.360582135750285,54.378251217192705
792.0,8.016759776536311,8.016759776536311,0.0,1,54.38653049192279,0.008666671196515097,4.692832377933068,54.377863820726276,54.369606364697425,54.38073597852344,54.36868810193747,54.38219715582011,54.381087494709185,54.38365833350211,54.38709930103826,54.38653049192279,54.38989295354511
793.0,8.032891061452514,8.032891061452514,0.1,1,54.41237153091114,0.0085724971209018,4.373602684385721,54.403799033790236,54.40200702360412,54.40660097250917,54.408980093494506,54.408085281857694,54.40497494583028,54.40956959158282,54.40107568265281,54.41237153091114,54.37003880162772
794.0,8.049348230912475,8.049348230912475,0.1,1,54.39675932312758,0.03126778057934132,5.152714163359857,54.36549154254824,54.35744585420085,54.37392130166506,54.36113628138928,54.38112543235716,54.37674158431441,54.38832956341651,54.38416324893154,54.39675932312758,54.376765317148774
795.0,8.019203910614525,8.019203910614525,0.0,1,54.38114743448635,0.053729241954854956,4.341575767905351,54.327418192531496,54.30476490891497,54.34137279262528,54.28856841551986,54.35428281304011,54.33258190212495,54.36719283381307,54.343063746882756,54.38114743448635,54.30818117829
796.0,8.049348230912475,8.049348230912475,0.1,1,54.406815606036986,0.05327168998806542,5.726723461399201,54.35354391604892,54.34089956178258,54.36725261500556,54.34567979712896,54.38017976058475,54.37320885780321,54.39310690651397,54.38862702138743,54.406815606036986,54.39389685103354
797.0,8.049348230912475,8.049348230912475,0.1,1,54.39109533511663,0.07551227023941465,8.183772431810043,54.31558306487722,54.2890484492658,54.33472587481589,54.28343031870905,54.3533391995501,54.34963615838185,54.37195252462564,54.39117144748379,54.39109533511663,54.47087525831334
798.0,8.067923649906888,8.067923649906888,0.1,-1,54.37532024470697,0.09752636747614218,5.313766672984808,54.27779387723083,54.26810981596277,54.302274039385715,54.29221497296419,54.32655706053317,54.32372402873571,54.35084008201348,54.35284203954106,54.37532024470697,54.37872046617466
799.0,8.133100558659219,8.133100558659219,0.1,-1,54.336752384021544,0.07370609734532252,3.9547198930228,54.26304628667622,54.25050090257292,54.28136726758823,54.26210123259287,54.29989933492397,54.29021729205761,54.3184314025843,54.30910580319147,54.336752384021544,54.30474927630086
800.0,8.17970204841713,8.17970204841713,0.1,-1,54.29860156171091,0.050139515328957884,5.102678519444533,54.24846204638195,54.26029770565303,54.26074489176531,54.303542818676796,54.27353180363207,54.2774218443248,54.286318715815355,54.2769768104375,54.29860156171091,54.24630147958593
801.0,8.312499999999991,8.312499999999991,0.0,-1,54.260798901153365,0.026822101501039697,5.533341458478449,54.233976799652325,54.250874151045714,54.240338418451515,54.293685612026906,54.247387849998766,54.254778718261555,54.2544372818547,54.245819684421384,54.260798901153365,54.209236872587866
802.0,8.496461824953442,8.496461824953442,0.1,-1,54.28763810426278,0.026613512847276866,4.726704341535985,54.261024591415506,54.2879391583861,54.267293192104304,54.347684172393755,54.274331347444225,54.29880008848775,54.28136950308583,54.296856234802554,54.28763810426278,54.31124746473437
803.0,8.633822160148975,8.633822160148975,0.1,-1,54.251091152856866,0.003544395722848037,4.360610653230521,54.24754675713402,54.275061786632705,54.24801014590863,54.32873041866081,54.249318954610324,54.28142511728338,54.25062776360622,54.28157091852328,54.251091152856866,54.32608419624105
804.0,8.836685288640595,8.836685288640595,0.1,-1,54.234496681656054,0.019284270938051407,4.106622154227271,54.234496681656054,54.22365225692205,54.229263883488834,54.20611569166524,54.22485454581147,54.228544183719876,54.220445208421005,54.23605018965697,54.215212410718,54.27030522541503
805.0,8.936568901303545,8.936568901303545,0.1,-1,54.22211284811893,0.041876584166097075,5.487175920714916,54.22211284811893,54.23118718169138,54.211289260025374,54.238369291634726,54.20117455566965,54.21249744176244,54.19105985159371,54.20004207708439,54.180236263952835,54.19272244563245
806.0,9.045903165735568,9.045903165735568,0.0,-1,54.21002539058128,0.06423651313762946,6.362850725394157,54.21002539058128,54.21010990117069,54.19371293434937,54.193372182245355,54.177907133655324,54.17604167222601,54.162101333234105,54.153332583290165,54.14578887744365,54.10613650563154
807.0,9.22383612662942,9.22383612662942,0.1,-1,54.23934241686469,0.0637016503593415,5.573976901622601,54.23934241686469,54.22850344034038,54.22330569829127,54.19685171930973,54.207491591335966,54.203349658940105,54.191677484647315,54.19088540288135,54.175640766505346,54.17464080480764
808.0,9.423277467411545,9.423277467411545,0.1,-1,54.228173878933426,0.08584324444704805,5.458316467706967,54.228173878933426,54.216855549361206,54.20673710858962,54.182002787488,54.185252256369516,54.184790853829725,54.16376740440945,54.17183364941898,54.14233063448638,54.171748809333856
809.0,9.542062383612668,9.542062383612668,0.1,-1,54.21766772464019,0.10775968726979102,5.204760146724134,54.21766772464019,54.19665239294298,54.1909267235896,54.14371895306395,54.163787880673354,54.16011897770397,54.13664903801069,54.14994071975883,54.109908037370396,54.164491215025464
810.0,9.703212290502794,9.703212290502794,0.1,-1,54.20753151697815,0.12945460969088884,5.621109022398979,54.20753151697815,54.194832058806426,54.17557903100302,54.15270700645763,54.14280421180901,54.14605962539475,54.11002939286229,54.12915029954259,54.07807690728726,54.142563182533266
811.0,9.901187150837996,9.901187150837996,0.1,1,54.19792221240136,0.15093153385329572,5.7737724986491195,54.19792221240136,54.178163733427084,54.160848040170556,54.12005477452657,54.12245644515905,54.11923600737585,54.0840648503887,54.09830589105657,54.04699067854806,54.09874967241018
812.0,10.061359404096832,10.061359404096832,0.1,1,54.16617154561692,0.12658232876349018,4.148790960550703,54.16617154561692,54.16321881672419,54.135465548376786,54.14190583731176,54.10288038092735,54.11550421684026,54.07029521371309,54.09926961514166,54.03958921685343,54.124275517722886
813.0,10.206052141527003,10.206052141527003,0.1,1,54.135184732779216,0.10249481323787535,4.008564248457368,54.135184732779216,54.141688903163846,54.11071946772446,54.14006313040812,54.0839373258601,54.10017198579839,54.05715518422507,54.08303385382566,54.03268991954134,54.09540332376514
814.0,10.299581005586589,10.299581005586589,0.1,1,54.10490240925709,0.07866424021973728,3.3365098384373533,54.10490240925709,54.131435669892646,54.086554833285014,54.163474146971325,54.0655702888545,54.0884546916576,54.04458574464762,54.06081850984281,54.026238169037356,54.03633373771211
815.0,10.497555865921791,10.497555865921791,0.1,1,54.07513267499144,0.05508601722302586,2.8736746212556254,54.07513267499144,54.11230787142649,54.06278395766799,54.16033281206746,54.04758966609447,54.07010954286907,54.032395374739025,54.034309507648345,54.02004665776841,53.9726256518296
816.0,10.681191806331476,10.681191806331476,0.1,1,54.046261135986455,0.031755699864014275,3.596692814935431,54.046261135986455,54.0773786435221,54.03979648085041,54.11871441555424,54.030383285776075,54.05377192787799,54.02097009091441,54.03088469129803,54.01450543612244,54.003185248085835
817.0,10.839571694599632,10.839571694599632,0.1,1,54.01823299485831,0.008668985680444052,3.615916687753052,54.01823299485831,54.06090651036139,54.0175414686883,54.12248216607303,54.013898501746624,54.04444357359271,54.01025553501234,54.021068810768114,54.009564009177865,53.992408550599635
818.0,10.969599627560518,10.969599627560518,0.1,1,54.00513056604039,0.014178291774811669,3.389094832220192,53.99095227426558,54.02458250153806,53.995926643951755,54.06900827468462,53.99804141988826,54.0142520305129,54.000156196027014,53.98991919494455,54.00513056604039,53.92610763736384
819.0,11.096694599627565,11.096694599627565,0.1,1,54.0011010470256,0.036790168577923055,4.978517631375407,53.96431087844768,53.967571642952436,53.97484745512587,53.96832096821503,53.98270596247849,53.985381100358396,53.99056447002833,53.98671454108892,54.0011010470256,53.97546877444739
820.0,11.314711359404097,11.314711359404097,0.1,1,53.997466347501835,0.059170555827904536,4.571629794800689,53.93829579167393,53.93325035837624,53.95429428179562,53.92316171676038,53.967881069336144,53.955670826295005,53.98146785706899,53.95542860187691,53.997466347501835,53.90451360276891
821.0,11.48987430167598,11.48987430167598,0.1,1,53.99457100110792,0.0813232448012613,6.907892055570455,53.91324775630666,53.898821789351615,53.93461111933278,53.886883546441176,53.95390937846181,53.949944414515464,53.97320763777838,53.97630919851151,53.99457100110792,54.013580952392026
822.0,11.68784916201118,11.68784916201118,0.1,1,53.992255871814166,0.10325191187826732,5.5798692561222705,53.8890039599359,53.91030494868893,53.91563827235653,53.96156430271552,53.94062991563565,53.954640212272196,53.96562155909764,53.96525527091307,53.992255871814166,53.96581911638664
823.0,11.793435754189945,11.793435754189945,0.1,-1,53.990609807896334,0.12496012325110684,5.633547604766521,53.86564968464523,53.894271687541064,53.897464010040764,53.96207406820202,53.92812974603734,53.950818982094376,53.95879548221225,53.96812356217669,53.990609807896334,53.992244580544615
824.0,11.850465549348227,11.850465549348227,0.1,-1,53.96647796497225,0.10083979056904013,2.8427437026293165,53.86563817440321,53.860757735346155,53.89114155206158,53.8677740108119,53.916058069460085,53.92224065718648,53.9409745870325,53.954912053183364,53.96647796497225,54.014611073365884
825.0,12.033286778398512,12.033286778398512,0.1,-1,53.94271913847882,0.07697877394332409,2.7019360029058888,53.8657403645355,53.86494195294239,53.88505917446471,53.87669318001072,53.90422975128517,53.91969888506055,53.92340032827523,53.95348330477334,53.94271913847882,54.04025731105737
826.0,12.213175046554936,12.213175046554936,0.1,-1,53.91981050549542,0.05337236632009734,2.815219433984792,53.86643813917532,53.838482017315236,53.87969439680461,53.7994030861283,53.893124322118894,53.88604108876187,53.90655424759856,53.921593268908076,53.91981050549542,53.98611317829183
827.0,12.410661080074489,12.410661080074489,0.1,-1,53.89773914725003,0.030016013977594014,3.7626208086083675,53.867723133272435,53.825903971239725,53.87503467501034,53.75796800668626,53.882731140050126,53.854198622194765,53.89042760525119,53.876808247635935,53.89773914725003,53.87490090421643
828.0,12.61433891992552,12.61433891992552,0.1,-1,53.87657102995695,0.006905310108933804,4.003267627212537,53.869665719848015,53.8417785675789,53.871146380367996,53.79812166831517,53.87311837469662,53.85754922362767,53.87509036918251,53.87351146794985,53.87657102995695,53.88291514123202
829.0,12.780377094972064,12.780377094972064,0.1,-1,53.87229274063663,0.015964011309947068,4.539735454062052,53.87229274063663,53.90106239600575,53.86805252226248,53.95149803546675,53.86431073478091,53.897340034759424,53.8605689474527,53.89649281297892,53.856328729326684,53.93984576879341
830.0,12.949022346368714,12.949022346368714,0.1,-1,53.87546159455993,0.03859608137997128,6.405343974430554,53.87546159455993,53.93158274172861,53.86560682910643,54.01391592112844,53.85616355367418,53.90096196162073,53.84672027839148,53.874814277395195,53.83686551317996,53.86617332670314
831.0,13.111149906890128,13.111149906890128,0.1,-1,53.87918474679457,0.06099490187851586,6.195784793474717,53.87918474679457,53.92910784762167,53.86381825020285,53.989909038037894,53.848687295664405,53.89272172377385,53.83355634127181,53.866609762954724,53.818189844916056,53.87057041498944
832.0,13.251769087523282,13.251769087523282,0.1,-1,53.8834391780512,0.08316435061056637,5.447695035297302,53.8834391780512,53.907243092985674,53.86266039814284,53.91566024197135,53.84185700255975,53.871898068515414,53.82105360711887,53.854986896317996,53.80027482744063,53.87853214123557
833.0,13.40314245810056,13.40314245810056,0.1,-1,53.88814321826427,0.10510818652262088,7.973566677417549,53.88814321826427,53.93583189662144,53.862048375923834,53.97128989670861,53.83558912482142,53.8709280057823,53.80912987385768,53.825635643534866,53.78303503174165,53.777034671109185
834.0,13.52192737430168,13.52192737430168,0.1,1,53.893340775741734,0.1268300545900658,4.394801065316652,53.893340775741734,53.92236007348141,53.86202299982307,53.91517521671504,53.829925748269666,53.84742293296849,53.7978284968515,53.79737044479279,53.76651072115167,53.720536454251786
835.0,13.692039106145248,13.692039106145248,0.1,1,53.8761003825221,0.10272194163337645,2.561404171673062,53.8761003825221,53.91537972905332,53.85105272597452,53.92976179422117,53.82473941153277,53.850577451133276,53.7984260972229,53.80304797757429,53.77337844088872,53.73830174035347
836.0,13.83314711359404,13.83314711359404,0.1,1,53.85966734947846,0.07887177948641977,3.3156016843413507,53.85966734947846,53.8850230293608,53.84076542886365,53.881365817745156,53.82023145956689,53.84087159040193,53.79969749039874,53.80941224085785,53.78079556999204,53.77824692134208
837.0,14.067946927374296,14.067946927374296,0.1,1,53.84392558446973,0.05527492952538182,3.702215846326286,53.84392558446973,53.86613982329418,53.83104928958563,53.86241108942969,53.81628811954286,53.83527803771448,53.80152694962551,53.811458582421345,53.78865065494435,53.790236866887454
838.0,14.192597765363132,14.192597765363132,0.1,1,53.82924284845235,0.03192690331491832,4.722473538689936,53.82924284845235,53.84957463215446,53.822276160905055,53.85073635491079,53.81327939663479,53.8377492041055,53.80428263248683,53.828653401748944,53.797315945137434,53.850699272467665
839.0,14.349022346368718,14.349022346368718,0.1,1,53.81518199864592,0.00882335633318121,6.619921170924359,53.81518199864592,53.81493570605241,53.81401281850769,53.79114360729857,53.8107703203232,53.82954382337027,53.80752782225798,53.84527297185676,53.80635864231274,53.92263601715644
840.0,14.52793296089386,14.52793296089386,0.1,1,53.81590688929409,0.014039918024415954,6.553804291958198,53.801866971269675,53.811181479787614,53.806386951459245,53.810190120097,53.80888693012963,53.832528727156536,53.811386908916326,53.849376031639046,53.81590688929409,53.91937090928745
841.0,14.699837057728113,14.699837057728113,0.1,1,53.82605248821224,0.036666994175163836,7.08641477389595,53.78938549403708,53.797192905770196,53.79948988207478,53.80025718640378,53.80771899097619,53.83085564956119,53.81594809999102,53.85561755136871,53.82605248821224,53.93268232747728
842.0,14.76843575418995,14.76843575418995,0.1,1,53.8367699846896,0.059061819824833606,7.860456223527227,53.77770816486477,53.77357290163336,53.793295651670775,53.76338243426309,53.807239074632406,53.82210617375149,53.82118249770464,53.85831970208373,53.8367699846896,53.94150541937743
843.0,14.998021415270015,14.998021415270015,0.1,1,53.847648402764534,0.08122822120054707,6.354122503654365,53.76642018156399,53.780861286157574,53.787392756982804,53.80478262660075,53.807034292023076,53.82450223106343,53.8266758271712,53.84760472292566,53.847648402764534,53.87548283100432
844.0,15.106052141527002,15.106052141527002,0.1,1,53.859334484722396,0.10316990805181092,6.519839468918644,53.756164576670585,53.7761014326946,53.78242739141933,53.81391413006873,53.80774953055881,53.82830272579008,53.833071669803466,53.85398559244587,53.859334484722396,53.88192204924901
845.0,15.242434823091257,15.242434823091257,0.1,-1,53.87134235745818,0.12489047843000378,4.714744501657486,53.74645187902818,53.76105415337865,53.77791311277967,53.79665227402703,53.808897118108916,53.83120744593653,53.839881123540735,53.87111195098932,53.87134235745818,53.93458721678677
846.0,15.461592178770951,15.461592178770951,0.1,-1,53.860982033941994,0.10078187440164754,3.0829541861460243,53.76020015954035,53.76294741134547,53.78536800765149,53.7709396406758,53.81059109661024,53.82047263627437,53.835814185669015,53.854626196152296,53.860982033941994,53.890371982839156
847.0,15.62355679702048,15.62355679702048,0.1,-1,53.851632008708854,0.07693198511844201,3.268685137503338,53.77470002359041,53.77547713773851,53.79370006031109,53.77579600756447,53.81316601602195,53.822257480132876,53.83263197183036,53.852376938045936,53.851632008708854,53.885590560900795
848.0,15.77150837988827,15.77150837988827,0.1,-1,53.84305921544046,0.053336131252244456,3.729894629549031,53.78972308418822,53.80108096163147,53.80267655564013,53.81438581822103,53.81639114968983,53.832838935962094,53.83010574383464,53.853211674919706,53.84305921544046,53.87837213306111
849.0,15.96003258845438,15.96003258845438,0.1,-1,53.83520476145988,0.029989785551656212,3.3417459865291055,53.80521497590822,53.78970152998878,53.812238983998334,53.753994522353736,53.82020986856263,53.82054339988981,53.828180753219684,53.849120869735884,53.83520476145988,53.88705204888499
850.0,16.16387337057728,16.16387337057728,0.1,-1,53.82823200377417,0.006888566481386249,4.201334965630961,53.82134343729278,53.84138826480521,53.822551115428425,53.86229069783207,53.82478772041507,53.85060280996433,53.827024325492175,53.86069391970734,53.82823200377417,53.89009820033729
851.0,16.290805400372445,16.290805400372445,0.1,-1,53.83817397886343,0.01597176785565324,4.313122095799362,53.83817397886343,53.84006301568637,53.83367465983808,53.82337538411653,53.83018809482014,53.841915748385,53.826701529890414,53.851785233658056,53.82220221100778,53.86964453088958
852.0,16.350279329608938,16.350279329608938,0.1,-1,53.85539415568659,0.03859532552638001,4.2653963155980845,53.85539415568659,53.846109579545825,53.845293532088526,53.807167304104276,53.8360964928108,53.84157378666428,53.826899453619106,53.85228059392338,53.81679883016021,53.87446914298791
853.0,16.534404096834262,16.534404096834262,0.1,-1,53.87272894793828,0.06098608631782554,4.639949293184659,53.87272894793828,53.87164039169598,53.85712922541848,53.84367099698672,53.842235904669565,53.8546012137239,53.82734258400454,53.85820765469496,53.81174286162045,53.879353910201964
854.0,16.732216014897578,16.732216014897578,0.1,-1,53.8906925922627,0.08314790704115183,7.018312455539668,53.8906925922627,53.87725006646506,53.86969263598324,53.817254976821246,53.849118638635055,53.83416006877152,53.82854464136868,53.8147774401853,53.80754468522155,53.73014264515653
855.0,16.917481378026075,16.917481378026075,0.1,-1,53.909344157309405,0.10508452660064904,4.769930324565229,53.909344157309405,53.85680835792982,53.883039631879,53.735559371493856,53.85680189390467,53.82822236005849,53.83056415601011,53.83477832163743,53.804259630708756,53.82896936520496
856.0,17.04897579143389,17.04897579143389,0.1,-1,53.92863439670458,0.1267995708380596,5.074532888550327,53.92863439670458,53.88602164023024,53.89711789989435,53.78454131398099,53.86523461118373,53.84569202640809,53.83335132255091,53.84615030773086,53.80183482586652,53.84626026107422
857.0,17.19904562383613,17.19904562383613,0.1,1,53.948342450134504,0.14829655716255274,5.165760502327956,53.948342450134504,53.93008623380487,53.91170364065348,53.86646725791786,53.87419417145394,53.86419458056711,53.83668470233026,53.84100977308274,53.80004589297195,53.79148663314142
858.0,17.348463687150833,17.348463687150833,0.1,1,53.94574158012457,0.1239673501210703,2.731575106047414,53.94574158012457,53.95405539996946,53.91547018693588,53.94122639888519,53.88375790496721,53.888303162422545,53.85204562307252,53.855183235045466,53.8217742300035,53.78632828618059
859.0,17.50179236499069,17.50179236499069,0.1,1,53.943873203349604,0.0998997643318873,3.475278568858942,53.943873203349604,53.94504680228804,53.91984165868369,53.9272603135017,53.89392332108925,53.89858530200002,53.86800498356694,53.87930940769516,53.84397343901772,53.84641818998552
860.0,17.73789571694599,17.73789571694599,0.1,1,53.94275152609872,0.07608904878927092,3.3908024383008106,53.94275152609872,53.95918306232332,53.924836668866085,53.97167781651453,53.90470700161201,53.91864631305313,53.884577334428286,53.89690786512903,53.86666247730945,53.859951763794434
861.0,17.869716014897584,17.869716014897584,0.1,1,53.94272187190516,0.05253060729547343,3.9581257183663516,53.94272187190516,53.963932746044655,53.93080476033652,53.98927837429437,53.91645656816763,53.93724904537468,53.902108376067346,53.92282644695844,53.89019126460968,53.91002110426534
862.0,18.0207635009311,18.0207635009311,0.1,1,53.94334454372509,0.02921999198125036,5.097091343784431,53.94334454372509,53.97949784708421,53.93731027636436,54.03598867926945,53.928734547646904,53.968845838484775,53.920158818996356,53.96433849650041,53.91412455174384,54.00232973351485
863.0,18.20505121042831,18.20505121042831,0.1,1,53.94469855036655,0.006152897114297673,5.1164601037853945,53.94469855036655,53.96732717247217,53.944436095040814,54.000125667821784,53.94162210172402,53.966423136999396,53.93880810847247,53.96566167161759,53.938545653252255,53.97704479923059
864.0,18.29906890130353,18.29906890130353,0.1,1,53.96359754662657,0.016674846817309685,5.8381536041278785,53.946922699809264,53.95577357535524,53.9523247302169,53.96861441407425,53.95526012313466,53.96955240616412,53.95819551611603,53.97862896925167,53.96359754662657,53.99223926306569
865.0,18.44180633147114,18.44180633147114,0.1,1,53.988900103247005,0.03926727875904845,3.7498755219554156,53.949632824487956,53.99965014739934,53.96059556406216,54.07949444561128,53.96926646378628,53.997095405186826,53.97793736357245,53.976868351023356,53.988900103247005,53.90539489204258
866.0,18.691759776536312,18.691759776536312,0.1,1,54.01466200139222,0.061628312493006376,6.202396214796625,53.95303368889921,53.99906786329436,53.96945676161956,54.07761028237455,53.983847845066535,54.02275905956015,53.99823892857401,54.02492064365457,54.01466200139222,54.03649579697015
867.0,18.810544692737437,18.810544692737437,0.1,1,54.04134232277647,0.0837617418014247,5.659765674758976,53.95758058097505,53.997940711480766,53.97936686881467,54.063997624203395,53.999461451798545,54.02538311007459,54.01955603484142,54.023915093355065,54.04134232277647,53.99160891563268
868.0,18.94953445065177,18.94953445065177,0.1,1,54.068383768095494,0.105671245401453,6.81503648043846,53.96271252269404,53.971029323023636,53.989768029403926,53.98524471841697,54.01554814531947,54.01758023493782,54.04132826129255,54.03185263933554,54.068383768095494,54.003369185846864
869.0,19.10791433891993,19.10791433891993,0.1,1,54.09587464913732,0.12736039166137658,7.334796273605903,53.968514257475945,53.998932576434576,54.00074797842135,54.05595696311765,54.03219445323321,54.05003188598873,54.063640928101165,54.0612293321417,54.09587464913732,54.03846804744952
870.0,19.26629422718808,19.26629422718808,0.1,-1,54.12390014153557,0.1488326431082072,6.643151788546821,53.975067498427364,53.98615334718242,54.01239129620427,54.018029811872424,54.04948381990987,54.06324518742154,54.08657634367017,54.0986005119538,54.12390014153557,54.13748653842138
871.0,19.42467411545624,19.42467411545624,0.1,-1,54.12965654647039,0.12447981188117296,5.813937547748776,54.00517673458922,54.022493337447685,54.03610233294715,54.05820238508305,54.06741664045998,54.08397482543659,54.098730948026166,54.10947592272557,54.12965654647039,54.132866387206256
872.0,19.5830540037244,19.5830540037244,0.1,-1,54.136188147790214,0.10038966255372372,7.906347591928735,54.03579848523649,54.061622213298634,54.06045483915827,54.10173107026814,54.08599331644526,54.100694307260696,54.11153179378429,54.10763359358852,54.136188147790214,54.08118155182497
873.0,19.764082867783987,19.764082867783987,0.1,-1,54.14349295427542,0.07655739633161573,9.44022963055751,54.06693555794381,54.09254632850226,54.085447153186266,54.123903751976805,54.10521425604322,54.11731571075735,54.124981358950905,54.11509864990182,54.14349295427542,54.07088003900495
874.0,19.93240223463688,19.93240223463688,0.1,-1,54.15166741560729,0.0529783713831975,9.407529326993382,54.098689044224095,54.09608641494923,54.11117608749827,54.07337050695163,54.125178229850945,54.11673519177583,54.13918037225309,54.11850796736479,54.15166741560729,54.07094573770405
875.0,20.070414338919925,20.070414338919925,0.1,-1,54.160654689319536,0.029648096262747003,12.644605804792343,54.13100659305679,54.178382150176624,54.13758519372808,54.23938568824124,54.14583064112502,54.18319424059202,54.1540760885702,54.17238950352777,54.160654689319536,54.17275972181592
876.0,20.30325884543761,20.30325884543761,0.1,-1,54.17032082429351,0.006562223626140451,12.093456202251092,54.16375860066737,54.173321567070445,54.16454094435721,54.161610008630646,54.16703971241887,54.17762818334962,54.169538480527564,54.175506346388524,54.17032082429351,54.174315493522045
877.0,20.458216945996277,20.458216945996277,0.1,-1,54.197362680436534,0.01628345577428547,13.606322648787229,54.197362680436534,54.206521053909825,54.19245719489002,54.190529535405915,54.18922095248935,54.20201195550396,54.18598471013455,54.197792934784495,54.18107922466225,54.205417072576836
878.0,20.555819366852887,20.555819366852887,0.1,-1,54.23148026159558,0.03889301882827567,14.985442719154943,54.23148026159558,54.23960132960896,54.22099177516295,54.21953043490965,54.21203375212289,54.2296724247407,54.203075729127555,54.227490480212055,54.1925872427673,54.26048737519175
879.0,20.69171322160149,20.69171322160149,0.1,-1,54.2658611386692,0.061270415551476276,18.246495385654956,54.2658611386692,54.28546289740252,54.24989103173352,54.27956202944948,54.23522593083637,54.26011739713643,54.22056082998282,54.24754934000231,54.204590723117725,54.26801630561592
880.0,20.824022346368725,20.824022346368725,0.1,-1,54.30067599663487,0.08341947432613495,20.68371977649707,54.30067599663487,54.31008634687385,54.279322346303125,54.27823295728167,54.25896625941613,54.26885553817753,54.23861017257165,54.245640636197415,54.21725652230874,54.218366092796195
881.0,20.99494878957169,20.99494878957169,0.2,1,54.3359110295726,0.10534390690950346,16.608726909451754,54.3359110295726,54.38216885229586,54.30926874793327,54.40799469703961,54.28323907606355,54.321832606912494,54.257209404235304,54.2819908477817,54.230567122663096,54.25977257649331
882.0,21.093202979515823,21.093202979515823,0.1,1,54.284782255154944,0.058401185235673836,15.231425473460948,54.284782255154944,54.293760618322565,54.270105418675215,54.26243683798624,54.255581662484275,54.2596511851832,54.24105790633369,54.23568621718768,54.22638106991927,54.18467396209534
883.0,21.25500465549348,21.25500465549348,0.2,1,54.29854853910972,0.03498733160434142,18.181016027712147,54.29854853910972,54.30971054653185,54.28984815019807,54.29360322605021,54.281054873256025,54.297546983272866,54.272261596353324,54.29167466327032,54.263561207505376,54.30795695572543
884.0,21.456890130353827,21.456890130353827,0.2,1,54.26009353542335,0.011061474384071346,21.44715793015453,54.24903206103928,54.27099504555857,54.25191346745693,54.289596203998904,54.25456279818118,54.289634369643544,54.25721212894373,54.304861875292076,54.26009353542335,54.39121314842558
885.0,21.69820763500931,21.69820763500931,0.2,1,54.25735225740658,0.05653049535349197,21.53696582407175,54.20082176205309,54.21999829195343,54.215042495601494,54.24190334339464,54.22908700968106,54.255906094293245,54.24313152379788,54.27692031187583,54.25735225740658,54.33751417647218
886.0,21.848929236499075,21.848929236499075,0.2,1,54.25551824155496,0.10143020006062642,22.330282337467455,54.15408804149433,54.1881170346658,54.179413859953236,54.24574939573557,54.20480314147719,54.242154460100885,54.230192423037394,54.269282571354104,54.25551824155496,54.337749190139505
887.0,22.04690409683426,22.04690409683426,0.2,1,54.254187878103174,0.1457707420679526,23.05147536081707,54.10841713603522,54.13877194331119,54.14462166866574,54.19728465275929,54.18130250702303,54.212410987594424,54.217983345415576,54.24805847840001,54.254187878103174,54.305652865546726
888.0,22.214897579143397,22.214897579143397,0.2,1,54.25357773351511,0.18956197273635667,21.331965429271854,54.06401576077875,54.10472230353325,54.110880170217904,54.18530403289297,54.158796747102,54.18577539485826,54.20671332402042,54.21468859983953,54.25357773351511,54.21642295329862
889.0,22.3125,22.3125,0.1,1,54.25355551451219,0.23281345362391193,21.085352726912266,54.02074206088828,54.07136245500474,54.07805472066403,54.17493765421024,54.13714878765652,54.16700239690092,54.19624285468242,54.19736353465342,54.25355551451219,54.18587309517827
890.0,22.49906890130354,22.49906890130354,0.2,1,54.29497156030711,0.25323435971094455,25.156494707013398,54.04173720059617,54.050972320300616,54.10371642578745,54.08664513184493,54.168354380409006,54.174107450532645,54.232992335063145,54.231577476093655,54.29497156030711,54.260967519544906
891.0,22.675861266294238,22.675861266294238,0.2,1,54.29581161758515,0.2957136566678358,27.22078157929142,54.000097960917316,54.00931526505246,54.07223831989443,54.058113594495886,54.147954789209756,54.155603392736,54.22367125855677,54.22664781509287,54.29581161758515,54.27909034587487
892.0,22.84841713221602,22.84841713221602,0.1,-1,54.2972875950365,0.3376752559186258,11.738966860938895,53.959612339117875,53.967461135591826,54.04171814744256,54.02814704009022,54.12844996703683,54.140772824167954,54.21518178666194,54.23056487773189,54.2972875950365,54.32682926343858
893.0,22.97437150837988,22.97437150837988,0.2,-1,54.31783894892954,0.31144392266036647,10.641968163697026,54.006395026269175,54.00004847818589,54.081350831463475,54.02938905244406,54.162116987560005,54.16040160670464,54.2428831436866,54.245503661379296,54.31783894892954,54.31404745899488
894.0,23.106843575419,23.106843575419,0.1,-1,54.274927509839834,0.2620217780307499,12.346714717840388,54.012905731809084,54.01647748397102,54.0749994532831,54.049814839060474,54.143916620786165,54.13893450060501,54.212833788318484,54.19610617901622,54.274927509839834,54.19313378168547
895.0,23.29096834264432,23.29096834264432,0.2,-1,54.2970411624715,0.2366109310367932,14.73964766787664,54.06043023143471,54.08346206001915,54.11578152528585,54.145524105795005,54.17873569691576,54.18653918737226,54.2416898685742,54.228492602712265,54.2970411624715,54.213469122521985
896.0,23.407635009310987,23.407635009310987,0.2,-1,54.25599799994658,0.1881566624082467,14.223936440635015,54.06784133753833,54.07131722050426,54.11076649840792,54.08873170494787,54.16191966870612,54.16145059595984,54.21307283903208,54.20559340863503,54.25599799994658,54.21524513038354
897.0,23.59827746741156,23.59827746741156,0.2,-1,54.215876031230536,0.1403203126841177,16.08554557065858,54.07555571854642,54.09337852286556,54.10632269144322,54.12509222538438,54.145715874853124,54.154066428074636,54.18510905829004,54.17916709865235,54.215876031230536,54.16896385121932
898.0,23.6963687150838,23.6963687150838,0.2,-1,54.17701094879925,0.09309041210651259,14.213255969548394,54.08392053669274,54.07150770314091,54.10278798954251,54.043029368088305,54.13046574271159,54.12831217985205,54.158143495906955,54.16705947095455,54.17701094879925,54.21376925168869
899.0,23.794134078212284,23.794134078212284,0.1,-1,54.138965543986,0.04645584492434551,15.59103297590678,54.09250969906165,54.08251744995671,54.09972742526105,54.04949129532073,54.115737621490354,54.11234996253203,54.13174781774522,54.13579041906182,54.138965543986,54.153859829265855
900.0,23.91992551210428,23.91992551210428,0.2,-1,54.16545503652529,0.02331251018086533,17.208736367617263,54.14214252634442,54.148992829217995,54.143668949022356,54.142978477368764,54.153798781402216,54.16212117356256,54.163928613807,54.17333562177485,54.16545503652529,54.18284676794055
901.0,23.975814711359405,23.975814711359405,0.2,-1,54.15123508432872,0.02245035649682592,17.70579709221769,54.15123508432872,54.158606361463754,54.14146801136654,54.14441475575882,54.14000990604855,54.152422046912,54.13855180075481,54.15674536880338,54.12878472783189,54.176614923285136
902.0,23.985102420856613,23.985102420856613,0.2,-1,54.16036415937556,0.0676441332099813,19.475794195249815,54.16036415937556,54.14615590359902,54.13953297107898,54.08113708902493,54.12654209273967,54.117496333799245,54.113551214423964,54.11164016296263,54.09272002616558,54.086611172611725
903.0,23.985102420856613,23.985102420856613,0.2,-1,54.169315828093474,0.11227881312262866,19.011727250559947,54.169315828093474,54.14501341487601,54.137642291674894,54.05755308049464,54.1131764215021,54.10311269276069,54.08871055135226,54.09797866806958,54.057037014970845,54.100742966531186
904.0,23.985102420856613,23.985102420856613,0.2,1,54.17805111595817,0.156364096366147,16.743188075053013,54.17805111595817,54.19096554792481,54.13574971112631,54.16258112992443,54.09986906774584,54.11471975703133,54.06398842438772,54.08231004333071,54.02168701959202,54.060816884590196
905.0,23.985102420856613,23.985102420856613,0.2,1,54.14096293307209,0.10868630427845005,17.400646933537235,54.14096293307209,54.140208278773855,54.11104693702314,54.101051295968375,54.0866197809044,54.096860011682395,54.06219262480741,54.087809528799326,54.03227662879364,54.10951368762566
906.0,23.985102420856613,23.985102420856613,0.1,1,54.10423917289368,0.06162172282448353,18.65529821601996,54.10423917289368,54.10569675711928,54.086436455561085,54.083744427999875,54.07342831145374,54.08580920169694,54.06042016736755,54.08858039485738,54.042617450069194,54.1239035608535
907.0,23.985102420856613,23.985102420856613,0.2,1,54.13152197161091,0.038098380962161116,19.714429875459913,54.13152197161091,54.14346812033667,54.119829831892176,54.14811047432972,54.11247278110282,54.135769227619186,54.1051157303341,54.144854217166426,54.09342359064875,54.20363116140023
908.0,23.992271880819366,23.992271880819366,0.2,1,54.103199514948024,0.008062034645590188,20.148854646991506,54.095137480302434,54.09346296424125,54.09516177323454,54.0820322917967,54.099168497598946,54.10645566758452,54.10317522198344,54.12478381156941,54.103199514948024,54.15658460396684
909.0,24.017690875232773,24.017690875232773,0.2,1,54.11277464444389,0.05363776583615021,23.544991347150138,54.05913687860774,54.032529573392054,54.07062884415829,53.990845145210415,54.08595576150024,54.079256934923805,54.10128267886173,54.12394606838751,54.11277464444389,54.1918425167836
910.0,23.99650837988827,23.99650837988827,0.1,1,54.122239223170716,0.09863950894949625,23.10664686113145,54.02359971422122,54.00317133857293,54.046319114957214,53.98663084913743,54.07291946867109,54.06644286851756,54.09951982240397,54.11552693729421,54.122239223170716,54.16810822974414
911.0,23.985102420856613,23.985102420856613,0.2,1,54.17226139297455,0.12048610288396588,24.3186830864058,54.05177529009058,54.03291257142041,54.079837945113276,54.02783633197966,54.1120183415083,54.10664629360269,54.14419873792186,54.161082686572044,54.17226139297455,54.218369593072914
912.0,23.985102420856613,23.985102420856613,0.2,1,54.181043105826966,0.16465412979857064,24.495995574876197,54.016388976028395,54.019160935797714,54.05534005506483,54.06588961323176,54.09871604090407,54.10762047629291,54.14209202676135,54.16339109391653,54.181043105826966,54.22152582541743
913.0,23.985102420856613,23.985102420856613,0.2,1,54.18960842372475,0.20827327640015625,27.799255319792152,53.98133514732459,53.95124191547365,54.030953879141705,53.94978419417954,54.0854717855017,54.07172475456659,54.139989691879244,54.152581490741504,54.18960842372475,54.22900421899301
914.0,23.985102420856613,23.985102420856613,0.1,1,54.19796190878153,0.25135316578334965,28.922906280075484,53.94660874299818,53.90332232830566,54.006681674301056,53.89235637770134,54.07228532586751,54.04733479106304,54.137888977451034,54.142709680336395,54.19796190878153,54.220452060805385
915.0,24.008729050279328,24.008729050279328,0.1,-1,54.247153950554264,0.2716432985443191,11.070918909201568,53.975510652009945,53.9317145860507,54.04026036812684,53.930934374086796,54.11133230126032,54.087276067050496,54.18240423441044,54.19042443145496,54.247153950554264,54.281165651648934
916.0,24.017690875232773,24.017690875232773,0.1,-1,54.27346631758111,0.24612446743908123,11.835823487977406,54.02734185014203,53.99946140366643,54.085291609383255,54.02232696485044,54.15040408384033,54.12900581655202,54.21551655831363,54.20908324169431,54.27346631758111,54.2389957590021
917.0,23.985102420856613,23.985102420856613,0.2,-1,54.299874156029794,0.22088402382913586,12.944785004016516,54.07899013220066,54.04277155022431,54.13027996388198,54.045415296442116,54.18943214409451,54.15811120648909,54.24858432432287,54.230002651912905,54.299874156029794,54.23175076336945
918.0,23.985102420856613,23.985102420856613,0.2,-1,54.26210774265647,0.17263124191420331,13.303595919125343,54.089476500742265,54.06085044331538,54.12842868095405,54.07060386664631,54.17579212167921,54.155283442665834,54.22315556241977,54.218694871333945,54.26210774265647,54.24191528288268
919.0,23.985102420856613,23.985102420856613,0.2,-1,54.22470789631381,0.12499260246815425,14.128102476691659,54.099715293845655,54.0587196054598,54.12659468307531,54.036460936095374,54.16221159506012,54.13213698893972,54.19782850705991,54.18746150871362,54.22470789631381,54.196571640399725
920.0,23.985102420856613,23.985102420856613,0.1,-1,54.18766868542895,0.07795675327494678,15.362621167825294,54.109711932154006,54.07077889742544,54.124774247954704,54.04317978560996,54.1486903087724,54.117145289764316,54.172606369604665,54.15596500401822,54.18766868542895,54.136726897949934
921.0,23.985102420856613,23.985102420856613,0.2,-1,54.21481373908553,0.05448778603689419,17.91679657318233,54.160325953048634,54.13852344115685,54.16955232500931,54.13752196123101,54.187569846048476,54.16446158728086,54.20558736710185,54.18516953689793,54.21481373908553,54.13694454019015
922.0,23.985102420856613,23.985102420856613,0.2,-1,54.180330188184165,0.012784483421405923,15.705820345881573,54.16976943415607,54.1319754422908,54.16754570476276,54.09713669391208,54.173937946466545,54.15335409289408,54.180330188184165,54.185865840904036,54.17810645881323,54.213876008914625
923.0,23.999604283054005,23.999604283054005,0.2,-1,54.178984421260616,0.03723782687625743,19.83348705795688,54.178984421260616,54.15482617185552,54.16554517380116,54.13146615195534,54.16036550780487,54.13849074794305,54.15518584182204,54.13994704408649,54.14174659438436,54.088124377661856
924.0,23.996182495344502,23.996182495344502,0.2,-1,54.18804350804407,0.0822469619512134,22.309413055120217,54.18804350804407,54.17586928002633,54.16361549011727,54.16261940202641,54.14692002705132,54.13121149784165,54.13022456399847,54.11247494619377,54.105796546092854,54.03500500529191
925.0,24.013617318435752,24.013617318435752,0.2,-1,54.19686735049118,0.12670027275456164,23.168517737125846,54.19686735049118,54.19339593016019,54.16166980986998,54.185307182878546,54.133517214097225,54.127879998470476,54.10536461833721,54.09807751626275,54.07016707773662,54.03337677795879
926.0,24.017690875232773,24.017690875232773,0.2,1,54.20555802974154,0.17060736259304576,16.02984994083302,54.20555802974154,54.22403446790638,54.15980303472746,54.24594124620935,54.120254348428794,54.13961780872167,54.08070566214252,54.100705487932565,54.03495066714849,54.07941932732546
927.0,24.017690875232773,24.017690875232773,0.1,1,54.16844561950754,0.12275445994275458,15.58811777774172,54.16844561950754,54.156217209630775,54.13514413893295,54.12919984584728,54.10706838952038,54.10259629849281,54.078992640119864,54.084423570086734,54.04569115956478,54.06535055734896
928.0,24.017690875232773,24.017690875232773,0.2,1,54.19548647992428,0.09859015616606115,17.732505733131756,54.19548647992428,54.1688722280008,54.16859039994055,54.1234555190892,54.14619140182586,54.13519928966276,54.12379240372293,54.13327618728488,54.096896323758216,54.14457292885969
929.0,24.017690875232773,24.017690875232773,0.2,1,54.15872650595499,0.05166845079924087,19.297798293941167,54.15872650595499,54.109535792851915,54.143864817690336,54.036153828278074,54.132892280540396,54.102945576140165,54.121919743401904,54.11831848413276,54.10705805515575,54.126444050686935
930.0,24.017690875232773,24.017690875232773,0.1,1,54.12232376213498,0.005345162295895989,19.15937463781285,54.12232376213498,54.08052699333541,54.11923692661056,54.03587235945667,54.11965118097247,54.09194758129355,54.12006543534551,54.112376994229265,54.116978599839086,54.113434777250276
931.0,23.985102420856613,23.985102420856613,0.2,1,54.1675333365039,0.017573434758766382,20.200586657652657,54.149959901745135,54.15192706925152,54.15268921883054,54.19788766803397,54.15874661911031,54.16948166395088,54.16480401940095,54.18732502034306,54.1675333365039,54.23307868994907
932.0,23.985102420856613,23.985102420856613,0.2,1,54.176750025662706,0.06301915485082787,18.70839762709216,54.11373087081188,54.12027489010675,54.12786103542939,54.17796653628612,54.14524044822347,54.14792920171082,54.16261986102812,54.16024467365861,54.176750025662706,54.145336402323736
933.0,24.00449255121043,24.00449255121043,0.2,1,54.18574001972536,0.10789364273006896,23.232351201929127,54.07784637699529,54.06766934476271,54.10313966292902,54.106738035171944,54.13179319834687,54.132708742558776,54.16044673377502,54.17526563857356,54.18574001972536,54.23552560625905
934.0,23.99129422718808,23.99129422718808,0.2,1,54.19459879821894,0.1522071745171516,24.26603705710876,54.04239162370179,54.056653632154834,54.07861834699928,54.15052015933267,54.11849521094727,54.13950512193973,54.15837207490529,54.18683012260583,54.19459879821894,54.26949293084165
935.0,24.01687616387337,24.01687616387337,0.2,1,54.20317843465253,0.1959697179990556,26.981468003450367,54.00720871665347,53.98671764829075,54.05414688938341,54.02350398923068,54.105193575640264,54.099813135377836,54.15624026190686,54.17007491036598,54.20317843465253,54.255418600980114
936.0,23.985102420856613,23.985102420856613,0.2,1,54.21166499771565,0.23919094532129037,26.711175367074535,53.97247405239436,53.97416579356804,54.02990905241012,54.06137599955349,54.09206952504261,54.09997669809732,54.15422999768459,54.169337230493866,54.21166499771565,54.24567090428778
937.0,23.985102420856613,23.985102420856613,0.1,-1,54.219794396032164,0.281880245100119,12.046410538743947,53.937914150932045,53.93587080736894,54.00563840688828,54.02516488641225,54.07885427347004,54.08653902935719,54.152070140061035,54.1713490163138,54.219794396032164,54.27215518636919
938.0,23.985102420856613,23.985102420856613,0.1,-1,54.24600767256434,0.25624164853671516,12.95063827096931,53.989766024027624,53.995982918630254,54.05062147974136,54.08621993379937,54.11788684828422,54.11730300290324,54.18515221683608,54.17424763431686,54.24600767256434,54.17856017866811
939.0,23.985102420856613,23.985102420856613,0.2,-1,54.2722758530421,0.2308839568749903,12.729631504391863,54.04139189616711,54.051712392207676,54.09552113466225,54.14373829069517,54.15683387459314,54.168600241634955,54.218146614532806,54.229141698099795,54.2722758530421,54.28523350857842
940.0,23.985102420856613,23.985102420856613,0.2,-1,54.23458336560803,0.18249463547462597,13.059114228336156,54.052088730133406,54.05827297753634,54.09381030356799,54.128679473124144,54.143336047859556,54.15557660637708,54.19286179215966,54.21003468088507,54.23458336560803,54.27449619727805
941.0,23.995367783985103,23.995367783985103,0.2,-1,54.197258278966196,0.13472234531321448,14.012116945305685,54.06253593365298,54.058649489231776,54.09211733088805,54.09609378310209,54.12989710629873,54.13378312455893,54.16767688171771,54.17896859498314,54.197258278966196,54.22429577814948
942.0,24.017690875232773,24.017690875232773,0.1,-1,54.16034257264884,0.08755563544529821,12.741183804079471,54.07278693720354,54.03197737274573,54.09048638715696,53.99187323393204,54.11656475491562,54.097593608401894,54.142643122682365,54.150749502037485,54.16034257264884,54.2101476320048
943.0,24.017690875232773,24.017690875232773,0.2,-1,54.18765663223248,0.06397935167507995,14.68729953525537,54.1236772805574,54.117660694317124,54.13548404042641,54.1398173119897,54.15566695638464,54.163106242262636,54.175849872350746,54.199198534167216,54.18765663223248,54.25780841604781
944.0,24.017690875232773,24.017690875232773,0.2,-1,54.151177873306956,0.017702752006258038,17.03448779715437,54.1334751213007,54.13612406051261,54.13377146353165,54.15998288770131,54.1423264972938,54.15158473308691,54.15088153106362,54.16705577582748,54.151177873306956,54.18454806351872
945.0,24.011987895716945,24.011987895716945,0.2,-1,54.143041944260695,0.02799541349294543,16.648297738225367,54.143041944260695,54.13117696664095,54.13206464916788,54.11778511370384,54.129044237504466,54.13315026852077,54.12602382584851,54.149577589729475,54.11504653076775,54.18870102571895
946.0,23.985102420856613,23.985102420856613,0.2,-1,54.15235598262066,0.07312542121338339,19.37924582392794,54.15235598262066,54.16045724678742,54.13033389792162,54.171145921063975,54.11579327200448,54.13100895288395,54.10125264609459,54.124069166751674,54.07923056140728,54.128674636589885
947.0,23.985102420856613,23.985102420856613,0.2,-1,54.16132312143528,0.11769724280686944,22.392691644378033,54.16132312143528,54.16432165946721,54.12847750262078,54.14950802930515,54.10247450002261,54.106465568291476,54.0764714974315,54.0799929566974,54.04362587862841,54.026331122421325
948.0,23.985102420856613,23.985102420856613,0.1,1,54.170074122861834,0.16172055767022897,15.762274149275452,54.170074122861834,54.16426442877425,54.126618957844876,54.12304251967553,54.089213844017735,54.09106099250676,54.051808730197465,54.06165842417479,54.008353565191605,54.02456640892143
949.0,23.985102420856613,23.985102420856613,0.2,1,54.196793057879866,0.13713869515456167,16.028815825231977,54.196793057879866,54.181837832210164,54.15994532379854,54.13148993447019,54.128223710293824,54.12578749669998,54.09650209679581,54.10867924452255,54.059654362725304,54.09315849911996
950.0,23.985102420856613,23.985102420856613,0.2,1,54.15971231989606,0.08972323567326868,17.26576994123719,54.15971231989606,54.172162478167536,54.135115670203064,54.186649055566896,54.1148507020509,54.13695791049382,54.094585733905255,54.12689700640454,54.06998908422279,54.15037689588006
951.0,23.985102420856613,23.985102420856613,0.1,1,54.1229937642962,0.04291544295379168,15.638890454122011,54.1229937642962,54.137521645608004,54.11038110850944,54.160180944342834,54.101536042811006,54.11326832617638,54.09269097711891,54.098200130855545,54.080078321342405,54.057969980908005
952.0,23.985102420856613,23.985102420856613,0.2,1,54.15032035428747,0.019602905639345636,18.069057240141944,54.15032035428747,54.169243956861536,54.14370507928186,54.20596812319985,54.14051890145971,54.16332302657523,54.137332723643745,54.16176130797276,54.13071744864813,54.17607314506886
953.0,23.985102420856613,23.985102420856613,0.2,1,54.14024760193734,0.026310703075338893,20.089839362632105,54.113936898862,54.12974669636794,54.11891791804781,54.170008582211466,54.1270922503918,54.1502769489397,54.13526658274181,54.164496567282534,54.14024760193734,54.20541731027097
954.0,23.985102420856613,23.985102420856613,0.2,1,54.14954649811401,0.07164463866460125,21.28923524268855,54.07790185944941,54.08554022910927,54.09423482031661,54.11889242838494,54.113724178774056,54.128951232635444,54.13321353723736,54.15503115585076,54.14954649811401,54.19361293920083
955.0,23.985102420856613,23.985102420856613,0.1,1,54.158619150549335,0.11640943118304392,20.924040951260547,54.04220971936629,54.04007935599458,54.06965859716163,54.062718108962926,54.100414434950366,54.10087105911761,54.1311702727448,54.132004139847034,54.158619150549335,54.134176368313035
956.0,24.002700186219737,24.002700186219737,0.2,1,54.20843092991557,0.13806235624392826,22.47841248293668,54.070368573671644,54.06540139172918,54.103063486722405,54.08930263029154,54.13939975178634,54.139641393685565,54.175736016855836,54.17964170103759,54.20843092991557,54.19987423488912
957.0,24.017690875232773,24.017690875232773,0.2,1,54.21706127585842,0.18200214736189224,22.287063163749572,54.03505912849653,54.03158378340573,54.07853859050466,54.0674398567275,54.12606020217041,54.12123091798705,54.17358181384156,54.16368546298686,54.21706127585842,54.15771610152387
958.0,24.017690875232773,24.017690875232773,0.1,1,54.22554763903454,0.2253974555321605,24.178058416233085,54.00015018350238,53.98630083099966,54.05419711245814,54.01470780505576,54.11284891126158,54.10081686403662,54.171500710070276,54.15846244850627,54.22554763903454,54.1680103151603
959.0,24.017690875232773,24.017690875232773,0.1,-1,54.27493002949106,0.24594154778670685,14.3169845319635,54.02898848170435,54.00875824715983,54.0878088972712,54.033165033963144,54.151959255590995,54.13700252804411,54.21610961391592,54.20471212086822,54.27493002949106,54.23244094921799
960.0,24.00465549348231,24.00465549348231,0.2,-1,54.3013203860398,0.22067295386284513,12.206140731626363,54.08064743217695,54.064099968841646,54.132761708299306,54.09311266789651,54.19098390910183,54.18349081429096,54.24920610990936,54.25017747154326,54.3013203860398,54.302652997818306
961.0,23.985102420856613,23.985102420856613,0.2,-1,54.263625501685006,0.17239405643881156,12.905228800372702,54.091231445246194,54.077369690834104,54.13096220979287,54.101666339355816,54.17742847345923,54.174124143763954,54.223894737130465,54.23121733008912,54.263625501685006,54.28580805745041
962.0,23.985102420856613,23.985102420856613,0.2,-1,54.226206268411126,0.12473091861749452,14.82014912336843,54.10147534979363,54.07860271027431,54.12908970392733,54.07358963758764,54.16384080909618,54.14775205540757,54.19859191426978,54.188789725011745,54.226206268411126,54.19372256338743
963.0,24.017690875232773,24.017690875232773,0.2,-1,54.18914846956541,0.07767210768945887,16.605991999691753,54.11147636187595,54.09713721583175,54.12723215714468,54.09767370794849,54.15031241571465,54.1386579543184,54.17339267428923,54.162431555179154,54.18914846956541,54.146026730407556
964.0,24.017690875232773,24.017690875232773,0.2,-1,54.15259858791137,0.03120654389048383,17.749292694002392,54.12139204402089,54.143081481349654,54.125538283745264,54.20063784529226,54.13699531596026,54.15789659081066,54.14845234817975,54.16409620153541,54.15259858791137,54.17493531573809
965.0,24.017690875232773,24.017690875232773,0.2,-1,54.131074572311604,0.014676514292546017,20.673205024653743,54.131074572311604,54.17216680668096,54.12385179438027,54.24766004846619,54.123736315159626,54.155016658723966,54.12362083594335,54.13667706627812,54.11639805801906,54.110920188817246
966.0,23.995204841713225,23.995204841713225,0.2,-1,54.14052890578226,0.05998748414231159,19.910693890261378,54.14052890578226,54.14807049840105,54.122169547730174,54.14622176044627,54.11053516370555,54.12084837856671,54.09890077968518,54.107656740928306,54.08054142163995,54.09285044021792
967.0,23.985102420856613,23.985102420856613,0.1,-1,54.14965476765804,0.10473647208991821,18.11703940122354,54.14965476765804,54.12227425691686,54.12038351486104,54.046914789788914,54.09728653160768,54.08732616327476,54.07418954835846,54.083094302429764,54.044918295568124,54.090918126977584
968.0,23.985102420856613,23.985102420856613,0.2,-1,54.19945620261778,0.1263549974220055,20.7615548567247,54.19945620261778,54.17887196570075,54.16512818747205,54.11292992589549,54.13627870390151,54.12642019179991,54.107429220335014,54.10838673759647,54.073101205195776,54.08110389554116
969.0,23.985102420856613,23.985102420856613,0.2,-1,54.208016600896514,0.17029209765423303,21.753155295398674,54.208016600896514,54.174754072813556,54.163087418652296,54.07773537573832,54.12287055206427,54.10320508295036,54.08265368548018,54.07845225154833,54.03772450324228,54.03854585459162
970.0,24.0030260707635,24.0030260707635,0.1,1,54.21636626994578,0.21369073946433303,12.223966831753074,54.21636626994578,54.1887673912618,54.161043208812785,54.092178317167225,54.10952090020862,54.08387586425784,54.057998591608296,54.03289613159715,54.00267553048145,53.921279235750006
971.0,23.99276070763501,23.99276070763501,0.1,1,54.24287343511578,0.18860686699838425,11.925137026370576,54.24287343511578,54.2044956501844,54.19434127196007,54.09843968685005,54.14857000161172,54.11487087572247,54.102798731267114,54.07336622667531,54.0542665681174,53.97096637970323
972.0,23.985102420856613,23.985102420856613,0.2,1,54.269385649775145,0.16380014027819811,13.17381469511226,54.269385649775145,54.244669264214565,54.22750125507731,54.174391653337814,54.1874855796313,54.16312474980754,54.14746990418894,54.12121566154341,54.10558550949695,54.0244604629879
973.0,24.017690875232773,24.017690875232773,0.2,1,54.23190590736157,0.1161037195179091,13.522016457197942,54.23190590736157,54.216919188114396,54.202323645809976,54.17775685718205,54.173854047598,54.15403420431983,54.14538444938957,54.1161990040507,54.11580218784366,54.018409860408354
974.0,24.017690875232773,24.017690875232773,0.1,1,54.194943181411425,0.06901785982105224,14.776602387869723,54.194943181411425,54.15767828297442,54.17739553312608,54.09155809226674,54.160434251496405,54.125875462410306,54.14347296987018,54.109578943174135,54.12592532159037,54.03694918375233
975.0,24.017690875232773,24.017690875232773,0.2,1,54.22218374923875,0.045486817067420304,17.686385834553,54.22218374923875,54.171921813491736,54.21067295225828,54.09410315584176,54.199440340700654,54.160133601335126,54.188207729146406,54.16079657141504,54.17669693217133,54.12721147100697
976.0,24.017690875232773,24.017690875232773,0.1,1,54.18625881635798,0.0006997476132326597,17.37622614919347,54.185559068744745,54.140832276675944,54.185694433565835,54.08772259212758,54.18590894254709,54.144523157941826,54.18612345153162,54.146903883532374,54.18625881635798,54.08975429753059
977.0,24.017690875232773,24.017690875232773,0.2,1,54.236609021332725,0.02349956377922524,20.11753771806968,54.2131094575535,54.161598128694195,54.21894505027325,54.10912032419811,54.22485923943895,54.18615938046848,54.23077342860784,54.20685151081504,54.236609021332725,54.206022122386216
978.0,24.017690875232773,24.017690875232773,0.2,1,54.24562582886884,0.06881769055751619,18.557909858946807,54.17680813831132,54.15522591451114,54.19392688672438,54.16961954203931,54.21121698358603,54.18651434569419,54.22850708045078,54.19715852120819,54.24562582886884,54.16008020943288
979.0,24.017690875232773,24.017690875232773,0.2,1,54.25441872217774,0.11356899833479872,18.672058351836263,54.14084972384294,54.151891350564604,54.16901915550773,54.23599097616654,54.197634223006396,54.19666008225676,54.226249290508086,54.20528058563863,54.25441872217774,54.17951799022566
980.0,24.017690875232773,24.017690875232773,0.2,1,54.262992488191415,0.15776357179696987,20.89093207457934,54.105228916394445,54.13248493766645,54.14422435609049,54.254179544899785,54.1841107022891,54.20134447877923,54.223997048490645,54.222209645687705,54.262992488191415,54.24649755945039
981.0,24.017690875232773,24.017690875232773,0.2,-1,54.271351765169015,0.2014111961624323,15.020465811212363,54.06994056900658,54.0596408451524,54.119544804039336,54.118733231702265,54.170646167084065,54.16418935707523,54.221747530131665,54.214843618416474,54.271351765169015,54.27297241914839
982.0,23.985102420856613,23.985102420856613,0.2,-1,54.233889499975575,0.1532982717477509,15.205889816770016,54.080591228227824,54.0999384526693,54.11778841476657,54.19893549925743,54.157240364098065,54.171304485747456,54.19669231343236,54.19753058773255,54.233889499975575,54.235085808259704
983.0,23.985102420856613,23.985102420856613,0.2,-1,54.19664134294164,0.10580115769903387,16.519033083034373,54.090840185242605,54.11713406594423,54.11590004481383,54.21162635813475,54.143740764088584,54.163403832595876,54.17158148336607,54.17558920126971,54.19664134294164,54.202913522066744
984.0,23.985102420856613,23.985102420856613,0.2,-1,54.15975422445556,0.05890833516823335,16.417470027309182,54.10084588928733,54.11764585961962,54.11402875395904,54.17915626783942,54.130300056868,54.147885730739425,54.146571359779614,54.15813080858561,54.15975422445556,54.202631996679855
985.0,23.985102420856613,23.985102420856613,0.1,-1,54.12322231108672,0.012608643211990511,18.97246668875703,54.11061366787473,54.142266068574806,54.112170888423094,54.213570080408324,54.11691798947738,54.14106518166843,54.121665090534236,54.12852223029494,54.12322231108672,54.13263624637162
986.0,23.985102420856613,23.985102420856613,0.2,-1,54.16100492686207,0.010275576016766763,19.084476549272942,54.16100492686207,54.19694072679596,54.15688408788032,54.266078509573646,54.155867138850425,54.186989212270184,54.15485018982303,54.171693446169094,54.1507293508453,54.19252797553346
987.0,23.985102420856613,23.985102420856613,0.1,-1,54.170227215248445,0.05570737162352657,19.317528901582115,54.170227215248445,54.17714498208283,54.15483983421461,54.176025307360945,54.14237352943351,54.15115163809218,54.12990722465484,54.13401079084286,54.11451984362492,54.1355081541877
988.0,23.985102420856613,23.985102420856613,0.2,-1,54.22021071479698,0.07788761998203597,21.034575018456767,54.22021071479698,54.2357781740788,54.1994554656614,54.243164538913256,54.18126690480287,54.19446851228334,54.1630783439467,54.16614518576544,54.14232309481494,54.14991471436385
989.0,23.985102420856613,23.985102420856613,0.2,-1,54.22890264377219,0.12248029256732451,23.606018253469937,54.22890264377219,54.27497442165078,54.197217014302836,54.32446073442196,54.167662497485516,54.20340816607558,54.1381079806705,54.152355637625014,54.10642235120486,54.12542925843582
990.0,23.985102420856613,23.985102420856613,0.2,-1,54.23737786530021,0.16652086450757508,23.198305022379483,54.23737786530021,54.25723229098679,54.19498139163536,54.24308125718471,54.154117433043496,54.173715432609555,54.11325347445387,54.12507088504072,54.070857000792635,54.10542872333293
991.0,23.985102420856613,23.985102420856613,0.1,-1,54.24564092284481,0.21001893238933889,26.626139168070555,54.24564092284481,54.26399538262851,54.192745915692896,54.229931393308654,54.140631456647284,54.14714310670393,54.088516997603854,54.072390423241174,54.03562199045547,53.967407650628786
992.0,23.985102420856613,23.985102420856613,0.1,1,54.29484574670236,0.2306341963821552,11.07911620686074,54.29484574670236,54.31171981441903,54.237244156219646,54.268787415667646,54.1795286485085,54.18532132328995,54.12181314079948,54.10566221325064,54.0642115503202,54.000212324680646
993.0,23.985102420856613,23.985102420856613,0.1,1,54.32106004778618,0.20543881327871816,12.555725234688458,54.32106004778618,54.33141116930291,54.27022748081169,54.28496010381663,54.21834064114412,54.22672215009808,54.16645380147862,54.16488825777341,54.115621234507465,54.11371804468841
994.0,23.985102420856613,23.985102420856613,0.2,1,54.34732770463771,0.180520100886298,14.01479384844762,54.34732770463771,54.365104285245884,54.30312306908283,54.34020589425142,54.25706765419193,54.27582979289808,54.211012239303045,54.22389002209007,54.166807603751415,54.21008543869734
995.0,23.985102420856613,23.985102420856613,0.2,1,54.30947016162266,0.13267497186006239,14.66503314471156,54.30947016162266,54.33198139183557,54.27755479838174,54.32579828857913,54.24313267569007,54.26360048360821,54.20871055300035,54.21972782034343,54.1767951897626,54.20638366443924
996.0,24.01312849162011,24.01312849162011,0.2,1,54.27197877304573,0.08544062819074583,14.978407878709184,54.27197877304573,54.30688081302914,54.252087069623315,54.332107865841145,54.22925845894787,54.2563883594477,54.20642984827432,54.216522856109286,54.186538144854985,54.19940608212771
997.0,23.985102420856613,23.985102420856613,0.1,1,54.23497854845099,0.03880570758815338,16.924325653847745,54.23497854845099,54.25954922206275,54.22685410305725,54.27567444807564,54.21557569465449,54.23869113598538,54.20429728625358,54.21901088702131,54.196172840862836,54.23511236030125
998.0,23.9665270018622,23.9665270018622,0.2,1,54.26213338987392,0.015649258716194936,16.45981916714782,54.26213338987392,54.29166023701301,54.25980952181513,54.31840085767026,54.25430876051346,54.27512447984028,54.24880799921358,54.25193785354525,54.24648413115772,54.23648105596293
999.0,23.95251396648045,23.95251396648045,0.1,1,54.25535228759871,0.03010646625224922,19.348896008828934,54.22524582134646,54.2267042757145,54.23432095052878,54.21413580081014,54.24029905447029,54.246086486259784,54.24627715841354,54.252419198606006,54.25535228759871,54.28327376701008
1000.0,23.919925512104285,23.919925512104285,0.2,1,54.30510046175283,0.052549289199049554,22.117562948174953,54.25255117255378,54.23436076481164,54.26710848033774,54.194950268147174,54.278825817151066,54.27311475075341,54.2905431539661,54.29739882204296,54.30510046175283,54.352229448501205
1001.0,23.88033054003725,23.88033054003725,0.2,1,54.31321931626768,0.0974552522938481,25.17013112466952,54.21576406397383,54.20913748115944,54.241375806347186,54.20905327695506,54.264491690118575,54.27494403856606,54.28760757389163,54.317629191478865,54.31321931626768,54.43064497136634
1002.0,23.82672253258845,23.82672253258845,0.1,1,54.3209372208824,0.1418036862563241,22.594405074001056,54.179133534626075,54.15401829469965,54.21557610330424,54.12981344608577,54.25003537775212,54.23581775276197,54.284494652201616,54.2837547828419,54.3209372208824,54.33784604379475
1003.0,23.747532588454376,23.747532588454376,0.1,-1,54.36950750286397,0.16310656490700381,14.355266436507486,54.206400937956964,54.20707918149846,54.247835832425736,54.23799863468903,54.2879542204084,54.2892994848429,54.328072608392645,54.329555710343755,54.36950750286397,54.36863536506345
1004.0,23.6122905027933,23.6122905027933,0.1,-1,54.394715450070294,0.13858793387874613,13.80614874146425,54.25612751619155,54.24699997014531,54.29107009182021,54.25227446375232,54.325421483128906,54.312988448781994,54.359772874439145,54.342721330017824,54.394715450070294,54.33568195296615
1005.0,23.526419925512105,23.526419925512105,0.2,-1,54.41934618601894,0.11433543090874565,13.760922510792394,54.305010755110196,54.314405703542086,54.33359344128826,54.35463740078626,54.362178470562604,54.37902179474505,54.390763499838464,54.41642502873087,54.41934618601894,54.500510952874706
1006.0,23.477374301675976,23.477374301675976,0.2,-1,54.37929641462924,0.06729002726981292,14.70058049583701,54.312006387359425,54.32266224508801,54.32859346948414,54.352775729266426,54.34565140099242,54.364512000676115,54.36270933250217,54.39187167902382,54.37929641462924,54.46848628479547
1007.0,23.414641527001866,23.414641527001866,0.1,-1,54.33939035801719,0.02084230604064885,17.906479524324002,54.31854805197654,54.33494102471524,54.32339597887063,54.35738850940025,54.32896920499501,54.337956726390495,54.334542431120816,54.33369659475688,54.33939035801719,54.3105151574814
1008.0,23.35158286778399,23.35158286778399,0.1,-1,54.36588670619089,0.002167694217881433,19.067608295150805,54.36588670619089,54.371962463618004,54.36495507226723,54.368351443948505,54.36480285908014,54.36521383799008,54.36465064589444,54.357355076900774,54.36371901197301,54.32300431090531
1009.0,23.272392923649907,23.272392923649907,0.1,-1,54.41273585351689,0.024938213477469162,21.529405397178774,54.41273585351689,54.410606583949445,54.40613285102828,54.38341272913531,54.400266746776396,54.38538161736817,54.39440064252586,54.36248097255668,54.38779764003942,54.26758430733225
1010.0,23.128026070763504,23.128026070763504,0.2,-1,54.45902427060857,0.0474733193594119,22.29929515672622,54.45902427060857,54.45039187350975,54.44685449866834,54.40792270240907,54.43528761092715,54.41659688042594,54.42372072318727,54.39105748157221,54.41155095124916,54.3001411314593
1011.0,23.06073091247672,23.06073091247672,0.2,-1,54.46284239791128,0.09247961623373868,23.05548854635397,54.46284239791128,54.466577118501704,54.43953200255203,54.438892443213284,54.41660258979274,54.4114396404331,54.39367317703473,54.375230591606474,54.37036278167754,54.30342465677574
1012.0,23.00223463687151,23.00223463687151,0.1,-1,54.466152083721326,0.13692512211809316,22.250330109904343,54.466152083721326,54.460089209273555,54.43192846419494,54.40634697473487,54.397689522660656,54.390669897503415,54.36345058112761,54.353509020837215,54.32922696160323,54.30507531049824
1013.0,22.94895251396648,22.94895251396648,0.2,-1,54.51062850003074,0.1583113531664111,23.623812041581658,54.51062850003074,54.52544816227303,54.47133859114792,54.50620295325959,54.43147282344595,54.44224129516785,54.39160705574519,54.394944289764005,54.35231714686433,54.35713451517627
1014.0,22.875791433892,22.875791433892,0.1,1,54.51295527415791,0.20194694275756575,13.183981072061638,54.51295527415791,54.54352338045445,54.46306784170572,54.539436308193174,54.41198180277758,54.432746752566125,54.36089576385062,54.366178420999795,54.311008331400345,54.30775842780721
1015.0,22.73207635009311,22.73207635009311,0.1,1,54.53368744746349,0.17706680428128152,11.265982599248922,54.53368744746349,54.583391721547656,54.49040803254269,54.61432769808617,54.445154045321345,54.47518588295715,54.39990005810115,54.40056377526203,54.35662064318221,54.319057170028834
1016.0,22.667225325884544,22.667225325884544,0.2,1,54.55382504314797,0.15245737264907433,13.743308894785871,54.55382504314797,54.60117586860837,54.51701823800665,54.63217593190621,54.47759635682196,54.51644805005306,54.43817447563839,54.46135235427271,54.40136767049889,54.44966917417197
1017.0,22.627630353817505,22.627630353817505,0.1,1,54.50910383449107,0.1049767114938831,15.378064097547368,54.50910383449107,54.527270370326505,54.484420353399784,54.51282166292513,54.456615478742705,54.47277516001594,54.428810604086706,54.43857140062797,54.40412712299719,54.429601793981945
1018.0,22.531331471135942,22.531331471135942,0.2,1,54.52912276270088,0.0811335928392154,17.461032057102983,54.52912276270088,54.52717288385878,54.510547832659626,54.48380556368056,54.48855596627988,54.49354421666353,54.46656409990119,54.47782220396411,54.447989169861664,54.49636803259924
1019.0,22.477723463687152,22.477723463687152,0.2,1,54.48418815294763,0.034560556983578294,19.94641319782569,54.48418815294763,54.471795512193005,54.4773453035993,54.4252490097079,54.46690787445449,54.467883955154264,54.45647044531071,54.473357898578676,54.44962759596405,54.52530919338322
1020.0,22.358938547486037,22.358938547486037,0.1,1,54.450822821220015,0.011425488972655273,15.98734521855653,54.43939733224736,54.436624235407166,54.444040348280005,54.4182650680281,54.44511007673238,54.44295357244524,54.446179805185736,54.44428370980657,54.450822821220015,54.445460957216554
1021.0,22.256936685288643,22.256936685288643,0.1,1,54.49288017239277,0.03405420943578008,15.276940597068398,54.45882596295699,54.43514609678018,54.46902563747296,54.384896948540174,54.475853067673604,54.45219086281134,54.482680497875215,54.45949082046653,54.49288017239277,54.43018633445085
1022.0,22.20153631284916,22.20153631284916,0.1,1,54.53429209690316,0.056451585689465844,16.663649653585548,54.47784051121369,54.44383986244538,54.493496973677495,54.38533815715602,54.50606630405718,54.47401210050971,54.51863563443781,54.49018041999839,54.53429209690316,54.464381444926175
1023.0,22.10034916201117,22.10034916201117,0.2,1,54.575273370047725,0.07862139482453046,20.139060551172893,54.496651975223195,54.49222948927133,54.51766858757641,54.4988117937769,54.53596267263425,54.52973614858628,54.554256757693004,54.54618025703964,54.575273370047725,54.55324769590655
1024.0,22.07932960893856,22.07932960893856,0.1,1,54.57375428672568,0.12320231018641437,18.797134284416835,54.450551976539266,54.4489974113881,54.48249099413471,54.471468778913774,54.512153131631294,54.50471024393955,54.541815269128776,54.52715805575365,54.57375428672568,54.52602623290776
1025.0,21.97276536312849,21.97276536312849,0.1,1,54.61383016814193,0.14469325581190873,17.091213654125465,54.46913691233002,54.49950119054003,54.50614705678861,54.581079603395665,54.54148354023483,54.54966019974825,54.57682002368192,54.55538010487467,54.61383016814193,54.513599745165465
1026.0,21.89357541899441,21.89357541899441,0.2,1,54.65325460427838,0.16597124835800514,18.34305429103382,54.487283355920376,54.53966563840894,54.52928036461797,54.66125190416484,54.57026898009826,54.59495516550762,54.6112575955794,54.59724075145581,54.65325460427838,54.56394009182467
1027.0,21.81438547486033,21.81438547486033,0.1,-1,54.65011968980759,0.2094848016501345,18.125759500008595,54.440634888157454,54.50542271540136,54.493147307165394,54.65487436639579,54.545377288981435,54.585141878145166,54.597607270798306,54.60028926276207,54.65011968980759,54.61380422766703
1028.0,21.767783985102422,21.767783985102422,0.2,-1,54.66569211992723,0.1845022214425711,15.353557457711696,54.48118989848466,54.52513055142323,54.52702128303247,54.62473293000616,54.573441009204885,54.60194738554061,54.619860735378104,54.62326378973835,54.66569211992723,54.65374191015697
1029.0,21.680935754189957,21.680935754189957,0.1,-1,54.616262881502834,0.13658645541537595,15.051434150127154,54.47967642608746,54.51454219653519,54.513164105583776,54.57945670991538,54.54796965379412,54.56441890516059,54.582775202005244,54.5702407331194,54.616262881502834,54.555946452698876
1030.0,21.56215083798882,21.56215083798882,0.1,-1,54.631621268800686,0.11238600363727613,13.970993597735065,54.51923526516341,54.53133873155695,54.54642136482297,54.549872215213156,54.57542826698105,54.582189475256875,54.60443516913989,54.59945676314203,54.631621268800686,54.622177557971895
1031.0,21.486708566108007,21.486708566108007,0.1,-1,54.64651694615148,0.08844473477191883,14.041656407203455,54.55807221137956,54.55482034833879,54.579081973374244,54.54136669243707,54.60229457876455,54.59898075893032,54.625507184155595,54.61828210021168,54.64651694615148,54.642870617019284
1032.0,21.41843575418995,21.41843575418995,0.1,-1,54.66114372196767,0.064757979362696,15.805286667623118,54.59638574260497,54.5908736861453,54.61134010186997,54.56866332204606,54.628764732285376,54.6195911024663,54.6461893627015,54.62934947148329,54.66114372196767,54.62403716868729
1033.0,21.339245810055857,21.339245810055857,0.1,-1,54.675532673586225,0.04132121932327948,17.334469199239805,54.634211454262946,54.628723996215996,54.6432272214182,54.603660262044095,54.65487206392366,54.64590118851163,54.666516906429834,54.65064921962089,54.675532673586225,54.642350413740985
1034.0,21.260055865921785,21.260055865921785,0.2,-1,54.68963407454663,0.01813008161109053,17.307819172305077,54.67150399293554,54.67708584606308,54.67469402905407,54.67041227960561,54.680569033740184,54.68559356664774,54.686444038426984,54.68849244169427,54.68963407454663,54.710557866174774
1035.0,21.18086592178771,21.18086592178771,0.2,-1,54.66619237169317,0.02766482039325524,17.083844952694104,54.66619237169317,54.679596454124066,54.6579573829864,54.679116015782334,54.65235996149566,54.67147503883311,54.64676254000559,54.67134079130387,54.638527551299916,54.73090661423185
1036.0,21.10167597765364,21.10167597765364,0.2,-1,54.66036418186029,0.07288618061367913,18.113184736111275,54.66036418186029,54.67533430166613,54.64094032638155,54.6664633144872,54.62392109155259,54.64553420343825,54.60690185672428,54.63604201834507,54.58747800124661,54.68999794666705
1037.0,21.022486033519545,21.022486033519545,0.1,-1,54.654026030601486,0.11754423378565093,19.769122791422816,54.654026030601486,54.67049351678078,54.62364152701142,54.64820521873875,54.59525391370782,54.60611326773729,54.56686630040486,54.57032348956944,54.536481796815835,54.54057038138335
1038.0,20.97588454376164,20.97588454376164,0.1,1,54.689220894057925,0.13909843898694163,15.675622383982473,54.689220894057925,54.713535280266775,54.65373181181746,54.70206577234776,54.61967167456364,54.64393967894751,54.58561153731044,54.6094468384947,54.550122455070984,54.61958824686405
1039.0,20.87160148975792,20.87160148975792,0.1,1,54.70124300150227,0.11482690801804551,15.150490022915493,54.70124300150227,54.73349692001031,54.672137689813844,54.740596575578685,54.64382954749246,54.67432261816854,54.61552140517167,54.64350780623794,54.586416093484225,54.66022569194578
1040.0,20.75232774674116,20.75232774674116,0.1,1,54.71288160205034,0.0908174092637708,14.34251552281521,54.71288160205034,54.72016954158546,54.69003118049347,54.68515134681492,54.66747289741768,54.674623601779516,54.64491461434247,54.65269895730804,54.62206419278657,54.64382378566789
1041.0,20.69969739292365,20.69969739292365,0.1,1,54.72407003907647,0.06706514778577599,17.322613450324425,54.72407003907647,54.71790373102503,54.707350097953096,54.667910906496125,54.690537465182835,54.69144268073674,54.673724832413136,54.68534281016378,54.6570048912907,54.703872932595324
1042.0,20.625558659217877,20.625558659217877,0.1,1,54.735102216154516,0.04356548564900464,15.868774682199852,54.735102216154516,54.73034928691718,54.72439262620032,54.68903169547074,54.713319473329285,54.70834463656207,54.70224632045879,54.69936365531973,54.69153673050551,54.68272713877561
1043.0,20.51475791433892,20.51475791433892,0.1,1,54.74588192397773,0.020313935341363276,15.24196475024598,54.74588192397773,54.787929029936556,54.7410666545588,54.83429234166784,54.735724956306335,54.759761961109575,54.730383258054395,54.73243187974797,54.725567988636364,54.690782287049295
1044.0,20.43556797020484,20.43556797020484,0.1,1,54.758940771936885,0.0026938465140489143,16.310905683076353,54.756246925422836,54.77835404796838,54.757213870835756,54.791437981183805,54.757593848679164,54.76645551212414,54.75797382652309,54.750691015657104,54.758940771936885,54.71174136585278
1045.0,20.35637802607076,20.35637802607076,0.2,1,54.791798091201024,0.02546206516741023,17.2361568103605,54.76633602603361,54.78581143053134,54.77297683954438,54.79918248603143,54.77906705861664,54.78673554379619,54.78515727768941,54.7781323735256,54.791798091201024,54.7501967484434
1046.0,20.27718808193669,20.27718808193669,0.1,1,54.781807552961666,0.07074526485259014,15.347630699133614,54.711062288109076,54.7110311612611,54.728959243285246,54.69952141912942,54.74643492053471,54.7349665872796,54.763910597784665,54.738525774017944,54.781807552961666,54.694852731752206
1047.0,20.223743016759784,20.223743016759784,0.1,1,54.8136429389739,0.09281056577909652,18.623823280038714,54.7208323731948,54.70507742336041,54.74409158546387,54.675437630588064,54.7672376560837,54.7482349198694,54.79038372670402,54.76822048707237,54.8136429389739,54.75613866338015
1048.0,20.09664804469274,20.09664804469274,0.1,1,54.845087147887,0.11465212038290673,19.422284152735056,54.73043502750409,54.71349717330264,54.758961991357594,54.69064477689617,54.78776108769491,54.766234409199406,54.8165601840327,54.790505639319214,54.845087147887,54.77647469086779
1049.0,20.057053072625692,20.057053072625692,0.1,-1,54.87582093495323,0.13627351334060478,15.829269524935961,54.73954742161263,54.72406354939633,54.77325065077981,54.7111964954303,54.80768417828231,54.782591800903205,54.84211770578528,54.806230844297126,54.87582093495323,54.77301536694391
1050.0,19.993016759776538,19.993016759776538,0.1,-1,54.88342438687589,0.11206667369162204,12.74713429404678,54.771357713184265,54.73530723804846,54.798745727749896,54.68784480456775,54.82739105002947,54.796854055992185,54.856036372309504,54.83451902431225,54.88342438687589,54.85441328359529
1051.0,19.94527467411546,19.94527467411546,0.1,-1,54.89083545255375,0.08811947789469343,14.578642529480842,54.80271597465906,54.77320825808829,54.82391466464458,54.73657552613175,54.84677571360581,54.82037675016215,54.86963676256749,54.849764653292844,54.89083545255375,54.86149278904249
1052.0,19.802048417132223,19.802048417132223,0.2,-1,54.89812376906327,0.0644272342499903,16.784465779743986,54.83369653481328,54.821936380509214,54.848827453511596,54.81386410165322,54.86591015193769,54.851271110669714,54.882992850364225,54.86720553897674,54.89812376906327,54.8669500546289
1053.0,19.722858472998134,19.722858472998134,0.1,-1,54.8395000133886,0.018039694447196553,17.196876862020428,54.821460318941405,54.8047314487972,54.824906559533346,54.7755675469037,54.830480166164435,54.805102279187444,54.836053772795964,54.80241328275124,54.8395000133886,54.75033469272651
1054.0,19.64366852886406,19.64366852886406,0.1,-1,54.85114206502125,0.004918259251915913,19.264529840763625,54.85114206502125,54.828559491257536,54.84885775481334,54.782340022557015,54.848682935394734,54.80913329715981,54.848508115976564,54.790041788513086,54.846223805769334,54.67761532520735
1055.0,19.564478584729983,19.564478584729983,0.1,-1,54.880321880558895,0.027638451966517152,22.64929687676652,54.880321880558895,54.88231410383112,54.87241312153319,54.877385778060614,54.86650265457509,54.84900031615978,54.860592187617414,54.819432700927926,54.85268342859238,54.728974180708754
1056.0,19.517877094972057,19.517877094972057,0.2,-1,54.90900305900304,0.05012487904499352,26.082766849079363,54.90900305900304,54.941501625246,54.89557245324855,54.98079270555522,54.883940619480015,54.88328678321183,54.87230878571189,54.82881475940412,54.85887817995805,54.70332968461315
1057.0,19.430377094972062,19.430377094972062,0.2,-1,54.894739406055194,0.0950783166682001,21.724147012122042,54.894739406055194,54.9198348150839,54.870213930134334,54.93889157189962,54.84720024772058,54.86311896513456,54.82418656530722,54.82628761467229,54.799661089386994,54.81904931027176
1058.0,19.326908752327743,19.326908752327743,0.1,-1,54.87997773546404,0.13947269310536115,21.79866156213782,54.87997773546404,54.88900582439851,54.844582772895464,54.863742531940375,54.81024138891085,54.80841219455272,54.77590000492663,54.75864642616715,54.74050504235868,54.7046084415168
1059.0,19.270041899441345,19.270041899441345,0.1,-1,54.90718292071872,0.1608149841725819,23.331427308921896,54.90718292071872,54.91627797100809,54.86676094016442,54.88513097402466,54.82677542863193,54.824926457065494,54.78678991709984,54.76936378092227,54.746367936546136,54.71037056561066
1060.0,19.1717877094972,19.1717877094972,0.1,1,54.93400149424231,0.18194609130375028,8.849112468819635,54.93400149424231,54.9327908258069,54.88863571166377,54.87559881291341,54.843028448589955,54.82707363655384,54.79742118551652,54.76139424436617,54.75205540293856,54.66015084319823
1061.0,19.08933891992551,19.08933891992551,0.1,1,54.93745209143523,0.1572576528669316,8.639568951080436,54.93745209143523,54.93150645003473,54.89862606756762,54.87508119029305,54.8588232650013,54.84376877546294,54.81902046243535,54.790984455236874,54.7801944385683,54.72380399405933
1062.0,19.010148975791434,19.010148975791434,0.1,1,54.94064807026608,0.1328372667938993,10.018250668877178,54.94064807026608,54.92632863135438,54.908228331387555,54.863822309620005,54.87422943686867,54.854743887876836,54.84023054235014,54.81320236825168,54.80781080347218,54.763793561568846
1063.0,18.930959031657363,18.930959031657363,0.1,1,54.94360226460052,0.10867997446270294,10.455459332387953,54.94360226460052,54.92489442952842,54.91745999425209,54.86289145793976,54.889262277368715,54.86510535178564,54.8610645604857,54.82956490663464,54.83492229013782,54.779423856294585
1064.0,18.85176908752328,18.85176908752328,0.1,1,54.94631354240006,0.08478098072659179,13.52988066623763,54.94631354240006,54.93005052657277,54.926324382858894,54.88333818238931,54.903923052036326,54.887381703712144,54.881521721214106,54.86446274735283,54.86153256167347,54.855620100285044
1065.0,18.7725791433892,18.7725791433892,0.1,1,54.94878084599499,0.06113564704953944,12.354043883836606,54.94878084599499,54.95716210741042,54.93482470860304,54.958479249817685,54.91821302246979,54.91359143625764,54.90160133633688,54.880198400973285,54.88764519894545,54.84214614656735
1066.0,18.69338919925512,18.69338919925512,0.1,1,54.95100318883498,0.037739484947032054,14.177191701661155,54.95100318883498,54.97453543702931,54.942964072784406,55.00698828100823,54.93213344636105,54.94050868920631,54.92130281993802,54.909456033524876,54.91326370388795,54.88845545991354
1067.0,18.614199255121044,18.614199255121044,0.1,1,54.95297965238509,0.014588149718356647,15.04278527247817,54.95297965238509,54.97035500674522,54.95074547157993,54.99464182378439,54.9456855775255,54.94944658319715,54.9406256834714,54.92597961212977,54.93839150266673,54.90972746351121
1068.0,18.555214152700184,18.555214152700184,0.1,1,54.963031948703204,0.008322565542606242,19.26314177378784,54.9547093831606,54.93728554697649,54.95817180079132,54.90816400825464,54.9588706659315,54.94387269733769,54.959569531072006,54.947366509275454,54.963031948703204,54.97550739149145
1069.0,18.48840782122905,18.48840782122905,0.1,1,54.98727430462856,0.030996735670790088,15.086352818094614,54.95627756895777,54.94713828381546,54.96533183944172,54.936033458750806,54.971775936792774,54.95142117792574,54.97822003414415,54.94406422347723,54.98727430462856,54.91244263494577
1070.0,18.345670391061454,18.345670391061454,0.1,1,55.01108814932281,0.05343830889933088,18.567975718046156,54.95764984042348,54.95218191871086,54.97219465837982,54.956094513589335,54.98436899487276,54.97165644108112,54.996543331366006,54.97488201506314,55.01108814932281,54.97870742100014
1071.0,18.29743947858473,18.29743947858473,0.1,1,55.03415414659603,0.07565111208644737,17.692539874064956,54.95850303450958,54.95727593529584,54.978440390452405,54.97290068469588,54.99632859055243,54.98243534103978,55.01421679065275,54.98461824367695,55.03415414659603,54.96994426077964
1072.0,18.21824953445065,18.21824953445065,0.1,1,55.05687715867788,0.09763885571067732,17.98351250913968,54.9592383029672,54.96871547849063,54.98447334541449,55.007241966529136,55.00805773082217,55.00010758256546,55.03164211623014,55.001520114605746,55.05687715867788,54.98244194810881
1073.0,18.11641061452514,18.11641061452514,0.1,-1,55.07912859125264,0.11940513864492885,18.335881905508085,54.95972345260771,54.97049112391386,54.99016435631777,55.016373189314535,55.01942602192982,55.01579421111837,55.04868768754215,55.02624512613203,55.07912859125264,55.032616075186034
1074.0,18.02728119180633,18.02728119180633,0.1,-1,55.07800993091339,0.09534190386450803,17.340667644817895,54.98266802704888,54.99182291645217,55.00682297989488,55.02696063172398,55.03033897898079,55.02472950342395,55.053854978066965,55.02886315859893,55.07800993091339,55.02486914908577
1075.0,18.005121042830552,18.005121042830552,0.2,-1,55.0766204560653,0.07153704151214413,16.194224156582845,55.005083414553155,55.00159795395915,55.02307798087142,55.01091772848025,55.040851935308886,55.03347340852692,55.05862588974663,55.04576492965096,55.0766204560653,55.078784174400234
1076.0,17.87998137802607,17.87998137802607,0.1,-1,55.00948135818347,0.02502472198359129,17.993973888763545,54.98445663619988,55.000420303236986,54.990671522483346,55.02864858001968,54.996968997191345,54.99616661588698,55.00326647189961,54.98075090126828,55.00948135818347,54.958016947303726
1077.0,17.84038640595903,17.84038640595903,0.1,-1,55.00791415738118,0.0019608169075340243,18.056032265931147,55.005953340473646,55.01034894638564,55.00635274978558,55.01071640261527,55.00693374892709,54.9964618379477,55.007514748068864,54.97780450204463,55.00791415738118,54.94298345048352
1078.0,17.725512104283062,17.725512104283062,0.1,-1,55.02714143184074,0.020862312448677756,18.666322332188333,55.02714143184074,55.03029825019272,55.02183495903822,55.02374452234652,55.016710275616084,55.008231087531954,55.0115855921942,54.98785283360225,55.00627911939206,54.96491328234522
1079.0,17.599231843575406,17.599231843575406,0.1,-1,55.04770728658824,0.043448782507880424,17.646012744489365,55.04770728658824,55.03066038525506,55.03680087197132,54.98456431982497,55.02598289533399,55.00372456661317,55.01516491869691,54.986472732494896,55.00425850408036,54.964444722761826
1080.0,17.578212290502787,17.578212290502787,0.1,-1,55.06760713019358,0.06580258092430569,18.7781078030973,55.06760713019358,55.058023197388835,55.0512032134417,55.02424435660954,55.03470583973112,55.024450184590194,55.01820846602079,55.00747239246576,55.00180454926927,55.0180111938543
1081.0,17.486475791433893,17.486475791433893,0.1,-1,55.08728559341097,0.08792757191058342,20.334375068151665,55.08728559341097,55.078383316761595,55.065483260669566,55.04062359486388,55.04332180745538,55.03068161176061,55.02116035424143,55.004904364939975,54.999358021500385,54.99316567789125
1082.0,17.426350093109875,17.426350093109875,0.2,-1,55.106448962444965,0.10982750132863117,22.429544364744864,55.106448962444965,55.11160785757957,55.079344086870314,55.09266036261119,55.05153521178036,55.04688832642488,55.023726336690636,55.007890525045745,54.996621461116334,54.977634574042625
1083.0,17.347160148975785,17.347160148975785,0.1,-1,55.08221333346909,0.1540732330088943,23.854023038187442,55.08221333346909,55.0930272102348,55.04425613712624,55.06940195448582,55.005176716964364,54.99781000506762,54.966097296802715,54.93695086289328,54.9281401004602,54.85671472430097
1084.0,17.23733705772812,17.23733705772812,0.1,1,55.10054103116763,0.17529979993001632,10.027145225510992,55.10054103116763,55.113457003510874,55.05756871722976,55.08909072203795,55.01289113120235,55.01264509033525,54.96821354517516,54.951944712481385,54.925241231237614,54.89913551153566
1085.0,17.179818435754193,17.179818435754193,0.1,1,55.09548321960534,0.15070427560801392,11.744726756914138,55.09548321960534,55.125000070564624,55.058982228712814,55.13679467000083,55.020131081801075,55.04046110148233,54.98127993488954,54.98990113606643,54.94477894399733,54.990809398900936
1086.0,17.0770018621974,17.0770018621974,0.1,1,55.0903031003685,0.12637435793190122,12.31680883867107,55.0903031003685,55.09123604388262,55.06014271167473,55.05718054704588,55.0271159214023,55.02706048469531,54.99408913113007,54.99363243596428,54.9639287424366,55.00167386860649
1087.0,16.997811918063313,16.997811918063313,0.1,1,55.08481083835284,0.10230518385473886,13.399757112746213,55.08481083835284,55.117524718112584,55.06086486694837,55.14375974210708,55.033658246425226,55.05666444402469,55.00645162590227,55.01779717581644,54.9825056544981,55.02935040584763
1088.0,16.978584729981378,16.978584729981378,0.1,1,55.07910374080024,0.0784920496190793,16.314067348998275,55.07910374080024,55.10918032989789,55.06125034463333,55.1347109281051,55.03985771599047,55.065542656544494,55.01846508734779,55.03924835457326,55.00061169118116,55.080415550843526
1089.0,16.867621042830542,16.867621042830542,0.2,1,55.07342919565752,0.054930404080238304,20.3302924566689,55.07342919565752,55.07262156124496,55.06155069106451,55.05164366574016,55.04596399361717,55.05756177030855,55.03037729617001,55.0594059256645,55.01849879157728,55.15169161469601
1090.0,16.76024208566108,16.76024208566108,0.1,1,55.001652052892354,0.008690760241321982,14.638539662457053,55.001652052892354,54.966615660154226,55.0013619818142,54.89604024099691,54.99730667277147,54.972885285315975,54.993251363728916,54.986550775412375,54.99296129265103,55.0253449005887
1091.0,16.681052141526997,16.681052141526997,0.1,1,55.00967342531823,0.014143401358374774,11.9908799836237,54.99553002395986,54.98341777176495,55.0008850535687,54.95975862594676,55.00260172463883,54.986351301786854,55.00431839570913,54.98785070298052,55.00967342531823,54.98355812502444
1092.0,16.576443202979515,16.576443202979515,0.1,1,55.02592978285305,0.03674287263786624,16.02657532069728,54.98918691021518,54.96200165788495,55.000084312067806,54.923269205697345,55.0075583465339,54.987477241167994,55.01503238100016,55.009383544454465,55.02592978285305,55.05198761446278
1093.0,16.522509310986965,16.522509310986965,0.1,1,55.041628756013615,0.05911153166248084,16.52554348667425,54.982517224351135,54.961737212141216,54.99885762182036,54.942850439211036,55.01207299018216,54.99552989394437,55.02528835854413,55.020183827863825,55.041628756013615,55.0613675666618
1094.0,16.476070763500935,16.476070763500935,0.1,1,55.056982366251745,0.08125313817306079,14.498755510309316,54.975729228078684,55.0011612396517,54.997416456010306,55.06621129083504,55.01635579716501,55.027058999490855,55.035295138319874,55.032785512210694,55.056982366251745,55.04139202697014
1095.0,16.39688081936685,16.39688081936685,0.1,-1,55.07202395559721,0.10317133844464621,13.218727122772568,54.968852617152564,54.9798915800108,54.99579358775964,55.02052441867067,55.02043828637469,55.01632377698851,55.04508298498988,55.02695800235459,55.07202395559721,55.01572693902589
1096.0,16.317690875232774,16.317690875232774,0.1,-1,55.06381557518322,0.07925812107534114,15.662669300879658,54.98455745410788,55.03305337638081,55.005259141608285,55.12926505776021,55.02418651464536,55.04688880276988,55.04311388768257,55.0366453714926,55.06381557518322,55.01603771694265
1097.0,16.238500931098702,16.238500931098702,0.1,-1,55.055402344360225,0.05560142012854641,15.159193350989685,54.99980092423168,55.03201615940827,55.01438772605958,55.08734243705595,55.02760163429576,55.035992276928766,55.04081554253209,55.02175096161564,55.055402344360225,54.98093805882603
1098.0,16.161592178770952,16.161592178770952,0.1,-1,55.046783094326805,0.03219659963699684,10.786092094202376,55.01458649468981,54.99982274948761,55.023178522566475,54.97067905680804,55.030684794508126,55.01635143280516,55.03819106644991,55.02715432450104,55.046783094326805,55.04686561126539
1099.0,16.12199720670391,16.12199720670391,0.1,-1,55.03796605925769,0.009039174225222268,14.699557369794718,55.02892688503247,55.05267310005073,55.03164014705687,55.086687600145765,55.0334464721449,55.050043017360885,55.03525279723307,55.04504596645204,55.03796605925769,55.074286675114344
1100.0,16.082402234636874,16.082402234636874,0.1,-1,55.04297784540736,0.01387519718802821,14.6844971596463,55.04297784540736,55.05919434806548,55.039924420029955,55.07317542911946,55.03604024681317,55.04973585473154,55.03215607359652,55.04508235215829,55.02910264821933,55.08140725882279
1101.0,16.019506517690882,16.019506517690882,0.1,-1,55.056741947971425,0.03655071740756455,16.75626811298314,55.056741947971425,55.08204019629075,55.04803015021634,55.10345392616211,55.03846658926747,55.05656760492184,55.02890302831873,55.04044085333353,55.02019123056386,55.05652907165503
1102.0,15.970623836126626,15.970623836126626,0.1,-1,55.070126593798015,0.05899145671226336,18.921548072985015,55.070126593798015,55.10201580134898,55.05586113408239,55.125145717253595,55.04063086544172,55.05994769007549,55.02540059680117,55.03126874000959,55.01113513708575,55.01976885517656
1103.0,15.968342644320298,15.968342644320298,0.1,-1,55.08319172213764,0.08120135835038411,19.40136398458278,55.08319172213764,55.11093356625775,55.063473858021126,55.11903032411857,55.042591042962286,55.06019834102525,55.02170822790357,55.02872913947487,55.00199036378726,55.018025760352785
1104.0,15.968342644320298,15.968342644320298,0.1,-1,55.09612978474978,0.10318424379113367,20.282043112998732,55.09612978474978,55.12131746909428,55.07105746593228,55.1172752978594,55.044537662854054,55.05980478995052,55.018017859775945,55.02294116896821,54.992945540958644,55.003107165846956
1105.0,15.98708100558659,15.98708100558659,0.1,-1,55.108951964837345,0.12494381774344987,20.942965399820203,55.108951964837345,55.13206995607665,55.078619971708626,55.118323916999714,55.04648005596547,55.062337338825635,55.014340140222416,55.02315130677955,54.984008147093896,55.00896866353207
1106.0,16.000931098696462,16.000931098696462,0.1,1,55.12173648239814,0.14648367295244213,11.12224368547888,55.12173648239814,55.15588485582991,55.08623655842938,55.15257031377338,55.04849464592177,55.06830796968008,55.01075273341428,55.01448860659266,54.9752528094457,54.970953220401434
1107.0,16.000931098696462,16.000931098696462,0.1,1,55.111659230029694,0.12219574592879923,11.38453484558475,55.111659230029694,55.12278950066233,55.08248309549748,55.086494468126205,55.05056135706515,55.05895527556456,55.01863961863293,55.02577377354265,54.989463484100895,55.01833054382557
1108.0,16.000931098696462,16.000931098696462,0.1,1,55.10170754086877,0.09816792003418584,8.436132068640237,55.10170754086877,55.13383674447965,55.0787295300775,55.13502930832331,55.05262358085154,55.06449056772841,55.02651763162569,55.01515701977791,55.00353962083459,54.94669257243527
1109.0,16.000931098696462,16.000931098696462,0.1,1,55.0918790820519,0.07439550993088773,12.850002556617582,55.0918790820519,55.110923987290136,55.074977850765926,55.09832180842821,55.05468132708632,55.0681011407557,55.03438480340682,55.04247914184006,55.017483572121016,55.04295242258568
1110.0,16.000931098696462,16.000931098696462,0.1,1,55.08217159662949,0.05087398215233918,15.442001211939024,55.08217159662949,55.08570247901176,55.07122993855141,55.05416467917213,55.05673460555319,55.06275763798821,55.04223927255507,55.05378596302488,55.031297614477154,55.08152591363434
1111.0,16.000931098696462,16.000931098696462,0.1,1,55.07258290039222,0.02759894875579505,12.77557978891508,55.07258290039222,55.077955618456755,55.06748757182102,55.05386204394442,55.05878342601419,55.05780662471714,55.05007928020747,55.04439031945422,55.044983951636425,55.03049880956354
1112.0,16.000931098696462,16.000931098696462,0.1,1,55.0637524311394,0.005849265859147579,13.007937918419392,55.06311087883844,55.04091783209622,55.0637524311394,54.97715665707175,55.06082779820977,55.03807810450953,55.05790316528025,55.038697904113945,55.05854471758136,55.022297446837975
1113.0,16.000931098696462,16.000931098696462,0.1,1,55.07198197944169,0.01822849516545233,15.89279657310502,55.053753484276235,55.02354609777226,55.06002610381119,54.958648952325326,55.06286773185884,55.038447457544436,55.065709359906585,55.05346285465405,55.07198197944169,55.06783589869009
1114.0,16.000931098696462,16.000931098696462,0.1,1,55.08529774026371,0.04078900720961087,18.312310035167705,55.0445087330541,55.044586242980586,55.05631008823637,55.04256388070397,55.064903236658786,55.065059835715104,55.07349638508129,55.078572413849,55.08529774026371,55.11275196481227
1115.0,16.000931098696462,16.000931098696462,0.2,1,55.09849394165697,0.06311923874256564,22.49523517669254,55.0353747029144,55.04485772119511,55.052605798067994,55.068222646047744,55.06693432228557,55.082125203706575,55.081262846503236,55.108315809870376,55.09849394165697,55.192346055042606
1116.0,16.000931098696462,16.000931098696462,0.1,1,55.068570562815474,0.10789161665617542,15.129959555735347,54.9606789461593,54.97616471456814,54.98890799991459,55.014755915793,55.01462475448727,55.01991950122661,55.04034150906004,55.0382442864193,55.068570562815474,55.05100982753221
1117.0,16.000931098696462,16.000931098696462,0.1,-1,55.081533745363714,0.12953746134113686,12.726521195280574,54.95199628402258,54.98559877031405,54.985361485351376,55.0605012632652,55.016765014693036,55.03976575510331,55.04816854403478,55.06224421411662,55.081533745363714,55.104659105834315
1118.0,16.000931098696462,16.000931098696462,0.1,-1,55.07157879464828,0.10535633571576852,10.743389339854422,54.96622245893251,54.98890192954286,54.993234588596486,55.0351583777014,55.01890062679029,55.03256105639971,55.04456666498418,55.0511887058322,55.07157879464828,55.07814938795189
1119.0,16.000931098696462,16.000931098696462,0.1,-1,55.061749620626706,0.08143603937268296,13.203698149275601,54.98031358125402,55.01295438381373,55.001100684201916,55.06488880627184,55.02103160094026,55.03360197508008,55.040962517678686,55.03225728951038,55.061749620626706,55.00546554473825
1120.0,16.000931098696462,16.000931098696462,0.1,-1,55.05204385097188,0.05777180738023446,11.924334744963838,54.99427204359164,55.018137362777225,55.008957727094746,55.05226751176697,55.02315794728166,55.04434524790573,55.037358167468646,55.058120321874576,55.05204385097188,55.10955964022159
1121.0,16.000931098696462,16.000931098696462,0.1,-1,55.04245919126155,0.0343590306613919,12.049903415961946,55.00810016060016,55.02359527966456,55.01680378308989,55.036328860159735,55.025279675930754,55.04083764100133,55.033755568771696,55.05276352960504,55.04245919126155,55.09909360332841
1122.0,16.000931098696462,16.000931098696462,0.1,-1,55.03299342171327,0.011193249463509858,10.635446321749052,55.02180017224976,55.014368959396,55.024637023735096,54.984751055889255,55.02739679698142,55.03222942298357,55.03015657022782,55.054624152031174,55.03299342171327,55.12726470833285
1123.0,16.000931098696462,16.000931098696462,0.1,-1,55.0353742469461,0.011729852881671832,11.801322811979832,55.0353742469461,55.026909240423635,55.03245572138968,54.990528385873226,55.02950932050517,55.028320341997635,55.02656291962073,55.03995423179227,55.023644394064426,55.075675944802605
1124.0,15.979422718808197,15.979422718808197,0.1,-1,55.048824484511684,0.03441445592073222,15.788076287322047,55.048824484511684,55.05158644533953,55.040258244526505,55.02404355740784,55.03161725655123,55.02014310765698,55.022976268576016,54.99983597289288,55.01441002859095,54.926069499808946
1125.0,15.968342644320298,15.968342644320298,0.1,-1,55.06206519051729,0.056864607776617504,16.601968989723236,55.06206519051729,55.06712718134602,55.047955324729365,55.04038290043421,55.033632886628894,55.02697534866814,55.01931044852848,55.003324600934505,55.00520058274067,54.943574834487144
1126.0,16.000931098696462,16.000931098696462,0.1,-1,55.075141073763724,0.07908423059373604,17.449187552176944,55.075141073763724,55.073664336426546,55.05558824717076,55.03016992689625,55.03559895846677,55.021144775414946,55.01560966976284,54.99000681426943,54.99605684316999,54.90951898752558
1127.0,15.990991620111732,15.990991620111732,0.1,-1,55.08823223371674,0.10107712574168914,19.069064714455568,55.08823223371674,55.08664067262495,55.06333383135777,55.03794565091508,55.03769367084581,55.019642788974934,55.01205351033391,54.97805539514878,54.98715510797505,54.87491745753053
1128.0,15.968342644320298,15.968342644320298,0.1,1,55.10116677897821,0.12284697878828865,8.609036330262782,55.10116677897821,55.07651272751265,55.07101704321513,54.986817455271854,55.03974328958399,55.008178961035966,55.0084695359529,54.9728312836239,54.97831980018992,54.88602034916426
1129.0,15.99229515828678,15.99229515828678,0.1,1,55.091089000724814,0.09878581539764042,5.713225394087061,55.091089000724814,55.09362849782322,55.06718204963675,55.057692118102324,55.04169609302592,55.02321004630502,55.01621013641514,54.97531384303792,54.992303185327174,54.859714276404056
1130.0,16.000931098696462,16.000931098696462,0.1,1,55.08123314020613,0.07498160457664937,9.05449058003006,55.08123314020613,55.08801496601862,55.06344560927238,55.06994236917745,55.043742337917735,55.03879576916175,55.02403906656314,55.0070765961281,55.00625153562948,54.95846506931811
1131.0,15.995554003724395,15.995554003724395,0.1,1,55.07153423940985,0.051429743278539775,12.08820272696317,55.07153423940985,55.07923142491249,55.05974699320229,55.07100676581749,55.04581936777051,55.04795541439003,55.031891742338786,55.02926963596189,55.02010449613131,55.02300139153354
1132.0,15.980726256983235,15.980726256983235,0.1,1,55.06193284121817,0.028125777120337148,12.748681060203426,55.06193284121817,55.06459078507788,55.056030793948516,55.05328266438258,55.04786995265794,55.04586914877586,55.03970911136741,55.03431027362834,55.033807064097836,55.03098693325026
1133.0,16.000931098696462,16.000931098696462,0.1,1,55.05238830473141,0.005065394175943538,15.456863257639213,55.05238830473141,55.05363605002531,55.052260248795655,55.04763588725408,55.04985560764337,55.05082081426785,55.04745096649114,55.050580456286404,55.047322910555465,55.07500818863989
1134.0,16.000931098696462,16.000931098696462,0.1,1,55.06079715426231,0.017755580955025607,18.141995647080496,55.043041573307285,55.06526223823397,55.048580015467465,55.1017156245815,55.051919363784734,55.07143083064592,55.05525871210206,55.073597776219025,55.06079715426231,55.12041528212753
1135.0,16.000931098696462,16.000931098696462,0.1,1,55.074149235433815,0.04034119281519821,17.1301316755134,55.03380804261862,55.06280373465438,55.04490904747832,55.112166289309286,55.053978639026155,55.074469019209225,55.06304823057404,55.075153633070904,55.074149235433815,55.10316635063469
1136.0,16.000931098696462,16.000931098696462,0.2,1,55.08738112341171,0.0626953605058489,24.034022233480272,55.02468576290586,55.02913021642987,55.041248803351394,55.045531507958934,55.056033443158725,55.07353019686312,55.07081808296611,55.107060821996726,55.08738112341171,55.22181177169957
1137.0,16.000931098696462,16.000931098696462,0.1,1,55.05751696067796,0.10749148431440148,19.997572896049512,54.95002547636356,54.945204375585625,54.977618759696206,54.95404930168128,55.0037712185207,55.00587702709597,55.029923677345245,55.04465229347223,55.05751696067796,55.11926597733711
1138.0,16.000931098696462,16.000931098696462,0.1,1,55.07051457296892,0.12915904410742485,22.36668978458258,54.94135552886149,54.97547788263231,54.97411432974523,55.0572198868672,55.00593505091515,55.038648923203446,55.03775577208512,55.07216109128189,55.07051457296892,55.162090328280904
1139.0,16.000931098696462,16.000931098696462,0.1,-1,55.08339926980523,0.1506101722793005,13.284846682715612,54.93278909752593,54.979016294227556,54.97062575364602,55.07645413519666,55.00809418366552,55.03450630523635,55.04556261368508,55.050646922405086,55.08339926980523,55.05810577647614
1140.0,15.997672253258848,15.997672253258848,0.1,-1,55.0733669592401,0.126236664385722,12.51478767724663,54.947130294854375,54.994350704804525,54.97855698444835,55.08065300962457,55.01024862704718,55.03366284048225,55.04194026964606,55.03804173304091,55.0733669592401,55.01771292356598
1141.0,15.978608007448791,15.978608007448791,0.1,-1,55.06344823167114,0.102126269128064,12.902510644434356,54.961321962543074,55.00665094673942,54.98646807540249,55.07988592050299,55.01238509710706,55.03705052637549,55.03830211881167,55.03843266651259,55.06344823167114,55.026671545416505
1142.0,15.983659217877095,15.983659217877095,0.1,-1,55.05357625667347,0.07827417251976243,11.751522220435536,54.97530208415371,55.00533420519848,54.99429252204539,55.04547400113318,55.014439170413546,55.035104787007896,55.03458581878175,55.04429809520924,55.05357625667347,55.066336776956014
1143.0,15.99262104283054,15.99262104283054,0.1,-1,55.043847241636215,0.05467571818622474,12.858914106747891,54.98917152344999,55.01794446131368,55.00212689113709,55.04675115693111,55.016509382543056,55.032510394558805,55.030891873949074,55.03174689189197,55.043847241636215,55.02630629575499
1144.0,15.96964618249535,15.96964618249535,0.1,-1,55.034274851377155,0.03132640075919113,13.60576569184166,55.002948450617964,55.03389146273691,55.009985238363136,55.06040238934971,55.018611650997514,55.039702836491536,55.02723806363195,55.0364765248418,55.034274851377155,55.04470557952375
1145.0,15.99522811918063,15.99522811918063,0.1,-1,55.024726587714646,0.008221859564720546,13.668630834091223,55.016504728149926,55.03312531589893,55.017735486083865,55.02683252858697,55.02061565793224,55.02768831222098,55.02349582978067,55.01955784867149,55.024726587714646,55.00186103146536
1146.0,15.981052141527002,15.981052141527002,0.1,-1,55.03004070688038,0.01464212740838633,17.291049335747758,55.03004070688038,55.065403959282605,55.02557421160178,55.08246554686884,55.022719643176146,55.03601230373581,55.01986507475056,55.00615380884731,55.01539857947199,54.941870753490484
1147.0,15.981215083798883,15.981215083798883,0.1,-1,55.043396064795026,0.03726964927233922,17.65309744226602,55.043396064795026,55.07319817871684,55.033337478551445,55.073851890166175,55.02476124015882,55.03515753313781,55.01618500176624,55.00234166756836,55.00612641552269,54.94040987980416
1148.0,15.968342644320298,15.968342644320298,0.1,-1,55.056631401928506,0.059664667748315026,21.08085937852987,55.056631401928506,55.11133091709929,55.041082424711924,55.14811214673974,55.02679906805431,55.057865215669864,55.012515711396745,55.01284383711576,54.99696673418019,54.96036905726328
1149.0,15.969483240223466,15.969483240223466,0.1,-1,55.06969549100431,0.0818310224301868,20.16962822297256,55.06969549100431,55.10701408363828,55.048754505880055,55.10509902412731,55.02877997978918,55.04758873956287,55.00880545369835,55.00309787709712,54.987864468574124,54.94790107513716
1150.0,16.000931098696462,16.000931098696462,0.1,1,55.082647458369124,0.10377243581487505,10.745872458872512,55.082647458369124,55.12431381049183,55.05640967034257,55.1235829208177,55.03076124046165,55.05500059708329,55.00511281058078,55.00577574885349,54.97887502255425,54.95849553985267
1151.0,16.000931098696462,16.000931098696462,0.1,1,55.07280694254321,0.07988096925525667,11.61138422620835,55.07280694254321,55.07748630782737,55.05276739846849,55.02152479801942,55.032866457915546,55.03691300558305,55.01296551736266,55.015197915403384,54.99292597328795,55.01250142568921
1152.0,16.000931098696462,16.000931098696462,0.1,1,55.06308941699021,0.05624462625896598,13.197727492444228,55.06308941699021,55.06885814850467,55.04912564869994,55.02431942434479,55.034967103860694,55.041410543222405,55.020808559021496,55.02793354686081,55.00684479073124,55.04051115635204
1153.0,16.000931098696462,16.000931098696462,0.1,1,55.05349260685973,0.032858837141972685,10.361777943199685,55.05349260685973,55.06159141618493,55.04548634423963,55.02560686575965,55.03706318828871,55.0353731002508,55.02864003233784,55.01561292845823,55.020633769717755,54.97956946323639
1154.0,16.000931098696462,16.000931098696462,0.1,1,55.04401431106605,0.009719179793833632,9.94917022890188,55.04401431106605,55.040965527923404,55.04185130392274,54.99286199816839,55.039154721169105,55.02558721978248,55.03645813841551,55.011265417317404,55.034295131272216,54.96205475546884
1155.0,16.000931098696462,16.000931098696462,0.1,1,55.0478310256911,0.013178626483529854,14.734582056245651,55.03465239920757,55.02042221310538,55.03822224707468,54.96668878994426,55.04124171244931,55.02941161567767,55.04426117782399,55.037230152766874,55.0478310256911,55.051159901391536
1156.0,16.000931098696462,16.000931098696462,0.1,1,55.0612435354865,0.0358387268634317,13.526465641436712,55.025404808623065,55.02620617667968,55.034600798148425,55.00579696822741,55.04332417205475,55.0372557991988,55.05204754596113,55.03979343982499,55.0612435354865,55.031223512239094
1157.0,16.000931098696462,16.000931098696462,0.1,1,55.07453467819921,0.058265136620583746,11.388657751920595,55.01626954157862,55.04499203212954,55.03098849115155,55.07596288027276,55.04540210988889,55.051763568297034,55.059815728626276,55.04027284681233,55.07453467819921,54.99401886891295
1158.0,16.000931098696462,16.000931098696462,0.1,1,55.08770640908713,0.08046174650770865,15.162247709373052,55.007244662579424,55.034897025020555,55.02738677387229,55.0706644298786,55.04747553583326,55.06010458886462,55.06756429779426,55.06261816285606,55.08770640908713,55.06219368658006
1159.0,16.000931098696462,16.000931098696462,0.1,1,55.10076062369443,0.10243232789376577,20.112158310245178,54.99832829580066,55.006791965872324,55.02379701191387,55.0174865912685,55.04954445974752,55.05607074240015,55.0752919075812,55.08074595582251,55.10076062369443,55.12974050288989
1160.0,16.000931098696462,16.000931098696462,0.1,1,55.11369916030678,0.12418053767443382,16.876461911701433,54.989518622632346,55.007744019601645,55.02022049254562,55.03786426171745,55.05160889146954,55.0567254200793,55.08299729039349,55.0736087551041,55.11369916030678,55.08003001966995
1161.0,16.000931098696462,16.000931098696462,0.1,-1,55.12652380229804,0.14570992296523855,11.319984306564532,54.9808138793328,54.97795390005443,55.016658428379195,54.97858092324665,55.0536688408154,55.04515212859891,55.09067925325163,55.0774158468718,55.12652380229804,55.09961193402592
1162.0,16.000931098696462,16.000931098696462,0.1,-1,55.11643050594561,0.12141237673225902,9.883723093366154,54.99501812921335,54.99448996639608,55.02451484809152,54.997831329396156,55.05572431757946,55.05525313777414,55.08693378706742,55.089012981696655,55.11643050594561,55.14092796956365
1163.0,16.000931098696462,16.000931098696462,0.1,-1,55.10646320192605,0.09737574078322098,11.543107533775885,55.009087461142826,55.01631872465466,55.0323631713075,55.02689925182493,55.05777533153442,55.058871864135746,55.08318749176136,55.07962180224415,55.10646320192605,55.10228103489817
1164.0,16.000931098696462,16.000931098696462,0.1,-1,55.09661953749498,0.07359529012722277,14.109695073359427,55.02302424736776,55.0441054789409,55.0402013960926,55.070502621460726,55.05982189243136,55.06548878650787,55.079442388770126,55.06880516896293,55.09661953749498,55.0547019927851
1165.0,16.000931098696462,16.000931098696462,0.1,-1,55.086897236729406,0.05006645345925875,15.239776190631654,55.03683078327015,55.05294156752149,55.04802762955189,55.06190416247135,55.061864009999766,55.05811057948494,55.07570039044766,55.049996290360866,55.086897236729406,54.9986016298212
1166.0,16.000931098696462,16.000931098696462,0.1,-1,55.077294097313086,0.026784806730887567,17.05933903825483,55.0505092905822,55.07751878426464,55.05584008275748,55.09969475888164,55.063901693947635,55.070633387736436,55.07196330513781,55.055300423247836,55.077294097313086,55.01373243616883
1167.0,15.971438547486038,15.971438547486038,0.1,-1,55.06823284201698,0.004595776111017358,17.325895178441986,55.06406192045819,55.085853596223565,55.063637065905965,55.09278577094489,55.06593495396147,55.07092745756285,55.06823284201698,55.053727988787415,55.06780798746476,55.01885303180473
1168.0,15.97225325884544,15.97225325884544,0.1,-1,55.077370469904785,0.019053913407091727,16.755484396763507,55.077370469904785,55.07955035976875,55.071296697190476,55.04625554606842,55.06784351320123,55.05574078682292,55.064390329212,55.036281842207146,55.058316556497694,54.98150576107225
1169.0,16.000931098696462,16.000931098696462,0.1,-1,55.0905608272818,0.041619152571655604,16.615771538550607,55.0905608272818,55.0898663678667,55.07894134108305,55.05128251677996,55.069751250995964,55.063546002264935,55.0605611609089,55.04914410021885,55.04894167471014,55.03500881121347
1170.0,16.000931098696462,16.000931098696462,0.1,-1,55.10374858374672,0.06395354427811384,14.77636185790774,55.10374858374672,55.088545798182665,55.08668321288565,55.02809377592998,55.071771811607654,55.06975578960772,55.056860410329676,55.073480811897895,55.03979503946861,55.13607004056134
1171.0,16.000931098696462,16.000931098696462,0.1,-1,55.116818417278964,0.08606086317062278,17.08766614189876,55.116818417278964,55.10527587971558,55.09440375617087,55.04560502617409,55.07378798569364,55.065134898862524,55.05317221521643,55.05190852212652,55.03075755410834,55.056010421817064
1172.0,16.000931098696462,16.000931098696462,0.1,1,55.129772167657876,0.10794476964318989,13.177103648623328,55.129772167657876,55.11058025664152,55.102101711472514,55.03381276151169,55.07579978283627,55.056247718690265,55.049497854200034,55.034353876111716,55.021827398014686,55.003705658418404
1173.0,16.000931098696462,16.000931098696462,0.1,1,55.119805845429134,0.08399726566484844,11.672873446416908,55.119805845429134,55.15013085863914,55.09837300646103,55.16520069896363,55.0778072125967,55.092272479403576,55.057241418732374,55.05590950885849,55.035808579764286,55.02003760952481
1174.0,16.000931098696462,16.000931098696462,0.1,1,55.109963433493256,0.060306297956600474,13.801234715775589,55.109963433493256,55.12998344953918,55.0946441809124,55.13238488013313,55.07981028451495,55.090620980521734,55.06497638811751,55.0679155295331,55.049657135536656,55.0588446050837
1175.0,16.000931098696462,16.000931098696462,0.1,1,55.1002426293742,0.03686724252850837,12.679798532161424,55.1002426293742,55.10074204007339,55.09091719907385,55.073316376518186,55.081809008109936,55.07383341780218,55.07270081714603,55.058320072485785,55.06337538684569,55.02956081067665
1176.0,16.000931098696462,16.000931098696462,0.1,1,55.09064120554644,0.013675625333775088,13.246453477841314,55.09064120554644,55.09143271201926,55.08719391892959,55.07132818371539,55.083803392879545,55.07515636226347,55.080412866829505,55.06416069321391,55.076965580212665,55.03713170841704
1177.0,16.000931098696462,16.000931098696462,0.1,1,55.090429890299994,0.009272883998669101,15.704462278129444,55.081157006301325,55.088372934173556,55.0834760971442,55.08720143083888,55.08579344830065,55.085163335398775,55.08811079945711,55.08152758266812,55.090429890299994,55.07932728740989
1178.0,16.000931098696462,16.000931098696462,0.1,1,55.10377042290576,0.03198247815313948,19.857159441982542,55.07178794475262,55.07551998322141,55.07976539378187,55.07673485945357,55.087779183829184,55.09074595839771,55.095792973876506,55.1015883329864,55.10377042290576,55.13878151081221
1179.0,16.000931098696462,16.000931098696462,0.2,1,55.11698921782529,0.05445721785023494,21.45951100517225,55.06253199997506,55.07933505105044,55.0760633768116,55.11044910244321,55.08976060890017,55.10752205665029,55.103457840988746,55.126103852820826,55.11698921782529,55.19646783451066
1180.0,16.000931098696462,16.000931098696462,0.1,1,55.08704617673515,0.09938853183597729,22.161821783702955,54.98765764489917,54.98355846748663,55.01231401078427,54.98943234790782,55.03735191081716,55.039495444469566,55.06238981085004,55.077013685567714,55.08704617673515,55.154082554260135
1181.0,16.000931098696462,16.000931098696462,0.1,1,55.100027811011394,0.1211699885121007,22.07922984422116,54.97885782249929,54.962252738139306,55.00876410988402,54.953182619754834,55.03944281675534,55.03029366965905,55.07012152362667,55.0760834509241,55.100027811011394,55.14492704952759
1182.0,16.000931098696462,16.000931098696462,0.1,1,55.11289518181213,0.1427319986972435,22.53978688860359,54.970163183114884,54.96407494755031,55.00522832875872,54.98041431398388,55.041529182463506,55.038738066093956,55.077830036168294,55.08541584326343,55.11289518181213,55.15119108145601
1183.0,16.000931098696462,16.000931098696462,0.1,-1,55.125650030294864,0.16407802486165224,12.332771816554516,54.96157200543321,54.98699549696748,55.001707823802406,55.062021270185056,55.04361101786404,55.06212146560694,55.08551421192567,55.101176820280685,55.125650030294864,55.16119946227301
1184.0,16.000931098696462,16.000931098696462,0.1,-1,55.1154882722296,0.13959987874446256,8.669720988178279,54.975888393485135,54.97021566648892,55.0096065701371,54.98610490530267,55.04568833285737,55.047231708047036,55.08177009557764,55.09849164935076,55.1154882722296,55.18217203308035
1185.0,16.000931098696462,16.000931098696462,0.1,-1,55.10545379941903,0.11538532419402969,7.995712111795833,54.990068475225,54.9641251464993,55.01749793637441,54.94213007641532,55.04776113732201,55.03674243246432,55.07802433826962,55.09287021210853,55.10545379941903,55.181127961242545
1186.0,16.000931098696462,16.000931098696462,0.1,-1,55.09554422180644,0.09142956138359892,10.974761830388038,55.00411466042284,55.007842321741826,55.02537987199246,55.03073460363235,55.04982944111464,55.05350836939186,55.07427901023682,55.0854060349223,55.09554422180644,55.127286030850115
1187.0,16.000931098696462,16.000931098696462,0.1,-1,55.08575722764925,0.06772794715831765,13.050759307858591,55.018029280490936,55.02618575774234,55.03325043782453,55.04632780140776,55.05189325407009,55.04861067765364,55.070536070315654,55.06050320035794,55.08575722764925,55.03864993203962
1188.0,16.000931098696462,16.000931098696462,0.1,-1,55.07609058023871,0.04427598847451719,11.850045643434184,55.031814591764196,55.008790653642265,55.04110780088101,54.968497971232125,55.05395258600145,55.02345870014816,55.06679737112189,55.03473220079206,55.07609058023871,54.98326058074247
1189.0,16.000931098696462,16.000931098696462,0.1,-1,55.066542114765404,0.021069336130608463,11.45853045866511,55.045472778634796,55.012055866222056,55.04895022940624,54.95404436066666,55.05600744670009,55.022441029490565,55.063064663993956,55.036835454008035,55.066542114765404,55.007209017706046
1190.0,16.000931098696462,16.000931098696462,0.1,-1,55.05933960371201,0.002563515552552076,13.836234499229683,55.05900595654753,55.043472766292915,55.05677608815946,55.014667160618394,55.058057845935735,55.03812426608509,55.05933960371201,55.04094084544504,55.05710973532395,55.010569307375576
1191.0,15.99881284916201,15.99881284916201,0.1,-1,55.07241617486223,0.024624762811512824,15.440295194232414,55.07241617486223,55.067969059104556,55.06458383390992,55.05551915619891,55.06010379345647,55.05200325141,55.05562375300301,55.049291729898606,55.047791412050714,55.03485129316077
1192.0,15.977467411545623,15.977467411545623,0.1,-1,55.085696778270474,0.04712024120057379,16.613607624740133,55.085696778270474,55.08933303247749,55.072363369817744,55.087425644583604,55.06213665767019,55.06579050547997,55.051909945522624,55.06127166252142,55.0385765370699,55.0733700223853
1193.0,16.000931098696462,16.000931098696462,0.2,-1,55.09877129112548,0.06938648753025234,22.19074361184997,55.09877129112548,55.13868220769553,55.080034923044344,55.188711763770286,55.064078047360354,55.08812097827669,55.048121171676364,55.05708479798643,55.02938480359523,55.028154488268555
1194.0,16.000931098696462,16.000931098696462,0.1,1,55.06882202685231,0.11408228497560202,10.779250230348447,55.06882202685231,55.077266698975194,55.03911689912762,55.05877724943378,55.01178088436451,55.014887737453854,54.984444869601404,54.98539479312975,54.95473974187671,54.955366573834475
1195.0,16.000931098696462,16.000931098696462,0.1,1,55.05895468904249,0.09005473639174255,9.292959902352607,55.05895468904249,55.0747907965804,55.03554135872801,55.073766754360825,55.01392732084662,55.02181741092382,54.99231328296523,54.99432254462486,54.968899952650744,54.96649084507779
1196.0,16.000931098696462,16.000931098696462,0.1,1,55.04921193293103,0.06628567442641753,10.629101260586115,55.04921193293103,55.057217049226196,55.03196424291647,55.048063139881044,55.016069095717825,55.02014659627887,55.00017394851918,55.00314924886121,54.98292625850461,54.9913982273681
1197.0,16.000931098696462,16.000931098696462,0.1,1,55.03959141973715,0.04277040113579744,10.540754447144582,55.03959141973715,55.06967395961723,55.02838757284311,55.101878515076535,55.01820621916926,55.03572760234738,55.00802486549541,55.01296781284834,54.99682101860135,54.99151636796759
1198.0,16.000931098696462,16.000931098696462,0.1,1,55.03009088723744,0.019504371735976633,8.765081082033785,55.03009088723744,55.04345578288477,55.02481326082136,55.04706407588372,55.02033870136946,55.0182893804946,55.01586414191756,54.99766415036928,55.010586515501465,54.940554795718086
1199.0,16.000931098696462,16.000931098696462,0.1,1,55.024224958368734,0.003516811808523812,9.282592731712107,55.02070814656021,55.03816617289299,55.021243115387776,55.05327880342863,55.02246655246448,55.022756517773296,55.023689989541175,55.00483160813046,55.024224958368734,54.95114842714501
1200.0,16.000931098696462,16.000931098696462,0.1,1,55.037738486033504,0.0262974069112758,9.282592731712107,55.01144107912223,55.00913304081291,55.01767884613226,54.99608004388981,55.02458978257787,55.012211009211086,55.03150071902348,55.00862252052057,55.037738486033504,54.97188480234694
