object_index,noise_seed,C_th_scale,K_cool_scale,K_node_scale,load_input_scale,coolant_offset_C,single_hotspot_rmse_C,single_mean_node_rmse_C,single_maximum_absolute_error_C,single_q95_absolute_error_C,single_hotspot_position_accuracy,gated_hotspot_rmse_C,gated_mean_node_rmse_C,gated_maximum_absolute_error_C,gated_q95_absolute_error_C,gated_hotspot_position_accuracy,hotspot_improvement_percent
0,0,1.0111033354603067,0.771506687744371,1.0954686915775709,1.0681729686068542,4.219367342208503,1.0713227467573918,1.480894711530049,3.5165103032264184,3.0742119203669067,0.9180327868852459,0.4117405395019461,0.5519836339460131,1.276525472872919,1.0994813709431472,0.9180327868852459,61.56708697279368
0,1,1.0111033354603067,0.771506687744371,1.0954686915775709,1.0681729686068542,4.219367342208503,1.077776513731391,1.478978322905326,3.5299535357287013,3.0542405261801533,0.8688524590163934,0.4147009445615648,0.5490187908047078,1.2899487947596384,1.0989583784582522,0.8360655737704918,61.52254764526083
0,2,1.0111033354603067,0.771506687744371,1.0954686915775709,1.0681729686068542,4.219367342208503,1.0660384309781106,1.4723004300596794,3.476143422615145,3.0520568359177704,0.8524590163934426,0.4057840846034022,0.5425770636865466,1.233248480424237,1.0772625772413051,0.8524590163934426,61.93532307919823
0,3,1.0111033354603067,0.771506687744371,1.0954686915775709,1.0681729686068542,4.219367342208503,1.0630299475605454,1.47431587044979,3.4934847147799672,3.0831810459823834,0.8360655737704918,0.40241196237237153,0.5456297306858469,1.2592323522725337,1.0951775674379434,0.819672131147541,62.14481414227025
0,4,1.0111033354603067,0.771506687744371,1.0954686915775709,1.0681729686068542,4.219367342208503,1.0397203126322907,1.4597979594729291,3.4821202103221296,3.053911068927302,0.9016393442622951,0.3784629874701522,0.5297065685442932,1.246748973686536,1.073369280574292,0.9016393442622951,63.59953894600884
0,5,1.0111033354603067,0.771506687744371,1.0954686915775709,1.0681729686068542,4.219367342208503,1.0640564874596492,1.4742285387703125,3.509701854498985,3.0710832162372994,0.9016393442622951,0.40484199103739044,0.5449465309418401,1.2762995080544215,1.1075794128145904,0.9016393442622951,61.95296059855632
0,6,1.0111033354603067,0.771506687744371,1.0954686915775709,1.0681729686068542,4.219367342208503,1.0742909927300284,1.4829423069430585,3.515677577367306,3.0975282062320946,0.9016393442622951,0.41189267703543525,0.5535669495378258,1.282465854368752,1.127725306507037,0.8852459016393442,61.659114725637025
0,7,1.0111033354603067,0.771506687744371,1.0954686915775709,1.0681729686068542,4.219367342208503,1.059125165134487,1.4637508247019637,3.5124340935452025,3.066341802590047,0.8852459016393442,0.39867376217791833,0.533743722529655,1.2791093685649741,1.1036155809925166,0.8688524590163934,62.358201343719834
0,8,1.0111033354603067,0.771506687744371,1.0954686915775709,1.0681729686068542,4.219367342208503,1.0796894733874431,1.4871834090937952,3.5290934974389856,3.104926253626566,0.8688524590163934,0.4161795077145612,0.5574744235939679,1.2972828603370203,1.1333150889053911,0.8688524590163934,61.45377740797734
0,9,1.0111033354603067,0.771506687744371,1.0954686915775709,1.0681729686068542,4.219367342208503,1.0649538211041998,1.4741443347854561,3.5188134524679953,3.0614215040181394,0.8852459016393442,0.4039930927518317,0.5442469455644479,1.2778825296353347,1.102448738746162,0.9016393442622951,62.06473137652574
1,0,0.8595208847830338,1.087562757030631,1.1681277081768469,1.058319094310158,3.940559536722888,0.3598462392029987,0.4268130983891814,0.8800574347424615,0.8013941010820986,0.9344262295081968,0.19297483328598708,0.23529837003809026,0.7324612656229164,0.4955788266072646,0.7868852459016393,46.37297482574914
1,1,0.8595208847830338,1.087562757030631,1.1681277081768469,1.058319094310158,3.940559536722888,0.3630828507900294,0.42997534069320065,0.9121777057064833,0.8157123452342376,0.9016393442622951,0.21634938171576998,0.2531979594148984,0.7519448163068532,0.5264646809350169,0.8032786885245902,40.41321939468722
1,2,0.8595208847830338,1.087562757030631,1.1681277081768469,1.058319094310158,3.940559536722888,0.36542604763050784,0.4426784957848423,0.9231124234690427,0.7987531867473365,0.9016393442622951,0.20524691741898207,0.24462152746122823,0.7224333227147781,0.5039935235006198,0.8360655737704918,43.83352835687488
1,3,0.8595208847830338,1.087562757030631,1.1681277081768469,1.058319094310158,3.940559536722888,0.3479242860607521,0.4225614589537673,0.8959875261375458,0.7728022058483106,0.9344262295081968,0.22903820649589862,0.2802078819701684,0.719015593368475,0.6216050903210573,0.7868852459016393,34.1701008891614
1,4,0.8595208847830338,1.087562757030631,1.1681277081768469,1.058319094310158,3.940559536722888,0.35438785537440004,0.4261177535487802,0.9101437964713526,0.8097640619157346,0.9344262295081968,0.18327825245711066,0.2190462669903067,0.7126559765706659,0.5091651665732684,0.8360655737704918,48.28314523829189
1,5,0.8595208847830338,1.087562757030631,1.1681277081768469,1.058319094310158,3.940559536722888,0.3616974320604312,0.4284045515144719,0.975250771911071,0.8154130597492129,0.8852459016393442,0.22239452431436935,0.2718547495753243,0.7686084497428496,0.6141989680419843,0.7540983606557377,38.51365682982996
1,6,0.8595208847830338,1.087562757030631,1.1681277081768469,1.058319094310158,3.940559536722888,0.33493543577929896,0.4164604672200832,0.9081095691260685,0.8083916246508268,0.8852459016393442,0.18441153297025156,0.251043047516421,0.8037531421219768,0.5266460474287413,0.8032786885245902,44.94116976868134
1,7,0.8595208847830338,1.087562757030631,1.1681277081768469,1.058319094310158,3.940559536722888,0.3512384592184107,0.41919158115393657,0.8789376673188514,0.777142239557017,0.9180327868852459,0.19724418530740545,0.23286132016110503,0.6926344746024427,0.4993232782371338,0.8360655737704918,43.843226693819126
1,8,0.8595208847830338,1.087562757030631,1.1681277081768469,1.058319094310158,3.940559536722888,0.32767004736691047,0.4045869578745259,0.8780012050326604,0.7711256429323428,0.9180327868852459,0.17489950647661823,0.21846869955157605,0.6296632177582353,0.4500876203308579,0.8688524590163934,46.62328525842538
1,9,0.8595208847830338,1.087562757030631,1.1681277081768469,1.058319094310158,3.940559536722888,0.36068231835491815,0.43473095942344037,0.9027647663869303,0.796199379526189,0.9180327868852459,0.18361618490463227,0.22409602421007246,0.7853129489704642,0.5081341264937181,0.7704918032786885,49.09199160576801
2,0,0.9751992740438736,0.8798156011180694,1.0859985260783225,1.029465434756251,-0.3040965521317935,0.32512355207930244,0.45120906196057825,1.0604819029918957,0.9258258123649742,0.9180327868852459,0.17069594077185501,0.19659531536365138,0.7423318180288234,0.427856327341229,0.7540983606557377,47.4981311934548
2,1,0.9751992740438736,0.8798156011180694,1.0859985260783225,1.029465434756251,-0.3040965521317935,0.3345763161845684,0.46524451443037373,1.0692721003789458,0.9269167790092155,0.9180327868852459,0.1677542561256219,0.19789477870810607,0.5131888239358844,0.4400363697528534,0.6885245901639344,49.86069006956231
2,2,0.9751992740438736,0.8798156011180694,1.0859985260783225,1.029465434756251,-0.3040965521317935,0.3339762627680353,0.45895126984456247,1.0600268027541162,0.9275334306006771,0.9180327868852459,0.14620345148791503,0.17767511551056123,0.603599829274529,0.35635893443896277,0.7049180327868853,56.223400347029674
2,3,0.9751992740438736,0.8798156011180694,1.0859985260783225,1.029465434756251,-0.3040965521317935,0.31296531731791005,0.43859098540387,1.0269409141086498,0.8912440793567372,0.8852459016393442,0.15583547319325516,0.17423109273666462,0.5747802146726428,0.35972564646747585,0.6885245901639344,50.206791433391466
2,4,0.9751992740438736,0.8798156011180694,1.0859985260783225,1.029465434756251,-0.3040965521317935,0.34615161981857584,0.4705151967804616,1.0882155953970525,0.9572421543118113,0.9180327868852459,0.13841969020242437,0.16898895663182104,0.568175596242412,0.3010377219969841,0.6885245901639344,60.01183230776948
2,5,0.9751992740438736,0.8798156011180694,1.0859985260783225,1.029465434756251,-0.3040965521317935,0.3121214023804088,0.43892613265783625,1.0271033570013302,0.8958722241658691,0.9344262295081968,0.1508265247340015,0.17757602728429817,0.6441047138941585,0.3499573890910029,0.8032786885245902,51.67696813364422
2,6,0.9751992740438736,0.8798156011180694,1.0859985260783225,1.029465434756251,-0.3040965521317935,0.3241257477179769,0.4524845321725428,1.0503977542913319,0.9297368423920801,0.8852459016393442,0.16695765361353077,0.18886122461835572,0.6853448845742918,0.3790224944709751,0.7868852459016393,48.48985161191166
2,7,0.9751992740438736,0.8798156011180694,1.0859985260783225,1.029465434756251,-0.3040965521317935,0.3343722384823557,0.46274265856681257,1.0991406105805055,0.9619208103830361,0.9016393442622951,0.14489372192458322,0.17299022549678883,0.5183188879810885,0.32801745401732635,0.7540983606557377,56.66694023934974
2,8,0.9751992740438736,0.8798156011180694,1.0859985260783225,1.029465434756251,-0.3040965521317935,0.3110741519491175,0.44209384990608586,1.032187957374866,0.8996544561094213,0.9180327868852459,0.24088313839915443,0.25566438216666715,0.794429918237249,0.6418180130570961,0.7377049180327869,22.564077764148085
2,9,0.9751992740438736,0.8798156011180694,1.0859985260783225,1.029465434756251,-0.3040965521317935,0.32758986355890474,0.4519573287882823,1.0273358250604758,0.9178938134049673,0.8852459016393442,0.2231189981742866,0.24530716898075333,0.780739151444557,0.5571515078528168,0.6557377049180327,31.890750296622954
3,0,1.068384984866736,0.9964038772377258,1.015115172182075,0.9550283852769617,1.4669276858965157,0.0597612501331523,0.056869826863619743,0.25,0.11314630908979809,0.9180327868852459,0.0597612501331523,0.056869826863619743,0.25,0.11314630908979809,0.9180327868852459,0.0
3,1,1.068384984866736,0.9964038772377258,1.015115172182075,0.9550283852769617,1.4669276858965157,0.06407603524260076,0.057092005649972306,0.25,0.11244107023505165,0.8852459016393442,0.06407603524260076,0.057092005649972306,0.25,0.11244107023505165,0.8852459016393442,0.0
3,2,1.068384984866736,0.9964038772377258,1.015115172182075,0.9550283852769617,1.4669276858965157,0.06461586230543591,0.06646992612210634,0.25,0.12798092133861733,0.9016393442622951,0.06461586230543591,0.06646992612210634,0.25,0.12798092133861733,0.9016393442622951,0.0
3,3,1.068384984866736,0.9964038772377258,1.015115172182075,0.9550283852769617,1.4669276858965157,0.07242092271128193,0.06210045150724253,0.28836524458942137,0.11691924830045226,0.8852459016393442,0.07242092271128193,0.06210045150724253,0.28836524458942137,0.11691924830045226,0.8852459016393442,0.0
3,4,1.068384984866736,0.9964038772377258,1.015115172182075,0.9550283852769617,1.4669276858965157,0.0603528935315905,0.05654393352800665,0.25,0.10057559242360274,0.9016393442622951,0.0603528935315905,0.05654393352800665,0.25,0.10057559242360274,0.9016393442622951,0.0
3,5,1.068384984866736,0.9964038772377258,1.015115172182075,0.9550283852769617,1.4669276858965157,0.06573528643662588,0.06731672291938802,0.2666077751622282,0.12428284906388573,0.8852459016393442,0.06573528643662588,0.06731672291938802,0.2666077751622282,0.12428284906388573,0.8852459016393442,0.0
3,6,1.068384984866736,0.9964038772377258,1.015115172182075,0.9550283852769617,1.4669276858965157,0.06377094315503037,0.06132373939911541,0.25,0.12166159323456614,0.9672131147540983,0.06377094315503037,0.06132373939911541,0.25,0.12166159323456614,0.9672131147540983,0.0
3,7,1.068384984866736,0.9964038772377258,1.015115172182075,0.9550283852769617,1.4669276858965157,0.060275909273189335,0.06138223715583019,0.25,0.1094128099936981,0.9016393442622951,0.060275909273189335,0.06138223715583019,0.25,0.1094128099936981,0.9016393442622951,0.0
3,8,1.068384984866736,0.9964038772377258,1.015115172182075,0.9550283852769617,1.4669276858965157,0.06551078451612621,0.06473383787230756,0.29071518264147045,0.1242207932068212,0.9180327868852459,0.06551078451612621,0.06473383787230756,0.29071518264147045,0.1242207932068212,0.9180327868852459,0.0
3,9,1.068384984866736,0.9964038772377258,1.015115172182075,0.9550283852769617,1.4669276858965157,0.08385986578592697,0.08037276317388754,0.2791449756708886,0.1353067672005068,0.9016393442622951,0.08385986578592697,0.08037276317388754,0.2791449756708886,0.1353067672005068,0.9016393442622951,0.0
4,0,1.1451777205138427,0.8555763235375091,0.9914544528657524,1.1089912537554572,2.7659749538949576,0.7990477011154479,1.1132804746263945,2.657849599495094,2.338234767408578,0.8852459016393442,0.18541870501215352,0.24274078351347203,0.5805792810018033,0.4978706958706426,0.8524590163934426,76.79503930074334
4,1,1.1451777205138427,0.8555763235375091,0.9914544528657524,1.1089912537554572,2.7659749538949576,0.8040519136215322,1.1168015486544822,2.683884043213844,2.349903697468132,0.819672131147541,0.19563760288520501,0.25076265000808784,0.5922250689503059,0.5127461802315482,0.819672131147541,75.66853587798414
4,2,1.1451777205138427,0.8555763235375091,0.9914544528657524,1.1089912537554572,2.7659749538949576,0.7802403647619172,1.096377551075516,2.649687025651069,2.3062319361686865,0.8688524590163934,0.16989564711429092,0.22510752948628554,0.5612358667258945,0.4591586611031972,0.8688524590163934,78.2252168963172
4,3,1.1451777205138427,0.8555763235375091,0.9914544528657524,1.1089912537554572,2.7659749538949576,0.7987519485910807,1.1089937226010786,2.6805502759517523,2.322501871077681,0.8360655737704918,0.18684201731400502,0.23908280767522172,0.5883825836385057,0.49048903125399773,0.8360655737704918,76.60825521069766
4,4,1.1451777205138427,0.8555763235375091,0.9914544528657524,1.1089912537554572,2.7659749538949576,0.773818380583817,1.0985596105105997,2.6158204010078165,2.306511780298638,0.8688524590163934,0.1598847917299275,0.22682556037907187,0.5384953430377521,0.4517716718629046,0.8688524590163934,79.33820186471915
4,5,1.1451777205138427,0.8555763235375091,0.9914544528657524,1.1089912537554572,2.7659749538949576,0.7997949515067879,1.1106464073918045,2.6758291349022088,2.3331363202662914,0.8524590163934426,0.18901519283791438,0.2407123084818372,0.5830607025858612,0.5034067946960507,0.8360655737704918,76.36704351761463
4,6,1.1451777205138427,0.8555763235375091,0.9914544528657524,1.1089912537554572,2.7659749538949576,0.7998780627230878,1.1141088611846846,2.6843253076796074,2.343385685022139,0.8524590163934426,0.18814081837824828,0.24369158507758257,0.5982272984322421,0.5154415873125459,0.8524590163934426,76.47881256578714
4,7,1.1451777205138427,0.8555763235375091,0.9914544528657524,1.1089912537554572,2.7659749538949576,0.7986135594262158,1.1121454013936525,2.6470088683193964,2.3311444702367328,0.8688524590163934,0.18631237715539467,0.24225902172048483,0.55578721936687,0.482458053269032,0.8360655737704918,76.67052168645176
4,8,1.1451777205138427,0.8555763235375091,0.9914544528657524,1.1089912537554572,2.7659749538949576,0.8128977054066062,1.1226870974516854,2.698388461024571,2.37232778214983,0.8524590163934426,0.20133310061887832,0.2526344925776313,0.6132587904003728,0.5269483078020386,0.8524590163934426,75.2326646661928
4,9,1.1451777205138427,0.8555763235375091,0.9914544528657524,1.1089912537554572,2.7659749538949576,0.7887034127636692,1.1030599288749903,2.656663461614258,2.329840346543476,0.8688524590163934,0.17386095415211758,0.23300956668030645,0.568131295478004,0.48783621537384797,0.8524590163934426,77.95610474881842
5,0,1.0772203240262055,0.9645094969646936,1.063768949050878,1.1474710047786392,4.4192395656685,0.8069188777573248,1.0979274252632507,2.5909086924889806,2.2709225790395853,0.9016393442622951,0.19843433920788298,0.23284103670384285,0.54094305840907,0.43432703032617187,0.8852459016393442,75.40839052379182
5,1,1.0772203240262055,0.9645094969646936,1.063768949050878,1.1474710047786392,4.4192395656685,0.8101737794770354,1.09807654988512,2.5830341124637144,2.2636511948690146,0.8852459016393442,0.20145845772976184,0.23013793521802944,0.48889430093083774,0.4158501105300417,0.8688524590163934,75.13392029796341
5,2,1.0772203240262055,0.9645094969646936,1.063768949050878,1.1474710047786392,4.4192395656685,0.8004903159828665,1.0908304359180168,2.5989059428702888,2.2731439426720375,0.8688524590163934,0.18887422244010285,0.22163287511609175,0.5083753616356219,0.4274413625075852,0.8360655737704918,76.40518333963887
5,3,1.0772203240262055,0.9645094969646936,1.063768949050878,1.1474710047786392,4.4192395656685,0.7908471698434568,1.090946446409682,2.6065077279236633,2.2604280490249735,0.9344262295081968,0.1891523297187075,0.22476717267609567,0.5165059057231929,0.4250351088694146,0.9344262295081968,76.08231565699994
5,4,1.0772203240262055,0.9645094969646936,1.063768949050878,1.1474710047786392,4.4192395656685,0.7992758698472571,1.099594549203233,2.583617237538647,2.2720069660087105,0.9180327868852459,0.18514845311852615,0.22824810665750744,0.491814564042798,0.4226599834515938,0.9180327868852459,76.83547569703208
5,5,1.0772203240262055,0.9645094969646936,1.063768949050878,1.1474710047786392,4.4192395656685,0.7975323061836335,1.0981812986553177,2.593137502606531,2.2471868444273952,0.9180327868852459,0.1883916706741394,0.23265939417341136,0.5013454003770121,0.41262809921818333,0.9016393442622951,76.37817688218365
5,6,1.0772203240262055,0.9645094969646936,1.063768949050878,1.1474710047786392,4.4192395656685,0.8064945392888545,1.0966244120191482,2.5548237144121515,2.228030557781891,0.8852459016393442,0.19389864673145635,0.22917299797356547,0.47378607721101673,0.3963561879016737,0.8688524590163934,75.95784753825723
5,7,1.0772203240262055,0.9645094969646936,1.063768949050878,1.1474710047786392,4.4192395656685,0.7914088292359275,1.0884036594432538,2.5740358014882645,2.2481230185713827,0.9016393442622951,0.17562183789117375,0.21612726373431485,0.48255538487575933,0.4146635624822494,0.8852459016393442,77.80896151225286
5,8,1.0772203240262055,0.9645094969646936,1.063768949050878,1.1474710047786392,4.4192395656685,0.8056774564338246,1.0947007535013002,2.59278215926377,2.2726378936611242,0.9016393442622951,0.19595035684022005,0.22723210000127642,0.5108975183182167,0.4406880455995406,0.8688524590163934,75.67880852623625
5,9,1.0772203240262055,0.9645094969646936,1.063768949050878,1.1474710047786392,4.4192395656685,0.7957146637064106,1.0912578818914809,2.5630772993935125,2.275860412548386,0.9016393442622951,0.18439381049791279,0.22246598047870947,0.4812354448471652,0.4179480595408606,0.8852459016393442,76.82664164576119
6,0,0.9036870389569224,0.8396585652806201,0.8111713329452498,1.0704966704545993,2.2163857774543008,0.7794471608232636,1.0602042172176462,2.4551605912376004,2.140870185547914,0.8688524590163934,0.17632811418925345,0.20156915582175688,0.40803837435668555,0.34961151555831266,0.8360655737704918,77.377797617094
6,1,0.9036870389569224,0.8396585652806201,0.8111713329452498,1.0704966704545993,2.2163857774543008,0.7821565722384832,1.0575359566231688,2.4379142193208736,2.152098136171175,0.9016393442622951,0.1734271144144795,0.19592854074470928,0.39761633281573694,0.32677041192429074,0.8360655737704918,77.82705911194455
6,2,0.9036870389569224,0.8396585652806201,0.8111713329452498,1.0704966704545993,2.2163857774543008,0.775419841071395,1.0556383415092598,2.4442807335101406,2.1563260873919745,0.8360655737704918,0.16739391758643454,0.19363560084115108,0.3675148634905554,0.3341730119556289,0.8360655737704918,78.41247944402005
6,3,0.9036870389569224,0.8396585652806201,0.8111713329452498,1.0704966704545993,2.2163857774543008,0.7763131076156757,1.0515897145116615,2.4238480291587052,2.1161840267135448,0.8852459016393442,0.17720024649938537,0.197136392421421,0.3555653342537042,0.30341147858108714,0.8360655737704918,77.17412668148447
6,4,0.9036870389569224,0.8396585652806201,0.8111713329452498,1.0704966704545993,2.2163857774543008,0.7844165627307936,1.0664305151660713,2.4714921031897745,2.193821118715447,0.8688524590163934,0.18039474147022624,0.2074903568935646,0.42524966320858937,0.3833921225159571,0.8032786885245902,77.00268581246971
6,5,0.9036870389569224,0.8396585652806201,0.8111713329452498,1.0704966704545993,2.2163857774543008,0.7754432138291989,1.0543265542950102,2.47174014373833,2.160644751000588,0.8852459016393442,0.17155495100707957,0.19119699219177586,0.4040381741059349,0.35972359529827574,0.8524590163934426,77.87652945469368
6,6,0.9036870389569224,0.8396585652806201,0.8111713329452498,1.0704966704545993,2.2163857774543008,0.774771194564318,1.0526977056169669,2.441038248348157,2.1429122561214897,0.9016393442622951,0.1723807020281772,0.19520050924260154,0.3988513449297031,0.33962953829829556,0.8524590163934426,77.7507600647036
6,7,0.9036870389569224,0.8396585652806201,0.8111713329452498,1.0704966704545993,2.2163857774543008,0.7732501531963134,1.0486507853540756,2.421564441226664,2.1367999175132613,0.9016393442622951,0.16522689012459396,0.18666118550884508,0.40309184294968503,0.33948184892496447,0.9180327868852459,78.63215552669332
6,8,0.9036870389569224,0.8396585652806201,0.8111713329452498,1.0704966704545993,2.2163857774543008,0.7839596328979079,1.054175354872492,2.4366196995700733,2.123310669964019,0.8688524590163934,0.18405535531075454,0.19767841906610614,0.4291346573799615,0.3454702015092707,0.8524590163934426,76.52234278563634
6,9,0.9036870389569224,0.8396585652806201,0.8111713329452498,1.0704966704545993,2.2163857774543008,0.7755983080288715,1.0535420179665163,2.418763649287584,2.135554603329659,0.8360655737704918,0.1688794830211129,0.19231457598427243,0.41892717880951125,0.33300403469708906,0.8524590163934426,78.22590878900856
7,0,0.9893072566408108,0.999612072335536,1.113438520909364,0.9121937099679064,-2.350686649293125,0.5491168916815296,0.5487539501743575,1.3187943584217692,1.1260093214472877,0.21311475409836064,0.09456652328502489,0.09569024879327002,0.25,0.199664556119852,0.8524590163934426,82.77843484372895
7,1,0.9893072566408108,0.999612072335536,1.113438520909364,0.9121937099679064,-2.350686649293125,0.5649677792223183,0.563720081837946,1.2935302912489064,1.131194929882861,0.21311475409836064,0.09774255907245455,0.10433922542106176,0.26725760004161714,0.18400917445270865,0.819672131147541,82.69944540784294
7,2,0.9893072566408108,0.999612072335536,1.113438520909364,0.9121937099679064,-2.350686649293125,0.5591867430435397,0.5582726815906316,1.295819993319462,1.1299554119211976,0.22950819672131148,0.11301520118327915,0.11911896010685308,0.32564213278232046,0.22570015303366664,0.7868852459016393,79.78936328709075
7,3,0.9893072566408108,0.999612072335536,1.113438520909364,0.9121937099679064,-2.350686649293125,0.566432463378749,0.5677019481126965,1.315828744623765,1.1557428291057321,0.18032786885245902,0.10213036837865047,0.11046648017506185,0.25,0.2052278463748351,0.8032786885245902,81.96954182861509
7,4,0.9893072566408108,0.999612072335536,1.113438520909364,0.9121937099679064,-2.350686649293125,0.5506129380894687,0.5525196340995997,1.2915493529582562,1.123575790885954,0.19672131147540983,0.08592458690598642,0.09344017412679638,0.25,0.18149097536417574,0.8524590163934426,84.39473885155518
7,5,0.9893072566408108,0.999612072335536,1.113438520909364,0.9121937099679064,-2.350686649293125,0.564838136853952,0.5637043972535176,1.3129476382014502,1.162196865472052,0.2459016393442623,0.09948705154590264,0.10184851115592639,0.26060887263077603,0.20392651450200106,0.8524590163934426,82.38662635281182
7,6,0.9893072566408108,0.999612072335536,1.113438520909364,0.9121937099679064,-2.350686649293125,0.556928561128079,0.5557825680070881,1.3126424828346615,1.142879518819288,0.22950819672131148,0.09795318155931754,0.09897650402650139,0.25,0.198212444751789,0.9016393442622951,82.4118947390829
7,7,0.9893072566408108,0.999612072335536,1.113438520909364,0.9121937099679064,-2.350686649293125,0.56033573460078,0.5635899506360446,1.3162817222166154,1.1491820337163576,0.16393442622950818,0.09641420325847379,0.10890861768637783,0.25,0.20686880724562973,0.8524590163934426,82.79349373868408
7,8,0.9893072566408108,0.999612072335536,1.113438520909364,0.9121937099679064,-2.350686649293125,0.5723754798047981,0.5718912300525235,1.3298463584835503,1.1589561448060153,0.18032786885245902,0.10895750218325079,0.11590443027095396,0.2633694613012665,0.2238950949627821,0.819672131147541,80.96398150731238
7,9,0.9893072566408108,0.999612072335536,1.113438520909364,0.9121937099679064,-2.350686649293125,0.5511439085671854,0.5513670474160242,1.2621200261087822,1.108012430359291,0.19672131147540983,0.08614213675269339,0.0962052767627582,0.25,0.1654634486197736,0.819672131147541,84.37030049435946
8,0,1.0518030246245762,1.102432605988625,1.1291817964197002,1.0821472447724003,0.893655890000133,0.10047331001821502,0.10482225177602553,0.265252112933851,0.21458033056474055,0.9180327868852459,0.10041526643956496,0.10254220395426841,0.265252112933851,0.20907041751171393,0.9180327868852459,0.05777014675792327
8,1,1.0518030246245762,1.102432605988625,1.1291817964197002,1.0821472447724003,0.893655890000133,0.09643478543973938,0.10482100554352673,0.25593242702814933,0.21595308115926035,0.8688524590163934,0.0948890162289767,0.10261092493554111,0.2542475127461188,0.2158718471481436,0.8688524590163934,1.6029166277645748
8,2,1.0518030246245762,1.102432605988625,1.1291817964197002,1.0821472447724003,0.893655890000133,0.09144745039161377,0.10104628575560193,0.25,0.1839127745132757,0.9508196721311475,0.09071988994128381,0.0964915883433035,0.25,0.17581731596356184,0.9508196721311475,0.7956049591478574
8,3,1.0518030246245762,1.102432605988625,1.1291817964197002,1.0821472447724003,0.893655890000133,0.09641676037347544,0.11022306051541507,0.25,0.20451844613061357,0.8852459016393442,0.09567677852380699,0.10659727746147304,0.25,0.18965383012308054,0.8852459016393442,0.767482589958518
8,4,1.0518030246245762,1.102432605988625,1.1291817964197002,1.0821472447724003,0.893655890000133,0.1159146136433271,0.12208483448098113,0.2597038197359183,0.226793735745413,0.9344262295081968,0.11580434543250757,0.11949605239343927,0.2597038197359183,0.22638460291345697,0.9344262295081968,0.0951288257396293
8,5,1.0518030246245762,1.102432605988625,1.1291817964197002,1.0821472447724003,0.893655890000133,0.08790679402752913,0.09845275613367609,0.25,0.20531398311712223,0.9016393442622951,0.08724624610915495,0.09640874031181365,0.25,0.19730885450549498,0.9016393442622951,0.7514185060227776
8,6,1.0518030246245762,1.102432605988625,1.1291817964197002,1.0821472447724003,0.893655890000133,0.09145645076855094,0.09512043906259525,0.25,0.1823465072820824,0.9180327868852459,0.09113822178929694,0.09174943192661791,0.25,0.17207678209148017,0.9180327868852459,0.3479568434809961
8,7,1.0518030246245762,1.102432605988625,1.1291817964197002,1.0821472447724003,0.893655890000133,0.1044438750997066,0.10538622748005115,0.3216592793410342,0.22233919408656394,0.9180327868852459,0.10363138555196064,0.102839373145555,0.3216592793410342,0.21916215437745734,0.9180327868852459,0.7779197650128569
8,8,1.0518030246245762,1.102432605988625,1.1291817964197002,1.0821472447724003,0.893655890000133,0.09026746627478129,0.09395017118319524,0.25,0.19978236793832027,0.9016393442622951,0.090398805248562,0.09295841103698234,0.25,0.19978236793832027,0.9016393442622951,-0.1454997899031654
8,9,1.0518030246245762,1.102432605988625,1.1291817964197002,1.0821472447724003,0.893655890000133,0.08634828551520995,0.09373359874050262,0.25,0.18307244948040877,0.9180327868852459,0.0858558898996147,0.08963537833355271,0.25,0.17457239960174606,0.9180327868852459,0.570243650649571
9,0,0.941885296052254,0.9892399499849204,1.1468879129477516,0.8818152319972092,4.872941035267197,0.16725884269889263,0.21211935124664333,0.47479465016979816,0.39330129353279536,0.9344262295081968,0.16007869786600687,0.19470097265693814,0.4045306605707353,0.3341434835734049,0.9344262295081968,4.292834218524279
9,1,0.941885296052254,0.9892399499849204,1.1468879129477516,0.8818152319972092,4.872941035267197,0.16262493067540942,0.2032371929071774,0.4466788009873284,0.37608476333381596,0.9180327868852459,0.1561978953684903,0.18936533087187868,0.3879051722674234,0.33063510150952174,0.9180327868852459,3.952060290034584
9,2,0.941885296052254,0.9892399499849204,1.1468879129477516,0.8818152319972092,4.872941035267197,0.17280792447571644,0.2151380177296179,0.4919543772103623,0.4212856524288484,0.9180327868852459,0.16652351895142226,0.2001653382698732,0.4477434799344522,0.37388019976989717,0.9180327868852459,3.6366419788678677
9,3,0.941885296052254,0.9892399499849204,1.1468879129477516,0.8818152319972092,4.872941035267197,0.15388638188293235,0.1974887889354439,0.4310282439912285,0.3738813084880036,0.9508196721311475,0.14856430706415627,0.18335974839361466,0.37387776140758433,0.33011930904666686,0.9508196721311475,3.4584443104424953
9,4,0.941885296052254,0.9892399499849204,1.1468879129477516,0.8818152319972092,4.872941035267197,0.16653360434552816,0.20097885781590102,0.4522644972461336,0.3806217432824269,0.9180327868852459,0.16026726445597572,0.1870614435928753,0.39732872218979765,0.3347973587791813,0.8852459016393442,3.7628080615794994
9,5,0.941885296052254,0.9892399499849204,1.1468879129477516,0.8818152319972092,4.872941035267197,0.16838327388516877,0.20764577780968405,0.46145663838802164,0.4061071762722975,0.8852459016393442,0.16289458156950004,0.19389816193873885,0.4294028424756675,0.3656374230628956,0.8852459016393442,3.2596422370382334
9,6,0.941885296052254,0.9892399499849204,1.1468879129477516,0.8818152319972092,4.872941035267197,0.15856838531823497,0.20777335985827014,0.44530914755038253,0.38318074653999196,0.9016393442622951,0.15255305956344442,0.19467924800048353,0.3849241470568927,0.3340756116990136,0.9016393442622951,3.793521478268344
9,7,0.941885296052254,0.9892399499849204,1.1468879129477516,0.8818152319972092,4.872941035267197,0.1657879709713122,0.2102874250921412,0.4617930105046,0.391876490083746,0.9344262295081968,0.15967110692041472,0.19642838533590748,0.41690567148948077,0.3489488250456816,0.9016393442622951,3.689570488775652
9,8,0.941885296052254,0.9892399499849204,1.1468879129477516,0.8818152319972092,4.872941035267197,0.1624084525689039,0.2044428860373425,0.4676407121142958,0.3863172091065153,0.9180327868852459,0.15613662809050985,0.1909943885205525,0.39977644870095475,0.346620477235571,0.9180327868852459,3.861759889457202
9,9,0.941885296052254,0.9892399499849204,1.1468879129477516,0.8818152319972092,4.872941035267197,0.1484343497146916,0.19238460320325682,0.46156688948835267,0.3928391108835969,0.9344262295081968,0.14055332032207155,0.1744429688446805,0.41516944923626653,0.34288268525575066,0.9344262295081968,5.30943774656495
10,0,1.0159909195837364,0.923130373843162,1.0536246398231115,0.9600966545746724,-1.274573632324833,0.08120295603099766,0.07669429994838478,0.25,0.12748079270372303,0.819672131147541,0.08138377174489926,0.07659094043883519,0.25,0.12748079270372303,0.819672131147541,-0.22267134441827763
10,1,1.0159909195837364,0.923130373843162,1.0536246398231115,0.9600966545746724,-1.274573632324833,0.08071378601866151,0.0747748044154628,0.25,0.13033042247406001,0.8852459016393442,0.08071378601866151,0.0747748044154628,0.25,0.13033042247406001,0.8852459016393442,0.0
10,2,1.0159909195837364,0.923130373843162,1.0536246398231115,0.9600966545746724,-1.274573632324833,0.08208870551109683,0.07006143944342053,0.25,0.13120451036668612,0.9016393442622951,0.08208870551109683,0.07006143944342053,0.25,0.13120451036668612,0.9016393442622951,0.0
10,3,1.0159909195837364,0.923130373843162,1.0536246398231115,0.9600966545746724,-1.274573632324833,0.0825842368846267,0.07105768909746857,0.25,0.125,0.8524590163934426,0.08275550484214995,0.0711878914226759,0.25,0.125,0.8524590163934426,-0.20738577237509098
10,4,1.0159909195837364,0.923130373843162,1.0536246398231115,0.9600966545746724,-1.274573632324833,0.07147692011293197,0.06179427004660863,0.25,0.12324820943166809,0.8360655737704918,0.07147692011293197,0.06179427004660863,0.25,0.12324820943166809,0.8360655737704918,0.0
10,5,1.0159909195837364,0.923130373843162,1.0536246398231115,0.9600966545746724,-1.274573632324833,0.07140301280025553,0.06287306036044757,0.25,0.11204244249152426,0.9344262295081968,0.07140301280025553,0.06287306036044757,0.25,0.11204244249152426,0.9344262295081968,0.0
10,6,1.0159909195837364,0.923130373843162,1.0536246398231115,0.9600966545746724,-1.274573632324833,0.07877360102151404,0.06959880474707143,0.25,0.12879914708674398,0.8852459016393442,0.07877221510250182,0.06980795303177252,0.25,0.12879914708674398,0.8852459016393442,0.0017593698831180257
10,7,1.0159909195837364,0.923130373843162,1.0536246398231115,0.9600966545746724,-1.274573632324833,0.08923487576105336,0.07245068492494919,0.25,0.13424544089601087,0.8524590163934426,0.08923487576105336,0.07245068492494919,0.25,0.13424544089601087,0.8524590163934426,0.0
10,8,1.0159909195837364,0.923130373843162,1.0536246398231115,0.9600966545746724,-1.274573632324833,0.0773251886517595,0.07161620064425037,0.3478141927771716,0.12389386613444771,0.8360655737704918,0.07718938787412682,0.0721990627874715,0.3478141927771716,0.12484786637877222,0.8360655737704918,0.17562295029665198
10,9,1.0159909195837364,0.923130373843162,1.0536246398231115,0.9600966545746724,-1.274573632324833,0.07731987046374778,0.06492719998093108,0.25,0.11263145373528546,0.8688524590163934,0.07731987046374778,0.06492719998093108,0.25,0.11263145373528546,0.8688524590163934,0.0
11,0,1.0358211805930748,1.1137017196864014,0.8877915449128196,0.9388462681209628,0.9532896860902698,0.3524286140036138,0.37836506770900136,0.851243289356475,0.7556865794621701,0.39344262295081966,0.10208625803571354,0.11448366980443402,0.25,0.2257777568379467,0.9016393442622951,71.03349331485703
11,1,1.0358211805930748,1.1137017196864014,0.8877915449128196,0.9388462681209628,0.9532896860902698,0.3664735200949378,0.39351299341443696,0.8616906916884801,0.7701766066341564,0.4262295081967213,0.09680302633112757,0.11029113133743217,0.3608704797887796,0.20789359112702074,0.8852459016393442,73.58526031947683
11,2,1.0358211805930748,1.1137017196864014,0.8877915449128196,0.9388462681209628,0.9532896860902698,0.3502248807525003,0.3781023263698418,0.8540581941817109,0.7581256094021399,0.3114754098360656,0.10452708980787928,0.11703309392131839,0.25,0.21876925525086796,0.9180327868852459,70.15429355467543
11,3,1.0358211805930748,1.1137017196864014,0.8877915449128196,0.9388462681209628,0.9532896860902698,0.33961791552179543,0.3665289932981553,0.8597569280768411,0.7276718951268094,0.4426229508196721,0.11613346287891783,0.12404589291170105,0.2897834619936148,0.2280621204213418,0.8852459016393442,65.80467119925396
11,4,1.0358211805930748,1.1137017196864014,0.8877915449128196,0.9388462681209628,0.9532896860902698,0.3449622206290981,0.3714329124114621,0.8294172537925704,0.7302310841443345,0.3770491803278688,0.11177954358487999,0.12868498816503204,0.2828210261819706,0.2442228072894082,0.9180327868852459,67.59658394445898
11,5,1.0358211805930748,1.1137017196864014,0.8877915449128196,0.9388462681209628,0.9532896860902698,0.3468060984684428,0.3668886838070036,0.8651803305413068,0.7390719047947684,0.45901639344262296,0.10557727124073837,0.12613176819859234,0.2588024513092435,0.21961996116907442,0.8852459016393442,69.55726219723749
11,6,1.0358211805930748,1.1137017196864014,0.8877915449128196,0.9388462681209628,0.9532896860902698,0.33123264186538814,0.35691574894012895,0.8282457249055923,0.7077422187297628,0.4262295081967213,0.1114403824770076,0.12931303283947262,0.2796073997959354,0.2476483627065264,0.9180327868852459,66.35585736676985
11,7,1.0358211805930748,1.1137017196864014,0.8877915449128196,0.9388462681209628,0.9532896860902698,0.33019475746621046,0.3564746756882637,0.7870365691075278,0.6958129354642283,0.3770491803278688,0.1231757147142121,0.1361008138942881,0.3270367127389875,0.2629569718198895,0.9016393442622951,62.69604167570198
11,8,1.0358211805930748,1.1137017196864014,0.8877915449128196,0.9388462681209628,0.9532896860902698,0.3530023044301568,0.3822993257793281,0.853808673191466,0.7375061178672567,0.36065573770491804,0.10734790015208034,0.11623001492243454,0.2597244480270149,0.22671160402886414,0.9016393442622951,69.59002850551656
11,9,1.0358211805930748,1.1137017196864014,0.8877915449128196,0.9388462681209628,0.9532896860902698,0.3552973142207736,0.3798314537528015,0.8684001538490733,0.7621547103630321,0.4262295081967213,0.09555913341729495,0.11205254454712296,0.25,0.20722350063397246,0.9016393442622951,73.104459394276
12,0,1.0888140711871146,1.145378193283245,0.9821131202518666,0.9922690150929112,0.2416328157394907,0.35614055773514236,0.37797839821309215,0.8183424064055629,0.7396727569282405,0.47540983606557374,0.09976613368984662,0.12146474079865813,0.27851322083498786,0.24182566343111633,0.9180327868852459,71.98686543192267
12,1,1.0888140711871146,1.145378193283245,0.9821131202518666,0.9922690150929112,0.2416328157394907,0.3404830297159628,0.36544114544732453,0.7917307727497658,0.7035391025860804,0.4426229508196721,0.1085960565394741,0.12838101725555157,0.3008228113626359,0.2589836245822411,0.8688524590163934,68.10529540045889
12,2,1.0888140711871146,1.145378193283245,0.9821131202518666,0.9922690150929112,0.2416328157394907,0.33851427392539796,0.36286729339632195,0.839018761552488,0.7268537965815626,0.4098360655737705,0.10656426917180785,0.12361801806138845,0.25429370565763776,0.23165035634139883,0.8852459016393442,68.52000716658331
12,3,1.0888140711871146,1.145378193283245,0.9821131202518666,0.9922690150929112,0.2416328157394907,0.33729671648411047,0.36282776157597557,0.7861241661575988,0.6871333291688444,0.39344262295081966,0.13935264604128028,0.15824255262082185,0.3341468996253667,0.2935278636899298,0.8360655737704918,58.685442451425416
12,4,1.0888140711871146,1.145378193283245,0.9821131202518666,0.9922690150929112,0.2416328157394907,0.34126111429327927,0.3649434642437182,0.8323041064237984,0.721636561108997,0.36065573770491804,0.11283620181856623,0.13057082515181037,0.28462281722954685,0.2520853359320782,0.8852459016393442,66.9355232423009
12,5,1.0888140711871146,1.145378193283245,0.9821131202518666,0.9922690150929112,0.2416328157394907,0.3471671878566903,0.37076757983528297,0.8532006262939404,0.7431960755529247,0.4262295081967213,0.12471535799528449,0.13257237260539634,0.2855851546526935,0.25,0.8852459016393442,64.07628302512084
12,6,1.0888140711871146,1.145378193283245,0.9821131202518666,0.9922690150929112,0.2416328157394907,0.33820424610185884,0.3651186908876996,0.8151216251883469,0.7081108908948807,0.39344262295081966,0.11851241059242822,0.1342737099658517,0.2828701966717162,0.25,0.9016393442622951,64.95833155307719
12,7,1.0888140711871146,1.145378193283245,0.9821131202518666,0.9922690150929112,0.2416328157394907,0.3563996809891116,0.37844134601846147,0.8337927681660062,0.7404359718599637,0.4098360655737705,0.10351010739140093,0.12449361551133303,0.2653466986679902,0.2339514545310266,0.8852459016393442,70.95673399478623
12,8,1.0888140711871146,1.145378193283245,0.9821131202518666,0.9922690150929112,0.2416328157394907,0.3448037895115288,0.370706669994072,0.8162314721103314,0.7118325359017504,0.4262295081967213,0.10779799332306839,0.12867546912864877,0.2842559749812139,0.24979945060248385,0.8852459016393442,68.73642442393631
12,9,1.0888140711871146,1.145378193283245,0.9821131202518666,0.9922690150929112,0.2416328157394907,0.3451367557272748,0.37579442230247906,0.7926766429752874,0.6931448093589339,0.4262295081967213,0.12124758333517428,0.1396679762549017,0.3396335770261203,0.2711442777712506,0.8688524590163934,64.86969836646914
13,0,0.8783390120572421,0.8112344373418402,0.9503164704853216,0.8724878333669619,1.9211343073895015,0.2678630325540615,0.36452109130628496,0.8135115209341208,0.7076613878995119,0.9180327868852459,0.18501096472172693,0.23214938708847976,0.6810627428466347,0.49226622642893153,0.8852459016393442,30.93075854564327
13,1,0.8783390120572421,0.8112344373418402,0.9503164704853216,0.8724878333669619,1.9211343073895015,0.2611160451380647,0.3666177465636062,0.8162412816927613,0.702265757150218,0.9180327868852459,0.18867436338407867,0.24526209188156575,0.6506515490270885,0.5657725653996949,0.9016393442622951,27.743098558222496
13,2,0.8783390120572421,0.8112344373418402,0.9503164704853216,0.8724878333669619,1.9211343073895015,0.24752730441078824,0.34334764695969944,0.7664520911714803,0.6725732476039525,0.8852459016393442,0.18605631317599683,0.24281245135704616,0.6242901543576806,0.5384865964464055,0.8852459016393442,24.834024424544356
13,3,0.8783390120572421,0.8112344373418402,0.9503164704853216,0.8724878333669619,1.9211343073895015,0.2544000204101663,0.35958340660725674,0.8492165214080813,0.722607300377645,0.9180327868852459,0.20624659079425073,0.27842555510325206,0.7380327810554803,0.619762435968906,0.9344262295081968,18.928233393330054
13,4,0.8783390120572421,0.8112344373418402,0.9503164704853216,0.8724878333669619,1.9211343073895015,0.2696818558190641,0.37166992063044346,0.8170025909957488,0.7285739851317686,0.9180327868852459,0.2076839482352823,0.2760984021410913,0.7047135431595066,0.6036601639777558,0.9016393442622951,22.9892765293701
13,5,0.8783390120572421,0.8112344373418402,0.9503164704853216,0.8724878333669619,1.9211343073895015,0.2635960677284621,0.36301028867549673,0.8566152205644215,0.7475508214989846,0.9344262295081968,0.22226298520073792,0.29167767574723724,0.7625266527469208,0.6454905752235618,0.9016393442622951,15.680462490928578
13,6,0.8783390120572421,0.8112344373418402,0.9503164704853216,0.8724878333669619,1.9211343073895015,0.2706457896634179,0.36315400394917813,0.8266424161394994,0.7211844954086502,0.9180327868852459,0.17447710025905877,0.21406770501689204,0.6808882583410139,0.43272256011366333,0.9016393442622951,35.533044694305794
13,7,0.8783390120572421,0.8112344373418402,0.9503164704853216,0.8724878333669619,1.9211343073895015,0.2637731525949106,0.3691002938847059,0.8457861045689938,0.7252131828473666,0.8852459016393442,0.1679578996235289,0.2230941801704132,0.6901501874376805,0.4327175531974888,0.8524590163934426,36.3248693162226
13,8,0.8783390120572421,0.8112344373418402,0.9503164704853216,0.8724878333669619,1.9211343073895015,0.27129059165310543,0.3687786598993986,0.8472787533821347,0.7440304733970252,0.9016393442622951,0.22984083412995596,0.2997323486542584,0.7540256771098655,0.6572294682920117,0.9016393442622951,15.27873018764711
13,9,0.8783390120572421,0.8112344373418402,0.9503164704853216,0.8724878333669619,1.9211343073895015,0.2535090821048771,0.3522245056375605,0.7866792678096317,0.691839759767143,0.9344262295081968,0.2041381950866021,0.27545068533565886,0.6759828251507187,0.5892150131771047,0.9344262295081968,19.474997348556602
14,0,0.9161200590058548,0.9820713093605066,1.2097306078029009,0.9971870276508225,3.27733347322971,0.33606262088026323,0.43530039363264905,0.9756016404732009,0.8582899037184505,0.9180327868852459,0.1757828454722223,0.21395006386171553,0.7509278668942727,0.4827981014542077,0.9016393442622951,47.69342540631661
14,1,0.9161200590058548,0.9820713093605066,1.2097306078029009,0.9971870276508225,3.27733347322971,0.31019063596143565,0.4079641657869914,0.9425474320493947,0.8083980440763654,0.9508196721311475,0.1709302736301416,0.20197938803197496,0.6582907399738929,0.4228549324330899,0.8524590163934426,44.89508907954512
14,2,0.9161200590058548,0.9820713093605066,1.2097306078029009,0.9971870276508225,3.27733347322971,0.33247157293789126,0.4238501845978592,0.9678456088054475,0.8413104321975667,0.9180327868852459,0.1676375850612686,0.19474598350580946,0.5356293906758012,0.39461988783325963,0.7540983606557377,49.57837039120789
14,3,0.9161200590058548,0.9820713093605066,1.2097306078029009,0.9971870276508225,3.27733347322971,0.3253240786761052,0.4276647402967018,0.9405263770690198,0.8392998796259264,0.9180327868852459,0.16105349528155238,0.20445381750957586,0.5750063218059154,0.4378300810156333,0.9016393442622951,50.49444359084827
14,4,0.9161200590058548,0.9820713093605066,1.2097306078029009,0.9971870276508225,3.27733347322971,0.3405256143513162,0.4316084431830456,0.9887766189916718,0.8706398084767374,0.9180327868852459,0.1465315859593278,0.16585101261342186,0.5524187919740129,0.34848996292822393,0.8524590163934426,56.96899740171883
14,5,0.9161200590058548,0.9820713093605066,1.2097306078029009,0.9971870276508225,3.27733347322971,0.32072249471663405,0.41939291244368404,0.9740832592213167,0.8489100988550592,0.9016393442622951,0.19665068188045753,0.2335868955203928,0.739909341593247,0.47606273529140153,0.8524590163934426,38.68509845116942
14,6,0.9161200590058548,0.9820713093605066,1.2097306078029009,0.9971870276508225,3.27733347322971,0.332243505265548,0.4286606367042772,0.9686202529203243,0.8384069063850987,0.9180327868852459,0.18657222421554503,0.22572572415182252,0.7205636827915569,0.47806934972628623,0.8360655737704918,43.844733980149336
14,7,0.9161200590058548,0.9820713093605066,1.2097306078029009,0.9971870276508225,3.27733347322971,0.31641563419487134,0.41394753632041664,0.9492337542282385,0.8314281822377726,0.9508196721311475,0.1856990937929336,0.2136763316184345,0.7146437974016564,0.4150440916457001,0.819672131147541,41.31165665519333
14,8,0.9161200590058548,0.9820713093605066,1.2097306078029009,0.9971870276508225,3.27733347322971,0.32537134109943944,0.42006894167454056,0.9289288813503873,0.8197508300244408,0.9180327868852459,0.2059862054995285,0.2616528895969046,0.7351658422735028,0.59737682411847,0.8360655737704918,36.691964079105745
14,9,0.9161200590058548,0.9820713093605066,1.2097306078029009,0.9971870276508225,3.27733347322971,0.30765099623326175,0.4026369062336962,0.9167076509341427,0.773670137314062,0.9180327868852459,0.15472123250598158,0.18880094223400415,0.662257907018855,0.3780054410586858,0.7868852459016393,49.70884723263774
15,0,0.8698210185160505,1.0526197288634638,0.9180161942002432,1.132188137364051,0.5783073598114918,0.31178295991567917,0.3746567073518025,0.7982686198796358,0.7100843649301652,0.8688524590163934,0.21419371179750513,0.2500698795972714,0.6417584453082625,0.5430104544712492,0.8524590163934426,31.300379002292743
15,1,0.8698210185160505,1.0526197288634638,0.9180161942002432,1.132188137364051,0.5783073598114918,0.30908838116264936,0.3707824181593048,0.802884454326481,0.6943318531089858,0.9180327868852459,0.20951218990347636,0.24786382357390918,0.643281593328112,0.5339837495466598,0.8032786885245902,32.216090066088164
15,2,0.8698210185160505,1.0526197288634638,0.9180161942002432,1.132188137364051,0.5783073598114918,0.29693587974750746,0.363431372047574,0.7752348025729319,0.6710746191398158,0.8688524590163934,0.209869776114574,0.2518691296851651,0.6234168458048686,0.49106695962209135,0.819672131147541,29.32151672171383
15,3,0.8698210185160505,1.0526197288634638,0.9180161942002432,1.132188137364051,0.5783073598114918,0.2781035430145673,0.3522880142986587,0.7812402224325794,0.6653661836802399,0.9508196721311475,0.1906076206463102,0.23683267160803337,0.6091678369221256,0.4901576224549061,0.9180327868852459,31.461635267147237
15,4,0.8698210185160505,1.0526197288634638,0.9180161942002432,1.132188137364051,0.5783073598114918,0.2965315325123739,0.3665058817994379,0.795678471760894,0.693995891788903,0.9016393442622951,0.19919728512323093,0.2370164099209057,0.6463840045513152,0.521616755269119,0.8524590163934426,32.824248593218776
15,5,0.8698210185160505,1.0526197288634638,0.9180161942002432,1.132188137364051,0.5783073598114918,0.30263139039336395,0.37124567048850626,0.797828829076856,0.6837163898946728,0.9344262295081968,0.20929075703356254,0.2468250641943296,0.6375637673345267,0.5275805278731994,0.9016393442622951,30.843011109480788
15,6,0.8698210185160505,1.0526197288634638,0.9180161942002432,1.132188137364051,0.5783073598114918,0.322628257697268,0.3817870140298711,0.7982659111185271,0.7232754322955303,0.9180327868852459,0.2088815993379969,0.23025441582748973,0.6282910555963923,0.44792359999241144,0.9016393442622951,35.25626030749082
15,7,0.8698210185160505,1.0526197288634638,0.9180161942002432,1.132188137364051,0.5783073598114918,0.29437726881629517,0.36537814907065463,0.7862039444451909,0.6851782784155177,0.8688524590163934,0.2064885031200694,0.2512388547141695,0.6649049799379299,0.5366597055480299,0.8360655737704918,29.855826181698962
15,8,0.8698210185160505,1.0526197288634638,0.9180161942002432,1.132188137364051,0.5783073598114918,0.29658056997712784,0.36941630279343174,0.7769803764699148,0.6859239483369948,0.9180327868852459,0.1882459902019873,0.23329236645665677,0.6972101517361153,0.4993781143695018,0.819672131147541,36.527874966150094
15,9,0.8698210185160505,1.0526197288634638,0.9180161942002432,1.132188137364051,0.5783073598114918,0.29795898993532133,0.3652756986770303,0.7706350392989947,0.675456124586313,0.9180327868852459,0.2107172896396634,0.2565307742302246,0.7396959090016111,0.5135459534235142,0.8852459016393442,29.27976776756952
16,0,1.030276052205714,1.004981705915667,0.8845651194290489,0.9411112616369056,-2.923026051652565,0.5380137216905504,0.5339166404700839,1.2313566318962472,1.0915192449417703,0.16393442622950818,0.08969856234287316,0.08470161983600685,0.25,0.16367726673292254,0.7868852459016393,83.32782999269577
16,1,1.030276052205714,1.004981705915667,0.8845651194290489,0.9411112616369056,-2.923026051652565,0.543491448653012,0.5388575951390141,1.2654922762175715,1.1022484807140034,0.22950819672131148,0.08622990490254479,0.08500212843641712,0.25,0.15916676586443687,0.8524590163934426,84.13408249269482
16,2,1.030276052205714,1.004981705915667,0.8845651194290489,0.9411112616369056,-2.923026051652565,0.5402921067686258,0.5373501751443855,1.2250012898362854,1.0763886740917301,0.21311475409836064,0.08447003722891795,0.08317733317979611,0.25,0.1375286035850749,0.8524590163934426,84.36585762207122
16,3,1.030276052205714,1.004981705915667,0.8845651194290489,0.9411112616369056,-2.923026051652565,0.5389459887687854,0.5347693267643253,1.2333190033859935,1.0854606149158414,0.16393442622950818,0.08251366316888414,0.08204280356584225,0.25,0.15811062224557448,0.8524590163934426,84.6898084616261
16,4,1.030276052205714,1.004981705915667,0.8845651194290489,0.9411112616369056,-2.923026051652565,0.5478197298514997,0.5440836397461489,1.2477114297368956,1.0848522564502745,0.19672131147540983,0.09586690271613847,0.09410648975213244,0.26769372703248706,0.15864936506769425,0.819672131147541,82.50028294122858
16,5,1.030276052205714,1.004981705915667,0.8845651194290489,0.9411112616369056,-2.923026051652565,0.5439917919033626,0.5440737415568662,1.2527179311635308,1.0979654581322025,0.19672131147540983,0.08381548580303134,0.09315704696131356,0.25,0.17450361473615034,0.7704918032786885,84.59250910574019
16,6,1.030276052205714,1.004981705915667,0.8845651194290489,0.9411112616369056,-2.923026051652565,0.5513779190307269,0.5496998610628048,1.2662391822074,1.0939249788923717,0.14754098360655737,0.09540287008889002,0.09792775142379666,0.26870953415541976,0.17149178568444087,0.7540983606557377,82.69737202088184
16,7,1.030276052205714,1.004981705915667,0.8845651194290489,0.9411112616369056,-2.923026051652565,0.5315323829916273,0.5291067289227254,1.2281557640646739,1.0499076908617653,0.18032786885245902,0.07274188021984855,0.0773741852666089,0.25,0.13578583846515216,0.7868852459016393,86.31468513537502
16,8,1.030276052205714,1.004981705915667,0.8845651194290489,0.9411112616369056,-2.923026051652565,0.5347806802006205,0.534349738251544,1.2218140575800902,1.0592459711990572,0.21311475409836064,0.08692589522765594,0.089346170734101,0.25,0.16479640331000106,0.8360655737704918,83.74550569122167
16,9,1.030276052205714,1.004981705915667,0.8845651194290489,0.9411112616369056,-2.923026051652565,0.5499416656565977,0.5442050665219742,1.2572309365703305,1.0939625642301893,0.22950819672131148,0.09608663973207228,0.09472931086817894,0.29326999992231606,0.16701769694146693,0.8360655737704918,82.52784872785543
17,0,0.9384560367029364,0.8730901435183763,1.2326751227089232,1.1284403142768786,1.5011633745991109,0.7743229471093576,1.057804649504938,2.453980176230985,2.1412430753515084,0.9508196721311475,0.17080257310443467,0.19886232269169343,0.44116872995513035,0.3385346678207739,0.9180327868852459,77.94168780067004
17,1,0.9384560367029364,0.8730901435183763,1.2326751227089232,1.1284403142768786,1.5011633745991109,0.7838666087566022,1.054222725434883,2.483108299547304,2.167556733419521,0.9180327868852459,0.17483662589614246,0.1903577697918895,0.42960837777540206,0.3548867175357813,0.9180327868852459,77.69561505196978
17,2,0.9384560367029364,0.8730901435183763,1.2326751227089232,1.1284403142768786,1.5011633745991109,0.7733335187986999,1.053675704969991,2.4594865553314307,2.134834161328584,0.9016393442622951,0.16373404371173808,0.1925187197812599,0.39292225704684114,0.33094240045765855,0.8524590163934426,78.8274994253342
17,3,0.9384560367029364,0.8730901435183763,1.2326751227089232,1.1284403142768786,1.5011633745991109,0.7960190267567009,1.0710937808524439,2.4461911229708733,2.175137293707549,0.9344262295081968,0.19263926084893357,0.21279269542808343,0.4486857426067985,0.3605993969965113,0.9016393442622951,75.79966629267359
17,4,0.9384560367029364,0.8730901435183763,1.2326751227089232,1.1284403142768786,1.5011633745991109,0.7685293647768489,1.0500741171826062,2.4591996928931863,2.168664388108165,0.9344262295081968,0.16339329586636106,0.18669350505746982,0.4371178374018001,0.36984096924138615,0.9180327868852459,78.7394856520799
17,5,0.9384560367029364,0.8730901435183763,1.2326751227089232,1.1284403142768786,1.5011633745991109,0.7977735080914532,1.0742141644043919,2.470156193615587,2.170024776730125,0.9016393442622951,0.19196026637013996,0.2141269663653287,0.41861555756180735,0.36268489823849137,0.8688524590163934,75.93799939166011
17,6,0.9384560367029364,0.8730901435183763,1.2326751227089232,1.1284403142768786,1.5011633745991109,0.772230842785204,1.0560007422574726,2.4319254481007135,2.142962958718087,0.9344262295081968,0.17317086183472252,0.19793533456201062,0.4077609342132149,0.3405478434747921,0.8852459016393442,77.57524664384715
17,7,0.9384560367029364,0.8730901435183763,1.2326751227089232,1.1284403142768786,1.5011633745991109,0.774215902171726,1.0552646628917735,2.4811844958109788,2.1518683215454204,0.9180327868852459,0.16570619641716972,0.1899057088343273,0.43579026221751604,0.363963218403086,0.8852459016393442,78.59690094812662
17,8,0.9384560367029364,0.8730901435183763,1.2326751227089232,1.1284403142768786,1.5011633745991109,0.7716002525362531,1.05433672545961,2.4187431726769617,2.1389510344272313,0.9180327868852459,0.17007863421705918,0.19550867624192947,0.4136569912013073,0.32647575322178574,0.8852459016393442,77.95767514875611
17,9,0.9384560367029364,0.8730901435183763,1.2326751227089232,1.1284403142768786,1.5011633745991109,0.7868778428388438,1.0641544642316823,2.4874498279083355,2.1719911717916776,0.9016393442622951,0.1787929543180932,0.2014040474174925,0.43804492362972525,0.3683050976534105,0.8688524590163934,77.27818162053512
18,0,0.9814769719066208,1.0753984751625567,1.0360451404788071,1.1063551718528817,-0.1843755057728549,0.1089660004690413,0.12106278711933977,0.28336469744658643,0.22443014721447696,0.9180327868852459,0.10686226828237176,0.11741491970666575,0.25893024143981336,0.2180140462811338,0.9180327868852459,1.9306317361507974
18,1,0.9814769719066208,1.0753984751625567,1.0360451404788071,1.1063551718528817,-0.1843755057728549,0.11769664484049737,0.12616856802249324,0.2590808845387045,0.2287711144208828,0.9180327868852459,0.11558657625926945,0.1209654189496368,0.25,0.216966627074541,0.9180327868852459,1.792802661526577
18,2,0.9814769719066208,1.0753984751625567,1.0360451404788071,1.1063551718528817,-0.1843755057728549,0.10733880120183116,0.11783187915572486,0.263619527092672,0.2251456016185557,0.9344262295081968,0.10645893511332294,0.11451707392703618,0.2618708640901346,0.2199450411119827,0.9344262295081968,0.8197092557925935
18,3,0.9814769719066208,1.0753984751625567,1.0360451404788071,1.1063551718528817,-0.1843755057728549,0.10821323541015586,0.11748388558792466,0.2855640029283464,0.2435716385743959,0.9508196721311475,0.10709415329490707,0.11482831057422982,0.26745335493293254,0.24024807589544253,0.9508196721311475,1.0341453252064616
18,4,0.9814769719066208,1.0753984751625567,1.0360451404788071,1.1063551718528817,-0.1843755057728549,0.10804196137185243,0.12470622848364618,0.2543915591931025,0.2230981252359627,0.9180327868852459,0.10657946696122675,0.12351335251996297,0.26773687031799653,0.22386307410060055,0.9180327868852459,1.353635561642716
18,5,0.9814769719066208,1.0753984751625567,1.0360451404788071,1.1063551718528817,-0.1843755057728549,0.10759246102591473,0.12231501997750646,0.28212994373603095,0.23879956946740608,0.9016393442622951,0.10671799086097004,0.1188480209132342,0.2747701903017372,0.23494277334860814,0.9016393442622951,0.8127615602491518
18,6,0.9814769719066208,1.0753984751625567,1.0360451404788071,1.1063551718528817,-0.1843755057728549,0.10805292547944065,0.12488452284628335,0.29902960831191194,0.25,0.9344262295081968,0.10634641229986587,0.12287746045920175,0.3007853711041477,0.24612411074641755,0.9344262295081968,1.5793308436609415
18,7,0.9814769719066208,1.0753984751625567,1.0360451404788071,1.1063551718528817,-0.1843755057728549,0.11330414960531994,0.12570860545806303,0.29126493434331735,0.24833937317451957,0.8852459016393442,0.11253046839589717,0.12224299718943105,0.29126493434331735,0.24385615604874292,0.8852459016393442,0.6828357232438401
18,8,0.9814769719066208,1.0753984751625567,1.0360451404788071,1.1063551718528817,-0.1843755057728549,0.11262104989864206,0.12206486692112481,0.3186422968955611,0.2524417540264324,0.8688524590163934,0.11062993140858055,0.11724656561178683,0.3186422968955611,0.2478354833906651,0.8688524590163934,1.7679807565757095
18,9,0.9814769719066208,1.0753984751625567,1.0360451404788071,1.1063551718528817,-0.1843755057728549,0.11328645665525286,0.12521167876077438,0.29607849317273605,0.2482450450406277,0.9016393442622951,0.11251647755655943,0.1213066180480759,0.29607849317273605,0.24092452902252293,0.9016393442622951,0.6796744477908693
19,0,1.041978763220085,0.75979046996751,0.8239836387719829,0.8677036260031588,-2.5896538653796943,0.07859310555797948,0.08272665449656724,0.25,0.17770000520410462,0.8524590163934426,0.07834856636586683,0.08195020954779093,0.25,0.17770000520410462,0.8524590163934426,0.31114585735799233
19,1,1.041978763220085,0.75979046996751,0.8239836387719829,0.8677036260031588,-2.5896538653796943,0.06681699187106123,0.06829232336912121,0.2731575430979092,0.12272836089343146,0.8688524590163934,0.06685157473952172,0.06759728976179967,0.2731575430979092,0.12272836089343146,0.8688524590163934,-0.051757595623617585
19,2,1.041978763220085,0.75979046996751,0.8239836387719829,0.8677036260031588,-2.5896538653796943,0.0750452572790827,0.07743764637017884,0.26129048531320365,0.1523402850521052,0.8688524590163934,0.07483053482699394,0.0762212278247619,0.26129048531320365,0.1523402850521052,0.8688524590163934,0.28612394690079784
19,3,1.041978763220085,0.75979046996751,0.8239836387719829,0.8677036260031588,-2.5896538653796943,0.07040896079836576,0.07139074322855933,0.25,0.1306081100086104,0.8852459016393442,0.07040896079836576,0.07139074322855933,0.25,0.1306081100086104,0.8852459016393442,0.0
19,4,1.041978763220085,0.75979046996751,0.8239836387719829,0.8677036260031588,-2.5896538653796943,0.0749140421520718,0.08588368833416392,0.25,0.1608154094041126,0.8852459016393442,0.0749140421520718,0.08588368833416392,0.25,0.1608154094041126,0.8852459016393442,0.0
19,5,1.041978763220085,0.75979046996751,0.8239836387719829,0.8677036260031588,-2.5896538653796943,0.07549714505710542,0.08177028820200342,0.25,0.1692796008115679,0.8524590163934426,0.07549714505710542,0.08177028820200342,0.25,0.1692796008115679,0.8524590163934426,0.0
19,6,1.041978763220085,0.75979046996751,0.8239836387719829,0.8677036260031588,-2.5896538653796943,0.06601983894164692,0.07329733094281875,0.25,0.12865522101608778,0.8524590163934426,0.06601320431880918,0.07250596396376723,0.25,0.12578054780580603,0.8524590163934426,0.01004943808422379
19,7,1.041978763220085,0.75979046996751,0.8239836387719829,0.8677036260031588,-2.5896538653796943,0.08191281906624986,0.07865202539763598,0.26433897086258185,0.15238235513879353,0.8688524590163934,0.08280561017879541,0.07934150924457684,0.26433897086258185,0.15238235513879353,0.8688524590163934,-1.0899284418760757
19,8,1.041978763220085,0.75979046996751,0.8239836387719829,0.8677036260031588,-2.5896538653796943,0.06139969524661723,0.08185695602962932,0.25825113051327264,0.15027149386478417,0.8852459016393442,0.06026753894203689,0.07568101946464863,0.25825113051327264,0.13305044123148663,0.8852459016393442,1.84391192828065
19,9,1.041978763220085,0.75979046996751,0.8239836387719829,0.8677036260031588,-2.5896538653796943,0.07272166950602398,0.08356846229311463,0.25,0.15630847543553159,0.8688524590163934,0.07159445581523419,0.07601169026599074,0.25,0.13561431564157123,0.8524590163934426,1.5500382464354927
20,0,0.9453831468369756,0.9694936577856208,0.8608559402357484,1.1220246811304735,0.8191471398424297,0.4522185979028266,0.6022592144726886,1.381119144397566,1.203317015199322,0.9344262295081968,0.1739617553200072,0.21303888148728994,0.5518690573910874,0.4607913089175313,0.5737704918032787,61.53149027334157
20,1,0.9453831468369756,0.9694936577856208,0.8608559402357484,1.1220246811304735,0.8191471398424297,0.4741987811783764,0.6226901850410604,1.434600431200444,1.2666984318422523,0.9180327868852459,0.1562177613228637,0.19759541975530542,0.4903396528404542,0.4167990936258164,0.6229508196721312,67.0564818967554
20,2,0.9453831468369756,0.9694936577856208,0.8608559402357484,1.1220246811304735,0.8191471398424297,0.4685228603440716,0.6237818267117066,1.4316403389331782,1.2417241057610684,0.9508196721311475,0.1723350984710006,0.20123558056740065,0.5226018829502905,0.43254917999544495,0.6885245901639344,63.217355425423214
20,3,0.9453831468369756,0.9694936577856208,0.8608559402357484,1.1220246811304735,0.8191471398424297,0.4764715913901309,0.6252846468548053,1.4387182713300604,1.2623689815295522,0.9344262295081968,0.15114277198056011,0.18853005421816946,0.4933296384343677,0.41577907561070476,0.639344262295082,68.2787442710712
20,4,0.9453831468369756,0.9694936577856208,0.8608559402357484,1.1220246811304735,0.8191471398424297,0.45315286713831304,0.6071603639923701,1.3998720504299982,1.21281594995411,0.9180327868852459,0.17684294660054722,0.21181813548756329,0.5383861473461025,0.4528779950345978,0.6721311475409836,60.974991128861035
20,5,0.9453831468369756,0.9694936577856208,0.8608559402357484,1.1220246811304735,0.8191471398424297,0.4638618200711231,0.6197542888509359,1.4096952881722018,1.2280479512649507,0.9508196721311475,0.16448650388717986,0.200661392933724,0.5387329741583429,0.4350243274544468,0.639344262295082,64.53976232362486
20,6,0.9453831468369756,0.9694936577856208,0.8608559402357484,1.1220246811304735,0.8191471398424297,0.45982561356429413,0.6119132044559935,1.3851260712496938,1.2122769447257908,0.9344262295081968,0.17701832295429656,0.2132265880720364,0.5521843319944466,0.45662148170872713,0.6721311475409836,61.50316169163435
20,7,0.9453831468369756,0.9694936577856208,0.8608559402357484,1.1220246811304735,0.8191471398424297,0.4842230901321948,0.6358747076306719,1.4308516083230742,1.255105030702333,0.9180327868852459,0.1521701823289499,0.18734615543334818,0.5184798958415584,0.402852911570669,0.639344262295082,68.57436470297051
20,8,0.9453831468369756,0.9694936577856208,0.8608559402357484,1.1220246811304735,0.8191471398424297,0.4694024791947631,0.6211424049976587,1.403022709772884,1.2338576532155103,0.9180327868852459,0.1635997434271245,0.1975247713061276,0.5274120787794772,0.43529881673759696,0.6557377049180327,65.14723490430391
20,9,0.9453831468369756,0.9694936577856208,0.8608559402357484,1.1220246811304735,0.8191471398424297,0.4597279113270449,0.6130115406160379,1.3990824655752192,1.2312279565773097,0.8852459016393442,0.16714538711262125,0.20260694862784348,0.5376011190922583,0.43300868432802564,0.6557377049180327,63.64254094772244
21,0,0.9152290259068876,1.0218066383785842,0.84771401213726,1.076085315455032,1.235402578311298,0.26627658982149427,0.33383798297895523,0.7418436750256276,0.6656976176103101,0.9180327868852459,0.2043180775980027,0.2503991211965216,0.6211704636059849,0.5471597129137735,0.9180327868852459,23.268478939521927
21,1,0.9152290259068876,1.0218066383785842,0.84771401213726,1.076085315455032,1.235402578311298,0.2754299574814159,0.347990375542833,0.7973556557251413,0.687716135218966,0.9508196721311475,0.22729597084753533,0.2788562831298192,0.6448616676325827,0.5695441423253798,0.9344262295081968,17.475944546492666
21,2,0.9152290259068876,1.0218066383785842,0.84771401213726,1.076085315455032,1.235402578311298,0.25000872355459064,0.32222644142801693,0.7212743976471572,0.6228539309763648,0.9180327868852459,0.18287362661382872,0.22471264691339204,0.5735194154915035,0.500993643686266,0.8852459016393442,26.853101758308302
21,3,0.9152290259068876,1.0218066383785842,0.84771401213726,1.076085315455032,1.235402578311298,0.2599158654681331,0.3286360626401796,0.7300187020407591,0.6282465358048682,0.9180327868852459,0.20055387643197053,0.24480620963960675,0.5992243590767359,0.5257344604678451,0.9016393442622951,22.838924791776755
21,4,0.9152290259068876,1.0218066383785842,0.84771401213726,1.076085315455032,1.235402578311298,0.26761321098501634,0.3336098223810647,0.7594749102889367,0.6587725033470477,0.9344262295081968,0.19853926515521853,0.23650543834613771,0.6016524534566088,0.5275971589864596,0.9180327868852459,25.81111208058606
21,5,0.9152290259068876,1.0218066383785842,0.84771401213726,1.076085315455032,1.235402578311298,0.29833693712329146,0.36904729999654845,0.7988988885081056,0.6954096399082786,0.9344262295081968,0.2356363027942173,0.2753531890617281,0.6705583194619891,0.5816134908498611,0.8688524590163934,21.016718524251104
21,6,0.9152290259068876,1.0218066383785842,0.84771401213726,1.076085315455032,1.235402578311298,0.25648896296640455,0.3240320977570982,0.731374842380454,0.637679464310645,0.9016393442622951,0.1786805814338968,0.21637407579896145,0.5600740822933474,0.45059192922504965,0.9016393442622951,30.33595700673453
21,7,0.9152290259068876,1.0218066383785842,0.84771401213726,1.076085315455032,1.235402578311298,0.26658079347491626,0.3359023462924921,0.7648820890277932,0.6449272165248857,0.9180327868852459,0.20334422818681097,0.24839962628430282,0.6027775138357185,0.5280022746383779,0.8852459016393442,23.721350838448714
21,8,0.9152290259068876,1.0218066383785842,0.84771401213726,1.076085315455032,1.235402578311298,0.2765997632996328,0.3436437585163244,0.7614802151552738,0.6646981180375818,0.9508196721311475,0.2144483571196704,0.25458022470126435,0.6171730231203298,0.5411744468706758,0.9016393442622951,22.46979731238437
21,9,0.9152290259068876,1.0218066383785842,0.84771401213726,1.076085315455032,1.235402578311298,0.2905200079278041,0.35550771703792255,0.76438608510324,0.6663113692161219,0.9180327868852459,0.23643572113710581,0.2776514651751586,0.6210544091005801,0.5598063227371285,0.9016393442622951,18.6163724751579
22,0,0.8874554024428061,1.1381592085702306,0.9321258901548262,0.9613818623137096,3.794611664725008,0.06726203784619904,0.07409542425268789,0.2703012459020826,0.15741903767231671,0.8360655737704918,0.06672356864344309,0.07386404370470218,0.2703012459020826,0.15741903767231671,0.819672131147541,0.8005543988827859
22,1,0.8874554024428061,1.1381592085702306,0.9321258901548262,0.9613818623137096,3.794611664725008,0.05703396321650474,0.06320001745606878,0.25,0.12800138460113436,0.8688524590163934,0.056941739961820594,0.062285229954762954,0.25,0.125,0.8688524590163934,0.1616988360673071
22,2,0.8874554024428061,1.1381592085702306,0.9321258901548262,0.9613818623137096,3.794611664725008,0.07093094313662955,0.07173970079892347,0.2678044799510104,0.14142691752012698,0.8852459016393442,0.06988399642813642,0.06945378910583172,0.2678044799510104,0.14142691752012698,0.8852459016393442,1.4760084417268617
22,3,0.8874554024428061,1.1381592085702306,0.9321258901548262,0.9613818623137096,3.794611664725008,0.06659352597263345,0.0754446283754636,0.25,0.1485419684538087,0.8360655737704918,0.06659352597263345,0.0754446283754636,0.25,0.1485419684538087,0.8360655737704918,0.0
22,4,0.8874554024428061,1.1381592085702306,0.9321258901548262,0.9613818623137096,3.794611664725008,0.06290845532594252,0.06710822504132363,0.25,0.1394621974097902,0.8360655737704918,0.06193261004584123,0.06675249152108584,0.25,0.1394621974097902,0.8360655737704918,1.551214816903743
22,5,0.8874554024428061,1.1381592085702306,0.9321258901548262,0.9613818623137096,3.794611664725008,0.06427618485395763,0.06342171930169395,0.25,0.12532541297065336,0.8524590163934426,0.06413090079597378,0.061815251834194465,0.25,0.12429099814639674,0.8688524590163934,0.22603092936201843
22,6,0.8874554024428061,1.1381592085702306,0.9321258901548262,0.9613818623137096,3.794611664725008,0.06058069224629643,0.06915830422565937,0.25,0.12948083887504255,0.8032786885245902,0.06058069224629643,0.06915830422565937,0.25,0.12948083887504255,0.8032786885245902,0.0
22,7,0.8874554024428061,1.1381592085702306,0.9321258901548262,0.9613818623137096,3.794611664725008,0.059981125269897476,0.06643920477351847,0.25,0.12473292655218417,0.8032786885245902,0.059981125269897476,0.06643920477351847,0.25,0.12473292655218417,0.8032786885245902,0.0
22,8,0.8874554024428061,1.1381592085702306,0.9321258901548262,0.9613818623137096,3.794611664725008,0.06294160548702254,0.06565131471344597,0.25,0.12478790943100224,0.8688524590163934,0.06294160548702254,0.06565131471344597,0.25,0.12478790943100224,0.8688524590163934,0.0
22,9,0.8874554024428061,1.1381592085702306,0.9321258901548262,0.9613818623137096,3.794611664725008,0.0577224288778501,0.06719770039468434,0.25,0.12597996639717055,0.8688524590163934,0.0577224288778501,0.06719770039468434,0.25,0.12597996639717055,0.8688524590163934,0.0
23,0,1.1019301245878226,0.8142534702872353,1.1723722041817113,0.9092857732643552,0.2956073126910556,0.19620860090056846,0.3024742036469046,0.7363075208182153,0.6297847069402608,0.9180327868852459,0.18140717732656766,0.27414156862877836,0.656482497824932,0.5645866136890008,0.9180327868852459,7.543718015451135
23,1,1.1019301245878226,0.8142534702872353,1.1723722041817113,0.9092857732643552,0.2956073126910556,0.2138043249602741,0.31504111526774814,0.7799747961582,0.6534313745279008,0.9180327868852459,0.2027219799254118,0.29048609354060123,0.7019543951156422,0.5930770325978187,0.9016393442622951,5.183405451186011
23,2,1.1019301245878226,0.8142534702872353,1.1723722041817113,0.9092857732643552,0.2956073126910556,0.20789100732261445,0.30802314291297855,0.7522094942796542,0.6417549675023495,0.9016393442622951,0.19145451686227352,0.2790838739620465,0.6771285797123028,0.5759653555028024,0.9016393442622951,7.906301803056857
23,3,1.1019301245878226,0.8142534702872353,1.1723722041817113,0.9092857732643552,0.2956073126910556,0.22821598514828748,0.3229950741789662,0.7391118602976547,0.6446408117747069,0.9180327868852459,0.21080412247325753,0.29049837658264754,0.6565547997487968,0.5639211524317588,0.8852459016393442,7.62955437311557
23,4,1.1019301245878226,0.8142534702872353,1.1723722041817113,0.9092857732643552,0.2956073126910556,0.18594552661532032,0.29338159969835576,0.7181356865035937,0.5982765825186249,0.9016393442622951,0.17209038201911467,0.2672463797458166,0.6366470419478034,0.5333890097475746,0.9016393442622951,7.451184682097164
23,5,1.1019301245878226,0.8142534702872353,1.1723722041817113,0.9092857732643552,0.2956073126910556,0.19073733511626298,0.2991611552344796,0.7425522281400845,0.6308698442156029,0.9180327868852459,0.1749122918412077,0.2673907662929136,0.6626378116048812,0.5663857153784989,0.9180327868852459,8.296772766280494
23,6,1.1019301245878226,0.8142534702872353,1.1723722041817113,0.9092857732643552,0.2956073126910556,0.20483233074951165,0.3040882088407452,0.7504412723087057,0.6104094436458866,0.9180327868852459,0.19017378786467246,0.27701036189280037,0.6691135773347412,0.541574032650091,0.9180327868852459,7.156361904002865
23,7,1.1019301245878226,0.8142534702872353,1.1723722041817113,0.9092857732643552,0.2956073126910556,0.19768410824235338,0.3014744185312752,0.7359996127701507,0.6362713371462533,0.9180327868852459,0.1843585629665793,0.2771546707155881,0.6531764553811001,0.5575742473057048,0.9016393442622951,6.740827775309824
23,8,1.1019301245878226,0.8142534702872353,1.1723722041817113,0.9092857732643552,0.2956073126910556,0.19956296647687097,0.30362150774029784,0.7419046998337251,0.6449852276227674,0.9180327868852459,0.18212830658904314,0.2724723622662439,0.6602778939454481,0.5711820800233213,0.9016393442622951,8.73642048703885
23,9,1.1019301245878226,0.8142534702872353,1.1723722041817113,0.9092857732643552,0.2956073126910556,0.21322354774451677,0.30986993441489635,0.7755681492185644,0.6474541441452772,0.9016393442622951,0.19965735041359245,0.2809594830996469,0.6810209609535747,0.5814181562279941,0.9016393442622951,6.362429231868545
24,0,1.1427407830268208,0.8967800412582598,0.878029875279521,1.0111477149634127,2.372435457568653,0.41796767589793926,0.6021500691428868,1.4797212286495167,1.2933140635260045,0.8688524590163934,0.20025564270512397,0.2092274463245635,0.4238981058943807,0.3882858181824958,0.6557377049180327,52.08824647147521
24,1,1.1427407830268208,0.8967800412582598,0.878029875279521,1.0111477149634127,2.372435457568653,0.42438618722954036,0.5956163969317225,1.4313474160958393,1.233757850067744,0.8524590163934426,0.19659895529387122,0.21651250905830177,0.4902665772393817,0.41331909505785236,0.5737704918032787,53.67451599278006
24,2,1.1427407830268208,0.8967800412582598,0.878029875279521,1.0111477149634127,2.372435457568653,0.42773733420836846,0.6015744901982296,1.4609279791539436,1.2778306357054334,0.8852459016393442,0.18235553708494653,0.19880955562118166,0.44222323160212795,0.3741406647092859,0.6229508196721312,57.36740225810786
24,3,1.1427407830268208,0.8967800412582598,0.878029875279521,1.0111477149634127,2.372435457568653,0.42775040262814523,0.6084763834884113,1.4835771397791007,1.2874917137792852,0.8852459016393442,0.18576946200098218,0.1992336521302892,0.428107681113552,0.37354245420137466,0.5245901639344263,56.57059330404032
24,4,1.1427407830268208,0.8967800412582598,0.878029875279521,1.0111477149634127,2.372435457568653,0.41572660332258443,0.5863660641358182,1.4147495356358917,1.2295304108842104,0.8852459016393442,0.19528053403130555,0.2134623218730473,0.4939383237974795,0.4209620678188216,0.5737704918032787,53.02669291053837
24,5,1.1427407830268208,0.8967800412582598,0.878029875279521,1.0111477149634127,2.372435457568653,0.42738882658466887,0.6062000594625878,1.4440946692914096,1.2708188987432083,0.8688524590163934,0.1882316472830091,0.2028636544010739,0.45803189820609447,0.38392459160677395,0.5409836065573771,55.95775191710142
24,6,1.1427407830268208,0.8967800412582598,0.878029875279521,1.0111477149634127,2.372435457568653,0.4191006087699794,0.5987206385176074,1.4569701447623586,1.2571710768410866,0.8852459016393442,0.19123860963623152,0.20760985016837924,0.45658619321923055,0.38783846629743124,0.5409836065573771,54.36928373893354
24,7,1.1427407830268208,0.8967800412582598,0.878029875279521,1.0111477149634127,2.372435457568653,0.43315273003516885,0.6055198640117182,1.448741617496026,1.2464152070348662,0.8524590163934426,0.1891909985358044,0.20504414822807532,0.4452472765817248,0.3912064711657693,0.6065573770491803,56.32233496013208
24,8,1.1427407830268208,0.8967800412582598,0.878029875279521,1.0111477149634127,2.372435457568653,0.41761098423122217,0.593649242250965,1.45029050098249,1.2648730272376554,0.8852459016393442,0.2010551946034857,0.21686619751393732,0.46134630134249477,0.3914323223591723,0.5573770491803278,51.855865339939
24,9,1.1427407830268208,0.8967800412582598,0.878029875279521,1.0111477149634127,2.372435457568653,0.4154543318807167,0.594315387729966,1.427239377803815,1.2243149958748079,0.8524590163934426,0.1939626336016408,0.21048800494533831,0.5003288813458298,0.4349332540213368,0.5901639344262295,53.31312764905038
25,0,1.0780299983457662,0.7681160930706387,1.027423626503002,1.051534576495815,4.346802216767312,1.009004473367379,1.401100922934469,3.3910786541055558,2.926749174094438,0.8688524590163934,0.35797518414290674,0.48434710987038365,1.1875498290731556,1.0075377202179499,0.8524590163934426,64.52194280683156
25,1,1.0780299983457662,0.7681160930706387,1.027423626503002,1.051534576495815,4.346802216767312,0.9909795461067653,1.3884670312483371,3.360699255110063,2.9335882650017786,0.819672131147541,0.340615270108936,0.4721016595710091,1.1544665368334606,0.9924774789179595,0.819672131147541,65.62842578869542
25,2,1.0780299983457662,0.7681160930706387,1.027423626503002,1.051534576495815,4.346802216767312,1.0035543436185153,1.397097869100107,3.3396839735994206,2.922053624278264,0.8688524590163934,0.3509475946776183,0.48023520980375517,1.134486085966337,0.9995930628329119,0.8688524590163934,65.02953757220493
25,3,1.0780299983457662,0.7681160930706387,1.027423626503002,1.051534576495815,4.346802216767312,1.0105724144895982,1.4010018066299863,3.331972708427962,2.9457465650336574,0.8360655737704918,0.3606493710431929,0.48484794722637115,1.131756350184368,1.0091171454461616,0.819672131147541,64.31236734031147
25,4,1.0780299983457662,0.7681160930706387,1.027423626503002,1.051534576495815,4.346802216767312,1.0222900810964537,1.4078140811393556,3.3415472473754804,2.935896979442205,0.8688524590163934,0.3702806868453585,0.49216749452520336,1.143333950254629,0.9919733759952054,0.819672131147541,63.77929379416307
25,5,1.0780299983457662,0.7681160930706387,1.027423626503002,1.051534576495815,4.346802216767312,1.0101540232095805,1.4018783061263456,3.3499525906665895,2.9341990298708707,0.8688524590163934,0.35992451832781575,0.48612971570048097,1.151527481875526,1.0104226898141206,0.8524590163934426,64.36934268853169
25,6,1.0780299983457662,0.7681160930706387,1.027423626503002,1.051534576495815,4.346802216767312,1.0070072152028837,1.4028520547605001,3.360008000655519,2.9357063619141104,0.8688524590163934,0.35501353447151524,0.48643910024087167,1.154489573404824,1.0011590707267743,0.8524590163934426,64.74568115184854
25,7,1.0780299983457662,0.7681160930706387,1.027423626503002,1.051534576495815,4.346802216767312,0.9981174903975185,1.3955367092931936,3.3437022440790045,2.91938065296502,0.8524590163934426,0.34515010819195063,0.4786819943538123,1.145256218328477,0.9799455516549131,0.8524590163934426,65.41989179505428
25,8,1.0780299983457662,0.7681160930706387,1.027423626503002,1.051534576495815,4.346802216767312,1.0033632103404928,1.3927365918353347,3.336476723368122,2.9393813887929214,0.8360655737704918,0.35186313864343477,0.4756354943492861,1.1423890110969737,1.0024168755143819,0.8360655737704918,64.93162844549288
25,9,1.0780299983457662,0.7681160930706387,1.027423626503002,1.051534576495815,4.346802216767312,0.9923778683639232,1.3872322734112825,3.3180199553023186,2.911321831571546,0.8852459016393442,0.3424955109742939,0.4703189378063794,1.1159665916927892,0.9846301873112056,0.8852459016393442,65.48738924025515
26,0,0.9476642060188456,1.1350763186993371,1.1837846423593243,1.0411883283849117,0.0393966150621363,0.20974964872590474,0.2558844123270169,0.5723792137258812,0.499904114532977,0.5573770491803278,0.18067824842147218,0.21735601902595122,0.5723792137258812,0.47867271308359,0.6885245901639344,13.860047194845267
26,1,0.9476642060188456,1.1350763186993371,1.1837846423593243,1.0411883283849117,0.0393966150621363,0.18442763784156463,0.22760500703276088,0.567328897432283,0.45986510976406836,0.6065573770491803,0.15015994534521296,0.1812020059753309,0.567328897432283,0.3904414311492901,0.7704918032786885,18.580562489115568
26,2,0.9476642060188456,1.1350763186993371,1.1837846423593243,1.0411883283849117,0.0393966150621363,0.19978301604840173,0.24171172581555925,0.5919989302869766,0.49600712953772474,0.639344262295082,0.16929055236159904,0.19350742026743034,0.5855183912707815,0.4485148665731117,0.7868852459016393,15.26279074664447
26,3,0.9476642060188456,1.1350763186993371,1.1837846423593243,1.0411883283849117,0.0393966150621363,0.19135962148935726,0.23866622667777015,0.5466869959492371,0.4591027001392675,0.6065573770491803,0.13667335124395102,0.1550207360292811,0.5466869959492371,0.3462997866247165,0.7868852459016393,28.577747917654452
26,4,0.9476642060188456,1.1350763186993371,1.1837846423593243,1.0411883283849117,0.0393966150621363,0.17759572136086565,0.22236878070204055,0.5430270306702809,0.4540664662199405,0.639344262295082,0.13115845156504352,0.1477276364393449,0.5060314206230387,0.29390914064982354,0.8524590163934426,26.147741308172577
26,5,0.9476642060188456,1.1350763186993371,1.1837846423593243,1.0411883283849117,0.0393966150621363,0.1935049274458841,0.2337356744830554,0.5285206059552152,0.45439724800060344,0.6065573770491803,0.14853080494897425,0.15299950486509473,0.509991540004954,0.2917753502640295,0.8360655737704918,23.241848716998376
26,6,0.9476642060188456,1.1350763186993371,1.1837846423593243,1.0411883283849117,0.0393966150621363,0.2080171947205345,0.24854101647716784,0.5503295455606363,0.467893981647174,0.6721311475409836,0.15844356250179192,0.1940128254965593,0.5362506587132714,0.42862884098025805,0.7213114754098361,23.831506950828476
26,7,0.9476642060188456,1.1350763186993371,1.1837846423593243,1.0411883283849117,0.0393966150621363,0.18310553290736095,0.2287230271483806,0.5445956568769788,0.4698418259758427,0.639344262295082,0.15964907554048513,0.1894649786910745,0.5445956568769788,0.4124116881852474,0.7540983606557377,12.810348761412474
26,8,0.9476642060188456,1.1350763186993371,1.1837846423593243,1.0411883283849117,0.0393966150621363,0.21470175995719665,0.2543721755666091,0.6021323762773676,0.504433108530381,0.5901639344262295,0.18272225729404487,0.21690832514143493,0.6021323762773676,0.4894938428285102,0.7377049180327869,14.894848868275355
26,9,0.9476642060188456,1.1350763186993371,1.1837846423593243,1.0411883283849117,0.0393966150621363,0.20283618213442284,0.24616502510730928,0.6053330494871787,0.5067043587796932,0.6229508196721312,0.1660965030180581,0.19240809384045646,0.6162586621496686,0.4865909558082551,0.819672131147541,18.112980992718924
27,0,1.0264690772681755,0.9922154297397804,0.9399428357505366,0.9458414980367842,2.7413514970921025,0.14493984524574924,0.1820103893852195,0.3813560005732839,0.3360112153863782,0.9508196721311475,0.14055771495688074,0.16992351839154635,0.3263181248608191,0.2903383980676026,0.9344262295081968,3.0234131142050567
27,1,1.0264690772681755,0.9922154297397804,0.9399428357505366,0.9458414980367842,2.7413514970921025,0.13699061215519173,0.17358477553089843,0.371439921042402,0.3144937183652019,0.8688524590163934,0.13339743677536087,0.16421806657103571,0.3172203830187783,0.28349999357423317,0.8688524590163934,2.6229354868202837
27,2,1.0264690772681755,0.9922154297397804,0.9399428357505366,0.9458414980367842,2.7413514970921025,0.1276395610433555,0.1606743959598193,0.37332153537253987,0.3133664706572887,0.8852459016393442,0.12377249233932652,0.1494069114048751,0.3113572997015126,0.2631456074608437,0.8688524590163934,3.0296787864347503
27,3,1.0264690772681755,0.9922154297397804,0.9399428357505366,0.9458414980367842,2.7413514970921025,0.11075889351445874,0.14878522587680404,0.3611076784618632,0.298051221667916,0.8852459016393442,0.10600186749957247,0.1358936958287968,0.29525835271550704,0.25,0.8852459016393442,4.2949381886568565
27,4,1.0264690772681755,0.9922154297397804,0.9399428357505366,0.9458414980367842,2.7413514970921025,0.12245547476234489,0.16624197343238126,0.347808501370487,0.2972209089581341,0.9344262295081968,0.11753168029241982,0.15628461889108172,0.30982127880971433,0.2577781962789544,0.9344262295081968,4.020885533685535
27,5,1.0264690772681755,0.9922154297397804,0.9399428357505366,0.9458414980367842,2.7413514970921025,0.10693049607809824,0.15342638910228487,0.32840995842577314,0.2947241056076493,0.9016393442622951,0.10531955305419403,0.14218219380767905,0.3014854286920752,0.25428798886367476,0.9016393442622951,1.506532825516517
27,6,1.0264690772681755,0.9922154297397804,0.9399428357505366,0.9458414980367842,2.7413514970921025,0.12658452755802604,0.16286475755641977,0.40391618128261797,0.3253301499013844,0.9180327868852459,0.12159607839359622,0.15066541376398512,0.34414403238410785,0.2879138379420937,0.9180327868852459,3.9408048208286197
27,7,1.0264690772681755,0.9922154297397804,0.9399428357505366,0.9458414980367842,2.7413514970921025,0.12583868465684617,0.16500444950830648,0.3891603821078178,0.3180752660960437,0.9180327868852459,0.12113457652814873,0.15315176448897078,0.3299215564200537,0.2799751130732787,0.9180327868852459,3.738205100860069
27,8,1.0264690772681755,0.9922154297397804,0.9399428357505366,0.9458414980367842,2.7413514970921025,0.10931436490477127,0.14906178946052298,0.35040946617262136,0.2876875642937605,0.9344262295081968,0.10605854074474826,0.13672377145711442,0.28331261394730944,0.2509678178901766,0.9180327868852459,2.9784046798051746
27,9,1.0264690772681755,0.9922154297397804,0.9399428357505366,0.9458414980367842,2.7413514970921025,0.13041947799638023,0.16422304391489764,0.36604052360829087,0.3114979443928832,0.9672131147540983,0.12715613158224104,0.15276045353203607,0.31262358431195736,0.2651707379589453,0.9508196721311475,2.5021925131687532
28,0,1.0138222078369037,1.0682066958420728,1.0715355178156671,0.8533039463021823,0.6629465689834704,0.5489753304381099,0.555868234512322,1.2836659590518877,1.122797624081838,0.19672131147540983,0.08437582371989835,0.0959318821580218,0.25,0.17666636137610398,0.8688524590163934,84.63030685685598
28,1,1.0138222078369037,1.0682066958420728,1.0715355178156671,0.8533039463021823,0.6629465689834704,0.5552955500964605,0.5590488145200583,1.292706515334089,1.1262643953102014,0.26229508196721313,0.09405393167688365,0.1020660020313333,0.25,0.1907021931918365,0.8360655737704918,83.06236531869462
28,2,1.0138222078369037,1.0682066958420728,1.0715355178156671,0.8533039463021823,0.6629465689834704,0.5525313645311665,0.5591352315986703,1.2581758903586078,1.1012006016218379,0.21311475409836064,0.08947569236921066,0.11034564996339884,0.3096635854794627,0.1874079572913886,0.7868852459016393,83.80622384303334
28,3,1.0138222078369037,1.0682066958420728,1.0715355178156671,0.8533039463021823,0.6629465689834704,0.5665954972984112,0.5754432720231868,1.3153327148988225,1.1292513872212369,0.18032786885245902,0.09823905068327533,0.11619627835501638,0.2525452004890525,0.19217069188886315,0.7868852459016393,82.66151934639619
28,4,1.0138222078369037,1.0682066958420728,1.0715355178156671,0.8533039463021823,0.6629465689834704,0.5388991745250911,0.5457063093779481,1.298511732438179,1.121239311759797,0.21311475409836064,0.08014791427667105,0.09353062905005731,0.25028597551308707,0.1867696909487265,0.7868852459016393,85.12747503328391
28,5,1.0138222078369037,1.0682066958420728,1.0715355178156671,0.8533039463021823,0.6629465689834704,0.5633422381509963,0.5690024707703657,1.2772501050821674,1.1353531335809521,0.18032786885245902,0.10087137436472134,0.11199710423415424,0.25,0.20498167421416724,0.819672131147541,82.09412191498339
28,6,1.0138222078369037,1.0682066958420728,1.0715355178156671,0.8533039463021823,0.6629465689834704,0.5746304080628152,0.5773367673272696,1.318571258904413,1.1566193852512274,0.29508196721311475,0.10905338911820316,0.12071605523036033,0.28044121528692756,0.21519926747243975,0.8524590163934426,81.02199473121476
28,7,1.0138222078369037,1.0682066958420728,1.0715355178156671,0.8533039463021823,0.6629465689834704,0.5646105418811436,0.5698233460298207,1.299723934886849,1.1291385425860354,0.22950819672131148,0.10012581620976946,0.11189477507324992,0.25,0.19383696528702646,0.8360655737704918,82.26639271095172
28,8,1.0138222078369037,1.0682066958420728,1.0715355178156671,0.8533039463021823,0.6629465689834704,0.562728990680607,0.5651058604810927,1.2966436753160764,1.148266923048597,0.22950819672131148,0.10142702152387888,0.11386477630393455,0.30262279978946083,0.20854236663400344,0.7704918032786885,81.97586703304457
28,9,1.0138222078369037,1.0682066958420728,1.0715355178156671,0.8533039463021823,0.6629465689834704,0.5510011547185113,0.5606010844505167,1.255211672070665,1.1105594628319895,0.18032786885245902,0.07982909980267218,0.10029135403678512,0.25,0.16481866577658197,0.8360655737704918,85.51199047060905
29,0,1.136924750993827,0.8058253495979185,0.8955989288585394,0.9206878220471302,-2.1321349675610537,0.10175042955243299,0.152923757647542,0.40127010698727617,0.32069289825277997,0.8852459016393442,0.09733800351723328,0.13843671075755426,0.3271403951649887,0.2701255608432377,0.8852459016393442,4.336518336687659
29,1,1.136924750993827,0.8058253495979185,0.8955989288585394,0.9206878220471302,-2.1321349675610537,0.08553699841474983,0.13660191053017942,0.36656896408437234,0.2683438403630916,0.9016393442622951,0.08187718786143605,0.12493036134096858,0.2842118671966176,0.23397059528033998,0.8852459016393442,4.278628688334582
29,2,1.136924750993827,0.8058253495979185,0.8955989288585394,0.9206878220471302,-2.1321349675610537,0.0810119207090979,0.13598890327755586,0.33816018233891043,0.27378393676541335,0.8852459016393442,0.07732535784890458,0.12305569897385382,0.25388981402740995,0.22058693041561953,0.8852459016393442,4.550642458449094
29,3,1.136924750993827,0.8058253495979185,0.8955989288585394,0.9206878220471302,-2.1321349675610537,0.07181456040149223,0.1259954643887956,0.37689308955556555,0.2768567631028845,0.8852459016393442,0.06913289212853697,0.1138370403785709,0.2970887525632975,0.2465130803403355,0.8852459016393442,3.734156775398895
29,4,1.136924750993827,0.8058253495979185,0.8955989288585394,0.9206878220471302,-2.1321349675610537,0.092838953464258,0.13944658542281932,0.3851962266521056,0.29384607437835375,0.8852459016393442,0.08970567518143104,0.1255184262116922,0.30130175494502254,0.24724364474214724,0.8852459016393442,3.374960795990918
29,5,1.136924750993827,0.8058253495979185,0.8955989288585394,0.9206878220471302,-2.1321349675610537,0.0719385280246094,0.1250561622348437,0.3493898888379974,0.2626614032702037,0.9016393442622951,0.06901181268427713,0.11132854005830861,0.2757139735641019,0.2137819320553774,0.8852459016393442,4.068355887586517
29,6,1.136924750993827,0.8058253495979185,0.8955989288585394,0.9206878220471302,-2.1321349675610537,0.07661012980338254,0.12143123626767957,0.3365468602930477,0.27094741783229925,0.9016393442622951,0.07341387167403152,0.10799501340083507,0.27131326442673753,0.23531852761731076,0.9016393442622951,4.172109011633472
29,7,1.136924750993827,0.8058253495979185,0.8955989288585394,0.9206878220471302,-2.1321349675610537,0.09129401848303866,0.13383831495344045,0.38773453571425165,0.30103855734361823,0.8852459016393442,0.08633826157241471,0.11943373489694321,0.30486822938858893,0.24627564952029674,0.8852459016393442,5.428347873135483
29,8,1.136924750993827,0.8058253495979185,0.8955989288585394,0.9206878220471302,-2.1321349675610537,0.09053191911291647,0.14270413294054443,0.3711462507232426,0.29429769280545914,0.8688524590163934,0.08710522931239205,0.12985422176528305,0.30382054499500555,0.25415653660907656,0.8688524590163934,3.7850625879812205
29,9,1.136924750993827,0.8058253495979185,0.8955989288585394,0.9206878220471302,-2.1321349675610537,0.09544281743182238,0.14727506419378422,0.35814180785516925,0.2973589862542142,0.8524590163934426,0.09084368214366063,0.13480032241492435,0.287204042329428,0.25119300803729633,0.8524590163934426,4.8187337841813465
30,0,1.0192413760656915,1.0853788434737746,1.198738932097033,0.8928519807166035,1.704992658191669,0.337557834472912,0.3617500208337742,0.8350133148759227,0.726827337812442,0.5245901639344263,0.10774150231716809,0.11971790520763728,0.27364901555057486,0.233644825578341,0.8688524590163934,68.08206140870536
30,1,1.0192413760656915,1.0853788434737746,1.198738932097033,0.8928519807166035,1.704992658191669,0.3189496964431735,0.34844062461996267,0.8292461978073504,0.7108826168546089,0.39344262295081966,0.12505230200656714,0.13443148724256007,0.29292353048364106,0.261103348131941,0.8852459016393442,60.792468718073415
30,2,1.0192413760656915,1.0853788434737746,1.198738932097033,0.8928519807166035,1.704992658191669,0.34359301402038367,0.36965366303417285,0.8189371864319384,0.7065723651667526,0.4918032786885246,0.12133235769520095,0.1364413292267125,0.2950107448861772,0.2507755367674975,0.8688524590163934,64.68718724065708
30,3,1.0192413760656915,1.0853788434737746,1.198738932097033,0.8928519807166035,1.704992658191669,0.33460267590319276,0.3652758069163544,0.8256579878277819,0.7107059677962255,0.3770491803278688,0.11901863678128537,0.12683825501698892,0.28293239532182923,0.24940227333598133,0.8852459016393442,64.42986104040607
30,4,1.0192413760656915,1.0853788434737746,1.198738932097033,0.8928519807166035,1.704992658191669,0.33347191240104357,0.3606235457761074,0.8550888009630171,0.7418925381552683,0.45901639344262296,0.11195468544751512,0.12769748833272263,0.28744933210722223,0.2237324895203898,0.9180327868852459,66.42755168151164
30,5,1.0192413760656915,1.0853788434737746,1.198738932097033,0.8928519807166035,1.704992658191669,0.33726281063350405,0.3637516385895506,0.8221099829302361,0.7137840676121372,0.4262295081967213,0.1041805841618112,0.12026052441583804,0.28334711276597346,0.2402528749277679,0.9180327868852459,69.10996976923676
30,6,1.0192413760656915,1.0853788434737746,1.198738932097033,0.8928519807166035,1.704992658191669,0.33568329413254877,0.3649909301504159,0.8411027540714784,0.7424837186991525,0.4426229508196721,0.11049164115533928,0.12403720580547573,0.2533285685653368,0.2180454969014704,0.9344262295081968,67.084557651025
30,7,1.0192413760656915,1.0853788434737746,1.198738932097033,0.8928519807166035,1.704992658191669,0.32703598822782565,0.3566692462423517,0.8200836897603523,0.6969265021012576,0.4262295081967213,0.12090845969849512,0.14059739446506916,0.29057110009825493,0.2533699315516486,0.8688524590163934,63.02900474235707
30,8,1.0192413760656915,1.0853788434737746,1.198738932097033,0.8928519807166035,1.704992658191669,0.3418660534097635,0.3686399237002036,0.8409944764497723,0.728048340397227,0.47540983606557374,0.11265436184188975,0.12696170572846296,0.27651002236919453,0.24014999697694606,0.8852459016393442,67.04722194020788
30,9,1.0192413760656915,1.0853788434737746,1.198738932097033,0.8928519807166035,1.704992658191669,0.3415818637335748,0.37064317159759286,0.8455694831007534,0.7371497074173805,0.45901639344262296,0.11697721134150953,0.12651759003385524,0.2774441505294405,0.24260743923001515,0.8360655737704918,65.75426749449767
31,0,1.0820340444397387,0.862103738805996,1.2200049595323592,0.8782809732392427,-0.9179903347712344,0.1340104847717656,0.11821933042375238,0.34089625826794645,0.2351849837720735,0.7868852459016393,0.13126671447038468,0.1188577524912818,0.31733118931154536,0.23906069085099238,0.8032786885245902,2.047429576912482
31,1,1.0820340444397387,0.862103738805996,1.2200049595323592,0.8782809732392427,-0.9179903347712344,0.11454735963270246,0.10858783523513665,0.26103375443526744,0.20960482650857276,0.7540983606557377,0.10900050942467593,0.10966291474525047,0.25,0.21139222400982477,0.7377049180327869,4.842407739307634
31,2,1.0820340444397387,0.862103738805996,1.2200049595323592,0.8782809732392427,-0.9179903347712344,0.13252194139252543,0.11859747139279282,0.2992386308050854,0.22872635419161896,0.8032786885245902,0.12930013733032483,0.11912718336659359,0.2573640301353919,0.22671555144113711,0.7868852459016393,2.431147648718583
31,3,1.0820340444397387,0.862103738805996,1.2200049595323592,0.8782809732392427,-0.9179903347712344,0.11375498345665767,0.10343203332023651,0.2511207419097303,0.20163335026348791,0.7868852459016393,0.11122253865927868,0.10502061727700408,0.2511207419097303,0.20209478412177193,0.7704918032786885,2.226227564213826
31,4,1.0820340444397387,0.862103738805996,1.2200049595323592,0.8782809732392427,-0.9179903347712344,0.13797683088205476,0.12011591405662957,0.2950005330815344,0.2217099023254008,0.8360655737704918,0.1375964213460482,0.12148805169877976,0.2950005330815344,0.229652266248516,0.819672131147541,0.2757053728330317
31,5,1.0820340444397387,0.862103738805996,1.2200049595323592,0.8782809732392427,-0.9179903347712344,0.12082750116578393,0.11123906510483289,0.273882501109604,0.2224751125218106,0.819672131147541,0.12011642078435597,0.11239679521520524,0.273882501109604,0.22235602157107767,0.8032786885245902,0.5885087207524954
31,6,1.0820340444397387,0.862103738805996,1.2200049595323592,0.8782809732392427,-0.9179903347712344,0.10610852842130408,0.09967681602232693,0.25,0.2066996880115028,0.7704918032786885,0.1048350557261739,0.10130200777757628,0.25,0.21004660729383745,0.7704918032786885,1.2001605470145265
31,7,1.0820340444397387,0.862103738805996,1.2200049595323592,0.8782809732392427,-0.9179903347712344,0.10868583066755635,0.10079594715726742,0.25,0.19980865380382226,0.819672131147541,0.10625891591425494,0.10152231893442377,0.25,0.1945437284211934,0.819672131147541,2.232963338822661
31,8,1.0820340444397387,0.862103738805996,1.2200049595323592,0.8782809732392427,-0.9179903347712344,0.12475846293904788,0.11224818872160686,0.27919137921610115,0.20630001384312777,0.7868852459016393,0.11810038914446536,0.10768349256831536,0.27919137921610115,0.19386584622447037,0.7868852459016393,5.336771260026985
31,9,1.0820340444397387,0.862103738805996,1.2200049595323592,0.8782809732392427,-0.9179903347712344,0.11952654115118337,0.11054283707126475,0.25,0.20995637995760605,0.819672131147541,0.11651089051026667,0.11227947016989898,0.25,0.2114151710382487,0.819672131147541,2.522996659881885
32,0,1.074519833957646,1.0992332059703958,1.1786649073847746,0.9057760533131508,-1.8952772127989053,0.8004885929557833,0.7725558308340436,1.760628509136751,1.5496783514590335,0.14754098360655737,0.2814121045781438,0.3037129836247452,0.6673520002543327,0.590221633218718,0.5901639344262295,64.84495756035237
32,1,1.074519833957646,1.0992332059703958,1.1786649073847746,0.9057760533131508,-1.8952772127989053,0.7783796050425696,0.7527376814560838,1.737898883911413,1.5199930888735227,0.14754098360655737,0.2570826157960267,0.2820526901084803,0.6446234263067794,0.5583110490802782,0.4918032786885246,66.97207710343761
32,2,1.074519833957646,1.0992332059703958,1.1786649073847746,0.9057760533131508,-1.8952772127989053,0.7937429188608961,0.7663822442007416,1.7292132133303113,1.5278953974686844,0.16393442622950818,0.2692348205163253,0.2966519548171105,0.6371567564680163,0.5649961909231834,0.4918032786885246,66.08034993210329
32,3,1.074519833957646,1.0992332059703958,1.1786649073847746,0.9057760533131508,-1.8952772127989053,0.788607040537929,0.7618587773475711,1.7481194070693036,1.5259282989606349,0.14754098360655737,0.26564642282729173,0.29205361552556786,0.6548321540145494,0.5698744368260905,0.5573770491803278,66.31447486873975
32,4,1.074519833957646,1.0992332059703958,1.1786649073847746,0.9057760533131508,-1.8952772127989053,0.781022184980819,0.7554840096537693,1.7141590559218969,1.488629456346969,0.16393442622950818,0.25623934314593344,0.2850953338183607,0.6342523131197595,0.5451495252902675,0.5573770491803278,67.191797099563
32,5,1.074519833957646,1.0992332059703958,1.1786649073847746,0.9057760533131508,-1.8952772127989053,0.7906369401806118,0.7629673548397615,1.758771835054489,1.5433217864718232,0.14754098360655737,0.2702929541662974,0.29471404168202525,0.6804938790214052,0.574356488202163,0.5081967213114754,65.81326517522035
32,6,1.074519833957646,1.0992332059703958,1.1786649073847746,0.9057760533131508,-1.8952772127989053,0.7866985782567048,0.7599562386413423,1.7171915159025914,1.5173751193812492,0.14754098360655737,0.2624137934036678,0.288676064083338,0.6238967993143589,0.5594283844412588,0.5245901639344263,66.64366751683127
32,7,1.074519833957646,1.0992332059703958,1.1786649073847746,0.9057760533131508,-1.8952772127989053,0.7825241336093341,0.7541921868370728,1.7119613189106033,1.4991352350441915,0.14754098360655737,0.259233531030863,0.284302872593751,0.6311753101599749,0.549625259779927,0.5409836065573771,66.87213596401587
32,8,1.074519833957646,1.0992332059703958,1.1786649073847746,0.9057760533131508,-1.8952772127989053,0.7858824891636129,0.7570217855176459,1.7620274165655587,1.5278976214356348,0.16393442622950818,0.26198921179573276,0.28693693381116175,0.6837515172229942,0.5677400467843043,0.5245901639344263,66.66305517577334
32,9,1.074519833957646,1.0992332059703958,1.1786649073847746,0.9057760533131508,-1.8952772127989053,0.7815856442585757,0.7519969462278805,1.7101064247610722,1.508255347550217,0.14754098360655737,0.26208796035580934,0.28135073722218473,0.6284082399104207,0.554163925845262,0.5737704918032787,66.4671476144588
33,0,0.977859687691092,1.04845709124484,1.0412492233469757,0.9877457802043512,-0.2617526222611963,0.19659946533775002,0.21906933602171214,0.5241453577756516,0.43457188113360273,0.6557377049180327,0.152449185446608,0.17798608663434098,0.5566507195908414,0.345638874848909,0.7049180327868853,22.456968443578223
33,1,0.977859687691092,1.04845709124484,1.0412492233469757,0.9877457802043512,-0.2617526222611963,0.19119353966605288,0.22087192854030674,0.4878644409570896,0.42753876419054115,0.6557377049180327,0.15705812628020183,0.1837348324699305,0.4459320037131036,0.38053658187121486,0.6885245901639344,17.853852931157338
33,2,0.977859687691092,1.04845709124484,1.0412492233469757,0.9877457802043512,-0.2617526222611963,0.18148644113514603,0.21167657152677538,0.5047067338366986,0.4361020164748311,0.6885245901639344,0.1414937225938408,0.1665191795390624,0.47266772014171465,0.35183905023753115,0.7540983606557377,22.036201873353274
33,3,0.977859687691092,1.04845709124484,1.0412492233469757,0.9877457802043512,-0.2617526222611963,0.16577597142733203,0.19350759104742157,0.4433868601766733,0.3882639724783303,0.7213114754098361,0.13598567220606061,0.15380008370936896,0.4433868601766733,0.3214952825588611,0.7868852459016393,17.97021544484208
33,4,0.977859687691092,1.04845709124484,1.0412492233469757,0.9877457802043512,-0.2617526222611963,0.18770830376670078,0.2204953621865135,0.49928354601997427,0.4343970982469969,0.5901639344262295,0.17370011473579552,0.20412632087937102,0.5196318837628624,0.43938997556786885,0.7049180327868853,7.46274338950704
33,5,0.977859687691092,1.04845709124484,1.0412492233469757,0.9877457802043512,-0.2617526222611963,0.19139863958548026,0.2140320987044381,0.4970863780438961,0.43866246391865366,0.7213114754098361,0.15393861808381493,0.17331584380727796,0.4686010433968377,0.387976045777117,0.7868852459016393,19.571728191377957
33,6,0.977859687691092,1.04845709124484,1.0412492233469757,0.9877457802043512,-0.2617526222611963,0.20040541304995316,0.23002495496715702,0.5193547498225399,0.4423075375414044,0.6721311475409836,0.17528354709106306,0.20214687640245044,0.5289933781656586,0.4423075375414044,0.7213114754098361,12.535522657079232
33,7,0.977859687691092,1.04845709124484,1.0412492233469757,0.9877457802043512,-0.2617526222611963,0.19531765180102076,0.22341032918786508,0.5281604970954135,0.45527952503260005,0.6721311475409836,0.1782401559776323,0.2055678404421961,0.560830478471317,0.4517230956258132,0.7377049180327869,8.74344723373293
33,8,0.977859687691092,1.04845709124484,1.0412492233469757,0.9877457802043512,-0.2617526222611963,0.19294036514356408,0.2144529635857255,0.5046803398363764,0.4391737348562927,0.6557377049180327,0.16061825698511864,0.1774366903752491,0.5056358105828949,0.4138314419992982,0.6885245901639344,16.752382599874856
33,9,0.977859687691092,1.04845709124484,1.0412492233469757,0.9877457802043512,-0.2617526222611963,0.19409312431900236,0.2199374902786098,0.5044587556006732,0.4258477323648293,0.6557377049180327,0.16678008273130931,0.1869972224769453,0.5144025904352603,0.4253849444075329,0.7868852459016393,14.072132479460018
34,0,1.1306344318778483,0.7916221059998914,0.8172551078629885,1.0492815813441896,-0.4072607091007829,0.555075565250947,0.7944141975329675,1.9414554078464192,1.6776996912948279,0.8852459016393442,0.07563559273259281,0.06038021445881755,0.25,0.10975837076567818,0.8360655737704918,86.37382052686857
34,1,1.1306344318778483,0.7916221059998914,0.8172551078629885,1.0492815813441896,-0.4072607091007829,0.537955164652212,0.7851609862197507,1.909608667475588,1.6628721371945236,0.8852459016393442,0.0982954273589672,0.07679224178386108,0.3017998927236931,0.13108705061434883,0.8852459016393442,81.7279517294875
34,2,1.1306344318778483,0.7916221059998914,0.8172551078629885,1.0492815813441896,-0.4072607091007829,0.5747447265822179,0.8172426134862792,1.9749353344184186,1.7144260585543847,0.8688524590163934,0.08480353074855577,0.06875986666072872,0.37253498745113944,0.1324908308215357,0.8524590163934426,85.245009336084
34,3,1.1306344318778483,0.7916221059998914,0.8172551078629885,1.0492815813441896,-0.4072607091007829,0.5583548733533247,0.7984442606973787,1.9579685287721347,1.685027485527239,0.9016393442622951,0.08420392973420839,0.06989263675360785,0.3294600858248913,0.12453236956418581,0.8360655737704918,84.91928095325775
34,4,1.1306344318778483,0.7916221059998914,0.8172551078629885,1.0492815813441896,-0.4072607091007829,0.5575341207110058,0.8035196866881295,1.951062636884572,1.6966315549156934,0.8852459016393442,0.06562029217919836,0.05744747064332568,0.25,0.11193069057690938,0.8852459016393442,88.23026434767529
34,5,1.1306344318778483,0.7916221059998914,0.8172551078629885,1.0492815813441896,-0.4072607091007829,0.5630201559890226,0.8010372476457748,1.9394129551459756,1.669774507136289,0.8688524590163934,0.07703110004463354,0.06144439062268905,0.25,0.12145458874071553,0.8032786885245902,86.31823404096114
34,6,1.1306344318778483,0.7916221059998914,0.8172551078629885,1.0492815813441896,-0.4072607091007829,0.5645465339605606,0.8032994941521374,1.9531407619158614,1.6940176368213031,0.8852459016393442,0.0741350234064645,0.06571102276827996,0.25,0.1230450329072383,0.8852459016393442,86.86821741932019
34,7,1.1306344318778483,0.7916221059998914,0.8172551078629885,1.0492815813441896,-0.4072607091007829,0.5791643312894632,0.815728503130612,1.9681211174305986,1.7098969517262022,0.9016393442622951,0.07546178645032516,0.06963235015724034,0.25,0.13444611302617065,0.8360655737704918,86.97057426131276
34,8,1.1306344318778483,0.7916221059998914,0.8172551078629885,1.0492815813441896,-0.4072607091007829,0.5800708909323841,0.8165145724253817,1.9977106233506206,1.7380218079343766,0.8688524590163934,0.08302905464969053,0.08212868677533243,0.38811400520102524,0.16480736122516101,0.8032786885245902,85.68639524106567
34,9,1.1306344318778483,0.7916221059998914,0.8172551078629885,1.0492815813441896,-0.4072607091007829,0.5542223804333006,0.7951519949593618,1.9426181632633188,1.680387213868643,0.8688524590163934,0.09503407036882659,0.08058769044298017,0.30274126304973237,0.14465229794966064,0.8524590163934426,82.85271874179327
35,0,0.8948961747586702,0.9075903208887792,1.2036582611424924,0.9135087107887604,3.671180152089013,0.2952405989636806,0.40099037612972405,0.8944087676973211,0.7919878966984769,0.9016393442622951,0.1935143822562627,0.23431854199364685,0.6799696981188745,0.49600961204572086,0.8360655737704918,34.45536185215905
35,1,0.8948961747586702,0.9075903208887792,1.2036582611424924,0.9135087107887604,3.671180152089013,0.3135976555575067,0.4165613419117902,0.9258242676989354,0.8106826287632587,0.9508196721311475,0.18017133782814612,0.2142390274730908,0.6826905524958846,0.3895796090586274,0.9016393442622951,42.54697551617799
35,2,0.8948961747586702,0.9075903208887792,1.2036582611424924,0.9135087107887604,3.671180152089013,0.2833124976328868,0.3912888827591292,0.9083422876196465,0.7824506624352908,0.9180327868852459,0.17224278902281362,0.22296653321985044,0.7580197995931215,0.5210017177771037,0.819672131147541,39.203956598482314
35,3,0.8948961747586702,0.9075903208887792,1.2036582611424924,0.9135087107887604,3.671180152089013,0.30017551501912015,0.39698987347021203,0.8984344755120262,0.7705810417530403,0.9508196721311475,0.15745635648516818,0.19487595446234884,0.6065446084181261,0.3827994185725359,0.8524590163934426,47.545236501005505
35,4,0.8948961747586702,0.9075903208887792,1.2036582611424924,0.9135087107887604,3.671180152089013,0.3013868087194053,0.40186115406604217,0.8925005989554222,0.7881703003358524,0.9016393442622951,0.1827291129966367,0.22624852113307142,0.6968019139157065,0.5164486743326039,0.7704918032786885,39.370567088501986
35,5,0.8948961747586702,0.9075903208887792,1.2036582611424924,0.9135087107887604,3.671180152089013,0.3195911833769232,0.41202624831070006,0.913914152558668,0.7925216898000585,0.9344262295081968,0.16898945701524998,0.19491540257670842,0.670699599620356,0.38462467995799166,0.9016393442622951,47.12324187743777
35,6,0.8948961747586702,0.9075903208887792,1.2036582611424924,0.9135087107887604,3.671180152089013,0.314616645799725,0.41076896270786384,0.922806177378952,0.8236929668281405,0.9508196721311475,0.2278197140070293,0.28300615058170736,0.8109325346282716,0.70531216854219,0.9016393442622951,27.58815623759077
35,7,0.8948961747586702,0.9075903208887792,1.2036582611424924,0.9135087107887604,3.671180152089013,0.2964561035016208,0.3956374821639062,0.935995901128365,0.8048560162696958,0.8688524590163934,0.18874954067496655,0.24026720869448687,0.8029362304675729,0.5303168196639675,0.8360655737704918,36.33136965455171
35,8,0.8948961747586702,0.9075903208887792,1.2036582611424924,0.9135087107887604,3.671180152089013,0.2929324070432974,0.3938308608633224,0.8502349029903229,0.73975337998655,0.9180327868852459,0.17602584943793678,0.22260880893037943,0.6109702508137218,0.47981647558964946,0.8524590163934426,39.90905573929246
35,9,0.8948961747586702,0.9075903208887792,1.2036582611424924,0.9135087107887604,3.671180152089013,0.31109185182904564,0.4041365839215057,0.8948764864298511,0.7760191207432698,0.9344262295081968,0.17034628690106982,0.20874345647515521,0.6941638467877027,0.4535145161558164,0.8852459016393442,45.24244659590755
36,0,0.9089339749046198,0.7853903886690556,1.1592165501650196,1.1240780032598772,3.076836125149885,1.1425628492850084,1.571229313202948,3.709402262657399,3.2468647917245903,0.8852459016393442,0.46380702753447944,0.6200294053133321,1.4199600467898534,1.2175656652446663,0.8524590163934426,59.40643196785892
36,1,0.9089339749046198,0.7853903886690556,1.1592165501650196,1.1240780032598772,3.076836125149885,1.161626428398962,1.5808824276529427,3.6626689257366536,3.238407526003688,0.8524590163934426,0.48373029631900316,0.6303169132915659,1.384241234941058,1.2064674372767912,0.8524590163934426,58.35749906398778
36,2,0.9089339749046198,0.7853903886690556,1.1592165501650196,1.1240780032598772,3.076836125149885,1.1479348192159278,1.575705870024006,3.709717380169529,3.2458486440499996,0.9016393442622951,0.46894624122171347,0.6256885655716228,1.4362112047467122,1.2278588924139087,0.8360655737704918,59.14870484179432
36,3,0.9089339749046198,0.7853903886690556,1.1592165501650196,1.1240780032598772,3.076836125149885,1.1493169709067632,1.574217865840671,3.6833436453538297,3.230188822486433,0.8852459016393442,0.47231053560395186,0.6247348488914682,1.40628013829388,1.2049803905745993,0.8688524590163934,58.90511081278836
36,4,0.9089339749046198,0.7853903886690556,1.1592165501650196,1.1240780032598772,3.076836125149885,1.150659779515432,1.578643550610293,3.6735454562038328,3.2345177023943577,0.8852459016393442,0.4734525641372689,0.6286922604616038,1.3995930060915924,1.2159408123108137,0.8852459016393442,58.853818255761915
36,5,0.9089339749046198,0.7853903886690556,1.1592165501650196,1.1240780032598772,3.076836125149885,1.1481948913359459,1.5827354741726891,3.7293655545554216,3.248929422544727,0.8852459016393442,0.47321578658299646,0.6346209425921218,1.4416279888390875,1.2309155123148574,0.8852459016393442,58.786109383190066
36,6,0.9089339749046198,0.7853903886690556,1.1592165501650196,1.1240780032598772,3.076836125149885,1.164725160833908,1.583811608937315,3.7178270349269624,3.2713794753453542,0.8852459016393442,0.48744630655030696,0.6334430967081299,1.440018554285146,1.23509591296785,0.8688524590163934,58.14924216101675
36,7,0.9089339749046198,0.7853903886690556,1.1592165501650196,1.1240780032598772,3.076836125149885,1.1688569619232954,1.5942799115631685,3.7286590639674984,3.2742477748784795,0.9016393442622951,0.493442880259654,0.6450880165426103,1.4525658333924412,1.2386824640174523,0.8688524590163934,57.78415183944163
36,8,0.9089339749046198,0.7853903886690556,1.1592165501650196,1.1240780032598772,3.076836125149885,1.1621726740162346,1.588742396572569,3.715617986613289,3.2613085407865343,0.8852459016393442,0.4865729708917333,0.639678187402409,1.4269885487527318,1.2512131308132357,0.9016393442622951,58.13247189763677
36,9,0.9089339749046198,0.7853903886690556,1.1592165501650196,1.1240780032598772,3.076836125149885,1.1534117390636738,1.5765273960818489,3.6914987141463413,3.2503640830401967,0.8852459016393442,0.47620302430726774,0.6265826992129563,1.4214926315974168,1.2295940868089645,0.8688524590163934,58.713527166470165
37,0,1.105353137410345,0.9135191987098144,1.1208736871016791,1.1179625697240565,-0.6473786590353656,0.4187567720894416,0.591269111181181,1.425427627542362,1.2360559842805845,0.9180327868852459,0.19553968880939288,0.21700789349102234,0.48550714138027473,0.4319333183907702,0.5737704918032787,53.304710074604394
37,1,1.105353137410345,0.9135191987098144,1.1208736871016791,1.1179625697240565,-0.6473786590353656,0.4309877953497492,0.6007874434894721,1.4750626728612275,1.2634858595821086,0.9180327868852459,0.1833363505649616,0.2044281733283066,0.46605410799131874,0.3876618062789547,0.6229508196721312,57.461359105033814
37,2,1.105353137410345,0.9135191987098144,1.1208736871016791,1.1179625697240565,-0.6473786590353656,0.44096267713685633,0.616756162491335,1.4636274426555573,1.28040000079735,0.8524590163934426,0.17085044241247843,0.186223342746371,0.4292342503865427,0.3723152815596606,0.6229508196721312,61.25512401144698
37,3,1.105353137410345,0.9135191987098144,1.1208736871016791,1.1179625697240565,-0.6473786590353656,0.43067709135735016,0.604024218347663,1.4319501935914332,1.2653480618281183,0.9344262295081968,0.18454475611485796,0.2057154811913695,0.467131834533717,0.38652680008765405,0.5901639344262295,57.15008766005301
37,4,1.105353137410345,0.9135191987098144,1.1208736871016791,1.1179625697240565,-0.6473786590353656,0.44488866797217647,0.6132537368395506,1.4599104351099186,1.2904380955879764,0.9016393442622951,0.16399682894835227,0.18634208187697146,0.4342415274318867,0.37480690472355754,0.5901639344262295,63.1375576060731
37,5,1.105353137410345,0.9135191987098144,1.1208736871016791,1.1179625697240565,-0.6473786590353656,0.4232655848666883,0.5982823203906209,1.4640771791279974,1.2847412820183395,0.9016393442622951,0.19690686243773878,0.21254661721644671,0.4411302829080057,0.37414394562936765,0.6065573770491803,53.47912292473376
37,6,1.105353137410345,0.9135191987098144,1.1208736871016791,1.1179625697240565,-0.6473786590353656,0.4153931374365709,0.5950886768591732,1.4370912021492686,1.261102261925244,0.9180327868852459,0.1900279669254523,0.20646606199467105,0.4715514506106686,0.39927800577036265,0.6065573770491803,54.253465019154554
37,7,1.105353137410345,0.9135191987098144,1.1208736871016791,1.1179625697240565,-0.6473786590353656,0.4230890960882073,0.6013820590762269,1.4319239853437082,1.2493382759227587,0.8852459016393442,0.18508571441708582,0.20425240015107657,0.4687854494777284,0.37837193582770684,0.6229508196721312,56.25372619423441
37,8,1.105353137410345,0.9135191987098144,1.1208736871016791,1.1179625697240565,-0.6473786590353656,0.43085371390217997,0.6017429344516095,1.455019742172432,1.2656863870803794,0.9180327868852459,0.18408182669429965,0.2086251424840811,0.44861394007634914,0.3943353575061934,0.6229508196721312,57.27509807746646
37,9,1.105353137410345,0.9135191987098144,1.1208736871016791,1.1179625697240565,-0.6473786590353656,0.43568807600599285,0.6082995177614372,1.450454732116846,1.266911781941987,0.9016393442622951,0.20377015322509417,0.221091793220351,0.45929782299023003,0.40182613609232193,0.5901639344262295,53.230266227829624
38,0,0.9351267951403038,0.9399399066178749,0.9275181521971992,1.11192271533851,4.196617649847314,0.7834966064167054,1.065781638647455,2.4363856527834145,2.1269604677940066,0.9180327868852459,0.18781736744093117,0.21215986345070723,0.42126585509684134,0.3405567197545055,0.8524590163934426,76.02831130310732
38,1,0.9351267951403038,0.9399399066178749,0.9275181521971992,1.11192271533851,4.196617649847314,0.7778895361311364,1.0562575932245435,2.4520230970753616,2.133943240808017,0.8688524590163934,0.16773719034642187,0.1959462269725117,0.4269394311780701,0.3414669477253441,0.8360655737704918,78.43688820129022
38,2,0.9351267951403038,0.9399399066178749,0.9275181521971992,1.11192271533851,4.196617649847314,0.7949865921201106,1.070013134381724,2.465655525019301,2.163133141665705,0.8852459016393442,0.18638317775844299,0.20749606190969921,0.41884546275313284,0.33362793210993547,0.8524590163934426,76.55517972178791
38,3,0.9351267951403038,0.9399399066178749,0.9275181521971992,1.11192271533851,4.196617649847314,0.7907893007986673,1.0682085704929989,2.439131059046474,2.1285292968723,0.8852459016393442,0.18321769110902003,0.20614150131686804,0.3770023185709803,0.319343481050386,0.8688524590163934,76.83103565969127
38,4,0.9351267951403038,0.9399399066178749,0.9275181521971992,1.11192271533851,4.196617649847314,0.8114683534887491,1.0842752535180928,2.4669917866319793,2.1709948869725197,0.9344262295081968,0.205707458915852,0.22530133949879583,0.43788458745854086,0.36035631265725954,0.8688524590163934,74.64997149532043
38,5,0.9351267951403038,0.9399399066178749,0.9275181521971992,1.11192271533851,4.196617649847314,0.7921399587472774,1.0668312457046127,2.4466789039527512,2.1291885818757765,0.9180327868852459,0.1874153308560612,0.20631635228914,0.402826313893037,0.34490647448231193,0.8688524590163934,76.34062910392154
38,6,0.9351267951403038,0.9399399066178749,0.9275181521971992,1.11192271533851,4.196617649847314,0.7789691973389566,1.057004847613521,2.4601336325560794,2.1435541209545774,0.9180327868852459,0.16966849437782328,0.19063485054192322,0.41740283693792435,0.3376742679889489,0.8688524590163934,78.21884421650698
38,7,0.9351267951403038,0.9399399066178749,0.9275181521971992,1.11192271533851,4.196617649847314,0.7944094738136751,1.0699789546750773,2.489067713541587,2.15954447702255,0.9016393442622951,0.18648435220777784,0.2055880967158224,0.4672729298006004,0.36858835360586967,0.8688524590163934,76.52541184931579
38,8,0.9351267951403038,0.9399399066178749,0.9275181521971992,1.11192271533851,4.196617649847314,0.7991887237742324,1.073012375545292,2.4483663433219647,2.1324182566352277,0.9344262295081968,0.19386040663287996,0.2113503402420294,0.41200779254381814,0.3320396251641995,0.9016393442622951,75.74285010962633
38,9,0.9351267951403038,0.9399399066178749,0.9275181521971992,1.11192271533851,4.196617649847314,0.7803094983253877,1.0559412859622463,2.454962850853498,2.156813025978044,0.9016393442622951,0.1705357486685633,0.1916639663787916,0.3978040029644845,0.3379847605179223,0.9016393442622951,78.14511433802255
39,0,1.021632566074992,0.932894238899737,0.9743083757394037,0.9229311832565974,1.2705552416276973,0.08198670716416631,0.101324213301526,0.25,0.18409180000463723,0.9344262295081968,0.08198670716416631,0.101324213301526,0.25,0.18409180000463723,0.9344262295081968,0.0
39,1,1.021632566074992,0.932894238899737,0.9743083757394037,0.9229311832565974,1.2705552416276973,0.07396028264882107,0.08912266751513778,0.27218616531333595,0.19422756729321125,0.9016393442622951,0.07396028264882107,0.08912266751513778,0.27218616531333595,0.19422756729321125,0.9016393442622951,0.0
39,2,1.021632566074992,0.932894238899737,0.9743083757394037,0.9229311832565974,1.2705552416276973,0.09019852081280248,0.1092939594358219,0.25,0.19308419852534656,0.9508196721311475,0.0894762026905248,0.10719797410608826,0.25,0.18606109925160155,0.9508196721311475,0.8008092768802524
39,3,1.021632566074992,0.932894238899737,0.9743083757394037,0.9229311832565974,1.2705552416276973,0.08328089101557694,0.10173106859107464,0.25,0.16717906740370267,0.9344262295081968,0.08345375880680454,0.09734703665908435,0.25,0.1553062056782892,0.9344262295081968,-0.20757197613948566
39,4,1.021632566074992,0.932894238899737,0.9743083757394037,0.9229311832565974,1.2705552416276973,0.08560386951224416,0.10518348682300897,0.25,0.19924655201587171,0.9016393442622951,0.08543939431903759,0.10462138877967056,0.25,0.19924655201587171,0.9016393442622951,0.1921352319044966
39,5,1.021632566074992,0.932894238899737,0.9743083757394037,0.9229311832565974,1.2705552416276973,0.08225899484634935,0.09905458557094209,0.25,0.17838393736707162,0.8688524590163934,0.08170302982138487,0.09422666216396666,0.25,0.15589149508349465,0.8688524590163934,0.675871405920971
39,6,1.021632566074992,0.932894238899737,0.9743083757394037,0.9229311832565974,1.2705552416276973,0.0878131363759827,0.10518908119653354,0.2635095420756386,0.22098497153197774,0.9344262295081968,0.08589023119801842,0.09822608386235326,0.25,0.19242745902838443,0.9344262295081968,2.189769386816035
39,7,1.021632566074992,0.932894238899737,0.9743083757394037,0.9229311832565974,1.2705552416276973,0.081557582195646,0.09533517248151042,0.25,0.17739300975631522,0.8852459016393442,0.08056808749419687,0.09164762735485658,0.25,0.17255766571205844,0.8852459016393442,1.2132467329346028
39,8,1.021632566074992,0.932894238899737,0.9743083757394037,0.9229311832565974,1.2705552416276973,0.07810387396399096,0.0944596019961836,0.27268637670953666,0.19075317746684137,0.9508196721311475,0.0779214850456057,0.08988321101445194,0.27268637670953666,0.1678416011204334,0.9508196721311475,0.2335209626981511
39,9,1.021632566074992,0.932894238899737,0.9743083757394037,0.9229311832565974,1.2705552416276973,0.0782320597572489,0.09888317271878365,0.25396179422205023,0.20198563550078893,0.9180327868852459,0.0774944748385868,0.09562874784755547,0.25396179422205023,0.1815507989985221,0.9180327868852459,0.9428166929910682
40,0,1.128723944253281,1.1315855991067263,1.1931474389080066,1.086414562897528,-2.791148841287385,0.37779900950968526,0.3970335733496935,0.8540122177682861,0.7567199033559021,0.36065573770491804,0.09068245595941526,0.10603755170026702,0.26696901540561413,0.2193205579197496,0.8524590163934426,75.99716947984996
40,1,1.128723944253281,1.1315855991067263,1.1931474389080066,1.086414562897528,-2.791148841287385,0.3800784939595746,0.3957857194381269,0.8872005873117317,0.776421123253455,0.39344262295081966,0.10483805621259903,0.11243031823362129,0.26940547933761394,0.22873457208328463,0.9180327868852459,72.41673552207097
40,2,1.128723944253281,1.1315855991067263,1.1931474389080066,1.086414562897528,-2.791148841287385,0.3686171861409864,0.38669173121922445,0.8790340714741802,0.773172977535235,0.32786885245901637,0.10150257648214613,0.10655254817074618,0.2689115181531463,0.2066860962268919,0.9344262295081968,72.46395982109091
40,3,1.128723944253281,1.1315855991067263,1.1931474389080066,1.086414562897528,-2.791148841287385,0.37573213903362745,0.39337841914242777,0.8739064032029233,0.7787380835528255,0.36065573770491804,0.0931084907342665,0.11164583937937922,0.2618764182049844,0.20406115568546285,0.9180327868852459,75.21944995875548
40,4,1.128723944253281,1.1315855991067263,1.1931474389080066,1.086414562897528,-2.791148841287385,0.3676657446466355,0.38561274413843977,0.8705852206744709,0.7655945100379029,0.29508196721311475,0.09740987895702065,0.10840564741006559,0.25,0.20086694835995048,0.8688524590163934,73.50585950000821
40,5,1.128723944253281,1.1315855991067263,1.1931474389080066,1.086414562897528,-2.791148841287385,0.37261951027627804,0.3925580326905985,0.8577301595892237,0.7516796690139202,0.32786885245901637,0.09806426975179866,0.10380375763255859,0.25,0.21641204909306852,0.8852459016393442,73.68246507567757
40,6,1.128723944253281,1.1315855991067263,1.1931474389080066,1.086414562897528,-2.791148841287385,0.3912791724044729,0.4121558428045099,0.9044816007959255,0.7937050392014839,0.39344262295081966,0.0775847424461001,0.09287018902598553,0.25,0.19637758592351423,0.9180327868852459,80.17151233240209
40,7,1.128723944253281,1.1315855991067263,1.1931474389080066,1.086414562897528,-2.791148841287385,0.3791089607811324,0.3979796798153906,0.8720439471582608,0.7709367518519713,0.3114754098360656,0.07952737143093791,0.09547505921823952,0.25,0.1952716930603174,0.9016393442622951,79.02255560853105
40,8,1.128723944253281,1.1315855991067263,1.1931474389080066,1.086414562897528,-2.791148841287385,0.3855250447913264,0.4009070543927996,0.870160437687808,0.7601428609171366,0.3442622950819672,0.11163573687052229,0.12047913381072924,0.30651192115546877,0.23699910565174923,0.8524590163934426,71.0431946305985
40,9,1.128723944253281,1.1315855991067263,1.1931474389080066,1.086414562897528,-2.791148841287385,0.3884836238880133,0.404927775344303,0.8844987170586123,0.7909871544565817,0.3770491803278688,0.09897801885750034,0.10787868094819517,0.28070029165978383,0.20573714982754865,0.8852459016393442,74.52195851477323
41,0,1.0375412194428146,0.8282927377325584,0.9985187320876828,0.9174902760869528,4.926168794910701,0.5486250849535301,0.7650174734489005,1.8196297025382364,1.5592415962583117,0.9016393442622951,0.09198961507881237,0.08760473963725486,0.25,0.1814558114157891,0.8360655737704918,83.23269977955817
41,1,1.0375412194428146,0.8282927377325584,0.9985187320876828,0.9174902760869528,4.926168794910701,0.5619850015864511,0.7886292642904075,1.8573359232400293,1.6276125274860933,0.9016393442622951,0.07464476724647105,0.07439065305476696,0.256660850364824,0.135218624603921,0.7540983606557377,86.7176584720672
41,2,1.0375412194428146,0.8282927377325584,0.9985187320876828,0.9174902760869528,4.926168794910701,0.557669555826868,0.7722866510771853,1.8426503149265798,1.6102403616508285,0.9016393442622951,0.0718001119402215,0.07878019698094867,0.25,0.14262717961917135,0.7540983606557377,87.12497191392094
41,3,1.0375412194428146,0.8282927377325584,0.9985187320876828,0.9174902760869528,4.926168794910701,0.5486974826496738,0.7672773635176539,1.819216735406762,1.6031110512808926,0.8852459016393442,0.08870785290883995,0.08441855430333743,0.26175390335105675,0.14343713142167475,0.8524590163934426,83.83301259548931
41,4,1.0375412194428146,0.8282927377325584,0.9985187320876828,0.9174902760869528,4.926168794910701,0.5689234191585045,0.7817561096870608,1.8364098031846368,1.591303640008893,0.9016393442622951,0.09334192264175832,0.08624473391999282,0.3647852423026876,0.15887488597801544,0.7704918032786885,83.59323601411583
41,5,1.0375412194428146,0.8282927377325584,0.9985187320876828,0.9174902760869528,4.926168794910701,0.5646260033154046,0.7814305661584233,1.878992826543623,1.6273455317541536,0.9016393442622951,0.08068183388848067,0.07646585365790806,0.2781379227200773,0.14140589509471654,0.7540983606557377,85.71057064061374
41,6,1.0375412194428146,0.8282927377325584,0.9985187320876828,0.9174902760869528,4.926168794910701,0.553814578399755,0.7674879306814241,1.8117066551144632,1.5775456538005699,0.8852459016393442,0.09681362581644581,0.09041277994272155,0.25,0.17349721969813459,0.8032786885245902,82.5187653788045
41,7,1.0375412194428146,0.8282927377325584,0.9985187320876828,0.9174902760869528,4.926168794910701,0.5708325124772476,0.7903229021885759,1.8841450203373213,1.6206034054799574,0.9016393442622951,0.0912299145535979,0.08705495104531862,0.3603483536571872,0.16535422370793365,0.8524590163934426,84.01809417657616
41,8,1.0375412194428146,0.8282927377325584,0.9985187320876828,0.9174902760869528,4.926168794910701,0.5476086077551288,0.7690783420136271,1.8349679402038461,1.5918793440834336,0.8524590163934426,0.08150676513361217,0.07693962073557348,0.25,0.1311490570129422,0.7540983606557377,85.1158721796318
41,9,1.0375412194428146,0.8282927377325584,0.9985187320876828,0.9174902760869528,4.926168794910701,0.5366801863266578,0.7614109032931877,1.8165358308558623,1.5870248260067572,0.9180327868852459,0.09310607390800736,0.09554865129017918,0.2723099532812441,0.15865931823638987,0.8032786885245902,82.65147917137058
42,0,0.8980909403965915,0.9802274019759956,1.005480439240301,1.0428582158773478,-1.1738428902395308,0.08648384078335265,0.0867631060115573,0.25,0.16398399495127194,0.9180327868852459,0.08648384078335265,0.0867631060115573,0.25,0.16398399495127194,0.9180327868852459,0.0
42,1,0.8980909403965915,0.9802274019759956,1.005480439240301,1.0428582158773478,-1.1738428902395308,0.0790387610688025,0.07917363773163523,0.25,0.13890699153408265,0.9180327868852459,0.07903447824232854,0.07913470163885844,0.25,0.13890699153408265,0.9180327868852459,0.005418640697364649
42,2,0.8980909403965915,0.9802274019759956,1.005480439240301,1.0428582158773478,-1.1738428902395308,0.09480095938837865,0.09730953355714247,0.30776082487114564,0.17792090435565916,0.9180327868852459,0.0947780485096109,0.09729988520173688,0.30776082487114564,0.17792090435565916,0.9180327868852459,0.024167349060143124
42,3,0.8980909403965915,0.9802274019759956,1.005480439240301,1.0428582158773478,-1.1738428902395308,0.08996688401915894,0.08904449405293967,0.25,0.14222695585181952,0.9180327868852459,0.08971336781695913,0.08883369203281517,0.25,0.1419125636235293,0.9180327868852459,0.28178835464149243
42,4,0.8980909403965915,0.9802274019759956,1.005480439240301,1.0428582158773478,-1.1738428902395308,0.09564500916085518,0.0963286231518241,0.25,0.19149524460519277,0.9508196721311475,0.09560259851091217,0.09627810365638872,0.25,0.19149524460519277,0.9508196721311475,0.04434172814148916
42,5,0.8980909403965915,0.9802274019759956,1.005480439240301,1.0428582158773478,-1.1738428902395308,0.09438715332434265,0.08815716890775128,0.25,0.16970453757501364,0.8852459016393442,0.09422363457216598,0.08782509135273463,0.25,0.16970453757501364,0.8852459016393442,0.17324259331645478
42,6,0.8980909403965915,0.9802274019759956,1.005480439240301,1.0428582158773478,-1.1738428902395308,0.09301800925642059,0.08601121637569079,0.33763586349429886,0.14686509956614913,0.8688524590163934,0.09117504433372485,0.08455198993559092,0.33763586349429886,0.14268398378639235,0.8688524590163934,1.9812990381414024
42,7,0.8980909403965915,0.9802274019759956,1.005480439240301,1.0428582158773478,-1.1738428902395308,0.08634473601018904,0.08028039239671754,0.25,0.1567501323885793,0.9180327868852459,0.08634473601018904,0.08028039239671754,0.25,0.1567501323885793,0.9180327868852459,0.0
42,8,0.8980909403965915,0.9802274019759956,1.005480439240301,1.0428582158773478,-1.1738428902395308,0.09359223575375596,0.09024599785084915,0.25,0.1623707784378425,0.8852459016393442,0.0936288071171043,0.09015374854078805,0.25,0.1623707784378425,0.8852459016393442,-0.039075210730696634
42,9,0.8980909403965915,0.9802274019759956,1.005480439240301,1.0428582158773478,-1.1738428902395308,0.08420885608288088,0.08680437285811303,0.25,0.1722583759784101,0.9344262295081968,0.08416205901564036,0.08675234613619827,0.25,0.1722583759784101,0.9344262295081968,0.055572619576331535
43,0,0.9571195210444232,0.9749418086825172,1.1908579429703865,1.0341877833225608,4.091944141655598,0.49724856256869177,0.6593932726021511,1.5047011670278962,1.3255326491783779,0.9344262295081968,0.13190497393394549,0.17054283830326236,0.4650250309056432,0.3734712566897998,0.7377049180327869,73.47303062022955
43,1,0.9571195210444232,0.9749418086825172,1.1908579429703865,1.0341877833225608,4.091944141655598,0.5051975431029613,0.66976283002877,1.524067194044875,1.347906311437794,0.9180327868852459,0.12414381918581034,0.15892926967582627,0.4437198754072327,0.3495506752998324,0.7377049180327869,75.42667796377043
43,2,0.9571195210444232,0.9749418086825172,1.1908579429703865,1.0341877833225608,4.091944141655598,0.4960469133104138,0.6649460786703018,1.5126905805487425,1.3188833746609219,0.9344262295081968,0.13018778916292356,0.16582215751021356,0.4514772141759593,0.35738975124501876,0.6885245901639344,73.75494420596156
43,3,0.9571195210444232,0.9749418086825172,1.1908579429703865,1.0341877833225608,4.091944141655598,0.5005708046313199,0.6642287093209487,1.5267713036606452,1.3358034921727298,0.9180327868852459,0.13928216020186768,0.17094707072031823,0.45302789121561915,0.3796850309261047,0.8032786885245902,72.17533285736637
43,4,0.9571195210444232,0.9749418086825172,1.1908579429703865,1.0341877833225608,4.091944141655598,0.49869391629822546,0.6636898827265366,1.489927310593977,1.3175639534485044,0.8852459016393442,0.13833497656324256,0.17461416129627844,0.4910281491746957,0.38547576337129935,0.7049180327868853,72.26054458612717
43,5,0.9571195210444232,0.9749418086825172,1.1908579429703865,1.0341877833225608,4.091944141655598,0.48343603816630226,0.6547724098632888,1.5082802127262411,1.3252960430960958,0.9344262295081968,0.13848727774615252,0.17169867559222038,0.44934111006763544,0.3768452551095735,0.7049180327868853,71.35354694047183
43,6,0.9571195210444232,0.9749418086825172,1.1908579429703865,1.0341877833225608,4.091944141655598,0.49604138721182767,0.6637319256372793,1.4988611499173174,1.3188377476714195,0.9016393442622951,0.1337943925233626,0.16767920372442874,0.46351700902195603,0.369096883096428,0.7049180327868853,73.02757472004498
43,7,0.9571195210444232,0.9749418086825172,1.1908579429703865,1.0341877833225608,4.091944141655598,0.4748571437374509,0.6445722725513815,1.4755468737022142,1.2775523984407458,0.9180327868852459,0.14774413816760465,0.1841373905142637,0.5009647300448634,0.40897453753941176,0.7704918032786885,68.8866135602895
43,8,0.9571195210444232,0.9749418086825172,1.1908579429703865,1.0341877833225608,4.091944141655598,0.4912582772129382,0.6580702131141088,1.4908779119039863,1.3153045896938567,0.9180327868852459,0.14224177053040457,0.17199675248889798,0.4753284479425801,0.37960718943607935,0.7049180327868853,71.04542007161963
43,9,0.9571195210444232,0.9749418086825172,1.1908579429703865,1.0341877833225608,4.091944141655598,0.5021510709380614,0.6702043441999318,1.5299768405295353,1.3501676559746727,0.9344262295081968,0.13285748129248381,0.1638978305351121,0.422503820528803,0.3502783448816487,0.7704918032786885,73.542328398445
44,0,1.0002750331199404,0.8305450118399945,0.9259469533872609,0.9944720925712064,-2.463568136386978,0.18327602737892093,0.26252605406279694,0.6216121923935418,0.5318357372211565,0.8688524590163934,0.16681598247633092,0.2311577669964999,0.5335200322535414,0.454861408522811,0.8524590163934426,8.98101357716526
44,1,1.0002750331199404,0.8305450118399945,0.9259469533872609,0.9944720925712064,-2.463568136386978,0.18890822586436912,0.27226405814349214,0.6513928762581074,0.5713241249253244,0.8688524590163934,0.17576851164283364,0.24390685775318505,0.5789921019944373,0.5034092352717636,0.8524590163934426,6.955607232778435
44,2,1.0002750331199404,0.8305450118399945,0.9259469533872609,0.9944720925712064,-2.463568136386978,0.191764383569038,0.27680354439940147,0.6798513655506326,0.5490809263428105,0.8688524590163934,0.18131716020463612,0.25632223016735445,0.6080939068886906,0.4902408697138271,0.8688524590163934,5.447947721032733
44,3,1.0002750331199404,0.8305450118399945,0.9259469533872609,0.9944720925712064,-2.463568136386978,0.17414046526662658,0.26263818994961524,0.6641142489701082,0.5655083392326461,0.9016393442622951,0.16044909780552707,0.23493525117056632,0.5844299381997118,0.49731175090470153,0.9016393442622951,7.8622550135815015
44,4,1.0002750331199404,0.8305450118399945,0.9259469533872609,0.9944720925712064,-2.463568136386978,0.18377099356775067,0.26398956440247673,0.6074001727589717,0.5259697459950232,0.8852459016393442,0.1661892576289778,0.23237012446046373,0.5248277680128695,0.4339708758769774,0.8852459016393442,9.56719860813673
44,5,1.0002750331199404,0.8305450118399945,0.9259469533872609,0.9944720925712064,-2.463568136386978,0.19568363845270673,0.2808209244839422,0.6587650795166411,0.5584311715289062,0.8852459016393442,0.1864978239741156,0.2611508401409618,0.5816203292524946,0.5046853074918162,0.8852459016393442,4.6942169264760345
44,6,1.0002750331199404,0.8305450118399945,0.9259469533872609,0.9944720925712064,-2.463568136386978,0.1810827029000264,0.26352065715021383,0.6206651506790521,0.5300523793225367,0.8852459016393442,0.17062476817960476,0.24015535683183697,0.5416487152913589,0.4793853797873382,0.8852459016393442,5.775225658187432
44,7,1.0002750331199404,0.8305450118399945,0.9259469533872609,0.9944720925712064,-2.463568136386978,0.1754554795783547,0.2677767205940578,0.6018374622378673,0.5226811929088272,0.8524590163934426,0.16307922689488255,0.24328863848089774,0.5354400876136438,0.45643290844271295,0.8524590163934426,7.053785218457753
44,8,1.0002750331199404,0.8305450118399945,0.9259469533872609,0.9944720925712064,-2.463568136386978,0.18296660291826433,0.2652711034144424,0.6415174935957353,0.548162676754791,0.8852459016393442,0.16040692540776352,0.2222113415623378,0.5394218836254652,0.4599823184108573,0.8688524590163934,12.329942815071432
44,9,1.0002750331199404,0.8305450118399945,0.9259469533872609,0.9944720925712064,-2.463568136386978,0.1843409887338474,0.2686873329197832,0.6147819735807474,0.5432673741666151,0.8852459016393442,0.17299354401158976,0.23997822642456582,0.5503761186551515,0.4837850462667092,0.8852459016393442,6.155681815638498
45,0,1.1188573666560178,0.7550235993748821,0.9585633876537816,1.144955574503719,0.4156808759420607,1.0149432498649111,1.4109424668234483,3.408038818025453,2.985651795336979,0.8852459016393442,0.36816650445083343,0.498331878420361,1.2162632542062681,1.0502631467974455,0.9180327868852459,63.725409819727716
45,1,1.1188573666560178,0.7550235993748821,0.9585633876537816,1.144955574503719,0.4156808759420607,0.9904405131599383,1.3894269091551168,3.3510149101533457,2.9432196366973784,0.9016393442622951,0.3407054897173793,0.47447242376997417,1.151222318600169,1.0074874986329463,0.8852459016393442,65.60061051719504
45,2,1.1188573666560178,0.7550235993748821,0.9585633876537816,1.144955574503719,0.4156808759420607,0.9971800535262835,1.399722931163942,3.3631566378521143,2.9397965273131668,0.8852459016393442,0.3495026775380555,0.48609621044482976,1.1657270492043565,1.0022616021013906,0.8688524590163934,64.95089564797001
45,3,1.1188573666560178,0.7550235993748821,0.9585633876537816,1.144955574503719,0.4156808759420607,0.9875290787263704,1.3955570388646144,3.3710230726052686,2.9531656092915726,0.8852459016393442,0.34288143243326064,0.4823928219568356,1.1844581465977697,1.0218110010316281,0.8852459016393442,65.2788520541107
45,4,1.1188573666560178,0.7550235993748821,0.9585633876537816,1.144955574503719,0.4156808759420607,1.0071684400974943,1.4003270826147334,3.373121974859174,2.956481752699362,0.8688524590163934,0.3573444046377231,0.4857027372851312,1.1703621338065346,1.0277289566891654,0.8688524590163934,64.51989653258674
45,5,1.1188573666560178,0.7550235993748821,0.9585633876537816,1.144955574503719,0.4156808759420607,0.9982380456914202,1.3952312075021758,3.382369815870824,2.970085950949491,0.8524590163934426,0.34678635538474345,0.48119145878612685,1.1800404133740798,1.0311776399744432,0.8688524590163934,65.26015444096352
45,6,1.1188573666560178,0.7550235993748821,0.9585633876537816,1.144955574503719,0.4156808759420607,0.9889461883772496,1.3923270076660388,3.3650084656256496,2.955793594504835,0.8688524590163934,0.3362032404453122,0.47744414063988977,1.1687173833548385,1.0210562020836607,0.8852459016393442,66.00388935246474
45,7,1.1188573666560178,0.7550235993748821,0.9585633876537816,1.144955574503719,0.4156808759420607,1.0063328288049063,1.399277662453187,3.367822958866796,2.9601460771318178,0.8688524590163934,0.35836497675879697,0.48505756452519305,1.1644077272859121,1.0187905218411204,0.8852459016393442,64.38902056048578
45,8,1.1188573666560178,0.7550235993748821,0.9585633876537816,1.144955574503719,0.4156808759420607,0.9939642358109588,1.3938365382646367,3.371783085226916,2.9658577877973475,0.8852459016393442,0.344218403124511,0.4791805733456518,1.1686683332826817,1.0212553027258735,0.9016393442622951,65.36913595853184
45,9,1.1188573666560178,0.7550235993748821,0.9585633876537816,1.144955574503719,0.4156808759420607,0.9900077236539425,1.391824514514565,3.3895469647884298,2.96320686773032,0.8524590163934426,0.3414359521977017,0.4777682577103414,1.1955474005716553,1.0263039391426618,0.8524590163934426,65.51178904569328
46,0,1.0038128000415294,0.807868570627293,1.0761849750281427,0.9258395846670876,1.0427382993300087,0.3280821894662397,0.4679320560529751,1.136649061716902,0.9891235623068213,0.9180327868852459,0.17150923656497394,0.1925378578745993,0.5127546598481914,0.3480319194203276,0.6065573770491803,47.72369788070358
46,1,1.0038128000415294,0.807868570627293,1.0761849750281427,0.9258395846670876,1.0427382993300087,0.3246410193566888,0.46726427955082,1.0889713923244457,0.935381279197715,0.9344262295081968,0.2724277556619992,0.27741597359913595,0.7574531302390994,0.675228983272146,0.639344262295082,16.08338459451483
46,2,1.0038128000415294,0.807868570627293,1.0761849750281427,0.9258395846670876,1.0427382993300087,0.3141568372475372,0.45881346266537937,1.0995299593536814,0.9494674565828746,0.9180327868852459,0.24071563889863115,0.2522658360591273,0.6480070993591482,0.5443747843936478,0.7049180327868853,23.377240168431754
46,3,1.0038128000415294,0.807868570627293,1.0761849750281427,0.9258395846670876,1.0427382993300087,0.3180600065769653,0.4620141003103132,1.1144564156899222,0.9706150593143363,0.9344262295081968,0.28219689009224014,0.29818949590639104,0.7122367294334211,0.6116298320088305,0.5409836065573771,11.275581884906643
46,4,1.0038128000415294,0.807868570627293,1.0761849750281427,0.9258395846670876,1.0427382993300087,0.32214265108182993,0.4595264243349274,1.096762799915517,0.9426008899810157,0.9016393442622951,0.2039354262789057,0.2205408589067792,0.6160768283186187,0.4871619906322963,0.5737704918032787,36.69406221310866
46,5,1.0038128000415294,0.807868570627293,1.0761849750281427,0.9258395846670876,1.0427382993300087,0.3252113090459136,0.4652515209324967,1.1265829481380294,0.9694916315732117,0.9344262295081968,0.2122416592331811,0.23328409641281025,0.6145924143665908,0.47294713967198887,0.7213114754098361,34.73730668965862
46,6,1.0038128000415294,0.807868570627293,1.0761849750281427,0.9258395846670876,1.0427382993300087,0.33336110387602214,0.4790828431447476,1.13768295679494,1.0036536040498123,0.9016393442622951,0.19860358030260195,0.22031680890608232,0.7587912639635093,0.46281074775126146,0.7213114754098361,40.42388929199637
46,7,1.0038128000415294,0.807868570627293,1.0761849750281427,0.9258395846670876,1.0427382993300087,0.32041887381241574,0.4688484735540409,1.1262666413044329,0.966627872177456,0.9344262295081968,0.2203840180117269,0.23156989532798986,0.581650277657225,0.5094367390785394,0.5901639344262295,31.220026027322188
46,8,1.0038128000415294,0.807868570627293,1.0761849750281427,0.9258395846670876,1.0427382993300087,0.32675492753079266,0.4689187818408193,1.1099576570831076,0.973495741730217,0.9016393442622951,0.22489181385628768,0.23395713349684444,0.6471047876046754,0.5319742010438636,0.6229508196721312,31.174162986388517
46,9,1.0038128000415294,0.807868570627293,1.0761849750281427,0.9258395846670876,1.0427382993300087,0.3192089379574265,0.4631915451584272,1.091712885550841,0.9514838449789097,0.9016393442622951,0.24944325368365133,0.2534260723163397,0.7390674090717795,0.625657096957984,0.639344262295082,21.855805391978073
47,0,1.1478127449984803,0.7996339265133985,0.80802306576858,0.9720767478978278,-1.4548260592756157,0.27298212867932015,0.4050111510372844,0.9773380655557489,0.8480640104963728,0.9016393442622951,0.16240528654427852,0.2354120495958133,0.82631193204422,0.528222744985247,0.8688524590163934,40.50698947583465
47,1,1.1478127449984803,0.7996339265133985,0.80802306576858,0.9720767478978278,-1.4548260592756157,0.25745692384155444,0.3880539931822351,0.9366240178525445,0.8091540762029611,0.9016393442622951,0.14439217708338944,0.1922901809758846,0.6965462697795246,0.4113259734383008,0.8524590163934426,43.91598604966939
47,2,1.1478127449984803,0.7996339265133985,0.80802306576858,0.9720767478978278,-1.4548260592756157,0.2639633940555045,0.39175570172039575,0.9442938873077296,0.8258414572455067,0.8688524590163934,0.16256234107497333,0.2066152264843466,0.6459309452311857,0.36533231639259756,0.8524590163934426,38.4148163207847
47,3,1.1478127449984803,0.7996339265133985,0.80802306576858,0.9720767478978278,-1.4548260592756157,0.24404483885674344,0.3781228920553186,0.9278353290161192,0.8095916965389535,0.8852459016393442,0.13385294286996635,0.18493601750524813,0.6144887233436762,0.37621639899026466,0.8852459016393442,45.15231565764058
47,4,1.1478127449984803,0.7996339265133985,0.80802306576858,0.9720767478978278,-1.4548260592756157,0.279046854239281,0.4071654061965742,1.0360199073296101,0.8781150507866514,0.9180327868852459,0.2046081792211098,0.28602204368924133,0.947672830279032,0.6992899141899246,0.9016393442622951,26.676048802306326
47,5,1.1478127449984803,0.7996339265133985,0.80802306576858,0.9720767478978278,-1.4548260592756157,0.25232067030755817,0.3805007198732774,0.9760990310055675,0.8249994083522695,0.8852459016393442,0.15868900584436282,0.20581889285928684,0.6987793180147719,0.44733395964593403,0.8032786885245902,37.108202173474744
47,6,1.1478127449984803,0.7996339265133985,0.80802306576858,0.9720767478978278,-1.4548260592756157,0.25763084533358105,0.3921791343207401,0.9617018142929865,0.8184231217718917,0.8852459016393442,0.13199522932380353,0.1762894995109355,0.5052153733031375,0.344102662997213,0.8852459016393442,48.765750796300885
47,7,1.1478127449984803,0.7996339265133985,0.80802306576858,0.9720767478978278,-1.4548260592756157,0.261013270828552,0.388227532459362,0.9674265229619365,0.83258436867647,0.8852459016393442,0.19575699761920393,0.28887087726316435,0.8698465035997671,0.727375448521832,0.8852459016393442,25.001132318751726
47,8,1.1478127449984803,0.7996339265133985,0.80802306576858,0.9720767478978278,-1.4548260592756157,0.26843846137841787,0.39939914090927514,0.9498217938259188,0.8322024213071985,0.9180327868852459,0.13989956596868094,0.19123684878725117,0.6245241207666652,0.36944478825061966,0.8852459016393442,47.883933900416594
47,9,1.1478127449984803,0.7996339265133985,0.80802306576858,0.9720767478978278,-1.4548260592756157,0.27737177299348287,0.40178446104579235,0.9897883389410893,0.8524709223581284,0.8852459016393442,0.20845225977866658,0.2783167971576413,0.7962038222562882,0.6401877737537022,0.8524590163934426,24.84734206044666
48,0,1.09840910801227,1.0554827566959666,0.850563433862568,0.9902307296265308,0.4758060609560175,0.1348824870487076,0.13499793949502742,0.3113631588867847,0.27005133091102496,0.7540983606557377,0.1342128579198261,0.13519779585316571,0.31708660436056135,0.2706494817077002,0.7540983606557377,0.4964537231877131
48,1,1.09840910801227,1.0554827566959666,0.850563433862568,0.9902307296265308,0.4758060609560175,0.11671392089467997,0.12860678390674035,0.2556333729938771,0.22334698602218594,0.819672131147541,0.11351756447049621,0.12953851544858586,0.2892339449812482,0.2433541805087842,0.7868852459016393,2.7386248355653096
48,2,1.09840910801227,1.0554827566959666,0.850563433862568,0.9902307296265308,0.4758060609560175,0.11340746153471068,0.12044218107849183,0.2687209738950287,0.23562154135821492,0.7213114754098361,0.11229034830457581,0.12120572533058577,0.2831825745612804,0.2394234509099988,0.7213114754098361,0.9850438542731661
48,3,1.09840910801227,1.0554827566959666,0.850563433862568,0.9902307296265308,0.4758060609560175,0.12638549795543783,0.13439947646237035,0.2844177255260263,0.2515863821327201,0.7868852459016393,0.1245450429297449,0.13536309393883075,0.29711321893682197,0.2539542375520583,0.7868852459016393,1.4562232656960765
48,4,1.09840910801227,1.0554827566959666,0.850563433862568,0.9902307296265308,0.4758060609560175,0.11031951663622495,0.1197650419452425,0.25,0.2082520418978902,0.7540983606557377,0.10887723983172297,0.12018011112892163,0.2615085317798247,0.21839446943299665,0.7540983606557377,1.307363237692426
48,5,1.09840910801227,1.0554827566959666,0.850563433862568,0.9902307296265308,0.4758060609560175,0.13100491835115669,0.13976300868890476,0.34109281412275294,0.23552352584370767,0.7704918032786885,0.1296148405482826,0.14068285389174495,0.34109281412275294,0.24093984437858895,0.7540983606557377,1.061088255593586
48,6,1.09840910801227,1.0554827566959666,0.850563433862568,0.9902307296265308,0.4758060609560175,0.110018208588476,0.1205012758946109,0.25,0.22144076367553256,0.7377049180327869,0.10814909356198768,0.12122996297660178,0.270608571991545,0.22906566839426148,0.7377049180327869,1.6989142528940424
48,7,1.09840910801227,1.0554827566959666,0.850563433862568,0.9902307296265308,0.4758060609560175,0.11982077402418899,0.12818909395847125,0.26596230937604304,0.23932672701791663,0.7704918032786885,0.11742549956672871,0.12843373790285703,0.26722103982258005,0.23984987868655452,0.7540983606557377,1.9990477252105978
48,8,1.09840910801227,1.0554827566959666,0.850563433862568,0.9902307296265308,0.4758060609560175,0.12066126935781389,0.131534020843859,0.3094878484207584,0.2527889145358955,0.7049180327868853,0.11600935657684187,0.1316296803708144,0.3343286968963781,0.26216059120550456,0.6885245901639344,3.8553487840220244
48,9,1.09840910801227,1.0554827566959666,0.850563433862568,0.9902307296265308,0.4758060609560175,0.14143777892684775,0.14099725076478464,0.27860533928070197,0.24925018273987268,0.819672131147541,0.1411625785687412,0.14188466525275273,0.2872413722333178,0.251623978711433,0.819672131147541,0.19457344437576504
49,0,0.9549438357814382,1.0802893114508336,0.8004901317323058,1.097692573287659,-2.262733970418241,0.15833201168955413,0.18860379774747668,0.419204963246365,0.35205799880011884,0.7540983606557377,0.13450063306504406,0.16075434790539633,0.40043395273135474,0.30832809695033775,0.7704918032786885,15.051522664435605
49,1,0.9549438357814382,1.0802893114508336,0.8004901317323058,1.097692573287659,-2.262733970418241,0.14875828239546715,0.1766492529315312,0.4506769148101668,0.36636700551278667,0.6885245901639344,0.1425640105881861,0.1656829079421378,0.44807172718294197,0.3683869331978173,0.7540983606557377,4.163984490499734
49,2,0.9549438357814382,1.0802893114508336,0.8004901317323058,1.097692573287659,-2.262733970418241,0.1513531989594814,0.18582034662801314,0.4347288135233427,0.3593279606710468,0.6721311475409836,0.13893452974613324,0.16757687212886657,0.44261980159075875,0.3615997697043142,0.7868852459016393,8.205091995890191
49,3,0.9549438357814382,1.0802893114508336,0.8004901317323058,1.097692573287659,-2.262733970418241,0.15404315391034867,0.18383553027219776,0.430209362580257,0.35712033356498407,0.6885245901639344,0.15004889470271676,0.17918089700900303,0.4389916068077895,0.3710682768535649,0.7213114754098361,2.592948213691161
49,4,0.9549438357814382,1.0802893114508336,0.8004901317323058,1.097692573287659,-2.262733970418241,0.15698844057693018,0.18423969456023057,0.4396475052855777,0.3669814966620649,0.7540983606557377,0.1491685919906516,0.17286419456635108,0.4439333383008801,0.37059714250969483,0.7704918032786885,4.981162025395466
49,5,0.9549438357814382,1.0802893114508336,0.8004901317323058,1.097692573287659,-2.262733970418241,0.1549229760944923,0.18251588940519695,0.4420155908002883,0.37728075721363724,0.7213114754098361,0.14526503913834857,0.16957996478761425,0.44223246194331267,0.3773836323780273,0.7704918032786885,6.234024932656246
49,6,0.9549438357814382,1.0802893114508336,0.8004901317323058,1.097692573287659,-2.262733970418241,0.14440527308525394,0.1708718235944009,0.4145131372759039,0.32685159981886613,0.6721311475409836,0.13061255032032665,0.14116172720045994,0.41051497499793754,0.3062351966696384,0.7540983606557377,9.551398276698906
49,7,0.9549438357814382,1.0802893114508336,0.8004901317323058,1.097692573287659,-2.262733970418241,0.15205619803108683,0.18360887157599853,0.4221800533859863,0.35936428214461386,0.6721311475409836,0.14549629273043296,0.17342214381171525,0.43312681426888844,0.3601417158335991,0.7049180327868853,4.314132133773818
49,8,0.9549438357814382,1.0802893114508336,0.8004901317323058,1.097692573287659,-2.262733970418241,0.15934765226989328,0.18586994587629324,0.44340411056154494,0.3775841109514318,0.6721311475409836,0.14730704428887906,0.16933095655594008,0.44705836135339183,0.36340265058130256,0.7377049180327869,7.556187875689929
49,9,0.9549438357814382,1.0802893114508336,0.8004901317323058,1.097692573287659,-2.262733970418241,0.15711455503603894,0.18773025322176645,0.4189003230271382,0.35738785099421194,0.6721311475409836,0.12708834464739588,0.15215459268082276,0.414278973212852,0.3067526801281304,0.7540983606557377,19.11103040819843
50,0,0.927863333430105,1.0916047069778,1.2168327252287323,0.979157172308176,-0.7442563640938142,0.37771122873702495,0.41706204769614824,0.9633427981759368,0.8170907760798642,0.4098360655737705,0.09923032801695574,0.09736715944730309,0.2547035944746625,0.1932038655098268,0.9508196721311475,73.72852050261837
50,1,0.927863333430105,1.0916047069778,1.2168327252287323,0.979157172308176,-0.7442563640938142,0.39277857934097443,0.42862250153865034,0.9471297591211254,0.8153096715469389,0.39344262295081966,0.10903792094123226,0.10947190023859217,0.3340006789265857,0.23217425801537253,0.9016393442622951,72.23934127869649
50,2,0.927863333430105,1.0916047069778,1.2168327252287323,0.979157172308176,-0.7442563640938142,0.38354372661147945,0.4228067223823169,0.9501273962199548,0.8361366028598411,0.3442622950819672,0.09798176265862826,0.08715907320281377,0.25,0.16545571131207598,0.8688524590163934,74.45356139069862
50,3,0.927863333430105,1.0916047069778,1.2168327252287323,0.979157172308176,-0.7442563640938142,0.3826945601220591,0.4214981153318724,1.002733935329097,0.8575059505553284,0.3442622950819672,0.0863331802531302,0.09094749567555474,0.2957990182532626,0.19206571411439627,0.8852459016393442,77.44070879251733
50,4,0.927863333430105,1.0916047069778,1.2168327252287323,0.979157172308176,-0.7442563640938142,0.3751988150580283,0.41614456208603556,0.9717953437587994,0.8322779161865457,0.3770491803278688,0.10834881683536758,0.09737968268846717,0.25011488495252365,0.18419131395007612,0.8852459016393442,71.12229237221597
50,5,0.927863333430105,1.0916047069778,1.2168327252287323,0.979157172308176,-0.7442563640938142,0.36690885885192775,0.404734055410379,0.9670565679554528,0.8302090880896372,0.3442622950819672,0.10110642207674028,0.09394976010251584,0.25,0.17302277353335005,0.9016393442622951,72.44372283811673
50,6,0.927863333430105,1.0916047069778,1.2168327252287323,0.979157172308176,-0.7442563640938142,0.35359688446002113,0.39735703562439606,0.9362858540021008,0.8030076576956049,0.29508196721311475,0.11815774024853072,0.11233416059374216,0.3001603195516438,0.2178270506459484,0.9180327868852459,66.5840550521338
50,7,0.927863333430105,1.0916047069778,1.2168327252287323,0.979157172308176,-0.7442563640938142,0.3651146309812287,0.4073408167202178,0.9076984595630293,0.7728462014018618,0.3770491803278688,0.11641443479535266,0.10822491618008939,0.25,0.21032250431821498,0.8852459016393442,68.11564782202942
50,8,0.927863333430105,1.0916047069778,1.2168327252287323,0.979157172308176,-0.7442563640938142,0.3851155825687595,0.4259728176784595,0.9908972393810984,0.8395339679127931,0.32786885245901637,0.10786648682429864,0.09913855065094462,0.29185327131572336,0.1808036273155722,0.9016393442622951,71.99113936008033
50,9,0.927863333430105,1.0916047069778,1.2168327252287323,0.979157172308176,-0.7442563640938142,0.38466432141494267,0.4214663277407138,0.9842239880058585,0.8225156721387692,0.39344262295081966,0.09583557185625007,0.09131305903964254,0.25,0.18581040981088678,0.9180327868852459,75.08592127709423
51,0,0.8897606506993082,1.0389976872310256,0.9848721158668704,1.143297212418005,-1.3292247649195916,0.20125190204441618,0.23067927516485237,0.49714602187165013,0.42899261618207607,0.9344262295081968,0.18096116198638076,0.19964795116187237,0.41695414590446234,0.350833262709449,0.9180327868852459,10.082260019364815
51,1,0.8897606506993082,1.0389976872310256,0.9848721158668704,1.143297212418005,-1.3292247649195916,0.18081022848584816,0.21912356390547533,0.47641554983119505,0.42549335669875465,0.8524590163934426,0.16298578598354305,0.1927994418589203,0.4255545549856947,0.363699837088231,0.8360655737704918,9.858094119769452
51,2,0.8897606506993082,1.0389976872310256,0.9848721158668704,1.143297212418005,-1.3292247649195916,0.17638954206065457,0.20723678689534003,0.48401747729130307,0.4215637405866959,0.9344262295081968,0.17012900723520022,0.19466746053167705,0.48247675162377845,0.4004056035309674,0.9508196721311475,3.549266443076066
51,3,0.8897606506993082,1.0389976872310256,0.9848721158668704,1.143297212418005,-1.3292247649195916,0.18470618668363872,0.21962740873208644,0.5208182147016132,0.42660168699673023,0.9016393442622951,0.17757220478380548,0.20937364929969884,0.5208182147016132,0.4103310441269272,0.9016393442622951,3.8623405246583307
51,4,0.8897606506993082,1.0389976872310256,0.9848721158668704,1.143297212418005,-1.3292247649195916,0.1778815559703447,0.21051919174858544,0.4667539330674302,0.39835832068381904,0.9016393442622951,0.1548577376597679,0.1770461468981123,0.4384788725543771,0.3440743552440296,0.8852459016393442,12.943342093553069
51,5,0.8897606506993082,1.0389976872310256,0.9848721158668704,1.143297212418005,-1.3292247649195916,0.17739789116860882,0.20942128216176148,0.46747562795837183,0.4081061422530468,0.9180327868852459,0.15803401670980674,0.17956470894079238,0.41167428107839754,0.3358253866012021,0.9016393442622951,10.915504311377399
51,6,0.8897606506993082,1.0389976872310256,0.9848721158668704,1.143297212418005,-1.3292247649195916,0.19131074172170487,0.21755715083562108,0.5066691414918694,0.43899588400131373,0.9344262295081968,0.1809349362713026,0.1993716439099851,0.4897073829606171,0.40722924657988546,0.9344262295081968,5.423535216593167
51,7,0.8897606506993082,1.0389976872310256,0.9848721158668704,1.143297212418005,-1.3292247649195916,0.19180497140133868,0.224249626785937,0.4790919842016308,0.4190512887802314,0.9344262295081968,0.18451564525173494,0.2131899708423222,0.4715860295950236,0.40190263205314536,0.9344262295081968,3.8003843676978106
51,8,0.8897606506993082,1.0389976872310256,0.9848721158668704,1.143297212418005,-1.3292247649195916,0.177441679207582,0.2135409637057302,0.48525969642953726,0.4195048796556237,0.9344262295081968,0.1704394927331268,0.20238051908207183,0.48235434197986393,0.3962570350912941,0.9180327868852459,3.94619037969293
51,9,0.8897606506993082,1.0389976872310256,0.9848721158668704,1.143297212418005,-1.3292247649195916,0.18712554612683155,0.2150509820982637,0.5349785838484991,0.4468673603075644,0.8524590163934426,0.18171203601379296,0.2037328922067538,0.5341866502897474,0.42036986258195275,0.8688524590163934,2.892982933163692
52,0,1.0858251139754171,0.8615356187741333,0.9798556214465416,0.96781696058641,1.736325174595768,0.3700703970595709,0.5210304073610711,1.2366533730027527,1.0680368345241946,0.8852459016393442,0.21164375497437382,0.2259819984783644,0.5982229658004741,0.5190524058267542,0.5081967213114754,42.80986626976674
52,1,1.0858251139754171,0.8615356187741333,0.9798556214465416,0.96781696058641,1.736325174595768,0.34015250148214976,0.49441478876117423,1.1775572168636472,1.0130089650794376,0.8524590163934426,0.24649579068925065,0.2562024248803195,0.6794990021584297,0.567139193272574,0.6721311475409836,27.533741596727296
52,2,1.0858251139754171,0.8615356187741333,0.9798556214465416,0.96781696058641,1.736325174595768,0.3448047660782061,0.4975114961692488,1.1939533456296942,1.023858811057275,0.8688524590163934,0.22580025575114143,0.23256475271664295,0.6566991984049295,0.5550274595365612,0.7213114754098361,34.51359204822387
52,3,1.0858251139754171,0.8615356187741333,0.9798556214465416,0.96781696058641,1.736325174595768,0.3477551004203197,0.4950793904411014,1.1929163981727768,1.0446314151853062,0.8852459016393442,0.23393229102778976,0.24537344758149177,0.639804401740129,0.5356813091222621,0.6065573770491803,32.73073759520887
52,4,1.0858251139754171,0.8615356187741333,0.9798556214465416,0.96781696058641,1.736325174595768,0.34183149334694435,0.4974791168256193,1.1800444765449853,1.0125280116841935,0.8852459016393442,0.25259658626007164,0.27297877005864013,0.6828745792219095,0.563190770526569,0.6065573770491803,26.104940247943475
52,5,1.0858251139754171,0.8615356187741333,0.9798556214465416,0.96781696058641,1.736325174595768,0.3499999040993744,0.4995584416875401,1.193335514007238,1.0369344177219317,0.8852459016393442,0.25019564132363376,0.2599116727644136,0.6815429415906848,0.5539586477611067,0.6065573770491803,28.515511463512727
52,6,1.0858251139754171,0.8615356187741333,0.9798556214465416,0.96781696058641,1.736325174595768,0.33961918983171263,0.49089235417603955,1.1976033460926345,1.05441839605671,0.9016393442622951,0.26814706059606136,0.2826112596484636,0.6621363659519375,0.5818259867643777,0.5409836065573771,21.044785269956915
52,7,1.0858251139754171,0.8615356187741333,0.9798556214465416,0.96781696058641,1.736325174595768,0.33435251552903716,0.4957333957790848,1.2120397647193428,1.0575986100928305,0.8524590163934426,0.25968010842313827,0.2716594672615591,0.6574780232340842,0.5480117996324325,0.5573770491803278,22.33343660888769
52,8,1.0858251139754171,0.8615356187741333,0.9798556214465416,0.96781696058641,1.736325174595768,0.34916032438836825,0.498626616194107,1.2121123107876741,1.0453215991262441,0.8852459016393442,0.2396907054872493,0.2526845268832618,0.638408672601841,0.553707827335181,0.6065573770491803,31.35225031448784
52,9,1.0858251139754171,0.8615356187741333,0.9798556214465416,0.96781696058641,1.736325174595768,0.3490097298559636,0.49751244892692587,1.1892730587717608,1.0426777480273317,0.8852459016393442,0.2624563165990626,0.27500236347395357,0.6599041013458447,0.5746632131033949,0.5737704918032787,24.799713547419334
53,0,1.111289288010053,0.8425728947518843,0.910555197096242,1.0601551107451852,-1.5568081309679411,0.3762994349696761,0.5452545154578828,1.2972151473847404,1.1348781589561028,0.8688524590163934,0.2356887827358564,0.2504580885671234,0.5794955314827774,0.5042880002406932,0.5081967213114754,37.36669236432703
53,1,1.111289288010053,0.8425728947518843,0.910555197096242,1.0601551107451852,-1.5568081309679411,0.37154580502134565,0.545304807507179,1.3242753648340084,1.1367741076683917,0.8852459016393442,0.22822142585448257,0.23795854798476113,0.5576993470405469,0.4959715824103299,0.5901639344262295,38.57515741797407
53,2,1.111289288010053,0.8425728947518843,0.910555197096242,1.0601551107451852,-1.5568081309679411,0.38194476420680795,0.54994940661523,1.3261704683236673,1.132351311972211,0.8524590163934426,0.22837031055232374,0.23597534335894563,0.5554202196113494,0.49341411205541164,0.5573770491803278,40.208550567099735
53,3,1.111289288010053,0.8425728947518843,0.910555197096242,1.0601551107451852,-1.5568081309679411,0.3869115608934389,0.5473786747499922,1.3151943306713179,1.1579672204753295,0.8688524590163934,0.23108314804867558,0.24612783755830478,0.5618960714641759,0.47255137022317945,0.5737704918032787,40.274943577527466
53,4,1.111289288010053,0.8425728947518843,0.910555197096242,1.0601551107451852,-1.5568081309679411,0.38138095179898457,0.5467309340137997,1.3117024733361973,1.1294945724515841,0.8688524590163934,0.23052586898784388,0.24041677055733354,0.5745736350759998,0.4914427238573865,0.5737704918032787,39.55495996838674
53,5,1.111289288010053,0.8425728947518843,0.910555197096242,1.0601551107451852,-1.5568081309679411,0.37871349556148154,0.5520597245171608,1.3159887763771678,1.1400920243448456,0.8688524590163934,0.2280864119759971,0.23637943345813814,0.5697225233061403,0.5006268275160808,0.6065573770491803,39.773360429673716
53,6,1.111289288010053,0.8425728947518843,0.910555197096242,1.0601551107451852,-1.5568081309679411,0.38665096992310405,0.5561704273625467,1.361976521357846,1.1767689626748763,0.8852459016393442,0.21920411154794492,0.23341922370864,0.498852222409397,0.4388032395731202,0.4262295081967213,43.30698004157611
53,7,1.111289288010053,0.8425728947518843,0.910555197096242,1.0601551107451852,-1.5568081309679411,0.3658482500988193,0.5355964990238608,1.3229360431121293,1.1385441111848653,0.8688524590163934,0.2323405197210685,0.2417466277690617,0.5514691380414831,0.49081734243798114,0.5901639344262295,36.492652443106955
53,8,1.111289288010053,0.8425728947518843,0.910555197096242,1.0601551107451852,-1.5568081309679411,0.3945111058641555,0.5545892794866562,1.3209518299854182,1.1288399027641676,0.8524590163934426,0.22074244675070923,0.23305581557138613,0.5761165538510937,0.4923447075921075,0.5245901639344263,44.046582347235905
53,9,1.111289288010053,0.8425728947518843,0.910555197096242,1.0601551107451852,-1.5568081309679411,0.3803681305684386,0.547595731557549,1.3186328104868537,1.1475822790723584,0.8524590163934426,0.23070711382721792,0.24742893783570805,0.5603186174022596,0.4843362268250076,0.4262295081967213,39.3463607262682
54,0,0.9705048496684932,1.0099731256755242,1.099166436053911,1.0457454863864324,-1.125064363792965,0.06499280343410797,0.06416556285893929,0.3569372127548789,0.12574143827754938,0.9180327868852459,0.06499280343410797,0.06416556285893929,0.3569372127548789,0.12574143827754938,0.9180327868852459,0.0
54,1,0.9705048496684932,1.0099731256755242,1.099166436053911,1.0457454863864324,-1.125064363792965,0.05501822218016734,0.04472087725974452,0.25,0.08558026871837544,0.9344262295081968,0.05501822218016734,0.04472087725974452,0.25,0.08558026871837544,0.9344262295081968,0.0
54,2,0.9705048496684932,1.0099731256755242,1.099166436053911,1.0457454863864324,-1.125064363792965,0.055581538441559344,0.04541670747409879,0.25,0.0895699773226824,0.8852459016393442,0.055581538441559344,0.04541670747409879,0.25,0.0895699773226824,0.8852459016393442,0.0
54,3,0.9705048496684932,1.0099731256755242,1.099166436053911,1.0457454863864324,-1.125064363792965,0.059140371986405316,0.04990165691920103,0.25,0.09881665985364238,0.9016393442622951,0.059140371986405316,0.04990165691920103,0.25,0.09881665985364238,0.9016393442622951,0.0
54,4,0.9705048496684932,1.0099731256755242,1.099166436053911,1.0457454863864324,-1.125064363792965,0.06541107856985777,0.05518195305516638,0.25,0.10817360992686248,0.9508196721311475,0.06541107856985777,0.05518195305516638,0.25,0.10817360992686248,0.9508196721311475,0.0
54,5,0.9705048496684932,1.0099731256755242,1.099166436053911,1.0457454863864324,-1.125064363792965,0.05449597939930387,0.04899339992933583,0.25,0.09898966237421832,0.8524590163934426,0.05449597939930387,0.04899339992933583,0.25,0.09898966237421832,0.8524590163934426,0.0
54,6,0.9705048496684932,1.0099731256755242,1.099166436053911,1.0457454863864324,-1.125064363792965,0.061419493212088706,0.0481199844763616,0.25,0.08452247770847664,0.8524590163934426,0.061419493212088706,0.0481199844763616,0.25,0.08452247770847664,0.8524590163934426,0.0
54,7,0.9705048496684932,1.0099731256755242,1.099166436053911,1.0457454863864324,-1.125064363792965,0.05394798821584824,0.044214718406758065,0.25,0.09196490945533502,0.9180327868852459,0.05394798821584824,0.044214718406758065,0.25,0.09196490945533502,0.9180327868852459,0.0
54,8,0.9705048496684932,1.0099731256755242,1.099166436053911,1.0457454863864324,-1.125064363792965,0.055308626508882706,0.04401712152269438,0.25,0.08439141303281161,0.819672131147541,0.055308626508882706,0.04401712152269438,0.25,0.08439141303281161,0.819672131147541,0.0
54,9,0.9705048496684932,1.0099731256755242,1.099166436053911,1.0457454863864324,-1.125064363792965,0.06901168876428429,0.055942326458028616,0.25,0.10947899251171696,0.9016393442622951,0.06901168876428429,0.055942326458028616,0.25,0.10947899251171696,0.9016393442622951,0.0
55,0,1.0074926612005617,1.0735620380095487,1.2430679785483414,1.1027033532925363,2.9834077215173678,0.36787309746163266,0.4770142397075758,1.0514842083002307,0.9159626489375087,0.9344262295081968,0.22412234063972816,0.2676958282386692,0.8386994333474149,0.6446024602274634,0.6229508196721312,39.076180838936445
55,1,1.0074926612005617,1.0735620380095487,1.2430679785483414,1.1027033532925363,2.9834077215173678,0.3616363415280638,0.48495552573876766,1.1130022078254953,0.9606229615865332,0.9180327868852459,0.20330292263826608,0.23826172601290568,0.6115298085690029,0.5311080890411363,0.6885245901639344,43.78249658780786
55,2,1.0074926612005617,1.0735620380095487,1.2430679785483414,1.1027033532925363,2.9834077215173678,0.3596580001992195,0.4683753454125072,1.0656430618585304,0.9342575256616247,0.9016393442622951,0.2343365827535434,0.2730547002304667,0.8072118030209907,0.6212300699202501,0.6885245901639344,34.84460720358197
55,3,1.0074926612005617,1.0735620380095487,1.2430679785483414,1.1027033532925363,2.9834077215173678,0.36420895382757873,0.4762800972477798,1.141132979347823,0.9693020669852601,0.9344262295081968,0.2171876537364692,0.25918631362539585,0.6144153158353021,0.5198013534912207,0.6229508196721312,40.3672942540318
55,4,1.0074926612005617,1.0735620380095487,1.2430679785483414,1.1027033532925363,2.9834077215173678,0.3701785792623078,0.4821734066917376,1.1112682419879647,0.9603077767162574,0.9180327868852459,0.2560395003998014,0.29389011659248826,0.7547402463295754,0.6560232748609068,0.5245901639344263,30.83351799824908
55,5,1.0074926612005617,1.0735620380095487,1.2430679785483414,1.1027033532925363,2.9834077215173678,0.3722137520042187,0.48679941136953964,1.1335572881437486,0.9748166280754903,0.9344262295081968,0.18842884815467134,0.21785441181997967,0.6634952066357016,0.4679104016342578,0.7540983606557377,49.37617239017658
55,6,1.0074926612005617,1.0735620380095487,1.2430679785483414,1.1027033532925363,2.9834077215173678,0.37784874479576497,0.4923805700547809,1.124118640070094,0.9831422048841336,0.9180327868852459,0.16452046328880246,0.1969347261072364,0.5774536903345506,0.3808427649316002,0.7377049180327869,56.45864501211214
55,7,1.0074926612005617,1.0735620380095487,1.2430679785483414,1.1027033532925363,2.9834077215173678,0.369485062887348,0.47841319050687797,1.1111915118950648,0.954168178790711,0.8688524590163934,0.20779745237796232,0.24285150257508525,0.734318065088182,0.5343458043929474,0.639344262295082,43.76025629990961
55,8,1.0074926612005617,1.0735620380095487,1.2430679785483414,1.1027033532925363,2.9834077215173678,0.36278398990628075,0.4804406771159356,1.108688557471467,0.9689450262436552,0.9344262295081968,0.23026232981541458,0.2597553315512898,0.7651507085036684,0.6207395666302318,0.7049180327868853,36.52908170647248
55,9,1.0074926612005617,1.0735620380095487,1.2430679785483414,1.1027033532925363,2.9834077215173678,0.36772645338390175,0.4806835528474804,1.1074957705858992,0.9683172424444194,0.9180327868852459,0.25292699374868677,0.2936469225947379,0.7536503065548672,0.6527530797592165,0.6065573770491803,31.21871124005479
56,0,0.9511296823251644,0.9292413032002292,1.1763173023876856,0.8966987622992938,1.1421245257730686,0.0660337245898259,0.05229948339368344,0.25,0.08856470373799966,0.9344262295081968,0.0660337245898259,0.05229948339368344,0.25,0.08856470373799966,0.9344262295081968,0.0
56,1,0.9511296823251644,0.9292413032002292,1.1763173023876856,0.8966987622992938,1.1421245257730686,0.06263989724780435,0.056079500986162704,0.31997046295112597,0.10446286188850425,0.8852459016393442,0.06263989724780435,0.056079500986162704,0.31997046295112597,0.10446286188850425,0.8852459016393442,0.0
56,2,0.9511296823251644,0.9292413032002292,1.1763173023876856,0.8966987622992938,1.1421245257730686,0.05728286908401663,0.05118409083750672,0.25,0.09953479721315973,0.8524590163934426,0.05728286908401663,0.05118409083750672,0.25,0.09953479721315973,0.8524590163934426,0.0
56,3,0.9511296823251644,0.9292413032002292,1.1763173023876856,0.8966987622992938,1.1421245257730686,0.07026839554803016,0.05494988430626756,0.25,0.10852141592517629,0.8852459016393442,0.07026839554803016,0.05494988430626756,0.25,0.10852141592517629,0.8852459016393442,0.0
56,4,0.9511296823251644,0.9292413032002292,1.1763173023876856,0.8966987622992938,1.1421245257730686,0.05674681272552498,0.047682966094116944,0.25,0.09057811380320402,0.9180327868852459,0.05674681272552498,0.047682966094116944,0.25,0.09057811380320402,0.9180327868852459,0.0
56,5,0.9511296823251644,0.9292413032002292,1.1763173023876856,0.8966987622992938,1.1421245257730686,0.05675803218666462,0.05215588918212731,0.25,0.09788339514525293,0.9016393442622951,0.05675803218666462,0.05215588918212731,0.25,0.09788339514525293,0.9016393442622951,0.0
56,6,0.9511296823251644,0.9292413032002292,1.1763173023876856,0.8966987622992938,1.1421245257730686,0.07035608694604381,0.051913404239901664,0.25,0.102248268963983,0.9180327868852459,0.07035608694604381,0.051913404239901664,0.25,0.102248268963983,0.9180327868852459,0.0
56,7,0.9511296823251644,0.9292413032002292,1.1763173023876856,0.8966987622992938,1.1421245257730686,0.07012591094080206,0.06370241502268358,0.25,0.11483164672738441,0.9180327868852459,0.07012591094080206,0.06370241502268358,0.25,0.11483164672738441,0.9180327868852459,0.0
56,8,0.9511296823251644,0.9292413032002292,1.1763173023876856,0.8966987622992938,1.1421245257730686,0.06458302622958728,0.05957319888076495,0.25,0.1075547182585723,0.9180327868852459,0.06458302622958728,0.05957319888076495,0.25,0.1075547182585723,0.9180327868852459,0.0
56,9,0.9511296823251644,0.9292413032002292,1.1763173023876856,0.8966987622992938,1.1421245257730686,0.07480690892923579,0.0551439082407859,0.25,0.10155532101738346,0.9672131147540983,0.07480690892923579,0.0551439082407859,0.25,0.10155532101738346,0.9672131147540983,0.0
57,0,1.0950342923914924,0.9028552966642502,0.8703427038143385,0.9352395577252108,1.96106327863178,0.214448377326883,0.29860746210125605,0.7169822038995335,0.6161590705947518,0.8688524590163934,0.20218876603983332,0.27446736884919626,0.6359806569143842,0.5549050813178781,0.8688524590163934,5.716812334915633
57,1,1.0950342923914924,0.9028552966642502,0.8703427038143385,0.9352395577252108,1.96106327863178,0.1843655726585922,0.2754855642474802,0.6922369670379496,0.5638938515935124,0.8688524590163934,0.16969513418425078,0.2470016319379166,0.610592696753109,0.5037063445126109,0.8524590163934426,7.957254851212432
57,2,1.0950342923914924,0.9028552966642502,0.8703427038143385,0.9352395577252108,1.96106327863178,0.19306964221619458,0.28631590694519315,0.6842409199876442,0.5775776845458396,0.8852459016393442,0.1789418822811287,0.25319834520899615,0.6025739116490669,0.5164635184269699,0.8852459016393442,7.317442438333191
57,3,1.0950342923914924,0.9028552966642502,0.8703427038143385,0.9352395577252108,1.96106327863178,0.19704950857997014,0.2877747128548027,0.6965234551378288,0.5809488203577148,0.8852459016393442,0.1839632710563606,0.2619532128239217,0.6166135955016543,0.5166300140423403,0.8852459016393442,6.641091174454087
57,4,1.0950342923914924,0.9028552966642502,0.8703427038143385,0.9352395577252108,1.96106327863178,0.2045221436141192,0.2966491752197269,0.7029561608140611,0.6048139554283453,0.9016393442622951,0.19231322013638402,0.2715910690091335,0.6231578832886342,0.5445454210915659,0.9016393442622951,5.969487343517323
57,5,1.0950342923914924,0.9028552966642502,0.8703427038143385,0.9352395577252108,1.96106327863178,0.19596074254913382,0.28163555197276485,0.7035385876275555,0.6081260055293343,0.8852459016393442,0.18024366824422358,0.2539023551701582,0.6244904039990402,0.5376975427877838,0.8688524590163934,8.020521917020927
57,6,1.0950342923914924,0.9028552966642502,0.8703427038143385,0.9352395577252108,1.96106327863178,0.2000637331325484,0.29069952919908726,0.7051400553839144,0.6118328505687401,0.8852459016393442,0.18380765250314676,0.26439602573667015,0.6292600414477718,0.5398674623777198,0.8688524590163934,8.125451012468858
57,7,1.0950342923914924,0.9028552966642502,0.8703427038143385,0.9352395577252108,1.96106327863178,0.18171756516589216,0.2811439830784618,0.6730231842535801,0.5873814938741034,0.9016393442622951,0.16999956441797667,0.2565898474759356,0.5924603291948145,0.5207037678991143,0.9016393442622951,6.448468939817668
57,8,1.0950342923914924,0.9028552966642502,0.8703427038143385,0.9352395577252108,1.96106327863178,0.19184454602751166,0.2783467498435948,0.6813111167150936,0.5909077987813718,0.8524590163934426,0.17998290126033528,0.2559599972206443,0.6010388038133385,0.5205389932110009,0.8524590163934426,6.1829460429254794
57,9,1.0950342923914924,0.9028552966642502,0.8703427038143385,0.9352395577252108,1.96106327863178,0.20360879786766403,0.2873853497790411,0.7101463346499131,0.5959494570055285,0.9016393442622951,0.18350588925605588,0.25035383848090137,0.6228438720742204,0.5283846811280455,0.8852459016393442,9.873300575485978
58,0,0.9583785101039074,0.7655413427611362,1.0592208805609684,0.9654977560005102,4.783877372719115,0.8379778086300459,1.1705717816833514,2.775354023007523,2.418080347871545,0.9016393442622951,0.21394841871067782,0.2875340259968721,0.648914706068858,0.5571270630170901,0.8852459016393442,74.46848633611816
58,1,0.9583785101039074,0.7655413427611362,1.0592208805609684,0.9654977560005102,4.783877372719115,0.8396529832364972,1.169280119238361,2.7397234187945045,2.3827240365973554,0.8688524590163934,0.21904308761831282,0.28756719534428654,0.6137245059752274,0.5339989134737623,0.8524590163934426,73.91266487567317
58,2,0.9583785101039074,0.7655413427611362,1.0592208805609684,0.9654977560005102,4.783877372719115,0.8513063481335343,1.1761741764440345,2.772796580637575,2.424539706529538,0.8852459016393442,0.22619831877194937,0.2920171584270429,0.6455231599057001,0.5634210856899202,0.8688524590163934,73.42926911471024
58,3,0.9583785101039074,0.7655413427611362,1.0592208805609684,0.9654977560005102,4.783877372719115,0.8518738338541698,1.1714433546741692,2.7659784504251803,2.4056839594555997,0.8852459016393442,0.2300296687616146,0.28935178609222456,0.6383731201663068,0.5450636396144959,0.8852459016393442,72.99721395116912
58,4,0.9583785101039074,0.7655413427611362,1.0592208805609684,0.9654977560005102,4.783877372719115,0.8433408933168044,1.176181213731632,2.759599867788509,2.4391633014830947,0.8852459016393442,0.22341372074979488,0.2945664244748229,0.636455375593016,0.5630123713914827,0.8688524590163934,73.50849193721373
58,5,0.9583785101039074,0.7655413427611362,1.0592208805609684,0.9654977560005102,4.783877372719115,0.8522587238192627,1.1756324262775526,2.776844944945971,2.443992135098144,0.8852459016393442,0.22812055264624786,0.2918210819509086,0.6554876675751515,0.5696864252258692,0.8688524590163934,73.23341536194998
58,6,0.9583785101039074,0.7655413427611362,1.0592208805609684,0.9654977560005102,4.783877372719115,0.8523542998824774,1.176629468210324,2.7721142420470812,2.4343912413886533,0.8852459016393442,0.22734671739736786,0.291680348958611,0.6454275610927169,0.5712629160432627,0.8852459016393442,73.32720472827855
58,7,0.9583785101039074,0.7655413427611362,1.0592208805609684,0.9654977560005102,4.783877372719115,0.8370751978490429,1.165735272289089,2.742366573422551,2.4120558765305793,0.8852459016393442,0.21551108898799035,0.2825306764447774,0.6238478990981164,0.5390483013367557,0.8688524590163934,74.25427374484755
58,8,0.9583785101039074,0.7655413427611362,1.0592208805609684,0.9654977560005102,4.783877372719115,0.8650159936189286,1.1936726240338236,2.791376218953154,2.450272079061783,0.8688524590163934,0.23982427287405153,0.3101820911781423,0.6924459588753393,0.5916182061495618,0.8852459016393442,72.27516315961864
58,9,0.9583785101039074,0.7655413427611362,1.0592208805609684,0.9654977560005102,4.783877372719115,0.8527810813307357,1.1797494745183406,2.7734981329190447,2.429841782190863,0.8852459016393442,0.22976649006408056,0.29680440286409926,0.6496647925063996,0.5671649490187747,0.8524590163934426,73.05680260805765
59,0,0.8735617831374363,1.1485422112659665,0.8408997381424089,0.8645871872823754,2.281020649080812,0.4986916063978928,0.541093182955172,1.2148522668465915,1.0370830316092496,0.3114754098360656,0.08590139726965816,0.1046537397653774,0.32062615278839246,0.18044667516438437,0.8032786885245902,82.77464545871668
59,1,0.8735617831374363,1.1485422112659665,0.8408997381424089,0.8645871872823754,2.281020649080812,0.49768033812013257,0.5375779132392313,1.2375155994757137,1.05414966074526,0.26229508196721313,0.0875496661822902,0.10485315728629774,0.34313513514243965,0.19667334785602159,0.8032786885245902,82.40845388568334
59,2,0.8735617831374363,1.1485422112659665,0.8408997381424089,0.8645871872823754,2.281020649080812,0.5001376010761978,0.5431828473225527,1.2483596782403268,1.066529499769122,0.26229508196721313,0.0900726705678298,0.1083485417648324,0.3153137267386512,0.19728065755194424,0.7868852459016393,81.99042216101905
59,3,0.8735617831374363,1.1485422112659665,0.8408997381424089,0.8645871872823754,2.281020649080812,0.48390055928542897,0.5296546936396714,1.2240375997850848,1.0507236005278018,0.22950819672131148,0.0730136843863906,0.08652420121625948,0.25,0.15596262620011886,0.8032786885245902,84.91142798135857
59,4,0.8735617831374363,1.1485422112659665,0.8408997381424089,0.8645871872823754,2.281020649080812,0.4925104436405224,0.5317384944521951,1.2209251524915388,1.0588516453742756,0.2786885245901639,0.07690658168316869,0.08742567410185151,0.25,0.1522594837833694,0.7540983606557377,84.38478154601287
59,5,0.8735617831374363,1.1485422112659665,0.8408997381424089,0.8645871872823754,2.281020649080812,0.518315223357181,0.5653818575602769,1.272231792229654,1.1121547547818906,0.22950819672131148,0.07476565781081385,0.11552420950058007,0.2766935109537272,0.21019349181511163,0.8524590163934426,85.57525335131989
59,6,0.8735617831374363,1.1485422112659665,0.8408997381424089,0.8645871872823754,2.281020649080812,0.5046577664907751,0.5502831984924695,1.2602305682177715,1.09646368333419,0.26229508196721313,0.06812664797692472,0.10357136698101872,0.3458276165981431,0.1924133352850575,0.8032786885245902,86.50042613023572
59,7,0.8735617831374363,1.1485422112659665,0.8408997381424089,0.8645871872823754,2.281020649080812,0.502770027296721,0.5429065128552564,1.2674168493303952,1.0910038266086532,0.2786885245901639,0.08864075215406526,0.10273641354763005,0.334602755890991,0.20500303667097206,0.8032786885245902,82.3695233722133
59,8,0.8735617831374363,1.1485422112659665,0.8408997381424089,0.8645871872823754,2.281020649080812,0.49721463431109864,0.5399237697093514,1.2328525729876532,1.0512217426055075,0.22950819672131148,0.0702338583262659,0.09316370976389954,0.25,0.1598211451433585,0.7868852459016393,85.87453918696976
59,9,0.8735617831374363,1.1485422112659665,0.8408997381424089,0.8645871872823754,2.281020649080812,0.49762592474189193,0.5415576760162136,1.2432027854347965,1.0787921551721111,0.29508196721311475,0.07820360719255494,0.09532136132360997,0.263406428169084,0.16791520494825682,0.7540983606557377,84.28465976061888
60,0,1.0701178393751274,1.1278273396151677,0.8334079631578675,0.9743155576192046,4.019869701112751,0.08483767608935679,0.08883436350572396,0.28485278642602907,0.16622212010010035,0.8360655737704918,0.08483767608935679,0.08883436350572396,0.28485278642602907,0.16622212010010035,0.8360655737704918,0.0
60,1,1.0701178393751274,1.1278273396151677,0.8334079631578675,0.9743155576192046,4.019869701112751,0.09753846762018176,0.09809837300124975,0.25,0.18526385218438435,0.9180327868852459,0.09753846762018176,0.09809837300124975,0.25,0.18526385218438435,0.9180327868852459,0.0
60,2,1.0701178393751274,1.1278273396151677,0.8334079631578675,0.9743155576192046,4.019869701112751,0.08886971005503572,0.08227744925733323,0.2768354912655795,0.16705405965600023,0.8852459016393442,0.08884468468653227,0.08222064201650904,0.2768354912655795,0.16705405965600023,0.8852459016393442,0.028159615337948214
60,3,1.0701178393751274,1.1278273396151677,0.8334079631578675,0.9743155576192046,4.019869701112751,0.08726355303758265,0.08595365811400488,0.25,0.18844534607023605,0.8688524590163934,0.08726355303758265,0.08595365811400488,0.25,0.18844534607023605,0.8688524590163934,0.0
60,4,1.0701178393751274,1.1278273396151677,0.8334079631578675,0.9743155576192046,4.019869701112751,0.0829164750621169,0.08428188262006465,0.28952405612907484,0.17097048689437175,0.8688524590163934,0.0829164750621169,0.08428188262006465,0.28952405612907484,0.17097048689437175,0.8688524590163934,0.0
60,5,1.0701178393751274,1.1278273396151677,0.8334079631578675,0.9743155576192046,4.019869701112751,0.07773685611061788,0.08678351782206167,0.25,0.17929545371638084,0.8852459016393442,0.07766344204506359,0.08659846473917622,0.25,0.17929545371638084,0.8852459016393442,0.09443920069243002
60,6,1.0701178393751274,1.1278273396151677,0.8334079631578675,0.9743155576192046,4.019869701112751,0.08570335916358236,0.08936334898112887,0.2671266463679913,0.18978555426150767,0.8688524590163934,0.08570335916358236,0.08936334898112887,0.2671266463679913,0.18978555426150767,0.8688524590163934,0.0
60,7,1.0701178393751274,1.1278273396151677,0.8334079631578675,0.9743155576192046,4.019869701112751,0.07726042714722949,0.08349400078163881,0.25689459660279823,0.14413830045610612,0.8688524590163934,0.0771806597403688,0.08310108976340207,0.25689459660279823,0.14413830045610612,0.8688524590163934,0.10324484319595031
60,8,1.0701178393751274,1.1278273396151677,0.8334079631578675,0.9743155576192046,4.019869701112751,0.07551319014369093,0.07763136050637867,0.25,0.16217830785793272,0.9180327868852459,0.07561359867542855,0.0766486771254297,0.25,0.1621770586958761,0.9180327868852459,-0.1329682027028115
60,9,1.0701178393751274,1.1278273396151677,0.8334079631578675,0.9743155576192046,4.019869701112751,0.08047665449683439,0.08272133434688318,0.25,0.15130869974584443,0.8688524590163934,0.08049933131027029,0.08218753855582886,0.25,0.15130869974584443,0.8688524590163934,-0.028178126411546135
61,0,0.910221505450673,1.011139058058408,0.8748591928020248,0.9000990375601987,0.0412051282076091,0.3462719590653242,0.37441730341528845,0.8815909951010141,0.7619692056320362,0.4426229508196721,0.11764065129879965,0.12947467575215044,0.25949693172491806,0.22772531348878716,0.9508196721311475,66.02651522336906
61,1,0.910221505450673,1.011139058058408,0.8748591928020248,0.9000990375601987,0.0412051282076091,0.32474113360395596,0.35804453559215627,0.862378842645299,0.7389072976063717,0.3770491803278688,0.11751973253073701,0.12627389463229516,0.25228129337553185,0.22494507665275307,0.9180327868852459,63.811257531033824
61,2,0.910221505450673,1.011139058058408,0.8748591928020248,0.9000990375601987,0.0412051282076091,0.34922749752465926,0.37841738212612624,0.8895907895744415,0.761029891171745,0.45901639344262296,0.09886015169959564,0.11901202050118379,0.25,0.22424192919341834,0.8852459016393442,71.69176184569628
61,3,0.910221505450673,1.011139058058408,0.8748591928020248,0.9000990375601987,0.0412051282076091,0.34713642027635466,0.3776521780490433,0.8398661517975796,0.74678936438998,0.4098360655737705,0.10596796958949022,0.11393779168866988,0.2800825624728418,0.22212824022868322,0.9180327868852459,69.47368141172588
61,4,0.910221505450673,1.011139058058408,0.8748591928020248,0.9000990375601987,0.0412051282076091,0.34424491679560176,0.37585285877488134,0.8766184249886209,0.7559502864008224,0.4098360655737705,0.11399964933698885,0.1256424489157665,0.26091628634695496,0.24019625770573186,0.8688524590163934,66.88414446372869
61,5,0.910221505450673,1.011139058058408,0.8748591928020248,0.9000990375601987,0.0412051282076091,0.34442510120118874,0.37295320307322183,0.8644566132245188,0.7313211959887426,0.4426229508196721,0.12587748817798594,0.12979369647444675,0.2698232731209842,0.23514907106995367,0.9344262295081968,63.45287038053094
61,6,0.910221505450673,1.011139058058408,0.8748591928020248,0.9000990375601987,0.0412051282076091,0.34842440977128375,0.3795912965772328,0.893686321875613,0.7625265023953661,0.4426229508196721,0.11420989991865535,0.11778813582431043,0.251981466468834,0.21463173859277165,0.9180327868852459,67.22103942326368
61,7,0.910221505450673,1.011139058058408,0.8748591928020248,0.9000990375601987,0.0412051282076091,0.3316209740391653,0.3620977498167916,0.8415942868255968,0.7368872399624878,0.39344262295081966,0.12538111215879483,0.1296840661492097,0.27685233612877624,0.22901046501227285,0.8852459016393442,62.19144083932792
61,8,0.910221505450673,1.011139058058408,0.8748591928020248,0.9000990375601987,0.0412051282076091,0.3436368087720382,0.3745117882219445,0.8789254239196325,0.7580398229833251,0.4098360655737705,0.10436653701277737,0.1146961123808432,0.25,0.2031789827819353,0.9344262295081968,69.62882486724173
61,9,0.910221505450673,1.011139058058408,0.8748591928020248,0.9000990375601987,0.0412051282076091,0.33397338012331285,0.3714557934781225,0.8732280433505792,0.7464539417085364,0.32786885245901637,0.11297501053228251,0.11960045611762014,0.25,0.22153872465089536,0.8852459016393442,66.17245048375747
62,0,1.0290210071605972,0.8888522526406449,0.9138738166505344,1.0211343059061435,0.727329437781735,0.3677928160021575,0.5095106835781663,1.1863401482377824,1.0373433723494614,0.8360655737704918,0.23501208866346587,0.2583224766769952,0.681899693781375,0.5780443201707811,0.5573770491803278,36.102044836545346
62,1,1.0290210071605972,0.8888522526406449,0.9138738166505344,1.0211343059061435,0.727329437781735,0.37092527715191986,0.5120200984452449,1.2007468002190294,1.0598148542610573,0.819672131147541,0.23981522292417234,0.2598357061586387,0.6562029711576116,0.5552846978192861,0.6065573770491803,35.346756423409985
62,2,1.0290210071605972,0.8888522526406449,0.9138738166505344,1.0211343059061435,0.727329437781735,0.34855592189322765,0.49585233395917533,1.1840476290972646,1.0133856372569467,0.8688524590163934,0.2665079728123893,0.2874840341042937,0.6810025021248336,0.593494346478775,0.5737704918032787,23.539393229982736
62,3,1.0290210071605972,0.8888522526406449,0.9138738166505344,1.0211343059061435,0.727329437781735,0.376812498888753,0.5153710227517335,1.183077177473372,1.0421714001776252,0.8852459016393442,0.21389475172660014,0.23327067439121538,0.6805359525060624,0.5685791455672176,0.6557377049180327,43.235759865346544
62,4,1.0290210071605972,0.8888522526406449,0.9138738166505344,1.0211343059061435,0.727329437781735,0.3491563234559072,0.4905137685917005,1.1823105023057607,1.0216676889503489,0.8688524590163934,0.2672929043079471,0.28587817424498047,0.6752573340373402,0.5976967258984189,0.5737704918032787,23.446065171521408
62,5,1.0290210071605972,0.8888522526406449,0.9138738166505344,1.0211343059061435,0.727329437781735,0.35651592079207495,0.5034599126005728,1.186871508634269,1.0259780846418167,0.8688524590163934,0.24917802706882863,0.26965218565515114,0.682257323136966,0.5996679542436055,0.5737704918032787,30.107461536296235
62,6,1.0290210071605972,0.8888522526406449,0.9138738166505344,1.0211343059061435,0.727329437781735,0.35265786068679583,0.49844721364790295,1.189803918915949,1.0416734690814777,0.8360655737704918,0.25054300179960726,0.2672651155885768,0.6654073091972705,0.5696766776131866,0.6229508196721312,28.95578697390197
62,7,1.0290210071605972,0.8888522526406449,0.9138738166505344,1.0211343059061435,0.727329437781735,0.36663563400686383,0.5050732447179174,1.2019237388495085,1.0346337872944347,0.8688524590163934,0.21142919128292287,0.24072846958569893,0.6085820945444667,0.48372477494785227,0.5409836065573771,42.33261263443785
62,8,1.0290210071605972,0.8888522526406449,0.9138738166505344,1.0211343059061435,0.727329437781735,0.3520998919415987,0.4987244508374252,1.1720928908738273,1.0315696641254037,0.8688524590163934,0.1858512067253515,0.20626942243494287,0.6147515902301635,0.4396321079624701,0.7540983606557377,47.216340879713236
62,9,1.0290210071605972,0.8888522526406449,0.9138738166505344,1.0211343059061435,0.727329437781735,0.3714285475666286,0.5093525093709537,1.1947050036675222,1.048332130346303,0.8852459016393442,0.21258168365029792,0.23582909440041974,0.6558295995313799,0.5215005031493166,0.6065573770491803,42.76646610956471
63,0,0.9848716437147348,0.9208359175136664,0.9484029751433414,0.8504378976869585,2.1526681230598568,0.07126407010004783,0.06136633198435123,0.25,0.12207025849071443,0.8688524590163934,0.07126407010004783,0.06136633198435123,0.25,0.12207025849071443,0.8688524590163934,0.0
63,1,0.9848716437147348,0.9208359175136664,0.9484029751433414,0.8504378976869585,2.1526681230598568,0.07294505302926815,0.06271831976665473,0.25,0.13108583789284015,0.8688524590163934,0.07294505302926815,0.06271831976665473,0.25,0.13108583789284015,0.8688524590163934,0.0
63,2,0.9848716437147348,0.9208359175136664,0.9484029751433414,0.8504378976869585,2.1526681230598568,0.06695924124746722,0.057288634442702865,0.25,0.11663187776516824,0.8688524590163934,0.06695924124746722,0.057288634442702865,0.25,0.11663187776516824,0.8688524590163934,0.0
63,3,0.9848716437147348,0.9208359175136664,0.9484029751433414,0.8504378976869585,2.1526681230598568,0.07194264922402403,0.06017253343214891,0.25,0.10831131569744629,0.8688524590163934,0.07194264922402403,0.06017253343214891,0.25,0.10831131569744629,0.8688524590163934,0.0
63,4,0.9848716437147348,0.9208359175136664,0.9484029751433414,0.8504378976869585,2.1526681230598568,0.0637660159908802,0.05736005655809302,0.25,0.10270518806950407,0.8688524590163934,0.0637660159908802,0.05736005655809302,0.25,0.10270518806950407,0.8688524590163934,0.0
63,5,0.9848716437147348,0.9208359175136664,0.9484029751433414,0.8504378976869585,2.1526681230598568,0.07157753697032056,0.06079817722835007,0.25,0.11813581702796941,0.8032786885245902,0.07157753697032056,0.06079817722835007,0.25,0.11813581702796941,0.8032786885245902,0.0
63,6,0.9848716437147348,0.9208359175136664,0.9484029751433414,0.8504378976869585,2.1526681230598568,0.07833041980403167,0.06727209516356268,0.25,0.13458877550367856,0.8688524590163934,0.07833041980403167,0.06727209516356268,0.25,0.13458877550367856,0.8688524590163934,0.0
63,7,0.9848716437147348,0.9208359175136664,0.9484029751433414,0.8504378976869585,2.1526681230598568,0.07121240170047126,0.06072110069315446,0.25,0.11333109622468528,0.8852459016393442,0.07121240170047126,0.06072110069315446,0.25,0.11333109622468528,0.8852459016393442,0.0
63,8,0.9848716437147348,0.9208359175136664,0.9484029751433414,0.8504378976869585,2.1526681230598568,0.06967008144195426,0.0602090361806343,0.25,0.12067490637122379,0.9016393442622951,0.06967008144195426,0.0602090361806343,0.25,0.12067490637122379,0.9016393442622951,0.0
63,9,0.9848716437147348,0.9208359175136664,0.9484029751433414,0.8504378976869585,2.1526681230598568,0.07854701411686286,0.07036293788336598,0.25,0.1350418423507748,0.8524590163934426,0.07854701411686286,0.07036293788336598,0.25,0.1350418423507748,0.8524590163934426,0.0
64,0,1.0487781444390072,1.1085491652527766,1.15379479642169,1.1154932158460262,-1.8752586905476936,0.12748089508312946,0.14931112285212614,0.3398718726087182,0.28307218691837194,0.7213114754098361,0.12478143941815692,0.14605176223135008,0.3508269730768703,0.28933416647137034,0.7540983606557377,2.1175374264608364
64,1,1.0487781444390072,1.1085491652527766,1.15379479642169,1.1154932158460262,-1.8752586905476936,0.13492160796318312,0.15313169056136852,0.3162358133754992,0.27480170812643656,0.7213114754098361,0.12965551179226528,0.1470617843956319,0.3141694637881898,0.2734022754316641,0.7704918032786885,3.903078424884193
64,2,1.0487781444390072,1.1085491652527766,1.15379479642169,1.1154932158460262,-1.8752586905476936,0.14185469798609945,0.17064967560575098,0.35620835200423784,0.29795827589932744,0.7540983606557377,0.13991389271140448,0.17030821494565784,0.36563632060761364,0.3039986617553538,0.7540983606557377,1.368164256981578
64,3,1.0487781444390072,1.1085491652527766,1.15379479642169,1.1154932158460262,-1.8752586905476936,0.12246957033814194,0.14051260277614958,0.31433391610283934,0.25942082179100795,0.6885245901639344,0.12004037483998492,0.13633437492766903,0.3211547903793175,0.2640395115586273,0.6885245901639344,1.9835094476529536
64,4,1.0487781444390072,1.1085491652527766,1.15379479642169,1.1154932158460262,-1.8752586905476936,0.1379097024390167,0.16074513750520317,0.31328778116049705,0.2686307907652477,0.7377049180327869,0.13751092704032836,0.16160084294072868,0.3219193700454781,0.2717858161750627,0.7377049180327869,0.28915688427700553
64,5,1.0487781444390072,1.1085491652527766,1.15379479642169,1.1154932158460262,-1.8752586905476936,0.13151323220329772,0.15458794337393117,0.3335234621480154,0.28682829996844106,0.7213114754098361,0.13090826893952678,0.15532029697719044,0.34267546436495167,0.29258243080843016,0.7213114754098361,0.46000182159295
64,6,1.0487781444390072,1.1085491652527766,1.15379479642169,1.1154932158460262,-1.8752586905476936,0.12117136007186541,0.14491770591639938,0.3419057949354567,0.28590442356920537,0.7868852459016393,0.12079622146368851,0.1445909456878791,0.36131591977974153,0.29389972576897355,0.7704918032786885,0.3095934616516677
64,7,1.0487781444390072,1.1085491652527766,1.15379479642169,1.1154932158460262,-1.8752586905476936,0.13841213814413392,0.1567344513653423,0.33015245221606904,0.2867174441381707,0.7049180327868853,0.12687543829218256,0.14552245005520204,0.34422790015922544,0.260181887835769,0.7213114754098361,8.335034778480008
64,8,1.0487781444390072,1.1085491652527766,1.15379479642169,1.1154932158460262,-1.8752586905476936,0.12062439479118073,0.14455055806410708,0.30800129952550037,0.2641156028754552,0.6885245901639344,0.11583553868543467,0.13774602023983387,0.32225064374733847,0.27208438073450636,0.7049180327868853,3.9700560687050914
64,9,1.0487781444390072,1.1085491652527766,1.15379479642169,1.1154932158460262,-1.8752586905476936,0.13717538364262993,0.16620208789500932,0.3754688122144856,0.3163832822489979,0.7049180327868853,0.1360179818678655,0.16607661800416476,0.38899370464648797,0.3196508954020459,0.7049180327868853,0.8437386825756515
65,0,1.1386772002502374,0.8520270680762568,1.0480911380884872,0.8740399007902979,-0.5444475463621741,0.09190278801226681,0.08004405126529979,0.25,0.16442974027715992,0.819672131147541,0.08745676251127162,0.07694071364260005,0.25,0.14875001605874305,0.819672131147541,4.837748230664949
65,1,1.1386772002502374,0.8520270680762568,1.0480911380884872,0.8740399007902979,-0.5444475463621741,0.0958929000374126,0.08051594541129332,0.25301574763633283,0.1655081880353322,0.8852459016393442,0.09513608890771856,0.08011961191286793,0.25301574763633283,0.1655081880353322,0.8852459016393442,0.789225406050681
65,2,1.1386772002502374,0.8520270680762568,1.0480911380884872,0.8740399007902979,-0.5444475463621741,0.07918158029970826,0.06382808527684886,0.25,0.12293320761386044,0.9016393442622951,0.07918158029970826,0.06382808527684886,0.25,0.12293320761386044,0.9016393442622951,0.0
65,3,1.1386772002502374,0.8520270680762568,1.0480911380884872,0.8740399007902979,-0.5444475463621741,0.07549466986360612,0.0610114073623662,0.25,0.125,0.8688524590163934,0.07558910131764764,0.061018364884608475,0.25,0.12443801333446348,0.8524590163934426,-0.1250836041963294
65,4,1.1386772002502374,0.8520270680762568,1.0480911380884872,0.8740399007902979,-0.5444475463621741,0.09931663735180203,0.0814029171749214,0.2519463287171533,0.1517736666116477,0.8524590163934426,0.09931663735180203,0.0814029171749214,0.2519463287171533,0.1517736666116477,0.8524590163934426,0.0
65,5,1.1386772002502374,0.8520270680762568,1.0480911380884872,0.8740399007902979,-0.5444475463621741,0.10310985209888963,0.08074917963202825,0.25,0.1615586347279475,0.8688524590163934,0.10310985209888963,0.08074917963202825,0.25,0.1615586347279475,0.8688524590163934,0.0
65,6,1.1386772002502374,0.8520270680762568,1.0480911380884872,0.8740399007902979,-0.5444475463621741,0.09093738339978567,0.074516157083723,0.26092932235690114,0.1526963261113693,0.819672131147541,0.09093738339978567,0.074516157083723,0.26092932235690114,0.1526963261113693,0.819672131147541,0.0
65,7,1.1386772002502374,0.8520270680762568,1.0480911380884872,0.8740399007902979,-0.5444475463621741,0.08504462650997761,0.06528885943544677,0.25,0.13203125890571385,0.8360655737704918,0.08423100980272658,0.06547263843423125,0.25,0.13203125890571385,0.819672131147541,0.9566938449139799
65,8,1.1386772002502374,0.8520270680762568,1.0480911380884872,0.8740399007902979,-0.5444475463621741,0.08840044410606106,0.06922136177685162,0.2544382599005246,0.1357039862260166,0.9016393442622951,0.08840044410606106,0.06922136177685162,0.2544382599005246,0.1357039862260166,0.9016393442622951,0.0
65,9,1.1386772002502374,0.8520270680762568,1.0480911380884872,0.8740399007902979,-0.5444475463621741,0.0906453222311944,0.07157539024952864,0.25669140945221613,0.14511519921295818,0.8360655737704918,0.08994696519623546,0.07068587189524804,0.25669140945221613,0.13994644736916373,0.8360655737704918,0.7704281012733879
66,0,0.8553514277171446,0.9352132193165053,1.0797834616547983,0.9287220195544684,-2.6108169385674533,0.34154392676135076,0.37571740427597644,0.9024334218098602,0.771110817628275,0.4262295081967213,0.10270556071418635,0.10749694776655636,0.25,0.1966918973361601,0.8688524590163934,69.92903323210004
66,1,0.8553514277171446,0.9352132193165053,1.0797834616547983,0.9287220195544684,-2.6108169385674533,0.32845548166346017,0.3585056171256838,0.8798807442546277,0.7513243854641886,0.39344262295081966,0.12536098024343567,0.13411054803832348,0.29811524716716065,0.24733288574339982,0.9344262295081968,61.83318981051984
66,2,0.8553514277171446,0.9352132193165053,1.0797834616547983,0.9287220195544684,-2.6108169385674533,0.34892461046869394,0.3787849050555004,0.903674400263796,0.7737784447205783,0.4426229508196721,0.10126470537162473,0.10640461656094753,0.2517477948400213,0.19327737616239632,0.9016393442622951,70.97805590852401
66,3,0.8553514277171446,0.9352132193165053,1.0797834616547983,0.9287220195544684,-2.6108169385674533,0.3406467769009782,0.36819028142669646,0.8772789678670065,0.756969577180962,0.45901639344262296,0.11231286288809221,0.12285009484252891,0.2763586825086932,0.22135389521995566,0.9180327868852459,67.02952427442455
66,4,0.8553514277171446,0.9352132193165053,1.0797834616547983,0.9287220195544684,-2.6108169385674533,0.3373374049575613,0.36321362570031257,0.8898029111288892,0.7729842795515481,0.39344262295081966,0.11412632868230549,0.12451880097326329,0.31124177352258187,0.22172549286019602,0.8852459016393442,66.16849273010115
66,5,0.8553514277171446,0.9352132193165053,1.0797834616547983,0.9287220195544684,-2.6108169385674533,0.33622304174502027,0.36352286729900596,0.8523011284171247,0.7329302832440064,0.4426229508196721,0.12178836053490949,0.12225370481312754,0.2921639792207955,0.23532335782479666,0.9344262295081968,63.77750914903997
66,6,0.8553514277171446,0.9352132193165053,1.0797834616547983,0.9287220195544684,-2.6108169385674533,0.33309966996861773,0.3617065421510593,0.8858283761014292,0.7559456673300092,0.47540983606557374,0.11224856477398772,0.1274154685355605,0.2850637851605953,0.21732118359924613,0.8524590163934426,66.30180846935004
66,7,0.8553514277171446,0.9352132193165053,1.0797834616547983,0.9287220195544684,-2.6108169385674533,0.3368240364155225,0.3671295262421309,0.8777495641337651,0.7637178714698095,0.39344262295081966,0.11665565358164792,0.12739932258908232,0.30544002971274153,0.23926505871670117,0.8852459016393442,65.36599500941321
66,8,0.8553514277171446,0.9352132193165053,1.0797834616547983,0.9287220195544684,-2.6108169385674533,0.34911320645105387,0.3786694261253754,0.8690136884030082,0.7557774390504719,0.4426229508196721,0.10492211088936268,0.10664910691365923,0.2548654238947421,0.20412541758229283,0.9016393442622951,69.94610660651908
66,9,0.8553514277171446,0.9352132193165053,1.0797834616547983,0.9287220195544684,-2.6108169385674533,0.3398002829658953,0.3694869743020385,0.8691327778293783,0.7590306788218102,0.45901639344262296,0.10351114452803184,0.10826704618699735,0.26918453453618696,0.21405928043363076,0.9180327868852459,69.53765205121358
67,0,1.1026541089753228,0.8829925836821921,1.1346307396000035,0.8845867011138787,-2.904669130591192,0.3483411363919544,0.3433337857971557,0.7634337059954817,0.6762712925531661,0.4262295081967213,0.1117117899942717,0.14295323876264843,0.3617502646633284,0.2755116524126578,0.9180327868852459,67.93034806300531
67,1,1.1026541089753228,0.8829925836821921,1.1346307396000035,0.8845867011138787,-2.904669130591192,0.36361846101538536,0.3601282726008111,0.7913195257865482,0.6859396307054966,0.3442622950819672,0.11370439070523942,0.14645657259248904,0.3310407601444467,0.2793159717117362,0.8360655737704918,68.72975305276694
67,2,1.1026541089753228,0.8829925836821921,1.1346307396000035,0.8845867011138787,-2.904669130591192,0.35597943709891944,0.3509957754802755,0.8090598316761657,0.7126826473969332,0.39344262295081966,0.09960348137713491,0.131824127923698,0.30909900071666385,0.24703923257824983,0.9016393442622951,72.01987783652314
67,3,1.1026541089753228,0.8829925836821921,1.1346307396000035,0.8845867011138787,-2.904669130591192,0.3509358000904555,0.34937337863170126,0.7726706877794598,0.6858556669977389,0.3442622950819672,0.10365209501085795,0.13503500133926458,0.32903199325668453,0.2625669080851424,0.8524590163934426,70.4640863131829
67,4,1.1026541089753228,0.8829925836821921,1.1346307396000035,0.8845867011138787,-2.904669130591192,0.34228953691206526,0.3339716139501778,0.8023174956529218,0.6789696102341424,0.4426229508196721,0.10858652650340753,0.14978662090879677,0.3352620258723107,0.277797041163241,0.9180327868852459,68.27641081786744
67,5,1.1026541089753228,0.8829925836821921,1.1346307396000035,0.8845867011138787,-2.904669130591192,0.34544319229041537,0.3453546174197938,0.7857502541662882,0.6709122981338382,0.32786885245901637,0.1192957448762662,0.14765309867783707,0.3295080959027672,0.2778445753133184,0.8360655737704918,65.46588627632475
67,6,1.1026541089753228,0.8829925836821921,1.1346307396000035,0.8845867011138787,-2.904669130591192,0.33993145751875964,0.3361010175140797,0.7745751360936879,0.6640692203112765,0.4098360655737705,0.09804361165614041,0.13869220191316908,0.3496216979552358,0.28953965361307465,0.8852459016393442,71.15782917774543
67,7,1.1026541089753228,0.8829925836821921,1.1346307396000035,0.8845867011138787,-2.904669130591192,0.34671534609783516,0.34141267155253074,0.7754567449835363,0.6807010870102687,0.47540983606557374,0.09763318787657033,0.1353630147373745,0.3394538660260764,0.26517697092299103,0.9180327868852459,71.84053461278853
67,8,1.1026541089753228,0.8829925836821921,1.1346307396000035,0.8845867011138787,-2.904669130591192,0.3584894486740534,0.35459912143681055,0.7799865973768121,0.6862160761662182,0.39344262295081966,0.1314955090816549,0.15852169364131555,0.3381952636777328,0.30696701812225485,0.8852459016393442,63.31955945481298
67,9,1.1026541089753228,0.8829925836821921,1.1346307396000035,0.8845867011138787,-2.904669130591192,0.34903352279573774,0.3498606992203946,0.8024001150740219,0.6964830047193502,0.36065573770491804,0.10073961943486259,0.13505514197537447,0.3293441510049533,0.26746431145232646,0.8524590163934426,71.1375518809929
68,0,0.8659784884670818,1.097429283953019,1.1643749976901512,1.080700657347522,4.567568647525875,0.4403028174396974,0.548506131157994,1.1998399318509598,1.0586348958032774,0.8852459016393442,0.18710021549440356,0.24202872140861098,0.7430490043914375,0.5327887177479186,0.7540983606557377,57.50646871115508
68,1,0.8659784884670818,1.097429283953019,1.1643749976901512,1.080700657347522,4.567568647525875,0.4473580633322455,0.5581798222431422,1.202698199731394,1.0498871083042745,0.9016393442622951,0.19196472691138503,0.24008786062758317,0.7343696049773314,0.592374991250759,0.6721311475409836,57.08924402044008
68,2,0.8659784884670818,1.097429283953019,1.1643749976901512,1.080700657347522,4.567568647525875,0.43566670689946824,0.5409155859079566,1.171516200724895,1.0112603488145453,0.9344262295081968,0.20488357011736189,0.2594329319465439,0.7843868912166556,0.6237268585879451,0.7540983606557377,52.97240599919434
68,3,0.8659784884670818,1.097429283953019,1.1643749976901512,1.080700657347522,4.567568647525875,0.4433889126036339,0.5493921376981257,1.1953681406355514,1.0535815751381308,0.9016393442622951,0.20794036335996574,0.26653483917279513,0.7597849393554128,0.6118611776747402,0.6557377049180327,53.1020380868537
68,4,0.8659784884670818,1.097429283953019,1.1643749976901512,1.080700657347522,4.567568647525875,0.4492087568532704,0.556665915705742,1.19391989197878,1.0376302388521255,0.9016393442622951,0.21052284534736254,0.2712870617609359,0.7206937862228457,0.5921121885780821,0.6721311475409836,53.13474144580673
68,5,0.8659784884670818,1.097429283953019,1.1643749976901512,1.080700657347522,4.567568647525875,0.4366566961807089,0.5381480219763376,1.1763506175369685,1.029497613610147,0.8852459016393442,0.19126897242211635,0.2552054659786613,0.8047979502240494,0.5735601398495704,0.6721311475409836,56.19694508407119
68,6,0.8659784884670818,1.097429283953019,1.1643749976901512,1.080700657347522,4.567568647525875,0.44484851875423503,0.5462338112978241,1.1953315816577117,1.0446070668631637,0.9016393442622951,0.22273078612665761,0.28067353720155613,0.7519455626849236,0.6024281154690059,0.6065573770491803,49.9310941283117
68,7,0.8659784884670818,1.097429283953019,1.1643749976901512,1.080700657347522,4.567568647525875,0.428291097545458,0.5348475209383086,1.157918855503226,1.022869429320508,0.9016393442622951,0.21691803107106103,0.27757891871502927,0.8156559814396189,0.6119447831159065,0.6721311475409836,49.352664037562036
68,8,0.8659784884670818,1.097429283953019,1.1643749976901512,1.080700657347522,4.567568647525875,0.4559238374823566,0.5539597744933642,1.179311843226131,1.0398860435356612,0.8852459016393442,0.18720539722112212,0.24312809022250154,0.754006248983849,0.540139086505043,0.6557377049180327,58.939326740430275
68,9,0.8659784884670818,1.097429283953019,1.1643749976901512,1.080700657347522,4.567568647525875,0.44955576664015173,0.5504331924923103,1.1976699261832309,1.030360162180314,0.9016393442622951,0.1765684346824788,0.22812299347325052,0.6523849359555882,0.5147330278174352,0.6557377049180327,60.72379718269446
69,0,0.9208838988101776,1.034191488508578,1.0220230691516867,0.8599414301949351,1.8510344289856704,0.3006731513864128,0.3347014834632815,0.7957524191204257,0.6732269713544526,0.5081967213114754,0.12695123437487424,0.14813786563270326,0.3276209311149785,0.2957553745725648,0.8852459016393442,57.77766195967338
69,1,0.9208838988101776,1.034191488508578,1.0220230691516867,0.8599414301949351,1.8510344289856704,0.31088976689496206,0.3451509337691614,0.828492557273357,0.6964300437967765,0.45901639344262296,0.1328345105140962,0.14967533922451817,0.3134830292487578,0.26743948069988904,0.8524590163934426,57.27279419943855
69,2,0.9208838988101776,1.034191488508578,1.0220230691516867,0.8599414301949351,1.8510344289856704,0.29225208387451657,0.3323290625397261,0.7495006734501857,0.6378550208714643,0.4262295081967213,0.166566178623099,0.1811812717071322,0.36451823042354903,0.31196813956412944,0.8524590163934426,43.00599112421828
69,3,0.9208838988101776,1.034191488508578,1.0220230691516867,0.8599414301949351,1.8510344289856704,0.30212193954516037,0.3369276712065125,0.8113745854603209,0.6739917870058165,0.4426229508196721,0.13607487406549384,0.1445614028164521,0.31029318414525164,0.2750928166107955,0.9016393442622951,54.96028051774316
69,4,0.9208838988101776,1.034191488508578,1.0220230691516867,0.8599414301949351,1.8510344289856704,0.30368356688759335,0.3348684917152713,0.7980240982077191,0.6749219655506906,0.5081967213114754,0.1379567416551796,0.15905958566428632,0.31069923728107796,0.28946960395449395,0.9016393442622951,54.572207159881174
69,5,0.9208838988101776,1.034191488508578,1.0220230691516867,0.8599414301949351,1.8510344289856704,0.3168108504519818,0.3503057888604877,0.7795458599804235,0.6805036404581074,0.3770491803278688,0.1456739856959752,0.15106881973673097,0.36065806087527363,0.2762240505331846,0.8360655737704918,54.01862483934886
69,6,0.9208838988101776,1.034191488508578,1.0220230691516867,0.8599414301949351,1.8510344289856704,0.29727710774212696,0.32919388427489876,0.785415837031195,0.6769882912623604,0.47540983606557374,0.13065171117731797,0.15150641056590847,0.3151136233455034,0.2861792723559745,0.8852459016393442,56.050530708657256
69,7,0.9208838988101776,1.034191488508578,1.0220230691516867,0.8599414301949351,1.8510344289856704,0.31001645114203735,0.34605292113210734,0.7847404093630814,0.6772027750582907,0.4918032786885246,0.13420070275596527,0.1541047813405377,0.3185960931401013,0.27440034162869154,0.8688524590163934,56.71174795350465
69,8,0.9208838988101776,1.034191488508578,1.0220230691516867,0.8599414301949351,1.8510344289856704,0.31823090593549497,0.3484083507949085,0.7927802907383708,0.6913093704727615,0.47540983606557374,0.1273871286422691,0.1460632569621231,0.32162757463802905,0.28375613195887733,0.8852459016393442,59.97022090994195
69,9,0.9208838988101776,1.034191488508578,1.0220230691516867,0.8599414301949351,1.8510344289856704,0.30265224226416404,0.34073862533242116,0.7836513126142748,0.6831159611677522,0.45901639344262296,0.1266543142473563,0.13899777058208707,0.3088465300359218,0.2731493641528488,0.9016393442622951,58.151866544967284
70,0,0.9871907694173724,0.9570597450586122,1.007271960329699,1.015962166832133,3.152169199928892,0.38706252094175964,0.529339723820963,1.2384308966273778,1.0784425249519487,0.9016393442622951,0.23505389528966103,0.2714546398095886,0.6495384945089242,0.5578859297017502,0.5573770491803278,39.272370076608624
70,1,0.9871907694173724,0.9570597450586122,1.007271960329699,1.015962166832133,3.152169199928892,0.4205821772058857,0.5618476862398089,1.2748974562882722,1.1217093630585895,0.9180327868852459,0.20452152392026723,0.23707604541514377,0.6105425904179853,0.513134989979956,0.5737704918032787,51.371804369126004
70,2,0.9871907694173724,0.9570597450586122,1.007271960329699,1.015962166832133,3.152169199928892,0.4091046158797618,0.54470898463457,1.2660435016634182,1.1161751722113125,0.9180327868852459,0.21045794133121598,0.2402408290718878,0.6251836615364823,0.5291608969416501,0.5573770491803278,48.55644909343414
70,3,0.9871907694173724,0.9570597450586122,1.007271960329699,1.015962166832133,3.152169199928892,0.4000572951237227,0.5500054728845163,1.2537766695349433,1.1025290121563445,0.9016393442622951,0.2253745475861807,0.25343246196373076,0.6303481497617298,0.5494081680969303,0.5573770491803278,43.66443248673148
70,4,0.9871907694173724,0.9570597450586122,1.007271960329699,1.015962166832133,3.152169199928892,0.3939777244192666,0.5418760093221198,1.2951225349519007,1.1206423813770616,0.9180327868852459,0.22923683523105273,0.2637141537988325,0.613870429783475,0.5235566215670461,0.5573770491803278,41.814772505487774
70,5,0.9871907694173724,0.9570597450586122,1.007271960329699,1.015962166832133,3.152169199928892,0.3919778787184484,0.5328991661101509,1.2293811279159144,1.0909844679261127,0.9344262295081968,0.23437184374625136,0.2690452353721268,0.6556402716043195,0.5708314913069786,0.6229508196721312,40.20789017162956
70,6,0.9871907694173724,0.9570597450586122,1.007271960329699,1.015962166832133,3.152169199928892,0.3784839103128075,0.528018461124503,1.2215344313445797,1.0570340331251387,0.9344262295081968,0.24756942538801172,0.27436701746998976,0.684569018991418,0.5810658495164063,0.6065573770491803,34.58918103456451
70,7,0.9871907694173724,0.9570597450586122,1.007271960329699,1.015962166832133,3.152169199928892,0.398937096916835,0.5446895585886516,1.2534285764114514,1.1095470649729509,0.9508196721311475,0.2103971282276466,0.23935184794725833,0.6010366492750236,0.49459627784125654,0.639344262295082,47.26057570135992
70,8,0.9871907694173724,0.9570597450586122,1.007271960329699,1.015962166832133,3.152169199928892,0.408243584906332,0.546279297728695,1.2675743663767705,1.1123353058549157,0.9344262295081968,0.2170690431438071,0.25022452182839144,0.6326765694832517,0.5277191148570751,0.47540983606557374,46.828547668762084
70,9,0.9871907694173724,0.9570597450586122,1.007271960329699,1.015962166832133,3.152169199928892,0.3957106368491094,0.5378332935247206,1.247229305464245,1.0951869581308147,0.9180327868852459,0.2283229603153541,0.2612543549370193,0.6400060680583692,0.5470315050616749,0.5901639344262295,42.30052491552882
71,0,1.110106752137822,0.9711681045520894,0.9701857205978152,1.0080838180327238,3.1918550362769933,0.32058989285741446,0.45818970913487556,1.1076085755717955,0.960316967385333,0.8688524590163934,0.21759624305574363,0.232415419532986,0.6636327023033388,0.4800129644574174,0.6557377049180327,32.126293465988425
71,1,1.110106752137822,0.9711681045520894,0.9701857205978152,1.0080838180327238,3.1918550362769933,0.34271744074451893,0.47569257931988207,1.1510301645371186,1.0017468874334527,0.8524590163934426,0.1649854122566136,0.19540675335060823,0.6554970536766476,0.3734738004901786,0.7213114754098361,51.859639270706644
71,2,1.110106752137822,0.9711681045520894,0.9701857205978152,1.0080838180327238,3.1918550362769933,0.33822094038663075,0.46744298835008674,1.103651071065272,0.956091723284095,0.8360655737704918,0.19484690719853892,0.21785792221131298,0.6853617066347724,0.48267722901508847,0.7213114754098361,42.39064353147282
71,3,1.110106752137822,0.9711681045520894,0.9701857205978152,1.0080838180327238,3.1918550362769933,0.32431354436829657,0.45663437136332047,1.0960932831677255,0.959214849913657,0.8524590163934426,0.23523028590641373,0.255312825469868,0.7429333193180696,0.6164112945655619,0.6065573770491803,27.46825102090655
71,4,1.110106752137822,0.9711681045520894,0.9701857205978152,1.0080838180327238,3.1918550362769933,0.33596514207535355,0.473327316115885,1.1407764089998622,0.9947500754684898,0.8688524590163934,0.2286304795200629,0.2427313721686651,0.6484721740100028,0.555800187424417,0.7377049180327869,31.94815446991122
71,5,1.110106752137822,0.9711681045520894,0.9701857205978152,1.0080838180327238,3.1918550362769933,0.3308713397043871,0.4664257991637228,1.1210110238655275,0.9684311412266952,0.8524590163934426,0.1737547689221095,0.19736658278953675,0.6813383330214862,0.38872742364781776,0.6557377049180327,47.485699705103336
71,6,1.110106752137822,0.9711681045520894,0.9701857205978152,1.0080838180327238,3.1918550362769933,0.3489032313029893,0.48476484877852355,1.1330407589837392,0.9806676719088359,0.8360655737704918,0.2059121116369015,0.21822421544319037,0.6902827837983807,0.5540156172385268,0.6721311475409836,40.9830310633935
71,7,1.110106752137822,0.9711681045520894,0.9701857205978152,1.0080838180327238,3.1918550362769933,0.33147596498712634,0.46364543181706847,1.1109245098353568,0.964143419918851,0.8688524590163934,0.1837155859101617,0.20456273315657425,0.5496121783032564,0.3945373384280405,0.7540983606557377,44.576498655853754
71,8,1.110106752137822,0.9711681045520894,0.9701857205978152,1.0080838180327238,3.1918550362769933,0.32344124834184057,0.4567584023325614,1.1170632789806731,0.9602555309194503,0.8524590163934426,0.22354579446313852,0.24350845159702006,0.6767147246735519,0.5040413118018706,0.6557377049180327,30.885193026810214
71,9,1.110106752137822,0.9711681045520894,0.9701857205978152,1.0080838180327238,3.1918550362769933,0.33708881995601503,0.4618177698671907,1.1009992616689885,0.9493174862977172,0.8688524590163934,0.20507537276489846,0.22376324342707588,0.6526997664283343,0.48523589398878797,0.7213114754098361,39.16280795321018
72,0,0.9622822509866974,0.8348379428852434,1.1395713494050717,1.018698423888707,2.866103833981404,0.6694423010318918,0.9249642390091269,2.15682957702208,1.8996798396890273,0.9180327868852459,0.08923023711746503,0.09257677627397014,0.25,0.1458457869229648,0.9016393442622951,86.67095924773147
72,1,0.9622822509866974,0.8348379428852434,1.1395713494050717,1.018698423888707,2.866103833981404,0.6723470843005388,0.9239129207042986,2.165049739886335,1.891800698917665,0.8688524590163934,0.09625831794149528,0.09440563941854119,0.25,0.15158796959338475,0.8688524590163934,85.68324007210718
72,2,0.9622822509866974,0.8348379428852434,1.1395713494050717,1.018698423888707,2.866103833981404,0.664730704372392,0.9210670181556252,2.1343416104933084,1.8890228068053219,0.8852459016393442,0.09125237609068595,0.09957588412260865,0.33896339816766385,0.1631193659229339,0.8688524590163934,86.27227906121138
72,3,0.9622822509866974,0.8348379428852434,1.1395713494050717,1.018698423888707,2.866103833981404,0.6715488203999442,0.9208547821187149,2.1380752953132856,1.8641192891468321,0.8688524590163934,0.09725370084448393,0.0938408337474014,0.26206694779398276,0.1537440612840485,0.8524590163934426,85.51799989961057
72,4,0.9622822509866974,0.8348379428852434,1.1395713494050717,1.018698423888707,2.866103833981404,0.6836733054805564,0.9365429918317099,2.1909014816453336,1.9152713263304635,0.9344262295081968,0.10967251468190899,0.10798899268927366,0.2605346001653004,0.16718216452050713,0.9180327868852459,83.9583447528612
72,5,0.9622822509866974,0.8348379428852434,1.1395713494050717,1.018698423888707,2.866103833981404,0.6772420273550533,0.9271837649044192,2.156732818966873,1.9186705969599405,0.8852459016393442,0.09728731679888844,0.0954541921841293,0.25,0.1500917543385171,0.8852459016393442,85.63477857704123
72,6,0.9622822509866974,0.8348379428852434,1.1395713494050717,1.018698423888707,2.866103833981404,0.6891116144767767,0.9420057194545178,2.1902669461520006,1.9335659556428044,0.8852459016393442,0.10810112607420813,0.1094408500753216,0.25,0.18545036130029188,0.8852459016393442,84.31297284747025
72,7,0.9622822509866974,0.8348379428852434,1.1395713494050717,1.018698423888707,2.866103833981404,0.6757713397658383,0.9303259995671409,2.1525417814083667,1.897970164936088,0.9016393442622951,0.09671594187976293,0.10014837173418478,0.25,0.16772402687715132,0.9016393442622951,85.68806692611793
72,8,0.9622822509866974,0.8348379428852434,1.1395713494050717,1.018698423888707,2.866103833981404,0.6596481051598077,0.9173551080308678,2.1579024678436625,1.881891804040264,0.9180327868852459,0.0859221186980018,0.08907183485063455,0.25,0.1455208620426859,0.8524590163934426,86.97455233693331
72,9,0.9622822509866974,0.8348379428852434,1.1395713494050717,1.018698423888707,2.866103833981404,0.6811401300040946,0.9370758586269827,2.1683803455803954,1.9205739380173044,0.9016393442622951,0.11255752099698078,0.1155310567076137,0.27964398116130695,0.18957701771506807,0.8688524590163934,83.4751300005912
73,0,1.1203726578308857,1.060076999248157,0.9540325483934692,1.0386037096985214,-0.9301677902803828,0.13572954688458652,0.1437182094401455,0.2986525966307525,0.2778533480938862,0.7704918032786885,0.13259983051146168,0.14409859695642874,0.3152954437753763,0.28405027701888774,0.7704918032786885,2.3058475070178344
73,1,1.1203726578308857,1.060076999248157,0.9540325483934692,1.0386037096985214,-0.9301677902803828,0.1459349693901738,0.1590524968408611,0.32147043598440916,0.2722146143655537,0.7049180327868853,0.14045070199780332,0.15518864740779398,0.33485007624990715,0.27390885213332583,0.7377049180327869,3.7580214086369312
73,2,1.1203726578308857,1.060076999248157,0.9540325483934692,1.0386037096985214,-0.9301677902803828,0.14791422261710863,0.15502556838920348,0.2888459227726301,0.2579874640906525,0.7213114754098361,0.1348330912046919,0.14023809072596835,0.30968956217831334,0.26081747640367897,0.7213114754098361,8.843727926203965
73,3,1.1203726578308857,1.060076999248157,0.9540325483934692,1.0386037096985214,-0.9301677902803828,0.14859612324175137,0.15420447653442068,0.3267739919564576,0.28965554779070857,0.7213114754098361,0.14457697174787942,0.15230920221974031,0.33393002219175827,0.2956291977400355,0.7213114754098361,2.7047485534553113
73,4,1.1203726578308857,1.060076999248157,0.9540325483934692,1.0386037096985214,-0.9301677902803828,0.154780513769553,0.1595855176877037,0.3080905384083863,0.258844509254493,0.7213114754098361,0.14634641028765472,0.15165425186891385,0.30680855796474304,0.2471140943748836,0.7213114754098361,5.449073191768521
73,5,1.1203726578308857,1.060076999248157,0.9540325483934692,1.0386037096985214,-0.9301677902803828,0.15965546305437509,0.16642715395713956,0.36082023816724984,0.29044319933364166,0.7377049180327869,0.15713912115228648,0.16671185803154892,0.36082023816724984,0.30590979736021645,0.7377049180327869,1.5761076094412088
73,6,1.1203726578308857,1.060076999248157,0.9540325483934692,1.0386037096985214,-0.9301677902803828,0.13410633148029105,0.1446184718371769,0.31665487470662157,0.2848854864397325,0.7868852459016393,0.12658523014299788,0.13574536186047087,0.3320490038613997,0.2890889974832675,0.7868852459016393,5.608311892715153
73,7,1.1203726578308857,1.060076999248157,0.9540325483934692,1.0386037096985214,-0.9301677902803828,0.11749797181668319,0.1344620793700162,0.28220639934146163,0.25,0.7049180327868853,0.11320376556114482,0.13503664138643678,0.3069832013667124,0.26370801769597424,0.6885245901639344,3.654706706119196
73,8,1.1203726578308857,1.060076999248157,0.9540325483934692,1.0386037096985214,-0.9301677902803828,0.14440155506245902,0.15111548365063968,0.31723049135135994,0.28683107945065844,0.7377049180327869,0.13748524076464377,0.1477803740080912,0.3440659719437562,0.29709904724890634,0.7377049180327869,4.789639761721188
73,9,1.1203726578308857,1.060076999248157,0.9540325483934692,1.0386037096985214,-0.9301677902803828,0.14679890444587618,0.14851411940128564,0.3213413768280944,0.26000540720684884,0.6557377049180327,0.1400176728890186,0.14344621144790928,0.3396395337121021,0.25138949135679245,0.6721311475409836,4.619402019691355
74,0,0.8527706690450675,0.9515460716122204,0.9365859413800408,0.8871353662830382,1.5758522179093497,0.06345823613666797,0.07213718816018047,0.25,0.1416167587975309,0.8032786885245902,0.0626147492257092,0.0697399825552375,0.25,0.13395830553763527,0.8032786885245902,1.3292000570929523
74,1,0.8527706690450675,0.9515460716122204,0.9365859413800408,0.8871353662830382,1.5758522179093497,0.0653184119033019,0.07661143901776231,0.25,0.15914798358910504,0.8688524590163934,0.064751386478289,0.0741154119973259,0.25,0.15586337160260372,0.8688524590163934,0.8680943220914945
74,2,0.8527706690450675,0.9515460716122204,0.9365859413800408,0.8871353662830382,1.5758522179093497,0.06858085383912181,0.0836416177808321,0.2627545774793276,0.16401359700497836,0.8524590163934426,0.06865818825045295,0.08235680137724186,0.2627545774793276,0.1631666397296755,0.8524590163934426,-0.112763850261396
74,3,0.8527706690450675,0.9515460716122204,0.9365859413800408,0.8871353662830382,1.5758522179093497,0.0760083728616106,0.08582491504656799,0.25,0.17708539431185677,0.8032786885245902,0.07530139012032303,0.08381497444683961,0.25,0.171276160779236,0.8032786885245902,0.930137976476347
74,4,0.8527706690450675,0.9515460716122204,0.9365859413800408,0.8871353662830382,1.5758522179093497,0.0745876377127091,0.08634739581788682,0.25,0.18219820733292524,0.8688524590163934,0.07565311855967903,0.08590758442110578,0.25,0.17708470267196938,0.8688524590163934,-1.4284952300994826
74,5,0.8527706690450675,0.9515460716122204,0.9365859413800408,0.8871353662830382,1.5758522179093497,0.07312371436230204,0.08042471706060526,0.25,0.1820685205449948,0.9016393442622951,0.07423418727795704,0.08008053482418181,0.25,0.1801566028831715,0.9016393442622951,-1.518622139670037
74,6,0.8527706690450675,0.9515460716122204,0.9365859413800408,0.8871353662830382,1.5758522179093497,0.07971545257413154,0.09303651493976743,0.2609262555430405,0.19799616477278903,0.9016393442622951,0.07992481898813973,0.09178380736530581,0.2609262555430405,0.19270586214060906,0.9016393442622951,-0.26264219451490994
74,7,0.8527706690450675,0.9515460716122204,0.9365859413800408,0.8871353662830382,1.5758522179093497,0.07505559891556193,0.08651820648985892,0.25,0.19011031662108885,0.7704918032786885,0.0747411907116789,0.08445021434542603,0.25,0.17177817985670743,0.7704918032786885,0.4189003997379982
74,8,0.8527706690450675,0.9515460716122204,0.9365859413800408,0.8871353662830382,1.5758522179093497,0.07705112917274365,0.08311725311213447,0.25,0.18698042834391373,0.8524590163934426,0.07796293812155805,0.08045491572504643,0.25,0.171616268334347,0.8524590163934426,-1.1833816825321086
74,9,0.8527706690450675,0.9515460716122204,0.9365859413800408,0.8871353662830382,1.5758522179093497,0.07546584966685865,0.08367307652451014,0.25,0.17834986156381377,0.8688524590163934,0.07514406948552516,0.08184435106577793,0.25,0.171630030853116,0.8852459016393442,0.42639178218225177
75,0,0.8832108600836013,1.065785825834969,0.8575421163902259,1.1392318888343484,3.456964479701932,0.5302386930563326,0.6821414841387311,1.5072303841742638,1.313309556671007,0.9180327868852459,0.1362201681544497,0.17199870602377487,0.5030066402064506,0.41184746587885573,0.8032786885245902,74.30965149501498
75,1,0.8832108600836013,1.065785825834969,0.8575421163902259,1.1392318888343484,3.456964479701932,0.5304472876700189,0.6902505121115912,1.5482205213422162,1.3346349563291597,0.9180327868852459,0.12748585219861241,0.16244151980815366,0.4576769673526613,0.3716847425748284,0.7704918032786885,75.96634855866793
75,2,0.8832108600836013,1.065785825834969,0.8575421163902259,1.1392318888343484,3.456964479701932,0.5342860074532229,0.6874734565616213,1.5718968678131304,1.3526469061023094,0.8688524590163934,0.12224226156188762,0.16072237986848834,0.4441191604766601,0.3635636614470457,0.7377049180327869,77.12044488221225
75,3,0.8832108600836013,1.065785825834969,0.8575421163902259,1.1392318888343484,3.456964479701932,0.5426905711041509,0.6961992577441836,1.566242398225718,1.371455479007385,0.8852459016393442,0.11459120670141482,0.14948572313623057,0.4460688673628397,0.3459933258760771,0.8032786885245902,78.88461440038121
75,4,0.8832108600836013,1.065785825834969,0.8575421163902259,1.1392318888343484,3.456964479701932,0.5422018829042455,0.6985530330358822,1.5547051408186334,1.3373521636116563,0.8852459016393442,0.12904705111859732,0.1579843822651882,0.49616593591110103,0.37332521670683577,0.7377049180327869,76.19944614958347
75,5,0.8832108600836013,1.065785825834969,0.8575421163902259,1.1392318888343484,3.456964479701932,0.5507667553951201,0.7049022425948995,1.568407714388023,1.3588949309198628,0.9344262295081968,0.12416956077963279,0.15035215974443925,0.45181191139312915,0.3508436228885572,0.7540983606557377,77.45514601901606
75,6,0.8832108600836013,1.065785825834969,0.8575421163902259,1.1392318888343484,3.456964479701932,0.5367106249704723,0.6960383383705911,1.5346554464105822,1.3336173424710525,0.9180327868852459,0.1316915934321012,0.16518102259050502,0.449557622488733,0.3636150630282458,0.7868852459016393,75.46320357653691
75,7,0.8832108600836013,1.065785825834969,0.8575421163902259,1.1392318888343484,3.456964479701932,0.5436899274846604,0.6987452095404498,1.534789299258776,1.3357819302032354,0.9344262295081968,0.13742199589151244,0.1666230223175856,0.48230617588345126,0.38348794898740984,0.7377049180327869,74.7241968363687
75,8,0.8832108600836013,1.065785825834969,0.8575421163902259,1.1392318888343484,3.456964479701932,0.552685920090366,0.6986901406362167,1.5837662728549233,1.3734162482765073,0.9180327868852459,0.11438392323252088,0.15204408984408102,0.4431419294074317,0.35333338337543696,0.7868852459016393,79.30399181983526
75,9,0.8832108600836013,1.065785825834969,0.8575421163902259,1.1392318888343484,3.456964479701932,0.5444970155571422,0.6933765359058522,1.547337889809043,1.3598635708739526,0.9016393442622951,0.12025659710862938,0.15531302764924268,0.45826291620355164,0.3513439509148939,0.7540983606557377,77.9141861805101
76,0,0.9069127065117016,1.023687454776276,1.0695448819993678,1.0924328483501853,-1.699382850727866,0.08348820903907984,0.07318572133072858,0.25,0.16787129516103366,0.9016393442622951,0.08315881101058582,0.07355832745797279,0.25,0.16787129516103366,0.9016393442622951,0.39454437013954136
76,1,0.9069127065117016,1.023687454776276,1.0695448819993678,1.0924328483501853,-1.699382850727866,0.07035758285538535,0.06426159926843554,0.25,0.12600733202944528,0.9344262295081968,0.0705472389809266,0.06586149484553439,0.25,0.12822255367856458,0.9344262295081968,-0.2695603200739259
76,2,0.9069127065117016,1.023687454776276,1.0695448819993678,1.0924328483501853,-1.699382850727866,0.07762258761247605,0.06647528850896346,0.25,0.1281688991830123,0.9180327868852459,0.07762258761247605,0.06647528850896346,0.25,0.1281688991830123,0.9180327868852459,0.0
76,3,0.9069127065117016,1.023687454776276,1.0695448819993678,1.0924328483501853,-1.699382850727866,0.07857842701562785,0.06665082883462868,0.25,0.12672926642659518,0.8852459016393442,0.07513241015253112,0.06538047231878173,0.25,0.12621547477805992,0.8852459016393442,4.385449027137407
76,4,0.9069127065117016,1.023687454776276,1.0695448819993678,1.0924328483501853,-1.699382850727866,0.08151145149921234,0.07137649533495562,0.25,0.13715998086039322,0.8688524590163934,0.07948572295340804,0.07062754899742661,0.25,0.134641454604099,0.8688524590163934,2.485207303447259
76,5,0.9069127065117016,1.023687454776276,1.0695448819993678,1.0924328483501853,-1.699382850727866,0.07664304200252235,0.06677519639027715,0.25,0.1280222929190842,0.8688524590163934,0.07664304200252235,0.06677519639027715,0.25,0.1280222929190842,0.8688524590163934,0.0
76,6,0.9069127065117016,1.023687454776276,1.0695448819993678,1.0924328483501853,-1.699382850727866,0.07937327670128104,0.07706852229880484,0.25,0.17887293288483772,0.9344262295081968,0.07937327670128104,0.07706852229880484,0.25,0.17887293288483772,0.9344262295081968,0.0
76,7,0.9069127065117016,1.023687454776276,1.0695448819993678,1.0924328483501853,-1.699382850727866,0.07257120427259986,0.06524334821333308,0.25,0.13831553856849876,0.9344262295081968,0.07257120427259986,0.06524334821333308,0.25,0.13831553856849876,0.9344262295081968,0.0
76,8,0.9069127065117016,1.023687454776276,1.0695448819993678,1.0924328483501853,-1.699382850727866,0.07338371851549699,0.06191524261620129,0.25,0.12354187964496362,0.9180327868852459,0.07338371851549699,0.06191524261620129,0.25,0.12354187964496362,0.9180327868852459,0.0
76,9,0.9069127065117016,1.023687454776276,1.0695448819993678,1.0924328483501853,-1.699382850727866,0.08786392844236235,0.07883415955648633,0.25475517683691606,0.15057743163500278,0.8852459016393442,0.08786392844236235,0.07883415955648633,0.25475517683691606,0.15057743163500278,0.8852459016393442,0.0
77,0,0.9651877950114924,0.7864242013690578,0.8912297877134413,0.9016552506412352,1.3337163540064294,0.3194195115104367,0.46862586605146167,1.1528293634492073,0.99328781233382,0.8852459016393442,0.20946283677813904,0.23319755969942124,0.6630804066853031,0.4283000996070769,0.5901639344262295,34.423906733920646
77,1,0.9651877950114924,0.7864242013690578,0.8912297877134413,0.9016552506412352,1.3337163540064294,0.33319030870989114,0.48084707449545017,1.154509445195508,0.9935102827081423,0.8688524590163934,0.21098456207826013,0.22427550102420632,0.5570998957595279,0.43138664834083923,0.47540983606557374,36.677461329775824
77,2,0.9651877950114924,0.7864242013690578,0.8912297877134413,0.9016552506412352,1.3337163540064294,0.3333539199672288,0.4798978197489772,1.1317375461036647,0.9849540127720786,0.8852459016393442,0.2707976660820148,0.2868029017041753,0.7320892494490252,0.6269794249653373,0.6229508196721312,18.765717196715062
77,3,0.9651877950114924,0.7864242013690578,0.8912297877134413,0.9016552506412352,1.3337163540064294,0.331124238863482,0.4759929749437584,1.1226825766430935,0.9799498419266527,0.8688524590163934,0.2593924632549485,0.27513735104496806,0.7001564176829689,0.5926802183555453,0.47540983606557374,21.663100187029052
77,4,0.9651877950114924,0.7864242013690578,0.8912297877134413,0.9016552506412352,1.3337163540064294,0.3452990451565821,0.49159674943063264,1.1711782462682976,1.010786248584104,0.9016393442622951,0.22488034416335306,0.23898520371890997,0.6829723196671793,0.4858364198798399,0.6557377049180327,34.87374282735795
77,5,0.9651877950114924,0.7864242013690578,0.8912297877134413,0.9016552506412352,1.3337163540064294,0.33672238132506693,0.4823707738686625,1.141281940264541,0.9971715118654928,0.8524590163934426,0.25632594619141885,0.2756822770337081,0.7219214350527068,0.5847532592912218,0.5245901639344263,23.876178000782943
77,6,0.9651877950114924,0.7864242013690578,0.8912297877134413,0.9016552506412352,1.3337163540064294,0.336702137935231,0.4842517074272746,1.1557528827793533,1.0157217230609221,0.9016393442622951,0.22186823225561605,0.24258680963496262,0.6162720202501362,0.4933431094232816,0.5573770491803278,34.10548753382277
77,7,0.9651877950114924,0.7864242013690578,0.8912297877134413,0.9016552506412352,1.3337163540064294,0.33134789603916753,0.4758423504133138,1.0951642342820165,0.9410997811792399,0.8524590163934426,0.22740340393996644,0.24039926342451376,0.7946156363807049,0.5706013990278805,0.6885245901639344,31.37019831473871
77,8,0.9651877950114924,0.7864242013690578,0.8912297877134413,0.9016552506412352,1.3337163540064294,0.34644377133094173,0.4870830116093154,1.1409872190224846,0.9938262540171664,0.8524590163934426,0.26194824904264497,0.27495879458961886,0.7031896699912394,0.5990477538403014,0.5737704918032787,24.389389932942997
77,9,0.9651877950114924,0.7864242013690578,0.8912297877134413,0.9016552506412352,1.3337163540064294,0.3405318818602501,0.4823004423409971,1.13860179351461,0.9798129187861718,0.8852459016393442,0.2410993690564385,0.2541509004653792,0.6808736197478851,0.5893925178101245,0.5901639344262295,29.19917872612509
78,0,1.0438032055591422,1.1162444224105077,1.0174626332831984,0.948154430975228,0.145269363832837,0.4267371715018356,0.44856308703802084,1.007778053679651,0.8719962333365161,0.2786885245901639,0.07528800892401687,0.07620409953022944,0.25191420331865544,0.16428170143583717,0.9344262295081968,82.35728829081087
78,1,1.0438032055591422,1.1162444224105077,1.0174626332831984,0.948154430975228,0.145269363832837,0.4276961340265083,0.44954778968853465,1.0180566359810896,0.8839202113553128,0.3114754098360656,0.08053457122919495,0.07826637428746194,0.289195953033591,0.15976769101006175,0.9180327868852459,81.17014281354167
78,2,1.0438032055591422,1.1162444224105077,1.0174626332831984,0.948154430975228,0.145269363832837,0.41838137904897216,0.4412874842998549,1.008107668403163,0.8942874248065338,0.3114754098360656,0.06885555549155081,0.06892772388659928,0.25,0.14405790227491486,0.8852459016393442,83.54239482453373
78,3,1.0438032055591422,1.1162444224105077,1.0174626332831984,0.948154430975228,0.145269363832837,0.4247246287327504,0.4443671797152127,1.0028499738825047,0.8787955626077107,0.32786885245901637,0.08327318835145689,0.07685483270232685,0.25,0.16068309584957924,0.9344262295081968,80.39360500474888
78,4,1.0438032055591422,1.1162444224105077,1.0174626332831984,0.948154430975228,0.145269363832837,0.41752081627981474,0.4402095122098318,1.0091817303083772,0.8768207846292797,0.32786885245901637,0.07503403733217336,0.07584820451842375,0.25108813317613254,0.1565082202934094,0.9180327868852459,82.02867152810727
78,5,1.0438032055591422,1.1162444224105077,1.0174626332831984,0.948154430975228,0.145269363832837,0.4346633290244977,0.4579422552874767,1.0189088230992098,0.892703652768023,0.3114754098360656,0.06593608321791736,0.06732978969032564,0.25,0.12592527625982797,0.8852459016393442,84.83053922080434
78,6,1.0438032055591422,1.1162444224105077,1.0174626332831984,0.948154430975228,0.145269363832837,0.430621957786432,0.45106190491675746,1.0234644319833706,0.887512467676436,0.32786885245901637,0.0666486975424312,0.06403273677071698,0.28003409527645573,0.12462898775085451,0.9016393442622951,84.52268948730995
78,7,1.0438032055591422,1.1162444224105077,1.0174626332831984,0.948154430975228,0.145269363832837,0.4144568862891425,0.43532953875758074,1.0003931500747782,0.8619266592719755,0.3442622950819672,0.08059622379707666,0.07575304521810075,0.25,0.14742795982769794,0.9016393442622951,80.5537737546845
78,8,1.0438032055591422,1.1162444224105077,1.0174626332831984,0.948154430975228,0.145269363832837,0.42022446935489305,0.44151403145824536,1.0008452242820525,0.8815338904338447,0.32786885245901637,0.0740125517521315,0.07124871367281585,0.35726156152674804,0.14508926116924958,0.9016393442622951,82.38737694981167
78,9,1.0438032055591422,1.1162444224105077,1.0174626332831984,0.948154430975228,0.145269363832837,0.4246429478292505,0.4455027530498698,0.9912916736263426,0.8771366812131618,0.3114754098360656,0.0761829340613174,0.06092816205377404,0.25499915362298253,0.10945180990654535,0.9016393442622951,82.05953155450715
79,0,0.8636917846252539,0.8470689063160035,1.119224286539351,1.093622475479442,3.625878888357315,0.9489579092146905,1.287178316645887,2.9652735859289265,2.5885217897101938,0.9016393442622951,0.3092041368187306,0.38418821771493117,0.7819875434139334,0.6850725371676661,0.8852459016393442,67.41645400536127
79,1,0.8636917846252539,0.8470689063160035,1.119224286539351,1.093622475479442,3.625878888357315,0.9489167652045384,1.2774564174316778,2.9756968645450215,2.5974806036882256,0.8688524590163934,0.30457183923525344,0.3732473290048932,0.8123290508519361,0.6940068261320265,0.8360655737704918,67.90320812072456
79,2,0.8636917846252539,0.8470689063160035,1.119224286539351,1.093622475479442,3.625878888357315,0.9442665251938235,1.2771749504690162,2.9387014745312214,2.5983029006946743,0.9016393442622951,0.3011134533140539,0.3718938566850605,0.7565511070287485,0.6792155850834874,0.9016393442622951,68.11139172255987
79,3,0.8636917846252539,0.8470689063160035,1.119224286539351,1.093622475479442,3.625878888357315,0.9566322411350939,1.2859027332692794,2.9504597446287875,2.585803149475636,0.9016393442622951,0.31553883788198395,0.38104508547580923,0.7661797490756612,0.6822738421912803,0.8852459016393442,67.01565927700902
79,4,0.8636917846252539,0.8470689063160035,1.119224286539351,1.093622475479442,3.625878888357315,0.9567342075578581,1.289241967798748,2.9521570914496067,2.5876602019662585,0.8852459016393442,0.3164652377495645,0.3854693086944457,0.7936714652275683,0.7119503718016461,0.8688524590163934,66.922345281521
79,5,0.8636917846252539,0.8470689063160035,1.119224286539351,1.093622475479442,3.625878888357315,0.948069546901163,1.2847941428516643,2.940356606480364,2.577650982525748,0.8852459016393442,0.3047594720425861,0.3796853180171064,0.77376967303924,0.6740485283005385,0.8688524590163934,67.8547345984569
79,6,0.8636917846252539,0.8470689063160035,1.119224286539351,1.093622475479442,3.625878888357315,0.9619750481174224,1.2970052985001674,2.968638080656831,2.5965988278548795,0.9016393442622951,0.3218045902047858,0.3960006737344212,0.7968218534494795,0.6967864061861819,0.8688524590163934,66.5475117224137
79,7,0.8636917846252539,0.8470689063160035,1.119224286539351,1.093622475479442,3.625878888357315,0.9529121867842573,1.2882185473874415,2.9581180703343506,2.590255497917494,0.9016393442622951,0.3135963921392471,0.3856566940424141,0.7862047931288885,0.7001546874517331,0.8852459016393442,67.09073548555146
79,8,0.8636917846252539,0.8470689063160035,1.119224286539351,1.093622475479442,3.625878888357315,0.9722801140910319,1.3027072303178209,2.9698815157896163,2.6365439621994047,0.9180327868852459,0.33250805912051523,0.3994342628249724,0.804871610870066,0.690875850404757,0.8852459016393442,65.80120746052988
79,9,0.8636917846252539,0.8470689063160035,1.119224286539351,1.093622475479442,3.625878888357315,0.9494994681727691,1.2886279358056743,2.9450183564031747,2.5777297259839926,0.9508196721311475,0.31177707619454903,0.3873579087847772,0.7612875432004742,0.6848571463453597,0.9180327868852459,67.16405994470566
80,0,0.9246442861338884,0.9582321034109866,1.2249434604798966,0.978242748814924,-0.0674509004448449,0.06067729931111591,0.056454193359772704,0.25,0.09781021775588528,0.9180327868852459,0.06067729931111591,0.056454193359772704,0.25,0.09781021775588528,0.9180327868852459,0.0
80,1,0.9246442861338884,0.9582321034109866,1.2249434604798966,0.978242748814924,-0.0674509004448449,0.08710684478688072,0.07767374844307463,0.3256242843069046,0.13984090609377378,0.8852459016393442,0.08710684478688072,0.07767374844307463,0.3256242843069046,0.13984090609377378,0.8852459016393442,0.0
80,2,0.9246442861338884,0.9582321034109866,1.2249434604798966,0.978242748814924,-0.0674509004448449,0.056937166066508664,0.04891259349812385,0.25,0.08606466838076017,0.8524590163934426,0.056937166066508664,0.04891259349812385,0.25,0.08606466838076017,0.8524590163934426,0.0
80,3,0.9246442861338884,0.9582321034109866,1.2249434604798966,0.978242748814924,-0.0674509004448449,0.07765468938879405,0.06812932262437173,0.25,0.11874902586662732,0.9016393442622951,0.07765468938879405,0.06812932262437173,0.25,0.11874902586662732,0.9016393442622951,0.0
80,4,0.9246442861338884,0.9582321034109866,1.2249434604798966,0.978242748814924,-0.0674509004448449,0.07272687779520667,0.0697496374877735,0.25,0.125,0.9016393442622951,0.07272687779520667,0.0697496374877735,0.25,0.125,0.9016393442622951,0.0
80,5,0.9246442861338884,0.9582321034109866,1.2249434604798966,0.978242748814924,-0.0674509004448449,0.06804198323458041,0.06605112279101076,0.25,0.11239253069420842,0.9016393442622951,0.06804198323458041,0.06605112279101076,0.25,0.11239253069420842,0.9016393442622951,0.0
80,6,0.9246442861338884,0.9582321034109866,1.2249434604798966,0.978242748814924,-0.0674509004448449,0.07515398291190793,0.07237969136666207,0.25,0.13520223611405982,0.9180327868852459,0.07515398291190793,0.07237969136666207,0.25,0.13520223611405982,0.9180327868852459,0.0
80,7,0.9246442861338884,0.9582321034109866,1.2249434604798966,0.978242748814924,-0.0674509004448449,0.07600112244715401,0.06521589516349094,0.25,0.12080197740764903,0.8852459016393442,0.07600112244715401,0.06521589516349094,0.25,0.12080197740764903,0.8852459016393442,0.0
80,8,0.9246442861338884,0.9582321034109866,1.2249434604798966,0.978242748814924,-0.0674509004448449,0.056096350671496445,0.05374379573254328,0.25,0.09467797444009138,0.9344262295081968,0.056096350671496445,0.05374379573254328,0.25,0.09467797444009138,0.9344262295081968,0.0
80,9,0.9246442861338884,0.9582321034109866,1.2249434604798966,0.978242748814924,-0.0674509004448449,0.07797093918295167,0.06731873455324588,0.25,0.12047002090882161,0.9508196721311475,0.07797093918295167,0.06731873455324588,0.25,0.12047002090882161,0.9508196721311475,0.0
81,0,0.8965956528357073,0.7797447348115597,0.9965435311528084,1.099719389561683,-1.590836498299404,0.7170673560279205,0.9944240350141235,2.311637696651502,2.0419910400664834,0.9180327868852459,0.12666194496534267,0.14411989822943153,0.34152577649251015,0.27027790169159555,0.9180327868852459,82.33611614019551
81,1,0.8965956528357073,0.7797447348115597,0.9965435311528084,1.099719389561683,-1.590836498299404,0.7433824347571583,1.0099877313960983,2.343108728762992,2.043011657049688,0.9180327868852459,0.1524941213611405,0.16362398458633035,0.3551307676422297,0.2931489161415954,0.8524590163934426,79.48645081841946
81,2,0.8965956528357073,0.7797447348115597,0.9965435311528084,1.099719389561683,-1.590836498299404,0.7394916159743201,1.0148179102444275,2.3530602557437987,2.0771572591036915,0.8524590163934426,0.14435160566225433,0.1688574971325193,0.342820985030869,0.2845214846787968,0.8360655737704918,80.47961565161718
81,3,0.8965956528357073,0.7797447348115597,0.9965435311528084,1.099719389561683,-1.590836498299404,0.7359399200763522,1.0075181080517057,2.333509129224275,2.0630953866254647,0.8688524590163934,0.144375167560017,0.16076789101165767,0.343041465005264,0.27962324592298415,0.8360655737704918,80.38220734852399
81,4,0.8965956528357073,0.7797447348115597,0.9965435311528084,1.099719389561683,-1.590836498299404,0.7386600048301382,1.010660643659531,2.31194026175514,2.0457079355313144,0.8852459016393442,0.14167839139487007,0.16024995484668916,0.342448347724023,0.279450949030047,0.8852459016393442,80.81953937286069
81,5,0.8965956528357073,0.7797447348115597,0.9965435311528084,1.099719389561683,-1.590836498299404,0.7350237151021634,1.0065119720831044,2.316016125978699,2.040731636052171,0.8688524590163934,0.14774411674290963,0.1665078946856999,0.3472856127426809,0.28619887923423026,0.8524590163934426,79.89940818135722
81,6,0.8965956528357073,0.7797447348115597,0.9965435311528084,1.099719389561683,-1.590836498299404,0.720022553342918,0.9988455488943331,2.332696090794414,2.0296700682342674,0.8688524590163934,0.13161748855142688,0.15390830746081274,0.32900793311272736,0.2651740829369558,0.8360655737704918,81.72036584960378
81,7,0.8965956528357073,0.7797447348115597,0.9965435311528084,1.099719389561683,-1.590836498299404,0.7225352833748206,0.9940907379667865,2.298168533315504,2.037133029084467,0.8524590163934426,0.13306506218325265,0.14941818386709854,0.3262736144497893,0.25,0.819672131147541,81.58358972288082
81,8,0.8965956528357073,0.7797447348115597,0.9965435311528084,1.099719389561683,-1.590836498299404,0.7245146699627442,0.9957966572944359,2.341809012393057,2.0498694072514567,0.9016393442622951,0.12751090817188185,0.14412923302655611,0.36294420440044206,0.29092557014767534,0.8524590163934426,82.40050706241205
81,9,0.8965956528357073,0.7797447348115597,0.9965435311528084,1.099719389561683,-1.590836498299404,0.7387703376203949,1.010459510462117,2.3538663539152083,2.057183445252803,0.8852459016393442,0.13783563059098897,0.15904366752925692,0.35814632108733235,0.2951026344334906,0.8688524590163934,81.34256025560497
82,0,1.1342237814618676,1.033936068580628,1.1244436920104548,1.0130881993540195,-2.03634147756576,0.2618597566756655,0.2766171209696311,0.6072750091357193,0.5344265532149791,0.5409836065573771,0.11087196285508265,0.12528101325072413,0.3903869584049531,0.2535520330900667,0.8688524590163934,57.659793065336665
82,1,1.1342237814618676,1.033936068580628,1.1244436920104548,1.0130881993540195,-2.03634147756576,0.2693601300580921,0.2778413776966318,0.6104603992932454,0.5373078362620888,0.5245901639344263,0.10273464164737801,0.10987835505769764,0.35361269623844294,0.20928406454653442,0.9016393442622951,61.859744563821856
82,2,1.1342237814618676,1.033936068580628,1.1244436920104548,1.0130881993540195,-2.03634147756576,0.25288016862181645,0.26812289657056737,0.5737770275362379,0.5097519292792172,0.5081967213114754,0.11957652067875511,0.13781650215230543,0.3983863673963839,0.29268944371952305,0.8360655737704918,52.71415653886944
82,3,1.1342237814618676,1.033936068580628,1.1244436920104548,1.0130881993540195,-2.03634147756576,0.25472950781537457,0.2657615471874681,0.6100247191253345,0.5283090329543684,0.4918032786885246,0.10131443539376958,0.11766182640871507,0.36448184617051993,0.22710573567817122,0.8524590163934426,60.226659148102584
82,4,1.1342237814618676,1.033936068580628,1.1244436920104548,1.0130881993540195,-2.03634147756576,0.25494805179084257,0.26911223157129444,0.580556305968635,0.519668777953946,0.5409836065573771,0.12372856663048022,0.1538947965655512,0.34688798522464737,0.26675136668935695,0.8524590163934426,51.46910683907238
82,5,1.1342237814618676,1.033936068580628,1.1244436920104548,1.0130881993540195,-2.03634147756576,0.25963303576040603,0.27141681911216115,0.6198269446110274,0.5319484082136328,0.5081967213114754,0.11642079035586654,0.13631396602932275,0.31553730115154366,0.2557684244715617,0.8852459016393442,55.159484995853255
82,6,1.1342237814618676,1.033936068580628,1.1244436920104548,1.0130881993540195,-2.03634147756576,0.2533268066146781,0.264811486521698,0.5996330885661294,0.5127316319995657,0.5081967213114754,0.11523001945121893,0.13368937840067482,0.3412009929493607,0.26068069629854745,0.819672131147541,54.513294115577295
82,7,1.1342237814618676,1.033936068580628,1.1244436920104548,1.0130881993540195,-2.03634147756576,0.2738144754941436,0.2825424760131621,0.6299666923253611,0.5449680034579303,0.5409836065573771,0.13027934052635806,0.14150047449427988,0.4204428665372504,0.25,0.8524590163934426,52.42057955802103
82,8,1.1342237814618676,1.033936068580628,1.1244436920104548,1.0130881993540195,-2.03634147756576,0.27227506383778194,0.2869138981013903,0.6222346349450731,0.5504027251060877,0.5081967213114754,0.10467295576968164,0.11017518908338383,0.33384793252724165,0.2014822029763366,0.819672131147541,61.556172535857165
82,9,1.1342237814618676,1.033936068580628,1.1244436920104548,1.0130881993540195,-2.03634147756576,0.2511437657040855,0.2624296241717499,0.5806592735937244,0.5003595047883864,0.5409836065573771,0.13854057905870837,0.16574589014251512,0.4244568090938827,0.35755530928242807,0.8688524590163934,44.836146471600564
83,0,0.856632320368972,1.1249644594056332,0.963528714666558,1.0327252304632062,2.0970292134106474,0.0824804779144549,0.07054921207495264,0.25,0.14339219399856948,0.8688524590163934,0.08134329215801205,0.06684570187564493,0.25,0.12872436429309886,0.8688524590163934,1.3787332289978853
83,1,0.856632320368972,1.1249644594056332,0.963528714666558,1.0327252304632062,2.0970292134106474,0.08562479398599634,0.07603344276932057,0.25,0.15951754807951068,0.8852459016393442,0.08475550871751132,0.0746309737846002,0.25,0.15501224653454104,0.9016393442622951,1.0152261138604224
83,2,0.856632320368972,1.1249644594056332,0.963528714666558,1.0327252304632062,2.0970292134106474,0.08742417508032758,0.06870341933724217,0.25,0.1341314956851889,0.8360655737704918,0.08742417508032758,0.06870341933724217,0.25,0.1341314956851889,0.8360655737704918,0.0
83,3,0.856632320368972,1.1249644594056332,0.963528714666558,1.0327252304632062,2.0970292134106474,0.08398101394926043,0.07753851092414389,0.3234457373471997,0.1470958242669866,0.8524590163934426,0.08373350325248086,0.0734267470366198,0.3234457373471997,0.1417731184764662,0.8688524590163934,0.2947222058179861
83,4,0.856632320368972,1.1249644594056332,0.963528714666558,1.0327252304632062,2.0970292134106474,0.07301670356417768,0.06318067489802079,0.25,0.12490484616443638,0.8524590163934426,0.06916023593466512,0.057603396888587025,0.25,0.1120577123830188,0.8852459016393442,5.281623849429099
83,5,0.856632320368972,1.1249644594056332,0.963528714666558,1.0327252304632062,2.0970292134106474,0.07501985108461064,0.0663216193789983,0.25,0.1280287759568296,0.8852459016393442,0.07364423216067162,0.06355063872154906,0.25,0.12657883802760922,0.9016393442622951,1.8336732265537758
83,6,0.856632320368972,1.1249644594056332,0.963528714666558,1.0327252304632062,2.0970292134106474,0.09868161513324035,0.0720954773909269,0.25,0.14644554909382637,0.8852459016393442,0.0983871847548808,0.07206340761688931,0.25,0.1439703587097924,0.9016393442622951,0.2983639637049
83,7,0.856632320368972,1.1249644594056332,0.963528714666558,1.0327252304632062,2.0970292134106474,0.07841070502205136,0.06539802466752768,0.25,0.13158665845227094,0.9180327868852459,0.07784173342373533,0.06383609928038492,0.25,0.12894730276892125,0.9180327868852459,0.7256299993170727
83,8,0.856632320368972,1.1249644594056332,0.963528714666558,1.0327252304632062,2.0970292134106474,0.09093525985440487,0.07039852428307611,0.25,0.15165675961931274,0.8852459016393442,0.09093525985440487,0.07039852428307611,0.25,0.15165675961931274,0.8852459016393442,0.0
83,9,0.856632320368972,1.1249644594056332,0.963528714666558,1.0327252304632062,2.0970292134106474,0.0803106817662525,0.0682965075501082,0.33537625803853643,0.125,0.8688524590163934,0.0803106817662525,0.0682965075501082,0.33537625803853643,0.125,0.8688524590163934,0.0
84,0,0.8821198853086897,1.02622392020046,1.0443373498683723,0.9515963709218276,3.8278722198876167,0.18571559108671726,0.21625317283706333,0.45273954903338876,0.39402066552020615,0.9180327868852459,0.179772297282539,0.20267467477053008,0.4285782184855691,0.36712504830877185,0.9180327868852459,3.2002126312610617
84,1,0.8821198853086897,1.02622392020046,1.0443373498683723,0.9515963709218276,3.8278722198876167,0.1841973149474277,0.21619488665364173,0.4654544071982727,0.3894266917440618,0.9344262295081968,0.17398296176853728,0.19503659013388663,0.4467542638345918,0.3712618480072835,0.9180327868852459,5.545332287718592
84,2,0.8821198853086897,1.02622392020046,1.0443373498683723,0.9515963709218276,3.8278722198876167,0.2134471971154426,0.24898397615530998,0.5362033970879736,0.4617917476936299,0.9180327868852459,0.20676994907928536,0.23636569794493828,0.4901350937062148,0.43155358017491785,0.9180327868852459,3.1282903342815325
84,3,0.8821198853086897,1.02622392020046,1.0443373498683723,0.9515963709218276,3.8278722198876167,0.19078854794126307,0.22340053605354324,0.4486307882304459,0.4032481949301584,0.9344262295081968,0.18446679377430564,0.2091126711673104,0.4308160821772944,0.3696566934859661,0.9344262295081968,3.313487227180781
84,4,0.8821198853086897,1.02622392020046,1.0443373498683723,0.9515963709218276,3.8278722198876167,0.16871287531020024,0.20228450471369921,0.43652926343082754,0.3787146223977686,0.9016393442622951,0.1523330392211403,0.17517507248101585,0.38412109135676076,0.3322146693294357,0.9016393442622951,9.70870543160592
84,5,0.8821198853086897,1.02622392020046,1.0443373498683723,0.9515963709218276,3.8278722198876167,0.20046381932777205,0.22793236551713592,0.5004675096790194,0.4353308339172656,0.9344262295081968,0.1924230963692549,0.21020035875683835,0.4822499622264189,0.3882955753347062,0.9344262295081968,4.011059444781915
84,6,0.8821198853086897,1.02622392020046,1.0443373498683723,0.9515963709218276,3.8278722198876167,0.18404394826672935,0.2138058795195408,0.46399742449776227,0.39719967300024595,0.9180327868852459,0.17571646213514291,0.19608921296480442,0.41988678128504375,0.36392731876069606,0.9016393442622951,4.524726952454669
84,7,0.8821198853086897,1.02622392020046,1.0443373498683723,0.9515963709218276,3.8278722198876167,0.1922357762064712,0.22005773100261036,0.43898503348805207,0.3925849797582671,0.9180327868852459,0.1851943888163759,0.20461012861106045,0.41043508074307766,0.3596955795392958,0.9180327868852459,3.662891231303628
84,8,0.8821198853086897,1.02622392020046,1.0443373498683723,0.9515963709218276,3.8278722198876167,0.16788583648211927,0.19922776101262402,0.4287283216768927,0.3674778994013721,0.9180327868852459,0.1623188463503613,0.18712318244810655,0.40149477438907155,0.342657215281551,0.9016393442622951,3.3159379304464873
84,9,0.8821198853086897,1.02622392020046,1.0443373498683723,0.9515963709218276,3.8278722198876167,0.19805290744165938,0.2281324823163433,0.4689858215666902,0.4091590889733809,0.9016393442622951,0.19183037429383495,0.21375601202383748,0.43128070506507754,0.3733113078397665,0.9016393442622951,3.141853976396382
85,0,0.9693911919669632,0.9478190710078072,0.9061906057007152,1.0253526866121283,-1.7251454638232218,0.07919750677580159,0.08466839972169882,0.2777041136675251,0.13551641218244584,0.9016393442622951,0.07921351924716312,0.08461038568297527,0.2777041136675251,0.13551641218244584,0.9016393442622951,-0.020218403348047666
85,1,0.9693911919669632,0.9478190710078072,0.9061906057007152,1.0253526866121283,-1.7251454638232218,0.06983069019936941,0.06387044545155016,0.25,0.11845983596306837,0.9016393442622951,0.06983069019936941,0.06387044545155016,0.25,0.11845983596306837,0.9016393442622951,0.0
85,2,0.9693911919669632,0.9478190710078072,0.9061906057007152,1.0253526866121283,-1.7251454638232218,0.06949641214367187,0.07093731261566599,0.26430126921500374,0.12061769564359257,0.8852459016393442,0.06949641214367187,0.07093731261566599,0.26430126921500374,0.12061769564359257,0.8852459016393442,0.0
85,3,0.9693911919669632,0.9478190710078072,0.9061906057007152,1.0253526866121283,-1.7251454638232218,0.0577050543513278,0.0574781888543451,0.25,0.09840466187496162,0.8688524590163934,0.0577050543513278,0.0574781888543451,0.25,0.09840466187496162,0.8688524590163934,0.0
85,4,0.9693911919669632,0.9478190710078072,0.9061906057007152,1.0253526866121283,-1.7251454638232218,0.05406746964999974,0.05495224984033084,0.29244442918834324,0.09210379558103485,0.9344262295081968,0.05406746964999974,0.05495224984033084,0.29244442918834324,0.09210379558103485,0.9344262295081968,0.0
85,5,0.9693911919669632,0.9478190710078072,0.9061906057007152,1.0253526866121283,-1.7251454638232218,0.07086727126597082,0.07017437683388206,0.25,0.12708850990815534,0.9016393442622951,0.07086727126597082,0.07017437683388206,0.25,0.12708850990815534,0.9016393442622951,0.0
85,6,0.9693911919669632,0.9478190710078072,0.9061906057007152,1.0253526866121283,-1.7251454638232218,0.06942685830612659,0.06957239057554505,0.25,0.12491140872228641,0.9508196721311475,0.06942685830612659,0.06957239057554505,0.25,0.12491140872228641,0.9508196721311475,0.0
85,7,0.9693911919669632,0.9478190710078072,0.9061906057007152,1.0253526866121283,-1.7251454638232218,0.0609372539735119,0.06802376920048724,0.25,0.12029740650710898,0.9508196721311475,0.0609372539735119,0.06802376920048724,0.25,0.12029740650710898,0.9508196721311475,0.0
85,8,0.9693911919669632,0.9478190710078072,0.9061906057007152,1.0253526866121283,-1.7251454638232218,0.06185157255393296,0.06041656849621834,0.25,0.11396936575341675,0.9344262295081968,0.06185157255393296,0.06041656849621834,0.25,0.11396936575341675,0.9344262295081968,0.0
85,9,0.9693911919669632,0.9478190710078072,0.9061906057007152,1.0253526866121283,-1.7251454638232218,0.06338973148197757,0.06829706542739153,0.25,0.12476080685630395,0.9344262295081968,0.06338973148197757,0.06829706542739153,0.25,0.12476080685630395,0.9344262295081968,0.0
86,0,0.9912741544146796,1.0179192514860462,0.8667991845671974,1.1362772858732848,3.3416305336029746,0.5920106768957233,0.7921438498570299,1.8258365653114765,1.6018045936681393,0.9344262295081968,0.09270466363558358,0.08890019837136233,0.25,0.1833020038161948,0.819672131147541,84.340710859863
86,1,0.9912741544146796,1.0179192514860462,0.8667991845671974,1.1362772858732848,3.3416305336029746,0.5983051765552847,0.7960504873350742,1.8186922621918669,1.6070378991658232,0.9180327868852459,0.09308618949968975,0.08971083227394568,0.25,0.1792918941931447,0.8524590163934426,84.44168742854119
86,2,0.9912741544146796,1.0179192514860462,0.8667991845671974,1.1362772858732848,3.3416305336029746,0.5978300717708633,0.7957217286454765,1.8093639003654758,1.5948666728509708,0.9508196721311475,0.0957171950413167,0.098485770267966,0.26610880054843733,0.2113630582965684,0.819672131147541,83.98923045844987
86,3,0.9912741544146796,1.0179192514860462,0.8667991845671974,1.1362772858732848,3.3416305336029746,0.599474629784619,0.7990133767001499,1.8298311282478394,1.5880054862651167,0.8852459016393442,0.10599282487335822,0.0967699804398303,0.2825344440841633,0.20313175336728193,0.7868852459016393,82.31904744468675
86,4,0.9912741544146796,1.0179192514860462,0.8667991845671974,1.1362772858732848,3.3416305336029746,0.5791788158255774,0.785041381958492,1.8035767563878267,1.58428244802588,0.8852459016393442,0.08298799178456988,0.09129391038102942,0.2655180213484414,0.18975397321890738,0.8032786885245902,85.67143867886871
86,5,0.9912741544146796,1.0179192514860462,0.8667991845671974,1.1362772858732848,3.3416305336029746,0.6034383334847708,0.8021082477463377,1.8668952146127253,1.6047520608735155,0.9508196721311475,0.08360094131941215,0.08196189531116013,0.25,0.16828301721461117,0.819672131147541,86.1459014649221
86,6,0.9912741544146796,1.0179192514860462,0.8667991845671974,1.1362772858732848,3.3416305336029746,0.593917453056544,0.7958323829073916,1.860937977877839,1.6260862192396106,0.9180327868852459,0.0799024597399651,0.08558428619874017,0.2906189805451618,0.1879616887264888,0.8360655737704918,86.54653785155595
86,7,0.9912741544146796,1.0179192514860462,0.8667991845671974,1.1362772858732848,3.3416305336029746,0.6050133583337098,0.7996957046446702,1.868298150842861,1.626942943426768,0.9508196721311475,0.08386789651679685,0.08056304757856855,0.25,0.17263237429134226,0.8524590163934426,86.13784384070782
86,8,0.9912741544146796,1.0179192514860462,0.8667991845671974,1.1362772858732848,3.3416305336029746,0.588341918057868,0.7890663223994839,1.821117042747133,1.599057845193728,0.9016393442622951,0.07304193108916054,0.08087770657073048,0.25,0.1755751279012246,0.8524590163934426,87.5851220442912
86,9,0.9912741544146796,1.0179192514860462,0.8667991845671974,1.1362772858732848,3.3416305336029746,0.5898420966380553,0.791191916960813,1.804611529554748,1.5876925042600605,0.8688524590163934,0.09402311465479149,0.09821051168983809,0.31059279451445576,0.20531821364002953,0.8360655737704918,84.05961270131472
87,0,0.997110026056338,0.9172530449470316,0.8362000902317717,0.9530864577380744,-0.4628433680970318,0.06062777019101248,0.060779176247684745,0.25,0.11058247009469256,0.8688524590163934,0.06062777019101248,0.060779176247684745,0.25,0.11058247009469256,0.8688524590163934,0.0
87,1,0.997110026056338,0.9172530449470316,0.8362000902317717,0.9530864577380744,-0.4628433680970318,0.06874550465778542,0.06596563109384516,0.25,0.12236761033341996,0.9016393442622951,0.06874550465778542,0.06596563109384516,0.25,0.12236761033341996,0.9016393442622951,0.0
87,2,0.997110026056338,0.9172530449470316,0.8362000902317717,0.9530864577380744,-0.4628433680970318,0.06365288011929889,0.0685283917531799,0.25,0.12898985393286894,0.8524590163934426,0.06365288011929889,0.0685283917531799,0.25,0.12898985393286894,0.8524590163934426,0.0
87,3,0.997110026056338,0.9172530449470316,0.8362000902317717,0.9530864577380744,-0.4628433680970318,0.06155055006037811,0.06127194939058679,0.25,0.11814410150976755,0.9180327868852459,0.06155055006037811,0.06127194939058679,0.25,0.11814410150976755,0.9180327868852459,0.0
87,4,0.997110026056338,0.9172530449470316,0.8362000902317717,0.9530864577380744,-0.4628433680970318,0.06254754127902022,0.058381422566324614,0.25,0.1135415866106641,0.8688524590163934,0.06254754127902022,0.058381422566324614,0.25,0.1135415866106641,0.8688524590163934,0.0
87,5,0.997110026056338,0.9172530449470316,0.8362000902317717,0.9530864577380744,-0.4628433680970318,0.06885461577387296,0.06871234219249867,0.25,0.13758705351531547,0.8524590163934426,0.06885461577387296,0.06871234219249867,0.25,0.13758705351531547,0.8524590163934426,0.0
87,6,0.997110026056338,0.9172530449470316,0.8362000902317717,0.9530864577380744,-0.4628433680970318,0.051493476812472856,0.052600522929539005,0.25568608604915255,0.08665534963344472,0.8360655737704918,0.051493476812472856,0.052600522929539005,0.25568608604915255,0.08665534963344472,0.8360655737704918,0.0
87,7,0.997110026056338,0.9172530449470316,0.8362000902317717,0.9530864577380744,-0.4628433680970318,0.06198450952550848,0.07270387438105598,0.25,0.1360663196326101,0.9180327868852459,0.06198450952550848,0.07270387438105598,0.25,0.1360663196326101,0.9180327868852459,0.0
87,8,0.997110026056338,0.9172530449470316,0.8362000902317717,0.9530864577380744,-0.4628433680970318,0.054881384368001745,0.05400223504400604,0.25,0.11575305399806986,0.8524590163934426,0.054881384368001745,0.05400223504400604,0.25,0.11575305399806986,0.8524590163934426,0.0
87,9,0.997110026056338,0.9172530449470316,0.8362000902317717,0.9530864577380744,-0.4628433680970318,0.05615548266637928,0.05705620418430943,0.25,0.10545754537332215,0.8524590163934426,0.05615548266637928,0.05705620418430943,0.25,0.10545754537332215,0.8524590163934426,0.0
88,0,1.055687155058505,1.0424613701185708,1.2404526761048285,1.0547622972147392,-1.0541800721730925,0.07159363560903487,0.0684276340216792,0.25,0.1172509376585964,0.8852459016393442,0.07159363560903487,0.0684276340216792,0.25,0.1172509376585964,0.8852459016393442,0.0
88,1,1.055687155058505,1.0424613701185708,1.2404526761048285,1.0547622972147392,-1.0541800721730925,0.06631030876060195,0.0683262241394342,0.25,0.12479728672062579,0.8032786885245902,0.06631030876060195,0.0683262241394342,0.25,0.12479728672062579,0.8032786885245902,0.0
88,2,1.055687155058505,1.0424613701185708,1.2404526761048285,1.0547622972147392,-1.0541800721730925,0.08979628014383986,0.09078468164775062,0.25,0.158794645776014,0.8688524590163934,0.08979628014383986,0.09078468164775062,0.25,0.158794645776014,0.8688524590163934,0.0
88,3,1.055687155058505,1.0424613701185708,1.2404526761048285,1.0547622972147392,-1.0541800721730925,0.09175614010350693,0.08965529874630898,0.25,0.14634156529308343,0.819672131147541,0.09175614010350693,0.08965529874630898,0.25,0.14634156529308343,0.819672131147541,0.0
88,4,1.055687155058505,1.0424613701185708,1.2404526761048285,1.0547622972147392,-1.0541800721730925,0.08504492982567838,0.08142730094467975,0.25,0.1517731132503599,0.8852459016393442,0.08504492982567838,0.08142730094467975,0.25,0.1517731132503599,0.8852459016393442,0.0
88,5,1.055687155058505,1.0424613701185708,1.2404526761048285,1.0547622972147392,-1.0541800721730925,0.07957632188586261,0.07178641851044476,0.25,0.12222914160281136,0.8852459016393442,0.07957632188586261,0.07178641851044476,0.25,0.12222914160281136,0.8852459016393442,0.0
88,6,1.055687155058505,1.0424613701185708,1.2404526761048285,1.0547622972147392,-1.0541800721730925,0.07115922808754926,0.0706342439307511,0.25,0.13163956681712677,0.8524590163934426,0.07115922808754926,0.0706342439307511,0.25,0.13163956681712677,0.8524590163934426,0.0
88,7,1.055687155058505,1.0424613701185708,1.2404526761048285,1.0547622972147392,-1.0541800721730925,0.08319374592219365,0.0850443146197848,0.25,0.1546987824429735,0.8360655737704918,0.08319374592219365,0.0850443146197848,0.25,0.1546987824429735,0.8360655737704918,0.0
88,8,1.055687155058505,1.0424613701185708,1.2404526761048285,1.0547622972147392,-1.0541800721730925,0.07141699010688972,0.07112939249565758,0.25,0.122230174071899,0.8688524590163934,0.07191817113002534,0.0713380378406824,0.25,0.12377782666147683,0.8688524590163934,-0.7017672158760888
88,9,1.055687155058505,1.0424613701185708,1.2404526761048285,1.0547622972147392,-1.0541800721730925,0.08612535017413511,0.08968449716200697,0.25,0.1382431208756941,0.9344262295081968,0.086171150394161,0.0898861289708818,0.25,0.1382431208756941,0.9344262295081968,-0.053178558848564886
89,0,0.9285975527310246,0.8915326241224375,0.8285095701949408,0.8901528896265302,4.602301597962207,0.3370531640464981,0.4592915883027494,1.0665198336260673,0.916471067236526,0.8852459016393442,0.2045441831357126,0.2341188284226092,0.7326359780243621,0.5848092877908926,0.7540983606557377,39.31397033036167
89,1,0.9285975527310246,0.8915326241224375,0.8285095701949408,0.8901528896265302,4.602301597962207,0.3258256205911303,0.45424926299194035,1.0394260124294519,0.9008065081902246,0.9180327868852459,0.20572161049926807,0.23185570133863886,0.8264234332302962,0.5438170122540003,0.7868852459016393,36.86143829756637
89,2,0.9285975527310246,0.8915326241224375,0.8285095701949408,0.8901528896265302,4.602301597962207,0.33566989307119427,0.4569389071442672,1.064314085056914,0.9288004170892379,0.8852459016393442,0.21641024339815987,0.23857703293669785,0.6554780754578786,0.5218230793307798,0.639344262295082,35.528849067121996
89,3,0.9285975527310246,0.8915326241224375,0.8285095701949408,0.8901528896265302,4.602301597962207,0.333263711256734,0.4587642172371084,1.047764107366639,0.9072644823180682,0.9344262295081968,0.2292839921315478,0.2615118437406887,0.7219090321411485,0.5358410984505326,0.6065573770491803,31.200432454250645
89,4,0.9285975527310246,0.8915326241224375,0.8285095701949408,0.8901528896265302,4.602301597962207,0.34045181914160755,0.465030192951794,1.0940610604622876,0.9592537237336103,0.8524590163934426,0.20850287662007946,0.23109773663252578,0.6126363236420147,0.5138853087729501,0.639344262295082,38.75700909873689
89,5,0.9285975527310246,0.8915326241224375,0.8285095701949408,0.8901528896265302,4.602301597962207,0.3267452118559579,0.4524898732708581,1.0633480613427295,0.9063504065435779,0.9016393442622951,0.15407736416335205,0.18449066481577595,0.588311518890194,0.3659735815790725,0.7049180327868853,52.84479815689682
89,6,0.9285975527310246,0.8915326241224375,0.8285095701949408,0.8901528896265302,4.602301597962207,0.3352616066611514,0.4622515448851864,1.0654533650484836,0.9183249770780761,0.9344262295081968,0.2313554764202474,0.2634592209809884,0.6816137397477675,0.5364095341237359,0.5901639344262295,30.992552733878007
89,7,0.9285975527310246,0.8915326241224375,0.8285095701949408,0.8901528896265302,4.602301597962207,0.3321774723061805,0.4582057737291294,1.071793652840583,0.914149725155552,0.8524590163934426,0.23996740111736722,0.2634839446476322,0.7647390662337941,0.6591865027097286,0.6557377049180327,27.75927896272863
89,8,0.9285975527310246,0.8915326241224375,0.8285095701949408,0.8901528896265302,4.602301597962207,0.3293273479696558,0.46091603325274194,1.0803407395028728,0.9398371915026772,0.9016393442622951,0.17207754144650408,0.2021857993651598,0.5956213374482076,0.387670418672262,0.6885245901639344,47.748784755537734
89,9,0.9285975527310246,0.8915326241224375,0.8285095701949408,0.8901528896265302,4.602301597962207,0.3362149347007078,0.46080267683053794,1.0625156376898701,0.9017310100855156,0.9016393442622951,0.19815880050873,0.2247413235706326,0.5958361562659746,0.506692420128937,0.639344262295082,41.06186844878642
90,0,1.0457322578413175,0.8988209567813734,1.0887261884336223,1.063658859239212,2.5921765360857183,0.5868429533818744,0.8184969939357736,1.9183581583831355,1.6949789356726659,0.9016393442622951,0.057491096236117534,0.05263853379135756,0.25,0.10097089336055946,0.8688524590163934,90.20332511367714
90,1,1.0457322578413175,0.8988209567813734,1.0887261884336223,1.063658859239212,2.5921765360857183,0.5838530905162039,0.8070179531451744,1.9063246499714808,1.6676580705916921,0.9344262295081968,0.07188452949733153,0.05853484313041284,0.25,0.120454207259212,0.8524590163934426,87.68790802601113
90,2,1.0457322578413175,0.8988209567813734,1.0887261884336223,1.063658859239212,2.5921765360857183,0.5898272410637111,0.8155724597894413,1.9203777509431958,1.6885021408100969,0.9180327868852459,0.07050744989856586,0.05376975232143488,0.25,0.1099649646353243,0.8360655737704918,88.04608451596594
90,3,1.0457322578413175,0.8988209567813734,1.0887261884336223,1.063658859239212,2.5921765360857183,0.5718157215531602,0.8021426578363828,1.9051581310946162,1.6644644081803932,0.9508196721311475,0.07456447104693145,0.06883488035010289,0.26106803915715915,0.12928684039737137,0.8032786885245902,86.9600522971981
90,4,1.0457322578413175,0.8988209567813734,1.0887261884336223,1.063658859239212,2.5921765360857183,0.591626502050167,0.8161314862426393,1.919012722798648,1.661644377466557,0.8852459016393442,0.08996132687037812,0.07277928136857131,0.2982240501629647,0.14565469291427044,0.8360655737704918,84.79423647205887
90,5,1.0457322578413175,0.8988209567813734,1.0887261884336223,1.063658859239212,2.5921765360857183,0.6002648067872984,0.8287664728928542,1.9610197694805223,1.7069224512029693,0.9016393442622951,0.06066371467642621,0.05123051917063423,0.25,0.09834538152148727,0.8688524590163934,89.89384118634126
90,6,1.0457322578413175,0.8988209567813734,1.0887261884336223,1.063658859239212,2.5921765360857183,0.5944322634297386,0.8194275234645508,1.9278445437691474,1.680580558768503,0.8852459016393442,0.08282342953880084,0.06905330879952586,0.25,0.14401092376325977,0.8360655737704918,86.06680110851849
90,7,1.0457322578413175,0.8988209567813734,1.0887261884336223,1.063658859239212,2.5921765360857183,0.6085203077089918,0.8316406145708019,1.9322218228731174,1.7022696114468971,0.8852459016393442,0.07420558815863457,0.07668682423989463,0.35816114187706205,0.17460225487566575,0.7868852459016393,87.80556914558694
90,8,1.0457322578413175,0.8988209567813734,1.0887261884336223,1.063658859239212,2.5921765360857183,0.5923708010234731,0.8217296409686613,1.9194474399497423,1.701558598587629,0.9016393442622951,0.07428870186594362,0.06434281161058437,0.25,0.1305675555785314,0.8688524590163934,87.45908783187984
90,9,1.0457322578413175,0.8988209567813734,1.0887261884336223,1.063658859239212,2.5921765360857183,0.6021060670930628,0.8221261268098993,1.9361145123186247,1.6805519892981524,0.9016393442622951,0.06537317084239386,0.05795149694258756,0.25,0.1245239609766941,0.8688524590163934,89.14258227657261
91,0,1.0607616472082548,0.7976675397907377,1.206156341854391,0.9333522498414796,-2.0599660929548937,0.13395093331531627,0.20881756867752369,0.4906207352150105,0.4153854665903197,0.9016393442622951,0.12956831541802102,0.19279645801937495,0.42595272387442407,0.35957789468606194,0.9016393442622951,3.27180840687291
91,1,1.0607616472082548,0.7976675397907377,1.206156341854391,0.9333522498414796,-2.0599660929548937,0.14111336390692264,0.21382622037754798,0.5097955548976785,0.44433820142574665,0.9180327868852459,0.13506847394384988,0.19350577112273207,0.44473086596609335,0.3923920355306294,0.9180327868852459,4.283711900638925
91,2,1.0607616472082548,0.7976675397907377,1.206156341854391,0.9333522498414796,-2.0599660929548937,0.13881790070095001,0.21567205083455745,0.5168155733534334,0.44171808371966115,0.9180327868852459,0.13417266776317277,0.1950894467751943,0.43866678478062227,0.3719042420098447,0.9180327868852459,3.346278047947352
91,3,1.0607616472082548,0.7976675397907377,1.206156341854391,0.9333522498414796,-2.0599660929548937,0.13718243722042953,0.20642980005111722,0.48378980775056846,0.39141985531271506,0.9180327868852459,0.13304599144592977,0.1906488253098347,0.40604355380889956,0.3405155370520035,0.9180327868852459,3.0152881508098397
91,4,1.0607616472082548,0.7976675397907377,1.206156341854391,0.9333522498414796,-2.0599660929548937,0.13573943318894188,0.20832781745623935,0.5024566913308917,0.4184930856063218,0.9180327868852459,0.13116322961129978,0.19210311794922655,0.4320376990657806,0.3666666498829387,0.9180327868852459,3.37131478313474
91,5,1.0607616472082548,0.7976675397907377,1.206156341854391,0.9333522498414796,-2.0599660929548937,0.14685653885058578,0.21956405323004666,0.5132703916326236,0.44592002934553965,0.9180327868852459,0.14095635364232892,0.20313923387172736,0.4421480835116398,0.3923480172602169,0.9016393442622951,4.01765236634087
91,6,1.0607616472082548,0.7976675397907377,1.206156341854391,0.9333522498414796,-2.0599660929548937,0.1365024969480622,0.21283413921962974,0.5054314939521092,0.41577213401997715,0.9344262295081968,0.1312848858815434,0.195564992890916,0.44028296930424204,0.3696053592853247,0.9344262295081968,3.822355768703666
91,7,1.0607616472082548,0.7976675397907377,1.206156341854391,0.9333522498414796,-2.0599660929548937,0.12072179068002875,0.20415867001741014,0.49069604889181306,0.4166561759713645,0.9180327868852459,0.11374114226177753,0.18653204767092818,0.4163323774578558,0.3620274198110806,0.9016393442622951,5.782426170891814
91,8,1.0607616472082548,0.7976675397907377,1.206156341854391,0.9333522498414796,-2.0599660929548937,0.1202164496730222,0.19734495522287154,0.4907289736323932,0.4090884706930524,0.9180327868852459,0.11376478159980172,0.1796263929273233,0.4182673825563228,0.35587114217667876,0.9180327868852459,5.366709872707461
91,9,1.0607616472082548,0.7976675397907377,1.206156341854391,0.9333522498414796,-2.0599660929548937,0.11474146278314462,0.19253945315268362,0.481220692888904,0.39224122851650955,0.9016393442622951,0.10734984758446496,0.1756599463177795,0.40998204983359443,0.34693716885955866,0.9016393442622951,6.441973999102161
92,0,1.0924739343555132,0.8220696569794889,1.1025404243999133,0.9837038161733954,2.6473505695771955,0.5514740906777317,0.775319480935577,1.8512633376001517,1.6221451015571517,0.9344262295081968,0.07308119025468567,0.06973928544847735,0.25,0.13028822982454075,0.8852459016393442,86.74802833168954
92,1,1.0924739343555132,0.8220696569794889,1.1025404243999133,0.9837038161733954,2.6473505695771955,0.5486864645677674,0.7763454986708975,1.8902542236929705,1.6290879268199692,0.9016393442622951,0.08296829916632564,0.07595018330237423,0.25,0.14217810922912974,0.7868852459016393,84.87874140804901
92,2,1.0924739343555132,0.8220696569794889,1.1025404243999133,0.9837038161733954,2.6473505695771955,0.5551544930557137,0.7876118890432717,1.8830930800832775,1.6407116643276654,0.9016393442622951,0.07870788483035893,0.07551587297601671,0.25,0.1374260221037659,0.819672131147541,85.82234570468296
92,3,1.0924739343555132,0.8220696569794889,1.1025404243999133,0.9837038161733954,2.6473505695771955,0.5400129444617805,0.7746466347014733,1.8501753821453804,1.6131709992543195,0.9344262295081968,0.07996824865841048,0.08265675009812405,0.2870775893412443,0.1488074948214788,0.8360655737704918,85.19142004306708
92,4,1.0924739343555132,0.8220696569794889,1.1025404243999133,0.9837038161733954,2.6473505695771955,0.5538152248313868,0.7803722780394504,1.877213234548961,1.633048639520786,0.9344262295081968,0.07327541497122676,0.06755976688304109,0.25,0.11638511941307712,0.8360655737704918,86.768977867386
92,5,1.0924739343555132,0.8220696569794889,1.1025404243999133,0.9837038161733954,2.6473505695771955,0.5451756103881291,0.7741507480157476,1.8684513210968703,1.6114977836569566,0.9180327868852459,0.0851742302646992,0.08451952719293028,0.3178462740020862,0.14058105061628368,0.7868852459016393,84.37673501130017
92,6,1.0924739343555132,0.8220696569794889,1.1025404243999133,0.9837038161733954,2.6473505695771955,0.5549450801464811,0.7851136432449282,1.8716727089663152,1.6410290162732724,0.9016393442622951,0.07627902265902413,0.06956863338937144,0.25131446156434123,0.11814606591782138,0.7868852459016393,86.25467178862279
92,7,1.0924739343555132,0.8220696569794889,1.1025404243999133,0.9837038161733954,2.6473505695771955,0.5424637632697706,0.7750102332346531,1.8442585057162972,1.6118610998528682,0.9016393442622951,0.08146547082015637,0.0741936381275627,0.25,0.1333723869181668,0.7704918032786885,84.98232023294742
92,8,1.0924739343555132,0.8220696569794889,1.1025404243999133,0.9837038161733954,2.6473505695771955,0.545779039195004,0.777242707945546,1.8830274519251162,1.6374342495421688,0.9016393442622951,0.07153315012632892,0.07009897686459143,0.25,0.11596065026989777,0.819672131147541,86.89338633600941
92,9,1.0924739343555132,0.8220696569794889,1.1025404243999133,0.9837038161733954,2.6473505695771955,0.5396183230930228,0.7697329650974092,1.8403865318699317,1.601329430147952,0.9180327868852459,0.0914906704521958,0.08589770005042482,0.2861910133008081,0.16862085717403802,0.8360655737704918,83.04529951322203
93,0,0.9334155808786406,1.1216722807627664,1.108118957728063,0.8681709781763421,4.468653045677282,0.161230356343406,0.19942325133305958,0.46884975990101196,0.3927710162811863,0.6885245901639344,0.15197402209742034,0.18609791645019838,0.4601707542748912,0.3614693417167018,0.7377049180327869,5.7410617056942455
93,1,0.9334155808786406,1.1216722807627664,1.108118957728063,0.8681709781763421,4.468653045677282,0.17792901264227742,0.2209847896819461,0.5148980376946071,0.4243324085393639,0.7049180327868853,0.16291504161436518,0.20548875003250916,0.5239641462343698,0.3696191664702966,0.7049180327868853,8.438180375955618
93,2,0.9334155808786406,1.1216722807627664,1.108118957728063,0.8681709781763421,4.468653045677282,0.15376246619014264,0.20164572495784397,0.5136752021860502,0.4118174464409635,0.6721311475409836,0.13927070985046236,0.1853369861393318,0.5185810850068933,0.3997075188361237,0.7213114754098361,9.424768409840523
93,3,0.9334155808786406,1.1216722807627664,1.108118957728063,0.8681709781763421,4.468653045677282,0.1759537853751845,0.21705401342570893,0.49136858212195733,0.4134123796355341,0.6885245901639344,0.15603697082599313,0.19554579134036823,0.43833691834738886,0.36607043063844746,0.6885245901639344,11.319344171381672
93,4,0.9334155808786406,1.1216722807627664,1.108118957728063,0.8681709781763421,4.468653045677282,0.1571175158624961,0.20130971498182001,0.4925529311654131,0.40825877750814926,0.6721311475409836,0.12388346162490317,0.16647712999998376,0.442498620612092,0.325476557256151,0.7049180327868853,21.15235469142615
93,5,0.9334155808786406,1.1216722807627664,1.108118957728063,0.8681709781763421,4.468653045677282,0.15589855213567358,0.1992758964472751,0.43601843381256344,0.37668138941218104,0.6557377049180327,0.12873512118465388,0.17091677183377682,0.43601843381256344,0.3301518070074778,0.7213114754098361,17.423786545099034
93,6,0.9334155808786406,1.1216722807627664,1.108118957728063,0.8681709781763421,4.468653045677282,0.16140677309111046,0.20861900387939558,0.4467096958383294,0.3819859343861325,0.639344262295082,0.15023779423377856,0.18749044146742902,0.4467096958383294,0.3368318285438975,0.6885245901639344,6.919770864279197
93,7,0.9334155808786406,1.1216722807627664,1.108118957728063,0.8681709781763421,4.468653045677282,0.14166537420142625,0.18363050158752542,0.4515756460470328,0.37981616597679013,0.6065573770491803,0.12423966274409344,0.15805998875694802,0.414954515748299,0.3377945240132689,0.639344262295082,12.300614427175507
93,8,0.9334155808786406,1.1216722807627664,1.108118957728063,0.8681709781763421,4.468653045677282,0.16756014995231125,0.20700872442042056,0.5059524280584213,0.4209762971692485,0.6885245901639344,0.14351153536994152,0.182626054534173,0.5134580693894222,0.39190569512684165,0.7377049180327869,14.35222789500614
93,9,0.9334155808786406,1.1216722807627664,1.108118957728063,0.8681709781763421,4.468653045677282,0.1722404539161276,0.20784912482935516,0.49212718992329485,0.4179787847609334,0.7213114754098361,0.139213656333834,0.17226446069146584,0.4831212893592962,0.31634355278758336,0.7704918032786885,19.17482033481866
94,0,1.1233243962744826,0.8769388637582965,1.0329519174389945,1.08864577432823,-2.759605260869704,0.2761827874243432,0.39934787069639927,0.9797806864145855,0.8530830672728968,0.9180327868852459,0.14631805563194866,0.20799148268591186,0.5763957191406277,0.4211968002072142,0.9016393442622951,47.02129810604846
94,1,1.1233243962744826,0.8769388637582965,1.0329519174389945,1.08864577432823,-2.759605260869704,0.26437366964148873,0.39584103196693915,0.947395626941649,0.8190275477322985,0.8852459016393442,0.16008221031672626,0.20305475035298948,0.6504365571234985,0.38165113263947886,0.8852459016393442,39.44850463595328
94,2,1.1233243962744826,0.8769388637582965,1.0329519174389945,1.08864577432823,-2.759605260869704,0.2744566812427354,0.3999800813086978,0.9651714602117849,0.831580003383661,0.9016393442622951,0.15278237205528708,0.20110933155925118,0.6863232225526943,0.3830791918248423,0.8688524590163934,44.33279184041322
94,3,1.1233243962744826,0.8769388637582965,1.0329519174389945,1.08864577432823,-2.759605260869704,0.2654250362192997,0.392092725523175,0.9801640919919237,0.8287991377043669,0.8688524590163934,0.1444198497200164,0.18921837193546065,0.7280587861156178,0.39140497722689965,0.8360655737704918,45.58921352065157
94,4,1.1233243962744826,0.8769388637582965,1.0329519174389945,1.08864577432823,-2.759605260869704,0.269910352629127,0.392673794570202,0.9608306512191405,0.8221313789405359,0.9180327868852459,0.14232145734453722,0.19550275131860737,0.6811702311841543,0.4159590608004408,0.9016393442622951,47.270841611586704
94,5,1.1233243962744826,0.8769388637582965,1.0329519174389945,1.08864577432823,-2.759605260869704,0.265462540299364,0.3922759218976241,0.9773784529167102,0.8162754942900875,0.9016393442622951,0.15643454723004913,0.19917002487656774,0.5703841964542988,0.3607170709549394,0.9016393442622951,41.07095221282944
94,6,1.1233243962744826,0.8769388637582965,1.0329519174389945,1.08864577432823,-2.759605260869704,0.2706727891951337,0.38687615124723235,0.9692570526461708,0.8338267994170168,0.8852459016393442,0.14021871496613317,0.15827810773986498,0.5749857311124202,0.31640286777329335,0.819672131147541,48.19622785759726
94,7,1.1233243962744826,0.8769388637582965,1.0329519174389945,1.08864577432823,-2.759605260869704,0.26852593470621966,0.3982732975600052,0.9753764120211414,0.8643885110033666,0.8852459016393442,0.14776934951011597,0.19178751157081791,0.5983949887544426,0.39564219347050505,0.8852459016393442,44.97017590804301
94,8,1.1233243962744826,0.8769388637582965,1.0329519174389945,1.08864577432823,-2.759605260869704,0.25978886586627453,0.3933619235330456,0.9528876574015612,0.8266507198852155,0.9016393442622951,0.159303461543183,0.23732993075824918,0.7120537525011628,0.5597333399141292,0.8852459016393442,38.67964240423455
94,9,1.1233243962744826,0.8769388637582965,1.0329519174389945,1.08864577432823,-2.759605260869704,0.2757712182537994,0.3949452584683364,0.9521298101480014,0.8222989313935657,0.9016393442622951,0.16436118317533702,0.2140837305213357,0.6738006801236835,0.4593653026412214,0.9180327868852459,40.39944261910931
95,0,0.8754110786999167,0.7514796251348319,1.229784440514698,1.0058005518295718,3.5372104160852382,0.954617137034753,1.312103425236885,3.0430139798436358,2.6837778079488834,0.8852459016393442,0.3118910545591489,0.4065045820255617,0.8658500278880865,0.7597006134859768,0.8852459016393442,67.32815256931697
95,1,0.8754110786999167,0.7514796251348319,1.229784440514698,1.0058005518295718,3.5372104160852382,0.9523602030104124,1.3054611276471066,3.027875942377058,2.6717500372364045,0.8688524590163934,0.3101297992739909,0.4000893476623792,0.847351164322717,0.7440510937211287,0.8688524590163934,67.43566160223097
95,2,0.8754110786999167,0.7514796251348319,1.229784440514698,1.0058005518295718,3.5372104160852382,0.9305804691378606,1.2890408858216598,2.9848964226819703,2.615445645670525,0.9180327868852459,0.2927671102033661,0.38648083205806333,0.8124993263966118,0.7025597930090414,0.9180327868852459,68.53930209016731
95,3,0.8754110786999167,0.7514796251348319,1.229784440514698,1.0058005518295718,3.5372104160852382,0.9575522161675893,1.3039142228328269,3.0467444876915053,2.6746692277062514,0.9016393442622951,0.3146411681436292,0.397834731142984,0.864851916241264,0.7497449614692289,0.8852459016393442,67.14109551091455
95,4,0.8754110786999167,0.7514796251348319,1.229784440514698,1.0058005518295718,3.5372104160852382,0.9600061806313952,1.3104378207888958,3.03101186759546,2.643909182321927,0.9180327868852459,0.318719848291739,0.4051366746955493,0.8529160197587231,0.7348902284398434,0.9180327868852459,66.80022954830174
95,5,0.8754110786999167,0.7514796251348319,1.229784440514698,1.0058005518295718,3.5372104160852382,0.9547172197610366,1.3070052870153381,3.0375766308090064,2.6678612746181773,0.9344262295081968,0.31325478838512766,0.40351083502517576,0.8596763954240174,0.7390334151422254,0.9016393442622951,67.18873589987886
95,6,0.8754110786999167,0.7514796251348319,1.229784440514698,1.0058005518295718,3.5372104160852382,0.9340750985256077,1.294223551624006,2.984044766604491,2.6313365227104533,0.8852459016393442,0.29092543751215216,0.3890392033452484,0.8229996026286415,0.7145492077881486,0.8360655737704918,68.85417050819962
95,7,0.8754110786999167,0.7514796251348319,1.229784440514698,1.0058005518295718,3.5372104160852382,0.9439733781271612,1.2992911047048987,3.012308737236161,2.6472713938576717,0.9016393442622951,0.3050047230738511,0.39477252718044714,0.8437323326219399,0.7295388896711132,0.8852459016393442,67.68926644107495
95,8,0.8754110786999167,0.7514796251348319,1.229784440514698,1.0058005518295718,3.5372104160852382,0.9554405037572554,1.3071118300807913,3.022880694521703,2.6682872603786514,0.9016393442622951,0.31452505339310555,0.40498547600738705,0.8428688764822638,0.7337593879805738,0.8852459016393442,67.08062384248517
95,9,0.8754110786999167,0.7514796251348319,1.229784440514698,1.0058005518295718,3.5372104160852382,0.9401327719937803,1.2954524737306827,2.987019140022845,2.626238800016117,0.8852459016393442,0.30115894089768364,0.39198426462505487,0.8123185073704065,0.710747026507957,0.8688524590163934,67.96633945022437
96,0,0.9966123509551944,0.8200933150817329,1.1453168859228249,1.129115580871324,2.499354158102764,0.9763335876083324,1.3484471986086723,3.1559445481005497,2.777052045222733,0.8852459016393442,0.32825023331907643,0.436962890280164,0.9614515066068918,0.8465773572013476,0.8688524590163934,66.37929520347939
96,1,0.9966123509551944,0.8200933150817329,1.1453168859228249,1.129115580871324,2.499354158102764,0.9851239588503897,1.3540726207292606,3.2028770835670315,2.822001190891305,0.8688524590163934,0.34026757002322144,0.4439277765917932,1.0131131364340078,0.8661813667864963,0.8524590163934426,65.45941584647849
96,2,0.9966123509551944,0.8200933150817329,1.1453168859228249,1.129115580871324,2.499354158102764,0.9840194816997365,1.3496158903649793,3.2056783188304294,2.825204214868488,0.8852459016393442,0.3359557551851144,0.43744806713158535,1.0155151321109273,0.8715245139810152,0.8524590163934426,65.85883090395686
96,3,0.9966123509551944,0.8200933150817329,1.1453168859228249,1.129115580871324,2.499354158102764,0.969854288856154,1.3456484664687884,3.1651399302467667,2.78773735030005,0.9016393442622951,0.32285366369219054,0.43364567145676325,0.9845658566011082,0.8396500427467971,0.8688524590163934,66.71111656649329
96,4,0.9966123509551944,0.8200933150817329,1.1453168859228249,1.129115580871324,2.499354158102764,0.9859361715823467,1.354589157600386,3.1686023784044153,2.8014140233045914,0.9016393442622951,0.33959975750502386,0.4432247564899243,0.9947169840236896,0.8514099959529773,0.8360655737704918,65.55560417668883
96,5,0.9966123509551944,0.8200933150817329,1.1453168859228249,1.129115580871324,2.499354158102764,0.9801206102893798,1.349454930070713,3.199132334237291,2.793713494335747,0.8688524590163934,0.3327052473964386,0.4376401821882224,1.0080531084901025,0.8519184322341375,0.8688524590163934,66.0546626707291
96,6,0.9966123509551944,0.8200933150817329,1.1453168859228249,1.129115580871324,2.499354158102764,0.9874286276737309,1.3500705704787275,3.1703394863041225,2.8138856890402453,0.8688524590163934,0.3364749042534237,0.4383547563922371,0.9986877035166373,0.8559351077378211,0.8524590163934426,65.92412911441303
96,7,0.9966123509551944,0.8200933150817329,1.1453168859228249,1.129115580871324,2.499354158102764,0.9661020152821489,1.3386491371953104,3.168284301595392,2.766121835489612,0.8852459016393442,0.3185450522066635,0.4261067806335718,0.9799372534737785,0.8358801888384876,0.9016393442622951,67.02780377560512
96,8,0.9966123509551944,0.8200933150817329,1.1453168859228249,1.129115580871324,2.499354158102764,0.9823363407355031,1.3461059441816163,3.1786004504202765,2.7584075155221086,0.8852459016393442,0.3338204871850916,0.43345442606194196,0.9864500921985595,0.853760596539813,0.8852459016393442,66.01769950451485
96,9,0.9966123509551944,0.8200933150817329,1.1453168859228249,1.129115580871324,2.499354158102764,0.9870889489545087,1.3476740272478205,3.1839546998211787,2.781417588679854,0.9180327868852459,0.3444318464153392,0.43755153298900784,0.9922380088623797,0.848487416135123,0.9016393442622951,65.10630102989707
97,0,1.0636048528936537,0.8671482425856138,0.8192494557941233,0.858900038606609,4.75283251090882,0.29748501806843713,0.43738650803625784,1.0493408400896342,0.9040824286925571,0.9016393442622951,0.1543210908455459,0.1701757149339184,0.4582515540268375,0.32039949051210365,0.7540983606557377,48.12475201354712
97,1,1.0636048528936537,0.8671482425856138,0.8192494557941233,0.858900038606609,4.75283251090882,0.2988952909348899,0.4331050006144573,1.0419003247221994,0.9005196897105165,0.9016393442622951,0.19854350473944635,0.21373933041010024,0.629896594352779,0.44925167029703206,0.7540983606557377,33.57422791157448
97,2,1.0636048528936537,0.8671482425856138,0.8192494557941233,0.858900038606609,4.75283251090882,0.3146672350179892,0.4405312709646237,1.0533192567262262,0.8982801250801047,0.8852459016393442,0.15689776246878762,0.19605226529772612,0.7759883355848842,0.3651083695800056,0.8524590163934426,50.13851300412071
97,3,1.0636048528936537,0.8671482425856138,0.8192494557941233,0.858900038606609,4.75283251090882,0.30282331247998584,0.4345040673763272,1.0538272798967014,0.9048743521347291,0.8852459016393442,0.13940152569043537,0.15882233857371925,0.536444283697108,0.3505709138233842,0.8688524590163934,53.96605216791271
97,4,1.0636048528936537,0.8671482425856138,0.8192494557941233,0.858900038606609,4.75283251090882,0.2965122167642374,0.4192499689777439,1.0514710818286161,0.8895849022486815,0.8852459016393442,0.17019087046374196,0.20191021982844778,0.754520396725546,0.3622041316693029,0.8360655737704918,42.60240865587538
97,5,1.0636048528936537,0.8671482425856138,0.8192494557941233,0.858900038606609,4.75283251090882,0.30006469409357717,0.427777172828698,1.0216797357022571,0.8871390012115712,0.8852459016393442,0.17708879994146923,0.20828682695484968,0.6907953855085225,0.3969626262601949,0.819672131147541,40.983126829895255
97,6,1.0636048528936537,0.8671482425856138,0.8192494557941233,0.858900038606609,4.75283251090882,0.2915510401308866,0.4208557484527167,1.011193373572901,0.8574994698995596,0.9016393442622951,0.17828640750363464,0.20519745599431172,0.6517365282843741,0.44748815729648483,0.7540983606557377,38.84898938326677
97,7,1.0636048528936537,0.8671482425856138,0.8192494557941233,0.858900038606609,4.75283251090882,0.298842184582333,0.42390411983767184,1.0353907122589803,0.8933366625109443,0.8688524590163934,0.1619235800155001,0.17562872407853888,0.5951529704332188,0.4026993809858355,0.7377049180327869,45.816357807112375
97,8,1.0636048528936537,0.8671482425856138,0.8192494557941233,0.858900038606609,4.75283251090882,0.3043794023544389,0.43636707446094314,1.0564063220491846,0.9129570111477392,0.8688524590163934,0.14359589019093622,0.17140446487414057,0.5618416244327236,0.3480044055036757,0.7868852459016393,52.823387824474416
97,9,1.0636048528936537,0.8671482425856138,0.8192494557941233,0.858900038606609,4.75283251090882,0.3109831825733023,0.4455795861009905,1.051486222008002,0.90366137326984,0.9016393442622951,0.16237556490853589,0.21203990758368327,0.7649763492315031,0.45015970954296025,0.8524590163934426,47.78638395654656
98,0,1.057645338429762,0.7753683157036804,0.8991590343450718,1.0741239833369844,-2.4315855236788564,0.548460540359476,0.7788857924624303,1.8553669342879218,1.6134311919636617,0.8524590163934426,0.07517104686856509,0.07023987719093142,0.25,0.13246013746276333,0.8032786885245902,86.29417408601611
98,1,1.057645338429762,0.7753683157036804,0.8991590343450718,1.0741239833369844,-2.4315855236788564,0.528460889690783,0.7646827194332824,1.8493647857114368,1.6143673410177715,0.8852459016393442,0.08824916605682226,0.0846881275886807,0.2510960598176055,0.14114783748586035,0.819672131147541,83.30071954644377
98,2,1.057645338429762,0.7753683157036804,0.8991590343450718,1.0741239833369844,-2.4315855236788564,0.5487604603310249,0.7735952417256612,1.850580073726178,1.6273616488501734,0.8852459016393442,0.09014317091401029,0.09642449350887415,0.3989298502628742,0.17368193515890487,0.7540983606557377,83.57331159398149
98,3,1.057645338429762,0.7753683157036804,0.8991590343450718,1.0741239833369844,-2.4315855236788564,0.5506833122066518,0.7782064649702101,1.8682025975606251,1.6339359912578106,0.8688524590163934,0.08440135514240318,0.07574510765876073,0.3087443621938917,0.12795255530521957,0.8524590163934426,84.67334068937059
98,4,1.057645338429762,0.7753683157036804,0.8991590343450718,1.0741239833369844,-2.4315855236788564,0.5493072175958154,0.7795669297569601,1.8776177644356622,1.6510636770774632,0.8852459016393442,0.07280211362723141,0.06613208736667026,0.25,0.10933890438023468,0.7704918032786885,86.74655797426645
98,5,1.057645338429762,0.7753683157036804,0.8991590343450718,1.0741239833369844,-2.4315855236788564,0.5475774320200865,0.7788584842096313,1.8491110929523629,1.6326983605142076,0.8688524590163934,0.06940341775658151,0.06273217655650552,0.25,0.11621387039195812,0.8360655737704918,87.32536921754736
98,6,1.057645338429762,0.7753683157036804,0.8991590343450718,1.0741239833369844,-2.4315855236788564,0.5576532164750344,0.7865101618235836,1.8788233968718302,1.6472617006976424,0.8852459016393442,0.08015250439555487,0.07452650573857461,0.3090585046156207,0.125,0.7868852459016393,85.62681931573809
98,7,1.057645338429762,0.7753683157036804,0.8991590343450718,1.0741239833369844,-2.4315855236788564,0.5461342626060649,0.7828761709870821,1.9060596896153683,1.664359596595519,0.8852459016393442,0.07497300521214399,0.06967084405238268,0.25,0.1184125064847919,0.8524590163934426,86.27205609580602
98,8,1.057645338429762,0.7753683157036804,0.8991590343450718,1.0741239833369844,-2.4315855236788564,0.5600767974186295,0.7935754683245576,1.887356708619997,1.6626548769320972,0.8688524590163934,0.08365485332784116,0.07100025828821796,0.25,0.12487313420156881,0.7868852459016393,85.06368167483409
98,9,1.057645338429762,0.7753683157036804,0.8991590343450718,1.0741239833369844,-2.4315855236788564,0.5675622759950938,0.7944471434425727,1.8732503270379013,1.642584952620314,0.8688524590163934,0.07238827298132036,0.06042055739516956,0.25,0.11144384332505128,0.8032786885245902,87.24575680185868
99,0,1.1168474825849832,0.9441703731959784,1.2478160072005495,1.0006261327044066,-0.8198661367175908,0.06362479681949387,0.07906341194534366,0.25,0.16224420412238064,0.9016393442622951,0.06319954684450683,0.07718252653489481,0.25,0.1540497574157712,0.9016393442622951,0.6683714467387448
99,1,1.1168474825849832,0.9441703731959784,1.2478160072005495,1.0006261327044066,-0.8198661367175908,0.07023011810631638,0.09262329759304114,0.25,0.1938480414869446,0.9016393442622951,0.06851995699719997,0.08532806194707579,0.25,0.1688091416801541,0.9016393442622951,2.4350822057959816
99,2,1.1168474825849832,0.9441703731959784,1.2478160072005495,1.0006261327044066,-0.8198661367175908,0.07164557436434564,0.09188759604659898,0.25,0.19140184806571484,0.9180327868852459,0.07091999916567945,0.08787271332273015,0.25,0.1812566261171583,0.9180327868852459,1.0127285671217519
99,3,1.1168474825849832,0.9441703731959784,1.2478160072005495,1.0006261327044066,-0.8198661367175908,0.07855671989649392,0.09609915989566922,0.25,0.20250577697565147,0.9180327868852459,0.07776824823154048,0.09062820984328936,0.25,0.17216701172588528,0.9180327868852459,1.0036972852129342
99,4,1.1168474825849832,0.9441703731959784,1.2478160072005495,1.0006261327044066,-0.8198661367175908,0.06006761094652499,0.08200985649939237,0.25,0.1499869733053302,0.9180327868852459,0.059668877910671,0.07659813741208465,0.25,0.14223303930572376,0.9016393442622951,0.6638070493746832
99,5,1.1168474825849832,0.9441703731959784,1.2478160072005495,1.0006261327044066,-0.8198661367175908,0.06662491980043926,0.08608358856563146,0.283391735759281,0.18676236947775068,0.9016393442622951,0.06505587555326697,0.08059892994086812,0.283391735759281,0.16835034335438623,0.9016393442622951,2.355041104547706
99,6,1.1168474825849832,0.9441703731959784,1.2478160072005495,1.0006261327044066,-0.8198661367175908,0.07706983539292904,0.10846730724047225,0.25,0.20594132715232977,0.9016393442622951,0.07679158330758087,0.10549503961862024,0.25,0.19257805538909462,0.9016393442622951,0.36103889923929255
99,7,1.1168474825849832,0.9441703731959784,1.2478160072005495,1.0006261327044066,-0.8198661367175908,0.07189378204026851,0.08684380448738319,0.25,0.18532047356786308,0.8688524590163934,0.07066574626164976,0.07870992950306703,0.25,0.1477918106954121,0.8688524590163934,1.7081251587667463
99,8,1.1168474825849832,0.9441703731959784,1.2478160072005495,1.0006261327044066,-0.8198661367175908,0.07762384279844094,0.1042374391917417,0.26602033129528024,0.2193631063893719,0.9180327868852459,0.07614721200722856,0.09693726326798575,0.25,0.19387142540209654,0.9180327868852459,1.9022902474006838
99,9,1.1168474825849832,0.9441703731959784,1.2478160072005495,1.0006261327044066,-0.8198661367175908,0.06681564110001643,0.09047649746493357,0.2574714709457595,0.19590386229314305,0.8852459016393442,0.06681429917832436,0.08787380612973218,0.25,0.1872298325009908,0.8852459016393442,0.0020083945465150708
