time_s,current_A,preview_current_A,fan_duty,direction,hotspot_C,mean_temperature_C,gradient_C,reference_temperature_C,safe_temperature_C,objective,true_T1_C,estimated_T1_C,true_T2_C,estimated_T2_C,true_T3_C,estimated_T3_C,true_T4_C,estimated_T4_C,true_T5_C,estimated_T5_C
0.0,6.32216014897579,6.32216014897579,0.01609198279411443,-1,56.344319167389415,55.28967909800521,2.01214223764093,55.0,,,54.332176929748485,,54.774501300954036,,55.21682567215959,,55.7805724197745,,56.344319167389415,
1.0,7.106564245810056,7.106564245810056,0.017522875322152683,-1,56.345757328890215,55.302563058523994,1.9912752262481845,55.0,,,54.35448210264203,,54.78848279886044,,55.231725731547584,,55.79236733067971,,56.345757328890215,
2.0,9.613594040968344,9.613594040968344,0.019126145975851584,-1,56.34925982602908,55.31753314665455,1.9703335484386315,55.0,,,54.37892627759045,,54.80479911928826,,55.24864744949138,,55.806033060873546,,56.34925982602908,
3.0,9.613594040968344,9.613594040968344,0.021363277270718985,-1,56.360975110142476,55.34076378477202,1.9492654599552992,55.0,,,54.41170965018718,,54.8296279172916,,55.27376806870071,,55.82773817753816,,56.360975110142476,
4.0,9.613594040968344,9.613594040968344,0.02355985897185658,-1,56.37155877294061,55.36299891118462,1.9278953996360642,55.0,,,54.443663373304545,,54.85374811849882,,55.29783486740119,,55.84818942377789,,56.37155877294061,
5.0,9.613594040968344,9.613594040968344,0.02571567033579193,-1,56.381031655695544,55.384254670430245,1.9062325265050006,55.0,,,54.474799129190544,,54.87716516036565,,55.320866158982966,,55.86741124791652,,56.381031655695544,
6.0,9.613594040968344,9.613594040968344,0.027830532200728807,-1,56.38941496401865,55.40454749622846,1.8842862022232438,55.0,,,54.505128761795405,,54.89988503787921,,55.34288044717366,,55.88542827027537,,56.38941496401865,
7.0,9.613594040968344,9.613594040968344,0.029904305698733927,-1,56.39673023086196,55.42389408512237,1.862065966439033,55.0,,,54.53466426442293,,54.92191427088567,,55.363896404841306,,55.90226525459993,,56.39673023086196,
8.0,9.613594040968344,9.613594040968344,0.031936890954502556,-1,56.402999280441655,55.44231137065068,1.8395815130931297,55.0,,,54.563417767348525,,54.94325987223133,,55.38393285304457,,55.917947080187346,,56.402999280441655,
9.0,9.613594040968344,9.613594040968344,0.03392822577470554,-1,56.40824419311898,55.45981649808358,1.816842667674905,55.0,,,54.59140152544408,,54.96392931672783,,55.40300874037933,,55.93249871474765,,56.40824419311898,
10.0,9.613594040968344,9.613594040968344,0.035878284331687514,-1,56.412487271269505,55.47642679975227,1.7938593654226551,55.0,,,54.61862790584685,,54.98393051095073,,55.421143122666294,,55.945945188027956,,56.412487271269505,
11.0,9.625488826815644,9.625488826815644,0.037787075845039604,-1,56.415751006167014,55.49215977099958,1.7706416304599202,55.0,,,54.645109375707094,,55.00327176387857,,55.43835514302035,,55.95831156622491,,56.415751006167014,
12.0,9.627281191806333,9.627281191806333,0.03965787587240625,-1,56.41810160252646,55.50707660339707,1.7471995558577973,55.0,,,54.670902046668665,,55.02200531500035,,55.454707568960536,,55.96966648382934,,56.41810160252646,
13.0,9.639501862197395,9.639501862197395,0.04148797054876172,-1,56.41952293561257,55.5211565827128,1.7235424247171167,55.0,,,54.69598051089545,,55.04010194572167,,55.470181197733915,,55.97999632360041,,56.41952293561257,
14.0,9.613594040968344,9.613594040968344,0.04328029347017609,-1,56.42007581154216,55.53445554546494,1.6996803051839748,55.0,,,54.72039550635819,,55.05760902349434,,55.484833309189675,,55.98936407674033,,56.42007581154216,
15.0,9.613594040968344,9.613594040968344,0.04502457054828534,-1,56.41964159314754,55.54685026723447,1.675622532591376,55.0,,,54.74401906055616,,55.07439526501044,,55.498542063869905,,55.997653353588305,,56.41964159314754,
16.0,9.613594040968344,9.613594040968344,0.04672810299626611,-1,56.418342363663484,55.558456866497195,1.6513812064787885,55.0,,,54.766961157184696,,55.0905682436398,,55.511424895657335,,56.00498767234062,,56.418342363663484,
17.0,9.613594040968344,9.613594040968344,0.04839108320334137,-1,56.416201113832514,55.56929335142062,1.6269664970937825,55.0,,,54.78923461673873,,55.10613811566304,,55.523501080901305,,56.0113918299675,,56.416201113832514,
18.0,9.641945996275608,9.641945996275608,0.050013729556672035,-1,56.41324082104192,55.57937774364787,1.6023885426264712,55.0,,,54.810852278415446,,55.12111525790211,,55.53478985685886,,56.016890504020985,,56.41324082104192,
19.0,9.613594040968344,9.613594040968344,0.051603991544658195,-1,56.40958826111489,55.588831896126145,1.5776574353656585,55.0,,,54.83193082574923,,55.135614081452594,,55.54541424214566,,56.02161207016834,,56.40958826111489,
20.0,9.613594040968344,9.613594040968344,0.05314661566307562,-1,56.40505406992454,55.59746257652946,1.5527811870969686,55.0,,,54.85227288282757,,55.14943462634395,,55.55518212990453,,56.025369173646745,,56.40505406992454,
21.0,9.613594040968344,9.613594040968344,0.054649702973483684,-1,56.39976952103466,55.6053951760794,1.5277718324651843,55.0,,,54.87199768856948,,55.162694711831506,,55.56421997668771,,56.02829398227362,,56.39976952103466,
22.0,9.613594040968344,9.613594040968344,0.05611356387336276,-1,56.39375730527535,55.61264759413051,1.5026392508129192,55.0,,,54.89111805446243,,55.17540538045432,,55.572546712040335,,56.03041051842015,,56.39375730527535,
23.0,9.613594040968344,9.613594040968344,0.05753852878989536,-1,56.38703998818922,55.61923765835022,1.4773932279610733,55.0,,,54.90964676022815,,55.187577790614675,,55.580181153004006,,56.03174259971505,,56.38703998818922,
24.0,9.613594040968344,9.613594040968344,0.05892494705748494,-1,56.3796399908433,55.62518310988744,1.452043446164943,55.0,,,54.92759654467836,,55.19922319808483,,55.58714199126494,,56.03231382456572,,56.3796399908433,
25.0,9.613594040968344,9.613594040968344,0.06027318582102646,-1,56.371579571665265,55.630501589255815,1.4265994747660358,55.0,,,54.94498009689923,,55.21035293829697,,55.59344778090875,,56.03214755850886,,56.371579571665265,
26.0,9.613594040968344,9.613594040968344,0.06158362896567168,-1,56.36288080928671,55.6352106229232,1.40107076151763,55.0,,,54.96181004776908,,55.220978409403244,,55.5991169267795,,56.03126692137748,,56.36288080928671,
27.0,9.613594040968344,9.613594040968344,0.06285667607371173,-1,56.35356558637432,55.639327610597675,1.375466624561703,55.0,,,54.97809896181262,,55.2311110560923,,55.60416767343942,,56.02969477526971,,56.35356558637432,
28.0,9.613594040968344,9.613594040968344,0.06409274140908366,-1,56.34365557442888,55.6428698131996,1.3497962450349945,55.0,,,54.993859329393885,,55.24076235414781,,55.60861809472372,,56.027453713303714,,56.34365557442888,
29.0,9.613594040968344,9.613594040968344,0.06529225292989169,-1,56.33317221953041,55.645854341507786,1.3240686602816893,55.0,,,55.00910355924872,,55.249943795733955,,55.61248608388395,,56.02456604914195,,56.33317221953041,
30.0,9.613594040968344,9.613594040968344,0.06645565132924268,-1,56.32213672900731,55.64829814546711,1.2982927576504082,55.0,,,55.023843971356904,,55.258666875392265,,55.61578934431199,,56.02105380726703,,56.32213672900731,
31.0,9.613594040968344,9.613594040968344,0.06758338910458989,-1,56.31057005900588,55.650218004143674,1.2724772688531374,55.0,,,55.038092790152746,,55.26694307673365,,55.618545380835485,,56.016938713990605,,56.31057005900588,
32.0,9.613594040968344,9.613594040968344,0.06867592965569588,-1,56.29849290293632,55.65163051631373,1.246630764863994,55.0,,,55.05186213807232,,55.27478385980914,,55.62077149157478,,56.012242189176085,,56.29849290293632,
33.0,9.613594040968344,9.613594040968344,0.06973374641124287,-1,56.28592568077039,55.6525520916706,1.2207616513357848,55.0,,,55.065164029434605,,55.282200649142425,,55.62248476035034,,56.00698533865524,,56.28592568077039,
34.0,9.613594040968344,9.613594040968344,0.07075732198404253,-1,56.27288852916563,55.652998942634554,1.1948781645126232,55.0,,,55.078010364653004,,55.289204822406894,,55.623702049628896,,56.00118894731836,,56.27288852916563,
35.0,9.613594040968344,9.613594040968344,0.0717471473547277,-1,56.259401292390315,55.6529870767493,1.1689883676171107,55.0,,,55.090412924773204,,55.29580769972993,,55.62443999399585,,55.9948734728572,,56.259401292390315,
36.0,9.613594040968344,9.613594040968344,0.07270372108374569,-1,56.245483514023455,55.652532289648626,1.1431001476909373,55.0,,,55.10238336633252,,55.30202053360665,,55.624714994140874,,55.98805904013961,,56.245483514023455,
37.0,9.613594040968344,9.613594040968344,0.07362754855141634,-1,56.231154429403524,55.65165015857643,1.1172212128680883,55.0,,,55.113933216535436,,55.30785449940543,,55.624543211343166,,55.98076543619458,,56.231154429403524,
38.0,9.613594040968344,9.613594040968344,0.07451914122575665,-1,56.21643295879981,55.65035603644304,1.091359090060159,55.0,,,55.12507386873965,,55.31332068644735,,55.62394056244223,,55.973012105786154,,56.21643295879981,
39.0,9.613594040968344,9.613594040968344,0.07537901595774371,-1,56.20133770128002,55.648665046400524,1.0655211230338324,55.0,,,55.135816578246185,,55.318430089641694,,55.62292271527995,,55.964818147554794,,56.20133770128002,
40.0,9.633147113594042,9.633147113594042,0.0762076943036223,-1,56.185886929248056,55.6465920769197,1.0397144708608792,55.0,,,55.14617245838718,,55.323193601659646,,55.62150508459915,,55.95620231070453,,56.185886929248056,
41.0,9.619622905027937,9.619622905027937,0.07701101622864863,-1,56.17017019000058,55.64422338372619,1.0139461067215407,55.0,,,55.15622408327904,,55.327693612003216,,55.61977443475873,,55.94725459858939,,56.17017019000058,
42.0,9.613594040968344,9.613594040968344,0.07778044274062607,-1,56.15408078881448,55.64144973981407,0.9882214880264684,55.0,,,55.165859300788014,,55.33181749371866,,55.61762203330838,,55.93786908244085,,56.15408078881448,
43.0,9.613594040968344,9.613594040968344,0.07851859608447151,-1,56.13766569013258,55.638314523909095,0.962548169392349,55.0,,,55.17511752074023,,55.33560476835041,,55.61509173235084,,55.9280929079714,,56.13766569013258,
44.0,9.613594040968344,9.613594040968344,0.07922767257570681,-1,56.12096488617629,55.63485450413866,0.9369329818393837,55.0,,,55.184031904336905,,55.3390886031228,,55.61222075912028,,55.917966367937055,,56.12096488617629,
45.0,9.613594040968344,9.613594040968344,0.07990820816770593,-1,56.10399495615763,55.63108333866063,0.9113821490968519,55.0,,,55.192612807060776,,55.342279280185416,,55.609023216884985,,55.90750643301435,,56.10399495615763,
46.0,9.613594040968344,9.613594040968344,0.08056073999114394,-1,56.08677213239638,55.627014430904595,0.8859017076576592,55.0,,,55.200870424738724,,55.345186942753685,,55.60551293988308,,55.89672971475108,,56.08677213239638,
47.0,9.613594040968344,9.613594040968344,0.08118580585234847,-1,56.06931229883549,55.62266092767719,0.8604975073292565,55.0,,,55.208814791506235,,55.34782159056038,,55.60170349199774,,55.885652465486096,,56.06931229883549,
48.0,9.613594040968344,9.613594040968344,0.08178394375460238,-1,56.05163099002586,55.618035717631656,0.8351752120178801,55.0,,,55.21645577800798,,55.35019307570708,,55.597608165768506,,55.87429057864887,,56.05163099002586,
49.0,9.613594040968344,9.613594040968344,0.08235569144181024,-1,56.033743390557504,55.61315143008538,0.809940300731121,55.0,,,55.22380308982638,,55.35231109889955,,55.59323998172384,,55.86265958941964,,56.033743390557504,
50.0,9.613594040968344,9.613594040968344,0.08290158596392741,-1,56.01566433491423,55.60802043416935,0.7847980687843119,55.0,,,55.230866266129915,,55.35418520605095,,55.58861168802043,,55.850774675731195,,56.01566433491423,
51.0,9.613594040968344,9.613594040968344,0.08342216326355406,-1,55.99740830772972,55.602654838293766,0.7597536291966804,55.0,,,55.23765467853304,,55.355824785237395,,55.583735760374935,,55.83865065959376,,55.99740830772972,
52.0,9.613594040968344,9.613594040968344,0.08391795778308,-1,55.97898944442354,55.59706648991456,0.7348119142639362,55.0,,,55.244177530159604,,55.3572390639905,,55.57862440227405,,55.82630200872516,,55.97898944442354,
53.0,9.613594040968344,9.613594040968344,0.08438950209177945,-1,55.96042153219588,55.59126697558545,0.709977677294269,55.0,,,55.25044385490161,,55.35843710691199,,55.5732895454491,,55.813742838468634,,55.96042153219588,
54.0,9.613594040968344,9.613594040968344,0.08483732653224386,-1,55.94171801136083,55.58526762128101,0.6852554944954292,55.0,,,55.2564625168654,,55.3594278135959,,55.56774285060162,,55.80098691398131,,55.94171801136083,
55.0,9.613594040968344,9.613594040968344,0.08526195888555102,-1,55.92289197699821,55.57907949297661,0.6606497670009048,55.0,,,55.262242209997304,,55.36021991684396,,55.561995708366744,,55.788047652676816,,55.92289197699821,
56.0,9.613594040968344,9.613594040968344,0.08566392405456866,-1,55.90395618090495,55.57271339747081,0.6361647230239171,55.0,,,55.26779145788103,,55.36082198116056,,55.55605924050148,,55.774938126905994,,55.90395618090495,
57.0,9.613594040968344,9.613594040968344,0.08604374376479436,-1,55.88492303382728,55.5661798834371,0.6118044201282871,55.0,,,55.27311861369899,,55.36124240151366,,55.54994430128526,,55.76167106686027,,55.88492303382728,
58.0,9.613594040968344,9.613594040968344,0.08640193628214653,-1,55.8658046079559,55.55948924269156,0.5875727476057548,55.0,,,55.27823186035015,,55.36148940234857,,55.54366147912057,,55.74825886368262,,55.8658046079559,
59.0,9.613594040968344,9.613594040968344,0.08673901614711949,-1,55.84661263966675,55.55265151166385,0.5634734289498411,55.0,,,55.28313921071691,,55.36157103684208,,55.53722109832183,,55.73471357277165,,55.84661263966675,
60.0,9.613594040968344,9.613594040968344,0.08705549392473487,-1,55.8273585324907,55.54567647305895,0.5395100244168418,55.0,,,55.28784850807386,,55.36149518638439,,55.530633221080855,,55.721046917264935,,55.8273585324907,
61.0,9.613594040968344,9.613594040968344,0.08735187596971764,-1,55.80805336029602,55.53857365769803,0.5156859336648552,55.0,,,55.292367426631166,,55.36126956027706,,55.52390764959786,,55.70727029168804,,55.80805336029602,
62.0,9.613594040968344,9.613594040968344,0.08762866420634913,-1,55.788707870668226,55.53135234652659,0.4920043984623703,55.0,,,55.296703472205856,,55.360901695635384,,55.51705392836711,,55.693394765756366,,55.788707870668226,
63.0,9.613594040968344,9.613594040968344,0.0878863559224492,-1,55.76933248847231,55.52402157277893,0.46846850545820473,55.0,,,55.300863983014104,,55.36039895748404,,55.51008134660682,,55.679431088317386,,55.76933248847231,
64.0,9.613594040968344,9.613594040968344,0.08812544357695469,-1,55.74993731958318,55.51659012428816,0.44508118900517957,55.0,,,55.304856130578,,55.35976853903521,,55.50299894082311,,55.66538969142128,,55.74993731958318,
65.0,9.613594040968344,9.613594040968344,0.08834641462057918,-1,55.73053215477058,55.50906654593139,0.42184523403012264,55.0,,,55.308686920740456,,55.35901746213878,,55.49581549749852,,55.65128069450863,,55.73053215477058,
66.0,9.613594040968344,9.613594040968344,0.08854975132903628,-1,55.71112647372527,55.50145914220025,0.39876327894334906,55.0,,,55.31236319478192,,55.358152577894565,,55.488539555895386,,55.637113908704094,,55.71112647372527,
67.0,9.613594040968344,9.613594040968344,0.08873593064833735,-1,55.69172944921412,55.493775979887026,0.375837818581104,55.0,,,55.31589163063302,,55.35718056741688,,55.481179410965375,,55.62289884120575,,55.69172944921412,
68.0,9.613594040968344,9.613594040968344,0.08890542405167667,-1,55.67234995135189,55.4860248908775,0.35307120717473595,55.0,,,55.319278744177154,,55.3561079427422,,55.47374311635632,,55.608644699759914,,55.67234995135189,
69.0,9.613594040968344,9.613594040968344,0.08905869740743644,-1,55.65299655197842,55.478213475041386,0.33046566134089517,55.0,,,55.32253089063752,,55.35494104787082,,55.46623848750816,,55.59436039721201,,55.65299655197842,
70.0,9.613594040968344,9.613594040968344,0.08919621085784732,-1,55.633677529130196,55.470349103212314,0.3080232630871791,55.0,,,55.32565426604302,,55.35368605993409,,55.45867310482993,,55.58005455612435,,55.633677529130196,
71.0,9.613594040968344,9.613594040968344,0.08931841870786793,-1,55.61440087159595,55.46243892024897,0.28574596282820863,55.0,,,55.32865490876774,,55.3523489904788,,55.45105431695024,,55.56573551345214,,55.61440087159595,
72.0,9.613594040968344,9.613594040968344,0.08942576932384742,-1,55.595174283546314,55.45448984816993,0.2636355824072183,55.0,,,55.331538701139095,,55.35093568686085,,55.443389244033945,,55.55141132526946,,55.595174283546314,
73.0,9.613594040968344,9.613594040968344,0.08951870504155006,-1,55.57600518922822,55.44650858935472,0.24169381811872626,55.0,,,55.33431137110949,,55.34945183374058,,55.43568478115791,,55.53708977153743,,55.57600518922822,
74.0,9.613594040968344,9.613594040968344,0.08959766208314407,-1,55.55690073771496,55.43850162980417,0.21992224372801417,55.0,,,55.33697849398695,,55.34790295467248,,55.427947601739426,,55.522778360907054,,55.55690073771496,
75.0,9.613594040968344,9.613594040968344,0.08966307048275496,-1,55.53786780770356,55.430475242453284,0.1983223134835015,55.0,,,55.33954549422006,,55.34629441378229,,55.42018416101073,,55.50848433554978,,55.53786780770356,
76.0,9.613594040968344,9.613594040968344,0.08971535402020783,-1,55.51891301235134,55.42243549053039,0.17689536511834802,55.0,,,55.34201764723299,,55.344631417524866,,55.4124006995337,,55.49421467600905,,55.51891301235134,
77.0,9.613594040968344,9.613594040968344,0.08975493016258863,-1,55.50004270414409,55.41438823095641,0.15712368762777373,55.0,,,55.34440008130622,,55.34291901651632,,55.40460324674888,,55.479976106066566,,55.50004270414409,
78.0,9.613594040968344,9.613594040968344,0.0897822100132761,-1,55.48126297978868,55.406339117778586,0.14010087235424606,55.0,,,55.34669777949907,,55.341162107434435,,55.3967976245535,,55.4657750976173,,55.48126297978868,
79.0,9.613594040968344,9.613594040968344,0.08979759826809386,-1,55.46257968512327,55.39829360563317,0.12321425014174991,55.0,,,55.3489155816102,,55.339365434981524,,55.38898945090315,,55.45161787554767,,55.46257968512327,
80.0,9.607076350093111,9.607076350093111,0.08980149317826132,-1,55.4439984200388,55.39025695323181,0.10646482613464059,55.0,,,55.351058186172295,,55.33753359390416,,55.3811841434323,,55.43751042261153,,55.4439984200388,
81.0,9.58100558659218,9.58100558659218,0.08979251553776028,-1,55.42550068094069,55.382210364402184,0.08985351234111505,55.0,,,55.353106290012505,,55.33564716859957,,55.37336306062396,,55.423434621834204,,55.42550068094069,
82.0,9.58100558659218,9.58100558659218,0.08976576542982023,-1,55.409325357783494,55.37408798546413,0.07568573145594826,55.0,,,55.35499338109923,,55.333639626327546,,55.36546049897042,,55.409325357783494,,55.40702106313996,
83.0,9.608542830540038,9.608542830540038,0.08972880636475955,-1,55.39528704350644,55.36599322895607,0.0636736062116725,55.0,,,55.356821662217065,,55.33161343729477,,55.35758001620368,,55.39528704350644,,55.38866398555841,
84.0,9.613594040968344,9.613594040968344,0.08968949202782814,-1,55.38142545367531,55.35803132781827,0.05175210240484063,55.0,,,55.35869603870221,,55.32967335127047,,55.34982698799441,,55.38142545367531,,55.370534807448884,
85.0,9.613594040968344,9.613594040968344,0.08964197312157769,-1,55.36765913082405,55.35012075287309,0.03992130462904697,55.0,,,55.36053555368696,,55.327737826195005,,55.34212002542627,,55.36765913082405,,55.35255122823313,
86.0,9.613594040968344,9.613594040968344,0.0895852163322283,-1,55.3623251154722,55.34224651519806,0.036533578612441886,55.0,,,55.3623251154722,,55.32579153685976,,55.334444274932174,,55.35397347983322,,55.334698168892984,
87.0,9.613594040968344,9.613594040968344,0.08951957397657978,-1,55.364068490374166,55.3344125999457,0.047088845215434105,55.0,,,55.364068490374166,,55.323838088112296,,55.32680385317892,,55.34037292290438,,55.31697964515873,
88.0,9.613594040968344,9.613594040968344,0.08944539184848896,-1,55.365769320361586,55.32662282469744,0.06636985426674613,55.0,,,55.365769320361586,,55.321880952568776,,55.31920270578345,,55.32686167867855,,55.29939946609484,
89.0,9.613594040968344,9.613594040968344,0.08936300922983113,-1,55.36743112521339,55.31888084296871,0.08546988632840424,55.0,,,55.36743112521339,,55.31992347293286,,55.311644610915806,,55.31344376689652,,55.28196123888499,
90.0,9.613594040968344,9.613594040968344,0.08927275890557222,-1,55.36905730468192,55.31119014769962,0.10438893109921565,55.0,,,55.36905730468192,,55.317968864328996,,55.30413318288479,,55.30012301301972,,55.2646683735827,
91.0,9.613594040968344,9.613594040968344,0.08917496718273564,-1,55.37065114065945,55.30355407472881,0.12312705283483893,55.0,,,55.37065114065945,,55.31602021664709,,55.29667187570356,,55.28690305280938,,55.24752408782461,
92.0,9.613594040968344,9.613594040968344,0.0890699539130591,-1,55.37221579934615,55.29597580624793,0.14168438784269455,55.0,,,55.37221579934615,,55.31408049689547,,55.28926398663298,,55.2737873368616,,55.230531411503456,
93.0,9.613594040968344,9.613594040968344,0.0889580325191489,-1,55.37375433341737,55.28845837423442,0.16006114201903898,55.0,,,55.37375433341737,,55.312152551559535,,55.28191265970052,,55.26077913509639,,55.21369319139833,
94.0,9.613594040968344,9.613594040968344,0.08883951002393758,-1,55.37526968418849,55.281004663860514,0.1782575884288491,55.0,,,55.37526968418849,,55.31023910896326,,55.274620889192526,,55.24788154119869,,55.19701209575964,
95.0,9.613594040968344,9.613594040968344,0.08871468708327108,-1,55.37676468377567,55.27361741687632,0.196274064928879,55.0,,,55.37676468377567,,55.308342781631275,,55.26739152311821,,55.2350974770097,,55.18049061884679,
96.0,9.63445065176909,9.63445065176909,0.08858385802144725,-1,55.37824205725075,55.26629923496531,0.21411097183434435,55.0,,,55.37824205725075,,55.30646606864905,,55.26022726664331,,55.222429696867025,,55.16413108541641,
97.0,9.646182495344508,9.646182495344508,0.08845297933510972,-1,55.37978080250272,55.25912896078413,0.23176876962947546,55.0,,,55.37978080250272,,55.30468773573292,,55.25320706320591,,55.20995716960587,,55.14801203287325,
98.0,9.643901303538176,9.643901303538176,0.08831977279531456,-1,55.38134803095505,55.25207288832191,0.249249240924712,55.0,,,55.38134803095505,,55.30297434221954,,55.24629730567832,,55.19764597272632,,55.13209879003034,
99.0,9.613594040968344,9.613594040968344,0.08818065802149597,-1,55.38289372576892,55.24508044802148,0.26655363488099226,55.0,,,55.38289372576892,,55.301275461934175,,55.23944752043745,,55.18544544107893,,55.11634009088793,
100.0,9.613594040968344,9.613594040968344,0.08802829467342738,-1,55.384317825705,55.23805143068027,0.2836823870127674,55.0,,,55.384317825705,,55.299490835334375,,55.23255759122058,,55.1732554624492,,55.10063543869223,
101.0,9.613594040968344,9.613594040968344,0.08787130011331236,-1,55.385736496887695,55.23110266916984,0.30063429871837855,55.0,,,55.385736496887695,,55.2977368435307,,55.225744440524636,,55.16119336673688,,55.08510219816932,
102.0,9.583286778398511,9.583286778398511,0.08770993188635288,-1,55.38715186839545,55.22423599437985,0.3174100998092584,55.0,,,55.38715186839545,,55.29601535474653,,55.219009987584585,,55.14926099258652,,55.06974176858619,
103.0,9.576280260707636,9.576280260707636,0.08753620829703625,-1,55.3884550413836,55.21734218401671,0.33401056749286795,55.0,,,55.3884550413836,,55.294217204405975,,55.212245096160906,,55.13734910424233,,55.05444447389073,
104.0,9.548417132216017,9.548417132216017,0.08735682228527368,-1,55.38973616890015,55.21051195166801,0.35043470646994734,55.0,,,55.38973616890015,,55.292432727725824,,55.20554056275402,,55.1255488365299,,55.0393014624302,
105.0,9.529678770949722,9.529678770949722,0.08716638000067081,-1,55.39092145892472,55.20367131903206,0.3666830133519099,55.0,,,55.39092145892472,,55.290587946554446,,55.19882249059096,,55.113786253517375,,55.02423844557281,
106.0,9.515828677839853,9.515828677839853,0.08696770306216442,-1,55.392048716755745,55.1968584996559,0.382754791823686,55.0,,,55.392048716755745,,55.28872078290794,,55.19212917205776,,55.102099901625984,,55.00929392493206,
107.0,9.515828677839853,9.515828677839853,0.08676242129436114,-1,55.39313923466604,55.19009487687068,0.3986499776229877,55.0,,,55.39313923466604,,55.286852491518715,,55.18548206760758,,55.09051133351808,,54.99448925704305,
108.0,9.515828677839853,9.515828677839853,0.0865545702037157,-1,55.39424646909968,55.18343381681429,0.4143688666982186,55.0,,,55.39424646909968,,55.2850364056585,,55.1789346186818,,55.079073988230036,,54.97987760240146,
109.0,9.501652700186222,9.501652700186222,0.08634436930883349,-1,55.39537182306903,55.1768761904648,0.42991263634320376,55.0,,,55.39537182306903,,55.28327358990402,,55.17248777001231,,55.06778858261284,,54.96545918672582,
110.0,9.483240223463689,9.483240223463689,0.08612818731947222,-1,55.396464813644855,55.170370965277336,0.4452824963007629,55.0,,,55.396464813644855,,55.28151322066715,,55.16609056089908,,55.05660391383152,,54.95118231734409,
111.0,9.455051210428309,9.455051210428309,0.08590513853992317,-1,55.39751258123359,55.163905134887614,0.46047884739252964,55.0,,,55.39751258123359,,55.27974230526345,,55.15973005460705,,55.04550699949291,,54.93703373384106,
112.0,9.41806331471136,9.41806331471136,0.08567284803525149,-1,55.398482366031864,55.15744588991108,0.4755018933611197,55.0,,,55.398482366031864,,55.277928003938314,,55.1533735095081,,55.034465097406375,,54.922980472670744,
113.0,9.41806331471136,9.41806331471136,0.08542924171005907,-1,55.39934586748633,55.150965137861945,0.4903513198135201,55.0,,,55.39934586748633,,55.276042068995984,,55.14699289892675,,55.02345030622786,,54.90899454767281,
114.0,9.401443202979518,9.401443202979518,0.08518467209087129,-1,55.4002425702503,55.144602792332265,0.5050263679159386,55.0,,,55.4002425702503,,55.2742241512854,,55.140728200417676,,55.012602837373585,,54.89521620233436,
115.0,9.385474860335195,9.385474860335195,0.08493482774558878,-1,55.40111267841611,55.13829835576034,0.5195285390982036,55.0,,,55.40111267841611,,55.27241405730902,,55.13451897964583,,55.00186192411283,,54.88158413931791,
116.0,9.354841713221605,9.354841713221605,0.08468013200501556,-1,55.4019609400253,55.13205635026543,0.5338583803402415,55.0,,,55.4019609400253,,55.27061638148654,,55.12836981995189,,54.991232050178375,,54.868102559685056,
117.0,9.352886405959032,9.352886405959032,0.08441685703611157,-1,55.40273612264292,55.125825273543946,0.5480165242684407,55.0,,,55.40273612264292,,55.26877971961001,,55.12222927871676,,54.980661648375566,,54.85471959837448,
118.0,9.340828677839852,9.340828677839852,0.08415305009968758,-1,55.40354628899133,55.11971332357759,0.5620027905301512,55.0,,,55.40354628899133,,55.26701216937259,,55.11620561178345,,54.97025904927939,,54.84154349846118,
119.0,9.32029795158287,9.32029795158287,0.0838861544217539,-1,55.404355306846654,55.11368363209543,0.5758187402209956,55.0,,,55.404355306846654,,55.26527719908225,,55.1102620078931,,54.9599870800295,,54.82853656662566,
120.0,9.32029795158287,9.32029795158287,0.08361408794115824,1,55.405133901113565,55.10770647245597,0.5894653629255231,55.0,,,55.405133901113565,,55.263545281965015,,55.104368795741806,,54.94981584527141,,54.81566853818804,
121.0,9.287220670391063,9.287220670391063,0.0833426358170551,1,55.386890332426816,55.10185872301825,0.5648055073247207,55.0,,,55.386890332426816,,55.25235896583866,,55.09860290745026,,54.94935658427346,,54.822084825102095,
122.0,9.255121042830542,9.255121042830542,0.08306301193969089,1,55.36882600828599,55.09601937367921,0.5404840913697626,55.0,,,55.36882600828599,,55.24118027449194,,55.09284338571423,,54.94890528298769,,54.82834191691623,
123.0,9.255121042830542,9.255121042830542,0.08277575673131274,1,55.35094574322057,55.090195526740516,0.5164966192222522,55.0,,,55.35094574322057,,55.23001953330583,,55.087097383652484,,54.948465849525356,,54.83444912399832,
124.0,9.233612662942274,9.233612662942274,0.08248980254320318,1,55.333367308933354,55.08450721529842,0.4928386459455538,55.0,,,55.333367308933354,,55.21899981499738,,55.08148498393624,,54.94815530563734,,54.8405286629878,
125.0,9.222532588454378,9.222532588454378,0.0821994819022937,1,55.316008353232064,55.07887532726362,0.46950376825483886,55.0,,,55.316008353232064,,55.20804436775283,,55.07592712338829,,54.947892206967715,,54.846504584977225,
126.0,9.219599627560523,9.219599627560523,0.08190782426591457,1,55.298906083511476,55.07333953298215,0.44648713465686996,55.0,,,55.298906083511476,,55.197195427854226,,55.070463519629534,,54.94771368506091,,54.852418948854606,
127.0,9.189944134078214,9.189944134078214,0.08161719829383217,1,55.282087728470835,55.0679297978176,0.4237833447177124,55.0,,,55.282087728470835,,55.18648521606112,,55.065124184283746,,54.94764747651919,,54.85830438375312,
128.0,9.189944134078214,9.189944134078214,0.08132053045082975,1,55.26545249374656,55.06254825644727,0.40138661167689804,55.0,,,55.26545249374656,,55.17581785897803,,55.05981129724197,,54.947593750200134,,54.86406588206966,
129.0,9.165991620111733,9.165991620111733,0.08102604932301812,1,55.24910867291795,55.05730520412478,0.3792930010425195,55.0,,,55.24910867291795,,55.16530594896844,,55.0546351973781,,54.94766052948398,,54.86981567187543,
130.0,9.15735567970205,9.15735567970205,0.08072741139544655,1,55.232965084702194,55.052112361255396,0.3574967773918942,55.0,,,55.232965084702194,,55.15486290183736,,55.04950764809487,,54.947757864332296,,54.8754683073103,
131.0,9.11939013035382,9.11939013035382,0.08042894538714984,1,55.21707696415395,55.0470270313499,0.33599386947638976,55.0,,,55.21707696415395,,55.14454798797131,,55.04448599442334,,54.947941115523314,,54.88108309467756,
132.0,9.092178770949722,9.092178770949722,0.08012288743398653,1,55.20133501168734,55.04194242314244,0.31477932509524464,55.0,,,55.20133501168734,,55.1342560247958,,55.03946348580422,,54.94810190683272,,54.8865556865921,
133.0,9.092178770949722,9.092178770949722,0.07981238062775695,1,55.18578003452269,55.03690086513095,0.2938501638478499,55.0,,,55.18578003452269,,55.124031312177465,,55.03448248997526,,54.94828061830445,,54.89192987067484,
134.0,9.06578212290503,9.06578212290503,0.07950494999048777,1,55.170510716556066,55.03200287353079,0.2732027820136622,55.0,,,55.170510716556066,,55.11397605806524,,55.02964356157709,,54.94857609691315,,54.897307934542404,
135.0,9.027001862197396,9.027001862197396,0.0791935844862155,1,55.155427030188605,55.0271510729677,0.2528319351905637,55.0,,,55.155427030188605,,55.10399404757249,,55.02484936307524,,54.9488898290041,,54.90259509499804,
136.0,9.027001862197396,9.027001862197396,0.0788751431179866,1,55.14048395187046,55.02230220112781,0.23273415886800564,55.0,,,55.14048395187046,,55.09404350894908,,55.020056668661574,,54.9491770831555,,54.90774979300245,
137.0,9.027001862197396,9.027001862197396,0.07856028441034393,1,55.125823691793755,55.01759980667835,0.2129068323846255,55.0,,,55.125823691793755,,55.084269584933,,55.01540906243317,,54.94957983482269,,54.91291685940913,
138.0,9.027001862197396,9.027001862197396,0.07824908965634797,1,55.11144184905804,55.01304201906403,0.19334495079208125,55.0,,,55.11144184905804,,55.07467129780645,,55.01090470888796,,54.95009534130174,,54.91809689826596,
139.0,8.99816108007449,8.99816108007449,0.0779416352531096,1,55.097334050878914,55.00862693974623,0.17404361993277462,55.0,,,55.097334050878914,,55.06524756722589,,55.00654174363325,,54.950720906046904,,54.92329043094614,
140.0,8.991154562383615,8.991154562383615,0.07763024000638667,1,55.08339149049002,55.004248181838406,0.1549980530081001,55.0,,,55.08339149049002,,55.055892753666484,,55.00221381304529,,54.95134941450836,,54.92839343748192,
141.0,8.961824953445067,8.961824953445067,0.07732094663860083,1,55.06969337881725,54.99998642606589,0.1362053614881944,55.0,,,55.06969337881725,,55.046688668736785,,54.99800162990977,,54.95206043553662,,54.933488017329054,
142.0,8.9445530726257,8.9445530726257,0.07700784824013664,1,55.056155632916294,54.995759712212894,0.11766135015051304,55.0,,,55.056155632916294,,55.03755406928611,,54.993823265525364,,54.952771310570924,,54.93849428276578,
143.0,8.90495810055866,8.90495810055866,0.07669435265077905,1,55.04282206944195,54.99161324438785,0.09936329265450183,55.0,,,55.04282206944195,,55.02853516099075,,54.98972395445529,,54.9535262602638,,54.943458776787445,
144.0,8.89664804469274,8.89664804469274,0.07637459037617016,1,55.029610237132204,54.9874663094392,0.08130776037729959,55.0,,,55.029610237132204,,55.01955197796854,,54.9856230133773,,54.95424384196299,,54.948302476754904,
145.0,8.890945065176911,8.890945065176911,0.07605715580151345,1,55.01663492452915,54.98343471343147,0.06349276430420048,55.0,,,55.01663492452915,,55.01072135913999,,54.98163627719086,,54.955038846072426,,54.95314216022495,
146.0,8.876769087523279,8.876769087523279,0.07574282864943709,1,55.00390233268669,54.979526627006784,0.04798335721162772,55.0,,,55.00390233268669,,55.00205195990406,,54.97777194499205,,54.955918975475065,,54.957987921976034,
147.0,8.87693202979516,8.87693202979516,0.07542940339394076,1,54.9935119552148,54.9757098322169,0.03666031929421365,55.0,,,54.99137823208522,,54.9935119552148,,54.97399782658502,,54.956851635920586,,54.962809511278884,
148.0,8.864059590316575,8.864059590316575,0.0751208187671659,1,54.98515304197878,54.97203555077989,0.027265451898635717,55.0,,,54.979112132059285,,54.98515304197878,,54.970365170643376,,54.95788759008015,,54.967659819137836,
149.0,8.862918994413409,8.862918994413409,0.07481361718160259,1,54.97692595471288,54.9684543106426,0.01794877954575469,55.0,,,54.967052440000444,,54.97692595471288,,54.966824531524736,,54.95897717516713,,54.97249145180782,
150.0,8.82332402234637,8.82332402234637,0.07451102481403447,1,54.97734763365584,54.9650076973791,0.02210857193927751,55.0,,,54.95523906171656,,54.96887264414217,,54.96341752040799,,54.96016162697293,,54.97734763365584,
151.0,8.798882681564248,8.798882681564248,0.07420277098295011,1,54.98208921919382,54.961554597943476,0.03856034271436215,55.0,,,54.943528876479455,,54.96085213967477,,54.960003049310295,,54.961299705059034,,54.98208921919382,
152.0,8.798882681564248,8.798882681564248,0.07389309023754213,1,54.986774150770806,54.95815219588111,0.0547958802844164,55.0,,,54.93197827048639,,54.95292231748182,,54.95663832584714,,54.96244791481939,,54.986774150770806,
153.0,8.798882681564248,8.798882681564248,0.07358864140646205,1,54.99149233696066,54.95488918465791,0.0708176526953892,55.0,,,54.92067468426527,,54.9451722853107,,54.9534120670979,,54.963694549654996,,54.99149233696066,
154.0,8.766294227188084,8.766294227188084,0.0732894460030291,1,54.99624318662255,54.95176303385606,0.08662957573775998,55.0,,,54.90961361088479,,54.93759951476721,,54.9503217658773,,54.96503709112845,,54.99624318662255,
155.0,8.766294227188084,8.766294227188084,0.07298679794707491,1,55.000908525943856,54.94865366746369,0.10223549009852917,55.0,,,54.89867303584533,,54.93008390088196,,54.947247368806586,,54.9663555058407,,55.000908525943856,
156.0,8.766294227188084,8.766294227188084,0.0726895521463684,1,55.00560820526568,54.94568005471622,0.11763719292292052,55.0,,,54.88797101234276,,54.92274484868973,,54.9443078669044,,54.96776834037849,,55.00560820526568,
157.0,8.741689944134077,8.741689944134077,0.07239772023863643,1,55.010341491201416,54.94283960596526,0.13283843123640793,55.0,,,54.87750305996501,,54.915579674061924,,54.941500692026985,,54.96927311257101,,55.010341491201416,
158.0,8.733705772811916,8.733705772811916,0.07210472722557551,1,55.015018918578484,54.94004103472081,0.14784288129722967,55.0,,,54.867176037281254,,54.90849697029993,,54.93873457863475,,54.97077866880962,,55.015018918578484,
159.0,8.701117318435752,8.701117318435752,0.07181511325217996,1,55.01970185945781,54.93734466585679,0.16265266994461314,55.0,,,54.8570491895132,,54.90155728879678,,54.93606987182591,,54.97234511969022,,55.01970185945781,
160.0,8.688081936685286,8.688081936685286,0.07152233126834782,1,55.02430156280275,54.93466021517772,0.17727089536007412,55.0,,,54.847030667442674,,54.894670291853025,,54.93341630724783,,54.973882246542324,,55.02430156280275,
161.0,8.648486964618247,8.648486964618247,0.07123172649563682,1,55.0288905761138,54.932059460723096,0.19169912723899074,55.0,,,54.83719144887481,,54.88790804980383,,54.93084568209962,,54.97546154672345,,55.0288905761138,
162.0,8.608891992551209,8.608891992551209,0.07093624946937192,1,55.03337356866449,54.929445722756086,0.20594009384723222,55.0,,,54.827433474817255,,54.881173852647976,,54.92826133546907,,54.97698638218166,,55.03337356866449,
163.0,8.601885474860334,8.601885474860334,0.07063604382369555,1,55.03775326957904,54.926821195638944,0.21999489390085358,55.0,,,54.81775837567819,,54.87447023911704,,54.92566547988413,,54.97845861393636,,55.03775326957904,
164.0,8.570763500931097,8.570763500931097,0.07033994382905695,1,55.04214946404681,54.92430512835735,0.23386462829319754,55.0,,,54.80828483575361,,54.86791677325433,,54.923177382052145,,54.97999718667987,,55.04214946404681,
165.0,8.570763500931097,8.570763500931097,0.07004153424700853,1,55.04647502467009,54.92180888680963,0.2475523385727314,55.0,,,54.798922686097356,,54.861424622928354,,54.92070842537262,,54.98151367497973,,55.04647502467009,
166.0,8.570763500931097,8.570763500931097,0.06974921561152916,1,55.05084350323635,54.91944525742726,0.26105958263140394,55.0,,,54.78978392060495,,54.85510671769118,,54.91837141317778,,54.98312073242609,,55.05084350323635,
167.0,8.570763500931097,8.570763500931097,0.06946297457400438,1,55.055253720529215,54.917211378326066,0.27438975263161325,55.0,,,54.7808639678976,,54.848959854146415,,54.916163500259685,,54.98481584879743,,55.055253720529215,
168.0,8.566852886405957,8.566852886405957,0.06918279449303541,1,55.05970448064667,54.91510440115817,0.287546179607034,55.0,,,54.77215830103964,,54.842980829498046,,54.914081854517605,,54.98659654008891,,55.05970448064667,
169.0,8.538175046554933,8.538175046554933,0.0689076127936395,1,55.064180522537406,54.913107442145005,0.3005321344872556,55.0,,,54.76364838805015,,54.837152393663345,,54.91210960800237,,54.98844629847176,,55.064180522537406,
170.0,8.520251396648042,8.520251396648042,0.06863081865809492,1,55.06859202379349,54.91112920086418,0.31335059809021004,55.0,,,54.75524142570328,,54.8313829268187,,54.910155475691816,,54.990274152313646,,55.06859202379349,
171.0,8.480656424581005,8.480656424581005,0.06835535688528654,1,55.07297900439972,54.9092089751725,0.3260030386065864,55.0,,,54.74697596579313,,54.825711761420564,,54.908258770309985,,54.992119373939076,,55.07297900439972,
172.0,8.472998137802605,8.472998137802605,0.06807549504938605,1,55.07726408350572,54.907268350933975,0.33849154605047715,55.0,,,54.73877253745524,,54.82006034253148,,54.90634109227971,,54.99390369889772,,55.07726408350572,
173.0,8.472998137802605,8.472998137802605,0.06779985012164115,1,55.08156415973866,54.90542384402952,0.35081690858557835,55.0,,,54.73074725115308,,54.81454534999182,,54.90451897155939,,54.995743487704665,,55.08156415973866,
174.0,8.459636871508378,8.459636871508378,0.06753045776948681,1,55.08590604104013,54.90370093912401,0.3629817951582268,55.0,,,54.722924245881906,,54.80919194577787,,54.90281790671542,,54.99766455620469,,55.08590604104013,
175.0,8.420041899441339,8.420041899441339,0.06726372948708333,1,55.09024044238636,54.90204882519905,0.37498927964828965,55.0,,,54.71525116273807,,54.80394887525183,,54.90118710031681,,54.99961654530218,,55.09024044238636,
176.0,8.407821229050278,8.407821229050278,0.06699270036830897,1,55.09447319296859,54.90037222368642,0.38684159879991853,55.0,,,54.707631594168674,,54.79872060539764,,54.89953128696781,,55.00150443892938,,55.09447319296859,
177.0,8.407821229050278,8.407821229050278,0.06672475620779199,1,55.09870462753048,54.89877114427679,0.3985394232066426,55.0,,,54.70016520432384,,54.79360726491181,,54.89795048907236,,55.003428135545455,,55.09870462753048,
178.0,8.399022346368714,8.399022346368714,0.06646315141524967,1,55.10297819641182,54.89728790946632,0.4100850287578339,55.0,,,54.692893167653985,,54.788650881237125,,54.89648704166038,,55.005430260368314,,55.10297819641182,
179.0,8.359427374301674,8.359427374301674,0.0662055069563521,1,55.10726092808184,54.89588808099249,0.4214813687037733,55.0,,,54.68577955937807,,54.783816536066745,,54.895106518743425,,55.007476862692364,,55.10726092808184,
180.0,8.34264432029795,8.34264432029795,0.0659436292252031,1,55.11144191823246,54.894459570002525,0.4327308313523659,55.0,,,54.67871108688009,,54.77899178471437,,54.893696843388916,,55.00945621679676,,55.11144191823246,
181.0,8.34264432029795,8.34264432029795,0.06568367648869115,1,55.11560499261742,54.89308593127434,0.44383397717086837,55.0,,,54.67177101544655,,54.77426026690161,,54.89234158185788,,55.01145179954827,,55.11560499261742,
182.0,8.310055865921786,8.310055865921786,0.065430119767674,1,55.11981022154717,54.89182629749132,0.454792699640322,55.0,,,54.66501752190685,,54.769680857291235,,54.8910998781359,,55.01352300857542,,55.11981022154717,
183.0,8.29881284916201,8.29881284916201,0.0651742615898956,1,55.1239395200487,54.89056117265525,0.4656098386975316,55.0,,,54.65832968135117,,54.76513355322576,,54.88985224731439,,55.015550861336216,,55.1239395200487,
184.0,8.277467411545622,8.277467411545622,0.0649218344960676,1,55.12807068142281,54.88936790689515,0.47628629790185784,55.0,,,54.651784383520955,,54.76069566646101,,54.888676050195286,,55.017612752875735,,55.12807068142281,
185.0,8.277467411545622,8.277467411545622,0.06467014912363686,1,55.132167074927125,54.88820880986189,0.48682421340074455,55.0,,,54.64534286152638,,54.75632915153212,,54.88753360692611,,55.01967135439768,,55.132167074927125,
186.0,8.24520484171322,8.24520484171322,0.06442489083017545,1,55.13630536576028,54.88715979483625,0.49722510547546506,55.0,,,54.639080260284814,,54.752109708241974,,54.88650084098075,,55.02180279891343,,55.13630536576028,
187.0,8.238198324022344,8.238198324022344,0.06417745294439253,1,55.14036871913143,54.8861026687418,0.5074917068670928,55.0,,,54.63287701226434,,54.74791861819913,,54.885459569303585,,55.023889424810505,,55.14036871913143,
188.0,8.212290502793294,8.212290502793294,0.06393459008511077,1,55.14444871560995,54.88512860645085,0.5176248445351916,55.0,,,54.626823871074755,,54.74384699334058,,54.88450097641255,,55.026022475816404,,55.14444871560995,
189.0,8.19159683426443,8.19159683426443,0.06369126375064227,1,55.14847691748821,54.88416803881755,0.5276267966901713,55.0,,,54.62085012079804,,54.739824832747246,,54.883555502662794,,55.02813282039147,,55.14847691748821,
190.0,8.17970204841713,8.17970204841713,0.0634488908688065,-1,55.152472712776515,54.88323978352188,0.5374987188326301,55.0,,,54.614973993943885,,54.73587079140621,,54.882641974928475,,55.0302394445543,,55.152472712776515,
191.0,8.17970204841713,8.17970204841713,0.06320981673222881,-1,55.14199775239699,54.882374787059724,0.5183020343195679,55.0,,,54.62369571807742,,54.73925057892837,,54.881791348691024,,55.02513853720478,,55.14199775239699,
192.0,8.170577281191804,8.170577281191804,0.06297717295144678,-1,55.13175692398909,54.88161396576345,0.49936469995872557,55.0,,,54.63239222403036,,54.74273254067134,,54.88104454907488,,55.020143591051614,,55.13175692398909,
193.0,8.147113594040967,8.147113594040967,0.06274848359282091,-1,55.12171161350882,54.88092185258813,0.48068043565364604,55.0,,,54.641031177855176,,54.74627958101025,,54.88036611764548,,55.01522077292095,,55.12171161350882,
194.0,8.12397579143389,8.12397579143389,0.06251992407192535,-1,55.11180613541328,54.88024552510275,0.46224372868212527,55.0,,,54.64956240673116,,54.74983710584619,,54.87970314033386,,55.01031883718925,,55.11180613541328,
195.0,8.114525139664803,8.114525139664803,0.06229160080956945,-1,55.102039376421395,54.87958609694819,0.44405013829111084,55.0,,,54.657989238130284,,54.75340442941317,,54.87905673888802,,55.00544070188806,,55.102039376421395,
196.0,8.081936685288639,8.081936685288639,0.06206715070664561,-1,55.09245782936322,54.878992229496724,0.4260953401668459,55.0,,,54.66636248919637,,54.757028517782715,,54.87847558258843,,55.00063672855286,,55.09245782936322,
197.0,8.0703677839851,8.0703677839851,0.06184042627221224,-1,55.08297480451362,54.87837976483884,0.4083742832003523,55.0,,,54.674600521313266,,54.76062382790779,,54.877875521279336,,54.995824149180166,,55.08297480451362,
198.0,8.049348230912475,8.049348230912475,0.06161703120168328,-1,55.07366444946979,54.87782458236491,0.39088351590568493,55.0,,,54.6827809335641,,54.76426457533595,,54.877332441843244,,54.99108051161147,,55.07366444946979,
199.0,8.049348230912475,8.049348230912475,0.06139444355329562,-1,55.06448928866174,54.877291542639306,0.3736183779169764,55.0,,,54.69087091074476,,54.76791437567254,,54.87681121221371,,54.986371925903775,,55.06448928866174,
200.0,8.049348230912475,8.049348230912475,0.06117822032538981,-1,55.05552177651374,54.87685507291438,0.3565749351416301,55.0,,,54.69894684137211,,54.77164634105554,,54.87638626680185,,54.981774138828676,,55.05552177651374,
201.0,8.016759776536311,8.016759776536311,0.06096829307137902,-1,55.04675646937773,54.87651229890164,0.3397480602306473,55.0,,,54.707008409147086,,54.77545668833869,,54.87605473835761,,54.97728518928711,,55.04675646937773,
202.0,8.016759776536311,8.016759776536311,0.06075598802313753,-1,55.038072106031095,54.87614445508086,0.3231327728615412,55.0,,,54.71493933316955,,54.77922581021527,,54.87569786822064,,54.97278715776776,,55.038072106031095,
203.0,8.016759776536311,8.016759776536311,0.06054994948933029,-1,55.02958425331683,54.875868521413096,0.30672625746520055,55.0,,,54.722857995851626,,54.78306939971594,,54.87543264295456,,54.96839831522656,,55.02958425331683,
204.0,8.044785847299812,8.044785847299812,0.060350105852398035,-1,55.02128770714104,54.87568167511557,0.29052376195998875,55.0,,,54.73076394518105,,54.78698392480799,,54.87525624630037,,54.96411655214737,,55.02128770714104,
205.0,8.014315642458099,8.014315642458099,0.060163782698395535,-1,55.013277058447095,54.87568082143747,0.27452066800833563,55.0,,,54.73875639043876,,54.79106563851236,,54.87526558986589,,54.96003942992329,,55.013277058447095,
206.0,7.993621973929235,7.993621973929235,0.059975366091284454,-1,55.00533504931982,54.87565181766392,0.258710755332487,55.0,,,54.74662429398733,,54.79510023523629,,54.87524653720068,,54.955952972575496,,55.00533504931982,
207.0,8.033216945996275,8.033216945996275,0.059787467059729316,-1,54.99749620413834,54.87563041282154,0.24309158427589495,55.0,,,54.75440461986245,,54.79912243632739,,54.87523484329605,,54.95189396048349,,54.99749620413834,
208.0,8.049348230912475,8.049348230912475,0.059615989593884734,-1,54.989973170435455,54.87583074504973,0.2276601830666536,55.0,,,54.7623129873688,,54.80334556082024,,54.87544465213374,,54.94807735449044,,54.989973170435455,
209.0,8.049348230912475,8.049348230912475,0.0594545299877086,-1,54.982671881199366,54.87616204959735,0.2124099566092923,55.0,,,54.77026192459007,,54.8076790085695,,54.87578520479493,,54.94441222883287,,54.982671881199366,
210.0,8.049348230912475,8.049348230912475,0.05929869262519253,-1,54.97552797039223,54.876562452586995,0.19733592967764224,55.0,,,54.778192040714586,,54.81206073960735,,54.87619463302953,,54.94083687919128,,54.97552797039223,
211.0,8.049348230912475,8.049348230912475,0.059148395048121125,-1,54.9685370014886,54.87702944619389,0.18243425367702315,55.0,,,54.786102747811576,,54.81648786687742,,54.87667043446157,,54.937349180330244,,54.9685370014886,
212.0,8.049348230912475,8.049348230912475,0.05900355395245264,-1,54.961694630848875,54.87756056188255,0.16770118698497782,55.0,,,54.7939934438639,,54.82095758061938,,54.877210145867615,,54.93394700821298,,54.961694630848875,
213.0,8.023440409683426,8.023440409683426,0.05886408526476685,-1,54.95499660633931,54.878153370642465,0.15313309172585576,55.0,,,54.80186351461345,,54.825467146421786,,54.87781134341587,,54.93062824242191,,54.95499660633931,
214.0,8.017085661080072,8.017085661080072,0.05872306393119095,-1,54.94834659899676,54.87871331620884,0.1387264306642777,55.0,,,54.80962016833248,,54.829921736366394,,54.87837947589053,,54.92729860145804,,54.94834659899676,
215.0,8.049348230912475,8.049348230912475,0.058585656736993244,-1,54.94181395644442,54.879310679642174,0.12447934480269396,55.0,,,54.817334611641726,,54.83439099438862,,54.87898482922508,,54.92402900651103,,54.94181395644442,
216.0,8.049348230912475,8.049348230912475,0.05846199591750913,-1,54.93553294257922,54.880081227454625,0.11038883665677446,55.0,,,54.82514410592245,,54.83901038664358,,54.87976317472347,,54.920955527404416,,54.93553294257922,
217.0,8.028002793296087,8.028002793296087,0.058343368121561344,-1,54.929380016913235,54.88090405543469,0.0964496413419269,55.0,,,54.83293037557131,,54.84365932898486,,54.880593612917565,,54.917956942786454,,54.929380016913235,
218.0,8.045111731843575,8.045111731843575,0.05822405033651593,-1,54.92327542467718,54.88170099403167,0.08265859579693569,55.0,,,54.84061682888024,,54.84825949673013,,54.88139797881919,,54.9149552410516,,54.92327542467718,
219.0,8.016759776536311,8.016759776536311,0.058114181737351944,-1,54.9173554108179,54.88260918219803,0.06901391914287558,55.0,,,54.84834149167502,,54.852947573043686,,54.882313415792446,,54.9120880196611,,54.9173554108179,
220.0,8.016759776536311,8.016759776536311,0.05800161495066579,-1,54.911452017582235,54.883462696428204,0.055511549949940786,55.0,,,54.855940467632294,,54.857557793368194,,54.88317400470184,,54.90918919885645,,54.911452017582235,
221.0,8.016759776536311,8.016759776536311,0.05789384458744322,-1,54.90636138351405,54.88436362395562,0.04416965363956393,55.0,,,54.86351644085243,,54.86219172987449,,54.88408183696438,,54.90636138351405,,54.90566672857275,
222.0,8.016759776536311,8.016759776536311,0.05779078431220728,-1,54.90360251068745,54.885309843014305,0.03675530616324352,55.0,,,54.87106872611731,,54.866847204524205,,54.88503479494335,,54.90360251068745,,54.89999597879923,
223.0,8.016759776536311,8.016759776536311,0.057692347569225234,-1,54.90091053803478,54.8862992717506,0.02938843959896076,55.0,,,54.8785966393921,,54.87152209843582,,54.88603080081167,,54.90091053803478,,54.894436282078615,
224.0,8.016759776536311,8.016759776536311,0.05759844764272405,-1,54.89828344508727,54.88732986822761,0.022069094460498206,55.0,,,54.886099498908905,,54.876214350626775,,54.887067816559004,,54.89828344508727,,54.88898422995609,
225.0,8.028980446927372,8.028980446927372,0.057508997715437486,-1,54.89571923443116,54.888399630407264,0.014797277634038153,55.0,,,54.893576626192015,,54.880921956797124,,54.888143843976366,,54.89571923443116,,54.88363649063965,
226.0,8.049348230912475,8.049348230912475,0.05742713665567077,-1,54.901070810975554,54.8895500600589,0.02263753907983812,55.0,,,54.901070810975554,,54.88568643210093,,54.88930038856724,,54.89325939675508,,54.878433271895716,
227.0,8.023114525139663,8.023114525139663,0.05735488771888698,-1,54.90860930510721,54.89080678866766,0.03521072617738952,55.0,,,54.90860930510721,,54.89053362015959,,54.89056308547588,,54.890929353665754,,54.87339857892982,
228.0,8.048696461824951,8.048696461824951,0.05727978920184029,-1,54.91602387161746,54.891999757555745,0.04766334604823186,55.0,,,54.91602387161746,,54.895293807289136,,54.89176187960302,,54.888558703699886,,54.86836052556923,
229.0,8.02441806331471,8.02441806331471,0.057215523365704665,-1,54.9235005312046,54.893314610907545,0.059996157257387495,55.0,,,54.9235005312046,,54.90015228888568,,54.89308241855711,,54.88633344194315,,54.863504373947215,
230.0,8.034683426443202,8.034683426443202,0.057148751250722336,-1,54.93085900632003,54.89456915495606,0.07221299775876844,55.0,,,54.93085900632003,,54.904927319095414,,54.89434251198273,,54.88407092882083,,54.85864600856126,
231.0,8.016759776536311,8.016759776536311,0.057088588532607405,-1,54.93822371530521,54.895887433387614,0.08431462213422236,55.0,,,54.93822371530521,,54.90974264563399,,54.895666206826,,54.881895506001854,,54.85390909317099,
232.0,8.045437616387336,8.045437616387336,0.0570274724895901,-1,54.94549286396979,54.89716625700261,0.09630382561928741,55.0,,,54.94549286396979,,54.91449531705427,,54.89695031711323,,54.87970374852522,,54.8491890383505,
233.0,8.04625232774674,8.04625232774674,0.056977680596464304,-1,54.95283319432774,54.898571850766174,0.10818164734204316,55.0,,,54.95283319432774,,54.919351380971115,,54.89836107092003,,54.877662060626285,,54.844651546985695,
234.0,8.016759776536311,8.016759776536311,0.05693167349530229,-1,54.96014244932856,54.900000066937174,0.11995187368464855,55.0,,,54.96014244932856,,54.92420722143079,,54.8997943235974,,54.875665764685216,,54.84019057564391,
235.0,8.016759776536311,8.016759776536311,0.056881361020943946,-1,54.96731217512219,54.90134144000681,0.13161653278463348,55.0,,,54.96731217512219,,54.928953489154836,,54.90114061261684,,54.87360528080265,,54.835695642337555,
236.0,8.016759776536311,8.016759776536311,0.056834544982809626,-1,54.97444933143779,54.90270284650707,0.1431757956815929,55.0,,,54.97444933143779,,54.9336967322671,,54.90250681738251,,54.87158781569173,,54.831273535756196,
237.0,8.016759776536311,8.016759776536311,0.056791141939400165,-1,54.98155334410931,54.90408275698918,0.15463157753050893,55.0,,,54.98155334410931,,54.93843554593959,,54.90389141128336,,54.86961171703488,,54.8269217665788,
238.0,8.02229981378026,8.02229981378026,0.05675106894746147,-1,54.98862365094492,54.905479679625806,0.16598574207956318,55.0,,,54.98862365094492,,54.9431685688976,,54.90529290526012,,54.867675364161,,54.82263790886536,
239.0,8.049348230912475,8.049348230912475,0.05671570583736083,-1,54.995679404547445,54.90691186235765,0.1772401030202886,55.0,,,54.995679404547445,,54.94791418500619,,54.90672954995375,,54.86579687075367,,54.81843930152716,
240.0,8.049348230912475,8.049348230912475,0.05669063081271805,-1,55.00279609798729,54.90845375399364,0.18839675314547577,55.0,,,55.00279609798729,,54.952747065907985,,54.90827579681307,,54.864050464418064,,54.81439934484182,
241.0,8.049348230912475,8.049348230912475,0.056668527836763675,-1,55.009874589638464,54.91000456059338,0.19945900128411154,55.0,,,55.009874589638464,,54.95756696168128,,54.90983085449438,,54.8623348087984,,54.81041558835435,
242.0,8.016759776536311,8.016759776536311,0.05664931446995555,-1,55.016914398135754,54.91156299086754,0.21042847133450238,55.0,,,55.016914398135754,,54.96237272187459,,54.911393434212364,,54.860648473313724,,54.80648592680125,
243.0,8.016759776536311,8.016759776536311,0.056624305486089516,-1,55.02379913071835,54.91301186444715,0.22130674246431425,55.0,,,55.02379913071835,,54.967047310210866,,54.912846358040916,,54.858874135011575,,54.80249238825404,
244.0,8.031750465549347,8.031750465549347,0.0566021359195889,-1,55.03064715535723,54.91446974377137,0.23209342954216794,55.0,,,55.03064715535723,,54.971708955643116,,54.914308190771564,,54.85713069126988,,54.79855372581506,
245.0,8.027351024208565,8.027351024208565,0.05658668467107736,-1,55.03751132294499,54.91598871140839,0.2427900729822312,55.0,,,55.03751132294499,,54.9764098982175,,54.91583101730032,,54.85547006861636,,54.794721249962755,
246.0,8.016759776536311,8.016759776536311,0.05657270433771567,-1,55.04432088320718,54.91749682871275,0.2533990532219832,55.0,,,55.04432088320718,,54.98107857948231,,54.91734290126637,,54.85381994962274,,54.790921829985194,
247.0,8.016759776536311,8.016759776536311,0.05655849845797571,-1,55.05105378398883,54.91897145615453,0.26392154858738337,55.0,,,55.05105378398883,,54.98569245334203,,54.91882120535047,,54.85215760268987,,54.787132235401444,
248.0,8.016759776536311,8.016759776536311,0.056546822784294,-1,55.057748222299374,54.920450401314284,0.2743583414170203,55.0,,,55.057748222299374,,54.990289332712415,,54.9203037392851,,54.85052083139218,,54.78338988088235,
249.0,8.016759776536311,8.016759776536311,0.056537602446149,-1,55.06440379047673,54.92193256782152,0.28471081253965025,55.0,,,55.06440379047673,,54.99486828576023,,54.92178940880902,,54.84890837612458,,54.77969297793708,
250.0,8.016759776536311,8.016759776536311,0.05653076340912413,-1,55.07102009564327,54.92341689272748,0.29498030542656295,55.0,,,55.07102009564327,,54.99942841512209,,54.9232771530314,,54.84731900962392,,54.77603979021671,
251.0,8.016759776536311,8.016759776536311,0.0565262324957609,-1,55.07759675979756,54.92490234611067,0.3051681271659632,55.0,,,55.07759675979756,,55.00396885724145,,54.92476594403875,,54.84575153684402,,54.772428632631595,
252.0,8.016759776536311,8.016759776536311,0.0565239374052247,-1,55.08413341988594,54.92638793067456,0.3152755494129451,55.0,,,55.08413341988594,,55.00848878171514,,54.9262547864937,,54.844204794805066,,54.76885787047299,
253.0,8.016759776536311,8.016759776536311,0.056523806731807444,-1,55.09062972785475,54.92787268133752,0.32530380931586933,55.0,,,55.09062972785475,,55.01298739064901,,54.927742717226295,,54.8426776524187,,54.76532591853888,
254.0,8.016759776536311,8.016759776536311,0.05652576998228649,-1,55.09708535068409,54.92935566481577,0.3352541104199531,55.0,,,55.09708535068409,,55.01746391802247,,54.92922880481805,,54.841169010290116,,54.76183124026414,
255.0,8.016759776536311,8.016759776536311,0.05652975759216328,-1,55.10349997040388,54.93083597919964,0.34512762354873416,55.0,,,55.10349997040388,,55.0219176290614,,54.93071214917939,,54.83967780049835,,54.75837234685515,
256.0,8.016759776536311,8.016759776536311,0.05653570094080526,-1,55.10987328409303,54.93231275352357,0.3549254876641612,55.0,,,55.10987328409303,,55.02634781961917,,54.932191881120794,,54.83820298635601,,54.754947796428866,
257.0,8.016759776536311,8.016759776536311,0.0565435323655122,-1,55.11620500386248,54.93378514733043,0.36464881070600086,55.0,,,55.11620500386248,,55.03075381556555,,54.93366716191813,,54.83674356214953,,54.75155619315648,
258.0,8.016759776536311,8.016759776536311,0.05655318517452827,-1,55.12249485682289,54.9352523502303,0.37429867041111464,55.0,,,55.12249485682289,,55.035134972183165,,54.93513718287258,,54.8352985528611,,54.748196186411775,
259.0,8.016759776536311,8.016759776536311,0.056564593659027995,-1,55.128742585037564,54.93671358145441,0.38387611511327435,55.0,,,55.128742585037564,,55.039490673571294,,54.9366011648656,,54.83386701387332,,54.74486646992429,
260.0,8.016759776536311,8.016759776536311,0.05657769310409265,-1,55.134947945461505,54.93816808940453,0.39338216452409824,55.0,,,55.134947945461505,,55.043820332056754,,54.938058357909284,,54.83244803065769,,54.74156578093741,
261.0,8.016759776536311,8.016759776536311,0.05659241979870364,-1,55.14111070986708,54.93961515119812,0.4028178104955984,55.0,,,55.14111070986708,,55.04812338761173,,54.939508040692566,,54.83104071844773,,54.73829289937148,
262.0,8.016759776536311,8.016759776536311,0.056608711044773385,-1,55.147230664757075,54.94105407220984,0.4121840177649361,55.0,,,55.147230664757075,,55.052399307278336,,54.94094952012361,,54.82964422189803,,54.73504664699214,
263.0,8.016759776536311,8.016759776536311,0.05662650516524115,-1,55.153307611265745,54.9424841856096,0.42148172468184697,55.0,,,55.153307611265745,,55.05664758459969,,54.94238213086886,,54.8282577147298,,54.7318258865839,
264.0,8.016759776536311,8.016759776536311,0.056645741511250215,-1,55.15934136504843,54.94390485189765,0.43071184391919815,55.0,,,55.15934136504843,,55.06086773905747,,54.943805234889,,54.826880399364114,,54.72862952112923,
265.0,8.016759776536311,8.016759776536311,0.056666360468435074,-1,55.16533175616038,54.94531545843704,0.43987526316717407,55.0,,,55.16533175616038,,55.06505931551576,,54.94521822097233,,54.8255115065435,,54.7254564929932,
266.0,8.016759776536311,8.016759776536311,0.05668830346233731,-1,55.17127862892538,54.946715418983786,0.44897284581149677,55.0,,,55.17127862892538,,55.06922188367103,,54.946620504265795,,54.82415029494288,,54.72230578311388,
267.0,8.016759776536311,8.016759776536311,0.05671151296297644,-1,55.17718184179467,54.948104173215214,0.4580054315961348,55.0,,,55.17718184179467,,55.073355037508186,,54.94801152580412,,54.82279605077057,,54.719176410198536,
268.0,8.016759776536311,8.016759776536311,0.05673593248859519,-1,55.18304126719677,54.94948118625656,0.4669738372708423,55.0,,,55.18304126719677,,55.07745839476267,,54.949390752037324,,54.82144808736013,,54.71606742992593,
269.0,8.016759776536311,8.016759776536311,0.05676150660860408,-1,55.188856791378704,54.95084594820654,0.47587885722395384,55.0,,,55.188856791378704,,55.081531596388366,,54.950757674357,,54.820105744753874,,54.71297793415475,
270.0,8.016759776536311,8.016759776536311,0.05678818094574785,-1,55.19462831423915,54.95219797366185,0.48472126410081984,55.0,,,55.19462831423915,,55.085574306031376,,54.952111808621666,,54.818768389278695,,54.70990705013833,
271.0,8.016759776536311,8.016759776536311,0.05681590217751433,-1,55.200355749153964,54.95353680124117,0.49350180940814425,55.0,,,55.200355749153964,,55.0895862095096,,54.95345269468151,,54.81743541311496,,54.70685393974582,
272.0,8.016759776536311,8.016759776536311,0.056844618036808174,-1,55.20603902279466,54.95486199310892,0.5022212241046518,55.0,,,55.20603902279466,,55.093567014297975,,54.95477989590282,,54.81610623385912,,54.70381779869001,
273.0,8.016759776536311,8.016759776536311,0.056874277311915834,-1,55.211678074940195,54.95617313449892,0.5108802191783965,55.0,,,55.211678074940195,,55.09751644901944,,54.95609299869247,,54.814780294080684,,54.7007978557618,
274.0,8.016759776536311,8.016759776536311,0.05690482984577768,-1,55.21727285828255,54.957469833238505,0.5194794862109404,55.0,,,55.21727285828255,,55.101434262941495,,54.9573916120227,,54.81345706087422,,54.69779337207161,
275.0,8.016759776536311,8.016759776536311,0.05693622653459247,-1,55.222823338226604,54.958751719273245,0.528019697928805,55.0,,,55.222823338226604,,55.10532022547845,,54.95867536695645,,54.81213602540693,,54.6948036402978,
276.0,8.016759776536311,8.016759776536311,0.0569684193257756,-1,55.22832949268463,54.960018444192414,0.5365015087424112,55.0,,,55.22832949268463,,55.10917412569918,,54.959943916173636,,54.81081670246241,,54.69182798394222,
277.0,8.016759776536311,8.016759776536311,0.05700136121529365,-1,55.23379131186586,54.96126968075582,0.5449255552727834,55.0,,,55.23379131186586,,55.1129957718405,,54.96119693349854,,54.809498629981164,,54.688865756593074,
278.0,8.041852886405957,8.041852886405957,0.05703500624439106,-1,55.23920879806154,54.962505122421966,0.5532924568663802,55.0,,,55.23920879806154,,55.116784990826154,,54.96243411342859,,54.80818136859839,,54.68591634119516,
279.0,8.017248603351954,8.017248603351954,0.05707593378572147,-1,55.24467122205419,54.963813739506215,0.5616028160981159,55.0,,,55.24467122205419,,55.120630884419626,,54.96374442729323,,54.80695375780793,,54.68306840595607,
280.0,8.023277467411544,8.023277467411544,0.05711089335428826,1,55.24999957387325,54.965015514740095,0.5698586491812776,55.0,,,55.24999957387325,,55.12435391989932,,54.96494785882374,,54.80563529641222,,54.68014092469197,
281.0,8.049348230912475,8.049348230912475,0.05714801258997733,1,55.2422805097712,54.96622211922585,0.5520099279626152,55.0,,,55.2422805097712,,55.12155325142823,,54.966156080078015,,54.8108501730432,,54.69027058180858,
282.0,8.049348230912475,8.049348230912475,0.05719252083355049,1,55.23472388828025,54.967503916146846,0.5343356446690635,55.0,,,55.23472388828025,,55.11881559387797,,54.967439455184696,,54.81615239978015,,54.70038824361119,
283.0,8.049348230912475,8.049348230912475,0.057237403231891124,1,55.22723106165602,54.96876486729483,0.5168305817328331,55.0,,,55.22723106165602,,55.11604631425645,,54.96870194686534,,54.821444533773125,,54.71040047992319,
284.0,8.047392923649905,8.047392923649905,0.05728261827021474,1,55.21980019428684,54.970004834252265,0.4994913462174537,55.0,,,55.21980019428684,,55.113247013132266,,54.969943417599815,,54.82672469817306,,54.720308848069386,
285.0,8.016759776536311,8.016759776536311,0.05732760921097167,1,55.212422574545776,54.97121673921606,0.48231467189256705,55.0,,,55.212422574545776,,55.1104122673221,,54.97115679046093,,54.831984161098255,,54.73010790265321,
286.0,8.016759776536311,8.016759776536311,0.05736477275084971,1,55.204994809643146,54.97229870092972,0.4652975370740009,55.0,,,55.204994809643146,,55.10744180064475,,54.972240185046594,,54.837119436744935,,54.739697272569146,
287.0,8.016759776536311,8.016759776536311,0.057402264515397386,1,55.19762886095039,54.97336323425951,0.44843883610594304,55.0,,,55.19762886095039,,55.10445010942534,,54.97330611704746,,54.84224105902991,,54.749190024844445,
288.0,8.016759776536311,8.016759776536311,0.05744004932787505,1,55.190323120946395,54.97441021716664,0.4317355993433978,55.0,,,55.190323120946395,,55.10143848632217,,54.97435446524035,,54.84734749172131,,54.758587521603,
289.0,8.016759776536311,8.016759776536311,0.05747809297088327,1,55.18307605106714,54.97543954300687,0.41518496423489637,55.0,,,55.18307605106714,,55.09840816909573,,54.97538512377717,,54.8524372842621,,54.76789108683224,
290.0,8.016759776536311,8.016759776536311,0.05751636217752825,1,55.17588617904073,54.97645112010041,0.3987841708535811,55.0,,,55.17588617904073,,55.09536034337481,,54.97639800175524,,54.85750906814413,,54.77710200818715,
291.0,8.016759776536311,8.016759776536311,0.057554824622243206,1,55.16875209632067,54.97744487130586,0.38253055761654053,55.0,,,55.16875209632067,,55.092296145282305,,54.977393022791745,,54.86256155343049,,54.786221538704126,
292.0,8.016759776536311,8.016759776536311,0.05759344891128286,1,55.161672455613505,54.97842073359843,0.366421557184502,55.0,,,55.161672455613505,,55.08921666392746,,54.97837012460233,,54.8675935254199,,54.795250898429,
293.0,8.016759776536311,8.016759776536311,0.057632204572910455,1,55.15464596849718,54.97937865765247,0.350454692534079,55.0,,,55.15464596849718,,55.08612294377089,,54.979329258584094,,54.87260384144704,,54.8041912759631,
294.0,8.023603351955305,8.023603351955305,0.05767106204729131,1,55.147671403126374,54.98031860742841,0.3346275731952062,55.0,,,55.147671403126374,,55.08301598686838,,54.980270389403046,,54.87759142781305,,54.81304382993117,
295.0,8.049348230912475,8.049348230912475,0.05771179899104686,1,55.140771920566834,54.98126489830973,0.31893789164670494,55.0,,,55.140771920566834,,55.079921093544456,,54.98121783313133,,54.88257961538594,,54.82183402892013,
296.0,8.02849162011173,8.02849162011173,0.057759354774874566,1,55.1340126196195,54.98228395588384,0.30338299540635916,55.0,,,55.1340126196195,,55.07690551673879,,54.98223801603044,,54.88763400281736,,54.83062962421314,
297.0,8.044622905027932,8.044622905027932,0.05780130835190067,1,55.12722279875809,54.983206947161214,0.28795914847310655,55.0,,,55.12722279875809,,55.073800909621,,54.983162105773715,,54.89258527136829,,54.839263650284984,
298.0,8.049348230912475,8.049348230912475,0.05784747045697685,1,55.12053622059194,54.98416800387999,0.27266561361589936,55.0,,,55.12053622059194,,55.070742577306866,,54.98412423473376,,54.89756637979131,,54.84787060697604,
299.0,8.049348230912475,8.049348230912475,0.05789474805230965,1,55.113908945910794,54.98512468096665,0.25749940357913914,55.0,,,55.113908945910794,,55.067688622820995,,54.985081958466196,,54.90253433530358,,54.856409542331654,
300.0,8.049348230912475,8.049348230912475,0.057941851154423664,1,55.10732258614183,54.98605968537669,0.24245832829473812,55.0,,,55.10732258614183,,55.064622441043326,,54.98601798453749,,54.90747115731371,,54.86486425784709,
301.0,8.07264897579143,8.07264897579143,0.05798875476484575,1,55.10077632809768,54.9869731179859,0.2275405605994365,55.0,,,55.10077632809768,,55.06154485541523,,54.986932414418625,,54.91237622449972,,54.873235767498244,
302.0,8.081936685288639,8.081936685288639,0.058041589618254875,1,55.094352330399566,54.987948020861246,0.2127443345418314,55.0,,,55.094352330399566,,55.05853959238286,,54.9879082907576,,54.917331894908436,,54.881607995857735,
303.0,8.086662011173182,8.086662011173182,0.05809655063555377,1,55.08799651088251,54.98893188200132,0.19806651072109105,55.0,,,55.08799651088251,,55.05555442752436,,54.98889310212554,,54.92228536931272,,54.88993000016142,
304.0,8.126256983240221,8.126256983240221,0.05815237657599819,1,55.081690601361856,54.98990752622085,0.18350490403692277,55.0,,,55.081690601361856,,55.05257266166081,,54.989869673892485,,54.92721899686416,,54.898185697324934,
305.0,8.147113594040967,8.147113594040967,0.05821824693752325,1,55.07555753484657,54.990998805287994,0.16905767784622583,55.0,,,55.07555753484657,,55.049718662583516,,54.99096185836755,,54.93225611364203,,54.90649985700034,
306.0,8.172858472998136,8.172858472998136,0.05828905044435542,1,55.06952414784246,54.99213451317182,0.15472091808878474,55.0,,,55.06952414784246,,55.0469211727686,,54.992098450055195,,54.937325565439224,,54.91480322975367,
307.0,8.17970204841713,8.17970204841713,0.05836598673174647,1,55.06360437900873,54.99332991636211,0.14049196994171353,55.0,,,55.06360437900873,,55.04419567691275,,54.993294715963316,,54.94244240085877,,54.923112409067016,
308.0,8.186871508379886,8.186871508379886,0.058443940878693035,1,55.05772666583776,54.99451488972693,0.12636795947304336,55.0,,,55.05772666583776,,55.04147217038595,,54.99448053146641,,54.94753637457981,,54.93135870636472,
309.0,8.212290502793294,8.212290502793294,0.05852295173187776,1,55.051890925202144,54.99569016730534,0.11234725314305649,55.0,,,55.051890925202144,,55.03875177841487,,54.9956566310938,,54.95260782975679,,54.93954367205909,
310.0,8.2334729981378,8.2334729981378,0.058607805010592894,1,55.04616103576065,54.996920428349014,0.09842825054035131,55.0,,,55.04616103576065,,55.036099542671174,,54.996887694575776,,54.957721083517164,,54.947732785220296,
311.0,8.27306797020484,8.27306797020484,0.058697270286162055,1,55.04051797665403,54.99818798311751,0.08460829018874705,55.0,,,55.04051797665403,,55.03349783364728,,54.998156032642505,,54.96285838617845,,54.95590968646528,
312.0,8.280074487895714,8.280074487895714,0.05879613554282903,1,55.035024345633516,54.999556592169505,0.07088504721485123,55.0,,,55.035024345633516,,55.031010520768966,,54.99952540631095,,54.968083389715474,,54.964139298418665,
313.0,8.310055865921786,8.310055865921786,0.05889560182470164,1,55.02955785454684,55.00090565569606,0.05725514566087497,55.0,,,55.02955785454684,,55.028516815160216,,55.000875216222596,,54.97327568366467,,54.97230270888596,
314.0,8.326675977653629,8.326675977653629,0.05900171782159555,1,55.02609891141752,55.002317069371244,0.04758204637184349,55.0,,,55.0241997501667,,55.02609891141752,,55.00228735848504,,54.97851686504568,,54.980482461741296,
315.0,8.34264432029795,8.34264432029795,0.059110813930536084,1,55.02370603539914,55.00374012886821,0.03994973578870997,55.0,,,55.01889800299941,,55.02370603539914,,55.003711129198514,,54.98375629961043,,54.98862917713354,
316.0,8.373277467411544,8.373277467411544,0.05922263846133666,1,55.02133468370409,55.00517120756233,0.0323444459372908,55.0,,,55.0136481057993,,55.02133468370409,,55.005142902152805,,54.9889902377668,,54.99674010838869,
317.0,8.38028398510242,8.38028398510242,0.059341011373805624,1,55.01903628464077,55.00666161408343,0.02476641592493678,55.0,,,55.00850053389947,,55.01903628464077,,55.006633986382,,54.99426986871583,,55.00486739677909,
318.0,8.407821229050278,8.407821229050278,0.0594595299303286,1,55.01672325199731,55.00812387851603,0.017215412913564876,55.0,,,55.003366565915194,,55.01672325199731,,55.00809691236752,,54.99950783908375,,55.01292482321635,
319.0,8.426885474860333,8.426885474860333,0.059583606812508655,1,55.020986386058226,55.00963150053191,0.022667183846408534,55.0,,,54.99831920221182,,55.01446932035796,,55.00960518016465,,55.004777413866876,,55.020986386058226,
320.0,8.440409683426441,8.440409683426441,0.059710876436730335,1,55.029020396932374,55.01115168961436,0.035695847414935145,55.0,,,54.99332454951744,,55.012241608694296,,55.01112599963419,,55.010045893293515,,55.029020396932374,
321.0,8.473486964618248,8.473486964618248,0.0598397810757366,1,55.03700642614874,55.01266320280676,0.048645875133772165,55.0,,,54.98836055101497,,55.01001890473006,,55.01263812818655,,55.015292003953505,,55.03700642614874,
322.0,8.50558659217877,8.50558659217877,0.05997545989961294,1,55.0450145153746,55.01423546122372,0.0615185086865111,55.0,,,54.98349600668809,,55.00787073526769,,55.014210987293744,,55.020585061494494,,55.0450145153746,
323.0,8.520088454376163,8.520088454376163,0.060117524465156606,1,55.05303939359089,55.01586200378587,0.07431612876271032,55.0,,,54.97872326482818,,55.00579043912191,,55.01583811622802,,55.02591880516032,,55.05303939359089,
324.0,8.581191806331468,8.581191806331468,0.06026116081496106,1,55.06101622602869,55.0174768699228,0.08704098752006928,55.0,,,54.97397523850862,,55.00371186650735,,55.01745355476186,,55.03122746380748,,55.06101622602869,
325.0,8.574837057728118,8.574837057728118,0.06041872590306373,1,55.06911231015352,55.019246794816354,0.09969421006331203,55.0,,,54.96941810009021,,55.00180182582482,,55.01922403840918,,55.036677699604056,,55.06911231015352,
326.0,8.60335195530726,8.60335195530726,0.06057200569358252,1,55.07708104161098,55.02092322762651,0.11227968989815196,55.0,,,54.96480135171283,,54.999811128145,,55.020901016660275,,55.042021600003444,,55.07708104161098,
327.0,8.613291433891991,8.613291433891991,0.06073030719716016,1,55.08504957532806,55.022633460886674,0.12479715231854982,55.0,,,54.96025242300951,,54.997867451071684,,55.02261178236182,,55.0473860726623,,55.08504957532806,
328.0,8.635940409683425,8.635940409683425,0.06088856130306422,1,55.09294983581624,55.02430850984122,0.13724841636100393,55.0,,,54.95570141945524,,54.99590165725886,,55.02428735106858,,55.05270228560718,,55.09294983581624,
329.0,8.659892923649904,8.659892923649904,0.061050112583916655,1,55.10082792251896,55.02599415043576,0.1496341295075041,55.0,,,54.951193793011456,,54.993959647301,,55.025973499026755,,55.05801589032063,,55.10082792251896,
330.0,8.668528864059589,8.668528864059589,0.0612152195293282,1,55.10868779638771,55.027693651594824,0.16195567628932395,55.0,,,54.94673212009839,,54.992044616704746,,55.02767349545589,,55.06333022932736,,55.10868779638771,
331.0,8.701117318435752,8.701117318435752,0.061379696819049874,1,55.116473492789225,55.029350339681876,0.1742144751790775,55.0,,,54.94225901761015,,54.990099795675306,,55.02933066700753,,55.06858872532715,,55.116473492789225,
332.0,8.701117318435752,8.701117318435752,0.061549905212544616,1,55.12427180991336,55.031050785282744,0.18641098183689309,55.0,,,54.93786082807647,,54.98821188604673,,55.03103158454688,,55.07387781783027,,55.12427180991336,
333.0,8.72050744878957,8.72050744878957,0.0617170123975167,1,55.13196379039543,55.03267509659431,0.19854706558535895,55.0,,,54.93341672481007,,54.98626076202693,,55.03265635654632,,55.07907784919283,,55.13196379039543,
334.0,8.707309124767223,8.707309124767223,0.061886194561377214,1,55.139620648518964,55.03429455621837,0.2106225902171559,55.0,,,54.92899805830181,,54.984317960751824,,55.03427626587283,,55.08425984764636,,55.139620648518964,
335.0,8.766294227188084,8.766294227188084,0.0620486647487941,1,55.14712459423328,55.035790865432375,0.2226385734984362,55.0,,,54.92448602073485,,54.98226514010054,,55.03577301406507,,55.08930555802812,,55.14712459423328,
336.0,8.774115456238363,8.774115456238363,0.062223771337309323,1,55.15473833716502,55.03742721470305,0.23459405415605517,55.0,,,54.920144283008966,,54.98036593138518,,55.03740979184124,,55.094477730114846,,55.15473833716502,
337.0,8.798882681564248,8.798882681564248,0.06239761886472344,1,55.162273499335654,55.03901354566701,0.24649239336926598,55.0,,,54.91578110596639,,54.978429629069474,,55.03899654109107,,55.099586952872464,,55.162273499335654,
338.0,8.798882681564248,8.798882681564248,0.06257471428512315,1,55.169791927758965,55.0406115960271,0.25833381015095114,55.0,,,54.911458117608014,,54.97651809494284,,55.04059499975908,,55.10469484006661,,55.169791927758965,
339.0,8.798882681564248,8.798882681564248,0.06274833796750284,1,55.17720345182153,55.04213058774246,0.2701195197405042,55.0,,,54.90708393208103,,54.97454041789646,,55.04211439004204,,55.10971074687124,,55.17720345182153,
340.0,8.802141527001865,8.802141527001865,0.06291849035533924,1,55.184509525873814,55.04357212378123,0.281849225274037,55.0,,,54.90266030059978,,54.97249843625768,,55.04355631513768,,55.11463604103719,,55.184509525873814,
341.0,8.841736499068903,8.841736499068903,0.06308604686394102,1,55.19172336186203,55.04494956422674,0.2935226308402221,55.0,,,54.89820073102181,,54.97040573890272,,55.044934135353614,,55.11948385399351,,55.19172336186203,
342.0,8.881331471135942,8.881331471135942,0.06326073503136498,1,55.198977274168804,55.046395274047015,0.3051396356231919,55.0,,,54.89383763854561,,54.96839486477587,,55.04638021587726,,55.124386376867555,,55.198977274168804,
343.0,8.920926443202982,8.920926443202982,0.06344242728254018,1,55.20626919045898,55.0479061551664,0.31670229145584017,55.0,,,54.88956689900314,,54.966462345798135,,55.04789145885039,,55.129340881721355,,55.20626919045898,
344.0,8.929236499068903,8.929236499068903,0.06363099571514985,1,55.213597067923594,55.049479167683536,0.32821259286613014,55.0,,,54.885384475057464,,54.96460477638802,,55.049464824583765,,55.13434469446479,,55.213597067923594,
345.0,8.902351024208569,8.902351024208569,0.06381791268062806,1,55.22084571760991,55.050998153726105,0.3396724780279996,55.0,,,54.88117323958191,,54.96270563761176,,55.05098415541202,,55.139282018414924,,55.22084571760991,
346.0,8.941945996275606,8.941945996275606,0.06399371019367427,1,55.227888672283775,55.05233663164304,0.351081976097781,55.0,,,54.876806696185994,,54.96063855443437,,55.05232296988334,,55.144026265427726,,55.227888672283775,
347.0,8.981540968342646,8.981540968342646,0.06417633462877302,1,55.234970360102935,55.053740059776636,0.36243902701678365,55.0,,,54.87253133308615,,54.95864960836715,,55.05372672653187,,55.148822270795044,,55.234970360102935,
348.0,8.99441340782123,8.99441340782123,0.06436566339352116,1,55.242088775291684,55.05520547424103,0.3737455473171707,55.0,,,54.86834322797451,,54.956735465530905,,55.05519246166451,,55.15366744074351,,55.242088775291684,
349.0,9.02814245810056,9.02814245810056,0.0645543908345752,1,55.24914515968454,55.056633185435246,0.38500340017418466,55.0,,,54.86414175951035,,54.95479607135008,,55.05662048586832,,55.15846245076292,,55.24914515968454,
350.0,9.05959031657356,9.05959031657356,0.06474809073185281,1,55.25621549296467,55.058099056863966,0.3962128182384035,55.0,,,54.86000267472627,,54.952907323248176,,55.05808666282944,,55.16328313055128,,55.25621549296467,
351.0,9.05959031657356,9.05959031657356,0.0649460468628251,1,55.26329007942695,55.05959266715854,0.40737525312601264,55.0,,,54.85591482630094,,54.951058525372666,,55.05958057135789,,55.16811933333423,,55.26329007942695,
352.0,9.08175046554935,9.08175046554935,0.06513970129556956,1,55.27025368514277,55.06099814515699,0.41849197958558193,55.0,,,54.85176170555719,,54.94913356964227,,55.06098634046592,,55.1728554249768,,55.27025368514277,
353.0,9.12134543761639,9.12134543761639,0.06533503219064378,1,55.277188332564535,55.06239782174168,0.42956238102876654,55.0,,,54.84762595153577,,54.947215015576866,,55.062386301203695,,55.17757350782752,,55.277188332564535,
354.0,9.128351955307265,9.128351955307265,0.06553667411009395,1,55.284156934566475,55.06385426082949,0.44058715563793527,55.0,,,54.84356977892854,,54.94536532599434,,55.063843017653575,,55.18233624700456,,55.284156934566475,
355.0,9.167946927374304,9.167946927374304,0.06573572812361826,1,55.29103928942144,55.065246410306486,0.4515680044499035,55.0,,,54.83947128497154,,54.94346309331542,,55.065235437864246,,55.187022945959775,,55.29103928942144,
356.0,9.172346368715084,9.172346368715084,0.06594096973491854,1,55.29795480617918,55.06669381122229,0.46250466371824217,55.0,,,54.835450142460935,,54.941627986373526,,55.066683103041946,,55.191753018055834,,55.29795480617918,
357.0,9.181959962756054,9.181959962756054,0.06614279156756919,1,55.304773743599455,55.06806589628427,0.4733987857985156,55.0,,,54.83137495780094,,54.939729086248946,,55.068055446049044,,55.19639624772299,,55.304773743599455,
358.0,9.189944134078214,9.189944134078214,0.06634260409253687,1,55.3115163970226,55.06938319177724,0.484249909043001,55.0,,,54.8272664879796,,54.93778708823357,,55.069372993319384,,55.200972992331025,,55.3115163970226,
359.0,9.222532588454378,9.222532588454378,0.06653995600248822,1,55.31817771754075,55.07064072347807,0.49505788431827114,55.0,,,54.82311983322248,,54.935797107844884,,55.07063077077578,,55.20547818800644,,55.31817771754075,
360.0,9.222532588454378,9.222532588454378,0.06674148061016702,-1,55.32484816772732,55.071929076827836,0.5058224661194615,55.0,,,54.819025701607856,,54.933849842245614,,55.07191936400172,,55.21000230855666,,55.32484816772732,
361.0,9.24257448789572,9.24257448789572,0.06693829441003986,-1,55.31618711439731,55.07312793157051,0.486103028815954,55.0,,,54.830084085581355,,54.93943517787475,,55.07311845288169,,55.20681482711749,,55.31618711439731,
362.0,9.28216945996276,9.28216945996276,0.06713583307601138,-1,55.30759215836886,55.074312336650635,0.46654467637392116,55.0,,,54.84104748199494,,54.945029315240895,,55.07430308649549,,55.203589641152966,,55.30759215836886,
363.0,9.289175977653631,9.289175977653631,0.06733933514100869,-1,55.299132355012354,55.075553168678844,0.4471437665283986,55.0,,,54.851988588483955,,54.9507010200756,,55.07554414158707,,55.20039973823526,,55.299132355012354,
364.0,9.32029795158287,9.32029795158287,0.06753988680636555,-1,55.29068408118985,55.076729181985954,0.42789554455416834,55.0,,,54.862788536635684,,54.95632735035715,,55.07672037261837,,55.1971255691287,,55.29068408118985,
365.0,9.335777467411546,9.335777467411546,0.06774400985063178,-1,55.282335275016315,55.07792956129991,0.4087975174294769,55.0,,,54.87353775758684,,54.961995358018754,,55.077920964443614,,55.19385845143407,,55.282335275016315,
366.0,9.352886405959032,9.352886405959032,0.06794739671079573,-1,55.274025438699915,55.079095773676954,0.38984575565979185,55.0,,,54.884179683040124,,54.96764485968642,,55.07908738424356,,55.19054150271473,,55.274025438699915,
367.0,9.382378957169465,9.382378957169465,0.06815046474694102,-1,55.265759493952245,55.08023413285817,0.37103747538146337,55.0,,,54.89472201857078,,54.97328035014286,,55.080225945880095,,55.187182855744865,,55.265759493952245,
368.0,9.389385474860337,9.389385474860337,0.0683565369766788,-1,55.25758139019541,55.08138997628828,0.35236990074023566,55.0,,,54.905211489455176,,54.978945457800634,,55.08138198691595,,55.18382955707426,,55.25758139019541,
369.0,9.428980446927374,9.428980446927374,0.06855945720652287,-1,55.24940609682336,55.08248000132919,0.3338395759875894,55.0,,,54.91556652083577,,54.98455544908223,,55.082472204828825,,55.180399735075795,,55.24940609682336,
370.0,9.450651769087523,9.450651769087523,0.06876805885667808,-1,55.24135301773015,55.0836245602942,0.315444604466272,55.0,,,54.925908413263876,,54.99022895760759,,55.083616952044025,,55.177015460825345,,55.24135301773015,
371.0,9.450651769087523,9.450651769087523,0.06897738401741985,-1,55.23335230408851,55.084755747969325,0.2971810991290269,55.0,,,54.936171204959486,,54.99589695627543,,55.08474832345843,,55.173609951064776,,55.23335230408851,
372.0,9.482588454376163,9.482588454376163,0.06918151947249197,-1,55.225323243857716,55.08579415892577,0.2790464469257543,55.0,,,54.94627679693196,,55.00147869405883,,55.085786913750596,,55.170105146029734,,55.225323243857716,
373.0,9.48959497206704,9.48959497206704,0.06938915876526422,-1,55.2173842797696,55.08685880533003,0.2610395091552249,55.0,,,54.95634477061437,,55.00709155679973,,55.086851735190926,,55.166621684275505,,55.2173842797696,
374.0,9.52918994413408,9.52918994413408,0.06959346856075221,-1,55.209441256046176,55.08785708386595,0.243157181060198,55.0,,,54.96628407498598,,55.01264189213647,,55.08785018456611,,55.16306801159498,,55.209441256046176,
375.0,9.548417132216017,9.548417132216017,0.06980330325879916,-1,55.20161410975536,55.08890964063103,0.2253980447422279,55.0,,,54.97621606501313,,55.01824895668754,,55.088902908073,,55.159566163626096,,55.20161410975536,
376.0,9.548417132216017,9.548417132216017,0.07001303747535659,-1,55.19382423955449,55.08993958193413,0.20775868505738515,55.0,,,54.9860655544971,,55.02383504592544,,55.08993301211879,,55.15604005757484,,55.19382423955449,
377.0,9.550209497206705,9.550209497206705,0.0702174247427092,-1,55.18600040335746,55.090876672950344,0.19023708763726432,55.0,,,54.9957633157202,,55.02932883952495,,55.09087026197373,,55.15242054417542,,55.18600040335746,
378.0,9.58100558659218,9.58100558659218,0.07041699488519987,-1,55.178151252501145,55.09172992821897,0.1728325262261592,55.0,,,55.005318726274986,,55.03473801415463,,55.09172367226927,,55.14871797589482,,55.178151252501145,
379.0,9.61261638733706,9.61261638733706,0.07061966133086317,-1,55.170384707151854,55.09260766791073,0.15554420096105304,55.0,,,55.0148405061908,,55.040169636424764,,55.092601563266285,,55.14504192651993,,55.170384707151854,
380.0,9.646182495344508,9.646182495344508,0.07082558338319746,-1,55.162701127674815,55.09351154389177,0.13836952898425636,55.0,,,55.02433159869056,,55.04562461585578,,55.09350558692002,,55.14139479031769,,55.162701127674815,
381.0,9.676000931098695,9.676000931098695,0.07103522793277994,-1,55.155105003442216,55.0944473191322,0.12130596324069387,55.0,,,55.03379904020152,,55.051108028083256,,55.09444150628754,,55.13778301764645,,55.155105003442216,
382.0,9.678770949720672,9.678770949720672,0.07124750420435255,-1,55.14757970051886,55.09539965197568,0.10435091931006468,55.0,,,55.043228781208796,,55.056603914723304,,55.09539397979748,,55.13419188362997,,55.14757970051886,
383.0,9.690013966480448,9.690013966480448,0.07145499358870233,-1,55.140023792966005,55.09626824853821,0.08750213321684441,55.0,,,55.05252165974916,,55.062011343360744,,55.096262713648585,,55.130521732966535,,55.140023792966005,
384.0,9.693109869646184,9.693109869646184,0.07166003958351334,-1,55.13247030133025,55.09708637694645,0.07075910993019363,55.0,,,55.06171119140006,,55.06736255486683,,55.09708097604743,,55.126806861087616,,55.13247030133025,
385.0,9.729283054003728,9.729283054003728,0.07186043423435443,-1,55.12488999612231,55.097825306378446,0.05412085224214991,55.0,,,55.07076914388016,,55.0726279671091,,55.09782003625041,,55.123019388530224,,55.12488999612231,
386.0,9.743947858473,9.743947858473,0.07206522174503889,-1,55.11928371827225,55.09860849957589,0.041353615632139906,55.0,,,55.079819204534985,,55.07793010264011,,55.09860335707544,,55.11928371827225,,55.11740611535667,
387.0,9.783216945996276,9.783216945996276,0.07226846807235607,-1,55.11551938308895,55.09935510623096,0.03233165497333346,55.0,,,55.08878176640961,,55.08318772811562,,55.09935008829018,,55.11551938308895,,55.109936565250436,
388.0,9.809124767225327,9.809124767225327,0.07247687739030531,-1,55.11181814617199,55.10015619839669,0.02332692167683348,55.0,,,55.09774843660934,,55.08849122449516,,55.10015130202069,,55.11181814617199,,55.10257188268623,
389.0,9.829818435754191,9.829818435754191,0.07268672139934648,-1,55.108128945360406,55.10096043978611,0.014339963950114054,55.0,,,55.106669159274816,,55.09378898141029,,55.10095566205203,,55.108128945360406,,55.09525945083298,
390.0,9.841713221601491,9.841713221601491,0.07289653842924813,-1,55.115525002212465,55.10174807201918,0.027546317201377235,55.0,,,55.115525002212465,,55.09906078226655,,55.10174341007404,,55.10443248053177,,55.08797868501109,
391.0,9.874301675977655,9.874301675977655,0.073103907120203,-1,55.12428431267671,55.1024868048515,0.0435876553095369,55.0,,,55.12428431267671,,55.10427382418056,,55.10248225591039,,55.10069697412269,,55.08069665736717,
392.0,9.874301675977655,9.874301675977655,0.07331448733517826,-1,55.133024683598336,55.10325388786746,0.059534409566275315,55.0,,,55.133024683598336,,55.109504734350125,,55.10324944921167,,55.097000298145076,,55.07349027403206,
393.0,9.890432960893856,9.890432960893856,0.07351932017691745,-1,55.141625799437186,55.103928034908485,0.07538852131389717,55.0,,,55.141625799437186,,55.1146319540308,,55.10392370388455,,55.093221439066575,,55.06623727812329,
394.0,9.930027932960895,9.930027932960895,0.07372286689518957,-1,55.15014958248441,55.104571234836044,0.09114985751339333,55.0,,,55.15014958248441,,55.11971671529093,,55.104567008853294,,55.08942314258057,,55.05899972497102,
395.0,9.939478584729985,9.939478584729985,0.07393153748120214,-1,55.158683457116595,55.10527048192451,0.1068192784691675,55.0,,,55.158683457116595,,55.124845535246635,,55.10526635845404,,55.085692880157836,,55.05186417864743,
396.0,9.972067039106149,9.972067039106149,0.07413701002544756,-1,55.16711529984732,55.105912513386365,0.12239906288189673,55.0,,,55.16711529984732,,55.12990506067753,,55.105908489960164,,55.08191747948139,,55.04471623696542,
397.0,9.983635940409686,9.983635940409686,0.07434563493698271,-1,55.17553201020996,55.106584051315735,0.13788956572506095,55.0,,,55.17553201020996,,55.134981473586485,,55.106580125524474,,55.07818420277287,,55.0376424444849,
398.0,10.00465549348231,10.00465549348231,0.07455160542730503,-1,55.183855632885326,55.10720625816076,0.15329255155759114,55.0,,,55.183855632885326,,55.13999577705163,,55.10720242765294,,55.07441437188615,,55.030563081327735,
399.0,10.0302374301676,10.0302374301676,0.07475752513656499,-1,55.1921224564664,55.10781521224523,0.16860844100845185,55.0,,,55.1921224564664,,55.14498358230637,,55.10781147472536,,55.070644532270045,,55.02351401545795,
400.0,10.037243947858476,10.037243947858476,0.07496462801663652,-1,55.20034986796568,55.108427807716865,0.18383821989597493,55.0,,,55.20034986796568,,55.14996148320414,,55.10842416094432,,55.06689187840046,,55.0165116480697,
401.0,10.069832402234638,10.069832402234638,0.07516779725658164,-1,55.20846946708735,55.108975026368704,0.19898312412931318,55.0,,,55.20846946708735,,55.15486024909207,,55.10897146815653,,55.06308760454952,,55.009486342958034,
402.0,10.08384543761639,10.08384543761639,0.07537407592840407,-1,55.21657750470254,55.10955308819557,0.21404321554521744,55.0,,,55.21657750470254,,55.159775618176525,,55.10954961640883,,55.05932841253265,,55.002534289157325,
403.0,10.102420856610802,10.102420856610802,0.07557832024615808,-1,55.22460486131451,55.11009206203546,0.22902011755726193,55.0,,,55.22460486131451,,55.164637589771445,,55.1100886745905,,55.055544440743574,,54.99558474375725,
404.0,10.130446927374305,10.130446927374305,0.07578179316563877,-1,55.232569564943866,55.11060975472486,0.24391427261407017,55.0,,,55.232569564943866,,55.169463629027064,,55.11060644958777,,55.05175383773581,,54.988655292329796,
405.0,10.137453445065178,10.137453445065178,0.0759870830195529,-1,55.2405072748438,55.111141471710695,0.25872638840689177,55.0,,,55.2405072748438,,55.17428878625256,,55.11113824689616,,55.04799216412404,,54.98178088643691,
406.0,10.16759776536313,10.16759776536313,0.076188387953381,-1,55.24834016472708,55.111608754671764,0.2734577290807607,55.0,,,55.24834016472708,,55.179034507010016,,55.11160560824214,,55.04418105773324,,54.97488243564632,
407.0,10.184054934823092,10.184054934823092,0.07639209583450425,-1,55.2561555815975,55.112098976238215,0.2881082434575788,55.0,,,55.2561555815975,,55.183787758884286,,55.11209590630197,,55.040408296267366,,54.96804733813992,
408.0,10.200186219739294,10.200186219739294,0.07659440725506375,-1,55.263902547365056,55.11256047926751,0.30267928971600355,55.0,,,55.263902547365056,,55.188496848783075,,55.112557483978584,,55.036622258561735,,54.96122325764905,
409.0,10.200186219739294,10.200186219739294,0.07679523937318808,-1,55.27158077076625,55.11299272765891,0.31717135760187887,55.0,,,55.27158077076625,,55.19316100621017,,55.112989805215385,,55.03282264293838,,54.95440941316437,
410.0,10.237662942271882,10.237662942271882,0.07699017110312427,-1,55.2791315010108,55.11333674202433,0.33158490438056276,55.0,,,55.2791315010108,,55.197721025484256,,55.11333389066735,,55.02895069632903,,54.94754659663024,
411.0,10.265363128491622,10.265363128491622,0.07718956466588653,-1,55.28669587627195,55.113733926774884,0.3459193976439252,55.0,,,55.28669587627195,,55.20231785292029,,55.11373114478737,,55.02514828126678,,54.940776478628024,
412.0,10.284264432029795,10.284264432029795,0.07739066785677268,-1,55.294236615871895,55.11414612423569,0.3601765914531967,55.0,,,55.294236615871895,,55.206913456853314,,55.11414340994203,,55.021377114092445,,54.9340600244187,
413.0,10.297951582867784,10.297951582867784,0.07759102988250333,-1,55.301720952776684,55.11454000879745,0.37435760302416554,55.0,,,55.301720952776684,,55.21147449534053,,55.11453736056234,,55.01760388555518,,54.92736334975252,
414.0,10.33054003724395,10.33054003724395,0.07778921688183817,-1,55.30913021528288,55.114896630333156,0.38846298926741696,55.0,,,55.30913021528288,,55.215981876818596,,55.11489404656042,,55.01380978698848,,54.92066722601546,
415.0,10.337872439478586,10.337872439478586,0.07799044920948311,-1,55.31653561037814,55.115287081373445,0.4024929791588008,55.0,,,55.31653561037814,,55.22050648363423,,55.11528456050507,,55.01006612113043,,54.91404263121934,
416.0,10.363128491620111,10.363128491620111,0.07818772712688461,-1,55.32384282208823,55.11561636306271,0.41644893852170384,55.0,,,55.32384282208823,,55.22495340237797,,55.11561390357827,,55.00627780370259,,54.90739388356653,
417.0,10.3844739292365,10.3844739292365,0.07838602895719818,-1,55.33112006921088,55.11595278968447,0.430330676443333,55.0,,,55.33112006921088,,55.229390657962604,,55.11595039009977,,55.00251343838152,,54.90078939276755,
418.0,10.395716945996275,10.395716945996275,0.07858425704519513,-1,55.33835286562484,55.1162814269385,0.4441390893392878,55.0,,,55.33835286562484,,55.23380330797692,,55.11627908580505,,54.998758099000106,,54.894213776285554,
419.0,10.431075418994416,10.431075418994416,0.07877962158256518,-1,55.34550409847843,55.11656484189333,0.45787481742543434,55.0,,,55.34550409847843,,55.23815385916959,,55.1165625577974,,54.99497441296822,,54.887629281052995,
420.0,10.470670391061454,10.470670391061454,0.07897880008737299,-1,55.35266466466746,55.116893921888696,0.4715378798686274,55.0,,,55.35266466466746,,55.242532994434626,,55.11689169345036,,54.991253472092204,,54.88112678479883,
421.0,10.493482309124769,10.493482309124769,0.07918290632356711,-1,55.359849383753755,55.11728275147607,0.4851297467435245,55.0,,,55.359849383753755,,55.24695496455581,,55.11728057734873,,54.987609194711794,,54.87471963701023,
422.0,10.493482309124769,10.493482309124769,0.07938723784684262,-1,55.36699453168253,55.117666762271895,0.4986521067603249,55.0,,,55.36699453168253,,55.251355433274995,,55.117664641141545,,54.9839767803382,,54.868342424922204,
423.0,10.524278398510244,10.524278398510244,0.07958548630836877,-1,55.37401552657706,55.117961052021045,0.5121056007269686,55.0,,,55.37401552657706,,55.255649480770984,,55.11795898260522,,54.98027134430183,,54.86190992585009,
424.0,10.526070763500933,10.526070763500933,0.07978622636505218,-1,55.381029347392165,55.11828296928098,0.5254894894874909,55.0,,,55.381029347392165,,55.25995410325617,,55.11828095032777,,54.97661058752414,,54.855539857904674,
425.0,10.538291433891995,10.538291433891995,0.07998140887540568,-1,55.387927544008456,55.118523500675984,0.538804899603484,55.0,,,55.387927544008456,,55.26416040540981,,55.118521530963655,,54.97288537859304,,54.84912264440497,
426.0,10.577886405959031,10.577886405959031,0.08017398180940154,-1,55.39475116543806,55.11872401160616,0.5520511983460779,55.0,,,55.39475116543806,,55.26830944196602,,55.11872208994212,,54.96913739359267,,54.84269996709198,
427.0,10.59124767225326,10.59124767225326,0.08037153917124533,-1,55.40160334838971,55.11898763319731,0.5652283969274166,55.0,,,55.40160334838971,,55.27250419907582,,55.11898575841751,,54.96546990864121,,54.8363749514623,
428.0,10.623836126629424,10.623836126629424,0.08056675981858968,-1,55.40838499585994,55.11921444446017,0.578338143364661,55.0,,,55.40838499585994,,55.2766450244084,,55.11921261542879,,54.96178273410842,,54.83004685249528,
429.0,10.631494413407824,10.631494413407824,0.08076498695410743,-1,55.415168869412184,55.1194771840533,0.5913804835116352,55.0,,,55.415168869412184,,55.2808045360807,,55.11947539966176,,54.95814872921132,,54.82378838590055,
430.0,10.656424581005588,10.656424581005588,0.08095927940401741,1,55.42186131380876,55.1196815998356,0.604356611218563,55.0,,,55.42186131380876,,55.284888652680614,,55.11967985900206,,54.954473471096314,,54.8175047025902,
431.0,10.656424581005588,10.656424581005588,0.08115446411101715,1,55.41006499757986,55.11989390888874,0.5803394294242707,55.0,,,55.41006499757986,,55.279731699206444,,55.1198922105573,,54.96005506894452,,54.82972556815559,
432.0,10.685102420856612,10.685102420856612,0.08134362482034262,1,55.39828970165828,55.120020761157,0.5565352001470742,55.0,,,55.39828970165828,,55.27446610268407,,55.120019104297164,,54.96557439563425,,54.841754501511204,
433.0,10.692108938547486,10.692108938547486,0.08153477808992117,1,55.38664367981844,55.12017189915313,0.5329409459500454,55.0,,,55.38664367981844,,55.26920456162752,,55.12017028275901,,54.97113823769225,,54.853702733868396,
434.0,10.721601489757916,10.721601489757916,0.08172189405212701,1,55.37504281444082,55.12026558499217,0.5095519074033774,55.0,,,55.37504281444082,,55.26386768274948,,55.12026400808218,,54.976662512650904,,54.86549090703744,
435.0,10.738710428305405,10.738710428305405,0.08191125385580664,1,55.363571322293154,55.12038761232945,0.48636493076991627,55.0,,,55.363571322293154,,55.25854384780266,,55.120386073945525,,54.982230426082715,,54.87720639152324,
436.0,10.778305400372442,10.778305400372442,0.08209939528437236,1,55.35217972092188,55.12049075824799,0.46337549701404157,55.0,,,55.35217972092188,,55.253187928476905,,55.12048925745519,,54.987792660478135,,54.88880422390784,
437.0,10.786778398510243,10.786778398510243,0.08229256836295928,1,55.340950834007984,55.120659617889,0.44058006325163035,55.0,,,55.340950834007984,,55.247886713422595,,55.120658153774905,,54.99343161748314,,54.90037077075635,
438.0,10.79231843575419,10.79231843575419,0.08248207258636032,1,55.329763654245625,55.12077563194904,0.41797373351374745,55.0,,,55.329763654245625,,55.242523358077364,,55.120774203623384,,54.99902702306692,,54.91178992073188,
439.0,10.819366852886407,10.819366852886407,0.08266714104114464,1,55.31860757438526,55.12082953443181,0.3955538253284061,55.0,,,55.31860757438526,,55.23709073275023,,55.12082814102568,,55.00456747494108,,54.923053749056855,
440.0,10.838919925512103,10.838919925512103,0.08285380075805028,1,55.30756386322388,55.120903789092154,0.3733179488136713,55.0,,,55.30756386322388,,55.23167338609705,,55.12090242975743,,55.01013335197222,,54.93424591441021,
441.0,10.878514897579144,10.878514897579144,0.08303995044875125,1,55.29660194148386,55.12096967174345,0.3512623938206474,55.0,,,55.29660194148386,,55.22624422750186,,55.12096834565253,,55.0156942964158,,54.94533954766321,
442.0,10.884543761638737,10.884543761638737,0.08323116410044015,1,55.2857955360856,55.121102456200106,0.32938406659365427,55.0,,,55.2857955360856,,55.22088020266774,,55.12110116254534,,55.021323910209865,,54.95641146949195,
443.0,10.884543761638737,10.884543761638737,0.0834180475997056,1,55.275014569627984,55.12117421338328,0.30767867051984155,55.0,,,55.275014569627984,,55.215454641185254,,55.12117295137666,,55.026893005618334,,54.96733589910814,
444.0,10.89953445065177,10.89953445065177,0.08359898262986909,1,55.26423748598137,55.12116437064266,0.2861442386711559,55.0,,,55.26423748598137,,55.20994870697541,,55.12116313951506,,55.032379273431225,,54.97809324731021,
445.0,10.939129422718809,10.939129422718809,0.08377821598299483,1,55.25352240373432,55.12113179821823,0.26477926777454286,55.0,,,55.25352240373432,,55.204423024476654,,55.121130597218944,,55.03783982970145,,54.98874313595978,
446.0,10.978724394785848,10.978724394785848,0.08396261412418206,1,55.242961090913944,55.12116947498889,0.24358133615567112,55.0,,,55.242961090913944,,55.198972001778316,,55.12116830338528,,55.04336622410863,,54.99937975475827,
447.0,10.982309124767228,10.982309124767228,0.08415211331893058,1,55.23254930100448,55.12127512311379,0.2225465064936003,55.0,,,55.23254930100448,,55.19359431719636,,55.12127398019106,,55.048955222666144,,55.01000279451088,
448.0,10.9927374301676,10.9927374301676,0.08433662320255629,1,55.222147794792036,55.121311410520036,0.20167096453443634,55.0,,,55.222147794792036,,55.18815353496928,,55.121310295580784,,55.054468597000444,,55.0204768302576,
449.0,11.01489757914339,11.01489757914339,0.0845181155764371,1,55.21178385922404,55.12130630666046,0.18095334529443363,55.0,,,55.21178385922404,,55.18267905026642,,55.121305219024016,,55.05993289085822,,55.03083051392961,
450.0,11.039338919925513,11.039338919925513,0.08469989887672509,1,55.20150202900587,55.1213052259982,0.1603918892845968,55.0,,,55.20150202900587,,55.17721752580859,,55.12130416500024,,55.06539227045502,,55.041110139721276,
451.0,11.047486033519554,11.047486033519554,0.08488260705120312,1,55.19130953552446,55.12131662916279,0.13998413804566923,55.0,,,55.19130953552446,,55.171778419022644,,55.121315594155085,,55.07085419963302,,55.05132539747879,
452.0,11.053351955307264,11.053351955307264,0.08506168929053429,1,55.18114354387907,55.1212789457176,0.11972756267489615,55.0,,,55.18114354387907,,55.16630106475428,,55.12127793606758,,55.0762562026829,,55.06141598120417,
453.0,11.080074487895718,11.080074487895718,0.08523656066176788,1,55.170996462156594,55.12118528576502,0.09962075916583757,55.0,,,55.170996462156594,,55.16077969042508,,55.12118430085536,,55.081590272397335,,55.07137570299076,
454.0,11.09995344506518,11.09995344506518,0.08541309493866595,1,55.16094795834275,55.12111592412283,0.07966251387842505,55.0,,,55.16094795834275,,55.15529567040026,,55.12111496335103,,55.086935584055794,,55.08128544446433,
455.0,11.139548417132216,11.139548417132216,0.08558936619706041,1,55.15097033521502,55.12104441977313,0.05985031442707367,55.0,,,55.15097033521502,,55.14982327429276,,55.1210434825513,,55.09226498601855,,55.09112002078795,
456.0,11.146554934823092,11.146554934823092,0.08577088330456525,1,55.144437549512915,55.12104504326557,0.046785577529483646,55.0,,,55.14113686278831,,55.144437549512915,,55.12104412902007,,55.09765197198343,,55.10095470302307,
457.0,11.186149906890131,11.186149906890131,0.08594848396843918,1,55.139014001402835,55.12099288353839,0.03604278690940532,55.0,,,55.13132102888656,,55.139014001402835,,55.12099199170956,,55.10297121449343,,55.11066618119956,
458.0,11.210428305400374,11.210428305400374,0.08613132271668597,1,55.13367794898774,55.12101235625427,0.02533172313079035,55.0,,,55.12164673345404,,55.13367794898774,,55.121011486295885,,55.10834622585695,,55.120379386676674,
459.0,11.210428305400374,11.210428305400374,0.08631505482215586,1,55.130035869746706,55.121043472924974,0.0179834205462015,55.0,,,55.112052449200505,,55.12836974137511,,55.121042624304174,,55.11371667999835,,55.130035869746706,
460.0,11.23975791433892,11.23975791433892,0.0864928848353069,1,55.13954484041919,55.12099443547777,0.03709947046918671,55.0,,,55.102445369950004,,55.1229981312007,,55.120993607674585,,55.11899022814434,,55.13954484041919,
461.0,11.246764432029796,11.246764432029796,0.0866730919387406,1,55.149019681486294,55.12097841795294,0.05608122051554432,55.0,,,55.09293846097075,,55.11767719544606,,55.12097761045989,,55.12427914140167,,55.149019681486294,
462.0,11.2756052141527,11.2756052141527,0.08684940574344038,1,55.15837637142349,55.12091026521263,0.07493093793187455,55.0,,,55.08344543349162,,55.11232217350597,,55.12090947753457,,55.129497870107485,,55.15837637142349,
463.0,11.31112662942272,11.31112662942272,0.087027988135009,1,55.16769938535059,55.120874056539016,0.0936494144127451,55.0,,,55.07404997093784,,55.10701786387728,,55.12087328819272,,55.134729774336634,,55.16769938535059,
464.0,11.34078212290503,11.34078212290503,0.08721068296615707,1,55.17701399863788,55.12089399097795,0.11223880262606656,55.0,,,55.064775196011816,,55.10178880237894,,55.12089324149194,,55.139998716369135,,55.17701399863788,
465.0,11.34078212290503,11.34078212290503,0.08739579675800035,1,55.186297517491525,55.12094611623145,0.13070161959868187,55.0,,,55.05559589789284,,55.09661124035938,,55.120945385145745,,55.145280540267706,,55.186297517491525,
466.0,11.34078212290503,11.34078212290503,0.0875749922753969,1,55.19543799426298,55.12091744493065,0.14903994478931537,55.0,,,55.046398049473666,,55.09137246323664,,55.12091673179647,,55.15046198588352,,55.19543799426298,
467.0,11.353980446927377,11.353980446927377,0.08774835123282448,1,55.20443824045737,55.12081071023859,0.16725393489966933,55.0,,,55.0371843055577,,55.08607592103585,,55.12081001461789,,55.155545069524095,,55.20443824045737,
468.0,11.373370577281191,11.373370577281191,0.08791965299296045,1,55.21335083525402,55.12067841274635,0.18534374712315582,55.0,,,55.02800708813086,,55.080774798219565,,55.12067773421167,,55.16058160791566,,55.21335083525402,
469.0,11.40058193668529,11.40058193668529,0.08809066515222863,1,55.2222006053326,55.12054488568047,0.20331036838287986,55.0,,,55.01889023694972,,55.07549387246247,,55.12054422381464,,55.1655954898429,,55.2222006053326,
470.0,11.407588454376166,11.407588454376166,0.08826358966672943,1,55.231017921692796,55.12043982334792,0.2211551520805557,55.0,,,55.00986276961224,,55.070263159030645,,55.120439177743926,,55.17061608866,,55.231017921692796,
471.0,11.447183426443203,11.447183426443203,0.08843274124411553,1,55.23972651058399,55.12028604630444,0.23887990961954841,55.0,,,55.000846600964444,,55.06500565372639,,55.12028541656515,,55.175566049682224,,55.23972651058399,
472.0,11.471135940409685,11.471135940409685,0.08860731640807627,1,55.24845152360815,55.12020845388315,0.2564851455530359,55.0,,,54.99196637805512,,55.05984672790954,,55.12020783962104,,55.180569800221924,,55.24845152360815,
473.0,11.493784916201118,11.493784916201118,0.08878285971356233,1,55.257132654295035,55.12014547381135,0.2739733915012934,55.0,,,54.98315926279374,,55.054724747038875,,55.12014487464835,,55.18556583028075,,55.257132654295035,
474.0,11.503724394785849,11.503724394785849,0.08895899644719737,1,55.26576530493104,55.120091761968965,0.2913461402921129,55.0,,,54.974419164638924,,55.049634535370394,,55.120091177536224,,55.19054862736826,,55.26576530493104,
475.0,11.540386405959032,11.540386405959032,0.08913215294184623,1,55.27430182473281,55.1199989790306,0.3086047690241074,55.0,,,54.9656970557087,,55.04452792472601,,55.11999840896821,,55.195469681017265,,55.27430182473281,
476.0,11.579981378026073,11.579981378026073,0.08930988050492825,1,55.2828450282665,55.11996966164473,0.3257498335466593,55.0,,,54.95709519471984,,55.03950780349938,,55.1199691056015,,55.20043117613649,,55.2828450282665,
477.0,11.60148975791434,11.60148975791434,0.08949294848193205,1,55.29140510349327,55.12001289404382,0.3427835413311513,55.0,,,54.94862156216212,,55.034583172330024,,55.1200123516771,,55.20544228055655,,55.29140510349327,
478.0,11.60148975791434,11.60148975791434,0.08967620150586392,1,55.29991228854498,55.12005774653274,0.35970822804501523,55.0,,,54.940204060499966,,55.029682961522,,55.12005721750832,,55.210432204588415,,55.29991228854498,
479.0,11.60148975791434,11.60148975791434,0.08985358667519368,1,55.308285571715274,55.120022628724655,0.3765250510623872,55.0,,,54.93176052065289,,55.02472571167075,,55.12002211271642,,55.21531922686795,,55.308285571715274,
480.0,11.640595903165735,11.640595903165735,0.09002518548501938,1,55.31652756753136,55.11991025413623,0.39323381241706556,55.0,,,54.923293755114294,,55.019714585599395,,55.11990975082592,,55.22010561161021,,55.31652756753136,
481.0,11.680190875232777,11.680190875232777,0.09020208456469996,1,55.32478912768874,55.119871566218954,0.40983432860949165,55.0,,,54.91495479907925,,55.014800955461936,,55.11987107529597,,55.2249418735689,,55.32478912768874,
482.0,11.699255121042832,11.699255121042832,0.09038435730354602,1,55.333070874040985,55.11990606532068,0.4263288426634091,55.0,,,54.906742031377576,,55.009984128011155,,55.11990558648203,,55.22982770669165,,55.333070874040985,
483.0,11.699255121042832,11.699255121042832,0.09056615063274229,1,55.34129357296449,55.11993340794014,0.4427195743461283,55.0,,,54.89857399861836,,55.00518355189225,,55.11993294089026,,55.23468297533533,,55.34129357296449,
484.0,11.731843575418996,11.731843575418996,0.09074209960262401,1,55.349385532295614,55.11988145054353,0.4590074264096131,55.0,,,54.890378105886,,55.00032718528599,,55.11988099499403,,55.23943543425599,,55.349385532295614,
485.0,11.74080540037244,11.74080540037244,0.09092147079927052,1,55.357473070505314,55.11987665433403,0.47519211340063805,55.0,,,54.882280957104676,,54.99554187169497,,55.11987621000347,,55.2442111623617,,55.357473070505314,
486.0,11.76443202979516,11.76443202979516,0.09109755923361726,1,55.36546575708364,55.119827722650754,0.4912753676322055,55.0,,,54.874190389451435,,54.99073618040402,,55.119827289264585,,55.24891899705011,,55.36546575708364,
487.0,11.787406890130356,11.787406890130356,0.09127454790370021,1,55.37342096834467,55.11979190936438,0.507257434001886,55.0,,,54.86616353434278,,54.98596758595846,,55.11979148665468,,55.25361597152135,,55.37342096834467,
488.0,11.797020484171323,11.797020484171323,0.09145224421152037,1,55.381336417012925,55.11976635438246,0.5231394581541764,55.0,,,54.85819695885875,,54.981233211637075,,55.11976594208784,,55.25829924231577,,55.381336417012925,
489.0,11.829608938547487,11.829608938547487,0.09162687025274006,1,55.38916153365031,55.119699946458795,0.5389225237155983,55.0,,,54.85023900993471,,54.97648193115459,,55.11969954432422,,55.26291771323017,,55.38916153365031,
490.0,11.841014897579145,11.841014897579145,0.09180495722034283,-1,55.39698526935992,55.11968151306902,0.5546068779510307,55.0,,,54.842378391408886,,54.97180275217096,,55.11968112084565,,55.26756003155971,,55.39698526935992,
491.0,11.862197392923653,11.862197392923653,0.09198047913538288,-1,55.383789454622715,55.11962889020159,0.5283205098553694,55.0,,,54.855468944767345,,54.97758174568875,,55.11962850764666,,55.26167579828248,,55.383789454622715,
492.0,11.88761638733706,11.88761638733706,0.09215623553245683,-1,55.370722916370305,55.11958048982923,0.502284249355867,55.0,,,54.86843866701444,,54.98338814516505,,55.119580116705876,,55.255772603890506,,55.370722916370305,
493.0,11.894785847299817,11.894785847299817,0.09233342420269741,-1,55.35779910014686,55.119552365863015,0.47649287972810583,55.0,,,54.88130622041876,,54.98923511738095,,55.11955200194012,,55.24986938942836,,55.35779910014686,
494.0,11.92737430167598,11.92737430167598,0.09250686930606411,-1,55.34494519929511,55.119474368700864,0.4509410868707491,55.0,,,54.89400411242436,,54.99504984014842,,55.119474013752985,,55.24389867788347,,55.34494519929511,
495.0,11.941224394785849,11.941224394785849,0.09268381336192205,-1,55.33225785900932,55.11944509254554,0.4256249727757293,55.0,,,54.90663288623359,,55.00092806177743,,55.11944474635265,,55.23796190935468,,55.33225785900932,
496.0,11.959962756052144,11.959962756052144,0.09285891165280863,-1,55.319661349333956,55.119391537720844,0.40053907689300416,55.0,,,54.91912227244095,,55.0067945005029,,55.11939120006836,,55.2319883662581,,55.319661349333956,
497.0,11.959962756052144,11.959962756052144,0.09303357547142475,-1,55.307173168298895,55.11933321062685,0.3756793824907163,55.0,,,54.93149378580818,,55.01266618551213,,55.11933288130533,,55.22600003220968,,55.307173168298895,
498.0,11.992551210428308,11.992551210428308,0.09320251002385754,-1,55.29471996921523,55.11919886485631,0.35104168901370514,55.0,,,54.943678280201524,,55.01846959664406,,55.119198543661476,,55.21992793455924,,55.29471996921523,
499.0,12.001838919925516,12.001838919925516,0.09337502379238415,-1,55.282427309502125,55.11911545984333,0.32662319244011684,55.0,,,54.95580411706201,,55.02432921975798,,55.119115146575815,,55.21390150631871,,55.282427309502125,
500.0,12.02513966480447,12.02513966480447,0.09354447435941302,-1,55.27020222333805,55.11899246567505,0.3024190209605351,55.0,,,54.96778320237752,,55.030152712485425,,55.11899216014037,,55.207832030033856,,55.27020222333805,
501.0,12.02513966480447,12.02513966480447,0.09371487774986148,-1,55.25809804248445,55.11888479456481,0.27842601367874664,55.0,,,54.9796720288057,,55.03599288465374,,55.11888449657322,,55.201776520306964,,55.25809804248445,
502.0,12.02513966480447,12.02513966480447,0.09387962334992972,-1,55.24602339451106,55.1187030646246,0.2546401895178363,55.0,,,54.99138320499323,,55.041758588463225,,55.11870277399097,,55.19564736116452,,55.24602339451106,
503.0,12.02513966480447,12.02513966480447,0.09403879441950214,-1,55.23397974405488,55.11844989373587,0.23105924199605,55.0,,,55.00292050205883,,55.04745038168752,,55.11844961027957,,55.18944923059861,,55.23397974405488,
504.0,12.02513966480447,12.02513966480447,0.0941924751072657,-1,55.22196855468301,55.11812785887345,0.20768094430511752,55.0,,,55.01428761037789,,55.05306887892838,,55.11812758241819,,55.183186667959774,,55.22196855468301,
505.0,12.02513966480447,12.02513966480447,0.09434075036037798,-1,55.20999128623797,55.11773949571459,0.18450314478239704,55.0,,,55.025488141455575,,55.05861474720337,,55.11773922608839,,55.17686407758766,,55.20999128623797,
506.0,12.02513966480447,12.02513966480447,0.09448370583691137,-1,55.19804939234361,55.11728729829358,0.16152376261378976,55.0,,,55.03652562972982,,55.064088701746215,,55.117287035328616,,55.17048573231967,,55.19804939234361,
507.0,12.02513966480447,12.02513966480447,0.09462142782102692,-1,55.18614431806508,55.116773718699946,0.13874078375715015,55.0,,,55.04740353430793,,55.069491502011154,,55.11677346223246,,55.16405577688311,,55.18614431806508,
508.0,12.017970204841715,12.017970204841715,0.09475400314084512,-1,55.17427749771642,55.116201166819124,0.11615225707609511,55.0,,,55.05812524064032,,55.074823947873085,,55.11620091668934,,55.15757823117644,,55.17427749771642,
509.0,11.992551210428308,11.992551210428308,0.0948794878830061,-1,55.16242298405059,55.11554464135518,0.0937562906747047,55.0,,,55.06866669337589,,55.08005950725651,,55.115544397407206,,55.1510296246857,,55.16242298405059,
510.0,11.992551210428308,11.992551210428308,0.0949928302282234,-1,55.15051372005961,55.11473776968344,0.07155151579246422,55.0,,,55.07896220426714,,55.08513023536134,,55.11473753176516,,55.144345156963944,,55.15051372005961,
511.0,11.992551210428308,11.992551210428308,0.0951014203382085,-1,55.13865224694874,55.113883164967774,0.04953778851811563,55.0,,,55.08911445843062,,55.0901369507419,,55.11388293293073,,55.13762923578685,,55.13865224694874,
512.0,11.992551210428308,11.992551210428308,0.09520534795778912,-1,55.130885335588545,55.11298300067433,0.03580480968992816,55.0,,,55.099126526693155,,55.09508052589862,,55.1129827743737,,55.130885335588545,,55.12683984081762,
513.0,11.992551210428308,11.992551210428308,0.09530470286002106,-1,55.124116820137836,55.1120394067445,0.02415496319018473,55.0,,,55.109001412805874,,55.09996185694765,,55.112039186038984,,55.124116820137836,,55.115077757792186,
514.0,12.00917132216015,12.00917132216015,0.0953995747836682,-1,55.11874205486859,55.11105446963173,0.015374822194679894,55.0,,,55.11874205486859,,55.10478186088852,,55.11105425438346,,55.11732694534418,,55.10336723267391,
515.0,12.001513035381752,12.001513035381752,0.09549476042316153,-1,55.12841475017493,55.11009365583426,0.03664184901471401,55.0,,,55.12841475017493,,55.10960489648172,,55.11009344590874,,55.110582285445666,,55.09177290116022,
516.0,11.992551210428308,11.992551210428308,0.09558340624074094,-1,55.13792801192685,55.10906413250241,0.057727427582364044,55.0,,,55.13792801192685,,55.114337350729805,,55.10906392776845,,55.103790787742454,,55.08020058434449,
517.0,11.992551210428308,11.992551210428308,0.09566526271455389,-1,55.14728039754735,55.10796392551073,0.07863262099974833,55.0,,,55.14728039754735,,55.11897612867382,,55.107963725840335,,55.09695159894453,,55.0686477765476,
518.0,11.992551210428308,11.992551210428308,0.09574299253258572,-1,55.156509692451564,55.10683034014297,0.09935838953464327,55.0,,,55.156509692451564,,55.123557450972974,,55.10683014541127,,55.09010310896216,,55.05715130291692,
519.0,12.011615456238363,12.011615456238363,0.0958166845120316,-1,55.16561852697023,55.105665247394654,0.11990625186247428,55.0,,,55.16561852697023,,55.1280823031942,,55.105665057479804,,55.08324807422127,,55.04571227510775,
520.0,12.02513966480447,12.02513966480447,0.09589182647961109,-1,55.17468222537156,55.10454322749083,0.14027769607435658,55.0,,,55.17468222537156,,55.132624430136744,,55.10454304227399,,55.0764619103746,,55.034404529297205,
521.0,12.02513966480447,12.02513966480447,0.0959668617706036,-1,55.18368027997877,55.10344243561467,0.16047539645506248,55.0,,,55.18368027997877,,55.137161504043554,,55.103442254979946,,55.069723255547395,,55.02320488352371,
522.0,12.02513966480447,12.02513966480447,0.09603799126400776,-1,55.1925622012674,55.10231125305014,0.1805016113924367,55.0,,,55.1925622012674,,55.14164137400029,,55.102311076884455,,55.062981023223614,,55.01206058987496,
523.0,12.039641527001864,12.039641527001864,0.09610530061683095,-1,55.201330431630694,55.101151447859095,0.20035768955371225,55.0,,,55.201330431630694,,55.14606509975143,,55.10115127605216,,55.05623768978423,,55.00097274207698,
524.0,12.057728119180634,12.057728119180634,0.09617298441339135,-1,55.21004273047057,55.10002011666052,0.2200449565091418,55.0,,,55.21004273047057,,55.15048911170949,,55.10001994910472,,55.04955101805635,,54.98999777396143,
525.0,12.057728119180634,12.057728119180634,0.09624208628751137,-1,55.21871369540331,55.098930746335554,0.23956563373323547,55.0,,,55.21871369540331,,55.15492650071502,,55.09893058292597,,55.0429348909634,,54.979148061670074,
526.0,12.057728119180634,12.057728119180634,0.0963074905227965,-1,55.22727474903653,55.097813559359814,0.2589221214942512,55.0,,,55.22727474903653,,55.15930718344793,,55.09781339999409,,55.03631983677826,,54.96835262754228,
527.0,12.047788640595904,12.047788640595904,0.09636927947029378,-1,55.23572816634169,55.09667022725334,0.2781156266990479,55.0,,,55.23572816634169,,55.163632270755286,,55.09667007183162,,55.02970808769548,,54.95761253964264,
528.0,12.008193668528865,12.008193668528865,0.09642471757496972,-1,55.24403821113132,55.09546441890203,0.29714733920488356,55.0,,,55.24403821113132,,55.16786490632366,,55.09546426732691,,55.023063837801814,,54.946890871926435,
529.0,11.992551210428308,11.992551210428308,0.09646552478319079,-1,55.25209485363454,55.094085829733864,0.31601780861785045,55.0,,,55.25209485363454,,55.171894138198034,,55.094085681910336,,55.01627742990972,,54.93607704501669,
530.0,11.992551210428308,11.992551210428308,0.09649873075426484,-1,55.259995650333416,55.09263266864282,0.3347257301178601,55.0,,,55.259995650333416,,55.17581709924724,,55.092632524478155,,55.00944814893973,,54.925269920215555,
531.0,11.997928305400372,11.997928305400372,0.09652891117418706,-1,55.26780388831551,55.091168095465854,0.3532713582097884,55.0,,,55.26780388831551,,55.17969629345192,,55.0911679548696,,55.00263981058652,,54.914532530105724,
532.0,12.02513966480447,12.02513966480447,0.09655767133137445,-1,55.2755420511555,55.08971397061778,0.37165593921695006,55.0,,,55.2755420511555,,55.18355320514971,,55.0897138335017,,54.99587465134344,,54.90388611193855,
533.0,12.02513966480447,12.02513966480447,0.0965912565982837,-1,55.28329486285978,55.088354234076135,0.38988104120062417,55.0,,,55.28329486285978,,55.18747151094691,,55.08835410035416,,54.98923687456061,,54.89341382165916,
534.0,12.02513966480447,12.02513966480447,0.09662193004032854,-1,55.29095762009863,55.08698273058739,0.4079495680118157,55.0,,,55.29095762009863,,55.191345157444644,,55.08698260017561,,54.9826202231312,,54.883008052086815,
535.0,12.02513966480447,12.02513966480447,0.09664977004564104,-1,55.298532192878476,55.08560075406247,0.42586267184489657,55.0,,,55.298532192878476,,55.1951751354917,,55.085600626879035,,54.97602629402954,,54.87266952103358,
536.0,12.02513966480447,12.02513966480447,0.09667485419149939,-1,55.30602040896654,55.084209561349084,0.44362149454217814,55.0,,,55.30602040896654,,55.19896242423517,,55.08420943731415,,54.96945662180518,,54.86239891442436,
537.0,12.02513966480447,12.02513966480447,0.09669725922087982,-1,55.313424054655144,55.08281037266446,0.46122716825700394,55.0,,,55.313424054655144,,55.202707990492186,,55.08281025170015,,54.96291268007667,,54.85219688639814,
538.0,12.02513966480447,12.02513966480447,0.09671706102041736,-1,55.32074487551258,55.08140437203836,0.4786808160695628,55.0,,,55.32074487551258,,55.206412788173914,,55.081404254068715,,54.95639588299353,,54.84206405944302,
539.0,12.02513966480447,12.02513966480447,0.0967343345997336,-1,55.327984577121136,55.079992707765506,0.4959835525579521,55.0,,,55.327984577121136,,55.210077757759194,,55.07999259271646,,54.94990758666759,,54.83200102456318,
540.0,12.02513966480447,12.02513966480447,0.09674915407209737,1,55.33514482580274,55.078576492866965,0.5131364843269353,55.0,,,55.33514482580274,,55.21370382581557,,55.07857638066623,,54.943449090574475,,54.82200834147581,
541.0,12.02513966480447,12.02513966480447,0.09676159263638107,1,55.3201628554947,55.07715680555943,0.48601192282055905,55.0,,,55.3201628554947,,55.206259707646396,,55.07715669613653,,54.94805383584537,,54.83415093267414,
542.0,12.02513966480447,12.02513966480447,0.09677172256027358,1,55.305329049897956,55.0757346897322,0.45918854766493666,55.0,,,55.305329049897956,,55.19880026501893,,55.07573458301839,,54.95266904849269,,54.84614050223302,
543.0,12.02513966480447,12.02513966480447,0.09677961516471914,1,55.290641704325424,55.07431115543089,0.4326609293974002,55.0,,,55.290641704325424,,55.19132956784704,,55.07431105135913,,54.95729267869484,,54.85798077492802,
544.0,12.02513966480447,12.02513966480447,0.09678534080954113,1,55.27609917052867,55.07288717934743,0.40642381813992046,55.0,,,55.27609917052867,,55.18385149627671,,55.07288707785232,,54.961922799690704,,54.86967535238875,
545.0,12.02513966480447,12.02513966480447,0.09678896888022137,1,55.2616998532101,55.07146370531562,0.38047213563228865,55.0,,,55.2616998532101,,55.176369748200436,,55.07146360633339,,54.96655760125642,,54.88122771757781,
546.0,12.02513966480447,12.02513966480447,0.09679056777580002,1,55.247442206725616,55.07004164481193,0.35480096763599533,55.0,,,55.247442206725616,,55.16888784646831,,55.070041548280344,,54.971195383495726,,54.89264123908962,
547.0,12.02513966480447,12.02513966480447,0.09679020489785775,1,55.23332473196866,55.068621877460544,0.32940555669191696,55.0,,,55.23332473196866,,55.161409145808726,,55.06862178331896,,54.97583455092965,,54.90391917527674,
548.0,11.998417132216016,11.998417132216016,0.09678794664055386,1,55.21934597342706,55.06720525154274,0.3042812952156666,55.0,,,55.21934597342706,,55.15393683947117,,55.06720515973198,,54.980473606872124,,54.915064678211394,
549.0,12.02513966480447,12.02513966480447,0.09677628878758561,1,55.205402522613575,55.06569059071851,0.27942371891511897,55.0,,,55.205402522613575,,55.14637197181195,,55.065690501180846,,54.98500915428773,,54.925978803698456,
550.0,12.02513966480447,12.02513966480447,0.09677054210686765,1,55.191701381838925,55.06428617481481,0.2548302727600813,55.0,,,55.191701381838925,,55.13892536952966,,55.06428608749395,,54.989646926132686,,54.936871109078844,
551.0,12.02513966480447,12.02513966480447,0.09676309433115915,1,55.17813474743809,55.062887208052054,0.23049494098195566,55.0,,,55.17813474743809,,55.131493772454476,,55.0628871228931,,54.99428059101849,,54.94763980645613,
552.0,12.02513966480447,12.02513966480447,0.09675400763306283,1,55.164701311840645,55.06149441807706,0.2064136531484806,55.0,,,55.164701311840645,,55.12407978863529,,55.061494335026474,,54.99890899619072,,54.958287658692164,
553.0,12.02513966480447,12.02513966480447,0.09674334314574598,1,55.15139979872775,55.06010850383228,0.18258245873916934,55.0,,,55.15139979872775,,55.11668589415002,,55.06010842283786,,55.003531063457224,,54.96881733998858,
554.0,12.02513966480447,12.02513966480447,0.0967311609586012,1,55.13822896096326,55.058730136077244,0.15899752196479966,55.0,,,55.13822896096326,,55.10931443830975,,55.05873005708805,,55.008145785026706,,54.97923143899846,
555.0,12.02513966480447,12.02513966480447,0.09671752011374671,1,55.12518757864713,55.05735995791065,0.13565511682990916,55.0,,,55.12518757864713,,55.10196764865782,,55.05735988087701,,55.012752219554045,,54.98953246181722,
556.0,12.02513966480447,12.02513966480447,0.09670247860333751,1,55.1122744572851,55.0559985852929,0.11255162242714079,55.0,,,55.1122744572851,,55.094647635772226,,55.05599851016639,,55.01734948838282,,54.99972283485796,
557.0,12.02513966480447,12.02513966480447,0.09668609336765677,1,55.099488426068945,55.05464660756866,0.08968351845267364,55.0,,,55.099488426068945,,55.08735639787995,,55.05464653430203,,55.02193677197608,,55.00980490761627,
558.0,12.02513966480447,12.02513966480447,0.09666842029396572,1,55.086828336261725,55.053304587988904,0.06704738093253582,55.0,,,55.086828336261725,,55.08009582529083,,55.05330451653611,,55.02651330652672,,55.01978095532919,
559.0,12.02513966480447,12.02513966480447,0.09664951421607776,1,55.07429305968293,55.051973064232435,0.04463987815002213,55.0,,,55.07429305968293,,55.07286770465868,,55.051972994548514,,55.03107838073915,,55.02965318153291,
560.0,12.02513966480447,12.02513966480447,0.09662942891464106,1,55.06567372307677,55.05065254892609,0.030042390302270405,55.0,,,55.0618814872884,,55.06567372307677,,55.05065248096722,,55.0356313327745,,55.0394237205235,
561.0,12.02513966480447,12.02513966480447,0.09660821711809256,1,55.05851547201472,55.04934353016374,0.018343924663099642,55.0,,,55.04959252784031,,55.05851547201472,,55.04934346388722,,55.04017154735162,,55.049094639724856,
562.0,12.02513966480447,12.02513966480447,0.09658593050426871,1,55.05866794196773,55.04804647202364,0.021242835305116614,55.0,,,55.03742510666261,,55.05139445110322,,55.04804640738777,,55.0446984529969,,55.05866794196773,
563.0,12.02513966480447,12.02513966480447,0.09656261970264034,1,55.068145567683665,55.04676181508355,0.04276740320604944,55.0,,,55.025378164477615,,55.04431207177301,,55.046761752047686,,55.04921151943578,,55.068145567683665,
564.0,12.02513966480447,12.02513966480447,0.09653833429715283,1,55.07752939701747,55.04548997693378,0.06407874069793706,55.0,,,55.013450656319534,,55.03726966075409,,55.04548991545828,,55.05371025511951,,55.07752939701747,
565.0,12.02513966480447,12.02513966480447,0.09651312282964711,1,55.086821251861565,55.044231352687646,0.08517970134058572,55.0,,,55.00164155052098,,55.03026846344099,,55.04423129273386,,55.05819420488081,,55.086821251861565,
566.0,12.02513966480447,12.02513966480447,0.09648703280383608,1,55.09602289781555,55.04298631548909,0.10607307004685396,55.0,,,54.9899498277687,,55.023309647129494,,55.04298625701932,,55.06266294771237,,55.09602289781555,
567.0,12.02513966480447,12.02513966480447,0.09646011068981786,1,55.10513604607413,55.04175521701728,0.1267615658493071,55.0,,,54.97837448022482,,55.01639430413024,,55.04175515999477,,55.067116094662474,,55.10513604607413,
568.0,11.992551210428308,11.992551210428308,0.0964324019291004,1,55.11416235524633,55.04053838798795,0.14724784453604656,55.0,,,54.96691451071028,,55.009523454764086,,55.040538332376826,,55.07155328684225,,55.11416235524633,
569.0,11.992551210428308,11.992551210428308,0.09639472019060238,1,55.122979056672875,55.03921176221511,0.16753450116192425,55.0,,,54.95544455551095,,55.00257367380816,,55.03921170798041,,55.075849817103176,,55.122979056672875,
570.0,11.992551210428308,11.992551210428308,0.09635646991497195,1,55.13171531765859,55.03790427442472,0.1876220008860443,55.0,,,54.944093316772545,,54.995675009529094,,55.03790422153232,,55.08013350663104,,55.13171531765859,
571.0,11.992551210428308,11.992551210428308,0.09631769498037701,1,55.14037261241243,55.036616129240166,0.20751288288089853,55.0,,,54.93285972953153,,54.988828206294954,,55.03661607765682,,55.084404020305115,,55.14037261241243,
572.0,12.024487895716945,12.024487895716945,0.0962784381262279,1,55.14895236837578,55.035347511807586,0.2272096317383614,55.0,,,54.92174273663742,,54.98203394677235,,55.035347461500834,,55.08866104575154,,55.14895236837578,
573.0,12.02513966480447,12.02513966480447,0.09624778704825208,1,55.157577856020744,55.03422047656498,0.24671467952789072,55.0,,,54.91086317649285,,54.97541474270465,,55.0342204275032,,55.09302618010347,,55.157577856020744,
574.0,12.02513966480447,12.02513966480447,0.09621679324421964,1,55.16612783994892,55.03311159008295,0.2660324223127901,55.0,,,54.90009541763613,,54.96884707546981,,55.0331115422353,,55.09737607512463,,55.16612783994892,
575.0,12.02513966480447,12.02513966480447,0.09618530737304391,1,55.17460109990656,55.032018473503896,0.2851651773020123,55.0,,,54.88943592260455,,54.96232894880374,,55.03201842684029,,55.10170796936437,,55.17460109990656,
576.0,12.02513966480447,12.02513966480447,0.09615336637218638,1,55.182998929410346,55.03094130596811,0.30411517324952797,55.0,,,54.87888375616082,,54.9558609003358,,55.030941260459215,,55.10602168347438,,55.182998929410346,
577.0,12.02513966480447,12.02513966480447,0.09612100622997383,1,55.191322583302465,55.029880250208386,0.3228845943753029,55.0,,,54.86843798892716,,54.949443418365,,55.0298802058256,,55.1103170546217,,55.191322583302465,
578.0,12.02513966480447,12.02513966480447,0.09608826199447536,1,55.19957327901516,55.028835453001065,0.34147558199227745,55.0,,,54.858097697022885,,54.94307694389714,,55.02883540971649,,55.11459393535366,,55.19957327901516,
579.0,12.009334264432033,12.009334264432033,0.09605516778267938,1,55.20775219779184,55.02780704561203,0.3598902360566356,55.0,,,54.847861961735205,,54.93676187260683,,55.027807003398465,,55.11885219252782,,55.20775219779184,
580.0,11.992551210428308,11.992551210428308,0.0960172792390999,1,55.21580015470742,55.02673481307842,0.37813061664503067,55.0,,,54.83766953806239,,54.930438225568324,,55.026734771909325,,55.12303137514461,,55.21580015470742,
581.0,11.992551210428308,11.992551210428308,0.09597441607330733,1,55.22371612441212,55.02561721143171,0.3961977609959675,55.0,,,54.827518363416154,,54.92410491378367,,55.02561717128122,,55.12712948426538,,55.22371612441212,
582.0,11.996787709497209,11.996787709497209,0.09593143053602081,1,55.23156688773159,55.02452053706985,0.4140926379659078,55.0,,,54.81747424976568,,54.91782867258087,,55.02452049791272,,55.1312123773584,,55.23156688773159,
583.0,12.02513966480447,12.02513966480447,0.09588955426102887,1,55.23936961957608,55.023460962460135,0.4318172524417889,55.0,,,54.80755236713429,,54.911625823113965,,55.02346092427175,,55.1352960782046,,55.23936961957608,
584.0,12.02513966480447,12.02513966480447,0.09585563260081825,1,55.24721692174681,55.022529973424376,0.4493738363833941,55.0,,,54.79784308536342,,54.90558791110298,,55.02252993618074,,55.13947201272795,,55.24721692174681,
585.0,12.02513966480447,12.02513966480447,0.09582155118694945,1,55.25499870325753,55.021615638309264,0.4667660711258108,55.0,,,54.78823263213172,,54.89960267198218,,55.02161560198697,,55.14362858218795,,55.25499870325753,
586.0,12.02513966480447,12.02513966480447,0.09578733745692045,1,55.26271592062843,55.02071799039364,0.48399580315270185,55.0,,,54.77872011747573,,54.893670231409835,,55.02071795496988,,55.147765727484376,,55.26271592062843,
587.0,11.99923184357542,11.99923184357542,0.09575301801171482,1,55.27036950275748,55.019837051012814,0.5010648475903139,55.0,,,54.76930465516717,,54.88779068328214,,55.01983701646532,,55.15188339739196,,55.27036950275748,
588.0,12.02513966480447,12.02513966480447,0.09571127976593485,1,55.277861466955876,55.018873945089545,0.517974989216377,55.0,,,54.7598864777395,,54.88186520627059,,55.01887391139661,,55.155882663085116,,55.277861466955876,
589.0,12.02513966480447,12.02513966480447,0.09567692864064838,1,55.28539305225848,55.018029829523336,0.5347263923024599,55.0,,,54.75066665995602,,54.876095389754866,,55.01802979666381,,55.1599642489835,,55.28539305225848,
590.0,12.02513966480447,12.02513966480447,0.09564254791452183,-1,55.2928636007595,55.01720236668591,0.5513224162944539,55.0,,,54.74154118446505,,54.87037851135324,,55.017202334639144,,55.16402620221258,,55.2928636007595,
591.0,12.02513966480447,12.02513966480447,0.09560816084612395,-1,55.278461915199806,55.0163915335727,0.5241407126839874,55.0,,,54.75432120251582,,54.87562056271306,,55.01639150231857,,55.157162485116224,,55.278461915199806,
592.0,12.02513966480447,12.02513966480447,0.09557378991711973,-1,55.264232755730276,55.01559729717574,0.49727086778958096,55.0,,,54.766961887940695,,54.88088891812321,,55.01559726669463,,55.15030565738991,,55.264232755730276,
593.0,12.02513966480447,12.02513966480447,0.0955394568439349,-1,55.250173018286084,55.01481961484293,0.47070675878660495,55.0,,,54.77946625949948,,54.88618065014603,,55.01481958511568,,55.14345856116738,,55.250173018286084,
594.0,12.002001862197394,12.002001862197394,0.09550518258951918,-1,55.23627969112412,55.014058434631295,0.44444246607552884,55.0,,,54.79183722504859,,54.89149297413123,,55.01405840563924,,55.13662387721327,,55.23627969112412,
595.0,11.992551210428308,11.992551210428308,0.0954644330184008,-1,55.22246153656669,55.01322538131573,0.41847226475193366,55.0,,,54.80398927181476,,54.89673492719184,,55.01322535304067,,55.12971581796465,,55.22246153656669,
596.0,11.992551210428308,11.992551210428308,0.09542119769542977,-1,55.208771770447484,55.01237566273602,0.39279217080430584,55.0,,,54.81597959964318,,54.90195887755879,,55.01237563516021,,55.122792430870454,,55.208771770447484,
597.0,11.992551210428308,11.992551210428308,0.09537821046938681,-1,55.19524517998296,55.01154645180761,0.3673974128354587,55.0,,,54.8278477671475,,54.90719952978584,,55.01154642491372,,55.11589335720803,,55.19524517998296,
598.0,11.992551210428308,11.992551210428308,0.09533549083178354,-1,55.18187898804483,55.01073759689665,0.3422827398571613,55.0,,,54.83959624818767,,54.91245455208162,,55.010737570667786,,55.10902062550134,,55.18187898804483,
599.0,11.992551210428308,11.992551210428308,0.09529305744816205,-1,55.16867049197033,55.00994893830315,0.31744306594455196,55.0,,,54.85122742602578,,54.91772172467459,,55.009948912722855,,55.1021761361222,,55.16867049197033,
600.0,11.959962756052144,11.959962756052144,0.09525092817382477,-1,55.15561706054831,55.00918030863589,0.29287346345844156,55.0,,,54.86274359708987,,54.922998934582,,55.009180283688096,,55.09536166727118,,55.15561706054831,
601.0,11.959962756052144,11.959962756052144,0.09519989442850427,-1,55.14259182354519,55.008307225575734,0.2685691565705923,55.0,,,54.8740226669746,,54.928159863020355,,55.00830720124477,,55.08845457309372,,55.14259182354519,
602.0,11.945949720670392,11.945949720670392,0.0951493276568941,-1,55.12972192695189,55.00745807131805,0.2445276728726924,55.0,,,54.885194254079195,,54.933330617682294,,55.00745804758865,,55.08158551028821,,55.12972192695189,
603.0,11.885335195530727,11.885335195530727,0.09509527944166893,-1,55.11695140965015,55.006579160950196,0.2207444599541546,55.0,,,54.896206949695994,,54.938455891554604,,55.006579137807464,,55.07470241604278,,55.11695140965015,
604.0,11.83417132216015,11.83417132216015,0.09502464501905993,-1,55.10410255017565,55.00549452010413,0.19721602362302093,55.0,,,54.906886526552626,,54.94335795083381,,55.005494497533526,,55.067631075425034,,55.10410255017565,
605.0,11.79457635009311,11.79457635009311,0.09494036728548003,-1,55.09121899153945,55.004247957647976,0.17394203216570503,55.0,,,54.917276959373744,,54.948078171376174,,55.00424793563533,,55.0604177303152,,55.09121899153945,
606.0,11.745530726256986,11.745530726256986,0.09484594412690316,-1,55.07835065948589,55.00288987549662,0.1509215332417071,55.0,,,54.927429126244185,,54.952664787363354,,55.00288985402809,,55.053114950361596,,55.07835065948589,
607.0,11.699255121042832,11.699255121042832,0.09473889374140154,-1,55.06546552053296,55.00138908625223,0.12815283468319194,55.0,,,54.93731268584977,,54.95708473545396,,55.00138906531433,,55.04569342411015,,55.06546552053296,
608.0,11.722718808193669,11.722718808193669,0.09462022170029458,-1,55.05257948655351,54.99976202188326,0.10563489629952016,55.0,,,54.94694459025399,,54.96135251082094,,54.99976200146281,,55.03817152032502,,55.05257948655351,
609.0,11.670903165735568,11.670903165735568,0.09450978765864858,-1,55.03996209714214,54.99827882503837,0.08336651198303002,55.0,,,54.95659558515911,,54.96573645820454,,54.998278805122546,,55.03082117956353,,55.03996209714214,
610.0,11.62918994413408,11.62918994413408,0.0943863081480266,-1,55.027320817045144,54.996649813028704,0.06134197660460927,55.0,,,54.965978840440535,,54.969946320122645,,54.99664979360498,,55.023353293930235,,55.027320817045144,
611.0,11.589594972067038,11.589594972067038,0.09425286142959377,-1,55.01581402305718,54.994919408326076,0.041789241170157254,55.0,,,54.97513912111325,,54.974024781887024,,54.99491938938224,,55.01581402305718,,55.014699726190685,
612.0,11.531098696461829,11.531098696461829,0.0941102347839047,-1,55.00821751245084,54.99310026704577,0.030234502228857707,55.0,,,54.98408975175218,,54.97798301022198,,54.99310024856992,,55.00821751245084,,55.00211081223394,
613.0,11.503724394785849,11.503724394785849,0.09395329924427952,-1,55.00049782410335,54.99112507328366,0.018745512776050077,55.0,,,54.99276414411262,,54.9817523113273,,54.99112505526416,,55.00049782410335,,54.98948603161086,
614.0,11.470810055865924,11.470810055865924,0.09379105753904328,-1,55.00128686688726,54.98911828342646,0.024337138485513776,55.0,,,55.00128686688726,,54.985455533308134,,54.98911826585199,,54.99278102268316,,54.97694972840175,
615.0,11.431215083798882,11.431215083798882,0.09362208524814751,-1,55.0096404822557,54.987061342892616,0.04515825099225168,55.0,,,55.0096404822557,,54.98907309017326,,54.98706132575212,,54.985049585018565,,54.964482231263446,
616.0,11.391620111731845,11.391620111731845,0.09344466135012627,-1,55.01780373391587,54.98493207546289,0.06574328985678335,55.0,,,55.01780373391587,,54.99258174897754,,54.98493205874559,,54.977282391616384,,54.952060444059086,
617.0,11.330679702048418,11.330679702048418,0.0932589663073146,-1,55.02578120836661,54.98273437375318,0.08609364284542664,55.0,,,55.02578120836661,,54.99598430174621,,54.982734357448564,,54.96948443568334,,54.93968756552118,
618.0,11.279841713221604,11.279841713221604,0.09305920220487518,-1,55.03349685385494,54.98039149823952,0.10621068550056378,55.0,,,55.03349685385494,,54.999202970975574,,54.98039148233733,,54.96158001567537,,54.92728616835438,
619.0,11.243016759776538,11.243016759776538,0.09284846760137598,-1,55.040995361097096,54.97794813192802,0.12609443324284086,55.0,,,55.040995361097096,,55.002281123466034,,54.977948116418254,,54.953615130804444,,54.914900927854255,
620.0,11.22346368715084,11.22346368715084,0.09263090738668767,-1,55.04833495167107,54.97546215362221,0.14574557162158897,55.0,,,55.04833495167107,,55.00527554737216,,54.97546213849512,,54.945648750523205,,54.902589380049484,
621.0,11.161056797020484,11.161056797020484,0.09241151453656017,-1,55.05558455259537,54.97300170017402,0.16516568097034678,55.0,,,55.05558455259537,,55.008253569503445,,54.97300168542009,,54.937749821726165,,54.89041887162502,
622.0,11.121461824953444,11.121461824953444,0.09217841417009412,-1,55.06258496987022,54.97040625212854,0.1843574121997733,55.0,,,55.06258496987022,,55.011054184206074,,54.970406237738494,,54.92975831115748,,54.87822755767045,
623.0,11.112662942271882,11.112662942271882,0.09193824411737743,-1,55.069428331829855,54.9677679755161,0.20332068991807262,55.0,,,55.069428331829855,,55.01376844345101,,54.96776796148088,,54.92176749890694,,54.86610764191178,
624.0,11.074860335195533,11.074860335195533,0.09169976727391259,-1,55.07623426995473,54.96520580800011,0.22205690175965742,55.0,,,55.07623426995473,,55.01651458497289,,54.96520579431091,,54.91389702256694,,54.854177368195074,
625.0,11.035265363128492,11.035265363128492,0.09145494322286737,-1,55.08289455933534,54.96260987441385,0.24056934823934029,55.0,,,55.08289455933534,,55.01918256102494,,54.96260986106206,,54.9060371795509,,54.842325211096,
626.0,10.976443202979516,10.976443202979516,0.0912034356380136,-1,55.089406068819514,54.95997632514176,0.2588594662842425,55.0,,,55.089406068819514,,55.02176793265484,,54.959976312119004,,54.89818470958018,,54.83054660253527,
627.0,10.92348696461825,10.92348696461825,0.09094006197601395,-1,55.095700388172794,54.95723608971175,0.2769285763699614,55.0,,,55.095700388172794,,55.02420105506808,,54.95723607700984,,54.89027111650521,,54.81877181180283,
628.0,10.884543761638737,10.884543761638737,0.09066670407058526,-1,55.10180509408774,54.954416679335324,0.2947768094589165,55.0,,,55.10180509408774,,55.02650860953719,,54.95441666694629,,54.88232474147662,,54.80702828462882,
629.0,10.876885474860336,10.876885474860336,0.09038747935641829,-1,55.107777529162135,54.951575172289814,0.3124046941923808,55.0,,,55.107777529162135,,55.02874698188401,,54.95157516020586,,54.87440335522734,,54.795372834969754,
630.0,10.837290502793298,10.837290502793298,0.09011123998656223,-1,55.113738122425126,54.94883129011252,0.32981364555431725,55.0,,,55.113738122425126,,55.031035459948605,,54.94883127832607,,54.86662711299203,,54.78392447687081,
631.0,10.77602420856611,10.77602420856611,0.08982915126757428,-1,55.119567528341896,54.94606402081062,0.3470069964610829,55.0,,,55.119567528341896,,55.033253114689415,,54.94606400931426,,54.85887491982669,,54.77256053188081,
632.0,10.725512104283052,10.725512104283052,0.0895353629874921,-1,55.12518805221904,54.943195010225374,0.3639860658435765,55.0,,,55.12518805221904,,55.03532121052894,,54.94319499901192,,54.85106880299152,,54.76120198637546,
633.0,10.685917132216016,10.685917132216016,0.0892331075666518,-1,55.130645301821076,54.94026986767612,0.3807508505925199,55.0,,,55.130645301821076,,55.03728467861472,,54.94026985673853,,54.84325504997772,,54.749894451228556,
634.0,10.646322160148976,10.646322160148976,0.08892561258499934,-1,55.13598424691529,54.937333215930224,0.3973020447080202,55.0,,,55.13598424691529,,55.039187667399304,,54.93733320526163,,54.83547875786758,,54.73868220220727,
635.0,10.623836126629424,10.623836126629424,0.0886130350954391,-1,55.14120792563739,54.93438740363259,0.41364102717189866,55.0,,,55.14120792563739,,55.041032251990266,,54.934387393226324,,54.82774254884349,,54.72756689846549,
636.0,10.599720670391063,10.599720670391063,0.08830026181208044,-1,55.14638305758256,54.931498460114234,0.4297691785128279,55.0,,,55.14638305758256,,55.042884218241944,,54.93149844996377,,54.8201126957132,,54.71661387906973,
637.0,10.560125698324024,10.560125698324024,0.08798692512486045,-1,55.15150474933741,54.92866028336594,0.4456889159227231,55.0,,,55.15150474933741,,55.0447375078095,,54.928660273464914,,54.81258305280322,,54.70581583341469,
638.0,10.520530726256984,10.520530726256984,0.08766883443838155,-1,55.156516655710114,54.925815383192365,0.4614025294088506,55.0,,,55.156516655710114,,55.04653467148057,,54.92581537353458,,54.80509608893532,,54.69511412630126,
639.0,10.480935754189945,10.480935754189945,0.08734613761206601,-1,55.16142157083368,54.92296588768911,0.47691135104630433,55.0,,,55.16142157083368,,55.04827766690952,,54.92296587826852,,54.797654102646455,,54.68451021978738,
640.0,10.441340782122904,10.441340782122904,0.08701898058473385,-1,55.16622222138909,54.920113856084654,0.49221671574030523,55.0,,,55.16622222138909,,55.049968408156396,,54.92011384689537,,54.79025929833362,,54.674005505648786,
641.0,10.375186219739296,10.375186219739296,0.0866875073494895,-1,55.17092126769457,54.91726127979316,0.5073199612992099,55.0,,,55.17092126769457,,55.0516087656886,,54.917261270829435,,54.78291378835784,,54.66360130639536,
642.0,10.33054003724395,10.33054003724395,0.08634454365159093,-1,55.17542272419812,54.91431150288555,0.5222224284774413,55.0,,,55.17542272419812,,55.05310198583981,,54.914311494141785,,54.77552101452735,,54.65320029572068,
643.0,10.31457169459963,10.31457169459963,0.08599626097752255,-1,55.179811588975056,54.91134964435393,0.5369238754416017,55.0,,,55.179811588975056,,55.0545327170211,,54.91134963582467,,54.76816656641541,,54.642887713533455,
644.0,10.250372439478586,10.250372439478586,0.085650707127291,-1,55.18419708793996,54.908484385458884,0.5514253914999401,55.0,,,55.18419708793996,,55.056009519119876,,54.9084843771388,,54.76095924665581,,54.63277169644002,
645.0,10.210777467411546,10.210777467411546,0.08529466458347763,-1,55.18840057749106,54.90553568012221,0.5657297816055475,55.0,,,55.18840057749106,,55.05735267125182,,54.9055356720061,,54.75371868397658,,54.62267079588551,
646.0,10.200186219739294,10.200186219739294,0.0849351272402173,-1,55.192517932720236,54.90259945073261,0.5798369511649639,55.0,,,55.192517932720236,,55.05865772081173,,54.902599442815415,,54.7465411757604,,54.61268098155527,
647.0,10.13158752327747,10.13158752327747,0.08458018935018986,-1,55.19665866820742,54.89978450838496,0.5937483071485019,55.0,,,55.19665866820742,,55.06003349292772,,54.899784500661745,,54.739535519068994,,54.60291036105892,
648.0,10.09199255121043,10.09199255121043,0.08421395068770308,-1,55.20060765295424,54.89687416110867,0.6074669715008056,55.0,,,55.20060765295424,,55.06126375380719,,54.89687415357462,,54.73248456375386,,54.593140681453434,
649.0,10.05239757914339,10.05239757914339,0.08384460830413798,-1,55.20447708992683,54.89398078437246,0.6209925992168976,55.0,,,55.20447708992683,,55.06246049463075,,54.89398077702289,,54.72550106957189,,54.583484490709935,
650.0,10.037243947858476,10.037243947858476,0.08347228874999318,1,55.20826904798243,54.89110574052209,0.6343266033198844,55.0,,,55.20826904798243,,55.06362514313568,,54.89110573335243,,54.71858633347742,,54.57394244466254,
651.0,10.005796089385475,10.005796089385475,0.08310380637614934,1,55.193039179764945,54.888340476759836,0.6093973946933176,55.0,,,55.193039179764945,,55.0553309766481,,54.8883404697656,,54.7213499725489,,54.58364178507163,
652.0,9.966201117318436,9.966201117318436,0.08273472687475462,1,55.17803788611051,54.88562302697441,0.5848297072321245,55.0,,,55.17803788611051,,55.04709392984854,,54.885623020151264,,54.72415211988334,,54.593208178878385,
653.0,9.913733705772817,9.913733705772817,0.08236290827804564,1,55.16323207662844,54.882923564119494,0.5606170142477964,55.0,,,55.16323207662844,,55.038886764930766,,54.882923557463194,,54.72696035919439,,54.60261506238064,
654.0,9.854422718808197,9.854422718808197,0.08198495016928511,1,55.14857266987195,54.88019590714947,0.536753514938141,55.0,,,55.14857266987195,,55.03066587644737,,54.88019590065589,,54.72972593383831,,54.61181915493381,
655.0,9.814827746741155,9.814827746741155,0.08159915262560999,1,55.134034934619116,54.877417720596824,0.5132344177944859,55.0,,,55.134034934619116,,55.02241157223336,,54.877417714261945,,54.732423865045135,,54.62080051682463,
656.0,9.775232774674118,9.775232774674118,0.08121108642888794,1,55.11969284704859,54.874665086694996,0.4900555107075206,55.0,,,55.11969284704859,,55.01420254762524,,54.87466508051485,,54.7351276219452,,54.62963733634107,
657.0,9.735637802607076,9.735637802607076,0.08082086315565373,1,55.10554470285343,54.8719389926653,0.4672114106207772,55.0,,,55.10554470285343,,55.00604194126572,,54.87193898663608,,54.737836040338614,,54.63833329223265,
658.0,9.69604283054004,9.69604283054004,0.08042859218864111,1,55.09158882164504,54.86924037622716,0.44469688131842133,55.0,,,55.09158882164504,,54.997932716856845,,54.86924037034513,,54.740548031962184,,54.64689194032662,
659.0,9.656447858473,9.656447858473,0.08003438072415431,1,55.077823544992405,54.86657012669731,0.4225068273051136,55.0,,,55.077823544992405,,54.9898776700579,,54.86657012095882,,54.743262579790134,,54.65531671768729,
660.0,9.616852886405962,9.616852886405962,0.07963833378049359,1,55.06424723459823,54.863929086081065,0.40063628797575745,55.0,,,55.06424723459823,,54.98187943511831,,54.86392908048256,,54.745978733583755,,54.66361094662247,
661.0,9.57725791433892,9.57725791433892,0.07924055420738674,1,55.050858270604714,54.86131805015516,0.3790804320614427,55.0,,,55.050858270604714,,54.97394049125629,,54.861318044693185,,54.748695605678336,,54.67177783854327,
662.0,9.537662942271885,9.537662942271885,0.07884114269638584,1,55.03765505002205,54.858737769541655,0.3578345523385664,55.0,,,55.03765505002205,,54.966063168793816,,54.85873776421283,,54.7514123669961,,54.67982049768349,
663.0,9.498067970204842,9.498067970204842,0.0784401977921884,1,55.02463598527304,54.85618895077264,0.3368940605886763,55.0,,,55.02463598527304,,54.95824965505774,,54.85618894557368,,54.7541282432744,,54.68774192468436,
664.0,9.458472998137806,9.458472998137806,0.07803781590483874,1,55.01179950284749,54.85367225734527,0.3162544827972411,55.0,,,55.01179950284749,,54.950502000056765,,54.85367225227295,,54.7568425114989,,54.69554502005025,
665.0,9.450651769087523,9.450651769087523,0.07763409132277478,1,54.999144042060514,54.85118831076687,0.2959114545799366,55.0,,,54.999144042060514,,54.94282212194323,,54.85118830581807,,54.75955449653198,,54.70323258748058,
666.0,9.373091247672257,9.373091247672257,0.07723772262240824,1,54.98678401771294,54.84885365539384,0.2758607168257896,55.0,,,54.98678401771294,,54.93532777607262,,54.848853650565495,,54.76237953173097,,54.71092330088715,
667.0,9.307099627560522,9.307099627560522,0.07682979644680932,1,54.974458486620506,54.84641043419678,0.2560960972251394,55.0,,,54.974458486620506,,54.9277617279486,,54.84641042948593,,54.765059137533484,,54.71836238939537,
668.0,9.287709497206706,9.287709497206706,0.07641368460748273,1,54.96221427178581,54.84390627253076,0.23661599107317954,55.0,,,54.96221427178581,,54.92017326857492,,54.843906267934514,,54.76763927364597,,54.72559828071263,
669.0,9.260498137802609,9.260498137802609,0.07600216657094842,1,54.950223639245635,54.84151459378004,0.2174180836751134,55.0,,,54.950223639245635,,54.91273721574644,,54.84151458929555,,54.77029196904207,,54.73280555557052,
670.0,9.188314711359409,9.188314711359409,0.07559313705504284,1,54.93845334757145,54.839204758859275,0.19849717034465897,55.0,,,54.93845334757145,,54.905423507742015,,54.83920475448379,,54.77298600727232,,54.739956177226794,
671.0,9.15735567970205,9.15735567970205,0.07517449730905201,1,54.92673642849888,54.836812094187415,0.17984866171525482,55.0,,,54.92673642849888,,54.89806811144209,,54.83681208991824,,54.77555607429423,,54.74688776678362,
672.0,9.126070763500932,9.126070763500932,0.07475756862665926,1,54.91522626560438,54.83449081769464,0.16147088907958107,55.0,,,54.91522626560438,,54.890826533364134,,54.834490813529165,,54.77815509945074,,54.7537553765248,
673.0,9.069529795158289,9.069529795158289,0.07434230850240621,1,54.90391873295987,54.83223891457821,0.14335963018706366,55.0,,,54.90391873295987,,54.88369732795575,,54.83223891051387,,54.78078049868878,,54.76055910277281,
674.0,9.05959031657356,9.05959031657356,0.0739219632950632,1,54.89271937550314,54.8299639839345,0.12551077672063826,55.0,,,54.89271937550314,,54.87658861354135,,54.82996397996881,,54.78333935187672,,54.7672085987825,
675.0,9.022928305400374,9.022928305400374,0.07350920846329984,1,54.88179822457524,54.827837281870096,0.10792187914932327,55.0,,,54.88179822457524,,54.86967250750861,,54.82783727800062,,54.786002053840114,,54.77387634542592,
676.0,8.972253258845441,8.972253258845441,0.0730968175611892,1,54.871052267519985,54.82575844392757,0.09058764107574291,55.0,,,54.871052267519985,,54.8628487223755,,54.82575844015193,,54.78866816314614,,54.78046462644424,
677.0,8.911149906890133,8.911149906890133,0.07268108417345562,1,54.860428836350515,54.823676562458616,0.07350454182280686,55.0,,,54.860428836350515,,54.85606680280331,,54.823676558774515,,54.791286319837006,,54.78692429452771,
678.0,8.871554934823092,8.871554934823092,0.07225932198235098,1,54.849890504658305,54.82155550311543,0.05666999726921773,55.0,,,54.849890504658305,,54.84929123758338,,54.82155549952061,,54.793819766425756,,54.79322050738909,
679.0,8.831959962756054,8.831959962756054,0.07183745024453983,1,54.84260331055476,54.81947581422016,0.046254994837077845,55.0,,,54.83951687164336,,54.84260331055476,,54.81947581071244,,54.79634831571768,,54.7994347624726,
680.0,8.824953445065177,8.824953445065177,0.0714155344436896,1,54.83600342200827,54.81743754240466,0.03713176132261253,55.0,,,54.82930638648068,,54.83600342200827,,54.81743753898188,,54.798871660685656,,54.805568703866825,
681.0,8.78535847299814,8.78535847299814,0.07100236599881703,1,54.82960950493593,54.815558307856655,0.028102396222742243,55.0,,,54.819375102213264,,54.82960950493593,,54.81555830451673,,54.80150710871319,,54.811741518904164,
682.0,8.725232774674115,8.725232774674115,0.07058915713363652,1,54.82329971267223,54.8137164901896,0.01916644697951142,55.0,,,54.80959886466548,,54.82329971267223,,54.81371648693049,,54.80413326569272,,54.81783412098705,
683.0,8.673580074487894,8.673580074487894,0.0701704749048654,1,54.82377403299715,54.811838129310175,0.02387180222817875,55.0,,,54.79990223076897,,54.81700033176757,,54.8118381261299,,54.80667592488726,,54.82377403299715,
684.0,8.666573556797017,8.666573556797017,0.06974872171786066,1,54.829595194587355,54.809956333762706,0.03927771662792878,55.0,,,54.79031747795943,,54.81074499624576,,54.80995633065934,,54.80916766936167,,54.829595194587355,
685.0,8.635940409683425,8.635940409683425,0.06933592244367984,1,54.8354607801158,54.808233197757616,0.054455159816399146,55.0,,,54.7810056202994,,54.80469615683678,,54.80823319472925,,54.8117702368068,,54.8354607801158,
686.0,8.604003724394781,8.604003724394781,0.06892570058161053,1,54.84128408410911,54.80657959840967,0.06940896661730989,55.0,,,54.7718751174918,,54.79876433300235,,54.80657959545447,,54.81439486199056,,54.84128408410911,
687.0,8.524813780260708,8.524813780260708,0.06851772505313686,1,54.847060891116946,54.80498967004328,0.08414243748124761,55.0,,,54.7629184536357,,54.79294364032509,,54.80498966715946,,54.81703569797916,,54.847060891116946,
688.0,8.50558659217877,8.50558659217877,0.06809942030050123,1,54.85262204942087,54.803292681612184,0.09865873106393508,55.0,,,54.75396331835694,,54.787063323382284,,54.803292678798,,54.819522038102825,,54.85262204942087,
689.0,8.468598696461823,8.468598696461823,0.0676869566649765,1,54.858187730164246,54.80170867727054,0.11295810134387096,55.0,,,54.745229628820375,,54.781344091331356,,54.80170867452428,,54.82207326151245,,54.858187730164246,
690.0,8.429003724394784,8.429003724394784,0.06727557685071263,1,54.86369349032012,54.80017127419826,0.1270444279073928,55.0,,,54.736649062412724,,54.77571928517849,,54.800171271518245,,54.82462326156169,,54.86369349032012,
691.0,8.389408752327745,8.389408752327745,0.0668646223715181,1,54.86913088412475,54.798670658488675,0.14092044704039353,55.0,,,54.72821043708436,,54.7701790640753,,54.7986706558733,,54.82716225128568,,54.86913088412475,
692.0,8.324394785847296,8.324394785847296,0.06645413653470669,1,54.87450101871978,54.797206670546984,0.15458869221586724,55.0,,,54.719912326503916,,54.7647232586843,,54.79720666799466,,54.82969008083226,,54.87450101871978,
693.0,8.277630353817505,8.277630353817505,0.06603741214130403,1,54.87971402660747,54.79568819671734,0.1680516557500411,55.0,,,54.71166237085743,,54.759260724126534,,54.795688194226535,,54.832115667768775,,54.87971402660747,
694.0,8.238035381750464,8.238035381750464,0.06561943001498653,1,54.884838589651416,54.79418344997176,0.18131027542619904,55.0,,,54.70352831422522,,54.75386000129003,,54.79418344754095,,54.834506897151186,,54.884838589651416,
695.0,8.212290502793294,8.212290502793294,0.06520215798291366,1,54.8899019586013,54.79271866779992,0.19436657776434885,55.0,,,54.69553538083695,,54.7485473567511,,54.79271866542766,,54.836889977382626,,54.8899019586013,
696.0,8.19143389199255,8.19143389199255,0.06478930320168182,1,54.894954489641506,54.7913429936537,0.20722298822960994,55.0,,,54.687731501411896,,54.74337183612528,,54.79134299133854,,54.83931414975129,,54.894954489641506,
697.0,8.151838919925508,8.151838919925508,0.06438214499345854,1,54.90001322458912,54.79007186527431,0.219882714973771,55.0,,,54.680130509615346,,54.73834855676848,,54.79007186301485,,54.84179517238371,,54.90001322458912,
698.0,8.114525139664803,8.114525139664803,0.06397568931940315,1,54.905010480247185,54.78883588039129,0.23234919614387906,55.0,,,54.672661284103306,,54.733407711563025,,54.78883587818619,,54.844264047856726,,54.905010480247185,
699.0,8.105237430167596,8.105237430167596,0.06357057212309118,1,54.909955248810355,54.787642897882336,0.24462469837392575,55.0,,,54.66533055043643,,54.728557021571454,,54.78764289573026,,54.84672877286316,,54.909955248810355,
700.0,8.081936685288639,8.081936685288639,0.06317422333160708,1,54.91494795691981,54.78659216097486,0.256711588491477,55.0,,,54.658236368428334,,54.72389554431538,,54.78659215887452,,54.84928877633626,,54.91494795691981,
701.0,8.058635940409681,8.058635940409681,0.06278285816885446,1,54.919936723417784,54.78562979962104,0.26861384427672164,55.0,,,54.65132287914106,,54.719368799052106,,54.78562979757117,,54.85189079892309,,54.919936723417784,
702.0,8.049348230912475,8.049348230912475,0.06239644297379056,1,54.92492084668042,54.7847535750353,0.28033454005316116,55.0,,,54.64458630662726,,54.714974138167214,,54.784753573034656,,54.85453301066691,,54.92492084668042,
703.0,8.044622905027934,8.044622905027934,0.06201864242194223,1,54.92994947361909,54.78401112557128,0.2918766929362633,55.0,,,54.638072780682826,,54.710758784151565,,54.784011123618676,,54.857263465784214,,54.92994947361909,
704.0,8.016759776536311,8.016759776536311,0.06165057370024875,1,54.93503684574198,54.783414802038564,0.3032440843232962,55.0,,,54.63179276141869,,54.70673446059881,,54.78341480013284,,54.86009514230053,,54.93503684574198,
705.0,8.016759776536311,8.016759776536311,0.06128602295172008,1,54.94009827056246,54.78287792622213,0.3144406856711157,55.0,,,54.62565758489134,,54.702813793721816,,54.782877924362126,,54.8629420575729,,54.94009827056246,
706.0,8.042504655493481,8.042504655493481,0.06093231658853174,1,54.94523253322267,54.78249801437031,0.3254690347673588,55.0,,,54.61976349845531,,54.69909394209958,,54.78249801255493,,54.86590208551909,,54.94523253322267,
707.0,8.049185288640592,8.049185288640592,0.060596125361086606,1,54.95052840410301,54.78236177837259,0.3363332485939239,55.0,,,54.61419515550909,,54.69566084873681,,54.78236177660074,,54.86906270691332,,54.95052840410301,
708.0,8.023929236499066,8.023929236499066,0.06027220095136166,1,54.955913009336804,54.78239357926483,0.34703885734577966,55.0,,,54.608874151991024,,54.69243773386307,,54.782393577535444,,54.87234942359776,,54.955913009336804,
709.0,8.049348230912475,8.049348230912475,0.05995195619156568,1,54.961269397938985,54.78247431789091,0.3575901573650242,55.0,,,54.60367924057396,,54.68930464476515,,54.78247431620298,,54.875643989973476,,54.961269397938985,
710.0,8.028165735567969,8.028165735567969,0.05964872223944563,1,54.96677737962266,54.78278263160488,0.36798949336985487,55.0,,,54.59878788625281,,54.68643983482295,,54.782782629957396,,54.87912542736863,,54.96677737962266,
711.0,8.044948789571693,8.044948789571693,0.05934997313012502,1,54.972266202517304,54.783145146634354,0.37824210916404866,55.0,,,54.594024093353255,,54.683668809612804,,54.783145145026324,,54.8826214826621,,54.972266202517304,
712.0,8.049348230912475,8.049348230912475,0.05906566669205813,1,54.97787015470525,54.78369494128608,0.3883504242987996,55.0,,,54.58951973040645,,54.681124213414,,54.783694939716554,,54.886265668188145,,54.97787015470525,
713.0,8.049348230912475,8.049348230912475,0.05879233741244798,1,54.98354104429065,54.784381537600964,0.3983190109006216,55.0,,,54.585222033390025,,54.678754585324896,,54.78438153606901,,54.89000848893024,,54.98354104429065,
714.0,8.049348230912475,8.049348230912475,0.058528666918846665,1,54.9892602193801,54.7851844081762,0.4081516199883737,55.0,,,54.581108599391726,,54.676538604277276,,54.78518440668092,,54.893830211151005,,54.9892602193801,
715.0,8.049348230912475,8.049348230912475,0.058274511885248265,1,54.995025106069214,54.78609927301655,0.41785166374378235,55.0,,,54.57717344232543,,54.67447126781593,,54.786099271557056,,54.89772727731517,,54.995025106069214,
716.0,8.018715083798883,8.018715083798883,0.05802972764225536,1,55.00083316057017,54.787121920483855,0.42742247786758014,55.0,,,54.57341068270259,,54.672547648841615,,54.787121919059274,,54.90169619124566,,55.00083316057017,
717.0,8.016759776536311,8.016759776536311,0.05778608074110935,1,55.00657289715953,54.78813923465,0.4368673227691602,55.0,,,54.56970557439037,,54.670653923326846,,54.78813923325948,,54.90562454511376,,55.00657289715953,
718.0,8.016759776536311,8.016759776536311,0.05755109979352025,1,55.01234657446091,54.78925276483875,0.44618761704821,55.0,,,54.5661589574127,,54.668891380664235,,54.789252763481485,,54.909614148174434,,55.01234657446091,
719.0,8.035824022346368,8.035824022346368,0.05732516123936951,1,55.01815884276074,54.7904656396414,0.455386404095087,55.0,,,54.562772438665654,,54.66726247794997,,54.790465638316576,,54.91366880051404,,55.01815884276074,
720.0,8.049348230912475,8.049348230912475,0.05711315041697506,1,55.02407506433248,54.79184167799089,0.46446677059081765,55.0,,,54.55960829374166,,54.66583034223248,,54.79184167669773,,54.917853012950076,,55.02407506433248,
721.0,8.016759776536311,8.016759776536311,0.05691339322703757,1,55.03007144242575,54.793355026846385,0.4734328291163621,55.0,,,54.55663861330939,,54.66456816384387,,54.79335502558413,,54.92214188906878,,55.03007144242575,
722.0,8.016759776536311,8.016759776536311,0.05671351911203768,1,55.0359803691339,54.794836229807615,0.4822882766589913,55.0,,,54.55369209247491,,54.66330562237207,,54.79483622857553,,54.92636683648169,,55.0359803691339,
723.0,8.016759776536311,8.016759776536311,0.05652209114356536,1,55.041918353813216,54.79640131628666,0.4910340731071443,55.0,,,54.55088428070607,,54.662158554907855,,54.796401315084005,,54.9306440769222,,55.041918353813216,
724.0,8.03826815642458,8.03826815642458,0.05633895954069707,1,55.04788308853102,54.79804657362355,0.4996730279154775,55.0,,,54.548210060615546,,54.66112259228546,,54.79804657244961,,54.9349705542361,,55.04788308853102,
725.0,8.020833333333332,8.020833333333332,0.056169651876540785,1,55.053948804488044,54.7998448616342,0.5082078838535722,55.0,,,54.54574092063447,,54.66026994709569,,54.79984486048829,,54.93941977546451,,55.053948804488044,
726.0,8.016759776536311,8.016759776536311,0.05600366414468444,1,55.05997283256749,54.801651556538786,0.5166425502475676,55.0,,,54.54333028231992,,54.65945505128594,,54.801651555420236,,54.94384806110034,,55.05997283256749,
727.0,8.016759776536311,8.016759776536311,0.05584443093999382,1,55.066002073643865,54.803512766734954,0.5249786120511857,55.0,,,54.54102346159268,,54.658723638206546,,54.80351276564311,,54.94830189458858,,55.066002073643865,
728.0,8.016759776536311,8.016759776536311,0.05569289013621058,1,55.07204921880443,54.80544002803025,0.533218379823893,55.0,,,54.53883083898054,,54.658086684241844,,54.80544002696447,,54.95279337115997,,55.07204921880443,
729.0,8.016759776536311,8.016759776536311,0.055548890814592564,1,55.07811214356355,54.807429972657644,0.54136434012851,55.0,,,54.53674780343504,,54.65754021325193,,54.807429971617296,,54.957319731420384,,55.07811214356355,
730.0,8.016759776536311,8.016759776536311,0.05541228209274089,-1,55.084188761184755,54.80947930137044,0.5494189179855056,55.0,,,54.53476984319925,,54.65708032759519,,54.809479300354916,,54.96187827451805,,55.084188761184755,
731.0,8.016759776536311,8.016759776536311,0.0552829132141557,-1,55.077639822941784,54.8115847832648,0.5321100777500192,55.0,,,54.545529745191764,,54.66302180807519,,54.81158478227352,,54.96014775784177,,55.077639822941784,
732.0,8.016759776536311,8.016759776536311,0.05516063363531437,-1,55.07124878511937,54.81374325557256,0.5150110575279641,55.0,,,54.55623772759141,,54.669019974986504,,54.813743254604915,,54.95846653556057,,55.07124878511937,
733.0,8.016759776536311,8.016759776536311,0.05504529311027626,-1,55.065009749983474,54.81595162342468,0.4981162515892663,55.0,,,54.56689349839421,,54.675070335952476,,54.81595162248012,,54.95683291031311,,55.065009749983474,
734.0,8.016759776536311,8.016759776536311,0.0549367417728227,-1,55.05891698237799,54.81820685958657,0.4814202440909625,55.0,,,54.577496738287024,,54.68116854890488,,54.81820685866454,,54.955245169698415,,55.05891698237799,
735.0,8.016759776536311,8.016759776536311,0.054834830216142744,-1,55.05296490612949,54.82050600416544,0.4649178024718026,55.0,,,54.588047103657686,,54.687310417481775,,54.8205060032654,,54.95370159029285,,55.05296490612949,
736.0,8.016759776536311,8.016759776536311,0.05473940957007288,-1,55.04714810055303,54.82284616429074,0.4486038711030105,55.0,,,54.59854422945002,,54.69349188660665,,54.822846163412166,,54.95220044143184,,55.04714810055303,
737.0,8.031587523277464,8.031587523277464,0.054650331575906264,-1,55.04146129705401,54.82522451376826,0.43247356518384095,55.0,,,54.60898773187017,,54.699709038239774,,54.82522451291063,,54.9507399887667,,55.04146129705401,
738.0,8.049348230912475,8.049348230912475,0.05457136264957154,-1,55.035952113491675,54.82769103037892,0.416522164870905,55.0,,,54.61942994862077,,54.70601082496361,,54.827691029541754,,54.94937123527684,,55.035952113491675,
739.0,8.020507448789571,8.020507448789571,0.054503081238109645,-1,55.03062381864325,54.83025172717905,0.4007441816061146,55.0,,,54.629879637037135,,54.71240253124833,,54.83025172636183,,54.948100922604695,,55.03062381864325,
740.0,8.016759776536311,8.016759776536311,0.05443297603340357,-1,55.02530318401112,54.83273612252941,0.3851341216726638,55.0,,,54.64016906233846,,54.718713048526936,,54.83273612173167,,54.94675919603885,,55.02530318401112,
741.0,8.016759776536311,8.016759776536311,0.0543676233876748,-1,55.02007915819161,54.835234368466885,0.36968957818946535,55.0,,,54.65038958000215,,54.72503122124185,,54.835234367688166,,54.94543751521064,,55.02007915819161,
742.0,8.016759776536311,8.016759776536311,0.054307880989584154,-1,55.01496108032145,54.83775774182185,0.35440667576924056,55.0,,,54.66055440455221,,54.7313674738971,,54.837757741061694,,54.944148009276795,,55.01496108032145,
743.0,8.016759776536311,8.016759776536311,0.05425360588782946,-1,55.00994452864138,54.840303808861236,0.33928143835964164,55.0,,,54.670663090281735,,54.73771863082562,,54.840303808119195,,54.94288898643824,,55.00994452864138,
744.0,8.016759776536311,8.016759776536311,0.05420465619471279,-1,55.00502521191972,54.84287019934578,0.3243100239758405,55.0,,,54.68071518794388,,54.74408162775766,,54.84287019862143,,54.941658770486235,,55.00502521191972,
745.0,8.022462756052139,8.022462756052139,0.05416089114207104,-1,55.00019896667471,54.84545460600109,0.30948872020314155,55.0,,,54.69071024647157,,54.75045350867784,,54.845454605294,,54.94045570288733,,55.00019896667471,
746.0,8.049348230912475,8.049348230912475,0.054123676385808006,-1,54.995482036423596,54.84807506593368,0.29481393986300475,55.0,,,54.70066809656059,,54.75685170475669,,54.84807506524344,,54.939298426684076,,54.995482036423596,
747.0,8.049348230912475,8.049348230912475,0.05409844725426308,-1,54.990945019739776,54.85080408723826,0.28028186391281906,55.0,,,54.71066315582696,,54.76334824740003,,54.85080408656447,,54.938259926660066,,54.990945019739776,
748.0,8.049348230912475,8.049348230912475,0.05407787643625198,-1,54.98648449321424,54.85354074768263,0.26588748999898826,55.0,,,54.72059700321525,,54.76984210376278,,54.8535407470249,,54.93723939119598,,54.98648449321424,
749.0,8.049348230912475,8.049348230912475,0.05406182623885534,-1,54.98209685429283,54.85628303765817,0.2516276322304307,55.0,,,54.730469222062396,,54.77633076434319,,54.85628303701612,,54.93623531057634,,54.98209685429283,
750.0,8.049348230912475,8.049348230912475,0.05405016046688277,-1,54.97777861573231,54.859029008332016,0.23749921378647088,55.0,,,54.74027940194584,,54.78281181426442,,54.85902900770527,,54.93524620201226,,54.97777861573231,
751.0,8.049348230912475,8.049348230912475,0.05404274446279848,-1,54.973526403095164,54.861776770957306,0.22349926328575975,55.0,,,54.750027139809404,,54.78928293067945,,54.86177677034549,,54.93427061085704,,54.973526403095164,
752.0,8.049348230912475,8.049348230912475,0.05403944514452547,-1,54.96933695229279,54.864524496168805,0.2096249112816153,55.0,,,54.75971204101118,,54.79574188025773,,54.864524495571565,,54.93330711171076,,54.96933695229279,
753.0,8.049348230912475,8.049348230912475,0.05404013104115646,-1,54.96520710717543,54.86727041326451,0.1958733868785103,55.0,,,54.76933372029692,,54.80218651674976,,54.867270412681506,,54.93235430941895,,54.96520710717543,
754.0,8.049348230912475,8.049348230912475,0.054044672326602136,-1,54.96113381716686,54.870012809474055,0.1822420144647623,55.0,,,54.7788918027021,,54.80861477862586,,54.870012808904946,,54.931410839970525,,54.96113381716686,
755.0,8.049348230912475,8.049348230912475,0.05405294085121504,-1,54.95711413494234,54.87275002921452,0.16872821055672205,55.0,,,54.788385924385615,,54.81502468678596,,54.87275002865898,,54.93047537129974,,54.95711413494234,
756.0,8.049348230912475,8.049348230912475,0.0540648101714155,-1,54.95314521414813,54.875480473334434,0.1553294807499057,55.0,,,54.797815733398224,,54.82141434233693,,54.87548047279213,,54.929546603996776,,54.95314521414813,
757.0,8.049348230912475,8.049348230912475,0.05408015557735949,-1,54.94922430716128,54.87820259834659,0.14204341677280752,55.0,,,54.80718089038847,,54.82778192443456,,54.87820259781721,,54.928623271931436,,54.94922430716128,
758.0,8.049348230912475,8.049348230912475,0.05409885411867679,-1,54.94534876288815,54.88091491565044,0.12886769363926476,55.0,,,54.81648106924889,,54.834125688187264,,54.88091491513367,,54.92770414279423,,54.94534876288815,
759.0,8.022788640595904,8.022788640595904,0.05412078462832261,-1,54.941516024600595,54.883615990744715,0.11580006689553102,55.0,,,54.825715957705064,,54.84044396261872,,54.88361599024026,,54.92678801855893,,54.941516024600595,
760.0,8.03631284916201,8.03631284916201,0.0541388154201911,-1,54.93762914274925,54.88620995737172,0.10283836995829176,55.0,,,54.83479077279096,,54.84664066362773,,54.886209956879284,,54.92577925081135,,54.93762914274925,
761.0,8.016759776536311,8.016759776536311,0.05416350235927465,-1,54.93383227400673,54.888841210408884,0.08998212641790104,55.0,,,54.84385014758883,,54.85285957992735,,54.88884120992819,,54.92482284059333,,54.93383227400673,
762.0,8.016759776536311,8.016759776536311,0.054185953301847264,-1,54.930003411375594,54.89138918263816,0.07722845671561629,55.0,,,54.85277495465998,,54.85898017364726,,54.89138918216892,,54.923798191339046,,54.930003411375594,
763.0,8.016759776536311,8.016759776536311,0.05421128350539535,-1,54.926212770040905,54.89392448008414,0.06457657917236759,55.0,,,54.86163619086854,,54.86507258799555,,54.89392447962609,,54.92277637188963,,54.926212770040905,
764.0,8.016759776536311,8.016759776536311,0.05423938279447614,-1,54.922458157257466,54.89644587426437,0.05202456526270538,55.0,,,54.87043359199476,,54.87113544919232,,54.89644587381723,,54.92175629906005,,54.922458157257466,
765.0,8.03223929236499,8.03223929236499,0.054270142750272574,-1,54.92073692439051,54.898952185181386,0.043569478688034735,55.0,,,54.87916690924926,,54.877167445702476,,54.8989521847449,,54.92073692439051,,54.91873746181976,
766.0,8.049348230912475,8.049348230912475,0.05430754277387805,-1,54.91977229023508,54.901497336543,0.03654990764748334,55.0,,,54.88789096557683,,54.8832223825876,,54.90149733611693,,54.91977229023508,,54.915103708198615,
767.0,8.049348230912475,8.049348230912475,0.05435185645790496,-1,54.91886517041304,54.90408423017809,0.029561880726980405,55.0,,,54.89660999825649,,54.88930328968606,,54.90408422976216,,54.91886517041304,,54.91155846277267,
768.0,8.049348230912475,8.049348230912475,0.05439840361561743,-1,54.91795150044333,54.90664896136725,0.022605078403096,55.0,,,54.90526144533311,,54.895346422040234,,54.90664896096124,,54.91795150044333,,54.908036478058335,
769.0,8.049348230912475,8.049348230912475,0.05444708111012561,-1,54.917030431505,54.9091905881222,0.015679687010546672,55.0,,,54.91384515015659,,54.90135074449445,,54.909190587725874,,54.917030431505,,54.904536026729104,
770.0,8.049348230912475,8.049348230912475,0.05449778775386277,-1,54.92236097354151,54.91170821374875,0.021305518959522374,55.0,,,54.92236097354151,,54.90731527687052,,54.91170821336187,,54.91610115038786,,54.901055454581986,
771.0,8.024418063314709,8.024418063314709,0.054550424312558084,-1,54.93080879383898,54.914200985985374,0.03321561509613957,55.0,,,54.93080879383898,,54.91323909246825,,54.914200985607714,,54.91516287926907,,54.89759317874284,
772.0,8.04869646182495,8.04869646182495,0.054598311291979784,-1,54.93909981726286,54.91657940642508,0.04504082107903429,55.0,,,54.93909981726286,,54.919032626885375,,54.916579406056435,,54.91412618573694,,54.89405899618382,
773.0,8.016759776536311,8.016759776536311,0.05465443131538794,-1,54.947411215659315,54.91902071475148,0.05678100123338936,55.0,,,54.947411215659315,,54.92487268675538,,54.91902071439162,,54.91316874252516,,54.890630214425926,
774.0,8.016759776536311,8.016759776536311,0.05470376751565861,-1,54.955540779856605,54.9213213011865,0.06843895677180711,55.0,,,54.955540779856605,,54.930555982504444,,54.921321300835224,,54.912086619651454,,54.8871018230848,
775.0,8.016759776536311,8.016759776536311,0.05475476965944161,-1,54.9636048829115,54.923597861746565,0.0800140417750157,55.0,,,54.9636048829115,,54.93619868750591,,54.923597861403664,,54.910997035775296,,54.88359084113648,
776.0,8.016759776536311,8.016759776536311,0.05480735011621082,-1,54.971603462447334,54.92584970102056,0.09150752231193593,55.0,,,54.971603462447334,,54.94180007716201,,54.92584970068583,,54.90989932467223,,54.8800959401354,
777.0,8.016759776536311,8.016759776536311,0.05486142306943967,-1,54.97953647257109,54.92807616208711,0.10292062043926364,55.0,,,54.97953647257109,,54.94735947145843,,54.928076161760366,,54.908792852513855,,54.87661585213183,
778.0,8.016759776536311,8.016759776536311,0.054916904514659984,-1,54.98740388381093,54.93027662571094,0.11425451568387501,55.0,,,54.98740388381093,,54.95287623372456,,54.930276625392,,54.907677017500205,,54.87314936812705,
779.0,8.016759776536311,8.016759776536311,0.054973712256382645,-1,54.99520568303219,54.93245050954012,0.1255103464803824,55.0,,,54.99520568303219,,54.95834976942056,,54.932450509228765,,54.906551249467235,,54.86969533655181,
780.0,8.016759776536311,8.016759776536311,0.05503176590391692,-1,55.0029418733332,54.93459726730455,0.13668921156553182,55.0,,,55.0029418733332,,54.96377952495026,,54.93459726700063,,54.905415009471014,,54.86625266176767,
781.0,8.016759776536311,8.016759776536311,0.05509098686612172,-1,55.010612473921924,54.93671638801656,0.14779217133069267,55.0,,,55.010612473921924,,54.96916498649931,,54.93671638771989,,54.90426778935047,,54.86282030259123,
782.0,8.045111731843573,8.045111731843573,0.055151298345126436,-1,55.01821751997468,54.93880739517342,0.15882024913392456,55.0,,,55.01821751997468,,54.97450567889763,,54.938807394883824,,54.90310911127025,,54.85939727084075,
783.0,8.028002793296087,8.028002793296087,0.05522011014751896,-1,55.025857913989796,54.94097069747467,0.16977443257285074,55.0,,,55.025857913989796,,54.979902016017526,,54.94097069719198,,54.90203937875711,,54.856083481416945,
784.0,8.049348230912475,8.049348230912475,0.0552852492723393,-1,55.03336949103768,54.94304081376923,0.18065735409040684,55.0,,,55.03336949103768,,54.985188945835276,,54.94304081349329,,54.90089268153265,,54.852712136947275,
785.0,8.049348230912475,8.049348230912475,0.055356854733338706,-1,55.04089068108001,54.94515624098055,0.1914688797630788,55.0,,,55.04089068108001,,54.99050471678523,,54.94515624071119,,54.8998077650094,,54.84942180131693,
786.0,8.049348230912475,8.049348230912475,0.05542914666755865,-1,55.04834375676874,54.94723818510651,0.20221114289903142,55.0,,,55.04834375676874,,54.99577086264703,,54.94723818484357,,54.89870550740348,,54.846132613869706,
787.0,8.049348230912475,8.049348230912475,0.05550205536603169,-1,55.055728859977584,54.94928638325415,0.21288495303156907,55.0,,,55.055728859977584,,55.00098712993981,,54.94928638299749,,54.89758563640988,,54.842843906946015,
788.0,8.049348230912475,8.049348230912475,0.05557551298991299,-1,55.06304614825482,54.95130060303944,0.2234910900253908,55.0,,,55.06304614825482,,55.00615329804495,,54.9513006027889,,54.89644790787908,,54.83955505822943,
789.0,8.049348230912475,8.049348230912475,0.05564945355474286,-1,55.07029579453598,54.95328064175881,0.2340303051586332,55.0,,,55.07029579453598,,55.01126917817943,,54.953280641514255,,54.89529210518704,,54.83626548937735,
790.0,8.049348230912475,8.049348230912475,0.055723812913966844,-1,55.07747798684719,54.955226325567665,0.2445033221727968,55.0,,,55.07747798684719,,55.01633461238969,,54.955226325328944,,54.8941180385981,,54.832974664674396,
791.0,8.047229981378026,8.047229981378026,0.055798528741743444,-1,55.08459292799997,54.957137508665674,0.2549108382915648,55.0,,,55.08459292799997,,55.02134947256557,,54.957137508432645,,54.892925544621754,,54.829682089708406,
792.0,8.016759776536311,8.016759776536311,0.05587298112256931,-1,55.09163329794375,54.95900653515508,0.2652535252093031,55.0,,,55.09163329794375,,55.026306122139545,,54.95900653492762,,54.891706948030034,,54.82637977273445,
793.0,8.032891061452514,8.032891061452514,0.05593963385486769,-1,55.0984986657951,54.96073271276589,0.2755319056991681,55.0,,,55.0984986657951,,55.03110385858874,,54.96073271254385,,54.89036156680581,,54.82296676009593,
794.0,8.049348230912475,8.049348230912475,0.056010837851091254,-1,55.10535775519908,54.962485345075905,0.285744819895676,55.0,,,55.10535775519908,,55.03591156184926,,54.96248534485917,,54.889059128168604,,54.819612935303404,
795.0,8.019203910614525,8.019203910614525,0.05608657127769305,-1,55.11221053368892,54.964263603498196,0.2958938600391363,55.0,,,55.11221053368892,,55.040728670704596,,54.96426360328664,,54.88779853616106,,54.81631667364979,
796.0,8.049348230912475,8.049348230912475,0.0561544204785715,-1,55.118890002930286,54.96589970699857,0.30598059152928414,55.0,,,55.118890002930286,,55.045387673412336,,54.965899706792065,,54.886411740457184,,54.812909411401,
797.0,8.049348230912475,8.049348230912475,0.05623035487201544,-1,55.125613606468946,54.967611701400486,0.31600380981076626,55.0,,,55.125613606468946,,55.05010620161858,,54.967611701198905,,54.885117201057795,,54.80960979665818,
798.0,8.067923649906888,8.067923649906888,0.056306262919181956,-1,55.132271685679285,54.969288757636754,0.3259658557666967,55.0,,,55.132271685679285,,55.05477389978835,,54.96928875743999,,54.88380361536355,,54.80630582991259,
799.0,8.133100558659219,8.133100558659219,0.05638700223369908,-1,55.13893065737575,54.97099703365551,0.3358672471297339,55.0,,,55.13893065737575,,55.05945695356793,,54.97099703346344,,54.88253711362438,,54.80306341024602,
800.0,8.17970204841713,8.17970204841713,0.05648478375850945,-1,55.14575521399951,54.97290043078844,0.3457095661187921,55.0,,,55.14575521399951,,55.064319562993795,,54.972900430600966,,54.88148129846723,,54.800045647880715,
801.0,8.312499999999991,8.312499999999991,0.05659443713754748,-1,55.15267387511102,54.97492534137284,0.3554970671802664,55.0,,,55.15267387511102,,55.06928909301809,,54.97492534118984,,54.88056158961449,,54.797176807930754,
802.0,8.496461824953442,8.496461824953442,0.05673861940580737,-1,55.15999100099162,54.97737459489633,0.3652328119015351,55.0,,,55.15999100099162,,55.07466906015646,,54.97737459471771,,54.880080129525815,,54.79475818909008,
803.0,8.633822160148975,8.633822160148975,0.05693052302536006,-1,55.16787978198551,54.980417376528386,0.37492481063212324,55.0,,,55.16787978198551,,55.08063058005492,,54.980417376354026,,54.880204172894096,,54.79295497135339,
804.0,8.836685288640595,8.836685288640595,0.05715716893290223,-1,55.17615875287497,54.98386681494351,0.3845838755875448,55.0,,,55.17615875287497,,55.0869894288253,,54.98386681477331,,54.88074420095653,,54.791574877287424,
805.0,8.936568901303545,8.936568901303545,0.057435644926047594,-1,55.18505385599873,54.987944938887516,0.39421783395363263,55.0,,,55.18505385599873,,55.093969561337424,,54.987944938721384,,54.881920316334934,,54.7908360220451,
806.0,9.045903165735568,9.045903165735568,0.05773769791698927,-1,55.194177446233624,54.99225836245141,0.40383816730204103,55.0,,,55.194177446233624,,55.10118044486221,,54.992258362289256,,54.88333627994041,,54.79033927893158,
807.0,9.22383612662942,9.22383612662942,0.05806548762620502,-1,55.203556443230205,54.99683143284309,0.41345002051814106,55.0,,,55.203556443230205,,55.10864772311191,,54.9968314326848,,54.88501514247644,,54.790106422712064,
808.0,9.423277467411545,9.423277467411545,0.05843710481751911,-1,55.21343213711935,55.001902662595285,0.42305894879815753,55.0,,,55.21343213711935,,55.116611316679816,,55.001902662440784,,54.887194008415264,,54.79037318832119,
809.0,9.542062383612668,9.542062383612668,0.05885781233410584,-1,55.223870100530064,55.00753290093117,0.4326743989538002,55.0,,,55.223870100530064,,55.125134462009875,,55.00753290078037,,54.889931339759265,,54.791195701576264,
810.0,9.703212290502794,9.703212290502794,0.05930509806638594,-1,55.234560950593405,55.01340752421182,0.44230685252501445,55.0,,,55.234560950593405,,55.13390519719572,,55.01340752406463,,54.892909851136956,,54.79225409806839,
811.0,9.901187150837996,9.901187150837996,0.059790036271747164,-1,55.24565168410298,55.0196708118591,0.4519617442553141,55.0,,,55.24565168410298,,55.14306922474087,,55.019670811715436,,54.89627239888854,,54.79368993984767,
812.0,10.061359404096832,10.061359404096832,0.06032213152966624,-1,55.257266408363336,55.026442978711806,0.46164685907618264,55.0,,,55.257266408363336,,55.15274877520911,,55.02644297857158,,54.90013718212783,,54.79561954928715,
813.0,10.206052141527003,10.206052141527003,0.06089040089574406,-1,55.269251738538024,55.033565759386974,0.47137195808064547,55.0,,,55.269251738538024,,55.16278810258445,,55.033565759250116,,54.90434341610492,,54.79787978045738,
814.0,10.299581005586589,10.299581005586589,0.06149003135162924,-1,55.28153936457704,55.04096722000812,0.4811442889216906,55.0,,,55.28153936457704,,55.17311718190675,,55.04096721987455,,54.90881725802696,,54.80039507565535,
815.0,10.497555865921791,10.497555865921791,0.06210641195792188,-1,55.2939298421149,55.0484448612141,0.4909699615906433,55.0,,,55.2939298421149,,55.183535149190256,,55.04844486108373,,54.91335457315737,,54.802959880524256,
816.0,10.681191806331476,10.681191806331476,0.06276793710530709,-1,55.30680565086319,55.056379734189065,0.5008518331423559,55.0,,,55.30680565086319,,55.19442388867173,,55.05637973406183,,54.91833557962776,,54.805953817720834,
817.0,10.839571694599632,10.839571694599632,0.06346999328565078,-1,55.320099885159756,55.06470043954802,0.5107988910225316,55.0,,,55.320099885159756,,55.20571435902467,,55.06470043942384,,54.92368651999461,,54.809300994137224,
818.0,10.969599627560518,10.969599627560518,0.06420494356937036,-1,55.33370578620053,55.07329628219848,0.5208190078080221,55.0,,,55.33370578620053,,55.217297958139085,,55.07329628207727,,54.929294606182935,,54.81288677839251,
819.0,11.096694599627565,11.096694599627565,0.06496432088683304,-1,55.347506767882834,55.08204761772055,0.5309183001331732,55.0,,,55.347506767882834,,55.22905670746562,,55.08204761760227,,54.93503852790238,,54.81658846774966,
820.0,11.314711359404097,11.314711359404097,0.06574679628852022,1,55.361483884728514,55.090933398622425,0.5411009720253759,55.0,,,55.361483884728514,,55.24097075557423,,55.090933398507,,54.94089604159929,,54.82038291270314,
821.0,11.48987430167598,11.48987430167598,0.06657729785793252,1,55.36097816980452,55.10028679359173,0.5213827522432908,55.0,,,55.36097816980452,,55.245877350524836,,55.10028679347907,,54.95469623658899,,54.83959541756123,
822.0,11.68784916201118,11.68784916201118,0.06744309426864521,1,55.36076248553573,55.10992681287373,0.5016713451461001,55.0,,,55.36076248553573,,55.25101111419589,,55.109926812763796,,54.96884251148362,,54.85909114038963,
823.0,11.793435754189945,11.793435754189945,0.068349990326224,1,55.360904359939134,55.11992588128756,0.48195695712956166,55.0,,,55.360904359939134,,55.25644460372071,,55.119925881180265,,54.983407158788076,,54.87894740280957,
824.0,11.850465549348227,11.850465549348227,0.06927122261876677,1,55.36103044909779,55.12991613182451,0.4622286343771549,55.0,,,55.36103044909779,,55.26180966513809,,55.12991613171981,,54.998022598446205,,54.898801814720635,
825.0,12.033286778398512,12.033286778398512,0.0701926167782225,1,55.36094777273413,55.13970675515276,0.44248203499741834,55.0,,,55.36094777273413,,55.2669167405165,,55.1397067550506,,55.012496769725864,,54.91846573773671,
826.0,12.213175046554936,12.213175046554936,0.07114948440767543,1,55.36113573950299,55.14977757742334,0.42271632399796744,55.0,,,55.36113573950299,,55.27224768408203,,55.149777577323654,,55.02730747070303,,54.938419415505024,
827.0,12.410661080074489,12.410661080074489,0.07214036225585374,1,55.3615644084337,55.16010322241632,0.40292237187733093,55.0,,,55.3615644084337,,55.2777769675672,,55.16010322231905,,55.04242947720532,,54.95864203655637,
828.0,12.61433891992552,12.61433891992552,0.07316964296576876,1,55.36228353051412,55.17073772967963,0.3830916015153889,55.0,,,55.36228353051412,,55.28355851049447,,55.17073772958471,,55.0579169488061,,54.97919192899873,
829.0,12.780377094972064,12.780377094972064,0.07423843449485784,1,55.36329708561978,55.18168978881228,0.3632145934651376,55.0,,,55.36329708561978,,55.289600569323625,,55.18168978871965,,55.07377900824366,,55.00008249215464,
830.0,12.949022346368714,12.949022346368714,0.07533525285202208,1,55.36443918542281,55.1927982481677,0.3432818743639885,55.0,,,55.36443918542281,,55.295741447130034,,55.19279824807733,,55.089855049149506,,55.02115731105882,
831.0,13.111149906890128,13.111149906890128,0.07646024929273688,1,55.36570542789685,55.2040619864184,0.3232868828142088,55.0,,,55.36570542789685,,55.301980115468055,,55.20406198633023,,55.10614385731425,,55.04241854508264,
832.0,13.251769087523282,13.251769087523282,0.07761093949552939,1,55.36705598469573,55.21544439274842,0.30322318375540647,55.0,,,55.36705598469573,,55.30828000366072,,55.21544439266239,,55.122608781782944,,55.063832800940325,
833.0,13.40314245810056,13.40314245810056,0.07878051543541584,1,55.36839387976752,55.22685133770119,0.2830850839968235,55.0,,,55.36839387976752,,55.314547128349524,,55.226851337617255,,55.139155547000975,,55.08530879577069,
834.0,13.52192737430168,13.52192737430168,0.0799715685190504,1,55.36975155835344,55.23831724256685,0.26286863144066785,55.0,,,55.36975155835344,,55.32081641915397,,55.23831724248495,,55.155818065929104,,55.106882926912775,
835.0,13.692039106145248,13.692039106145248,0.08117407744258605,1,55.37099058140074,55.24970588784679,0.24256938697861585,55.0,,,55.37099058140074,,55.326951973259405,,55.24970588776689,,55.172459802384786,,55.128421194422124,
836.0,13.83314711359404,13.83314711359404,0.08240253763838487,1,55.372306835359396,55.26121414774845,0.2221853750957763,55.0,,,55.372306835359396,,55.33315153407953,,55.2612141476705,,55.18927676136917,,55.15012146026362,
837.0,14.067946927374296,14.067946927374296,0.08364789057978492,1,55.373573215471055,55.272717550113896,0.2017113305912659,55.0,,,55.373573215471055,,55.339290611662605,,55.27271755003786,,55.20614448851819,,55.17186188487979,
838.0,14.192597765363132,14.192597765363132,0.08493708126944911,1,55.37515136912564,55.28457925387827,0.18114423037471283,55.0,,,55.37515136912564,,55.345732847598995,,55.28457925380409,,55.22342566011169,,55.194007138750926,
839.0,14.349022346368718,14.349022346368718,0.08623699676357889,1,55.376583303262684,55.29634585263875,0.160474901130776,55.0,,,55.376583303262684,,55.35202371501953,,55.29634585256639,,55.24066799021325,,55.21610840213191,
840.0,14.52793296089386,14.52793296089386,0.0875565423441158,1,55.37799027567609,55.308139258605095,0.1397020340277919,55.0,,,55.37799027567609,,55.358285917382744,,55.308139258534496,,55.2579925997838,,55.2382882416483,
841.0,14.699837057728113,14.699837057728113,0.08890182682267657,1,55.37945240895664,55.32004124125716,0.11882233528753261,55.0,,,55.37945240895664,,55.364601468403265,,55.320041241188314,,55.27548101406851,,55.260630073669105,
842.0,14.76843575418995,14.76843575418995,0.09027018731990871,1,55.38092933034972,55.33201372727348,0.09783120604382134,55.0,,,55.38092933034972,,55.37093216115664,,55.332013727206316,,55.2930952933488,,55.2830981243059,
843.0,14.998021415270015,14.998021415270015,0.09163038669357464,1,55.38199679118781,55.343634398738196,0.07672478479322109,55.0,,,55.38199679118781,,55.376855679352964,,55.34363439867269,,55.31041311808294,,55.30527200639459,
844.0,15.106052141527002,15.106052141527002,0.09303006235015468,1,55.383305485003255,55.35555223569897,0.055506498505174307,55.0,,,55.383305485003255,,55.383022789882624,,55.35555223563508,,55.32808168147583,,55.32779898649808,
845.0,15.242434823091257,15.242434823091257,0.0944322341183487,1,55.38892822391596,55.36726295915472,0.04333052956099692,55.0,,,55.384347382763806,,55.38892822391596,,55.36726295909241,,55.345597694354964,,55.35017853564648,
846.0,15.461592178770951,15.461592178770951,0.09584502038446961,1,55.394686682210185,55.37888014120085,0.03161308205623925,55.0,,,55.385236622399766,,55.394686682210185,,55.37888014114007,,55.363073600153946,,55.37252366010028,
847.0,15.62355679702048,15.62355679702048,0.0972928090245907,1,55.400629298930596,55.390734277144055,0.019790043609731356,55.0,,,55.38630335343891,,55.400629298930596,,55.390734277084775,,55.380839255320865,,55.395165200945094,
848.0,15.77150837988827,15.77150837988827,0.09875773986071812,1,55.417860815622156,55.40257992980651,0.030561771537762183,55.0,,,55.38729904408439,,55.406509861060876,,55.402579929748704,,55.39864999851641,,55.417860815622156,
849.0,15.96003258845438,15.96003258845438,0.10023508753734714,1,55.440547994488035,55.414353600440606,0.052388788003639775,55.0,,,55.388159206484396,,55.41226510865954,,55.41435360038424,,55.416442092186834,,55.440547994488035,
850.0,16.16387337057728,16.16387337057728,0.10173667359253437,1,55.463387889298396,55.426216028211,0.0743437220858425,55.0,,,55.38904416721255,,55.41805627610722,,55.426216028156034,,55.4343757802808,,55.463387889298396,
851.0,16.290805400372445,16.290805400372445,0.10326659201086066,1,55.4864355903475,55.438220583110024,0.09643001438822552,55.0,,,55.39000557595927,,55.42393654261657,,55.43822058305641,,55.45250462357033,,55.4864355903475,
852.0,16.350279329608938,16.350279329608938,0.1048008399310486,1,55.509366938934306,55.450040976118586,0.11865192554684256,55.0,,,55.390715013387464,,55.42957918948133,,55.450040976066326,,55.47050276272356,,55.509366938934306,
853.0,16.534404096834262,16.534404096834262,0.10631849758496939,1,55.53190314384598,55.46139905146157,0.14100818468635623,55.0,,,55.390894959159624,,55.43470698581573,,55.4613990514106,,55.48809111707591,,55.53190314384598,
854.0,16.732216014897578,16.732216014897578,0.10785749283512075,1,55.554561587518,55.47281519362565,0.16349278770430686,55.0,,,55.391068799813695,,55.439842406639066,,55.472815193575954,,55.505787980581516,,55.554561587518,
855.0,16.917481378026075,16.917481378026075,0.10942151044842208,1,55.577392028939315,55.48433787870623,0.18610830038777237,55.0,,,55.39128372855154,,55.445033857541304,,55.48433787865778,,55.52364189984122,,55.577392028939315,
856.0,17.04897579143389,17.04897579143389,0.11100615213291493,1,55.60033470329961,55.49590569126792,0.20885802398694153,55.0,,,55.39147667931267,,55.450219640880185,,55.49590569122069,,55.541591741626476,,55.60033470329961,
857.0,17.19904562383613,17.19904562383613,0.11259434186380675,1,55.62315972175362,55.50728763491783,0.23174417359707888,55.0,,,55.391415548156544,,55.455168722800956,,55.50728763487178,,55.55940654700624,,55.62315972175362,
858.0,17.348463687150833,17.348463687150833,0.11419148299491946,1,55.645942805405824,55.51856026986441,0.2547650710101834,55.0,,,55.39117773439564,,55.45995857728367,,55.51856026981952,,55.5771619624174,,55.645942805405824,
859.0,17.50179236499069,17.50179236499069,0.11579699181691153,1,55.66867805060273,55.529717939217036,0.2779202227005513,55.0,,,55.39075782790218,,55.4645841482942,,55.52971793917328,,55.59485173011283,,55.66867805060273,
860.0,17.73789571694599,17.73789571694599,0.11741171174410736,1,55.69137881352324,55.54077432962513,0.30120896772718453,55.0,,,55.39016984579605,,55.46905974760175,,55.54077432958246,,55.61248891162213,,55.69137881352324,
861.0,17.869716014897584,17.869716014897584,0.11906104551633968,1,55.71438916581679,55.552073767116646,0.3246307973329863,55.0,,,55.389758368483804,,55.47373027162877,,55.55207376707506,,55.63041726257882,,55.71438916581679,
862.0,18.0207635009311,18.0207635009311,0.12071180256564817,1,55.73725951752937,55.56316412756655,0.3481907798600261,55.0,,,55.38906873766934,,55.47814275461328,,55.56316412752601,,55.64818550049476,,55.73725951752937,
863.0,18.20505121042831,18.20505121042831,0.12236971200275654,1,55.760070094014424,55.57412682929451,0.3718865293758995,55.0,,,55.388183564638524,,55.48237961266833,,55.57412682925498,,55.665874045896246,,55.760070094014424,
864.0,18.29906890130353,18.29906890130353,0.12404486693391675,1,55.78295890502563,55.5851004470264,0.39571691593613423,55.0,,,55.387241989089496,,55.486580093163475,,55.58510044698788,,55.68362080086552,,55.78295890502563,
865.0,18.44180633147114,18.44180633147114,0.1257084151912752,1,55.805537501288406,55.59569600202707,0.419682998461937,55.0,,,55.38585450282647,,55.49035532986348,,55.59569600198952,,55.70103667416745,,55.805537501288406,
866.0,18.691759776536312,18.691759776536312,0.12737559239258944,1,55.82801614502564,55.60612641824663,0.4437794534988271,55.0,,,55.384236691526816,,55.49391993829254,,55.60612641821004,,55.718332898178105,,55.82801614502564,
867.0,18.810544692737437,18.810544692737437,0.1290800295100743,1,55.850850347766844,55.616848180091914,0.46800433529215724,55.0,,,55.38284601247469,,55.497731246361745,,55.61684818005626,,55.73596511380005,,55.850850347766844,
868.0,18.94953445065177,18.94953445065177,0.1307794855184167,1,55.87346774859118,55.627286240628656,0.49236301586881837,55.0,,,55.38110473272236,,55.50121321269324,,55.62728624059391,,55.753359268542596,,55.87346774859118,
869.0,19.10791433891993,19.10791433891993,0.1324801993877736,1,55.89595616646328,55.63753039554405,0.5168515417836517,55.0,,,55.37910462467963,,55.50445694434369,,55.63753039551019,,55.77060384672348,,55.89595616646328,
870.0,19.26629422718808,19.26629422718808,0.13418810644484827,-1,55.91839820463739,55.647664535270756,0.5414673386798725,55.0,,,55.37693086595752,,55.50754729386861,,55.64766453523776,,55.787781776652494,,55.91839820463739,
871.0,19.42467411545624,19.42467411545624,0.13590290449911624,-1,55.91018873245599,55.657686810414226,0.5050038440314921,55.0,,,55.4051848884245,,55.5257843643301,,55.657686810382074,,55.78958925647847,,55.91018873245599,
872.0,19.5830540037244,19.5830540037244,0.137624300092004,-1,55.90187811844932,55.6675955265942,0.4685651836595284,55.0,,,55.43331293478979,,55.5440161595686,,55.66759552656287,,55.79117489360043,,55.90187811844932,
873.0,19.764082867783987,19.764082867783987,0.13935200846224893,-1,55.893463375933614,55.67738914084657,0.4321484701246803,55.0,,,55.46131490580893,,55.562236840855824,,55.67738914081605,,55.79254144081844,,55.893463375933614,
874.0,19.93240223463688,19.93240223463688,0.1410930528265678,-1,55.88504015684334,55.6871646101139,0.39575109341072334,55.0,,,55.489289063432615,,55.580539214221695,,55.68716461008417,,55.793790005987724,,55.88504015684334,
875.0,20.070414338919925,20.070414338919925,0.14284298093533,-1,55.87654680112718,55.696862310687514,0.3593689808324285,55.0,,,55.517177820294755,,55.59886007677885,,55.696862310658545,,55.79486454457827,,55.87654680112718,
876.0,20.30325884543761,20.30325884543761,0.14459167563423314,-1,55.867847161588365,55.70634749355467,0.3229993360217236,55.0,,,55.54484782556664,,55.61706098012627,,55.70634749352643,,55.795634006965585,,55.867847161588365,
877.0,20.458216945996277,20.458216945996277,0.14636978123712327,-1,55.859358325625784,55.716037357539946,0.28664193612715394,55.0,,,55.57271638949863,,55.63555496712791,,55.71603735751245,,55.79651974793498,,55.859358325625784,
878.0,20.555819366852887,20.555819366852887,0.1481514030217319,-1,55.85072361638075,55.72557885879648,0.2502895151251536,55.0,,,55.600434101255594,,55.653986780171024,,55.725578858769694,,55.79717093740538,,55.85072361638075,
879.0,20.69171322160149,20.69171322160149,0.14991756787850857,-1,55.841689916265516,55.73471934794295,0.21394113660289094,55.0,,,55.627748779662625,,55.67210015162732,,55.73471934791685,,55.797338544242436,,55.841689916265516,
880.0,20.824022346368725,20.824022346368725,0.15168081845325787,-1,55.83243613908351,55.74363592703046,0.17760042406494847,55.0,,,55.654835715018564,,55.69006758380884,,55.743635927005045,,55.797204270236364,,55.83243613908351,
881.0,20.99494878957169,20.99494878957169,0.15343984512472467,-1,55.82294954044915,55.75231547313435,0.1412681345895095,55.0,,,55.68168140585964,,55.707872219560855,,55.7523154731096,,55.796758726692545,,55.82294954044915,
882.0,21.093202979515823,21.093202979515823,0.15520724479747905,-1,55.81340522078553,55.76093250693295,0.10494542766611659,55.0,,,55.70845979311942,,55.72568489084002,,55.76093250690884,,55.79618012301098,,55.81340522078553,
883.0,21.25500465549348,21.25500465549348,0.15695880124434897,-1,55.80347732248355,55.76916199830707,0.0686306483149366,55.0,,,55.734846674168615,,55.74317772453488,,55.769161998283586,,55.79514627206474,,55.80347732248355,
884.0,21.456890130353827,21.456890130353827,0.15871556229138373,-1,55.79395273782024,55.77729537722536,0.03331472120390799,55.0,,,55.76113145471472,,55.76063801661633,,55.777295377202485,,55.79395273782024,,55.79345929977303,
885.0,21.69820763500931,21.69820763500931,0.16049062852125204,-1,55.79278078882517,55.78551110432918,0.014539369005767355,55.0,,,55.78749297017365,,55.7782414198194,,55.7855111043069,,55.79278078882517,,55.783529238520764,
886.0,21.848929236499075,21.848929236499075,0.16229680667602941,-1,55.81410392604044,55.79398007601257,0.04024770002060052,55.0,,,55.81410392604044,,55.7961568691813,,55.79398007599088,,55.79180328283043,,55.77385622601984,
887.0,22.04690409683426,22.04690409683426,0.16410337635189626,-1,55.840548450196145,55.80228324549987,0.07653040935834099,55.0,,,55.840548450196145,,55.81396416879049,,55.80228324547875,,55.790602322196186,,55.764018040837804,
888.0,22.214897579143397,22.214897579143397,0.1659260298045146,-1,55.86704091026506,55.81063540177291,0.11281101695098528,55.0,,,55.86704091026506,,55.8318752825314,,55.81063540175234,,55.78939552100171,,55.754229893314076,
889.0,22.3125,22.3125,0.1677543887001241,-1,55.89344178804877,55.818895716123436,0.14909214381823688,55.0,,,55.89344178804877,,55.849747532918684,,55.818895716103405,,55.7880438993158,,55.74434964423053,
890.0,22.49906890130354,22.49906890130354,0.16956455215147392,-1,55.91943096326464,55.82674399984079,0.1853739268161334,55.0,,,55.91943096326464,,55.86725837001526,,55.82674399982128,,55.78622962965425,,55.734057036448505,
891.0,22.675861266294238,22.675861266294238,0.17138665613123705,-1,55.945420159833276,55.834594632552374,0.22165105453105127,55.0,,,55.945420159833276,,55.88481854791401,,55.83459463253339,,55.784370717179,,55.723769105302225,
892.0,22.84841713221602,22.84841713221602,0.17321714963094526,-1,55.971362207086315,55.84239972001255,0.25792497411758575,55.0,,,55.971362207086315,,55.90237832646341,,55.84239971999407,,55.782421113550264,,55.71343723296873,
893.0,22.97437150837988,22.97437150837988,0.1750543947248774,-1,55.997236225339506,55.85013811261409,0.2941962254216932,55.0,,,55.997236225339506,,55.91991457851613,,55.85013811259609,,55.78036164670092,,55.70303999991781,
894.0,23.106843575419,23.106843575419,0.17688233756867827,-1,56.022827290864065,55.85759484583822,0.330464890023336,55.0,,,56.022827290864065,,55.93721033717797,,55.85759484582069,,55.77797935448762,,55.69236240084073,
895.0,23.29096834264432,23.29096834264432,0.17870322145553824,-1,56.04816954610836,55.86480583580251,0.36672742058408403,55.0,,,56.04816954610836,,55.954298693190175,,55.864805835785454,,55.775312978404294,,55.68144212552428,
896.0,23.407635009310987,23.407635009310987,0.1805347274529905,-1,56.073504666424775,55.87201428387457,0.4029807650735293,55.0,,,56.073504666424775,,55.971420221672524,,55.87201428385796,,55.772608346066335,,55.670523901351245,
897.0,23.59827746741156,23.59827746741156,0.18235349522535677,-1,56.09851835207284,55.87890548090595,0.439225742307606,55.0,,,56.09851835207284,,55.98825862851429,,55.87890548088978,,55.769552333287606,,55.65929260976523,
898.0,23.6963687150838,23.6963687150838,0.18418506437239784,-1,56.123558946665575,55.885829959742864,0.4754579738199354,55.0,,,56.123558946665575,,56.0051616390425,,55.885829959727126,,55.7664982804335,,55.64810097284564,
899.0,23.794134078212284,23.794134078212284,0.18599727725998075,-1,56.14819308664767,55.89235375152511,0.51167867022032,55.0,,,56.14819308664767,,56.02169393841378,,55.89235375150979,,55.76301356462697,,55.63651441642735,
900.0,23.91992551210428,23.91992551210428,0.187790208546522,1,56.1724269403755,55.89848595629652,0.5478819681338152,55.0,,,56.1724269403755,,56.03786158501148,,55.89848595628161,,55.75911032757235,,55.62454497224169,
901.0,23.975814711359405,23.975814711359405,0.1895737606073471,1,56.1535719428282,55.90436791033521,0.4984080649624971,55.0,,,56.1535719428282,,56.03238944496346,,55.904367910320694,,55.77634637569798,,55.655163877865704,
902.0,23.985102420856613,23.985102420856613,0.19132376603795015,1,56.13425338331691,55.909679033778865,0.4491486990532323,55.0,,,56.13425338331691,,56.0262528772515,,55.90967903376474,,55.79310519029748,,55.68510468426368,
903.0,23.985102420856613,23.985102420856613,0.19302449460826743,1,56.11427300811601,55.914218906336416,0.4001082035369379,55.0,,,56.11427300811601,,56.01925955536805,,55.914218906322674,,55.809178257296274,,55.71416480457907,
904.0,23.985102420856613,23.985102420856613,0.1946734365793427,1,56.093616630946656,55.91796929109379,0.3512946796840879,55.0,,,56.093616630946656,,56.01139999077005,,55.91796929108041,,55.824538591409244,,55.74232195126257,
905.0,23.985102420856613,23.985102420856613,0.19627137213644122,1,56.07231502762136,55.92095664844034,0.30271675834097067,55.0,,,56.07231502762136,,56.00270925541574,,55.92095664842732,,55.83920404145688,,55.76959826928039,
906.0,23.985102420856613,23.985102420856613,0.19781909377479392,1,56.05039847126162,55.92320707011813,0.254382802266484,55.0,,,56.05039847126162,,55.9932217274956,,55.92320707010546,,55.85319241273281,,55.79601566899514,
907.0,23.985102420856613,23.985102420856613,0.19931740478273746,1,56.02789671713664,55.924746266230386,0.20630090179256655,55.0,,,56.02789671713664,,55.98297108670129,,55.92474626621806,,55.86652144575184,,55.821595815344075,
908.0,23.992271880819366,23.992271880819366,0.2007671177955638,1,56.00483898915501,55.925599553465155,0.15847887136030891,55.0,,,56.00483898915501,,55.971990310630076,,55.92559955345316,,55.8792087962928,,55.8463601177947,
909.0,24.017690875232773,24.017690875232773,0.20217153920412861,1,55.98128746176687,55.925825338318575,0.11092424687769409,55.0,,,55.98128746176687,,55.960345166103565,,55.92582533830691,,55.891305510526365,,55.870363214889174,
910.0,23.99650837988827,23.99650837988827,0.2035377819888951,1,55.95735399346365,55.92553213797686,0.06364371095520482,55.0,,,55.95735399346365,,55.94815109446479,,55.925532137965504,,55.90291318148189,,55.893710282508444,
911.0,23.985102420856613,23.985102420856613,0.20485035874163499,1,55.93521618053085,55.9245217566611,0.021388847746344197,55.0,,,55.93284287533172,,55.93521618053085,,55.92452175665005,,55.91382733278451,,55.916200638008355,
912.0,23.985102420856613,23.985102420856613,0.20611362912970965,1,55.93790327579944,55.92286742457787,0.030071702425750857,55.0,,,55.90783157337369,,55.921620601659384,,55.92286742456712,,55.924114247489705,,55.93790327579944,
913.0,23.985102420856613,23.985102420856613,0.20733245883317014,1,55.958893093419015,55.92064771073289,0.07649076535532373,55.0,,,55.88240232806369,,55.90744939644224,,55.920647710722434,,55.93384602501707,,55.958893093419015,
914.0,23.985102420856613,23.985102420856613,0.20850769022461774,1,55.97918979897183,55.917885386378714,0.12260882516977034,55.0,,,55.85658097380206,,55.89273131163941,,55.91788538636854,,55.94303946111172,,55.97918979897183,
915.0,24.008729050279328,24.008729050279328,0.20964016672149577,1,55.99881279462687,55.91460277685517,0.16842003552739726,55.0,,,55.830392759099475,,55.87749439396451,,55.914602776845264,,55.95171115973969,,55.99881279462687,
916.0,24.017690875232773,24.017690875232773,0.21073892482151219,1,56.017891565400994,55.91093215125112,0.2139188282841502,55.0,,,55.803972737116844,,55.86187638711176,,55.9109321512415,,55.95998791538453,,56.017891565400994,
917.0,23.985102420856613,23.985102420856613,0.21179957551416256,1,56.03637308038953,55.906822209538305,0.2591017416872816,55.0,,,55.77727133870225,,55.84583076774605,,55.90682220952894,,55.96781365132476,,56.03637308038953,
918.0,23.985102420856613,23.985102420856613,0.21280849361786885,1,56.05408042655824,55.902098238488655,0.3039643761244122,55.0,,,55.750116050433824,,55.82918766679111,,55.90209823847954,,55.97500881018056,,56.05408042655824,
919.0,23.985102420856613,23.985102420856613,0.21377802287514713,1,56.07118865429931,55.89693896316012,0.34849938226403054,55.0,,,55.72268927203528,,55.812131233105475,,55.89693896315126,,55.98174669320928,,56.07118865429931,
920.0,23.985102420856613,23.985102420856613,0.21470899911672908,1,56.08771557977309,55.89136443902678,0.3927022814786838,55.0,,,55.695013298294406,,55.79468608088624,,55.89136443901815,,55.98804279716196,,56.08771557977309,
921.0,23.985102420856613,23.985102420856613,0.21560225431749874,1,56.1036786937162,55.88539426447746,0.43656885846389315,55.0,,,55.667109835252305,,55.776876155401844,,55.88539426446908,,55.993912373547886,,56.1036786937162,
922.0,23.985102420856613,23.985102420856613,0.21645861595022234,1,56.119095159983296,55.87904758134131,0.48009515727077456,55.0,,,55.63900000271252,,55.75872474012762,,55.87904758133315,,55.99937042254994,,56.119095159983296,
923.0,23.999604283054005,23.999604283054005,0.21727890638221936,1,56.133981814528575,55.87234307598103,0.523277477082253,55.0,,,55.61070433744632,,55.74025446431636,,55.87234307597309,,56.00443168764078,,56.133981814528575,
924.0,23.996182495344502,23.996182495344502,0.21806897066118563,1,56.14842291748364,55.865366733597206,0.5661123677603896,55.0,,,55.58231054972325,,55.72155506364591,,55.86536673358948,,56.009178403543714,,56.14842291748364,
925.0,24.013617318435752,24.013617318435752,0.21882331349834847,1,56.16234885619767,55.85805000113328,0.6085977101166264,55.0,,,55.55375114608104,,55.702561278350814,,55.85805000112577,,56.0135387239111,,56.16234885619767,
926.0,24.017690875232773,24.017690875232773,0.21954999343527398,1,56.175873458310406,55.85050833658373,0.6507302434415365,55.0,,,55.52514321486887,,55.68339202291739,,55.850508336576425,,56.01762465024555,,56.175873458310406,
927.0,24.017690875232773,24.017690875232773,0.22024506433949015,1,56.18894736428811,55.842693112941035,0.6925085026826707,55.0,,,55.49643886160544,,55.66400156409947,,55.84269311293393,,56.02138466177819,,56.18894736428811,
928.0,24.017690875232773,24.017690875232773,0.22090787700904482,1,56.20156621430101,55.834601108800584,0.7339302109896622,55.0,,,55.46763600331135,,55.64438966390792,,55.834601108793684,,56.02481255368898,,56.20156621430101,
929.0,24.017690875232773,24.017690875232773,0.22153921308204613,1,56.213744950344385,55.82624844717496,0.7749930063279606,55.0,,,55.438751944016424,,55.62457534341766,,55.826248447168254,,56.02792155092811,,56.213744950344385,
930.0,24.017690875232773,24.017690875232773,0.22213984609061127,-1,56.22549819081499,55.81765081616227,0.8156947492948703,55.0,,,55.40980344152012,,55.60457703143804,,55.817650816155734,,56.030724600882444,,56.22549819081499,
931.0,23.985102420856613,23.985102420856613,0.2227105411296051,-1,56.186179519915434,55.808823473268134,0.7547120932843185,55.0,,,55.431467426631116,,55.6097429303156,,55.80882347326178,,56.007904016216735,,56.186179519915434,
932.0,23.985102420856613,23.985102420856613,0.22324075319173087,-1,56.1468415294533,55.79962897385849,0.694425111179612,55.0,,,55.452416418273685,,55.61455022838781,,55.799628973852315,,55.98470771932534,,56.1468415294533,
933.0,24.00449255121043,24.00449255121043,0.22374273530732058,-1,56.10765488300014,55.79023983376375,0.6348300984630555,55.0,,,55.47282478453708,,55.61916259916464,,55.79023983375774,,55.961317068359136,,56.10765488300014,
934.0,23.99129422718808,23.99129422718808,0.22422394877901766,-1,56.068720805922084,55.78076051948277,0.5759205728691583,55.0,,,55.492800233052925,,55.6236768108545,,55.78076051947693,,55.93784422810743,,56.068720805922084,
935.0,24.01687616387337,24.01687616387337,0.22467370001003087,-1,56.029893023133205,55.77104876553184,0.5176885151935409,55.0,,,55.512204507939664,,55.62794371934876,,55.77104876552615,,55.914153811711394,,56.029893023133205,
936.0,23.985102420856613,23.985102420856613,0.22510623886126496,-1,55.99136565205543,55.761301271971455,0.4601287601590016,55.0,,,55.53123689189643,,55.632152847186646,,55.76130127196593,,55.89044969675284,,55.99136565205543,
937.0,23.985102420856613,23.985102420856613,0.22550222293739342,-1,55.95287461673403,55.751258138565824,0.40323295632771305,55.0,,,55.549641660406316,,55.636038310895536,,55.75125813856045,,55.86647796623278,,55.95287461673403,
938.0,23.985102420856613,23.985102420856613,0.225873568384616,-1,55.91458470892589,55.741085897246776,0.3469976233497576,55.0,,,55.56758708557613,,55.639759818191195,,55.741085897241554,,55.84241197629912,,55.91458470892589,
939.0,23.985102420856613,23.985102420856613,0.22622096326389285,-1,55.876504736463836,55.73079642709247,0.29141661873450886,55.0,,,55.58508811772933,,55.64332344921515,,55.73079642708739,,55.818269404966635,,55.876504736463836,
940.0,23.985102420856613,23.985102420856613,0.2265450852162786,-1,55.83864315356074,55.720401226818254,0.23648385347698309,55.0,,,55.602159300083756,,55.64673523641437,,55.72040122681331,,55.794067217219066,,55.83864315356074,
941.0,23.995367783985103,23.995367783985103,0.22684660136828755,-1,55.80100806519705,55.70991142118504,0.18219328801625068,55.0,,,55.6188147771808,,55.65000115658084,,55.70991142118024,,55.76982168578626,,55.80100806519705,
942.0,24.017690875232773,24.017690875232773,0.22712972742214177,-1,55.7636551885376,55.69938572424326,0.12853892858112914,55.0,,,55.63511625995647,,55.6531750802777,,55.69938572423858,,55.745596368205916,,55.7636551885376,
943.0,24.017690875232773,24.017690875232773,0.2273992280213643,-1,55.72664606163837,55.68888906050252,0.07551400226434168,55.0,,,55.65113205937403,,55.65631758622001,,55.68888906049798,,55.72146053478222,,55.72664606163837,
944.0,24.017690875232773,24.017690875232773,0.22764785714856364,-1,55.69731979900174,55.67832320960499,0.03799317879624198,55.0,,,55.66676778326828,,55.6593266202055,,55.67832320960056,,55.69731979900174,,55.689878635948844,
945.0,24.011987895716945,24.011987895716945,0.22787623971111248,-1,55.68203613398779,55.66769798925808,0.028676289452469916,55.0,,,55.68203613398779,,55.6622079705745,,55.66769798925378,,55.673188007939004,,55.65335984453532,
946.0,23.985102420856613,23.985102420856613,0.22808301181896873,-1,55.69692280232346,55.65699622150637,0.07985316162743317,55.0,,,55.69692280232346,,55.66494068456267,,55.65699622150218,,55.64905175844747,,55.61706964069603,
947.0,23.985102420856613,23.985102420856613,0.22826146785945384,-1,55.71134161221228,55.646129100265,0.13042502388796606,55.0,,,55.71134161221228,,55.667432312087435,,55.64612910026094,,55.624825888440064,,55.580916588324314,
948.0,23.985102420856613,23.985102420856613,0.22842169098687337,-1,55.72543356487135,55.63523582761977,0.18039547449675553,55.0,,,55.72543356487135,,55.66981823257714,,55.63523582761582,,55.60065342265996,,55.5450380903746,
949.0,23.985102420856613,23.985102420856613,0.22856426305705643,-1,55.73920990681003,55.624324771851,0.2297702699118247,55.0,,,55.73920990681003,,55.67210375829423,,55.624324771847164,,55.576545785405415,,55.50943963689821,
950.0,23.985102420856613,23.985102420856613,0.2286897551608473,-1,55.75268155658815,55.61340398714651,0.2785551388772305,55.0,,,55.75268155658815,,55.67429409914608,,55.613403987142775,,55.55251387514464,,55.47412641771092,
951.0,23.985102420856613,23.985102420856613,0.22879872765460943,-1,55.76585911216571,55.60248122035741,0.32675578361070023,55.0,,,55.76585911216571,,55.67639435980099,,55.60248122035378,,55.52856808091161,,55.43910332855501,
952.0,23.985102420856613,23.985102420856613,0.228891730199189,-1,55.77875285813931,55.59156391773151,0.374377880809881,55.0,,,55.77875285813931,,55.678409537168754,,55.59156391772798,,55.5047182982921,,55.40437497732943,
953.0,23.985102420856613,23.985102420856613,0.22896930180674585,-1,55.79137277286528,55.58065923161664,0.4214270824917179,55.0,,,55.79137277286528,,55.680344518224615,,55.580659231613204,,55.480973945006546,,55.36994569037356,
954.0,23.985102420856613,23.985102420856613,0.22903197089490782,-1,55.80372853546936,55.56977402712725,0.4679090166788029,55.0,,,55.80372853546936,,55.68220407815592,,55.56977402712391,,55.45734397609653,,55.33581951879056,
955.0,23.985102420856613,23.985102420856613,0.2290802553477124,-1,55.81582953274324,55.558914888767866,0.5138292879454838,55.0,,,55.81582953274324,,55.68399287881208,,55.55891488876461,,55.43383689872165,,55.30200024479775,
956.0,24.002700186219737,24.002700186219737,0.2291146625828452,-1,55.82768486592792,55.54808812700746,0.5591934778358123,55.0,,,55.82768486592792,,55.68571546743916,,55.54808812700429,,55.41046078657381,,55.26849138809211,
957.0,24.017690875232773,24.017690875232773,0.22914179133404503,-1,55.83938557268674,55.537382000101886,0.6040071451647151,55.0,,,55.83938557268674,,55.68745849098366,,55.53738200009881,,55.38730550921823,,55.23537842752202,
958.0,24.017690875232773,24.017690875232773,0.2291611173056597,-1,55.850925575586324,55.52678700673029,0.6482771377072325,55.0,,,55.850925575586324,,55.689211309515684,,55.5267870067273,,55.36436270394305,,55.20264843787909,
959.0,24.017690875232773,24.017690875232773,0.22916782556390103,-1,55.86224103963329,55.51623602483296,0.6920100295959557,55.0,,,55.86224103963329,,55.690905739537925,,55.51623602483005,,55.341566310126204,,55.170231010037334,
960.0,24.00465549348231,24.00465549348231,0.2291623829796453,1,55.87334006461162,55.50573445604017,0.7352112171383425,55.0,,,55.87334006461162,,55.69254596537028,,55.50573445603733,,55.318922946708305,,55.138128847473276,
961.0,23.985102420856613,23.985102420856613,0.2291407253321736,1,55.83190732246356,55.49522654029179,0.6733615643390962,55.0,,,55.83190732246356,,55.66794400661872,,55.49522654028903,,55.32250907396317,,55.15854575812446,
962.0,23.985102420856613,23.985102420856613,0.22910112124164217,1,55.790877513614575,55.48468907694057,0.6123768733436847,55.0,,,55.790877513614575,,55.64333910044453,,55.48468907693789,,55.32603905343497,,55.17850064027089,
963.0,24.017690875232773,24.017690875232773,0.22905090766528502,1,55.75034342448094,55.47422152207197,0.5522438048137417,55.0,,,55.75034342448094,,55.61883786038801,,55.474221522069364,,55.329605183754325,,55.1980996196672,
964.0,24.017690875232773,24.017690875232773,0.22900181267119935,1,55.710454343567086,55.46398048916137,0.4929477088073284,55.0,,,55.710454343567086,,55.59460322000543,,55.46398048915885,,55.33335775831578,,55.21750663475976,
965.0,24.017690875232773,24.017690875232773,0.22894275319080215,1,55.671047875811745,55.453812067500714,0.4344716166180902,55.0,,,55.671047875811745,,55.5704865183874,,55.453812067498255,,55.33713761661252,,55.236576259193654,
966.0,23.995204841713225,23.995204841713225,0.22887413762189696,1,55.63212115982322,55.44372029311546,0.3768017334116749,55.0,,,55.63212115982322,,55.54649736515223,,55.44372029311306,,55.34094322107722,,55.255319426411546,
967.0,23.985102420856613,23.985102420856613,0.22878856673481196,1,55.593566224688466,55.43360391941469,0.31992461054381494,55.0,,,55.593566224688466,,55.52253973068814,,55.433603919412356,,55.344668108139814,,55.27364161414465,
968.0,23.985102420856613,23.985102420856613,0.22869086348914192,1,55.55544291071609,55.42352842856302,0.2638289643025047,55.0,,,55.55544291071609,,55.4986844346454,,55.42352842856075,,55.34837242247926,,55.291613946413584,
969.0,23.985102420856613,23.985102420856613,0.22858497251486024,1,55.51779751574042,55.413546145212834,0.2085027410516318,55.0,,,55.51779751574042,,55.474988547317565,,55.41354614521063,,55.35210374310677,,55.30929477468879,
970.0,24.0030260707635,24.0030260707635,0.22847126502186033,1,55.48062685994837,55.40366018825948,0.15393334337434084,55.0,,,55.48062685994837,,55.45145941460462,,55.40366018825734,,55.355860961913045,,55.32669351657403,
971.0,23.99276070763501,23.99276070763501,0.22835631785666227,1,55.444011464921736,55.39395722922833,0.10010847138347145,55.0,,,55.444011464921736,,55.42818764379094,,55.393957229226245,,55.35972681466445,,55.343902993538265,
972.0,23.985102420856613,23.985102420856613,0.22823060113755622,1,55.40781250473497,55.38430516448085,0.04701468050499358,55.0,,,55.40781250473497,,55.40504443131282,,55.38430516447882,,55.36356589764764,,55.36079782422998,
973.0,24.017690875232773,24.017690875232773,0.22809542647253522,1,55.38205003427033,55.37472063871942,0.01465879110301671,55.0,,,55.37204119159937,,55.38205003427033,,55.37472063871745,,55.36739124316731,,55.37740008584264,
974.0,24.017690875232773,24.017690875232773,0.2279651323262507,1,55.39390703498475,55.36539548614013,0.057023097686162316,55.0,,,55.33688393729859,,55.359399590033014,,55.36539548613821,,55.371391382246074,,55.39390703498475,
975.0,24.017690875232773,24.017690875232773,0.2278285477408388,1,55.4101698047058,55.35617394819045,0.10799171302770105,55.0,,,55.3021780916781,,55.33693960648405,,55.35617394818859,,55.375408289895724,,55.4101698047058,
976.0,24.017690875232773,24.017690875232773,0.22768599219021082,1,55.4261960419953,55.34705823643837,0.15827561111094468,55.0,,,55.26792043088435,,55.31467500030973,,55.34705823643655,,55.37944147256591,,55.4261960419953,
977.0,24.017690875232773,24.017690875232773,0.22753777698412417,1,55.4419931220551,55.33805040777204,0.20788542856328718,55.0,,,55.234107693491815,,55.29261031968872,,55.338050407770275,,55.38349049585429,,55.4419931220551,
978.0,24.017690875232773,24.017690875232773,0.22738420538683934,1,55.45756815721143,55.32915236912328,0.25683157617355334,55.0,,,55.20073658103788,,55.270749759929366,,55.32915236912156,,55.387554978316146,,55.45756815721143,
979.0,24.017690875232773,24.017690875232773,0.22722557273614588,1,55.47292800553146,55.32036588210046,0.3051242468593074,55.0,,,55.16780375867215,,55.249097178511455,,55.32036588209879,,55.39163458568846,,55.47292800553146,
980.0,24.017690875232773,24.017690875232773,0.22706216656263778,1,55.488079279155365,55.311692567531324,0.35277342324547334,55.0,,,55.13530585590989,,55.22765610955519,,55.3116925675297,,55.39572902550647,,55.488079279155365,
981.0,24.017690875232773,24.017690875232773,0.2268942667091326,1,55.50302835235434,55.303133909915836,0.39978888487448927,55.0,,,55.10323946747985,,55.206429777739075,,55.303133909914244,,55.39983804209162,,55.50302835235434,
982.0,23.985102420856613,23.985102420856613,0.22672214545012834,1,55.517781369324425,55.29469126178965,0.4461802150670735,55.0,,,55.07160115425735,,55.18542111168761,,55.29469126178812,,55.40396141189077,,55.517781369324425,
983.0,23.985102420856613,23.985102420856613,0.2265347668752333,1,55.53219198399701,55.28621358026993,0.4919568074517642,55.0,,,55.040235176545245,,55.164480489120194,,55.28621358026843,,55.407946671418756,,55.53219198399701,
984.0,23.985102420856613,23.985102420856613,0.22634388510548917,1,55.5464226576098,55.27785994975329,0.5371254157106904,55.0,,,55.00929724189911,,55.14376888217576,,55.277859949751836,,55.41195101732994,,55.5464226576098,
985.0,23.985102420856613,23.985102420856613,0.2261497501357323,1,55.56047881741388,55.269631232811435,0.581695169202618,55.0,,,54.97878364821126,,55.12328826757782,,55.26963123281002,,55.415974198044196,,55.56047881741388,
986.0,23.985102420856613,23.985102420856613,0.2259526047596997,1,55.57436568898707,55.261528177563015,0.625675022845904,55.0,,,54.94869066614117,,55.10304037578389,,55.26152817756164,,55.4200159793413,,55.57436568898707,
987.0,23.985102420856613,23.985102420856613,0.2257526846930857,1,55.58808830291291,55.253551421643735,0.6690737625361791,55.0,,,54.91901454037673,,55.083026702071024,,55.2535514216424,,55.42407614121564,,55.58808830291291,
988.0,23.985102420856613,23.985102420856613,0.2255502186960011,1,55.60165150124436,55.24570149608822,0.711900010310174,55.0,,,54.88975149093419,,55.063248517196534,,55.24570149608692,,55.42815447497913,,55.60165150124436,
989.0,23.985102420856613,23.985102420856613,0.2253454286947769,1,55.61505994376017,55.2379788291246,0.7541622292691201,55.0,,,54.86089771449105,,55.04370687765029,,55.23797882912333,,55.43225078059813,,55.61505994376017,
990.0,23.985102420856613,23.985102420856613,0.22513852990306144,-1,55.62831811402098,55.23038374988289,0.7958687282741934,55.0,,,54.832449385746784,,55.02440263551403,,55.23038374988166,,55.436364864251004,,55.62831811402098,
991.0,23.985102420856613,23.985102420856613,0.22492973094216534,-1,55.59008573995372,55.22291649201846,0.7343384958685917,55.0,,,54.85574724408513,,55.031008740582216,,55.22291649201727,,55.41482424345398,,55.59008573995372,
992.0,23.985102420856613,23.985102420856613,0.22471923396060495,-1,55.55243089313893,55.215577197251356,0.6737073917732914,55.0,,,54.87872350136564,,55.03770414238043,,55.21557719725019,,55.39345025212156,,55.55243089313893,
993.0,23.985102420856613,23.985102420856613,0.22450723475281006,-1,55.51534462316364,55.208365918822906,0.6139574086796529,55.0,,,54.90138721448399,,55.044483004676216,,55.20836591882178,,55.3722488329689,,55.51534462316364,
994.0,23.985102420856613,23.985102420856613,0.22429392287695504,-1,55.47881816175799,55.20128262487077,0.5550710737726661,55.0,,,54.923747087985326,,55.05133978845079,,55.20128262486968,,55.35122546129008,,55.47881816175799,
995.0,23.985102420856613,23.985102420856613,0.22407948177187817,-1,55.44284291532042,55.194327201723446,0.49703142719223337,55.0,,,54.945811488128186,,55.0582692356831,,55.19432720172237,,55.33038516776312,,55.44284291532042,
996.0,24.01312849162011,24.01312849162011,0.22386408887306306,-1,55.40741045786377,55.18749945711555,0.43982200149475403,55.0,,,54.967588456369015,,55.065266353991454,,55.18749945711451,,55.30973256023901,,55.40741045786377,
997.0,23.985102420856613,23.985102420856613,0.22365763391623622,-1,55.37264346861908,55.180930067584825,0.38342680206687874,55.0,,,54.9892166665522,,55.07245734634971,,55.180930067583816,,55.289402788819324,,55.37264346861908,
998.0,23.9665270018622,23.9665270018622,0.22344068008324988,-1,55.338265915367415,55.17435191976417,0.3278279912049129,55.0,,,55.0104379241625,,55.07957151252302,,55.17435191976318,,55.269132327004705,,55.338265915367415,
999.0,23.95251396648045,23.95251396648045,0.2232168334142397,-1,55.304320200244135,55.167813778874844,0.27301284273703175,55.0,,,55.0313073575071,,55.08665315502718,,55.16781377887389,,55.24897440272192,,55.304320200244135,
1000.0,23.919925512104285,23.919925512104285,0.22298794128636723,-1,55.2708238168839,55.16133972857963,0.21896817660703505,55.0,,,55.05185564027686,,55.093722387457305,,55.1613397285787,,55.22895706970138,,55.2708238168839,
1001.0,23.88033054003725,23.88033054003725,0.22274780379206374,-1,55.23768532555676,55.15484493577619,0.16568077955967198,55.0,,,55.07200454599709,,55.100690777182706,,55.154844935775294,,55.20899909436912,,55.23768532555676,
1002.0,23.82672253258845,23.82672253258845,0.22249433899721502,-1,55.204871400639654,55.14830176719662,0.11313926688463738,55.0,,,55.091732133755016,,55.10752697769168,,55.148301767195754,,55.189076556701025,,55.204871400639654,
1003.0,23.747532588454376,23.747532588454376,0.22222308337662505,-1,55.17231759288505,55.141651057881276,0.06133307000616384,55.0,,,55.11098452287889,,55.114168231867204,,55.14165105788043,,55.169133883894816,,55.17231759288505,
1004.0,23.6122905027933,23.6122905027933,0.22192566971059802,-1,55.1490641245372,55.1347822390966,0.028563770881703476,55.0,,,55.12965576260438,,55.120500353655494,,55.134782239095784,,55.1490641245372,,55.139908715590174,
1005.0,23.526419925512105,23.526419925512105,0.22158341570328535,-1,55.147502060126115,55.12744798884684,0.040108142557258475,55.0,,,55.147502060126115,,55.12627214970846,,55.127447988846036,,55.1286238279847,,55.10739391756886,
1006.0,23.477374301675976,23.477374301675976,0.22121431533957828,-1,55.164776576109674,55.11990016260802,0.08975282700205156,55.0,,,55.164776576109674,,55.131730762676746,,55.11990016260724,,55.10806956253879,,55.07502374910762,
1007.0,23.414641527001866,23.414641527001866,0.22083167736681575,-1,55.181666248967964,55.11232239868609,0.1386877005625209,55.0,,,55.181666248967964,,55.13705637407731,,55.11232239868533,,55.087588423294385,,55.04297854840544,
1008.0,23.35158286778399,23.35158286778399,0.22043121333446136,-1,55.19811860611113,55.10465751864333,0.1869221749344021,55.0,,,55.19811860611113,,55.14218930470645,,55.10465751864259,,55.06712573257975,,55.01119643117673,
1009.0,23.272392923649907,23.272392923649907,0.2200133027006955,-1,55.21414461780553,55.09691239514409,0.23446444532171995,55.0,,,55.21414461780553,,55.1471338653862,,55.09691239514337,,55.04669092490152,,54.97968017248381,
1010.0,23.128026070763504,23.128026070763504,0.21957290874161212,-1,55.229682069495944,55.089020783611126,0.2813225717684915,55.0,,,55.229682069495944,,55.15182144644692,,55.08902078361044,,55.0262201207749,,54.94835949772745,
1011.0,23.06073091247672,23.06073091247672,0.2190883496896898,-1,55.244445141700425,55.08069349994937,0.32750328350101654,55.0,,,55.244445141700425,,55.15596038478373,,55.080693499948694,,55.005426615114565,,54.91694185819941,
1012.0,23.00223463687151,23.00223463687151,0.21858693371058224,-1,55.25881147141483,55.0723072990814,0.37300834466579147,55.0,,,55.25881147141483,,55.15992391907998,,55.07230729908075,,54.98469067908239,,54.88580312674904,
1013.0,22.94895251396648,22.94895251396648,0.2180721490323661,-1,55.27283311451178,55.063910372048056,0.41784548492640283,55.0,,,55.27283311451178,,55.16375840788249,,55.06391037204743,,54.96406233621322,,54.85498762958538,
1014.0,22.875791433892,22.875791433892,0.21754619634641253,-1,55.28654408910124,55.055532587952975,0.46202300229552407,55.0,,,55.28654408910124,,55.167492220999925,,55.05553258795236,,54.94357295490561,,54.82452108680572,
1015.0,22.73207635009311,22.73207635009311,0.21700270185470918,-1,55.2998624120514,55.04708767863504,0.5055494668317237,55.0,,,55.2998624120514,,55.17103784204592,,55.04708767863445,,54.92313751522378,,54.79431294521967,
1016.0,22.667225325884544,22.667225325884544,0.21641823211410155,-1,55.312477180855964,55.03826125450196,0.54843185270704,55.0,,,55.312477180855964,,55.17407940873209,,55.038261254501386,,54.90244310027146,,54.764045328148924,
1017.0,22.627630353817505,22.627630353817505,0.21582047000537058,-1,55.32476997560365,55.029434025435684,0.5906719003350034,55.0,,,55.32476997560365,,55.176995013124206,,55.02943402543512,,54.88187303774679,,54.73409807526865,
1018.0,22.531331471135942,22.531331471135942,0.21521839782318436,-1,55.33686567427288,55.02072703641621,0.6322772757124113,55.0,,,55.33686567427288,,55.17990471137697,,55.02072703641567,,54.86154936145511,,54.70458839856047,
1019.0,22.477723463687152,22.477723463687152,0.21459311466014316,-1,55.348511878808196,55.01188318500938,0.673257387596756,55.0,,,55.348511878808196,,55.18255099847631,,55.01188318500884,,54.8412153715421,,54.67525449121144,
1020.0,22.358938547486037,22.358938547486037,0.2139596543530407,1,55.35991649702547,55.00310780396812,0.7136173861138388,55.0,,,55.35991649702547,,55.185137887549175,,55.0031078039676,,54.82107772038674,,54.646299110911635,
1021.0,22.256936685288643,22.256936685288643,0.21329638720182512,1,55.321995663266264,54.99410806849106,0.6557751895495656,55.0,,,55.321995663266264,,55.16297455764563,,54.994108068490554,,54.825241579336165,,54.6662204737167,
1022.0,22.20153631284916,22.20153631284916,0.2126097203622374,1,55.28441442747719,54.984974841584425,0.5988791717847093,55.0,,,55.28441442747719,,55.14073663276478,,54.984974841583934,,54.82921305040376,,54.68553525569248,
1023.0,22.10034916201117,22.10034916201117,0.21191594410424372,1,55.247387995530076,54.975930317265934,0.5429153565275087,55.0,,,55.247387995530076,,55.11865289377328,,54.97593031726545,,54.83320774075827,,54.70447263900257,
1024.0,22.07932960893856,22.07932960893856,0.21120002415076722,1,55.21070329234528,54.966770129703015,0.4878663252837683,55.0,,,55.21070329234528,,55.096524204208215,,54.966770129702546,,54.83701605519751,,54.72283696706151,
1025.0,21.97276536312849,21.97276536312849,0.21048943662571665,1,55.174726232918864,54.957866832566836,0.4337188007033177,55.0,,,55.174726232918864,,55.07472890533536,,54.95786683256638,,54.84100475979802,,54.74100743221555,
1026.0,21.89357541899441,21.89357541899441,0.20975564000205335,1,55.13905736985016,54.94883066393036,0.3804534118388929,55.0,,,55.13905736985016,,55.05288104607312,,54.948830663929904,,54.844780281787294,,54.758603958011264,
1027.0,21.81438547486033,21.81438547486033,0.20900841626257638,1,55.103825173724964,54.93979611169847,0.3280581240522693,55.0,,,55.103825173724964,,55.031120323871974,,54.939796111698044,,54.848471899524704,,54.775767049672694,
1028.0,21.767783985102422,21.767783985102422,0.2082482126039161,1,55.06902866206911,54.930769168810215,0.2765189865170896,55.0,,,55.06902866206911,,55.00945705545249,,54.930769168809796,,54.85208128216768,,54.79250967555202,
1029.0,21.680935754189957,21.680935754189957,0.2074863329439332,1,55.03481317907713,54.921901992154986,0.22582237384362713,55.0,,,55.03481317907713,,54.988047412569685,,54.921901992154574,,54.85575657174004,,54.808990805233506,
1030.0,21.56215083798882,21.56215083798882,0.20670960112891898,1,55.00099003824376,54.91301381699723,0.1759524424924379,55.0,,,55.00099003824376,,54.96671371696669,,54.91301381699682,,54.859313917027514,,54.825037595751326,
1031.0,21.486708566108007,21.486708566108007,0.20590787384603879,1,54.96741683136068,54.90396839507317,0.12689687257439886,55.0,,,54.96741683136068,,54.94532333181575,,54.90396839507278,,54.86261345833035,,54.84051995878628,
1032.0,21.41843575418995,21.41843575418995,0.20509620504394513,1,54.93429476914429,54.89497174190084,0.0786460544862777,55.0,,,54.93429476914429,,54.92408622880527,,54.89497174190046,,54.865857254996186,,54.85564871465801,
1033.0,21.339245810055857,21.339245810055857,0.20427735529545962,1,54.90304146652805,54.886060068678304,0.033962795699707726,55.0,,,54.90165367490403,,54.90304146652805,,54.88606006867794,,54.869078670828344,,54.87046646245318,
1034.0,21.260055865921785,21.260055865921785,0.2034480422125426,1,54.8849337763761,54.87718743140188,0.015492689947869565,55.0,,,54.86944108642823,,54.882145576842326,,54.87718743140152,,54.87222928596121,,54.8849337763761,
1035.0,21.18086592178771,21.18086592178771,0.2026086579873226,1,54.899061110526354,54.868358325977944,0.06140556909627293,55.0,,,54.83765554143008,,54.861405520082364,,54.86835832597759,,54.8753111318733,,54.899061110526354,
1036.0,21.10167597765364,21.10167597765364,0.20175958717646925,1,54.91285860032647,54.85957705461201,0.10656309142839859,55.0,,,54.806295508898074,,54.840827848987615,,54.85957705461166,,54.878326260236186,,54.91285860032647,
1037.0,21.022486033519545,21.022486033519545,0.2009012067690446,1,54.92633607173009,54.85084773063577,0.15097668218810867,55.0,,,54.77535938954198,,54.82041872469525,,54.850847730635444,,54.8812767365761,,54.92633607173009,
1038.0,20.97588454376164,20.97588454376164,0.20003388625641902,1,54.939503050146065,54.842174283264555,0.19465753376249495,55.0,,,54.74484551638357,,54.80018393213859,,54.84217428326424,,54.884164634390345,,54.939503050146065,
1039.0,20.87160148975792,20.87160148975792,0.19916870636131997,1,54.95251319380582,54.83370488700107,0.2376166136089921,55.0,,,54.71489658019683,,54.78027331959086,,54.83370488700076,,54.8871364544111,,54.95251319380582,
1040.0,20.75232774674116,20.75232774674116,0.1982868742299823,1,54.96511573279054,54.825182202314444,0.2798670609517089,55.0,,,54.68524867183883,,54.760430450326844,,54.82518220231414,,54.88993395430185,,54.96511573279054,
1041.0,20.69969739292365,20.69969739292365,0.1973839811396638,1,54.97725664945419,54.816547901899106,0.3214174951097064,55.0,,,54.655839154344484,,54.74059881205396,,54.81654790189881,,54.89249699174406,,54.97725664945419,
1042.0,20.625558659217877,20.625558659217877,0.19648243213050814,1,54.98924379320336,54.808106129158126,0.36227532809000706,55.0,,,54.62696846511335,,54.72108446400096,,54.808106129157835,,54.89512779431511,,54.98924379320336,
1043.0,20.51475791433892,20.51475791433892,0.19557536677109147,1,55.00098690906397,54.79976055650108,0.40245270512532727,55.0,,,54.59853420393864,,54.701791619451356,,54.7997605565008,,54.89772949355063,,55.00098690906397,
1044.0,20.43556797020484,20.43556797020484,0.19465110905512298,1,55.01233189353072,54.791351916461835,0.44195995413730316,55.0,,,54.57037193939342,,54.6825618170689,,54.79135191646158,,54.90014201585463,,55.01233189353072,
1045.0,20.35637802607076,20.35637802607076,0.19372047720029534,1,55.02342954280872,54.78302724924289,0.48080458713122454,55.0,,,54.542624955677496,,54.66354343026885,,54.78302724924263,,54.90251106821677,,55.02342954280872,
1046.0,20.27718808193669,20.27718808193669,0.19278378321969314,1,55.03428720053007,54.774789062658634,0.5189962757424524,55.0,,,54.51529092478762,,54.644739595930865,,54.77478906265838,,54.90483852938625,,55.03428720053007,
1047.0,20.223743016759784,20.223743016759784,0.19184133222909108,1,55.0449119786872,54.76663972092903,0.5565445155159452,55.0,,,54.48836746317126,,54.62615319117869,,54.76663972092877,,54.907126250679205,,55.0449119786872,
1048.0,20.09664804469274,20.09664804469274,0.19090178352998546,1,55.05542342154135,54.75869410600592,0.5934586310704688,55.0,,,54.46196479047088,,54.60789950125532,,54.75869410600567,,54.90948871075636,,55.05542342154135,
1049.0,20.057053072625692,20.057053072625692,0.18994139097908963,1,55.06550293360241,54.75062814357975,0.6297495800449369,55.0,,,54.43575335355747,,54.58965430244867,,54.75062814357951,,54.91160198471067,,55.06550293360241,
1050.0,19.993016759776538,19.993016759776538,0.18898905955494588,-1,55.075545216352076,54.74283373453734,0.6654229636291049,55.0,,,54.41012225272297,,54.571810542631724,,54.74283373453711,,54.9138569264428,,55.075545216352076,
1051.0,19.94527467411546,19.94527467411546,0.18803693114237052,-1,55.04234430258304,54.735199511994736,0.6142895811762301,55.0,,,54.42805472140681,,54.57580648028027,,54.735199511994516,,54.89459254370906,,55.04234430258304,
1052.0,19.802048417132223,19.802048417132223,0.18709045674107344,-1,55.00982213485081,54.72779568764967,0.5640528944019252,55.0,,,54.44576924044888,,54.57996530665633,,54.72779568764945,,54.87562606864286,,55.00982213485081,
1053.0,19.722858472998134,19.722858472998134,0.186118900196143,-1,54.97755011344595,54.7202034640027,0.5146932988861437,55.0,,,54.46285681455981,,54.583864183309956,,54.72020346400249,,54.85654274469531,,54.97755011344595,
1054.0,19.64366852886406,19.64366852886406,0.18514353504073922,-1,54.94581286463696,54.71271328943825,0.46619915039708104,55.0,,,54.47961371423988,,54.58778797536518,,54.71271328943804,,54.83763860351119,,54.94581286463696,
1055.0,19.564478584729983,19.564478584729983,0.18416461471232923,-1,54.914603584034474,54.705326517364675,0.4185541333392635,55.0,,,54.49604945069521,,54.59173403880797,,54.70532651736447,,54.818918995921244,,54.914603584034474,
1056.0,19.517877094972057,19.517877094972057,0.1831823865174238,-1,54.88391558064073,54.698044391241396,0.37174237879834493,55.0,,,54.51217320184239,,54.59569991348172,,54.6980443912412,,54.80038886900095,,54.88391558064073,
1057.0,19.430377094972062,19.430377094972062,0.18220754972520337,-1,54.853883184306774,54.69100896064562,0.32574844732200603,55.0,,,54.52813473698477,,54.59982422369945,,54.69100896064542,,54.782193697591644,,54.853883184306774,
1058.0,19.326908752327743,19.326908752327743,0.18122704267071474,-1,54.824316674200325,54.6840392474629,0.2805548534745341,55.0,,,54.54376182072579,,54.60392344670421,,54.684039247462714,,54.76415504822147,,54.824316674200325,
1059.0,19.270041899441345,19.270041899441345,0.18023603306240632,-1,54.795142654808956,54.6770688131817,0.23614768325420243,55.0,,,54.55899497155475,,54.607928057711895,,54.67706881318152,,54.74620956865139,,54.795142654808956,
1060.0,19.1717877094972,19.1717877094972,0.17924977893333838,-1,54.7665605451315,54.67030326128304,0.19251456769662667,55.0,,,54.57404597743487,,54.612040516783985,,54.67030326128286,,54.72856600578197,,54.7665605451315,
1061.0,19.08933891992551,19.08933891992551,0.1782551597673466,-1,54.738381649689344,54.66356166533001,0.14963996871837537,55.0,,,54.58874168097097,,54.616077861444104,,54.663561665329844,,54.711045469215804,,54.738381649689344,
1062.0,19.010148975791434,19.010148975791434,0.1772575357098055,-1,54.71067167878211,54.656915764763696,0.10751182803653592,55.0,,,54.60315985074558,,54.620109225907235,,54.65691576476354,,54.69372230362006,,54.71067167878211,
1063.0,18.930959031657363,18.930959031657363,0.1762581696681869,-1,54.683439246958415,54.65038064308328,0.06611720775000407,55.0,,,54.61732203920841,,54.624147592086864,,54.65038064308312,,54.676613694079585,,54.683439246958415,
1064.0,18.85176908752328,18.85176908752328,0.17525726325801894,-1,54.65972196977349,54.64395677909435,0.0315303813583796,55.0,,,54.63123515362023,,54.62819158841511,,54.6439567790942,,54.65972196977349,,54.65667840456874,
1065.0,18.7725791433892,18.7725791433892,0.17425501272465968,-1,54.644905860527636,54.63764456957199,0.014522581911045052,55.0,,,54.644905860527636,,54.63223994040472,,54.63764456957183,,54.64304919873915,,54.63038327861659,
1066.0,18.69338919925512,18.69338919925512,0.17325160902682346,-1,54.65834059419939,54.63144433204318,0.05379252431217196,55.0,,,54.65834059419939,,54.63629146360632,,54.63144433204303,,54.626597200479935,,54.604548069887215,
1067.0,18.614199255121044,18.614199255121044,0.1722472379195823,-1,54.67154556474566,54.6253563075061,0.09237851447885248,55.0,,,54.67154556474566,,54.640345056988515,,54.62535630750597,,54.61036755802361,,54.579167050266804,
1068.0,18.555214152700184,18.555214152700184,0.17124208003682212,-1,54.684526765933576,54.61938066308708,0.13029220569276134,55.0,,,54.684526765933576,,54.64439969671856,,54.619380663086936,,54.594361629455506,,54.554234560240815,
1069.0,18.48840782122905,18.48840782122905,0.17024269211261303,-1,54.69737596309563,54.61360347501994,0.1675449761511345,55.0,,,54.69737596309563,,54.64854041070615,,54.613603475019815,,54.57866653933367,,54.529830986944496,
1070.0,18.345670391061454,18.345670391061454,0.1692466661909932,-1,54.71006297445902,54.60798828924162,0.20414937043458536,55.0,,,54.71006297445902,,54.65273019015753,,54.60798828924148,,54.563246388325624,,54.505913604024435,
1071.0,18.29743947858473,18.29743947858473,0.16823018341206702,-1,54.72226942832553,54.602210894505376,0.24011706764009233,55.0,,,54.72226942832553,,54.65664424615797,,54.60221089450525,,54.54777754285271,,54.48215236068544,
1072.0,18.21824953445065,18.21824953445065,0.16722347922509256,-1,54.73440903218375,54.59668196427333,0.27545413582061684,55.0,,,54.73440903218375,,54.66069145195301,,54.59668196427321,,54.53267247659358,,54.45895489636313,
1073.0,18.11641061452514,18.11641061452514,0.1662168171926711,-1,54.74635188068434,54.591265289287335,0.310173182793811,55.0,,,54.74635188068434,,54.66473560059399,,54.59126528928721,,54.517794977980586,,54.436178697890526,
1074.0,18.02728119180633,18.02728119180633,0.16520324544905968,-1,54.75800710424165,54.58586493150244,0.34428434547822206,55.0,,,54.75800710424165,,54.66868030636338,,54.58586493150232,,54.50304955664142,,54.41372275876343,
1075.0,18.005121042830552,18.005121042830552,0.16418701729151586,-1,54.76943585557482,54.58053787083687,0.3777959694757058,55.0,,,54.76943585557482,,54.67258180944369,,54.58053787083676,,54.48849393222997,,54.391639886099114,
1076.0,17.87998137802607,17.87998137802607,0.16318928008663425,-1,54.78092612921564,54.5755675692857,0.41071711985969017,55.0,,,54.78092612921564,,54.676723157955806,,54.57556756928559,,54.47441198061552,,54.37020900935595,
1077.0,17.84038640595903,17.84038640595903,0.1621776848439156,-1,54.792041579048885,54.570510945216824,0.4430612676639214,55.0,,,54.792041579048885,,54.68066209886423,,54.57051094521672,,54.46035979156935,,54.34898031138496,
1078.0,17.725512104283062,17.725512104283062,0.16117930926976687,-1,54.803151840565114,54.565734591269305,0.47483449859144855,55.0,,,54.803151840565114,,54.6847643481961,,54.56573459126919,,54.44670483434242,,54.328317341973666,
1079.0,17.599231843575406,17.599231843575406,0.160170608585815,-1,54.81393991800046,54.560915600138586,0.506048635723559,55.0,,,54.81393991800046,,54.688707678018844,,54.560915600138486,,54.433123522258256,,54.3078912822769,
1080.0,17.578212290502787,17.578212290502787,0.15914836110373398,1,54.82436648070863,54.55601142362967,0.5367101141577422,55.0,,,54.82436648070863,,54.692448999487894,,54.55601142362958,,54.41957384777139,,54.28765636655089,
1081.0,17.486475791433893,17.486475791433893,0.15814563872418685,1,54.79858663710087,54.55146939803946,0.49423447812265664,55.0,,,54.79858663710087,,54.6782874965937,,54.55146939803936,,54.42465129948514,,54.30435215897821,
1082.0,17.426350093109875,17.426350093109875,0.1571403068229454,1,54.77324699165707,54.5469839626471,0.45252605801976387,55.0,,,54.77324699165707,,54.66424299687273,,54.54698396264701,,54.42972492842141,,54.320720933637304,
1083.0,17.347160148975785,17.347160148975785,0.15614234348919517,1,54.748473624881306,54.54268842049872,0.41157040876502293,55.0,,,54.748473624881306,,54.650452641726496,,54.54268842049863,,54.43492419927087,,54.33690321611628,
1084.0,17.23733705772812,17.23733705772812,0.15514585482877835,1,54.72417510814211,54.53849952048175,0.37135117532055517,55.0,,,54.72417510814211,,54.63683617120057,,54.53849952048167,,54.44016286976288,,54.35282393282156,
1085.0,17.179818435754193,17.179818435754193,0.15414147687428098,1,54.700215879071514,54.534288936937045,0.3318538842687815,55.0,,,54.700215879071514,,54.62326836593575,,54.53428893693697,,54.445309507938276,,54.36836199480273,
1086.0,17.0770018621974,17.0770018621974,0.15314562020801784,1,54.67681157865228,54.53027822641062,0.2930667044831523,55.0,,,54.67681157865228,,54.60997421513595,,54.530278226410545,,54.45058223768523,,54.383744874169125,
1087.0,16.997811918063313,16.997811918063313,0.15214430392529205,1,54.653762135972386,54.52627497065949,0.254974330625636,55.0,,,54.653762135972386,,54.59676354801289,,54.526274970659415,,54.45578639330603,,54.39878780534675,
1088.0,16.978584729981378,16.978584729981378,0.15114502102446234,1,54.63116256384534,54.52237998082232,0.21756516604589393,55.0,,,54.63116256384534,,54.58374004504166,,54.522379980822244,,54.46101991660292,,54.41359739779945,
1089.0,16.867621042830542,16.867621042830542,0.15016630487718802,1,54.609253903115544,54.51884079116572,0.1808262238994871,55.0,,,54.609253903115544,,54.57115347575494,,54.51884079116565,,54.46652810657645,,54.42842767921606,
1090.0,16.76024208566108,16.76024208566108,0.149179748212144,1,54.58763774864975,54.51526745071512,0.14474059586910926,55.0,,,54.58763774864975,,54.55861486602723,,54.51526745071505,,54.47192003540295,,54.44289715278064,
1091.0,16.681052141526997,16.681052141526997,0.14818670458654193,1,54.566328086078485,54.5116788873572,0.10929839744242997,55.0,,,54.566328086078485,,54.546145610467484,,54.511678887357135,,54.47721216424686,,54.457029688636055,
1092.0,16.576443202979515,16.576443202979515,0.14719603502822298,1,54.54543966861121,54.50819480335599,0.07448973051031516,55.0,,,54.54543966861121,,54.533867630730015,,54.50819480335592,,54.48252197598189,,54.470949938100894,
1093.0,16.522509310986965,16.522509310986965,0.14620004561558675,1,54.524860896747384,54.50470941917704,0.040302955140575136,55.0,,,54.524860896747384,,54.52167669723994,,54.50470941917697,,54.48774214111407,,54.48455794160681,
1094.0,16.476070763500935,16.476070763500935,0.14521441546963376,1,54.50978594624032,54.50143402379806,0.016703844884595753,55.0,,,54.50479828264204,,54.50978594624032,,54.50143402379799,,54.493082101355725,,54.49806976495418,
1095.0,16.39688081936685,16.39688081936685,0.1442413760215246,1,54.511517660806895,54.49839444195853,0.026246437696592295,55.0,,,54.4852712231103,,54.498222010963744,,54.49839444195848,,54.498566872953276,,54.511517660806895,
1096.0,16.317690875232774,16.317690875232774,0.14327084738235035,1,54.524767559715855,54.49545009224172,0.05863493494815941,55.0,,,54.466132624767695,,54.486844868455385,,54.49545009224166,,54.504055316027994,,54.524767559715855,
1097.0,16.238500931098702,16.238500931098702,0.14230289366564502,1,54.53782360209478,54.492599914784364,0.09044737462070884,55.0,,,54.447376227474074,,54.47565447608404,,54.492599914784314,,54.509545353484654,,54.53782360209478,
1098.0,16.161592178770952,16.161592178770952,0.14133757606995045,1,54.550689778540345,54.48984283185605,0.12169389336848724,55.0,,,54.42899588517186,,54.46465065513668,,54.48984283185599,,54.51503500857537,,54.550689778540345,
1099.0,16.12199720670391,16.12199720670391,0.14037564545679754,1,54.563379266710555,54.48718708011453,0.15238437319196407,55.0,,,54.41099489351859,,54.453842429742075,,54.48718708011446,,54.52053173048692,,54.563379266710555,
1100.0,16.082402234636874,16.082402234636874,0.1394284626599413,1,54.57604799307493,54.484783690112394,0.182528605924972,55.0,,,54.39351938714996,,54.443381473728564,,54.48478369011233,,54.526185906496174,,54.57604799307493,
1101.0,16.019506517690882,16.019506517690882,0.13849588678124525,1,54.588695003725206,54.48262566553044,0.2121386763894364,55.0,,,54.37655632733577,,54.43326070093973,,54.48262566553038,,54.53199063012111,,54.588695003725206,
1102.0,15.970623836126626,15.970623836126626,0.1375707152858881,1,54.601224173735524,54.48061100187847,0.2412263437140112,55.0,,,54.35999783002151,,54.42337794268554,,54.48061100187841,,54.537844061071354,,54.601224173735524,
1103.0,15.968342644320298,15.968342644320298,0.13665715285055524,1,54.61369419710129,54.47879345760515,0.26980147899218565,55.0,,,54.3438927181091,,54.41378711773355,,54.478793457605086,,54.5437997974767,,54.61369419710129,
1104.0,15.968342644320298,15.968342644320298,0.13576919064519472,1,54.62629489265547,54.477357569817215,0.29787464567640853,55.0,,,54.328420246979064,,54.404672612573584,,54.477357569817165,,54.55004252706082,,54.62629489265547,
1105.0,15.98708100558659,15.98708100558659,0.13490720040652784,1,54.63903026568007,54.476300637689974,0.32545925598010683,55.0,,,54.31357100969996,,54.39603073046964,,54.47630063768992,,54.556570544910265,,54.63903026568007,
1106.0,16.000931098696462,16.000931098696462,0.1340765216134856,1,54.651971201956655,54.475686951024045,0.3525685018651217,55.0,,,54.299402700091534,,54.38792468868136,,54.475686951023995,,54.5634492133667,,54.651971201956655,
1107.0,16.000931098696462,16.000931098696462,0.13327526099716233,1,54.66509027509223,54.47548204585657,0.37921645847122676,55.0,,,54.285873816621006,,54.38031860470644,,54.47548204585652,,54.57064548700667,,54.66509027509223,
1108.0,16.000931098696462,16.000931098696462,0.13249882754852088,1,54.67832404404626,54.475615804679094,0.4054164787342458,55.0,,,54.27290756531202,,54.373141002067584,,54.47561580467905,,54.57809060729058,,54.67832404404626,
1109.0,16.000931098696462,16.000931098696462,0.13174687853239908,1,54.691667078768674,54.47607676824144,0.4311806210543878,55.0,,,54.260486457714286,,54.36637927204227,,54.47607676824139,,54.585774264440566,,54.691667078768674,
1110.0,16.000931098696462,16.000931098696462,0.13101906846209813,1,54.705113976365155,54.476853671701576,0.4565206093270717,55.0,,,54.24859336703808,,54.36002097754647,,54.476853671701534,,54.593686365856655,,54.705113976365155,
1111.0,16.000931098696462,16.000931098696462,0.13031504930286403,1,54.718659364685486,54.47793544344029,0.4814478424903186,55.0,,,54.23721152219517,,54.35405385507687,,54.477935443440245,,54.60181703180368,,54.718659364685486,
1112.0,16.000931098696462,16.000931098696462,0.1296344706748281,1,54.73229790575071,54.47931120389236,0.5059734037166379,55.0,,,54.226324502034075,,54.34846581647783,,54.479311203892316,,54.61015659130686,,54.73229790575071,
1113.0,16.000931098696462,16.000931098696462,0.12897698005521435,1,54.7460242990248,54.48097026439158,0.530108069266376,55.0,,,54.21591622975843,,54.343244950540395,,54.48097026439154,,54.61869557824273,,54.7460242990248,
1114.0,16.000931098696462,16.000931098696462,0.12834222297963194,1,54.75983328453629,54.48290212602673,0.5538623170190462,55.0,,,54.205970967517246,,54.33837952444053,,54.482902126026694,,54.627424727612905,,54.75983328453629,
1115.0,16.000931098696462,16.000931098696462,0.12772984324227193,1,54.77371964585496,54.48509647850593,0.577246334697989,55.0,,,54.19647331115697,,54.333857985022966,,54.48509647850589,,54.63633497198886,,54.77371964585496,
1116.0,16.000931098696462,16.000931098696462,0.12713948309483333,1,54.787678212928355,54.48754319902673,0.6002700278031909,55.0,,,54.187408185125165,,54.32966895993696,,54.48754319902669,,54.64541743811646,,54.787678212928355,
1117.0,16.000931098696462,16.000931098696462,0.12657078344400158,1,54.80170386478273,54.49023235114964,0.6229430272661105,55.0,,,54.17876083751662,,54.325801258629724,,54.49023235114961,,54.65466344366953,,54.80170386478273,
1118.0,16.000931098696462,16.000931098696462,0.12602338404731733,1,54.81579153209263,54.493154183672665,0.6452746968398628,55.0,,,54.17051683525277,,54.32224387320296,,54.49315418367263,,54.664064494142345,,54.81579153209263,
1119.0,16.000931098696462,16.000931098696462,0.1254969237072678,1,54.82993619962323,54.496299129504564,0.6672741402372608,55.0,,,54.16266205938597,,54.31898597913761,,54.496299129504536,,54.6736122798715,,54.82993619962323,
1120.0,16.000931098696462,16.000931098696462,0.12499104046343737,-1,54.84413290854924,54.49965780453486,0.6889502080286789,55.0,,,54.15518270052056,,54.316016935891746,,54.499657804534834,,54.68329867317796,,54.84413290854924,
1121.0,16.000931098696462,16.000931098696462,0.12450537178257208,-1,54.82987158391155,54.50322100649845,0.6533011548261243,55.0,,,54.17657042908542,,54.32757887474734,,54.503221006498414,,54.678863138249525,,54.82987158391155,
1122.0,16.000931098696462,16.000931098696462,0.12403955474639797,-1,54.81607406725106,54.50697971383289,0.6181887068362499,55.0,,,54.19788536041481,,54.339315014528786,,54.50697971383286,,54.67464441313698,,54.81607406725106,
1123.0,16.000931098696462,16.000931098696462,0.12359322623705336,-1,54.80272397148903,54.510925084526754,0.5835977739244882,55.0,,,54.21912619756454,,54.35121424339441,,54.51092508452672,,54.67063592565907,,54.80272397148903,
1124.0,15.979422718808197,15.979422718808197,0.12316602311999392,-1,54.789805343657974,54.51504845495697,0.5495137774019412,55.0,,,54.24029156625603,,54.363265799176666,,54.51504845495694,,54.66683111073725,,54.789805343657974,
1125.0,15.968342644320298,15.968342644320298,0.12275107137423114,-1,54.77721492371632,54.51925360789727,0.5159226316380554,55.0,,,54.26129229207827,,54.375371527343866,,54.519253607897234,,54.66313568845064,,54.77721492371632,
1126.0,16.000931098696462,16.000931098696462,0.12235125637134651,-1,54.76498391135351,54.52357776920701,0.4828122842929403,55.0,,,54.28217162706057,,54.38756647660391,,54.52357776920698,,54.65958906181009,,54.76498391135351,
1127.0,15.990991620111732,15.990991620111732,0.12197948107891768,-1,54.75327755922279,54.528192391281735,0.45017033588204214,55.0,,,54.303107223340746,,54.40002026414514,,54.528192391281706,,54.656364518418314,,54.75327755922279,
1128.0,15.968342644320298,15.968342644320298,0.12162237541433742,-1,54.74190228607493,54.532911456263115,0.41798165962358524,55.0,,,54.32392062645135,,54.41254596661469,,54.532911456263086,,54.65327694591152,,54.74190228607493,
1129.0,15.99229515828678,15.99229515828678,0.12127577432903143,-1,54.73079407784085,54.53767673389167,0.38623468789829474,55.0,,,54.34455938994255,,54.42508379200733,,54.537676733891644,,54.650269675775995,,54.73079407784085,
1130.0,16.000931098696462,16.000931098696462,0.12095351839436946,-1,54.72013335574924,54.54267378048144,0.354919150535558,55.0,,,54.36521420521368,,54.437817629161806,,54.54267378048141,,54.64752993180104,,54.72013335574924,
1131.0,15.995554003724395,15.995554003724395,0.12065051498635623,-1,54.70984019341277,54.547829295437225,0.3240217959510403,55.0,,,54.385818397461726,,54.45067346779175,,54.5478292954372,,54.64498512308266,,54.70984019341277,
1132.0,15.980726256983235,15.980726256983235,0.12036212837474308,-1,54.699843067023416,54.553077615125304,0.2935309037961744,55.0,,,54.40631216322724,,54.46358475420376,,54.55307761512528,,54.64257047604682,,54.699843067023416,
1133.0,16.000931098696462,16.000931098696462,0.12008516464943858,-1,54.69009189938169,54.55837382964182,0.2634361394796869,55.0,,,54.426655759902005,,54.47650553232429,,54.55837382964181,,54.640242126959336,,54.69009189938169,
1134.0,16.000931098696462,16.000931098696462,0.1198299370095785,-1,54.68072002422598,54.563855933003126,0.23372818244565963,55.0,,,54.44699184178032,,54.489572675966784,,54.56385593300311,,54.638139190039446,,54.68072002422598,
1135.0,16.000931098696462,16.000931098696462,0.11958989270895143,-1,54.67162965307949,54.56943187752101,0.204395551116896,55.0,,,54.467234101962596,,54.50269373155999,,54.56943187752101,,54.63617002348204,,54.67162965307949,
1136.0,16.000931098696462,16.000931098696462,0.11936468110959905,-1,54.66280932665232,54.57509504300977,0.17542856728508838,55.0,,,54.487380759367234,,54.51586138701435,,54.575095043009746,,54.634328699005145,,54.66280932665232,
1137.0,16.000931098696462,16.000931098696462,0.11915395366248087,-1,54.654247908850955,54.58083897116111,0.14681787537965363,55.0,,,54.5074300334713,,54.52906856740025,,54.5808389711611,,54.63260937492194,,54.654247908850955,
1138.0,16.000931098696462,16.000931098696462,0.11895736404334856,-1,54.64593457990588,54.5866573641052,0.11855443160131784,55.0,,,54.52738014830456,,54.5423084286161,,54.58665736410519,,54.631006299594276,,54.64593457990588,
1139.0,16.000931098696462,16.000931098696462,0.11877456828465817,-1,54.63785882967827,54.59254408294695,0.09062949346261462,55.0,,,54.54722933621566,,54.555574351301026,,54.592544082946944,,54.629513814592855,,54.63785882967827,
1140.0,15.997672253258848,15.997672253258848,0.11860522490346848,-1,54.63001045113643,54.59849314627802,0.06303460971678021,55.0,,,54.56697584141965,,54.568859934978406,,54.59849314627802,,54.62812635757762,,54.63001045113643,
1141.0,15.978608007448791,15.978608007448791,0.11844800836174336,-1,54.62682517046599,54.60448543421887,0.04467947249426629,55.0,,,54.58660462889022,,54.582145697971725,,54.604485434218866,,54.62682517046599,,54.622366239547546,
1142.0,15.983659217877095,15.983659217877095,0.11829781197832001,-1,54.62554093710269,54.610451265459425,0.030179343286562244,55.0,,,54.60604985318224,,54.59536159381613,,54.61045126545942,,54.62554093710269,,54.61485267773663,
1143.0,15.99262104283054,15.99262104283054,0.1181616826536075,-1,54.62541016159088,54.616486125380256,0.017848072421209338,55.0,,,54.62541016159088,,54.608602519502604,,54.616486125380256,,54.6243697312579,,54.60756208916967,
1144.0,15.96964618249535,15.96964618249535,0.11804045389871548,-1,54.644699277346064,54.62259985041398,0.04419885386415956,55.0,,,54.644699277346064,,54.62187819495445,,54.62259985041396,,54.62332150587348,,54.600500423481904,
1145.0,15.99522811918063,15.99522811918063,0.1179240947903743,-1,54.66378434150598,54.62865568935314,0.07025730430564892,55.0,,,54.66378434150598,,54.63505186083508,,54.62865568935314,,54.6222595178712,,54.59352703720033,
1146.0,15.981052141527002,15.981052141527002,0.11782707531857325,-1,54.68286416232177,54.634849782236515,0.09602876017049056,55.0,,,54.68286416232177,,54.6483191353364,,54.63484978223651,,54.621380429136615,,54.58683540215128,
1147.0,15.981215083798883,15.981215083798883,0.11773693389274502,-1,54.70177227649297,54.64101142701361,0.12152169895870912,55.0,,,54.70177227649297,,54.661509674922634,,54.641011427013595,,54.62051317910455,,54.58025057753426,
1148.0,15.968342644320298,15.968342644320298,0.11765775330833657,-1,54.72056709427156,54.647196291321315,0.14674160590046625,55.0,,,54.72056709427156,,54.674678848426645,,54.64719629132131,,54.61971373421596,,54.57382548837109,
1149.0,15.969483240223466,15.969483240223466,0.11758527450192918,-1,54.739193897647155,54.65334651888495,0.17169475752439922,55.0,,,54.739193897647155,,54.687768783224826,,54.65334651888494,,54.61892425454504,,54.567499140122756,
1150.0,16.000931098696462,16.000931098696462,0.11752348285145582,-1,54.75770967695705,54.65951650893553,0.19638633604300537,55.0,,,54.75770967695705,,54.700833669364734,,54.659516508935525,,54.618199348506316,,54.56132334091404,
1151.0,16.000931098696462,16.000931098696462,0.11748124177089334,-1,54.77623643834717,54.66582528916517,0.22082229836397005,55.0,,,54.77623643834717,,54.713992595633634,,54.66582528916516,,54.61765798269669,,54.5554141399832,
1152.0,16.000931098696462,16.000931098696462,0.11744859704974674,-1,54.794641157063865,54.672135931488015,0.24501045115169262,55.0,,,54.794641157063865,,54.72710923279941,,54.672135931488,,54.617162630176594,,54.54963070591217,
1153.0,16.000931098696462,16.000931098696462,0.11742524849492103,-1,54.812922465349146,54.678444353444206,0.26895622380985174,55.0,,,54.812922465349146,,54.740179575587135,,54.6784443534442,,54.61670913130127,,54.543966241539295,
1154.0,16.000931098696462,16.000931098696462,0.1174108997727139,-1,54.83107903857105,54.684746607043735,0.29266486305461115,55.0,,,54.83107903857105,,54.753199773907234,,54.68474660704373,,54.61629344018022,,54.538414175516436,
1155.0,16.000931098696462,16.000931098696462,0.11740525847432366,-1,54.84910959635519,54.69103887693268,0.31614143884501544,55.0,,,54.84910959635519,,54.766166129237014,,54.691038876932666,,54.61591162462832,,54.532968157510176,
1156.0,16.000931098696462,16.000931098696462,0.1174080361772832,-1,54.86701290360197,54.69731747854166,0.3393908501205871,55.0,,,54.86701290360197,,54.77907509109386,,54.697317478541656,,54.61555986598946,,54.52762205348138,
1157.0,16.000931098696462,16.000931098696462,0.11741894850284687,-1,54.88478777139419,54.703578856217234,0.3624178303538841,55.0,,,54.88478777139419,,54.79192325359506,,54.70357885621723,,54.61523445883941,,54.5223699410403,
1158.0,16.000931098696462,16.000931098696462,0.11743771516937719,-1,54.902433057799556,54.70981958133698,0.3852269529251444,55.0,,,54.902433057799556,,54.80470735209987,,54.709819581336966,,54.614931810574085,,54.51720610487441,
1159.0,16.000931098696462,16.000931098696462,0.11746406004177122,-1,54.919947668572426,54.716036350409425,0.40782263632601,55.0,,,54.919947668572426,,54.81742425992939,,54.716036350409404,,54.61464844088944,,54.512125032246416,
1160.0,16.000931098696462,16.000931098696462,0.11749771117697771,-1,54.93733055775904,54.722225983159625,0.4302091491988236,55.0,,,54.93733055775904,,54.83007098516047,,54.72222598315961,,54.61438098115877,,54.50712140856022,
1161.0,16.000931098696462,16.000931098696462,0.11753840086565093,-1,54.95458072821031,54.72838542060142,0.452390615217773,55.0,,,54.95458072821031,,54.842644667489765,,54.728385420601406,,54.61412617371306,,54.50219011299254,
1162.0,16.000931098696462,16.000931098696462,0.11758586566999937,-1,54.971697232006136,54.73451172309725,0.47437101781775226,55.0,,,54.971697232006136,,54.85514257516463,,54.73451172309724,,54.61388087102988,,54.497326214188384,
1163.0,16.000931098696462,16.000931098696462,0.11763984645788422,-1,54.988679170795095,54.74060206840676,0.4961542047766443,55.0,,,54.988679170795095,,54.86756210197754,,54.74060206840675,,54.61364203483599,,54.49252496601845,
1164.0,16.000931098696462,16.000931098696462,0.11770008843322677,-1,55.00552569605314,54.746653749724985,0.5177438926562985,55.0,,,55.00552569605314,,54.87990076432116,,54.74665374972497,,54.61340673512881,,54.48778180339684,
1165.0,16.000931098696462,16.000931098696462,0.11776634116278815,-1,55.02223600926506,54.752664173711345,0.5391436711074178,55.0,,,55.02223600926506,,54.892156198301166,,54.752664173711324,,54.61317214912152,,54.48309233815764,
1166.0,16.000931098696462,16.000931098696462,0.11783835859938654,-1,55.03880936203199,54.758630858510436,0.560357007043109,55.0,,,55.03880936203199,,54.904326156904375,,54.758630858510415,,54.61293556011648,,54.47845235498888,
1167.0,15.971438547486038,15.971438547486038,0.1179158991016164,-1,55.055245056108575,54.76455143176569,0.5813872486857647,55.0,,,55.055245056108575,,54.9164085072197,,54.76455143176567,,54.61269435631167,,54.47385780742281,
1168.0,15.97225325884544,15.97225325884544,0.11798979818881712,-1,55.07142215618,54.77030334143412,0.6022376294917251,55.0,,,55.07142215618,,54.9282809405169,,54.77030334143411,,54.61232574235136,,54.469184526688274,
1169.0,16.000931098696462,16.000931098696462,0.11806912324879651,-1,55.08746684628426,54.776012169884474,0.6229093527995531,55.0,,,55.08746684628426,,54.940068807311086,,54.77601216988445,,54.61195553245786,,54.464557493484705,
1170.0,16.000931098696462,16.000931098696462,0.11816207819050906,1,55.10349209929767,54.78178932801937,0.6434055425565575,55.0,,,55.10349209929767,,54.95188379102523,,54.781789328019364,,54.61169486501353,,54.46008655674111,
1171.0,16.000931098696462,16.000931098696462,0.11825963676839382,1,55.09242954878608,54.78751181462335,0.6098354683254357,55.0,,,55.09242954878608,,54.95012972592906,,54.787511814623336,,54.62489390331764,,54.48259408046064,
1172.0,16.000931098696462,16.000931098696462,0.11836157928796158,1,55.08149438453774,54.79317777389468,0.5766332212861016,55.0,,,55.08149438453774,,54.94830238162546,,54.79317777389467,,54.6380531661639,,54.50486116325164,
1173.0,16.000931098696462,16.000931098696462,0.118467690516191,1,55.07068062958157,54.79878544763428,0.5437903638945514,55.0,,,55.07068062958157,,54.94640337435191,,54.79878544763427,,54.65116752091665,,54.526890265687015,
1174.0,16.000931098696462,16.000931098696462,0.1185777596787861,1,55.05998256721558,54.804333173237104,0.5112987879569388,55.0,,,55.05998256721558,,54.9444342426635,,54.80433317323709,,54.6642321038107,,54.54868377925864,
1175.0,16.000931098696462,16.000931098696462,0.11869158045453948,1,55.049394732133834,54.8098193816851,0.47915070089744916,55.0,,,55.049394732133834,,54.94239645382217,,54.809819381685095,,54.67724230954803,,54.570244031236385,
1176.0,16.000931098696462,16.000931098696462,0.11880895096687613,1,55.038911901842305,54.81524259554285,0.44733861259888386,55.0,,,55.038911901842305,,54.940291409781686,,54.81524259554285,,54.69019378130402,,54.59157328924342,
1177.0,16.000931098696462,16.000931098696462,0.11892967377266657,1,55.02852908835225,54.82060142695676,0.4158553227909749,55.0,,,55.02852908835225,,54.93812045278893,,54.82060142695675,,54.703082401124576,,54.612673765561276,
1178.0,16.000931098696462,16.000931098696462,0.11905355584838623,1,55.01824153014025,54.82589457565895,0.38469390896258204,55.0,,,55.01824153014025,,54.93588487062135,,54.82589457565894,,54.71590428069655,,54.63354762117767,
1179.0,16.000931098696462,16.000931098696462,0.11918040857370805,1,55.0080446843645,54.831120826976985,0.3538477147750285,55.0,,,55.0080446843645,,54.93358590147932,,54.83112082697697,,54.72865575247464,,54.65419696958947,
1180.0,16.000931098696462,16.000931098696462,0.11931004771260931,1,54.99793421932762,54.836279049850134,0.3233103389549541,55.0,,,54.99793421932762,,54.93122473855135,,54.83627904985013,,54.74133336114892,,54.674623880372664,
1181.0,16.000931098696462,16.000931098696462,0.11944229339207893,1,54.987906007176576,54.841368194853565,0.2930756246460007,55.0,,,54.987906007176576,,54.92880253426931,,54.84136819485356,,54.75393385543783,,54.694830382530576,
1182.0,16.000931098696462,16.000931098696462,0.1195769700785077,1,54.97795611683093,54.84638729223108,0.26313764919971305,55.0,,,54.97795611683093,,54.926320404269866,,54.84638729223106,,54.76645418019227,,54.71481846763122,
1183.0,16.000931098696462,16.000931098696462,0.11971390655184441,1,54.968080807130896,54.851335449937494,0.23349071438678237,55.0,,,54.968080807130896,,54.9237794310778,,54.85133544993749,,54.7788914687972,,54.734590092744114,
1184.0,16.000931098696462,16.000931098696462,0.11985293587760418,1,54.95827652019722,54.85621185169183,0.20412933701076952,55.0,,,54.95827652019722,,54.92118066752593,,54.85621185169182,,54.791243035857725,,54.75414718318645,
1185.0,16.000931098696462,16.000931098696462,0.11999389537680974,1,54.948539874995255,54.86101575504165,0.17504823990720553,55.0,,,54.948539874995255,,54.918525139925876,,54.861015755041635,,54.80350637015742,,54.77349163508805,
1186.0,16.000931098696462,16.000931098696462,0.12013662659395338,1,54.93886766109598,54.8657464894401,0.14624234331177632,55.0,,,54.93886766109598,,54.91581385100302,,54.86574648944008,,54.81567912787716,,54.79262531778421,
1187.0,16.000931098696462,16.000931098696462,0.12028097526305609,1,54.929256832627004,54.870403454336,0.11770675658200247,55.0,,,54.929256832627004,,54.913047782608665,,54.870403454335985,,54.827759126063334,,54.811550076045,
1188.0,16.000931098696462,16.000931098696462,0.12042679127191101,1,54.91970450240695,54.87498611727818,0.08943677025753516,55.0,,,54.91970450240695,,54.91022789822146,,54.87498611727816,,54.8397443363349,,54.830267732149416,
1189.0,16.000931098696462,16.000931098696462,0.12057392862459329,1,54.910207936257066,54.87949401203459,0.06142784844494997,55.0,,,54.910207936257066,,54.90735514524992,,54.87949401203457,,54.85163287881925,,54.848780087812116,
1190.0,16.000931098696462,16.000931098696462,0.12072224540231237,1,54.90443045714715,54.8839267367272,0.04100744083987706,55.0,,,54.90076454748392,,54.90443045714715,,54.88392673672719,,54.86342301630727,,54.867088925970506,
1191.0,15.99881284916201,15.99881284916201,0.12087160372269297,1,54.90145475534819,54.8882839519834,0.02634160672957364,55.0,,,54.89137189152756,,54.90145475534819,,54.88828395198338,,54.87511314861862,,54.885196012439245,
1192.0,15.977467411545623,15.977467411545623,0.12102122837087728,1,54.903094456111944,54.89255673777723,0.021075436669434566,55.0,,,54.88201901944251,,54.898420309713195,,54.892556737777205,,54.886693165841265,,54.903094456111944,
1193.0,16.000931098696462,16.000931098696462,0.12116517863640225,1,54.92070779941932,54.89666675364708,0.048082091544472405,55.0,,,54.872625707874846,,54.895249938817926,,54.89666675364706,,54.89808356847624,,54.92070779941932,
1194.0,16.000931098696462,16.000931098696462,0.12131698581350807,1,54.93822280771787,54.900799610218826,0.07484639499809731,55.0,,,54.863376412719774,,54.89213067880314,,54.900799610218805,,54.9094685416345,,54.93822280771787,
1195.0,16.000931098696462,16.000931098696462,0.12146932370522369,1,54.9555429528771,54.90485613187518,0.10137364200383558,55.0,,,54.85416931087327,,54.88896393826405,,54.904856131875164,,54.92074832548632,,54.9555429528771,
1196.0,16.000931098696462,16.000931098696462,0.12162207383443359,1,54.97266993505934,54.90883626424336,0.12766734163196958,55.0,,,54.845002593427374,,54.88575060154294,,54.90883626424334,,54.93192192694378,,54.97266993505934,
1197.0,16.000931098696462,16.000931098696462,0.12177512149063587,1,54.98960544486076,54.912740004800796,0.15373088011990887,55.0,,,54.83587456474085,,54.88249154946797,,54.91274000480079,,54.94298846013364,,54.98960544486076,
1198.0,16.000931098696462,16.000931098696462,0.12192835568034206,1,55.00635116421474,54.9165674011595,0.17956752611048898,55.0,,,54.82678363810425,,54.879187660305554,,54.91656740115948,,54.95394714201344,,55.00635116421474,
1199.0,16.000931098696462,16.000931098696462,0.12208166907650311,1,55.02290876721033,54.92031854937176,0.20518043567714983,55.0,,,54.81772833153318,,54.87583981060415,,54.92031854937174,,54.964797288139366,,55.02290876721033,
1200.0,16.000931098696462,16.000931098696462,0.12208166907650311,1,55.039279920830474,54.92399359225815,0.23057265714464137,55.0,,,54.80870726368583,,54.87244887593629,,54.923993592258135,,54.97553830858001,,55.039279920830474,
