time_s,current_A,preview_current_A,fan_duty,direction,hotspot_C,mean_temperature_C,gradient_C,reference_temperature_C,safe_temperature_C,objective,true_T1_C,estimated_T1_C,true_T2_C,estimated_T2_C,true_T3_C,estimated_T3_C,true_T4_C,estimated_T4_C,true_T5_C,estimated_T5_C
0.0,6.32216014897579,6.32216014897579,0.02589920349329038,-1,56.344319167389415,55.28967909800521,2.01214223764093,55.0,,,54.332176929748485,54.582176929748485,54.774501300954036,54.79727981044087,55.21682567215959,55.21682567215959,55.7805724197745,55.6555724197745,56.344319167389415,56.49299298361138
1.0,7.106564245810056,7.106564245810056,0.025359622920136264,-1,56.33729047849528,55.295439164091746,1.9886100057376979,55.0,,,54.34868047275758,54.54489462268172,54.782027795982685,54.74250670491815,55.22461735567653,55.17429809817166,55.78457971754671,55.69288085208445,56.33729047849528,56.51866878163032
2.0,9.613594040968344,9.613594040968344,0.026182866417453404,-1,56.3335363141819,55.3042118956069,1.9655654723033962,55.0,,,54.3679708418785,54.608911199001646,54.79268070198378,54.7882559939335,55.23535334182717,55.22718681645898,55.79151827816312,55.6188208488743,56.3335363141819,56.451736206728796
3.0,9.613594040968344,9.613594040968344,0.021409707911330168,-1,56.33836767174829,55.32150022785727,1.9426276442504218,55.0,,,54.395740027497865,54.633739806397394,54.8120472236462,54.811694440760775,55.254541460382576,55.22411835856057,55.806804756011424,55.36077381289624,56.33836767174829,56.3087754727575
4.0,9.613594040968344,9.613594040968344,0.02167393775928269,-1,56.34663737863262,55.34139872233889,1.9213019727135503,55.0,,,54.42533540591907,54.55750830273426,54.833832601807174,54.78998893471329,55.276270679143984,55.15673088590398,55.82491754619156,55.473619457207015,56.34663737863262,56.35200511354503
5.0,9.613594040968344,9.613594040968344,0.028703821859599014,-1,56.354883621742104,55.361142873889705,1.9002043419198458,55.0,,,54.45467927982226,54.775158938434906,54.85560785629191,54.90163650396081,55.29778670929154,55.33372446487465,55.842756902300714,55.446443395200525,56.354883621742104,56.319633986504634
6.0,9.613594040968344,9.613594040968344,0.02914789975816785,-1,56.35846527762235,55.3770130947246,1.8775046404924751,55.0,,,54.480960637129876,54.74282855165901,54.874106050161394,54.89884015613656,55.31538162158967,55.303106841405665,55.85615188711971,55.49491339236579,56.35846527762235,56.33093800836168
7.0,9.613594040968344,9.613594040968344,0.029125364794019438,-1,56.361901244546516,55.392629186776034,1.8549881888045547,55.0,,,54.50691305574196,54.78751176570789,54.892491437276085,54.930588300670365,55.33266787809334,55.31446162429171,55.8691723182223,55.42218134627764,56.361901244546516,56.27859813642901
8.0,9.613594040968344,9.613594040968344,0.02955206201111524,-1,56.365507667700214,55.40824784930278,1.8327732260370766,55.0,,,54.53273444166314,54.7260848351301,54.91098214879462,54.908994413921135,55.349903702603854,55.274685731911674,55.88211128575203,55.50422616751922,56.365507667700214,56.313082532839395
9.0,9.613594040968344,9.613594040968344,0.026388259940348,-1,56.368972322992654,55.42362167194906,1.8107312009531427,55.0,,,54.55824112203951,54.66767397436846,54.929354748345766,54.88190887317645,55.36684433395749,55.208275145132816,55.89469583240987,55.44740058253877,56.368972322992654,56.273779722158636
10.0,9.613594040968344,9.613594040968344,0.0334839255319373,-1,56.37475365312145,55.44072928453626,1.789815754211709,55.0,,,54.58493789890974,54.73819703005327,54.94933834822547,54.9348576744362,55.38546590913963,55.29564877925129,55.909150613284964,55.60782049325451,56.37475365312145,56.350677034920295
11.0,9.625488826815644,9.625488826815644,0.032146436128024175,-1,56.37580774456061,55.45391403075733,1.7672704868519205,55.0,,,54.60853725770869,54.745269367678205,54.96596544854173,54.9409758126066,55.40012628497061,55.27271362854071,55.91913341800504,55.54366911107849,56.37580774456061,56.2955350197561
12.0,9.627281191806333,9.627281191806333,0.03913784556195156,-1,56.37796833430165,55.46787077963704,1.7453586652298227,55.0,,,54.632609669071826,54.80777069709539,54.98335367916976,54.993419625209505,55.41551158530728,55.35793675686327,55.929910630334696,55.69554570267949,56.37796833430165,56.3781825778488
13.0,9.639501862197395,9.639501862197395,0.036007036988780015,-1,56.3754801248294,55.477964652104845,1.72185350767392,55.0,,,54.65362661715548,54.757265750837526,54.99742556944257,54.95665711301029,55.42699825288982,55.29860834701751,55.93629269620694,55.635383521330034,56.3754801248294,56.32891098759329
14.0,9.613594040968344,9.613594040968344,0.03956344968818734,-1,56.37533140347108,55.48982386102464,1.6994587044714535,55.0,,,54.675872698999626,54.78241233883803,55.01311971288255,54.98136451624558,55.440204303747436,55.33665060821968,55.94459118602252,55.707864273358844,56.37533140347108,56.36819914210368
15.0,9.613594040968344,9.613594040968344,0.041016040425032214,-1,56.37278743206863,55.499613877089324,1.6763849747758073,55.0,,,54.69640245729282,54.803758332970396,55.02704787787679,54.99876622417666,55.451304275765374,55.34819247776465,55.950527342442996,55.71910097580037,56.37278743206863,56.3605687011007
16.0,9.613594040968344,9.613594040968344,0.0426010971300442,-1,56.36938859489804,55.50859258873756,1.65319416245989,55.0,,,54.71619443243815,54.83528376755731,55.04032077286094,55.02375274634071,55.46155505096399,55.362494276059934,55.95550409252667,55.7246592093986,56.36938859489804,56.34592814858343
17.0,9.613594040968344,9.613594040968344,0.04300802978282999,-1,56.36504329505713,55.51668687605119,1.6298497985083102,55.0,,,54.73519349654882,54.918459412326435,55.052869240583846,55.08363557082816,55.4708849695394,55.36591795031173,55.95944337852673,55.655298835909136,56.36504329505713,56.24991974989436
18.0,9.641945996275608,9.641945996275608,0.04688873638045181,-1,56.3605588850003,55.52454862319346,1.6066613983127311,55.0,,,54.75389748668757,54.95450345729369,55.06526133439498,55.120002903383316,55.47994599965047,55.409315474538396,55.963079410233995,55.71726352004295,56.3605588850003,56.28767168384695
19.0,9.613594040968344,9.613594040968344,0.0441139833221974,-1,56.35365548441677,55.53035969627323,1.5827108194954462,55.0,,,54.77094466492132,54.89306353793214,55.07590735967122,55.05737981230693,55.486924666284146,55.36047393908532,55.96436630607266,55.68396788786254,56.35365548441677,56.256660589813904
20.0,9.613594040968344,9.613594040968344,0.045405661217906235,-1,56.34869122537769,55.53759666852384,1.5597520381663443,55.0,,,54.78893918721135,54.85860670941244,55.08783358932013,55.02961729668559,55.49529223646368,55.36812518302339,55.967227104246355,55.7319946511561,56.34869122537769,56.304740799316825
21.0,9.613594040968344,9.613594040968344,0.046914719092723295,-1,56.3429749456469,55.54411168694362,1.536704690592508,55.0,,,54.80627025505439,54.88648513861312,55.099160778211925,55.053900969446694,55.502906018431354,55.37964775415267,55.96924643737353,55.73775924442125,56.3429749456469,56.290636343119395
22.0,9.613594040968344,9.613594040968344,0.05028511851617333,-1,56.33635728867503,55.549784705639446,1.5135108017660812,55.0,,,54.82284648690895,54.945980647388566,55.10977939428827,55.113517212595916,55.509647229271096,55.41504008896944,55.97029312905392,55.76342159752177,56.33635728867503,56.290096627658755
23.0,9.613594040968344,9.613594040968344,0.05530745148921541,-1,56.327563455272085,55.55358527568732,1.489684428374801,55.0,,,54.83787902689728,54.9712748418813,55.11877899759685,55.15166834004612,55.51448805091593,55.47206376961931,55.96921684775448,55.847767716908145,56.327563455272085,56.37257161906636
24.0,9.613594040968344,9.613594040968344,0.05244069040513528,-1,56.31546661612646,55.55459968029927,1.4648016247795113,55.0,,,54.850664991346946,54.954569112228846,55.1253512585365,55.115672051974336,55.51651700940576,55.425252048714455,55.96499852608068,55.78361150849932,56.31546661612646,56.28623437597165
25.0,9.613594040968344,9.613594040968344,0.05516418827123825,-1,56.30547580049233,55.557200926264876,1.4409247378032077,55.0,,,54.864551062689124,54.97982544181624,55.133340895325446,55.14528139234481,55.520101283734746,55.45121800254499,55.96253558908273,55.81402691642386,56.30547580049233,56.306650162183004
26.0,9.613594040968344,9.613594040968344,0.05711692296012169,-1,56.293756123182376,55.55829037453047,1.4165887779697428,55.0,,,54.877167345212634,55.001582729052835,55.14001739374759,55.168219766322196,55.52214791830622,55.46657983056257,55.95836309220356,55.8288243682312,56.293756123182376,56.3088715169576
27.0,9.613594040968344,9.613594040968344,0.059330903708665395,-1,56.28083847998618,55.55829664024493,1.391997667773083,55.0,,,54.8888408122131,55.028059708124935,55.145754564973025,55.197626468468336,55.52308570144011,55.484559153375336,55.95296364261228,55.844824734012086,56.28083847998618,56.312127795340565
28.0,9.613594040968344,9.613594040968344,0.059180141569630626,-1,56.26654629264744,55.55707627600621,1.3670857888078132,55.0,,,54.89946050383963,55.035539706849946,55.15042270233477,55.19555341297128,55.52277218031082,55.47289529276018,55.946179700898355,55.82423918063704,56.26654629264744,56.270894433919416
29.0,9.613594040968344,9.613594040968344,0.05970904233932296,-1,56.252498647375546,55.555941001886154,1.3424655357447648,55.0,,,54.91003311163078,55.04560098230879,55.15517431512483,55.20006260179026,55.522518061142534,55.4700950465053,55.93948087415706,55.815823403523076,56.252498647375546,56.2466287028675
30.0,9.613594040968344,9.613594040968344,0.061535593202459604,-1,56.238228217825096,55.5545141791491,1.3179567973710888,55.0,,,54.92027142045401,55.06258686785582,55.159674936913866,55.21965088888693,55.52194805368209,55.48326039622093,55.93244826687047,55.828009145436916,56.238228217825096,56.2516381798589
31.0,9.613594040968344,9.613594040968344,0.05735816787983457,-1,56.22284772066869,55.5520773773168,1.293223722613348,55.0,,,54.92962399805534,54.977195945157355,55.163288632391485,55.09420859559571,55.52034542753224,55.42949497425725,55.924281107936224,55.787785254125374,56.22284772066869,56.21755117515618
32.0,9.613594040968344,9.613594040968344,0.059355222664231475,-1,56.2104571083453,55.55195769492506,1.269806079234904,55.0,,,54.9406510291104,55.00865979584631,55.16894647816243,55.133664981381465,55.52103382380014,55.4434473519515,55.91870003520703,55.79504071628911,56.2104571083453,56.20933884234505
33.0,9.613594040968344,9.613594040968344,0.06215474528226954,-1,56.196831121976665,55.55073199831585,1.2461067490490905,55.0,,,54.950724372927574,55.016888460553204,55.17362813971495,55.15268695918515,55.52059522756504,55.469067370127895,55.911881129395,55.829518199578274,56.196831121976665,56.25827413091017
34.0,9.613594040968344,9.613594040968344,0.06565537326518378,-1,56.181425208168584,55.54795730315251,1.221923739503822,55.0,,,54.95950146866476,55.08705972208111,55.17694017988002,55.24705776497447,55.51858779285277,55.49658520004863,55.90333186619642,55.83877742020422,56.181425208168584,56.237719418378624
35.0,9.613594040968344,9.613594040968344,0.06402003219787614,-1,56.16376646842287,55.54324765709076,1.1970841308293174,55.0,,,54.966682337593554,55.100830507912555,55.178539234656775,55.24278670986121,55.514626564859945,55.46678435362643,55.892623679920625,55.78846295225521,56.16376646842287,56.13943397401305
36.0,9.613594040968344,9.613594040968344,0.0647735727906608,-1,56.147360855021006,55.539450205736316,1.1729008751467944,55.0,,,54.97445997987421,55.10883858696509,55.18093564857475,55.24768252690739,55.511555992993905,55.46711516706398,55.88293855221773,55.78397515156983,56.147360855021006,56.12613858690392
37.0,9.613594040968344,9.613594040968344,0.06556441828074515,-1,56.130575159202905,55.53524083750226,1.148758598181388,55.0,,,54.98181656102152,55.119020716856646,55.18295895750815,55.25579256863102,55.50805413644449,55.467592169672834,55.87279937333422,55.778632869179376,56.130575159202905,56.11076835596902
38.0,9.613594040968344,9.613594040968344,0.06420959051627699,-1,56.11338385871726,55.53059961161027,1.124646595881181,55.0,,,54.98873726283608,55.06689554158668,55.18458963502557,55.17294984193073,55.504101660808054,55.448351562483325,55.86218564066443,55.772516204262075,56.11338385871726,56.12463390952534
39.0,9.613594040968344,9.613594040968344,0.06377724423954773,-1,56.09724629778702,55.526714779922564,1.1011055645445609,55.0,,,54.996140733242456,55.02696860826902,55.186875543002934,55.11231487689783,55.50088614405623,55.43859716856646,55.85242518152419,55.775880767021405,56.09724629778702,56.15023281450194
40.0,9.633147113594042,9.633147113594042,0.06576455888596813,-1,56.081529668526954,55.523074586349935,1.077894750817613,55.0,,,55.00363491770934,55.071198499462625,55.18936334888303,55.176466270127484,55.49789698169008,55.44928422917857,55.84294801494025,55.771672638771825,56.081529668526954,56.11867742487529
41.0,9.619622905027937,9.619622905027937,0.06627102254408714,-1,56.064658452934204,55.51841150259848,1.054400708323989,55.0,,,55.010257744610215,55.05134429408667,55.190939770868376,55.1467548469849,55.49386853885305,55.44831710403619,55.83233300572657,55.77879471263697,56.064658452934204,56.14394414373129
42.0,9.613594040968344,9.613594040968344,0.06606775018327823,-1,56.04752043132509,55.51342536902248,1.0309984213342318,55.0,,,55.01652200999086,55.06532376153384,55.192207553027345,55.15733239851621,55.48950031533962,55.43652767655468,55.82137653542948,55.75530290486637,56.04752043132509,56.08907549453983
43.0,9.613594040968344,9.613594040968344,0.06823672636920675,-1,56.030624280956225,55.50853673614557,1.0078639852592701,55.0,,,55.022760295696955,55.07639879849795,55.19354034187434,55.18086949878559,55.485212986148575,55.451506767883934,55.810545776051754,55.77130075127008,56.030624280956225,56.11903864085402
44.0,9.613594040968344,9.613594040968344,0.06895220528681908,-1,56.01238052689,55.502455752476315,0.9844004746810242,55.0,,,55.027980052208974,55.098139079959736,55.1937986389505,55.208878788117914,55.47971840502127,55.44940338234953,55.79840113931085,55.75748516593858,56.01238052689,56.08090691004267
45.0,9.613594040968344,9.613594040968344,0.06625251047826802,-1,55.993778733567346,55.49598822198258,0.9609746014043097,55.0,,,55.03280413216304,55.060450594548,55.19369360824869,55.12973024599066,55.473822052708705,55.41446400934902,55.785842583225104,55.72376159823238,55.993778733567346,56.03210994216988
46.0,9.613594040968344,9.613594040968344,0.06415852753930146,-1,55.97713294822825,55.491022420201105,0.9384357301499477,55.0,,,55.038697218078305,55.06533491631897,55.194894995093996,55.115951900872915,55.46941099643513,55.384196078325004,55.77497594316984,55.676701231639655,55.97713294822825,55.929575487040694
47.0,9.613594040968344,9.613594040968344,0.06402581635283532,-1,55.962023802384735,55.4872208222208,0.9166211842242049,55.0,,,55.04540261816053,55.06965442014985,55.19710376087032,55.115382416017134,55.466148540077484,55.37565930010821,55.76542538961092,55.66089989215121,55.962023802384735,55.897352071286804
48.0,9.613594040968344,9.613594040968344,0.0645137335926071,-1,55.947116647459225,55.48349782721639,0.8950347934680707,55.0,,,55.052081853991155,55.095036537370504,55.19935837372941,55.15013254692566,55.462950482557325,55.37288105910375,55.755981778344854,55.64269271894765,55.947116647459225,55.84827272261147
49.0,9.613594040968344,9.613594040968344,0.06591542964253128,-1,55.93198969772232,55.47951046323497,0.8735197725565484,55.0,,,55.058469925165774,55.108730510541065,55.201354280347445,55.173757804756974,55.45947454504531,55.38030881806037,55.746263867894015,55.64467771230515,55.93198969772232,55.853370796801414
50.0,9.613594040968344,9.613594040968344,0.06882166541461368,-1,55.91602480581556,55.474754479921295,0.8518493214047993,55.0,,,55.06417548441076,55.10811482036432,55.202643868377415,55.186563938535215,55.455217255834974,55.403133588345575,55.73571098516777,55.67692482017076,55.91602480581556,55.93825345300793
51.0,9.613594040968344,9.613594040968344,0.06881891176461369,-1,55.898207345438344,55.46840040357116,0.8296544573767051,55.0,,,55.06855288806164,55.1300028957856,55.20249104147689,55.21358430900248,55.44935011818448,55.39508215405343,55.72340062469446,55.652156710001364,55.898207345438344,55.8752554296866
52.0,9.613594040968344,9.613594040968344,0.06878275344993424,-1,55.880508637178636,55.462057319185575,0.807658002723862,55.0,,,55.072850634454774,55.12415267782117,55.202320351890016,55.19710522519146,55.44348129347991,55.38783984854012,55.71112567892455,55.64270185895107,55.880508637178636,55.866069858559094
53.0,9.613594040968344,9.613594040968344,0.06977781506432612,-1,55.86294968576831,55.45574364749247,0.7858654830786733,55.0,,,55.07708420268963,55.158857248789396,55.20214742332569,55.25210041077727,55.43762955105001,55.390016725721175,55.698907374628696,55.62531326119908,55.86294968576831,55.81381772332387
54.0,9.613594040968344,9.613594040968344,0.07042168613128647,-1,55.84483314850617,55.44889030040294,0.7640214019067102,55.0,,,55.08081174659946,55.15800420807586,55.201467000399035,55.24734917556056,55.431226559466474,55.389525460837376,55.68611304704355,55.62274001169686,55.84483314850617,55.820613279976726
55.0,9.613594040968344,9.613594040968344,0.0715711065184092,-1,55.8263971406955,55.44169211585179,0.7422124217945836,55.0,,,55.084184718900914,55.16531388041133,55.20045100269165,55.259742478408825,55.42446733092752,55.39356656288601,55.672960386043336,55.622765904135456,55.8263971406955,55.82906713528734
56.0,9.613594040968344,9.613594040968344,0.07290097735169793,-1,55.80730134115047,55.4338710053544,0.7203147067172964,55.0,,,55.086986634433174,55.1552234719768,55.19885197712519,55.24511751598284,55.41707427545519,55.398960180228976,55.65914079860796,55.63519226660041,55.80730134115047,55.87969248868539
57.0,9.613594040968344,9.613594040968344,0.06763338086751555,-1,55.7874260653145,55.42532882214904,0.6982855887647048,55.0,,,55.089140476549794,55.1090427577337,55.19658197808452,55.12635275481271,55.408949597592745,55.34161030075599,55.64454599320364,55.57342760060848,55.7874260653145,55.76212302427216
58.0,9.613594040968344,9.613594040968344,0.06953971413772178,-1,55.7712141016883,55.41970335074463,0.6777316547948189,55.0,,,55.09348244689348,55.10854573042613,55.196868801705996,55.13452403912219,55.403729006637064,55.352459576314565,55.63322239679834,55.58997274632424,55.7712141016883,55.8168507493881
59.0,9.613594040968344,9.613594040968344,0.0707582572904879,-1,55.75382370594178,55.413035685849664,0.6568917212494867,55.0,,,55.09693198469229,55.12398714558471,55.19619885287,55.16542475585479,55.39745652454984,55.35666794145431,55.62076736119443,55.58701544854994,55.75382370594178,55.810903108864714
60.0,9.613594040968344,9.613594040968344,0.06954973443919474,-1,55.735721224636045,55.40570679667868,0.6359364281832924,55.0,,,55.09978479645275,55.13668313250889,55.19490952082399,55.1750573770378,55.39051312460368,55.33880560705019,55.60760531687697,55.55079016976899,55.735721224636045,55.71995324270235
61.0,9.613594040968344,9.613594040968344,0.07133992194205856,-1,55.71853956021995,55.39905470292464,0.6154545485509999,55.0,,,55.10308501166895,55.147048265654604,55.19418847889451,55.20002177113989,55.384236272978,55.34859968816212,55.59522419086176,55.55867545289259,55.71853956021995,55.74873951845593
62.0,9.613594040968344,9.613594040968344,0.07139373010647182,-1,55.700260338776665,55.391427000052566,0.5947160396388753,55.0,,,55.10554429913779,55.136146251583206,55.19256774268469,55.17620692240803,55.376974829871195,55.34172185699255,55.58178778979252,55.55411939192587,55.700260338776665,55.7580520212019
63.0,9.613594040968344,9.613594040968344,0.07189005009175851,-1,55.682052695793146,55.38378147318356,0.5741429822109083,55.0,,,55.10790971358224,55.153157145104664,55.19089758868816,55.20555367009724,55.36968625346744,55.33980138249966,55.5683611143868,55.53957671677183,55.682052695793146,55.72187576624567
64.0,9.613594040968344,9.613594040968344,0.07188912708134164,-1,55.6636187338452,55.37587467865374,0.5536269886570508,55.0,,,55.10999174518815,55.14780004143755,55.18896132817379,55.19103468508676,55.36212748810437,55.33267326028766,55.55467409795719,55.53108269290961,55.6636187338452,55.71771951712184
65.0,9.613594040968344,9.613594040968344,0.07237943580650458,-1,55.645291970616626,55.36798071144648,0.5332869511063834,55.0,,,55.11200501951024,55.171649360805596,55.18700221604676,55.23307942576184,55.35457271500478,55.33139511847371,55.54103163605398,55.5123564797573,55.645291970616626,55.66607100171698
66.0,9.613594040968344,9.613594040968344,0.07132647411130533,-1,55.62674210933921,55.3598294229336,0.5130030953208049,55.0,,,55.11373901401841,55.158875772132454,55.18477978536333,55.197500872712624,55.346752167308814,55.31504810835213,55.52713403863822,55.49360929274652,55.62674210933921,55.639903632007076
67.0,9.613594040968344,9.613594040968344,0.07060651610306858,-1,55.60900266499713,55.352269761125115,0.49314412907242655,55.0,,,55.1158585359247,55.1415371614138,55.18304870901197,55.15635572765568,55.33951457552358,55.30133559446988,55.51392432016818,55.48273328746981,55.60900266499713,55.6380111479231
68.0,9.613594040968344,9.613594040968344,0.07332404505538492,-1,55.591846711256004,55.34511744711439,0.4736252213024059,55.0,,,55.1182214899536,55.169574278503624,55.181645109060796,55.22193455295866,55.332675999756376,55.31973198489077,55.501197925545135,55.49294713076606,55.591846711256004,55.664122493682626
69.0,9.613594040968344,9.613594040968344,0.07084872736550446,-1,55.57297220240306,55.33648305702586,0.45362290765294944,55.0,,,55.11934929475011,55.14047119408598,55.17888785162155,55.1475576896318,55.32434817707408,55.29011173512515,55.486857759280525,55.46470215443914,55.57297220240306,55.62096291190371
70.0,9.613594040968344,9.613594040968344,0.07178631335053759,-1,55.55585652297841,55.32922187859607,0.4343793832982996,55.0,,,55.12147713968011,55.14529029985762,55.177317211679714,55.15947046534935,55.317385182755494,55.29179826433595,55.47407333588666,55.46423832445041,55.55585652297841,55.63256443271613
71.0,9.613594040968344,9.613594040968344,0.07565122098688419,-1,55.53821185083934,55.32145706232005,0.4150744437548042,55.0,,,55.123137407084535,55.18037683720945,55.175262956715855,55.24655674507309,55.30991129840196,55.31996870125766,55.46076179855857,55.48578045123874,55.53821185083934,55.6868538529095
72.0,9.613594040968344,9.613594040968344,0.07540346210811028,-1,55.51808538847036,55.31158291910297,0.3950152743755737,55.0,,,55.12307011409479,55.18410329286856,55.17129514474168,55.247827564338735,55.300321749493484,55.31129276608092,55.4451421987145,55.46856372609904,55.51808538847036,55.65228191426629
73.0,9.613594040968344,9.613594040968344,0.07357007988802525,-1,55.49823115821269,55.30186091232922,0.3751855269811486,55.0,,,55.12304563123154,55.173675010198295,55.16742666541883,55.21242205166377,55.29087711477949,55.288687798036094,55.429723992003524,55.438269818687,55.49823115821269,55.58984315397829
74.0,9.613594040968344,9.613594040968344,0.0730354114777229,-1,55.479704567585834,55.293160347540855,0.3559570580262488,55.0,,,55.123747509559585,55.18192197025564,55.16443176142658,55.221609866921824,55.282446515034174,55.27888582063997,55.415471384098076,55.415123329561936,55.479704567585834,55.53493643620266
75.0,9.613594040968344,9.613594040968344,0.07442232172608662,-1,55.46163390716712,55.2847668087643,0.33701605886550823,55.0,,,55.12461784830161,55.1781055489097,55.16167427921436,55.2171942686319,55.27431605217427,55.28334218065329,55.40159195696412,55.4257046450195,55.46163390716712,55.588591025141625
76.0,9.613594040968344,9.613594040968344,0.07489783003876782,-1,55.44273697111577,55.275626406695984,0.3179068463414083,55.0,,,55.12483012477436,55.16935940484651,55.158215164347,55.19866939003821,55.26543245952352,55.27953707400689,55.38691731371928,55.426733699630454,55.44273697111577,55.61647521780327
77.0,9.613594040968344,9.613594040968344,0.07321938120052206,-1,55.42362330354976,55.2662402283176,0.2988462074472267,55.0,,,55.124777096102534,55.16332556076438,55.15450067254708,55.17478274853391,55.25629677102225,55.259002280584994,55.37200329836636,55.396891707315994,55.42362330354976,55.54953966854812
78.0,9.613594040968344,9.613594040968344,0.07362625769792511,-1,55.405725958463215,55.25778856858578,0.28033913111465125,55.0,,,55.125386827348564,55.19532222381606,55.15158285394305,55.239126595322176,55.24808897628444,55.25987284367891,55.35815822688967,55.37283194504743,55.405725958463215,55.47261957193716
79.0,9.613594040968344,9.613594040968344,0.0734429997988508,-1,55.38765301939961,55.249127562135094,0.2618904839298608,55.0,,,55.12576253546975,55.18539067242685,55.14844213074903,55.212987912112865,55.23966583897266,55.25138785736311,55.34411428608445,55.36601292270865,55.38765301939961,55.48054338537913
80.0,9.607076350093111,9.607076350093111,0.07169683830897194,-1,55.3697967636905,55.240580687283554,0.24363787670464632,55.0,,,55.126158886985856,55.18245277712222,55.14536691024452,55.1940069888455,55.23135086755288,55.23180549048618,55.33023000794404,55.334014056852574,55.3697967636905,55.40617679814059
81.0,9.58100558659218,9.58100558659218,0.07025822713150309,-1,55.35316962676894,55.23297894988914,0.22594388317008196,55.0,,,55.127225743598856,55.178486550717274,55.143095943419624,55.17454381003225,55.223974910774636,55.2149615088646,55.31742852488363,55.30733868851014,55.35316962676894,55.34896578128867
82.0,9.58100558659218,9.58100558659218,0.07177571457905874,-1,55.33749033872215,55.226080488991386,0.20873003000096446,55.0,,,55.12876030872118,55.20875800076387,55.14140615021601,55.24129414012211,55.2172963425848,55.22559875499143,55.30544930471279,55.30018434683478,55.33749033872215,55.32596388949931
83.0,9.608542830540038,9.608542830540038,0.07351428107708857,-1,55.32088912290848,55.21836275019241,0.19130301181899512,55.0,,,55.12958611108949,55.20811058869214,55.13894951384669,55.24290976246016,55.2097933374532,55.23348208272316,55.29259566566418,55.31453881891038,55.32088912290848,55.39358932908204
84.0,9.613594040968344,9.613594040968344,0.06930698436606653,-1,55.303323493032494,55.209807427793365,0.17361469636119864,55.0,,,55.129708796671295,55.14594077389704,55.13572029579222,55.08698606923596,55.20144774933796,55.187413480520085,55.278836804132816,55.286183487836574,55.303323493032494,55.374526331634925
85.0,9.613594040968344,9.613594040968344,0.0685209016450924,-1,55.28865423902775,55.20358338610972,0.15704735733029196,55.0,,,55.13160688169746,55.13717216689051,55.13453828013531,55.06418564783347,55.19542747560741,55.17494194211696,55.267690054080674,55.27286207244964,55.28865423902775,55.357091588255095
86.0,9.613594040968344,9.613594040968344,0.06621999782909321,-1,55.274585354344374,55.19779816329857,0.14087268159823907,55.0,,,55.13379019795998,55.14581599936664,55.133712672746135,55.07155621298256,55.189840849622385,55.15428567246458,55.25706174181996,55.228745053569426,55.274585354344374,55.23051010827671
87.0,9.613594040968344,9.613594040968344,0.06668440253784261,-1,55.262116774980285,55.19327830485702,0.12813483824194805,55.0,,,55.13691212185226,55.14454242058928,55.13398193673834,55.069392576016696,55.18551429342384,55.15316766908992,55.24786639729036,55.228548877459,55.262116774980285,55.24976390684847
88.0,9.613594040968344,9.613594040968344,0.06801944541535666,-1,55.24941251925061,55.18851132502154,0.11541683005388848,55.0,,,55.13978269001608,55.18243473135724,55.13399568919672,55.15536943614829,55.18093594099851,55.16469643387101,55.23842978564576,55.216000415274394,55.24941251925061,55.199779395189104
89.0,9.613594040968344,9.613594040968344,0.06747548640322888,-1,55.235897289884925,55.18302230405091,0.10256756500140085,55.0,,,55.14202696594297,55.1659237910458,55.133329724883524,55.113074328622844,55.17563113048229,55.15385920217679,55.22822640906081,55.211266294845586,55.235897289884925,55.21896014930185
90.0,9.613594040968344,9.613594040968344,0.0679514270481546,-1,55.22281590423114,55.177838321870865,0.089914170210875,55.0,,,55.144454632990026,55.1745538858324,55.132901734020265,55.13110926079104,55.17062674135893,55.15449595408181,55.218392596753965,55.20516405542813,55.22281590423114,55.21239033228756
91.0,9.613594040968344,9.613594040968344,0.0698690931359696,-1,55.20949243289952,55.172402174162144,0.07727843576029869,55.0,,,55.14662677877711,55.20778240137388,55.132213997139225,55.20842161310833,55.16536584988428,55.169766083305575,55.208311812110566,55.20321653297329,55.20949243289952,55.19999112373903
92.0,9.613594040968344,9.613594040968344,0.06667953692671341,-1,55.197114543521636,55.16592766066128,0.0665507365528768,55.0,,,55.14792218685401,55.17659723874287,55.13056380696876,55.12103881669775,55.159062581922925,55.13734007769113,55.197114543521636,55.17193310701029,55.194975184039095,55.147403935000355
93.0,9.613594040968344,9.613594040968344,0.06759867189975462,-1,55.187884016829926,55.16120290584323,0.05744025603381431,55.0,,,55.15054232254296,55.19947275412022,55.13044376079611,55.17160104351996,55.15450438742105,55.144116086028625,55.187884016829926,55.163457468205046,55.1826400416261,55.12235108593299
94.0,9.613594040968344,9.613594040968344,0.06647679178855426,-1,55.17813831127768,55.15598368159728,0.048290553882957,55.0,,,55.15271744882165,55.162336942389416,55.12984775739472,55.08023050111233,55.149447776711284,55.125617868475175,55.17813831127768,55.16458758168516,55.16976711378106,55.176463098085776
95.0,9.613594040968344,9.613594040968344,0.06442789087661019,-1,55.16910877378327,55.15138387048019,0.0393366926346701,55.0,,,55.155327694573145,55.13926534457389,55.1297720811486,55.0191566740704,55.1450064352217,55.10288081791344,55.16910877378327,55.14526577400903,55.15770436767421,55.15030453130165
96.0,9.63445065176909,9.63445065176909,0.06263014948399304,-1,55.16135242008855,55.14790774859409,0.030684175095117894,55.0,,,55.15877372705177,55.13466488846011,55.13066824499343,55.00139438922388,55.141684622110965,55.08563532063236,55.16135242008855,55.11857301038127,55.147059728725765,55.084241287635784
97.0,9.646182495344508,9.646182495344508,0.06483854069390613,-1,55.16302492338359,55.145492850616776,0.030535926870676633,55.0,,,55.16302492338359,55.126765999843684,55.13248899651291,54.99231419195747,55.1394200235735,55.09608518591098,55.15479165184982,55.148335128917545,55.13773865776404,55.20121398176314
98.0,9.643901303538176,9.643901303538176,0.06622799362159856,-1,55.16632071730102,55.14192048423814,0.03925739951696272,55.0,,,55.16632071730102,55.16421128881233,55.1332459207175,55.08219394991611,55.13599458722661,55.10897244670458,55.146977878161515,55.13865201018025,55.12706331778406,55.1528857030815
99.0,9.613594040968344,9.613594040968344,0.06550335520992713,-1,55.16896234728454,55.1375875478338,0.053436012525523324,55.0,,,55.16896234728454,55.171571312308515,55.13328871481699,55.09344269041057,55.131805175924455,55.101707597805316,55.138355166383995,55.11881126222768,55.11552633475902,55.099495103634766
100.0,9.613594040968344,9.613594040968344,0.06902621062357021,-1,55.17175928838928,55.133544697172894,0.06733942826182471,55.0,,,55.17175928838928,55.2147026649795,55.13354713988754,55.2007859858162,55.12790225608814,55.13107282692313,55.130094941372064,55.13379200059596,55.10441986012746,55.13019390305439
101.0,9.613594040968344,9.613594040968344,0.06630470409683742,-1,55.17299012738331,55.127588309494556,0.08193304579139493,55.0,,,55.17299012738331,55.205738942513086,55.13206015671015,55.164343057994955,55.122082819254764,55.106964548510426,55.11975136253266,55.096545678871145,55.09105708159191,55.03723184104142
102.0,9.583286778398511,9.583286778398511,0.06431202473323505,-1,55.175349260548565,55.12312319472659,0.09579491204361545,55.0,,,55.175349260548565,55.16532971005497,55.13187637416926,55.060110359144545,55.11775098198044,55.08199269740812,55.11108500842971,55.089492028268225,55.07955434850495,55.06731208172335
103.0,9.576280260707636,9.576280260707636,0.06271918357350441,-1,55.17841258334781,55.11963874929917,0.10909832578686718,55.0,,,55.17841258334781,55.158694318167846,55.13252754753256,55.03723564771745,55.11439633268158,55.06651342848642,55.10354302537293,55.06752552049279,55.06931425756094,55.01757929152291
104.0,9.548417132216017,9.548417132216017,0.061905543123901424,-1,55.182094157089495,55.11700084306731,0.1219398922467434,55.0,,,55.182094157089495,55.15290116683099,55.133902987076425,55.01933806593833,55.111884884157526,55.056841335891455,55.09696792217037,55.055962628200916,55.06015426484275,55.000668818509375
105.0,9.529678770949722,9.529678770949722,0.06235291435027116,-1,55.18598234056524,55.114707590899705,0.13450037830910588,55.0,,,55.18598234056524,55.150686008421644,55.13554560759839,55.014694286052645,55.109714929055514,55.05654288088093,55.090813115023295,55.0593613734933,55.05148196225613,55.02879565475009
106.0,9.515828677839853,9.515828677839853,0.06344003564489743,-1,55.18956673475301,55.11210535462051,0.14706660837827457,55.0,,,55.18956673475301,55.15405638036266,55.13687356598693,55.02561119170614,55.10723304822017,55.06156344824638,55.08435329776775,55.067879500319286,55.04250012637473,55.06794603968283
107.0,9.515828677839853,9.515828677839853,0.06480438325608501,-1,55.19258901831711,55.108864244725474,0.15978193454901657,55.0,,,55.19258901831711,55.17790159745982,55.13759325793785,55.084347373687635,55.10410948998087,55.072604285281564,55.07722237362346,55.06713569069678,55.03280708376809,55.05936794759144
108.0,9.515828677839853,9.515828677839853,0.0645893811433998,-1,55.19497990116897,55.10488501988849,0.17270640184466401,55.0,,,55.19497990116897,55.165627336028436,55.137621055487905,55.05313179970538,55.1002451051608,55.06533509086164,55.06930553830046,55.06750391328911,55.02227349932431,55.08595426128857
109.0,9.501652700186222,9.501652700186222,0.06427900128712966,-1,55.19742157949817,55.1010283935589,0.1854828101507806,55.0,,,55.19742157949817,55.18717553042855,55.137728637673824,55.10021614174811,55.096500508054305,55.06468373997662,55.06155247322081,55.04563233070621,55.01193876934739,55.010095361220486
110.0,9.483240223463689,9.483240223463689,0.06329893674082791,-1,55.19990389324914,55.097294246664866,0.19809117024124134,55.0,,,55.19990389324914,55.18613870283722,55.137910801394945,55.091020639676444,55.0928756404526,55.05509630466248,55.05396817521975,55.028880540056186,55.0018127230079,54.97240143562056
111.0,9.455051210428309,9.455051210428309,0.06373924518712434,-1,55.20270136516786,55.094031217688766,0.21038325332526142,55.0,,,55.20270136516786,55.189182103537,55.13847889786681,55.096120266955246,55.08971914566617,55.056059583000625,55.04693856790042,55.02889538764824,54.9923181118426,54.986206543406446
112.0,9.41806331471136,9.41806331471136,0.06344702624149715,-1,55.205165157867725,55.090430222152165,0.22267987945232193,55.0,,,55.205165157867725,55.202204094968046,55.13870392643795,55.121905394975656,55.08622214418677,55.054294134650085,55.039574603853005,55.01276956911433,54.9824852784154,54.93840293721711
113.0,9.41806331471136,9.41806331471136,0.06359757134276822,-1,55.20758017272738,55.08685814104983,0.2348170742550053,55.0,,,55.20758017272738,55.20676315271815,55.13891190126193,55.12863887154175,55.08275151039561,55.05380370395221,55.03228402239188,55.00787635839472,54.97276309847238,54.93597876692804
114.0,9.401443202979518,9.401443202979518,0.06115749014566599,-1,55.20989058000042,55.08320911405159,0.24689506123839067,55.0,,,55.20989058000042,55.18701526585119,55.139022008755354,55.07039090675538,55.07920148718072,55.03078121556061,55.02493597555944,54.98360338911108,54.96299551876203,54.89015206380351
115.0,9.385474860335195,9.385474860335195,0.06164736379992742,-1,55.21315627522297,55.08083120514643,0.25833723118137186,55.0,,,55.21315627522297,55.19185632238618,55.1402379469594,55.08012828025014,55.076919972247595,55.03289267787844,55.019022787260624,54.983887674450656,54.9548190440416,54.90290969455092
116.0,9.354841713221605,9.354841713221605,0.0649430852729043,-1,55.2161139154506,55.0781318903361,0.2698024636077534,55.0,,,55.2161139154506,55.23814168743715,55.14113126926489,55.19511798808379,55.07431476453439,55.062776313273666,55.01278805058776,54.99567665271992,54.946311451842845,54.91812518776029
117.0,9.352886405959032,9.352886405959032,0.06574662207355976,-1,55.217496436568375,55.07353294363062,0.28191354122071743,55.0,,,55.217496436568375,55.236358176058786,55.14028003039633,55.187443365856595,55.06980792452192,55.06510751111568,55.0044974313188,55.00334063552342,54.93558289534766,54.96344405215102
118.0,9.340828677839852,9.340828677839852,0.06351420434758107,-1,55.21848564473167,55.06849662822202,0.29410927897578176,55.0,,,55.21848564473167,55.21027139706034,55.13900747468165,55.11440070037825,55.06486154950554,55.04170787131833,54.995752106435354,54.985615282374766,54.92437636575589,54.94409366558491
119.0,9.32029795158287,9.32029795158287,0.06337010044881751,-1,55.2203582199722,55.064636651864646,0.3057153119083935,55.0,,,55.2203582199722,55.2019162846395,55.1387588725581,55.091446508789815,55.06108915742017,55.03618003652864,54.98833410130893,54.98547954642954,54.914642908063804,54.965377008647486
120.0,9.32029795158287,9.32029795158287,0.06019935881000384,-1,55.2221809928233,55.06078550109921,0.31720069152899555,55.0,,,55.2221809928233,55.18753314605752,55.138483135215495,55.04590075578285,55.05732346179484,55.009464755420616,54.980959614368146,54.94872688223146,54.9049803012943,54.86949450677471
121.0,9.287220670391063,9.287220670391063,0.06290562001554545,-1,55.225338848483375,55.05866208739947,0.3278970798291425,55.0,,,55.225338848483375,55.223567356874476,55.139731974788845,55.13674184369355,55.055283199007825,55.03336791819816,54.97551464606303,54.959810119632905,54.89744176865423,54.88872089938324
122.0,9.255121042830542,9.255121042830542,0.06355433036243135,-1,55.22716963946622,55.05495101661487,0.3391117731199671,55.0,,,55.22716963946622,55.24181494832717,55.13951565315843,55.177294069285125,55.05165347379031,55.03956420307721,54.96835845031314,54.953726030011104,54.88805786634625,54.868620236315195
123.0,9.255121042830542,9.255121042830542,0.06370449883198079,-1,55.22856678563817,55.05077588866108,0.35038422650667655,55.0,,,55.22856678563817,55.25729125891463,55.13884389445492,55.20862933753338,55.047557773069244,55.04194234596177,54.96072843101154,54.942461768764204,54.878182559131496,54.83513499381828
124.0,9.233612662942274,9.233612662942274,0.06237076644480395,-1,55.22986308353546,55.04652497892922,0.3616034956167695,55.0,,,55.22986308353546,55.239539149089545,55.13807757760268,55.15637079675391,55.04338438187904,55.02700281645373,54.95304026371022,54.932227189171684,54.86825958791869,54.834698817473914
125.0,9.222532588454378,9.222532588454378,0.06439938503362821,-1,55.23162287600451,55.04292582728037,0.37244309508052,55.0,,,55.23162287600451,55.26668365943876,55.13786276603263,55.22147564889285,55.03986078483967,55.04445013315472,54.94610292860107,54.939253297218244,54.85917978092399,54.850810670481806
126.0,9.219599627560523,9.219599627560523,0.061641544348089064,-1,55.2324294115786,55.03819004377235,0.3836467456631141,55.0,,,55.2324294115786,55.25146396675833,55.13659634244188,55.17103902114573,55.035198868013154,55.02077921205036,54.93794293091267,54.90831251736142,54.848782665915486,54.77876282773998
127.0,9.189944134078214,9.189944134078214,0.06229632656431698,-1,55.23438411599808,55.03494700468532,0.3941580979332642,55.0,,,55.23438411599808,55.2658290033401,55.136644786286084,55.20118626455653,55.032027731263824,55.02660540160593,54.93145237181377,54.90522384589417,54.84022601806482,54.772992884870284
128.0,9.189944134078214,9.189944134078214,0.06130616369764349,-1,55.23591366232721,55.03124519054195,0.4047339758096484,55.0,,,55.23591366232721,55.272278025568305,55.1362444030521,55.2070989151419,55.02839612787322,55.0199350839793,54.92449207293967,54.88488672536549,54.83117968651756,54.717459467167096
129.0,9.165991620111733,9.165991620111733,0.06103286582192365,-1,55.237838242447275,55.028085633933244,0.41501259489608344,55.0,,,55.237838242447275,55.25561301476088,55.13630628110235,55.16002918813271,55.025305027705116,55.01256198091122,54.918152970860284,54.88902653250091,54.82282564755119,54.76396167950635
130.0,9.15735567970205,9.15735567970205,0.06314317474969991,1,55.239761055257226,55.02499153630085,0.4251540920259842,55.0,,,55.239761055257226,55.286606984959604,55.13639323589487,55.234536053787004,55.022277721006645,55.03174061073064,54.91191870611431,54.89533156728188,54.81460696323124,54.77351006862533
131.0,9.11939013035382,9.11939013035382,0.06549780888350762,1,55.22630561868619,55.020725435337134,0.40688071974116724,55.0,,,55.22630561868619,55.27705022124832,55.1281980788756,55.23893994686236,55.01807692713067,55.04597196312318,54.911621653048165,54.928079208838525,54.81942489894502,54.88583836127953
132.0,9.092178770949722,9.092178770949722,0.0636850279328935,1,55.21126098109251,55.01505030203562,0.3882447026027904,55.0,,,55.21126098109251,55.24915151050464,55.118438779707226,55.18982402400777,55.012465661111264,55.02855920292892,54.91006980977733,54.916110449100664,54.82301627848972,54.86251320460959
133.0,9.092178770949722,9.092178770949722,0.061934360079217356,1,55.19742305673578,55.010267468664345,0.37023487122725385,55.0,,,55.19742305673578,55.222516359552685,55.10966637068656,55.143846549118976,55.00774504969302,55.01195026985267,54.90931468069786,54.90480025296969,54.827188185508525,54.840128690651326
134.0,9.06578212290503,9.06578212290503,0.05879774599037187,1,55.18484315400403,55.00644034297301,0.35282710366548287,55.0,,,55.18484315400403,55.16642744786975,55.10194216152592,55.02400420379157,55.003978548896136,54.979401420165715,54.90942180010041,54.894188921310636,54.832016050338545,54.84541464560062
135.0,9.027001862197396,9.027001862197396,0.056657400137080066,1,55.174334070171376,55.00422283767101,0.33633911815672946,55.0,,,55.174334070171376,55.14356697285877,55.09600343176738,54.987451746370276,55.00182004065523,54.96133065329419,54.9109616937464,54.87710209654215,54.83799495201465,54.79761796934798
136.0,9.027001862197396,9.027001862197396,0.055942961426989096,1,55.165184822826916,55.003027682783525,0.32052364939853106,55.0,,,55.165184822826916,55.13976218401295,55.09120514832378,54.99914774898536,55.000682354408305,54.95730169023942,54.913404914930226,54.86768706990646,54.844661173428385,54.75974381747992
137.0,9.027001862197396,9.027001862197396,0.057326418997843215,1,55.156589355817616,55.00222120609353,0.3050361141239435,55.0,,,55.156589355817616,55.12829341003674,55.086830760566556,54.996814164910404,54.99993193278683,54.96497485084597,54.91620073960297,54.89148832287378,54.85155324169367,54.84085884964271
138.0,9.027001862197396,9.027001862197396,0.0602131805864522,1,55.147161367563626,55.000665934956636,0.28937907994710343,55.0,,,55.147161367563626,55.149621114999356,55.081620704930955,55.07742365967157,54.99843144323384,54.990029821100556,54.91833387143825,54.91458997999926,54.85778228761652,54.888835224099964
139.0,8.99816108007449,8.99816108007449,0.05912791082834711,1,55.13591150611186,54.997548197496165,0.2732013480027007,55.0,,,55.13591150611186,55.13276619004757,55.07467473635629,55.05508672630785,54.99536731418951,54.98030458504795,54.919077272714006,54.90777036584241,54.86271015810916,54.87104242823677
140.0,8.991154562383615,8.991154562383615,0.05849898259426408,1,55.12535752716265,54.994918134307966,0.25743787840668375,55.0,,,55.12535752716265,55.12943030094698,55.068278223465995,55.06562570319322,54.99278951965212,54.9769493626008,54.92024575250306,54.89885802216202,54.867919648755965,54.834806790226125
141.0,8.961824953445067,8.961824953445067,0.06011163775965377,1,55.115274141349325,54.9926068314296,0.24197600991573154,55.0,,,55.115274141349325,55.14701447420744,55.06223661449935,55.13042878947759,54.990529201552015,54.993244098391386,54.92169606831369,54.90695948906025,54.87329813143359,54.838574568104235
142.0,8.9445530726257,8.9445530726257,0.05733111258029322,1,55.10410182737694,54.98931864903183,0.22628819466331862,55.0,,,55.10410182737694,55.08693728101957,55.055124211684664,54.997139295128896,54.98729085355242,54.96233370636455,54.9222627198315,54.904713907977246,54.87781363271362,54.877443582744725
143.0,8.90495810055866,8.90495810055866,0.05864137514470146,1,55.09477830539877,54.98747841340546,0.21139994607226242,55.0,,,55.09477830539877,55.072314120623396,55.04962420583478,54.98602067530993,54.98549913268273,54.968441764284485,54.92411206378449,54.929776072473494,54.88337835932651,54.963751483868705
144.0,8.89664804469274,8.89664804469274,0.058106037090203566,1,55.08452374341703,54.984787596919304,0.196348999952761,55.0,,,55.08452374341703,55.08568896559576,55.043199814742735,55.03789998731137,54.98285572484154,54.96955966173907,54.92518395813096,54.91213219207596,54.88817474346427,54.880567101252645
145.0,8.890945065176911,8.890945065176911,0.05764868575361303,1,55.074667128482105,54.98236009704171,0.18156544833216515,55.0,,,55.074667128482105,55.06676590467273,55.03707389041527,55.00980409382792,54.980474473967426,54.96353669229454,54.92648331219382,54.91593442828291,54.89310168014994,54.90130063436237
146.0,8.876769087523279,8.876769087523279,0.05406204810049658,1,55.065164239170876,54.980162716590726,0.16702729419027662,55.0,,,55.065164239170876,55.04603282938279,55.0312096014844,54.96925483920148,54.97832221506152,54.93725174737672,54.92798058225619,54.87915146958381,54.8981369449806,54.78689830085773
147.0,8.87693202979516,8.87693202979516,0.05574250528964898,1,55.05803936165787,54.97985894630906,0.15345597089930152,55.0,,,55.05803936165787,55.04284356995314,55.02745318467612,54.98252574745997,54.978062341789155,54.94916424940696,54.93115645266358,54.902906979456,54.90458339075857,54.86206693544518
148.0,8.864059590316575,8.864059590316575,0.055738839569488094,1,55.049874269348734,54.97864620236146,0.13962058336929317,55.0,,,55.049874269348734,55.03496447088411,55.02269640071488,54.98080755474288,54.97689251210942,54.948986475487445,54.933514143654804,54.90674634368195,54.91025368597944,54.873017758306716
149.0,8.862918994413409,8.862918994413409,0.05687174649432779,1,55.0417308437705,54.97739040731294,0.1259129783608799,55.0,,,55.0417308437705,55.061250995554914,55.0179039977582,55.06314773198579,54.975678604859425,54.96460955891217,54.935820724766984,54.90428152050394,54.91581786540962,54.83271831940331
150.0,8.82332402234637,8.82332402234637,0.05967571757632036,1,55.03290395171044,54.97551863697428,0.11206884554390228,55.0,,,55.03290395171044,55.0703868143669,55.01243804137125,55.10614097166415,54.97384776273973,54.98668494962708,54.93756832288343,54.934654318839875,54.920835106166535,54.920561329812976
151.0,8.798882681564248,8.798882681564248,0.060942319882216926,1,55.02215885599397,54.971988200033664,0.09770422481258123,55.0,,,55.02215885599397,55.0954818326662,55.00516023775739,55.18379842847869,54.970357376089446,55.00272284368665,54.937809899146146,54.93355051215212,54.92445463118139,54.88783440537281
152.0,8.798882681564248,8.798882681564248,0.05865047709313022,1,55.01056490650656,54.96768852368443,0.08317889932519051,55.0,,,55.01056490650656,55.06071101398989,54.997050172895754,55.106925414442465,54.966096833853456,54.98133873170595,54.937344697985026,54.922017422161936,54.92738600718137,54.87590386485234
153.0,8.798882681564248,8.798882681564248,0.05882696268634027,1,55.00054725186949,54.96463490065853,0.06931241374132924,55.0,,,55.00054725186949,55.05790487805703,54.990329329073056,55.113650183923866,54.963081325640196,54.9836034298789,54.93798175858174,54.92425158469569,54.93123483812816,54.880449050142026
154.0,8.766294227188084,8.766294227188084,0.057053225930923476,1,54.990480642615225,54.961489664893726,0.05552978140942599,55.0,,,54.990480642615225,55.031382180422284,54.98351808085629,55.05825458442344,54.95997329701468,54.96755655512932,54.93852544277666,54.91533102764473,54.9349508612058,54.86864773488498
155.0,8.766294227188084,8.766294227188084,0.055913605741548765,1,54.981525815436825,54.95919062423557,0.0422767906459427,55.0,,,54.981525815436825,55.0157241421808,54.97766703142279,55.03103801584467,54.95771051311981,54.95825877316988,54.9398007364075,54.90862693608207,54.93924902479088,54.85395559612838
156.0,8.766294227188084,8.766294227188084,0.05661731708033407,1,54.973380032298984,54.95751099314181,0.03176292317066043,55.0,,,54.973380032298984,55.008781099067264,54.97251316812254,55.02923468000608,54.95606623442677,54.96283404833238,54.94161710912832,54.92158560523183,54.94397842173241,54.89727209589355
157.0,8.741689944134077,8.741689944134077,0.05696104109501941,1,54.96695300231222,54.95545270457177,0.023871036929541845,55.0,,,54.964832008871845,54.989551726827486,54.96695300231222,54.99770792694195,54.954042475181005,54.961836053344605,54.94308196538268,54.93744501973567,54.94835407111106,54.95996573491112
158.0,8.733705772811916,8.733705772811916,0.056927744431393146,1,54.96111435065572,54.953122313849725,0.01683374704873586,55.0,,,54.956029583190194,54.9798176371627,54.96111435065572,54.98946531534783,54.95174579834889,54.96060376756848,54.944280603606984,54.94229973345629,54.95244123344681,54.975177437083836
159.0,8.701117318435752,8.701117318435752,0.053481135391440955,1,54.956461422571074,54.9507840422152,0.011006280402853008,55.0,,,54.94727967157913,54.932992284410545,54.95528354181345,54.88382847857027,54.9494404329441,54.92843829738344,54.94545514216822,54.92485890531685,54.956461422571074,54.94812874345315
160.0,8.688081936685286,8.688081936685286,0.05331512759580004,1,54.96178406000894,54.95019532126641,0.021056214360534398,55.0,,,54.940727845648404,54.90192848168106,54.951413385869586,54.82552580056699,54.9488837303678,54.920982304574565,54.94816758443735,54.942601465316834,54.96178406000894,55.02373620724489
161.0,8.648486964618247,8.648486964618247,0.05337610589107838,1,54.96708167402464,54.94965012375614,0.032792344470450985,55.0,,,54.93428932955419,54.91212820431572,54.94761039195768,54.86843976765046,54.948369782900905,54.92522296565147,54.9508994403433,54.93754587080668,54.96708167402464,54.98332736136686
162.0,8.608891992551209,8.608891992551209,0.05381309093866742,1,54.972162524023624,54.948930061788,0.04444347598491305,55.0,,,54.92771904803871,54.91637454282145,54.94364354622857,54.895951079583924,54.94768022754438,54.930571954823726,54.95344496310467,54.94107130958866,54.972162524023624,54.97967685418693
163.0,8.601885474860334,8.601885474860334,0.05220235866692691,1,54.97686679159483,54.94783209901302,0.05609608968798341,55.0,,,54.92077070190685,54.90215505040606,54.939288746843495,54.87306584212816,54.946612055836034,54.91842108968073,54.955622198883866,54.92852539409488,54.97686679159483,54.939756712410635
164.0,8.570763500931097,8.570763500931097,0.05607671025533373,1,54.98218733256414,54.94758127447792,0.06728575792407554,55.0,,,54.91490157464006,54.9355567013535,54.935887791003104,54.97709168870734,54.94639026908821,54.95310545189537,54.95853940509407,54.95999911017743,54.98218733256414,55.00603832697266
165.0,8.570763500931097,8.570763500931097,0.05622786826568647,1,54.98569433031695,54.945123748839684,0.07926078786598367,55.0,,,54.90643354245097,54.93256246155113,54.9300754521038,54.98364174738284,54.94396118987688,54.9548901469649,54.95945422944978,54.96328089401202,54.98569433031695,55.010997555327435
166.0,8.570763500931097,8.570763500931097,0.05403687486139921,1,54.98908993029887,54.94258748376906,0.09116940993352074,55.0,,,54.897920520365346,54.9063006005831,54.9241918190103,54.92813849286863,54.941452695186705,54.93603808057411,54.96028245398406,54.94980222857373,54.98908993029887,54.980608163234265
167.0,8.570763500931097,8.570763500931097,0.05527375957993017,1,54.99337625671801,54.94123890335908,0.10248295671378571,55.0,,,54.89089330000422,54.898778286787966,54.91963622746077,54.92620982210356,54.94013116738442,54.94362379223878,54.96215756522796,54.971253521262625,54.99337625671801,55.05039417515174
168.0,8.566852886405957,8.566852886405957,0.053599486767895534,1,54.99708896282161,54.9392232064431,0.11398250224227269,55.0,,,54.883106460579334,54.90226065580676,54.91435984303553,54.94407656856265,54.93814190753251,54.935531878315885,54.963418858246484,54.94639311282483,54.99708896282161,54.95343729284978
169.0,8.538175046554933,8.538175046554933,0.053861177049793124,1,55.00145925484021,54.93810097296216,0.1250092098667679,55.0,,,54.876450044973446,54.89036104759962,54.91008812313832,54.92733510243955,54.93704544048811,54.936100952802974,54.965462001370696,54.95759571445887,55.00145925484021,54.99436678655652
170.0,8.520251396648042,8.520251396648042,0.05287092423672375,1,55.00557132355749,54.936735582271545,0.13600480307688656,55.0,,,54.8695665204806,54.870400185763536,54.90557511229956,54.889091304199226,54.93570520789998,54.926557945362894,54.967259747120096,54.957072638967226,55.00557132355749,55.00186729925298
171.0,8.480656424581005,8.480656424581005,0.0545316298524145,1,55.01000011988788,54.93584270562233,0.14668781879299075,55.0,,,54.863312301094886,54.87938670132295,54.901607238830536,54.927311317300806,54.93483686724018,54.94103676936722,54.96945700105821,54.97422396281764,55.01000011988788,55.0420849430299
172.0,8.472998137802605,8.472998137802605,0.05451505894747596,1,55.01353422399292,54.9339111389351,0.15765794480068251,55.0,,,54.85587627919224,54.86194569619686,54.896524088800426,54.89802856614532,54.932929288253916,54.9380510518091,54.970691814436,54.98503118397634,55.01353422399292,55.084637241415834
173.0,8.472998137802605,8.472998137802605,0.05351000614336327,1,55.017006074792924,54.93196334874567,0.16853508626851976,55.0,,,54.848470988524404,54.838824104354636,54.89144286695784,54.85374692788911,54.93100491305926,54.9272434071782,54.97189190039393,54.986283706233195,55.017006074792924,55.098577176056125
174.0,8.459636871508378,8.459636871508378,0.0525001221091195,1,55.020866984727746,54.930561027448036,0.17909847206341567,55.0,,,54.84176851266433,54.828789161028766,54.88698089495349,54.84136837136369,54.92962542717185,54.919755218913004,54.9735633177228,54.97958239394347,55.020866984727746,55.073109279835364
175.0,8.420041899441339,8.420041899441339,0.05360582130963526,1,55.025072165325994,54.92965816421271,0.18935057065676375,55.0,,,54.83572159466923,54.84840815226054,54.883092362792894,54.904419404868186,54.92874483450521,54.93332266503225,54.975659863770204,54.98279564808518,55.025072165325994,55.055369874193175
176.0,8.407821229050278,8.407821229050278,0.05231578951336139,1,55.028622352768885,54.928016911866465,0.19976863994185123,55.0,,,54.82885371282703,54.83094216844113,54.87842085138315,54.87093826194255,54.92712534430944,54.92246194090081,54.97706229804379,54.97673191006759,55.028622352768885,55.041900065181196
177.0,8.407821229050278,8.407821229050278,0.048428477757195255,1,55.03264219550851,54.927030852153486,0.20981475612548195,55.0,,,54.822827439383026,54.78986399893263,54.87449424935146,54.77447960923055,54.926160503012866,54.88932465234673,54.97902987351157,54.951069656098014,55.03264219550851,54.98355756652936
178.0,8.399022346368714,8.399022346368714,0.04738273223416431,1,55.038289883685636,54.92814632036332,0.21891257231926176,55.0,,,54.819377311366374,54.78717198449978,54.87290384703991,54.77705409174786,54.9272966109699,54.88414067844262,54.982863948754776,54.94051199116566,55.038289883685636,54.94132086290359
179.0,8.359427374301674,8.359427374301674,0.049150372691365095,1,55.044318704141894,54.929794164471595,0.22770707895978148,55.0,,,54.81661162518211,54.79519358294537,54.87192124499297,54.810924875246485,54.92896458587318,54.89957210386377,54.98715466216779,54.96125196316216,55.044318704141894,54.99587459641341
180.0,8.34264432029795,8.34264432029795,0.05082797660078662,1,55.049413023517864,54.93034334607448,0.2368291891027141,55.0,,,54.81258383441515,54.81256883167912,54.86975835036547,54.8671221501289,54.929533453011544,54.91663278728435,54.99042806906237,54.974334058675375,55.049413023517864,55.016032037945926
181.0,8.34264432029795,8.34264432029795,0.05170911639767795,1,55.05369238154842,54.92992531430732,0.2462550959676051,55.0,,,54.80743728558082,54.821030190039075,54.86655190917224,54.89899077929535,54.929134668989136,54.926367114622536,54.99281032624597,54.98178999384056,55.05369238154842,55.0262238830606
182.0,8.310055865921786,8.310055865921786,0.049538165608835304,1,55.05755786439029,54.92903158809035,0.255803926402983,55.0,,,54.80175393798731,54.79616811495526,54.862838049891494,54.84281866583078,54.92825974804918,54.90838433331498,54.9947483401335,54.96899805041477,55.05755786439029,54.99875555204195
183.0,8.29881284916201,8.29881284916201,0.05201873811448216,1,55.062202464872705,54.92919541487238,0.26479510421091135,55.0,,,54.79740736066179,54.828053398162226,54.86031981929994,54.9341608147404,54.928441896284006,54.93425391269185,54.997605533243465,54.98350781810592,55.062202464872705,55.01206144363758
184.0,8.277467411545622,8.277467411545622,0.050796562940484846,1,55.065707828967405,54.927978438897654,0.27426877737988775,55.0,,,54.79143905158752,54.8054614689295,54.85630025049668,54.88434645061934,54.92724284731412,54.922867557260766,54.99920221612254,54.98182530446904,55.065707828967405,55.021418796708524
185.0,8.277467411545622,8.277467411545622,0.051371596248081505,1,55.06962633609553,54.927346940105814,0.28339706116310737,55.0,,,54.786229274932424,54.78623946385525,54.852951396470054,54.8481525230842,54.9266288293642,54.92351428163565,55.00129886366685,55.00265348139761,55.06962633609553,55.10185885529806
186.0,8.24520484171322,8.24520484171322,0.051412715471805114,1,55.07326373747139,54.926405430275736,0.29258249842416006,55.0,,,54.78068123904723,54.78567272377515,54.8492780006122,54.85719614925354,54.92570439379859,54.92527715266877,55.00309978044925,55.00454392741983,55.07326373747139,55.099318202319544
187.0,8.238198324022344,8.238198324022344,0.05231064892434722,1,55.07673405639544,54.92532749732177,0.301705961698282,55.0,,,54.775028094697156,54.802560411818156,54.845483288181185,54.9095830372135,54.92464312964822,54.93693744530238,55.00474891768686,55.00681685471626,55.07673405639544,55.08323042852411
188.0,8.212290502793294,8.212290502793294,0.05078999243466368,1,55.07975991817708,54.923740605676656,0.31095780886602853,55.0,,,54.76880210931105,54.78632083857546,54.841147358125255,54.87514221155048,54.92307252370246,54.925019659928694,55.00592111906744,54.99710943387006,55.07975991817708,55.05835806681337
189.0,8.19159683426443,8.19159683426443,0.050908210581941477,1,55.083312753199316,54.92288456333398,0.3198012416156928,55.0,,,54.76351151158362,54.77329138229342,54.83764372164225,54.8524902087447,54.92223235734305,54.924274904279905,55.00772247290168,55.007854229962355,55.083312753199316,55.09923671725895
190.0,8.17970204841713,8.17970204841713,0.0519299709439348,1,55.086708312217176,54.921891754592934,0.3286030478650801,55.0,,,54.758105264352096,54.775627437578436,54.83401408793234,54.869873929942614,54.9212550488925,54.93296188152969,55.00937605957055,55.02109390064038,55.086708312217176,55.133352816297894
191.0,8.17970204841713,8.17970204841713,0.05115760071298651,1,55.08959001009944,54.920305642925015,0.3375631649176398,55.0,,,54.7520268451818,54.74632060537835,54.829752118686244,54.80737836459978,54.91968408317394,54.922115928913996,55.01047515748362,55.0299340462708,55.08959001009944,55.180521244154576
192.0,8.170577281191804,8.170577281191804,0.05004325648876806,1,55.0927712186696,54.919138538350886,0.3462836897113064,55.0,,,54.74648752895829,54.731796854401054,54.82596902950665,54.78115874657449,54.91853175374378,54.91274416281622,55.011933160876076,55.02522323057854,55.0927712186696,55.16661053399129
193.0,8.147113594040967,8.147113594040967,0.047535001293313825,1,55.096367147501894,54.918542101269736,0.35469172835860974,55.0,,,54.741675419143284,54.691135990503874,54.822835130577324,54.68894517517291,54.91794972581799,54.88799547503824,55.01388308330823,55.01859369537064,55.096367147501894,55.16960627087071
194.0,8.12397579143389,8.12397579143389,0.04403035734213691,1,55.10092700125936,54.91921745687116,0.3624834259776364,55.0,,,54.73844357528172,54.68682893440433,54.82112789817984,54.682436774697614,54.918639116055985,54.866391123727155,55.016949693578866,54.97631693032635,55.10092700125936,55.01917597429771
195.0,8.114525139664803,8.114525139664803,0.04519044207072639,1,55.106882449402335,54.921702696944145,0.36944593450759555,55.0,,,54.73743651489474,54.703979051351446,54.82143965488473,54.73532122411747,54.921138014159936,54.88028135826753,55.02161685137899,54.98396913862431,55.106882449402335,55.021285873716494
196.0,8.081936685288639,8.081936685288639,0.049191882333030096,1,55.112278337364046,54.92352519890757,0.37661430032073895,55.0,,,54.73566403704331,54.732899343266766,54.82104137235158,54.82199747266507,54.92297386576852,54.91506849536782,55.02566838201038,55.022040618889065,55.112278337364046,55.11604924983338
197.0,8.0703677839851,8.0703677839851,0.0495401183521396,1,55.11580892719807,54.923068074817024,0.3846108891405109,55.0,,,54.731198038057556,54.72997171669788,54.81816050867629,54.82368350584549,54.92252982357783,54.918358301267304,55.02764307657533,55.029871515070866,55.11580892719807,55.13754853820786
198.0,8.049348230912475,8.049348230912475,0.04942197298828455,1,55.119119171209924,54.92238212220484,0.3926239479663636,55.0,,,54.72649522324356,54.721155031728344,54.815048307895964,54.81033320579793,54.92185664647289,54.917120395351674,55.02939126220188,55.03506622145779,55.119119171209924,55.15508281349006
199.0,8.049348230912475,8.049348230912475,0.049488671056397364,1,55.122376292794534,54.921685923075685,0.40055076240391685,55.0,,,54.72182553039062,54.72718474492285,54.811948840893265,54.833248792021486,54.92117291821718,54.920795105992276,55.03110603308286,55.03339443884072,55.122376292794534,55.135925364379766
200.0,8.049348230912475,8.049348230912475,0.04930838437978377,1,55.1255759166656,54.92095444086135,0.4084326701390353,55.0,,,54.71714324652657,54.73797694723382,54.80882688837302,54.865683311060174,54.92045361160135,54.92427707918302,55.03277254114024,55.025279744817055,55.1255759166656,55.092244423925194
201.0,8.016759776536311,8.016759776536311,0.04903285019177486,1,55.12882460011811,54.92032113471005,0.4162158743879445,55.0,,,54.71260872573016,54.6990990780923,54.80582933043023,54.77771242414138,54.91983219006371,54.91455784282156,55.03451082720801,55.04726720905234,55.12882460011811,55.19542387819895
202.0,8.016759776536311,8.016759776536311,0.04826402204973336,1,55.132047783326215,54.91972141877009,0.4238804368794362,55.0,,,54.70816734644678,54.692046514066774,54.8028966766485,54.768192691197,54.91924407374451,54.909431938562584,55.0362512136844,55.04281024873811,55.132047783326215,55.1771747078204
203.0,8.016759776536311,8.016759776536311,0.0475401927224916,1,55.135574395871416,54.9195376359267,0.4313195338878799,55.0,,,54.704254861983536,54.6724441918322,54.8004380265312,54.72832563372039,54.919071607320184,54.90147241692554,55.038349287927176,55.047101558378635,55.135574395871416,55.19983656032683
204.0,8.044785847299812,8.044785847299812,0.04772280347113826,1,55.13938573508519,54.919745030231944,0.4385452841812949,55.0,,,54.7008404509039,54.66723619479817,54.79842598036571,54.72592722412905,54.91929004239848,54.902837056241026,55.04078294240646,55.0548117365132,55.13938573508519,55.21977755572538
205.0,8.014315642458099,8.014315642458099,0.04681623578693556,1,55.14319155628858,54.91995326226653,0.4457579028584604,55.0,,,54.69743365343012,54.67059546844848,54.79642070976814,54.74109734910235,54.919509055403104,54.89958113769928,55.04321133644268,55.04243846100563,55.14319155628858,55.16447554826148
206.0,7.993621973929235,7.993621973929235,0.04846768715838417,1,55.14725318842559,54.92054259542918,0.4527195138200426,55.0,,,54.694533674605545,54.68090433050466,54.7948615782167,54.77754599553879,54.9201089052971,54.914435017769996,55.04595563060103,55.06020681033783,55.14725318842559,55.20608811965069
207.0,8.033216945996275,8.033216945996275,0.046186631057109975,1,55.15050361609722,54.920165670518784,0.4599908544473976,55.0,,,54.69051276164982,54.682078733853885,54.79226213748065,54.78228945764592,54.919742263653305,54.90211871911638,55.047807573712866,55.0301965275982,55.15050361609722,55.09610920378928
208.0,8.049348230912475,8.049348230912475,0.047437707084649484,1,55.15485196746381,54.92116210940893,0.466710886545016,55.0,,,54.6881410809188,54.699258039857,54.791175417613935,54.8310305871201,54.92074872097335,54.916643098149784,55.05089336007478,55.03821401300171,55.15485196746381,55.102178639260536
209.0,8.049348230912475,8.049348230912475,0.048129762929615495,1,55.15869313152805,54.92153911368031,0.47365504802666436,55.0,,,54.68503808350138,54.70625895757364,54.78941680577061,54.85297463207085,54.92113551782681,54.925041637122476,55.053412029774734,55.04474810162398,55.15869313152805,55.113261605945844
210.0,8.049348230912475,8.049348230912475,0.04714425128788649,1,55.162210154245884,54.921541877620164,0.4806990420801682,55.0,,,54.681511112165715,54.69384584903076,54.787261815014396,54.824125446363496,54.92114784841479,54.917849503572214,55.055578458260044,55.04073423820515,55.162210154245884,55.106561304094704
211.0,8.049348230912475,8.049348230912475,0.04797075353842949,1,55.16612651094134,54.92207701653848,0.4874765736930371,55.0,,,54.6786499372483,54.69519404644096,54.78570780805633,54.83285761944952,54.9216923187571,54.92556864959412,55.05820850768933,55.05277998838265,55.16612651094134,55.1408193491095
212.0,8.049348230912475,8.049348230912475,0.04420064438531603,1,55.16966114320745,54.92216511730699,0.49438438646569693,55.0,,,54.67527675674175,54.657555173028456,54.78367720058922,54.73764594406347,54.92178953684321,54.89423106160548,55.060420949153325,55.027301870300825,55.16966114320745,55.0836170061768
213.0,8.023440409683426,8.023440409683426,0.0481162811565701,1,55.174797462533434,54.92428980737113,0.5004219954869313,55.0,,,54.6743754670465,54.67930819137761,54.783901874031336,54.803547453588685,54.9239230973668,54.926640627501946,55.06445113587762,55.0690616377242,55.174797462533434,55.19770560641299
214.0,8.017085661080072,8.017085661080072,0.049265679171322616,1,55.17812826077774,54.92420481110654,0.507267646577084,55.0,,,54.670860614200656,54.67582154192593,54.781720212429875,54.80348905613709,54.92384679322464,54.93468211415962,55.06646817489978,55.08839576556692,55.17812826077774,55.257850447407385
215.0,8.049348230912475,8.049348230912475,0.04723840293853264,1,55.18091518876592,54.92347632707633,0.5143122138766216,55.0,,,54.6666029748893,54.66888433134403,54.778847938167345,54.78834047486298,54.92312680420473,54.92163423834229,55.06788872935437,55.06679184485762,55.18091518876592,55.18285228742218
216.0,8.049348230912475,8.049348230912475,0.047567674492285855,1,55.184666897840884,54.92395861898285,0.5208644405172294,55.0,,,54.663802457323655,54.66446513710318,54.777310522640136,54.78338955677943,54.923617374143205,54.92440746716437,55.07039584296634,55.07590949494608,55.184666897840884,55.21001920823435
217.0,8.028002793296087,8.028002793296087,0.046898216670786155,1,55.18825214376413,54.9242625245095,0.5274402004196261,55.0,,,54.660811943344505,54.663840660094145,54.775591608253976,54.78542322769671,54.92392936406875,54.921773943231216,55.07272756311615,55.06909036600969,55.18825214376413,55.17986553745726
218.0,8.045111731843575,8.045111731843575,0.04831206626993952,1,55.19202637995225,54.92485186011876,0.5338227630281835,55.0,,,54.65820361692407,54.68263095595451,54.77420866913364,54.83808765760346,54.92452658768869,54.93734790676105,55.07529404689511,55.07815705206898,55.19202637995225,55.186698541287065
219.0,8.016759776536311,8.016759776536311,0.047976560331008555,1,55.19522698166648,54.924737590573194,0.540464981048892,55.0,,,54.65476200061759,54.69812906366486,54.77206052406492,54.877337642135686,54.924420029367326,54.941101536813605,55.07721841714966,55.06523308783155,55.19522698166648,55.12411462534962
220.0,8.016759776536311,8.016759776536311,0.04628032854822608,1,55.198447429343574,54.924703854581324,0.5469855244187656,55.0,,,54.65146190492481,54.676558510242586,54.770025327692366,54.82293692530986,54.92439381946062,54.92701148869947,55.07919079148521,55.05724518121803,55.198447429343574,55.11382815479141
221.0,8.016759776536311,8.016759776536311,0.04706463872512182,1,55.202377154326186,54.92558658237599,0.5530913878076333,55.0,,,54.64928576651855,54.68536055442357,54.76901189056613,54.84778038568474,54.9252838835385,54.936306128615115,55.08197421693061,55.06407438594902,55.202377154326186,55.12502742855545
222.0,8.016759776536311,8.016759776536311,0.046416666335592736,1,55.20594509792442,54.92604466554509,0.5593227051960454,55.0,,,54.646622392728375,54.69366364795717,54.767545809992384,54.867460849630405,54.92574913453728,54.936415477893014,55.084360892542975,55.05163480902196,55.20594509792442,55.072617225697485
223.0,8.016759776536311,8.016759776536311,0.046576580946834596,1,55.20977018064294,54.92685238119956,0.5653687545478476,55.0,,,54.644401426095094,54.689623432037365,54.76647807599429,54.85822654431714,54.92656384411727,54.93863033453908,55.08704837914817,55.05796761833281,55.20977018064294,55.095757639372465
224.0,8.016759776536311,8.016759776536311,0.04923761416357365,1,55.21350360370905,54.92757287706754,0.5714056580318001,55.0,,,54.64209794567725,54.694685949862205,54.765328407458604,54.877558584545724,54.92729116938555,54.95874153127361,55.08964325910728,55.092329932335126,55.21350360370905,55.20343331032083
225.0,8.028980446927372,8.028980446927372,0.0493760538653299,1,55.21606364175484,54.926854792858194,0.5779727164748536,55.0,,,54.63809092527999,54.67349566681264,54.762611566778375,54.83000622405487,54.9265797692018,54.9557350753404,55.09092806127594,55.10867024325205,55.21606364175484,55.27166863390295
226.0,8.049348230912475,8.049348230912475,0.04770103372280677,1,55.218583614477886,54.92610613914981,0.5845205280498433,55.0,,,54.63406308642804,54.641691152216296,54.75987062113211,54.754913095227806,54.925837641744934,54.938274857033385,55.09217573196606,55.107430565558765,55.218583614477886,55.28765952228786
227.0,8.023114525139663,8.023114525139663,0.04754253744074119,1,55.22187714812141,54.926335770279024,0.5906586254501178,55.0,,,54.63121852267129,54.64172750653759,54.758211220948894,54.760872911519556,54.92607363448112,54.93847172320853,55.094298325172424,55.107157218805156,55.22187714812141,55.27651658660196
228.0,8.048696461824951,8.048696461824951,0.04881053242218961,1,55.22512332784326,54.926557474366724,0.5967176237881091,55.0,,,54.62840570405515,54.65417477032348,54.756565952390226,54.79947931283516,54.926301548536294,54.95088773889211,55.096390839008684,55.11819564543947,55.22512332784326,55.29299447987053
229.0,8.02441806331471,8.02441806331471,0.04725808829541544,1,55.22788949912822,54.926184841322346,0.603005052924452,55.0,,,54.624884446203765,54.64216984706336,54.75427223056286,54.77209734475986,54.925934985385666,54.939288622400035,55.09794304533123,55.10625395358609,55.22788949912822,55.25505522116724
230.0,8.034683426443202,8.034683426443202,0.05027306096513792,-1,55.23121840903553,54.92656502697778,0.6089120753752937,55.0,,,54.622306333660234,54.67493804965773,54.75282754896095,54.86232497218392,54.92632108853982,54.96805887616343,55.10015175469237,55.12796086793252,55.23121840903553,55.29046295732781
231.0,8.016759776536311,8.016759776536311,0.0475133321141229,-1,55.22179170325519,54.92535230557165,0.5924934796898,55.0,,,54.62929822356539,54.649403193299,54.75537532663388,54.776667409032534,54.92511416045105,54.9424942940919,55.095182113952745,55.10917732262375,55.22179170325519,55.26161897856491
232.0,8.045437616387336,8.045437616387336,0.047751400611557,-1,55.214208115379726,54.92556820501092,0.5769036324402279,55.0,,,54.6373044829395,54.68927106060256,54.75919138840184,54.85686908107134,54.925335701339854,54.95280552024392,55.091801336993655,55.090162970801565,55.214208115379726,55.17155644798081
233.0,8.04625232774674,8.04625232774674,0.04935803703283104,-1,55.206646001034805,54.925757266084666,0.5614101947222139,55.0,,,54.64523580631259,54.714456922572744,54.76300109585917,54.902231438493224,54.925530271417635,54.9683752520461,55.08837315579917,55.098557853745255,55.206646001034805,55.190118544837055
234.0,8.016759776536311,8.016759776536311,0.04801929277271423,-1,55.1981013372674,54.92508097041524,0.5456821732852433,55.0,,,54.65241916398216,54.68200840918596,54.76604727575917,54.802514058973074,54.92485936213523,54.95039361976094,55.0839777129322,55.10318694728534,55.1981013372674,55.24799533768002
235.0,8.016759776536311,8.016759776536311,0.04883581929325101,-1,55.19041284065297,54.92502378887485,0.53042804068874,55.0,,,54.65998479996423,54.69690388193596,54.76963451417445,54.82523330415992,54.92480743271788,54.957830357541354,55.08027935686477,55.107468429223225,55.19041284065297,55.257993297691925
236.0,8.016759776536311,8.016759776536311,0.045513969437974706,-1,55.18225881121056,54.924525513914816,0.5151248341032186,55.0,,,54.66713397710734,54.667396918746434,54.77283172918377,54.731788526354755,54.92431428923682,54.927751862431975,55.07608876283562,55.08370301763102,55.18225881121056,55.21411595950333
237.0,8.016759776536311,8.016759776536311,0.04661632267652805,-1,55.176370484699824,54.92582246141435,0.5007623669011352,55.0,,,54.67560811779869,54.70436083909019,54.777624197561245,54.810167092794806,54.92561623126314,54.9429236221303,55.07389327574881,55.078466627083465,55.176370484699824,55.170684544744674
238.0,8.02229981378026,8.02229981378026,0.04585679442429802,-1,55.16982122228623,54.92652252738077,0.48627160788344526,55.0,,,54.683549614402786,54.706972601001254,54.781885860941905,54.7995190586029,54.92632117859077,54.9377340485897,55.071034760682146,55.069285480225055,55.16982122228623,55.147848353874544
239.0,8.049348230912475,8.049348230912475,0.0487686182305835,-1,55.16385980482038,54.92765196933774,0.47209759447989796,55.0,,,54.691762210340485,54.731931178998344,54.786529622512894,54.851596728173405,54.92745538304338,54.96149036186571,55.06865282597151,55.095677343052444,55.16385980482038,55.2236762896661
240.0,8.049348230912475,8.049348230912475,0.04688104402105681,-1,55.15613889331657,54.92730314238562,0.4573609686875173,55.0,,,54.698777924629056,54.715697290183265,54.789867527883175,54.79325345848377,54.92711121836836,54.94400830557592,55.06462014773092,55.08267718975584,55.15613889331657,55.20430819438811
241.0,8.049348230912475,8.049348230912475,0.04710975031791453,-1,55.14973115841784,54.92797459748052,0.4432099403900125,55.0,,,54.70652121802783,54.732604884367746,54.79410848676944,54.82092951687675,54.927787217296384,54.94850785840461,55.06172490689111,55.07777422542687,55.14973115841784,55.18078931650199
242.0,8.016759776536311,8.016759776536311,0.04868957735482555,-1,55.143236771893235,54.9285217883762,0.4291339647006822,55.0,,,54.71410280719255,54.756189704734275,54.79823422465608,54.86703948334275,54.92833884537613,54.96331703173708,55.058696292763045,55.08669104615968,55.143236771893235,55.198638496717024
243.0,8.016759776536311,8.016759776536311,0.04527781629562371,-1,55.135648740479965,54.928098823931805,0.4148108500754262,55.0,,,54.72083789040454,54.745979027781054,54.801478750388426,54.81960744358733,54.92792021931657,54.937863627982416,55.054608519069546,55.04903168288067,55.135648740479965,55.09212937980764
244.0,8.031750465549347,8.031750465549347,0.043145046584559824,-1,55.130374072134025,54.92951984172866,0.40142630923607214,55.0,,,54.72894776289795,54.73833204175504,54.80635664780336,54.78197097428219,54.92934545937755,54.92174638928246,55.05257526643045,55.027736504448676,55.130374072134025,55.038318073617276
245.0,8.027351024208565,8.027351024208565,0.04417642398265668,-1,55.12661605117231,54.93214527989319,0.38866604786890235,55.0,,,54.73795000330341,54.7660378178167,54.812304644085465,54.83701605455884,54.9319750119095,54.93495306981237,55.051880688995254,55.02731167481923,55.12661605117231,55.02220655135318
246.0,8.016759776536311,8.016759776536311,0.04627773683886095,-1,55.122216769098365,54.93419521516789,0.37577411917232695,55.0,,,54.74644264992604,54.76437153204549,54.81773118052154,54.82340399632374,54.9340289682887,54.94733802248162,55.050556508004824,55.0595169792057,55.122216769098365,55.1427937893756
247.0,8.016759776536311,8.016759776536311,0.04638203224574316,-1,55.11645054524099,54.935069798123166,0.36249887018239235,55.0,,,54.753951675058595,54.80226860626473,54.822099221013886,54.90108869806354,54.934907484969436,54.95662752258916,55.04794006433289,55.03938379750399,55.11645054524099,55.050386315495935
248.0,8.016759776536311,8.016759776536311,0.0437724821738181,-1,55.110673080238776,54.93588713008212,0.34931549089609604,55.0,,,54.76135758934268,54.77236516045363,54.82640698728268,54.80764985083538,54.93572865793928,54.93185094815594,55.04526933560718,55.02514316100532,55.110673080238776,55.04199364908847
249.0,8.016759776536311,8.016759776536311,0.045704798212963596,-1,55.10667034250443,54.938114142154134,0.3368620443271837,55.0,,,54.769808298177246,54.792141233394936,54.83195956184698,54.84679972145099,54.93795941114321,54.94850897918974,55.044173097098785,55.04160742802125,55.10667034250443,55.08863127928961
250.0,8.016759776536311,8.016759776536311,0.044504938664672936,-1,55.10144710382324,54.939294494475675,0.3240607829803963,55.0,,,54.777386320842844,54.78160086496298,54.836569994059566,54.80573887316707,54.939143422769526,54.93735665326679,55.041925630883206,55.03445897362297,55.10144710382324,55.08340071800498
251.0,8.016759776536311,8.016759776536311,0.0442762486718539,-1,55.09706751210512,54.94112230676236,0.3116517492434596,55.0,,,54.78541576286166,54.80522953377223,54.84174587261402,54.849755419003934,54.94097480388117,54.94115771050395,55.04040758234985,55.01914041512553,55.09706751210512,55.019086548605735
252.0,8.016759776536311,8.016759776536311,0.04449363141701825,-1,55.09288955456789,54.94307198804868,0.2994021082799847,55.0,,,54.793487446287905,54.79998647349023,54.84701880303591,54.82443815753043,54.942927968949995,54.94065946426709,55.03903616740171,55.02795608056178,55.09288955456789,55.063360604377394
253.0,8.016759776536311,8.016759776536311,0.047179434865675114,-1,55.08861859726467,54.944902260755796,0.2872051529176929,55.0,,,54.80141344434698,54.84479197962454,54.85217343484227,54.92580247673218,54.94476164383628,54.9683007372857,55.0375441834888,55.03849788601647,55.08861859726467,55.066893076852935
254.0,8.016759776536311,8.016759776536311,0.04622496661517579,-1,55.08263043716515,54.94527851798813,0.2744817061513771,55.0,,,54.80814873101377,54.81622760839581,54.856020367293986,54.84104315188144,54.94514123107879,54.954045564191055,55.03445182338894,55.045418064501426,55.08263043716515,55.12639406074667
255.0,8.016759776536311,8.016759776536311,0.046119599796529985,-1,55.077323672303514,54.94617048967717,0.2620894887528138,55.0,,,54.8152341835507,54.83916298392643,54.860313696685886,54.884390269771046,54.946036451070825,54.95808128966445,55.03194444477496,55.03169647990259,55.077323672303514,55.067079706166695
256.0,8.016759776536311,8.016759776536311,0.047599636747020044,-1,55.07213742006132,54.94711854147374,0.24982601153151762,55.0,,,54.8223114085298,54.85123595811147,54.864643552593904,54.90412790610444,54.94698767400493,54.96959171858816,55.0295126521788,55.04607478203615,55.07213742006132,55.11352732660848
257.0,8.016759776536311,8.016759776536311,0.048618592498958245,-1,55.06602838932075,54.947265298350146,0.237319452575953,55.0,,,54.828708936744796,54.84899509754625,54.86824541158891,54.889033458914916,54.94713753120021,54.974213571352124,55.02620622289608,55.0629372300011,55.06602838932075,55.18035810388689
258.0,8.016759776536311,8.016759776536311,0.047664252491050996,-1,55.05930178846527,54.94686088961701,0.22467997034956966,55.0,,,54.8346218181157,54.83835395885713,54.87134161680292,54.85065588008428,54.94673615216402,54.96388032701524,55.02230307253707,55.05831678118356,55.05930178846527,55.180934113670155
259.0,8.016759776536311,8.016759776536311,0.04659867744456361,-1,55.05325579609049,54.94697297171531,0.21236860300110294,55.0,,,54.84088719308939,54.8573351989282,54.87488347671048,54.8837571511281,54.94685118953027,54.96049965382214,55.018987203155945,55.03371140552396,55.05325579609049,55.08722790669207
260.0,8.016759776536311,8.016759776536311,0.048273224098068744,-1,55.04796100450112,54.94766115479971,0.20040731740828477,55.0,,,54.847553687092834,54.87817821810473,54.878923935059795,54.926206606304426,54.94754225504688,54.97535006666081,55.016324892297945,55.04494208875581,55.04796100450112,55.11425469811051
261.0,8.016759776536311,8.016759776536311,0.04671680505003011,-1,55.041614586923245,54.94744309340533,0.18815516541030775,55.0,,,54.85345942151294,54.8994078952356,54.88214087046976,54.96074815584686,54.94732701218444,54.96975709574292,55.01267357593626,55.01179572444366,55.041614586923245,54.993599356740305
262.0,8.016759776536311,8.016759776536311,0.046350880561092704,-1,55.03634132828262,54.94806692096726,0.1763654389230993,55.0,,,54.85997588935952,54.91151923125057,54.88609296020819,54.97437152559611,54.947953587539445,54.96993775886531,55.00997083944652,55.00058846499772,55.03634132828262,54.95756551238352
263.0,8.016759776536311,8.016759776536311,0.047520400260906606,-1,55.03135587442638,54.94888800019429,0.1647567119785407,55.0,,,54.86659916244784,54.92071927946129,54.89020509065826,54.98445695929048,54.94877734861393,54.97916452094406,55.00750252482502,55.01197038058002,55.03135587442638,55.000220379149816
264.0,8.016759776536311,8.016759776536311,0.04523477374526708,-1,55.025648777686925,54.949075778008265,0.15297120396301978,55.0,,,54.872677573723905,54.896092807783056,54.89373603455157,54.90615763636289,54.948967747623655,54.95764863168212,55.00434875645526,54.997851054706224,55.025648777686925,54.986887216784474
265.0,8.016759776536311,8.016759776536311,0.04897038822447045,-1,55.02148993286586,54.950499434649736,0.14181033298768142,55.0,,,54.87967959987818,54.908207643294894,54.89835334377054,54.93285554075856,54.95039395800416,54.98356295198119,55.00258033872994,55.042523682752304,55.02148993286586,55.13431699859531
266.0,8.016759776536311,8.016759776536311,0.05190964596846446,-1,55.014922289644794,54.94990134659308,0.12987527078195882,55.0,,,54.885047018862835,54.94312609911728,54.90114976540659,55.01301486763595,54.949798371875666,55.009429306007945,54.99858928717552,55.06127121881818,55.014922289644794,55.172615586401356
267.0,8.016759776536311,8.016759776536311,0.04934235529703803,-1,55.00647495153938,54.947714284030425,0.11735868243562919,55.0,,,54.88911626910375,54.92395025187322,54.90251083457711,54.9491954497316,54.947613758468,54.98644612581846,54.99285560646388,55.03900575261452,55.00647495153938,55.12387015780354
268.0,8.016759776536311,8.016759776536311,0.04707803188096773,-1,54.99976597017717,54.94691800961887,0.10553712795547199,55.0,,,54.8942288422217,54.91067635115085,54.9050960680244,54.901815226250235,54.94681986935446,54.96721089639077,54.98867929831658,55.017743310137945,54.99976597017717,55.07201901008928
269.0,8.016759776536311,8.016759776536311,0.046837099078786214,-1,54.99459094375035,54.94734703470361,0.09433278496799602,55.0,,,54.90025815878236,54.928876543035656,54.90875785664732,54.93530866755306,54.94725121831091,54.969131308197184,54.985876996027145,55.004429566168994,54.99459094375035,55.01812377295844
270.0,8.016759776536311,8.016759776536311,0.04749746633395471,-1,54.98961811647193,54.947905908967336,0.08327305207527758,55.0,,,54.90634506439665,54.9415382218586,54.91251810344457,54.956434227056434,54.94781236091709,54.975572965446105,54.98323589960645,55.00667288647155,54.98961811647193,55.023052473561506
271.0,8.016759776536311,8.016759776536311,0.046535285981202476,-1,54.98425556415693,54.94810710294492,0.07214914496645264,55.0,,,54.91210641919048,54.943331128312636,54.91594126812496,54.94734161727651,54.94801577087787,54.96894707412663,54.98021649237435,54.993669704439284,54.98425556415693,54.98711245383228
272.0,8.016759776536311,8.016759776536311,0.047668324217285285,-1,54.9795677593514,54.94882841865765,0.06133440138577129,55.0,,,54.918233357965626,54.962463890931225,54.91981124762084,54.98480142920961,54.948739248171904,54.98014646517269,54.97779048017847,54.99817786749101,54.9795677593514,54.99436988202207
273.0,8.016759776536311,8.016759776536311,0.04853110898282173,-1,54.974703416759525,54.94893626112794,0.05158811516319872,55.0,,,54.9238343105547,54.96983793529908,54.923115301596326,54.992883527597286,54.948849203258625,54.9865183043493,54.974703416759525,55.00613051619863,54.97417907347053,55.02433253532752
274.0,8.016759776536311,8.016759776536311,0.046268794693367844,-1,54.97111796121423,54.94857739829369,0.04513365404778824,55.0,,,54.929024067284836,54.95567206351455,54.925984307166445,54.94237902625126,54.94849240461985,54.967486078371614,54.97111796121423,54.98531989142483,54.96826825118311,54.97684204515879
275.0,8.016759776536311,8.016759776536311,0.04640007223223128,-1,54.9689046270514,54.94944235477446,0.03897582989431214,55.0,,,54.93513481756962,54.97229516687004,54.92992879715709,54.97224153169808,54.94935937217591,54.97171725950628,54.9689046270514,54.977922388728956,54.96388415991826,54.94584758654147
276.0,8.016759776536311,8.016759776536311,0.043625025540050044,-1,54.96662989172004,54.95023544541939,0.03283896433582356,55.0,,,54.94114792615887,54.91472338340163,54.933790927384216,54.817546598071175,54.95015442654729,54.93874224012454,54.96662989172004,54.97807586962517,54.95945405528653,55.007210566029
277.0,8.016759776536311,8.016759776536311,0.04480730636910559,-1,54.96603246803295,54.952528558795734,0.027056708338868418,55.0,,,54.948303549770614,54.942631214106406,54.93897575969408,54.881548189339426,54.95244945229612,54.95241133566843,54.96603246803295,54.97868263716092,54.956881564184904,54.98761932870832
278.0,8.041852886405957,8.041852886405957,0.04766116745490393,-1,54.96474342642324,54.95418002938877,0.021174528703504336,55.0,,,54.954915536131395,54.96748631599952,54.943568897719736,54.94038589987237,54.95410279215289,54.975898171042644,54.96474342642324,55.003324921240925,54.9535694945166,55.05325775441566
279.0,8.017248603351954,8.017248603351954,0.046322271551716164,-1,54.961852909676075,54.95437545701746,0.015001509059644036,55.0,,,54.960358931282435,54.955820750446044,54.94685140061643,54.90100557991246,54.954300049662336,54.963229517227404,54.961852909676075,54.99377138176658,54.94851399385006,55.03752836003591
280.0,8.023277467411544,8.023277467411544,0.04710708825984851,-1,54.96624548050284,54.95520739647585,0.02195704403620624,55.0,,,54.96624548050284,54.98910542274297,54.9506755103062,54.97502193018012,54.95513377345525,54.9755777740337,54.95969378164831,54.98475787976345,54.944288436466636,54.98276893813533
281.0,8.049348230912475,8.049348230912475,0.04609995633766642,-1,54.971778503996184,54.955635404355164,0.03216989605950005,55.0,,,54.971778503996184,54.990211384946214,54.95412228806161,54.96529652254496,54.95556352470174,54.96864070823573,54.95710409707959,54.971456290318024,54.939608607936684,54.94564980541147
282.0,8.049348230912475,8.049348230912475,0.04665617409398753,-1,54.97779472404881,54.95670052356239,0.0420748492066636,55.0,,,54.97779472404881,55.00459118270104,54.95813037481097,54.990948696963066,54.95663034442115,54.97517432822367,54.95522729968888,54.97112953116211,54.93571987484215,54.940090496365734
283.0,8.049348230912475,8.049348230912475,0.0481740585904459,-1,54.98353427181552,54.95746367983287,0.05203031993460172,55.0,,,54.98353427181552,55.02616113219436,54.96184994897394,55.03548922605826,54.95739516182102,54.9895829289086,54.95303506467296,54.97904127781123,54.93150395188092,54.956305621316396
284.0,8.047392923649905,8.047392923649905,0.04696938347660365,-1,54.98858595781516,54.95740491012867,0.06225385911503167,55.0,,,54.98858595781516,55.01232760913258,54.964815672841176,54.98825219816467,54.95733801618617,54.97759533159403,54.94995280510075,54.97213996691895,54.92633209870013,54.955376345824504
285.0,8.016759776536311,8.016759776536311,0.0463815138236979,-1,54.994106360107125,54.9579909537252,0.07212513916160646,55.0,,,54.994106360107125,55.00007948536329,54.96833919547685,54.94808240488743,54.957925643606465,54.96990862171292,54.947602348490015,54.97295245484378,54.92198122094552,54.97696836836905
286.0,8.016759776536311,8.016759776536311,0.04539850203411522,-1,54.99973088701354,54.9587854662286,0.08178766859947473,55.0,,,54.99973088701354,54.99930172884503,54.97201941087207,54.9360517204612,54.958721701599856,54.962551856219676,54.94551211324344,54.96135258215177,54.91794321841407,54.94517388524594
287.0,8.016759776536311,8.016759776536311,0.04579050386334602,-1,55.00573847702259,54.96011100071941,0.09115421889082853,55.0,,,55.00573847702259,55.02346802358909,54.976156569779434,54.98682932752923,54.96004874364672,54.9704481209264,54.9440269550165,54.95274048522936,54.91458425813176,54.90130583784843
288.0,8.016759776536311,8.016759776536311,0.04413400603626576,-1,55.01154169995058,54.961223138223815,0.10053877218086171,55.0,,,55.01154169995058,54.998134117214676,54.980084366962814,54.91300899384707,54.96116235359463,54.952941669176994,54.94232434284132,54.94750087816451,54.911002927769715,54.914943987533825
289.0,8.016759776536311,8.016759776536311,0.041837144280906846,-1,55.01801760176466,54.96323044466122,0.10947828549173977,55.0,,,55.01801760176466,54.99546964744063,54.98479537670867,54.89401970756112,54.96317109546358,54.93720762586622,54.941628833096274,54.91984290399468,54.90853931627292,54.83077278860109
290.0,8.016759776536311,8.016759776536311,0.04442597249348685,-1,55.02544204069153,54.96647868127222,0.11783295304347519,55.0,,,55.02544204069153,55.005753776429444,54.990599478823135,54.917722826707546,54.966420730647386,54.95605441798797,54.94232206855104,54.950457352022646,54.907609087648055,54.93027400641614
291.0,8.016759776536311,8.016759776536311,0.04582102559071743,-1,55.03172403015471,54.96832294188282,0.1267106256153454,55.0,,,55.03172403015471,55.05429658782481,54.99512821232074,55.029871801219166,54.9682663601315,54.97661886407972,54.94148270226777,54.94021377504808,54.90501340453937,54.858089897673814
292.0,8.016759776536311,8.016759776536311,0.04596476059178514,-1,55.0373733378888,54.969410390981,0.13583650821001214,55.0,,,55.0373733378888,55.04869983591325,54.9989610257435,55.00620347336318,54.9693551474828,54.975706815446905,54.93982561411111,54.946624279464096,54.90153682967879,54.89438648737899
293.0,8.016759776536311,8.016759776536311,0.04306927148167873,-1,55.04292562491772,54.97041896183579,0.14492605494701394,55.0,,,55.04292562491772,55.04794174387622,55.00270512515056,54.987800790518996,54.970365025111086,54.95668074138399,54.938099464028845,54.908982492974395,54.89799956997071,54.77773728020656
294.0,8.023603351955305,8.023603351955305,0.04325190990481374,-1,55.04968434542266,54.97299375579901,0.1532959669156142,55.0,,,55.04968434542266,55.050205598690084,55.00783448075732,54.983629591032994,54.97294109154416,54.95846547902328,54.93812048276388,54.911578556350925,54.89638837850705,54.79404978104214
295.0,8.049348230912475,8.049348230912475,0.041619009597752624,-1,55.05635602477624,54.97549161296132,0.16164562194862953,55.0,,,55.05635602477624,55.03425691606152,55.0128796376061,54.93219870751015,54.9754401913651,54.944029638180226,54.93807180823158,54.901188807891806,54.89471040282761,54.78234726817454
296.0,8.02849162011173,8.02849162011173,0.042858475219398874,-1,55.06378704146107,54.97896272396648,0.16956739356484007,55.0,,,55.06378704146107,55.02112187706396,55.01878880730052,54.89618288473525,54.97891251388342,54.94852209316788,54.93910560929118,54.928396549341166,54.89421964789623,54.891502595568994
297.0,8.044622905027932,8.044622905027932,0.047066599224760995,-1,55.07058013045894,54.981685385172,0.17771016540933715,55.0,,,55.07058013045894,55.089514576980335,55.02400191778333,55.06377650294819,54.981636359409954,54.99201372625883,54.9393385531582,54.94403891687983,54.892869965049606,54.88623509041743
298.0,8.049348230912475,8.049348230912475,0.04495574623411058,-1,55.07559135783007,54.98218415377404,0.18673696125842554,55.0,,,55.07559135783007,55.06011162441821,55.02720996634627,54.9783472559461,54.982136288878856,54.970508626683966,54.937128759243365,54.934796264838134,54.888854396571645,54.89009869033897
299.0,8.049348230912475,8.049348230912475,0.04572705049565032,-1,55.08149137099562,54.983842298735304,0.19522252795141526,55.0,,,55.08149137099562,55.077122965648314,55.031441500985665,55.0131530658215,54.98379556502457,54.97909660353515,54.93621421362648,54.93584190433545,54.886268843044206,54.88396730539957
300.0,8.049348230912475,8.049348230912475,0.046405876989924315,-1,55.08702687878482,54.98508111866806,0.20381769196085742,55.0,,,55.08702687878482,55.11168470772853,55.03527955908773,55.0883774693906,54.98503549019146,54.99159308753297,54.93485447845233,54.924242835317976,54.88320918682396,54.821255353999234
301.0,8.07264897579143,8.07264897579143,0.046732547745491536,-1,55.09223732091445,54.98595106610725,0.21250042843449535,55.0,,,55.09223732091445,55.11571385335512,55.03876935988967,55.08744790289513,54.985906517399066,54.99429357865456,54.933105239853106,54.92677165843214,54.879736892479954,54.83620403520695
302.0,8.081936685288639,8.081936685288639,0.046258074332662914,-1,55.09735680265912,54.9867261410037,0.2211909483914738,55.0,,,55.09735680265912,55.120862561765875,55.0421651734681,55.08755293811576,54.98668264682791,54.99211491982857,54.931260227795754,54.91776723318781,54.87616585426765,54.81096707701975
303.0,8.086662011173182,8.086662011173182,0.04524229721339998,-1,55.1026799167557,54.9877904798267,0.22971016408446587,55.0,,,55.1026799167557,55.10988020373602,55.04580642079937,55.047965894241436,54.98774801477267,54.982490915341124,54.92974829413453,54.911750114520345,54.87296975267123,54.81017286193398
304.0,8.126256983240221,8.126256983240221,0.04504021905718354,-1,55.10842383074821,54.989420763616195,0.2379390487213513,55.0,,,55.10842383074821,55.11943356910645,55.04993973333605,55.06058765225731,54.98937930239677,54.98325786664221,54.928876169573066,54.9040780688228,54.87048478202686,54.784071102826985
305.0,8.147113594040967,8.147113594040967,0.04564781565791655,-1,55.11436368039416,54.991299950451136,0.24606195988458524,55.0,,,55.11436368039416,55.1184403317748,55.05429361929231,55.04955664188401,54.991259469154556,54.98656022125766,54.92828126290513,54.914092667969754,54.86830172050958,54.82671383919616
306.0,8.172858472998136,8.172858472998136,0.045627390124309594,-1,55.120084567488455,54.99292248840828,0.25426020709091546,55.0,,,55.120084567488455,55.10684663434489,55.05840769178529,55.01284197967763,54.99288296440851,54.98293660700102,54.92741285796161,54.9223172786895,54.86582436039754,54.871158826921814
307.0,8.17970204841713,8.17970204841713,0.04593136641597612,-1,55.12587403200738,54.9946462824386,0.2623930603429514,55.0,,,55.12587403200738,55.09004154674115,55.062604925919445,54.966375836697125,54.994607693080006,54.97980643043866,54.92666378952175,54.93842509167019,54.86348097166443,54.94403032763853
308.0,8.186871508379886,8.186871508379886,0.04410566688807931,-1,55.13152516885836,54.996228085792765,0.2705332042623425,55.0,,,55.13152516885836,55.076637164653455,55.066660169010845,54.9250814684144,54.996190409228205,54.963773356021534,54.92577271727044,54.923722315869256,54.86099196459602,54.90810897012437
309.0,8.212290502793294,8.212290502793294,0.046077634890248464,-1,55.13795647522084,54.998823099288906,0.27820722956832356,55.0,,,55.13795647522084,55.12200564727745,55.07161048457122,55.03358502433485,54.99878631243302,54.98701439859476,54.92601297856691,54.92360359850912,54.859749245652516,54.86806167211041
310.0,8.2334729981378,8.2334729981378,0.04389872043835214,-1,55.14359837093051,55.00043775488035,0.28626311793290427,55.0,,,55.14359837093051,55.0931258855757,55.075673179896036,54.95168719755146,55.00040183829879,54.96524329613433,54.925180132278825,54.9136041260865,54.85733525299761,54.86514258752784
311.0,8.27306797020484,8.27306797020484,0.045211842209965575,-1,55.150223459260914,55.0033072074354,0.29377576154920604,55.0,,,55.150223459260914,55.11347378953771,55.080853323424435,54.99785896856737,55.003272138840074,54.97820153401331,54.92573941793987,54.920376043700834,54.85644769771171,54.87162499431539
312.0,8.280074487895714,8.280074487895714,0.04495011725696411,-1,55.156393829707866,55.00560366822574,0.3015249221521543,55.0,,,55.156393829707866,55.13402405286253,55.085516747832656,55.03910459822857,55.00556942859592,54.98125585676639,54.92566942743652,54.905378481722146,54.85486890755571,54.80653279134451
313.0,8.310055865921786,8.310055865921786,0.04611627011865719,-1,55.162671349136,55.00806477449548,0.30915905773785823,55.0,,,55.162671349136,55.14745282968664,55.0903139397555,55.0651226080819,55.00803134404107,54.99180713633125,54.925794948146695,54.914042637602215,54.85351229139814,54.829136013804174
314.0,8.326675977653629,8.326675977653629,0.04698682168251169,-1,55.168522552129936,55.00999850013395,0.3169952921463022,55.0,,,55.168522552129936,55.15972510548008,55.094631858308226,55.0872249381656,55.00996586057864,55.000038501997786,54.925344969669304,54.91918928183461,54.851527259983634,54.84109236829281
315.0,8.34264432029795,8.34264432029795,0.04881583620819612,-1,55.174026517210216,55.011517778267184,0.3249659164614087,55.0,,,55.174026517210216,55.19118312624583,55.09856703791881,55.156889156914325,55.011485911516964,55.019109257885646,54.924448823941134,54.92492549713074,54.84906060074881,54.83823830928782
316.0,8.373277467411544,8.373277467411544,0.04858879770743776,-1,55.1787667586647,55.0121010137967,0.3332811511746101,55.0,,,55.1787667586647,55.19057872149871,55.10165065631364,55.14339777398675,55.012069902819796,55.016919341845195,54.9225321436953,54.92257107203854,54.84548560749009,54.838949648913164
317.0,8.38028398510242,8.38028398510242,0.048987946932002174,-1,55.183682474094525,55.01291635711026,0.34148308902002356,55.0,,,55.183682474094525,55.20436508192966,55.1049374080647,55.16621529609409,55.01288598382878,55.02233285503208,54.92087653448877,54.91970829651267,54.8421993850745,54.82441512411885
318.0,8.407821229050278,8.407821229050278,0.04874818593478672,-1,55.18841900004948,55.01353950986677,0.3497110011532527,55.0,,,55.18841900004948,55.19711804497495,55.10803752138143,55.136970648916304,55.01350985705197,55.018333599148654,54.91902317195475,54.92134293531123,54.838707998896226,54.84435034464605
319.0,8.426885474860333,8.426885474860333,0.04635602000760563,-1,55.19332584693217,55.01439061704174,0.35782361840353616,55.0,,,55.19332584693217,55.19243759124547,55.11133600748934,55.10971080973357,55.01436166744939,55.00131062548362,54.91742733480912,54.89245759312963,54.83550222852863,54.75865103267929
320.0,8.440409683426441,8.440409683426441,0.04855322758824565,-1,55.199303038329376,55.01660620989285,0.3653479239128643,55.0,,,55.199303038329376,55.215898446095856,55.11585129342936,55.160716043423555,55.01657794534174,55.020893647233756,54.917343657947264,54.9083061464389,54.83395511441651,54.797698568182774
321.0,8.473486964618248,8.473486964618248,0.048590454547703214,-1,55.2043490623124,55.01767656330897,0.37330034941767565,55.0,,,55.2043490623124,55.194830214511924,55.11932583707951,55.09983939246207,55.017648968937614,55.0151404167949,54.91601023532054,54.92257745996467,54.83104871289473,54.8715423613355
322.0,8.50558659217877,8.50558659217877,0.04888401064856156,-1,55.20946650432002,55.01884419667222,0.38120102540205636,55.0,,,55.20946650432002,55.198394390794796,55.122883524871234,55.10098451298265,55.01881725661231,55.01693137008149,54.91478821863952,54.92501997905935,54.82826547891796,54.88027723947721
323.0,8.520088454376163,8.520088454376163,0.04834662862137677,-1,55.21454119268175,55.01996655753521,0.38910671426959453,55.0,,,55.21454119268175,55.193731983114375,55.12639588987574,55.0806600718344,55.01994025644361,55.011338267676834,54.913520970262795,54.92141097833028,54.825434478412156,54.875805846674915
324.0,8.581191806331468,8.581191806331468,0.04826825016496548,-1,55.21986936804658,55.021431221018375,0.39683474688487763,55.0,,,55.21986936804658,55.20409893851786,55.13020506482773,55.09786823624813,55.02140554343293,55.012528445076924,54.91264150762291,54.91464833144848,54.8230346211617,54.84684720854382
325.0,8.574837057728118,8.574837057728118,0.05149814467201351,-1,55.225420417237224,55.023156317867844,0.4044876364321581,55.0,,,55.225420417237224,55.25627595748742,55.13425440423572,55.221620853322634,55.023131248963686,55.045458674782395,54.912042738097504,54.92615599557312,54.820932780805066,54.842544915081724
326.0,8.60335195530726,8.60335195530726,0.04986627329046236,-1,55.22952037190534,55.02310483884829,0.41279146817200285,55.0,,,55.22952037190534,55.23909543953136,55.13668761301235,55.165021319656134,55.02308036595541,55.02984742554819,54.90950693963505,54.91475328829883,54.816728903733335,54.827498893846695
327.0,8.613291433891991,8.613291433891991,0.05021852809999806,-1,55.23439728276968,55.02404104894642,0.420673809737778,55.0,,,55.23439728276968,55.24141020644549,55.14000331748329,55.16144473076683,55.02401715702725,55.031826171956176,54.90806401442005,54.918349206584146,54.8137234730319,54.84335804721567
328.0,8.635940409683425,8.635940409683425,0.048567225628477276,-1,55.239126537551925,55.0248209081657,0.4285735188769948,55.0,,,55.239126537551925,55.23364447748686,55.1431658845365,55.12945523610983,55.024797583611,55.0184781302755,54.906461516454186,54.9011962267288,54.81055301867493,54.79839772034809
329.0,8.659892923649904,8.659892923649904,0.05027165240295079,-1,55.244621542173604,55.02657711961498,0.436052000081375,55.0,,,55.244621542173604,55.24922123734113,55.147198932607935,55.16191492684593,55.026554348114885,55.032505958475205,54.90594123308622,54.91501442213543,54.80856954209223,54.835703981729736
330.0,8.668528864059589,8.668528864059589,0.04980354532561832,1,55.249434619722294,55.02749303378795,0.4438472018381461,55.0,,,55.249434619722294,55.268578928711136,55.150468642849084,55.19750037237862,55.027470803071836,55.03356530559775,54.904503685412365,54.89669459598219,54.80558741788415,54.762558432976654
331.0,8.701117318435752,8.701117318435752,0.04867045862471247,1,55.243092966927435,55.02869298072907,0.4287648562259605,55.0,,,55.243092966927435,55.235962690190235,55.14830205757505,55.12753063951371,55.02867127772821,55.02036300081595,54.90907049071317,54.90067864176033,54.814328110701474,54.7948159895839
332.0,8.701117318435752,8.701117318435752,0.048716287294638325,1,55.237693172626074,55.03062369984625,0.4141046621154416,55.0,,,55.237693172626074,55.226462769274306,55.146924185333155,55.11707190991127,55.03060251149954,55.02033170484594,54.91431011926184,54.90655298326476,54.82358851051063,54.81041617429445
333.0,8.72050744878957,8.72050744878957,0.04748823440738895,1,55.23233472624493,55.03252751299743,0.3995809560646393,55.0,,,55.23233472624493,55.21497909636254,55.14550848989249,55.098937906992745,55.0325068271217,55.01169581389792,54.91953375154775,54.8965094510817,54.83275377018029,54.77434555441518
334.0,8.707309124767223,8.707309124767223,0.04713396689168479,1,55.227928158971416,55.03516551939016,0.38549260157305554,55.0,,,55.227928158971416,55.22053587116584,55.14489332099125,55.122628740201776,55.035145323517796,55.01310204260484,54.925425236072,54.88783506113484,54.84243555739836,54.72857020418365
335.0,8.766294227188084,8.766294227188084,0.049115622695886214,1,55.22377488031428,55.037945511081695,0.37162683468455526,55.0,,,55.22377488031428,55.23222067205698,55.14443571974059,55.165115183425456,55.03792579345016,55.03097201700756,54.931443116273684,54.90676740568305,54.852148045629725,54.77165424771363
336.0,8.774115456238363,8.774115456238363,0.04634663408307129,1,55.218589545627474,55.039859725098935,0.35742849413455957,55.0,,,55.218589545627474,55.17369599800496,55.14299058668364,55.02843201958361,55.0398404752321,55.00079683481028,54.93671696645857,54.90555916872639,54.861161051492914,54.80954077491987
337.0,8.798882681564248,8.798882681564248,0.04916792892304167,1,55.21532869526689,55.04330303798342,0.3440209046742524,55.0,,,55.21532869526689,55.1951768214924,55.14323597480728,55.09907203802515,55.04328424362669,55.026070593508045,54.94335848562364,54.93033916570246,54.87130779059264,54.859094764894124
338.0,8.798882681564248,8.798882681564248,0.050131841950968696,1,55.21035416283995,55.0453006882272,0.33007726078577804,55.0,,,55.21035416283995,55.178535886386236,55.14186689410758,55.073741800463054,55.04528233975348,55.02972810343643,54.94872314238083,54.95335870210395,54.88027690205417,54.937111324475566
339.0,8.798882681564248,8.798882681564248,0.051515584430364664,1,55.20480738170361,55.046772904645,0.31603997063605505,55.0,,,55.20480738170361,55.187722994189905,55.139915089952844,55.11273237319291,55.04675499186017,55.04229844934824,54.953619648640846,54.9655959456915,54.888767411067555,54.95386567175203
340.0,8.802141527001865,8.802141527001865,0.051768671512126344,1,55.19841177389029,55.04749225083469,0.3018107517203106,55.0,,,55.19841177389029,55.1870961219935,55.13712965560844,55.12487098355109,55.04747476393156,55.04520302185989,54.957844038573164,54.96830592803479,54.89660102216998,54.94849314862871
341.0,8.841736499068903,8.841736499068903,0.05251133734370117,1,55.19192716701306,55.04808513953708,0.28765643342355673,55.0,,,55.19192716701306,55.18230086444344,55.13420504208597,55.12771917868466,55.048068068486316,55.05015936711417,54.96195468651054,54.9801375565839,54.904270733589506,54.978151844544385
342.0,8.881331471135942,8.881331471135942,0.0520795100859786,1,55.18516089575076,55.04841704786509,0.2734607315498039,55.0,,,55.18516089575076,55.16791029098779,55.13097898165491,55.10493717555282,55.048400383052744,55.04517632273186,54.965844814666035,54.9820867259892,54.91170016420096,54.9828325510292
343.0,8.920926443202982,8.920926443202982,0.055456875821391645,1,55.17888839125806,55.04912606461996,0.25949833046674087,55.0,,,55.17888839125806,55.17165125095854,55.12815978017947,55.1349471177075,55.04910979622251,55.06881251901301,54.97008229464842,55.02422148153582,54.91939006079132,55.105130639827756
344.0,8.929236499068903,8.929236499068903,0.056343530330376985,1,55.17059425823448,55.04814357715735,0.2448756674302075,55.0,,,55.17059425823448,55.19402677401759,55.123455943959776,55.204584640143594,55.04812769693843,55.08108544828443,54.972821395849785,55.02020097053647,54.92571859080427,55.05440324908218
345.0,8.902351024208569,8.902351024208569,0.05556651443579079,1,55.16181415200199,55.04671091146431,0.2301813999448683,55.0,,,55.16181415200199,55.19556946958489,55.11825656431818,55.21780406358438,55.04669541046744,55.077831084951185,54.975155678476824,55.00640143252963,54.93163275205712,54.99314974780116
346.0,8.941945996275606,8.941945996275606,0.05385813653457758,1,55.153518688868665,55.045604648972144,0.2158035971801624,55.0,,,55.153518688868665,55.172576143078054,55.11343676138901,55.16878179947375,55.04558951787983,55.06265303398201,54.977763185034675,54.995553567987145,54.9377150916885,54.966183095087544
347.0,8.981540968342646,8.981540968342646,0.05173216232657132,1,55.14655968317218,55.045570377666465,0.20195471172510793,55.0,,,55.14655968317218,55.150003964668926,55.10979725659089,55.11972671727784,55.04555560709014,55.04506481805489,54.98133437003205,54.97941043498406,54.94460497144707,54.920925014127434
348.0,8.99441340782123,8.99441340782123,0.05082326959717506,1,55.14120779513982,55.04683361695405,0.18872502540979497,55.0,,,55.14120779513982,55.113080889559384,55.107588346981586,55.03919850853052,55.046819197621936,55.031629846325366,54.986069975296886,54.98946087265068,54.952482769730025,54.976182324055586
349.0,9.02814245810056,9.02814245810056,0.05092522926239971,1,55.13655901610361,55.04863550240695,0.17582425078082053,55.0,,,55.13655901610361,55.10314604446331,55.10598040652642,55.02792336037407,55.048621425681816,55.03119398862836,54.99128189840015,54.996592728132214,54.96073476532279,54.994544378266454
350.0,9.05959031657356,9.05959031657356,0.05068253517156691,1,55.13202020537381,55.05050220408699,0.16301376718939764,55.0,,,55.13202020537381,55.12718055529734,55.10444116104689,55.09674123265533,55.05048846185956,55.037294352084984,54.99655475397026,54.977644660902165,54.969006438184415,54.89509045547085
351.0,9.05959031657356,9.05959031657356,0.05188695695555454,1,55.12780944952522,55.05261259598103,0.15037199995422412,55.0,,,55.12780944952522,55.10540631887108,55.103170162274836,55.05628950270542,55.05259918023039,55.04122317234389,55.00204673830375,55.00700801542959,54.977437449571,55.00246111723509
352.0,9.08175046554935,9.08175046554935,0.050765953038680735,1,55.12285815621461,55.05406660272155,0.1375619161202195,55.0,,,55.12285815621461,55.09791284708295,55.101183754255324,55.04691784569752,55.05405350604245,55.0336984968578,55.006941357000954,54.99588027396386,54.98529624009439,54.95816547940493
353.0,9.12134543761639,9.12134543761639,0.051480051994428,1,55.118779700001596,55.0562081189737,0.12512247466356996,55.0,,,55.118779700001596,55.0981218209481,55.0999615948232,55.059368406356285,55.05619533345869,55.03990038036859,55.01244674124701,55.004903623912305,54.993657225338026,54.97571198510567
354.0,9.128351955307265,9.128351955307265,0.052606147239031106,1,55.11442596777014,55.058103072292724,0.11262559539513717,55.0,,,55.11442596777014,55.10724105908784,55.09846351198997,55.093773372813715,55.05809059074715,55.050944532245644,55.01773491858139,55.013715570729275,55.001800372375,54.984601704175034
355.0,9.167946927374304,9.167946927374304,0.0523208376868407,1,55.10940790354658,55.05940967529932,0.09997674156824132,55.0,,,55.10940790354658,55.078157546061874,55.096324496942074,55.0330154872339,55.05939749080173,55.04326920849733,55.02248732322791,55.0272929211054,55.00943116197834,55.04426385864202
356.0,9.172346368715084,9.172346368715084,0.054456626120350904,1,55.10477436325576,55.06101353233983,0.08750241597826403,55.0,,,55.10477436325576,55.0933193260416,55.09451246176387,55.08576999758385,55.061001637745264,55.061907665858904,55.02750725165673,55.04588827577499,55.01727194727749,55.07843804961571
357.0,9.181959962756054,9.181959962756054,0.05216180014810686,1,55.09880252220494,55.06147131540291,0.07464362655537826,55.0,,,55.09880252220494,55.07634011667877,55.091444658985324,55.050336281968136,55.06145970436557,55.04434973580517,55.03149079580916,55.024395182175326,55.02415889564956,55.00791821551645
358.0,9.189944134078214,9.189944134078214,0.05621407480023499,1,55.09443046607186,55.06321013170053,0.062422328624975876,55.0,,,55.09443046607186,55.11064619497501,55.08980458611905,55.151923494497254,55.0631987968819,55.080133994589566,55.03660867198297,55.056612178019144,55.03200813744689,55.07292074056207
359.0,9.222532588454378,9.222532588454378,0.055400150584007615,1,55.08747081260501,55.06277446257644,0.04937479785247234,55.0,,,55.08747081260501,55.11413551081311,55.08577108716898,55.167130152471685,55.062763398403085,55.077197892396036,55.039770999952594,55.04147850912025,55.03809601475254,55.00792045918776
360.0,9.222532588454378,9.222532588454378,0.05459394936703822,1,55.082360973314394,55.06289995769225,0.03892870612263977,55.0,,,55.08122150860679,55.09094986958525,55.082360973314394,55.11688001265579,55.06288915750629,55.06773693016298,55.043432267191754,55.04346919480552,55.04459588184204,55.026273131769905
361.0,9.24257448789572,9.24257448789572,0.05192139041679689,1,55.07945067917283,55.063463290684595,0.03198129271152794,55.0,,,55.075556510735574,55.06547611585315,55.07945067917283,55.05781318756611,55.063452747998255,55.045827330843736,55.0474693864613,55.02208461213382,55.05138712905501,54.9670802663524
362.0,9.28216945996276,9.28216945996276,0.05414345492278874,1,55.07823377727289,55.06555080406033,0.025372307189407195,55.0,,,55.071773690926186,55.05384103459921,55.07823377727289,55.043685076272595,55.0655405121223,55.058411825003155,55.052861470083485,55.05872185521396,55.0593445698968,55.09012642423974
363.0,9.289175977653631,9.289175977653631,0.053853883004131416,1,55.07583980104873,55.06657270725957,0.018540396750680088,55.0,,,55.06672026764016,55.05271520688417,55.07583980104873,55.050855173721914,55.066562660602735,55.05741650039003,55.05729940429805,55.05453826436838,55.06644140270819,55.06359556407689
364.0,9.32029795158287,9.32029795158287,0.05226243499973158,1,55.07366045737996,55.06777625272493,0.011774470542313509,55.0,,,55.061932251383524,55.04982616863375,55.07366045737996,55.04960712903677,55.06776644544048,55.04794067620083,55.061885986837645,55.033914558082,55.07363612258311,54.98497680744084
365.0,9.335777467411546,9.335777467411546,0.054388788905906996,1,55.081576483092796,55.0699564737403,0.023224527724082122,55.0,,,55.058351955368714,55.033058244024765,55.072565381779285,55.02263790361853,55.069946899785904,55.05857031914459,55.06734164867475,55.07254935859667,55.081576483092796,55.1193448477734
366.0,9.352886405959032,9.352886405959032,0.05482434442965448,1,55.08860989246121,55.07103508794459,0.035134487321428765,55.0,,,55.05347540513978,55.02209344999055,55.070264020468755,55.00847839281767,55.07102574221116,55.0594765740428,55.07180037944202,55.084426787748335,55.08860989246121,55.15484455101029
367.0,9.382378957169465,9.382378957169465,0.05442019523796886,1,55.09546792096348,55.07193806618195,0.04704494846088636,55.0,,,55.04842297250259,55.024287676581004,55.06777938800048,55.024319612433985,55.07192894331764,55.058380340389846,55.07609110612556,55.07661563245504,55.09546792096348,55.11183624504009
368.0,9.389385474860337,9.389385474860337,0.05718430521849328,1,55.10255696849836,55.07316712182617,0.058765284122799244,55.0,,,55.04379168437556,55.037332434007425,55.065661316525855,55.072382936199986,55.073158216436084,55.080187417194615,55.08066742329493,55.10466642623808,55.10255696849836,55.18112232374852
369.0,9.428980446927374,9.428980446927374,0.05340797537912942,1,55.10843312836457,55.07291798685365,0.07101621815758818,55.0,,,55.03741691020698,54.995688672019185,55.061925542116064,54.97400547517514,55.07290929428823,55.04661886054076,55.08390505929245,55.07841791250131,55.10843312836457,55.116937366830214
370.0,9.450651769087523,9.450651769087523,0.05262154937485014,1,55.11602788418087,55.07486601004531,0.08231001838105101,55.0,,,55.03371786579982,54.98074621834138,55.06061956004123,54.946944250482744,55.07485752450539,55.03896298756256,55.08910721569927,55.076746373073114,55.11602788418087,55.111010567817466
371.0,9.450651769087523,9.450651769087523,0.053156406154054224,1,55.12399218413158,55.07731832482638,0.09333431548213156,55.0,,,55.03065786864945,54.98798509547776,55.05988035648073,54.97615013706469,55.07731004123641,55.045364118706786,55.09475117363371,55.07910691227429,55.12399218413158,55.098718646666235
372.0,9.482588454376163,9.482588454376163,0.055905381207271135,1,55.131679047860175,55.0794770966815,0.10439081836984343,55.0,,,55.02728822949033,54.99430618058236,55.058835243929664,55.007685007210334,55.07946901033146,55.065481647292145,55.1001139517959,55.111617454327025,55.131679047860175,55.18965097117389
373.0,9.48959497206704,9.48959497206704,0.05674119100376452,1,55.1382514681132,55.080255563569686,0.11597903742247695,55.0,,,55.02227243069072,55.01117558403191,55.05627244634051,55.060569850279954,55.0802476702459,55.075981299186545,55.104233802458104,55.11103332698612,55.1382514681132,55.15884153822257
374.0,9.52918994413408,9.52918994413408,0.054789717088360924,1,55.14444115920797,55.080604291186106,0.12766126947865786,55.0,,,55.016779889729314,55.00498796950425,55.05325131439949,55.04956724252131,55.080596586424214,55.06324565109547,55.10795250616952,55.08706635831174,55.14444115920797,55.07282641919314
375.0,9.548417132216017,9.548417132216017,0.05302543494796515,1,55.15156853190355,55.08215822757288,0.13880843937887022,55.0,,,55.01276009252468,54.98716058833617,55.05156437964222,55.00930034264159,55.0821507065418,55.04907852676054,55.11274742725214,55.07346932014765,55.15156853190355,55.034214361179465
376.0,9.548417132216017,9.548417132216017,0.05513782703048424,1,55.15948019710586,55.08473984720816,0.1494688202400809,55.0,,,55.010011376865776,55.00061905535382,55.0510232912223,55.0531778414316,55.08473250523838,55.067405843206295,55.11845186560851,55.09282638518156,55.15948019710586,55.078412188826334
377.0,9.550209497206705,9.550209497206705,0.05402334705602321,1,55.16643539946417,55.08616988402308,0.16051943470122865,55.0,,,55.00591596476294,54.96935170055433,55.04923033155425,54.98228095983843,55.08616271718834,55.05376213437546,55.12310500714574,55.096412599616244,55.16643539946417,55.109643142912205
378.0,9.58100558659218,9.58100558659218,0.051559061930900145,1,55.173831979917914,55.08821079642566,0.17123104713762416,55.0,,,55.00260093278029,54.93935388680223,55.04812984910595,54.913006202955806,55.08820380037481,55.03179688872007,55.128287419949366,55.081499285471814,55.173831979917914,55.07550221626591
379.0,9.61261638733706,9.61261638733706,0.052894531481949524,1,55.182359963437996,55.09170211273253,0.18130465070728263,55.0,,,55.00105531273071,54.945858178466494,55.048637008927294,54.940639881396606,55.091695283021366,55.043203454755044,55.13476299554525,55.09547167251534,55.182359963437996,55.1051254068728
380.0,9.646182495344508,9.646182495344508,0.052691973179232264,1,55.19038374488808,55.094578862637796,0.19159897686144944,55.0,,,54.99878476802663,54.94411426409041,55.04847332426767,54.944453353533625,55.09457219550951,55.04277177386227,55.14068028049709,55.0936117153051,55.19038374488808,55.08906889088307
381.0,9.676000931098695,9.676000931098695,0.054900951774412184,1,55.198574215347584,55.09768542530653,0.20176704919774835,55.0,,,54.996807166149836,54.94370671752616,55.048569599275126,54.956732945890856,55.097678916861454,55.05788643057686,55.146797228898656,55.1234632799829,55.198574215347584,55.1787478246215
382.0,9.678770949720672,9.678770949720672,0.05655801736295479,1,55.20587588371602,55.09969595131829,0.21234958506014578,55.0,,,54.99352629865587,54.96032441699851,55.04746505001714,55.00964864348378,55.0996895980919,55.073576427120294,55.15192292611053,55.134649108543876,55.20587588371602,55.18871330716641
383.0,9.690013966480448,9.690013966480448,0.05557164398030607,1,55.21242689244875,55.10081266879713,0.22321841309736357,55.0,,,54.98920847935138,54.94665848624236,55.04539320275924,54.98269986057648,55.100806467316296,55.06487593600076,55.15622830210995,55.12880984776201,55.21242689244875,55.170003284098215
384.0,9.693109869646184,9.693109869646184,0.05868961015732187,1,55.21940085560966,55.10250591577045,0.23378008492257152,55.0,,,54.98562077068709,54.97292360291526,55.04397230778401,55.06131273368748,55.10249986227792,55.092255592795894,55.161035782493585,55.15326098877839,55.21940085560966,55.217434392888435
385.0,9.729283054003728,9.729283054003728,0.05993060956326723,1,55.22499326275007,55.10251187669111,0.24495321176132734,55.0,,,54.98004005098874,54.96314200826584,55.04070961365731,55.04858512893002,55.102505968065316,55.098374962882026,55.16431048799412,55.174284368920155,55.22499326275007,55.28636441660195
386.0,9.743947858473,9.743947858473,0.05830974213186031,1,55.23013615292129,55.10197523056845,0.2563125133966224,55.0,,,54.97382363952467,54.93517390860533,55.03685497736287,54.98677722977128,55.10196946350183,55.081580378038666,55.16709191953157,55.1681241625536,55.23013615292129,55.27836674844477
387.0,9.783216945996276,9.783216945996276,0.05690558192612433,1,55.235989082236266,55.10237504479628,0.267218966802389,55.0,,,54.96877011543388,54.93363505386818,55.034046919473035,54.98948556356685,55.102369415694334,55.0729988628821,55.17069969114389,55.14869350479682,55.235989082236266,55.201519481786264
388.0,9.809124767225327,9.809124767225327,0.05731785968506714,1,55.24254996116699,55.10368256251161,0.2777259068465554,55.0,,,54.96482405432044,54.940020918263016,55.032244381526475,55.01360108567248,55.103677067902154,55.07822061878861,55.175117347641994,55.149004914611666,55.24254996116699,55.18626428138948
389.0,9.829818435754191,9.829818435754191,0.05504909892329251,1,55.248984183422756,55.10485928516122,0.2882411185525484,55.0,,,54.96074306487021,54.884759833709666,55.03030787422082,54.88273343574519,55.104853921880114,55.050809863736106,55.17940738141222,55.15209471188836,55.248984183422756,55.23645009403624
390.0,9.841713221601491,9.841713221601491,0.056111625946658014,1,55.256434313901266,55.107345215931026,0.29816972495716243,55.0,,,54.958264588944104,54.93417684559776,55.0298260133402,55.01370784530929,55.10733998057505,55.071050730625345,55.18486118289448,55.13474076781667,55.256434313901266,55.12057651800665
391.0,9.874301675977655,9.874301675977655,0.05334845513676151,1,55.26342598156264,55.10929362967863,0.30825643503031586,55.0,,,54.955169546532325,54.89380301847913,55.0287673173526,54.915260600875484,55.10928851931734,55.04473342476449,55.18981678362822,55.12196666338881,55.26342598156264,55.10679216465101
392.0,9.874301675977655,9.874301675977655,0.056743669433352385,1,55.271693700394806,55.112863451802184,0.31765242536825156,55.0,,,54.954041275026555,54.914836184816934,55.0295023194433,54.98037015053325,55.112858463144626,55.072822982989855,55.19622150100165,55.15422391339118,55.271693700394806,55.1873729784164
393.0,9.890432960893856,9.890432960893856,0.05966795519951033,1,55.278448521138095,55.114580922198606,0.32772731888827167,55.0,,,54.950721202249824,54.94049603279925,55.02821675548406,55.05573530480094,55.11457605271427,55.098814422050864,55.20094207940681,55.17625173763506,55.278448521138095,55.22908532155583
394.0,9.930027932960895,9.930027932960895,0.05841588379185446,1,55.28395208446698,55.11476364852524,0.33836918161311047,55.0,,,54.94558290285387,54.936545718864686,55.02525478773708,55.04918333402802,55.114758895676495,55.09087120481392,55.20426957189178,55.159920465590886,55.28395208446698,55.16940115991009
395.0,9.939478584729985,9.939478584729985,0.06024572711038778,1,55.29010203310605,55.11577350226311,0.34864955540641773,55.0,,,54.941452477699634,54.936284845074645,55.02320885236511,55.05779813482708,55.115768863127,55.10340276163201,55.20833528501773,55.183071713641866,55.29010203310605,55.24044244587067
396.0,9.972067039106149,9.972067039106149,0.06096807091145718,1,55.295450327070654,55.115820666081504,0.3592519955860496,55.0,,,54.936198331484604,54.91831293164376,55.02011938122777,55.02268121604752,55.11581613812182,55.104063945923606,55.21151915250264,55.20213314589099,55.295450327070654,55.31194901133688
397.0,9.983635940409686,9.983635940409686,0.06347905094656611,1,55.300562469542555,55.11559454952188,0.3699286893402629,55.0,,,54.93063378020229,54.93082603995796,55.01673698795283,55.06699560927616,55.11559013014534,55.123457946597156,55.21444937976639,55.22600175753743,55.300562469542555,55.36973049157669
398.0,10.00465549348231,10.00465549348231,0.06122830415092216,1,55.304583913387205,55.11404433786315,0.3810721722149992,55.0,,,54.923511741172206,54.9024057471325,55.01191288032042,55.00181725659334,55.11404002470689,55.102256399288706,55.21617312972907,55.21100470592201,55.304583913387205,55.33340930869313
399.0,10.0302374301676,10.0302374301676,0.06394078986954979,1,55.309617560753566,55.11379901620042,0.39163027766916514,55.0,,,54.9179872830844,54.91397436088289,55.00853751086314,55.04505495033082,55.11379480650054,55.12255540485776,55.21905791980041,55.23816979745951,55.309617560753566,55.402752670148494
400.0,10.037243947858476,10.037243947858476,0.0605522220043882,-1,55.31352476207825,55.112171732724015,0.40269941105337637,55.0,,,54.910825351024876,54.863136804111875,55.0036519765722,54.92419529250903,55.112167624247036,55.088307596964036,55.22068894969773,55.22206778537185,55.31352476207825,55.38191445155253
401.0,10.069832402234638,10.069832402234638,0.06163437570117908,-1,55.3050786354754,55.11241710211122,0.3853165784278687,55.0,,,54.91976205704753,54.88971057219427,55.00774963052212,54.97542814822016,55.11241309212083,55.098514750645315,55.21708209539027,55.2200386318686,55.3050786354754,55.35914668313976
402.0,10.08384543761639,10.08384543761639,0.06317652213982256,-1,55.29612620772573,55.11219332806037,0.3678594267173878,55.0,,,54.92826678100834,54.92552090852113,55.011453412066565,55.04835317538035,55.11218941428994,55.114078499895705,55.2129308252113,55.21792247215734,55.29612620772573,55.329893611677704
403.0,10.102420856610802,10.102420856610802,0.062018555603660416,-1,55.28629473398423,55.111182121519235,0.35021904448022667,55.0,,,54.936075689504,54.91811165382393,55.01447012240933,55.00891525246993,55.111178301791035,55.101634634033175,55.20789175990753,55.206243291104265,55.28629473398423,55.310007948742566
404.0,10.130446927374305,10.130446927374305,0.061405432918333516,-1,55.27739066229049,55.11087119998108,0.3330328925208761,55.0,,,54.94435776976962,54.92110613157446,55.018125668936904,54.99721710915286,55.110867471939365,55.09539977697328,55.203614426969004,55.19561285061596,55.27739066229049,55.2832628792255
405.0,10.137453445065178,10.137453445065178,0.06147624950464025,-1,55.26908382985328,55.11099795909164,0.3161658541358676,55.0,,,54.95291797571741,54.93979368736589,55.022188184057924,55.02522725890691,55.11099432048597,55.097648963101165,55.19980548534362,55.18437056380487,55.26908382985328,55.2403784888906
406.0,10.16759776536313,10.16759776536313,0.060165796602443526,-1,55.2608408414009,55.111111892692044,0.2994521512783024,55.0,,,54.9613886901226,54.92913186346092,55.02624601266583,54.9785720393835,55.11110834138243,55.08382931841785,55.19597557788842,55.172961449422864,55.2608408414009,55.224792029423796
407.0,10.184054934823092,10.184054934823092,0.06255119198405172,-1,55.25365963309478,55.11205040728728,0.28321284317123485,55.0,,,54.97044678992354,54.95955508181677,55.03105371613859,55.04121246072427,55.11204694107828,55.103831148305716,55.193044956201206,55.185629612217355,55.25365963309478,55.25190039300182
408.0,10.200186219739294,10.200186219739294,0.0637939208491248,-1,55.24504053976235,55.111750081440185,0.2665754428871594,55.0,,,54.97846509687519,54.97404719092458,55.034763972418695,55.061668513992075,55.11174669847212,55.1123122982737,55.18873409967263,55.192351316609724,55.24504053976235,55.27452162648039
409.0,10.200186219739294,10.200186219739294,0.0639705759173053,-1,55.23574168871542,55.11083337018395,0.249811294905669,55.0,,,54.98593039380975,54.98326864913675,55.03793020415326,55.06696929470851,55.11083006854907,55.112581340252355,55.183734495692235,55.18776355606399,55.23574168871542,55.263798167020546
410.0,10.237662942271882,10.237662942271882,0.06553015028313758,-1,55.226409425080604,55.109821771998455,0.23317009246347453,55.0,,,54.99323933261713,54.99809102546654,55.041009787791495,55.08942547671601,55.109818549754024,55.12291075255309,55.17863176474899,55.198095330056006,55.226409425080604,55.29851724598288
411.0,10.265363128491622,10.265363128491622,0.06491907625080376,-1,55.21626750400508,55.10810140091392,0.2163271180257169,55.0,,,54.999940385979365,55.00430765805779,55.04346842985312,55.085935341301926,55.108098256260085,55.117236869463554,55.17273242847192,55.18438085077993,55.21626750400508,55.2597280474987
412.0,10.284264432029795,10.284264432029795,0.062035872296020284,-1,55.2067158353564,55.106818625919594,0.19978945317061658,55.0,,,55.00692638218578,54.99772123701542,55.046324062777245,55.046080341214115,55.106815556946266,55.09427966159876,55.167311292332265,55.14835613086213,55.2067158353564,55.15774545909339
413.0,10.297951582867784,10.297951582867784,0.06207357048874351,-1,55.199219513717914,55.10717679703322,0.18408058686202367,55.0,,,55.01513892685589,55.00173255923941,55.050646503318575,55.03928540876674,55.10717380172686,55.092844242347326,55.16370523954687,55.145487674367025,55.199219513717914,55.15839997636195
414.0,10.33054003724395,10.33054003724395,0.0619648129127633,-1,55.1918228963986,55.10756468506695,0.16851169249439124,55.0,,,55.02331120390421,54.98456658551359,55.054994300247465,54.981975114318,55.107561761661714,55.08493470886623,55.16013326312277,55.15408565068355,55.1918228963986,55.21601795267536
415.0,10.337872439478586,10.337872439478586,0.06171533430758348,-1,55.18469154642975,55.10813204231998,0.1531143915852553,55.0,,,55.03157715484449,54.98800050106302,55.05950768353388,54.97655428646607,55.10812918908301,55.08123717316336,55.15675463770879,55.148031520250875,55.18469154642975,55.20243284527202
416.0,10.363128491620111,10.363128491620111,0.06170380626611479,-1,55.17782315103892,55.108861606826075,0.13791858257594214,55.0,,,55.03990456846298,54.99761483588331,55.064160305440765,54.986912790320886,55.10885882205771,55.08070524850443,55.153561187130016,55.141280976046794,55.17782315103892,55.18096124039711
417.0,10.3844739292365,10.3844739292365,0.06199690988764082,-1,55.171125497634065,55.10969014871491,0.1228663001134791,55.0,,,55.048259197520586,55.00161735536119,55.06890190861393,54.98420994847119,55.10968743077143,55.08072466550611,55.150476709034564,55.142145287674374,55.171125497634065,55.19069723702471
418.0,10.395716945996275,10.395716945996275,0.0625908946682937,-1,55.16438191676971,55.1104372544685,0.10788503243589531,55.0,,,55.05649688433382,55.0219550223437,55.07356888441804,55.02195652650434,55.110434601763636,55.08682402039238,55.147303985057306,55.136663689929506,55.16438191676971,55.16394443798896
419.0,10.431075418994416,10.431075418994416,0.06173061281229917,-1,55.15735595305928,55.11090177636785,0.09290416429628578,55.0,,,55.064451788762995,55.01620577690601,55.07797661623324,54.992274758925845,55.11089918736991,55.077177590490486,55.14382533641385,55.127903770937124,55.15735595305928,55.151110631818334
420.0,10.470670391061454,10.470670391061454,0.06353107535118736,-1,55.15109622490133,55.1119652300585,0.07825790112521958,55.0,,,55.07283832377611,55.03668255743958,55.082921763792335,55.033155820933956,55.11196270318913,55.09102181879191,55.141007134633604,55.13856646860421,55.15109622490133,55.179177735344474
421.0,10.493482309124769,10.493482309124769,0.0648639995270093,-1,55.14386153652652,55.112194318309186,0.06333044614791561,55.0,,,55.08053109037861,55.06238888110929,55.08712391205171,55.08470827744853,55.11219185217629,55.10313480405819,55.1372632004128,55.139219785845434,55.14386153652652,55.16928464890246
422.0,10.493482309124769,10.493482309124769,0.06336791162134228,-1,55.135900388927226,55.11178232835166,0.04823222689142881,55.0,,,55.0876681620358,55.07243511839949,55.09074831318046,55.09020759604968,55.111779921566765,55.09356457493175,55.13281485604808,55.11137428033744,55.135900388927226,55.07907555400027
423.0,10.524278398510244,10.524278398510244,0.06454936293361763,-1,55.12928171979319,55.11218529367319,0.03419430396674272,55.0,,,55.095380585017985,55.07429841076775,55.09508741582645,55.08186760038176,55.11218294472985,55.09894010344161,55.12928171979319,55.124853259149866,55.128993802998465,55.137270262872704
424.0,10.526070763500933,10.526070763500933,0.06386872614508671,-1,55.125166301568804,55.11205913287523,0.02621575418769595,55.0,,,55.10263366914007,55.07152638319495,55.09895054738111,55.05909808940429,55.11205684044365,55.091178093311534,55.125166301568804,55.116153973985455,55.12148830584254,55.12296980460279
425.0,10.538291433891995,10.538291433891995,0.06439307324348073,-1,55.12148264506997,55.112310316939215,0.018346038997094638,55.0,,,55.110120424932234,55.06674377865133,55.10313660607287,55.03546679582925,55.11230807962591,55.09043021718194,55.12148264506997,55.125082438569514,55.11450382899508,55.16921780185918
426.0,10.577886405959031,10.577886405959031,0.06354223247542216,-1,55.11754454000001,55.112321198552465,0.010448032368998383,55.0,,,55.11736254399124,55.08366118340181,55.10709650763101,55.06224403415335,55.112319015057686,55.086552855412094,55.11754454000001,55.10179493538297,55.1072833860824,55.08552981357554
427.0,10.59124767225326,10.59124767225326,0.06687705213289259,-1,55.125054349981795,55.112942617658334,0.024220016598412997,55.0,,,55.125054349981795,55.13052039880137,55.111601885927776,55.16962098103882,55.11294048664712,55.11695630910892,55.1142820323516,55.11580084028743,55.10083433338338,55.10307364199705
428.0,10.623836126629424,10.623836126629424,0.06805412600292948,-1,55.13129710450183,55.111797594118606,0.03899565584669773,55.0,,,55.13129710450183,55.15388086685105,55.114514256524416,55.212461622179035,55.11179551448379,55.12756366174999,55.10907964642787,55.114742063078126,55.092301448655135,55.09377729701356
429.0,10.631494413407824,10.631494413407824,0.06643167638939428,-1,55.137090608159106,55.11013492831803,0.053908075973026826,55.0,,,55.137090608159106,55.13394779990693,55.116958214035186,55.14319825513396,55.11013289887415,55.10942339037865,55.10331038833566,55.103225476750175,55.08318253218608,55.08913564226046
430.0,10.656424581005588,10.656424581005588,0.06811259403748335,-1,55.14354822116973,55.109386362676034,0.0683205124132229,55.0,,,55.14354822116973,55.144110883306176,55.12020552808457,55.157110403837954,55.109384382140234,55.1196706119831,55.09856597322912,55.11751552678238,55.07522770875651,55.14207306287865
431.0,10.656424581005588,10.656424581005588,0.06855053593869785,-1,55.14931235916299,55.107816924380074,0.08298774233650619,55.0,,,55.14931235916299,55.13456088865067,55.12270876722243,55.12114201288511,55.10781499164602,55.1166908327122,55.092923887042446,55.12731743213319,55.066324616826485,55.19652772298287
432.0,10.685102420856612,10.685102420856612,0.06789066078196147,-1,55.154825701173586,55.10601145618364,0.097625438258369,55.0,,,55.154825701173586,55.12834189558845,55.124981470974674,55.09275944095098,55.10600957011599,55.10745031121697,55.08704027573875,55.12031263387391,55.05720026291522,55.188853962097
433.0,10.692108938547486,10.692108938547486,0.06681577035623934,-1,55.1606692381231,55.10467475313516,0.11198599189529546,55.0,,,55.1606692381231,55.137736544371066,55.127665787329434,55.10192273474002,55.10467291258009,55.09980636817339,55.081682581415336,55.098084528111656,55.0486832462278,55.1148696952541
434.0,10.721601489757916,10.721601489757916,0.07010895736606775,-1,55.166942180855315,55.10395109814175,0.12597925914091235,55.0,,,55.166942180855315,55.16773330782466,55.13088234710169,55.170591195321315,55.10394930195804,55.125038522012765,55.077018739079264,55.12150385602031,55.0409629217144,55.17825818063892
435.0,10.738710428305405,10.738710428305405,0.07228213305073006,-1,55.171844958295885,55.1015465259473,0.14059402868240056,55.0,,,55.171844958295885,55.209272498739715,55.132583615337005,55.26323123234959,55.101544773193744,55.14591610948543,55.07050835329637,55.12178876673135,55.031250929613485,55.15390932987871
436.0,10.778305400372442,10.778305400372442,0.07156604013016353,-1,55.17581369352086,55.09802703871278,0.15557054230759348,55.0,,,55.17581369352086,55.21267642049882,55.13327132859445,55.2541012215187,55.098025328422004,55.13889813602346,55.06278169181333,55.106751826723176,55.020243151213265,55.11538499684424
437.0,10.786778398510243,10.786778398510243,0.07039628609912933,-1,55.18017945357053,55.09505056795499,0.1702550709211934,55.0,,,55.18017945357053,55.21705727299999,55.134439990400416,55.2463037886785,55.09504889907168,55.12951227596789,55.055660114083,55.08522782343317,55.00992438264934,55.05418203436382
438.0,10.79231843575419,10.79231843575419,0.06609750262855497,-1,55.18502276764672,55.09274670106548,0.18454949816056399,55.0,,,55.18502276764672,55.16019115178186,55.136193579092165,55.083116523206165,55.09274507254472,55.08496338689863,55.04929881655766,55.06080209087593,55.00047326948616,55.038805434337085
439.0,10.819366852886407,10.819366852886407,0.06577660534092993,-1,55.19168536486377,55.09280526894171,0.1977576203246869,55.0,,,55.19168536486377,55.180218841599824,55.14004649798992,55.12036467609564,55.09280367965526,55.08541544817173,55.04556305766048,55.04233631660941,54.993927744539086,54.96928085672275
440.0,10.838919925512103,10.838919925512103,0.06393338874549132,-1,55.19853210215396,55.09313942289549,0.21078284893260957,55.0,,,55.19853210215396,55.18164780485088,55.14413544680853,55.10711695649239,55.09313787188705,55.07192886587907,55.04214244040655,55.01520143427418,54.98774925322135,54.88951020911411
441.0,10.878514897579144,10.878514897579144,0.06397046627213641,-1,55.206193602095794,55.094548816345124,0.22328712225994707,55.0,,,55.206193602095794,55.163245713161096,55.14917487785507,55.05033263409044,55.09454730263067,55.06531274878968,55.039921819308226,55.026250861802474,54.98290647983585,54.9573999284864
442.0,10.884543761638737,10.884543761638737,0.06704634322120394,-1,55.21393361641445,55.09608425496797,0.2356963325455439,55.0,,,55.21393361641445,55.20608752182403,55.15432085896144,55.151488412136885,55.096082777651986,55.09326156241368,55.03784673794303,55.039533295856586,54.97823728386891,54.974091636617835
443.0,10.884543761638737,10.884543761638737,0.06709853859898492,-1,55.22031252251397,55.095966867964684,0.2486889763886566,55.0,,,55.22031252251397,55.20513777114817,55.15796381225191,55.13696456999761,55.09596542627064,55.090784332635685,55.03396903266156,55.03913621912623,54.971623546125315,54.98657359455233
444.0,10.89953445065177,10.89953445065177,0.06613352791803576,-1,55.22661470217836,55.095821257870945,0.26158461215526074,55.0,,,55.22661470217836,55.2142756677428,55.16155917859172,55.14525683128613,55.09581985094154,55.08456643940491,55.03008246762,55.01874627214312,54.9650300900231,54.92147393269567
445.0,10.939129422718809,10.939129422718809,0.06573229981099687,-1,55.23333710867182,55.09625694539161,0.2741581049470909,55.0,,,55.23333710867182,55.21035093943105,55.16565979507406,55.12260715286502,55.09625557235904,55.07874036508463,55.026853247128386,55.01434611281398,54.95917900372473,54.92348010385507
446.0,10.978724394785848,10.978724394785848,0.06543814323168538,-1,55.24032891297727,55.097058600423246,0.28653845700017655,55.0,,,55.24032891297727,55.20701926582797,55.17008174278133,55.10251758331993,55.0970572604589,55.0737408757775,55.02403462992169,55.01126056832768,54.95379045597709,54.92810826305094
447.0,10.982309124767228,10.982309124767228,0.06531403785005269,-1,55.24754443058968,55.09816756438579,0.29875161650291204,55.0,,,55.24754443058968,55.213517314779146,55.17477230550537,55.107343183950555,55.098166256684664,55.0723814218511,55.02156201506249,55.00444074032459,54.948792814086765,54.91008520003088
448.0,10.9927374301676,10.9927374301676,0.06762073380850415,-1,55.25477551122654,55.099355914459366,0.31083712856986523,55.0,,,55.25477551122654,55.230939693490086,55.17951297208481,55.144437316090375,55.09935463824112,55.08899980702253,55.01919806808769,55.02327408164216,54.943938382656675,54.969303645069076
449.0,11.01489757914339,11.01489757914339,0.06719240863817974,-1,55.260994864420425,55.09932669468769,0.32333432431839526,55.0,,,55.260994864420425,55.22301111193822,55.18314111986654,55.11355094795153,55.09932544925832,55.08164602766288,55.015511499791195,55.02101370351301,54.93766054010203,54.97964546190214
450.0,11.039338919925513,11.039338919925513,0.06761967899405048,-1,55.267431436303355,55.099613689362414,0.33563352733166596,55.0,,,55.267431436303355,55.25740210787191,55.18703899102565,55.18815000909219,55.09961247396754,55.09069121432312,55.01218763654385,55.0036073796926,54.93179790897169,54.89934071557897
451.0,11.047486033519554,11.047486033519554,0.06864980956641213,-1,55.273723421720895,55.09975952875792,0.3479258668188834,55.0,,,55.273723421720895,55.251212542848215,55.19079640934314,55.16316304381305,55.09975834268452,55.093159691926566,55.008721915139034,55.01968193629877,54.92579755490201,54.97250294931064
452.0,11.053351955307264,11.053351955307264,0.06931606474927662,-1,55.279548302490724,55.09937527040338,0.3603441914091263,55.0,,,55.279548302490724,55.27718236146317,55.194057464693856,55.21696002250406,55.09937411297061,55.1014143092181,55.00469236078013,55.010425986814575,54.9192041110816,54.92852896545963
453.0,11.080074487895718,11.080074487895718,0.07052423965237571,-1,55.28505536691701,55.09865112097863,0.37280666436078747,55.0,,,55.28505536691701,55.29248067894571,55.1969920798413,55.244440661928515,55.09864999151163,55.11037055688233,55.00030946406697,55.01486261168798,54.91224870255622,54.942955329521595
454.0,11.09995344506518,11.09995344506518,0.0705503103091538,-1,55.29008789130076,55.09737111097867,0.3854317773324283,55.0,,,55.29008789130076,55.28944479274004,55.19941381992339,55.22437890542891,55.09737000883138,55.10705203102267,54.995327720869476,55.01483012096978,54.90465611396833,54.9589368559144
455.0,11.139548417132216,11.139548417132216,0.07151112413094833,-1,55.295133271704664,55.09615356467192,0.39795767388974923,55.0,,,55.295133271704664,55.295116596849645,55.20187589690771,55.22878759777144,55.096152489184156,55.1116919357563,54.990430567748156,55.021911990275754,54.897175597814915,54.98985320789836
456.0,11.146554934823092,11.146554934823092,0.07087080652737059,-1,55.299860135045876,55.09456404161158,0.41059048882177507,55.0,,,55.299860135045876,55.30041002563622,55.203994959721186,55.22878157903461,55.094562992160924,55.10615841615263,54.98513247490581,55.00767888773636,54.8892696462241,54.94811673266542
457.0,11.186149906890131,11.186149906890131,0.06773217003147755,-1,55.30484139951173,55.093351642931815,0.42297785619839345,55.0,,,55.30484139951173,55.284072094986605,55.206432355102024,55.1701882743416,55.09335061887332,55.079698378574186,54.98027029785867,54.973790701798755,54.88186354331334,54.86000256408339
458.0,11.210428305400374,11.210428305400374,0.0693147001808027,-1,55.31128598849348,55.09399728544777,0.4345757891083295,55.0,,,55.31128598849348,55.321108956372875,55.21053280427964,55.25288796660097,55.09399628609725,55.09701670360088,54.97746114898332,54.970122505817464,54.87671019938515,54.825803285688316
459.0,11.210428305400374,11.210428305400374,0.06902252527547063,-1,55.31708622110023,55.093872547692584,0.4464257689015412,55.0,,,55.31708622110023,55.335958534283876,55.21392580399598,55.27460058790862,55.09387157248825,55.09700194240273,54.97381868867978,54.95486739766066,54.87066045219869,54.77539450632659
460.0,11.23975791433892,11.23975791433892,0.07001200210007591,1,55.32296528437515,55.093906925428755,0.4581151780943742,55.0,,,55.32296528437515,55.33477015372718,55.21743852136053,55.259840970179226,55.09390597378099,55.1008509865278,54.97037474134633,54.966916437960116,54.86485010628078,54.833261929396706
461.0,11.246764432029796,11.246764432029796,0.07092715732566353,1,55.312510092934225,55.093513478222505,0.4379917268527649,55.0,,,55.312510092934225,55.32238875698921,55.2125703392182,55.24996464625529,55.09351254958275,55.10513527273286,54.97445604329588,54.98290821609409,54.87451836608146,54.88688605219942
462.0,11.2756052141527,11.2756052141527,0.06885153944338508,1,55.30158229219723,55.09264923334314,0.41786465149504437,55.0,,,55.30158229219723,55.292349697060665,55.207165385751004,55.1910476306843,55.092648327173585,55.08605384393653,54.978132520891705,54.9699761129605,54.88371764070219,54.85696440369971
463.0,11.31112662942272,11.31112662942272,0.07148081336337012,1,55.29224561724231,55.0930239683835,0.3984418669162082,55.0,,,55.29224561724231,55.298299472501434,55.20311380895179,55.23057490360123,55.09302308409957,55.105622886351675,54.98293358129769,54.9979773241339,54.8938037503261,54.9330458443867
464.0,11.34078212290503,11.34078212290503,0.07252961524938013,1,55.28140214694816,55.092101929876094,0.37859903798086947,55.0,,,55.28140214694816,55.290114770221116,55.19760180554546,55.23236346481784,55.09210106699973,55.11143574617132,54.98660152091982,55.01323069023336,54.90280310896729,54.97761048567912
465.0,11.34078212290503,11.34078212290503,0.07213621210981461,1,55.27008042925749,55.090722740684555,0.3587140148140193,55.0,,,55.27008042925749,55.278334173818884,55.19156542142709,55.222316648047915,55.090721898717156,55.10724217046713,54.98987953957755,55.011335872757535,54.91136641444347,54.96640206464539
466.0,11.34078212290503,11.34078212290503,0.07114566586571641,1,55.25912355066487,55.089559686615345,0.33912639876714934,55.0,,,55.25912355066487,55.24613534501614,55.185765502806646,55.16100331429383,55.08955886504307,55.09402301627031,54.99335336266447,55.01453343403193,54.91999715189772,54.991371965410266
467.0,11.353980446927377,11.353980446927377,0.07232775181124891,1,55.24892369415617,55.08893716610963,0.31997175893320673,55.0,,,55.24892369415617,55.25329561538061,55.18056340169233,55.20155636771882,55.08893636442074,55.104464252031775,54.99731043505595,55.02230833305785,54.92895193522296,54.994837463170796
468.0,11.373370577281191,11.373370577281191,0.07035760602653673,1,55.23808957505891,55.08772254825533,0.30073278787396873,55.0,,,55.23808957505891,55.24189823888238,55.17469967611685,55.188254382681286,55.087721765989215,55.09061860689462,55.00074493692678,54.99930226333679,54.93735678718494,54.912013581444896
469.0,11.40058193668529,11.40058193668529,0.06954682571634038,1,55.228729635541605,55.08765442426147,0.28214918743824313,55.0,,,55.228729635541605,55.21702881460671,55.17010052954855,55.14311474681108,55.087653660914086,55.080744376755185,55.005207847199785,55.000864500453154,54.94658044810336,54.92698340440619
470.0,11.407588454376166,11.407588454376166,0.07052099318329591,1,55.22010065721864,55.08813007556495,0.263939958034463,55.0,,,55.22010065721864,55.22471046766664,55.16609599380954,55.18178191267566,55.0881293306653,55.090411987040746,55.01016369694707,55.00610259524235,54.956160699184174,54.9239105829285
471.0,11.447183426443203,11.447183426443203,0.07117581313010099,1,55.21094334487302,55.08810170093882,0.2456821117487209,55.0,,,55.21094334487302,55.23778689208316,55.16153464371828,55.23146174654121,55.088100974056864,55.099587284247356,55.014668308921614,55.003330957255166,54.9652612331243,54.89024239721942
472.0,11.471135940409685,11.471135940409685,0.07359712687107127,1,55.20159251209308,55.08786689096841,0.22745009459445242,55.0,,,55.20159251209308,55.22895588692938,55.156734390522104,55.23018733946527,55.08786618167866,55.114049919010384,55.01899895304955,55.037895532386756,54.974142417498626,55.00510532713548
473.0,11.493784916201118,11.493784916201118,0.07269614353000467,1,55.190822470267115,55.08640625623934,0.20883130823686713,55.0,,,55.190822470267115,55.22023423059704,55.15057394275235,55.223224173754595,55.08640556415335,55.107563816369044,55.0222381419937,55.027548407799706,54.98199116203025,54.964476048441185
474.0,11.503724394785849,11.503724394785849,0.07244395954204114,1,55.180825607005055,55.08552356631266,0.190602988705308,55.0,,,55.180825607005055,55.209554944032135,55.14505305662565,55.21192927195364,55.08552289099958,55.10474019097314,55.02599365863324,55.02739197711164,54.99022261829975,54.96147065404266
475.0,11.540386405959032,11.540386405959032,0.07313090485597762,1,55.17112192191744,55.08481700498696,0.1726087676569037,55.0,,,55.17112192191744,55.2063119772748,55.13973298649242,55.22077195855391,55.08481634603662,55.10966312233293,55.02990061622782,55.03521745872498,54.998513154260536,54.9789974925805
476.0,11.579981378026073,11.579981378026073,0.07161557197683842,1,55.16119099253473,55.08387679565847,0.15462735339833245,55.0,,,55.16119099253473,55.1844303441389,55.13415031161683,55.17882686951112,55.08387615268422,55.0960394654762,55.033602882320196,55.02533697060757,55.006563639136395,54.95310958515148
477.0,11.60148975791434,11.60148975791434,0.07431638221094454,1,55.152496359124136,55.083911978622645,0.13716774583769364,55.0,,,55.152496359124136,55.190067325349695,55.12964327720291,55.21360017025422,55.08391135121599,55.11576636883806,55.03818029228377,55.054977789947934,55.01532861328644,55.03644445302259
478.0,11.60148975791434,11.60148975791434,0.07286974262824722,1,55.14218490062097,55.082560098281235,0.11924861415276666,55.0,,,55.14218490062097,55.1634469937913,55.123605390948626,55.160883599476726,55.082559486102056,55.101081213024464,55.04151442726632,55.04899623250159,55.0229362864682,55.02664731867493
479.0,11.60148975791434,11.60148975791434,0.07201670033441526,1,55.13291351998846,55.08199693945153,0.10183219455664272,55.0,,,55.13291351998846,55.1398690327155,55.118454320881256,55.117545728807244,55.08199634211101,55.09086082385986,55.04553918884507,55.04951928555718,55.03108132543182,55.035668841331095
480.0,11.640595903165735,11.640595903165735,0.07232965206813372,1,55.1242863674982,55.081898461671074,0.08477486854659588,55.0,,,55.1242863674982,55.125602900641844,55.113832170655265,55.10036047253576,55.081897878798486,55.09022426348945,55.04996439245183,55.06007207228794,55.039511498951605,55.069531593752586
481.0,11.680190875232777,11.680190875232777,0.07363321378754406,1,55.11568051676327,55.08177825962473,0.06780359401844294,55.0,,,55.11568051676327,55.126851353514986,55.109185815680995,55.12369145652337,55.081777690873594,55.099695430447625,55.054370352060936,55.074129295197814,55.04787692274483,55.100240435192696
482.0,11.699255121042832,11.699255121042832,0.07203864422484922,1,55.10644499240592,55.081099743499735,0.05068959987519861,55.0,,,55.10644499240592,55.08230240671941,55.103922449497844,55.02859165042171,55.08109918854405,55.079141524895086,55.05827669452017,55.07822573556667,55.05575539253072,55.13832201200017
483.0,11.699255121042832,11.699255121042832,0.07217670488954393,1,55.09970853526852,55.08136159798546,0.036694209240202724,55.0,,,55.098411349405666,55.08978623809398,55.09970853526852,55.066075362413414,55.08136105647138,55.08287155686273,55.063014326028316,55.07319622882537,55.06431272275346,55.0957419953866
484.0,11.731843575418996,11.731843575418996,0.0742472583618469,1,55.09542898345667,55.08154798274229,0.027762327995709768,55.0,,,55.09036204411451,55.10159906191608,55.09542898345667,55.116667839463275,55.08154745434586,55.099888792979534,55.06766665546096,55.09105217132027,55.072734776333455,55.12972300775093
485.0,11.74080540037244,11.74080540037244,0.0775981386438355,1,55.09004691793685,55.08073211475097,0.01862992501325067,55.0,,,55.08114870008558,55.112322975737186,55.09004691793685,55.16697150206591,55.0807315991782,55.12442029372476,55.0714169929236,55.126175705346704,55.080316363630644,55.22390490934552
486.0,11.76443202979516,11.76443202979516,0.07507808818224042,1,55.08641733923206,55.07812986041292,0.01657414373026711,55.0,,,55.06984319550179,55.079384440495005,55.0827061518905,55.09784763508966,55.07812935739011,55.10090816449498,55.073553258050154,55.10964666031767,55.08641733923206,55.18100383185807
487.0,11.787406890130356,11.787406890130356,0.07617319746005562,1,55.093615820786496,55.0769916841536,0.03324747912522241,55.0,,,55.060368341661274,55.08882774824927,55.07699406569974,55.14030843781719,55.07699119334773,55.11105485123166,55.07698899927275,55.115352620535695,55.093615820786496,55.17553550081395
488.0,11.797020484171323,11.797020484171323,0.07517573493113963,1,55.10035741246233,55.07534742128955,0.05001920751121247,55.0,,,55.05033820495112,55.068835439855526,55.070734212707656,55.104872851442884,55.07534694241558,55.10061628246766,55.07996033391105,55.11140722019474,55.10035741246233,55.16539947720603
489.0,11.829608938547487,11.829608938547487,0.07392130748538865,1,55.10749156272828,55.07428459956253,0.06641317031721172,55.0,,,55.041078392411066,55.05487178023723,55.06513406541434,55.08358923833646,55.074284132320024,55.09024030948397,55.083434844938985,55.10054046273948,55.10749156272828,55.126244671790296
490.0,11.841014897579145,11.841014897579145,0.07230597492286084,1,55.115217702819095,55.074029285120425,0.08237609772542953,55.0,,,55.032841605093665,55.032694134098286,55.06043449393591,55.04055980457811,55.074028829214114,55.07567137209907,55.087623794539354,55.09045543766272,55.115217702819095,55.09807854497339
491.0,11.862197392923653,11.862197392923653,0.07211550531404019,1,55.123612062236866,55.074695743918696,0.09783191683590076,55.0,,,55.025780145400965,55.00936590629993,55.0567703219993,54.998083640599205,55.07469529905755,55.06966553545503,55.09262089089878,55.10065411613469,55.123612062236866,55.140041169276444
492.0,11.88761638733706,11.88761638733706,0.07321667668301096,1,55.13210018176131,55.07554531170028,0.11310903775712688,55.0,,,55.01899114400418,55.012496096055145,55.05332214722443,55.0242883042772,55.07554487761488,55.07845174924888,55.0977682078966,55.11157633436192,55.13210018176131,55.15876465075954
493.0,11.894785847299817,11.894785847299817,0.07313019623057522,1,55.14014270131296,55.07589180146973,0.1285011143515007,55.0,,,55.01164158696146,55.012188219970604,55.04933106313494,55.03864013411766,55.07589137790944,55.07901937441567,55.102452278029865,55.108528419666925,55.14014270131296,55.13358587926188
494.0,11.92737430167598,11.92737430167598,0.07457567191776632,1,55.14818194674229,55.076312055761754,0.14373911324188526,55.0,,,55.004442833500406,55.02206090776247,55.045441573993216,55.08023743775829,55.07631164247058,55.091840484882376,55.1071822821023,55.11944719748319,55.14818194674229,55.148244902501716
495.0,11.941224394785849,11.941224394785849,0.07681119106210324,1,55.15565519854792,55.07607010136078,0.1591695418890211,55.0,,,54.9964856566589,55.03124373199536,55.04083168017428,55.121125687355025,55.076069698102714,55.10931905168071,55.111308273320084,55.14097994435226,55.15565519854792,55.2004418109729
496.0,11.959962756052144,11.959962756052144,0.07820263768631912,1,55.162150171079595,55.074666191067095,0.1749673234112521,55.0,,,54.98718284766834,55.0391120335838,55.03495789276467,55.156830034982704,55.07466579761816,55.12105914470272,55.1143742462047,55.151483625244495,55.162150171079595,55.216185001141106
497.0,11.959962756052144,11.959962756052144,0.07546519814684395,1,55.1680492640965,55.07257977405608,0.19093835897176348,55.0,,,54.97711090512474,54.99342654589493,55.02834798761565,55.05181843971299,55.07257939018957,55.093164677795414,55.11681132325396,55.140419929047695,55.1680492640965,55.20758630776176
498.0,11.992551210428308,11.992551210428308,0.0723453230802264,1,55.17506286484876,55.071984656724375,0.20615581022984486,55.0,,,54.96890705461892,54.95007846018355,55.02340791109679,54.953271232092746,55.07198428218406,55.06351181012862,55.12056117087331,55.12370586610114,55.17506286484876,55.175834470062526
499.0,12.001838919925516,12.001838919925516,0.0751949910598059,1,55.18348256414349,55.07321038720387,0.22054376254273933,55.0,,,54.96293880160075,54.972800950645045,55.02048811580336,55.03048443387999,55.073210021737815,55.08820065632365,55.12593243273394,55.145875444727686,55.18348256414349,55.21564306282898
500.0,12.02513966480447,12.02513966480447,0.07416842639477614,1,55.1906438258278,55.07292084192993,0.2354453908225551,55.0,,,54.955198435005244,54.94662896583673,55.01591833553061,54.97847171396927,55.0729204853409,55.07599818712474,55.12992312794512,55.14643191749239,55.1906438258278,55.227162444035365
501.0,12.02513966480447,12.02513966480447,0.07513659008380459,1,55.19827384532845,55.073278635677276,0.24998985633074966,55.0,,,54.9482839889977,54.939317268838,55.01207833493957,54.97800293779316,55.073278287741694,55.081009548336645,55.134478721378976,55.162113116545115,55.19827384532845,55.271907238399116
502.0,12.02513966480447,12.02513966480447,0.07469176901996694,1,55.20542274364939,55.07310965614016,0.2646256257204982,55.0,,,54.940797117928895,54.924881875692705,55.00768282768391,54.957480591704964,55.073109316655355,55.075288410365225,55.13853627478327,55.16322745976696,55.20542274364939,55.27277016419887
503.0,12.02513966480447,12.02513966480447,0.07586253003385679,1,55.212701609340876,55.0731827109542,0.27903726081159874,55.0,,,54.93366434852928,54.92730515302438,55.00357959173253,54.98194989162115,55.07318237971163,55.083981487245,55.14278562545671,55.17535959140327,55.212701609340876,55.29597547987511
504.0,12.02513966480447,12.02513966480447,0.07621714633246382,1,55.219412646199444,55.07261934086254,0.2935860877381202,55.0,,,54.925826558461324,54.930640528515234,54.99880052608812,55.006348917886925,55.07261901767052,55.08785800153771,55.14643795589331,55.17565138784442,55.219412646199444,55.27857893379987
505.0,12.02513966480447,12.02513966480447,0.07550405464868387,1,55.225909056246664,55.07186416963094,0.308089263009272,55.0,,,54.91781979323739,54.92605886068557,54.9938359237691,55.00774323778791,55.071863854296296,55.08319414020822,55.14989222060526,55.16650794223203,55.225909056246664,55.23785447455108
506.0,12.02513966480447,12.02513966480447,0.07610411050537941,1,55.232653453975566,55.071497791517075,0.32231082709133574,55.0,,,54.91034262688423,54.91298902780108,54.98932566762781,54.990514388979,55.071497483843885,55.08450461784615,55.15366972525384,55.18040965510385,55.232653453975566,55.28485549416208
507.0,12.02513966480447,12.02513966480447,0.07588082403540904,1,55.239078366958935,55.07080590666008,0.336544434873872,55.0,,,54.90253393208506,54.90101062889061,54.98448285522656,54.975078684468976,55.07080560646622,55.080846566316986,55.15712877256359,55.182566208800196,55.239078366958935,55.289571773949525
508.0,12.017970204841715,12.017970204841715,0.07595395224298396,1,55.245540735167225,55.07023650918116,0.35060797805357424,55.0,,,54.89493275711365,54.90531436571266,54.979801131564265,55.00007670064589,55.070236216283355,55.08333301359687,55.16067170577724,55.178430702050136,55.245540735167225,55.25817826604872
509.0,11.992551210428308,11.992551210428308,0.07620851245805901,1,55.2518855412871,55.069600940596956,0.36456873898080033,55.0,,,54.8873168023063,54.89736616752381,54.97507554513646,54.99430559983855,55.069600654818366,55.08382079788177,55.16412615943658,55.18434976393596,55.2518855412871,55.274048674664996
510.0,11.992551210428308,11.992551210428308,0.07650615969203892,1,55.25796517295663,55.068731079068854,0.37846773661775046,55.0,,,54.87949743633888,54.883151757135906,54.970128089641406,54.97379065193888,55.068730800237994,55.08280055844716,55.16733389616935,55.1947329928341,55.25796517295663,55.31070292734946
511.0,11.992551210428308,11.992551210428308,0.07581419183587554,1,55.26385863310876,55.06770091476237,0.3923149965062649,55.0,,,54.871543636602496,54.87749740269703,54.96503051445446,54.9726476975704,55.06770064271214,55.077838719629725,55.170371146933995,55.18648683607286,55.26385863310876,55.27509701989463
512.0,11.992551210428308,11.992551210428308,0.07349695033454415,1,55.26999551845558,55.067048462371325,0.40589368267986714,55.0,,,54.86410183577571,54.86859270092961,54.96037517574216,54.958598041243356,55.067048196932745,55.06223140763068,55.173721584950435,55.1587280973244,55.26999551845558,55.17743374719137
513.0,11.992551210428308,11.992551210428308,0.07077483275816779,1,55.27708170566624,55.0676561916102,0.4188506090397084,55.0,,,54.85823109662653,54.83898727362269,54.957133299975254,54.891064954914526,55.06765593260922,55.039051171662145,55.17817892317374,55.1392165758179,55.27708170566624,55.12931610190374
514.0,12.00917132216015,12.00917132216015,0.07237973788463586,1,55.28529460438401,55.06974209028133,0.4311046192718706,55.0,,,54.85418998511214,54.833334491945706,54.95554441769224,54.892314653525034,55.06974183754651,55.04893031381616,55.18393960667171,55.16310264436616,55.28529460438401,55.20731730933639
515.0,12.001513035381752,12.001513035381752,0.07372955851893806,1,55.29282144944159,55.071016064419254,0.44361037101897693,55.0,,,54.84921107842261,54.85615724359125,54.95308178075462,54.96349031930884,55.07101581780782,55.06453096941866,55.18895019566965,55.1652486953637,55.29282144944159,55.183581501278425
516.0,11.992551210428308,11.992551210428308,0.07547774370415058,1,55.29967983790588,55.071525248524836,0.4563087894158926,55.0,,,54.843371048489985,54.84513648709856,54.94980673306978,54.95113358086271,55.07152500789563,55.07367482244178,55.19324361526286,55.19365351326294,55.29967983790588,55.282479911562476
517.0,11.992551210428308,11.992551210428308,0.07616607154435712,1,55.30569160427739,55.07104934846659,0.4692841317348453,55.0,,,54.83640747254255,54.85219348687009,54.94547759998513,54.98244578151288,55.07104911368366,55.080693610850915,55.196620951844224,55.196132096219955,55.30569160427739,55.27399551650264
518.0,11.992551210428308,11.992551210428308,0.07654980206563901,1,55.31135123343112,55.07020015519349,0.48230178582380745,55.0,,,54.82904944760731,54.84575581595332,54.94076410455323,54.979138862350226,55.07019992611829,55.08230212925153,55.1996360642575,55.20285523452026,55.31135123343112,55.29347414760105
519.0,12.011615456238363,12.011615456238363,0.07710587524637354,1,55.31679135863041,55.06914383412209,0.495294687379058,55.0,,,54.82149667125135,54.84841741746229,54.93584907211,54.9986680564766,55.069143610617786,55.08730274853893,55.202438458000934,55.206046213809586,55.31679135863041,55.29240336258949
520.0,12.02513966480447,12.02513966480447,0.0768577475464136,1,55.322010187536364,55.067859844455725,0.5083003333227509,55.0,,,54.81370985421361,54.83885727971231,54.930702709452284,54.98578040158149,55.06785962638952,55.084146555950696,55.20501684468684,55.20612436680149,55.322010187536364,55.292469107323
521.0,12.02513966480447,12.02513966480447,0.07668987010296086,1,55.3273365159862,55.06676445700439,0.5211437737081326,55.0,,,54.806192742278064,54.81628327037302,54.9257848576936,54.941425529365574,55.0667642442428,55.07800100386061,55.20774392482129,55.21568198363642,55.3273365159862,55.336446660589125
522.0,12.02513966480447,12.02513966480447,0.07973411581008298,1,55.332684364251655,55.06576211498865,0.5338441626435326,55.0,,,54.79884020160812,54.83182225858571,54.920995543397765,54.99924089493053,55.06576190740186,55.10147524401671,55.21052855828385,55.24414285701804,55.332684364251655,55.4084156611269
523.0,12.039641527001864,12.039641527001864,0.07796462113686839,1,55.3366567134599,55.063107390566586,0.5470983180957205,55.0,,,54.78955839536418,54.803291663604874,54.9144162232232,54.938364709449004,55.06310718804246,55.08343999194524,55.21179843274318,55.235491014845884,55.3366567134599,55.39347815711024
524.0,12.057728119180634,12.057728119180634,0.07677759715810954,1,55.34140331561454,55.06147396125473,0.5598583890078999,55.0,,,54.78154492660664,54.787088343072625,54.908980202613996,54.90947531867819,55.061473763662015,55.07232721165746,55.21396759777645,55.22740051148505,55.34140331561454,55.36863114116069
525.0,12.057728119180634,12.057728119180634,0.07915908013900345,1,55.34668540478638,55.06055721592984,0.5722560657780207,55.0,,,54.77442933900836,54.79853269900657,54.904351136579194,54.956168022142435,55.06055702314336,55.090573688680884,55.216763176131884,55.249770413359435,55.34668540478638,55.422948286508564
526.0,12.057728119180634,12.057728119180634,0.08064680433732617,1,55.350880999558704,55.05834832020387,0.5850650543782265,55.0,,,54.76581594518048,54.808965805630166,54.89832850788462,54.99823904529796,55.058348132116706,55.102887110688066,55.218368016278866,55.260190554063776,55.350880999558704,55.43747590593691
527.0,12.047788640595904,12.047788640595904,0.07902548917086202,1,55.354379000579996,55.05533512481786,0.5980874546209733,55.0,,,54.75629154595902,54.77179927060077,54.89144853530804,54.916163753294725,55.05533494132152,55.083427086722224,55.219221600920704,55.25887334979053,55.354379000579996,55.45598876742871
528.0,12.008193668528865,12.008193668528865,0.0771468943828715,1,55.35849576331282,55.05316979575308,0.6106516454525277,55.0,,,54.74784411786029,54.79193088906593,54.8855299090506,54.974884642145106,55.05316961672906,55.07759761229745,55.22080957181264,55.21833539484842,55.35849576331282,55.287118871998146
529.0,11.992551210428308,11.992551210428308,0.07704935593276982,1,55.363231274662695,55.051877211707165,0.6227078432922895,55.0,,,54.740523431370406,54.76736547690191,54.88061081172473,54.92413569740186,55.051877037039155,55.071456596440164,55.22314350373884,55.22997216154429,55.363231274662695,55.34329874050196
530.0,11.992551210428308,11.992551210428308,0.07575071980458234,-1,55.36790229028337,55.0505800675114,0.6346441698012484,55.0,,,54.73325812048212,54.72506637554995,54.87571851100648,54.82947404469536,55.05057989709304,55.05292063381961,55.22544151869197,55.23706597555645,55.36790229028337,55.397419607723954
531.0,11.997928305400372,11.997928305400372,0.07658227456340584,-1,55.35581708348218,55.049990262157394,0.6116533736078793,55.0,,,54.7441637098743,54.75805333629649,54.88026647990581,54.892729970640495,55.04999009588049,55.06266049471496,55.2197139416442,55.227753042467306,55.35581708348218,55.351884783376335
532.0,12.02513966480447,12.02513966480447,0.076402616973964,-1,55.343324631877486,55.04897041466086,0.5887081719345915,55.0,,,54.754616459942895,54.754653815687774,54.884446428176474,54.86282693969205,55.04897025242776,55.05667874339964,55.213494300879674,55.22762565423714,55.343324631877486,55.37327241408974
533.0,12.02513966480447,12.02513966480447,0.07540658450566823,-1,55.33117884034568,55.04815367113785,0.5660500822998671,55.0,,,54.76512875804581,54.75890387200334,54.888827537523404,54.85122827859645,55.048153512849574,55.047677041614605,55.20747970692476,55.211920453607505,55.33117884034568,55.33266819824782
534.0,12.02513966480447,12.02513966480447,0.07506049706313388,-1,55.31981422007346,55.04787908286123,0.5438700245307899,55.0,,,54.77594419554267,54.76793600963544,54.893697242977275,54.85322904776445,55.04787892841844,55.0441661738307,55.202060827294304,55.202008894761775,55.31981422007346,55.307653019070656
535.0,12.02513966480447,12.02513966480447,0.07536352709764378,-1,55.308795104851036,55.04779285184435,0.5220042621888012,55.0,,,54.786790842662235,54.754384389659876,54.89873912842129,54.80192190786942,55.04779270115246,55.03870890827447,55.196846482134696,55.215118505813194,55.308795104851036,55.38173983103609
536.0,12.02513966480447,12.02513966480447,0.07544694277730558,-1,55.29768831801958,55.047542232210084,0.5002919337177119,55.0,,,54.79739638430187,54.773155910362256,54.903637616200974,54.83191281266103,55.04754208517899,55.04020384245508,55.19144675734897,55.2048886716214,55.29768831801958,55.34345613462526
537.0,12.02513966480447,12.02513966480447,0.0755427365487326,-1,55.28663802003295,55.0472467328657,0.4787823422130373,55.0,,,54.807855677819916,54.802912926921636,54.908496959626234,54.8876726547844,55.04724658940674,55.04493045734233,55.18599641744265,55.18765501056853,55.28663802003295,55.27298884580393
538.0,12.02513966480447,12.02513966480447,0.07611633546871231,-1,55.27563420623198,55.04689970782491,0.45746877033255373,55.0,,,54.818165435899424,54.8242342194084,54.9133093777561,54.92182580450002,55.0468995678516,55.050662614106976,55.180489951385454,55.181873091461824,55.27563420623198,55.25224540306844
539.0,12.02513966480447,12.02513966480447,0.07682511408860604,-1,55.26435889317812,55.0462418294857,0.4362339064089227,55.0,,,54.8281249867692,54.83656952310404,54.9178423845046,54.93360524874034,55.04624169291509,55.054870632098435,55.174641190061536,55.18335094794746,55.26435889317812,55.265532591677214
540.0,12.02513966480447,12.02513966480447,0.07690263428552171,-1,55.25272220086367,55.04520023330599,0.4150437195146992,55.0,,,54.83767848134897,54.84510689311716,54.92202934246633,54.93497412907857,55.04520010005746,55.05408280218395,55.168371041793534,55.17863873041719,55.25272220086367,55.260815473436715
541.0,12.02513966480447,12.02513966480447,0.07577814112214702,-1,55.24114163214598,55.044118289667765,0.39404647460060716,55.0,,,54.847095157545375,54.848624414874465,54.92617411781074,54.92165939214821,55.04411815966073,55.04460135433841,55.162062381176035,55.1610371377437,55.24114163214598,55.21641059685096
542.0,12.02513966480447,12.02513966480447,0.07797070210937883,-1,55.23041032212592,55.04364860277387,0.3735232334604106,55.0,,,54.85688708866551,54.867031230218004,54.930856167461286,54.95300796014417,55.04364847592629,55.05960906238932,55.156440959690336,55.178463986837805,55.23041032212592,55.278049830291415
543.0,12.02513966480447,12.02513966480447,0.07529285312626731,-1,55.21833129186671,55.04198944232992,0.35268349882755956,55.0,,,54.86564779303915,54.85933518960443,54.934469957287426,54.9093446904505,55.04198931857106,55.037463780329816,55.149508850885226,55.14698542913347,55.21833129186671,55.195833736369444
544.0,12.02513966480447,12.02513966480447,0.07881354077722316,-1,55.20812629720283,55.041786682608915,0.33267903380611585,55.0,,,54.875447263396715,54.912665894296154,54.939370222210655,55.0301465014333,55.041786561856384,55.07002349617823,55.14420306837801,55.160042563313745,55.20812629720283,55.21026648324782
545.0,12.02513966480447,12.02513966480447,0.07506191461206164,-1,55.195693044089,55.039673167951776,0.3120395616538403,55.0,,,54.88365348243516,54.88049512190172,54.94255660723106,54.92196260276807,55.03967305014176,55.03501399105611,55.13678965586189,55.12930804649571,55.195693044089,55.155875719232114
546.0,12.02513966480447,12.02513966480447,0.07680836729333333,-1,55.18584014852328,55.03959954167349,0.2924810277085257,55.0,,,54.89335912081476,54.9100263422405,54.94754740641254,54.980662495245795,55.03959942672469,55.050493215856555,55.13165160589218,55.13378599214598,55.18584014852328,55.16286949486692
547.0,12.02513966480447,12.02513966480447,0.07618340259918069,-1,55.17492799978067,55.03857811548827,0.27269958711790565,55.0,,,54.902228412662765,54.90291879146994,54.95167948262146,54.94309117565258,55.03857800333556,55.041543457112155,55.125476679040894,55.12937947559828,55.17492799978067,55.173995881934566
548.0,11.998417132216016,11.998417132216016,0.07814113397970006,-1,55.164524030654555,55.03789759030104,0.253252703651782,55.0,,,54.91127132700277,54.933762278723144,54.95610022617341,55.006073278441484,55.03789748087488,55.05848316001953,55.119694886799586,55.1355810082207,55.164524030654555,55.185065955989465
549.0,12.02513966480447,12.02513966480447,0.07994107288026445,-1,55.15281991492327,55.03605367411867,0.2335323088658967,55.0,,,54.919287606057374,54.966006504411766,54.95945638039058,55.07089834847099,55.03605356735743,55.0746567684205,55.112650901864676,55.13814252534836,55.15281991492327,55.184081430848885
550.0,12.02513966480447,12.02513966480447,0.07841205485775332,-1,55.14012743430185,55.03333806851737,0.2135785630393201,55.0,,,54.92654887126253,54.97621764788279,54.96202878461343,55.07231820159974,55.03333796436033,55.06452183559396,55.10464728804872,55.10978828763185,55.14012743430185,55.09916587685347
551.0,12.02513966480447,12.02513966480447,0.07821026431464334,-1,55.128541455254506,55.03145687222811,0.1941690016284312,55.0,,,54.934372453626075,54.98757483480946,54.9653270496973,55.07915993215889,55.03145677060828,55.06321608288313,55.097586631954414,55.09865639351184,55.128541455254506,55.07330502748613
552.0,12.02513966480447,12.02513966480447,0.07918943294151096,-1,55.11718232242963,55.029688369031454,0.17498774637657277,55.0,,,54.942194576053055,54.9959049828382,54.96870666776191,55.081513757340446,55.02968826988657,55.06837847955377,55.090670009026084,55.105227351928576,55.11718232242963,55.11075620413232
553.0,12.02513966480447,12.02513966480447,0.07719495289150136,-1,55.105270551161816,55.02739161808425,0.1557577096457834,55.0,,,54.94951284151603,54.983951378996295,54.97159484851687,55.02825918724354,55.02739152135617,55.04966744549928,55.083188327870396,55.08486441319826,55.105270551161816,55.073360648292486
554.0,12.02513966480447,12.02513966480447,0.07667869262978999,-1,55.09476470997217,55.026180829344774,0.1371676085537885,55.0,,,54.95759710141838,54.99260361843734,54.97543156710774,55.03052620003023,55.02618073497038,55.04572264273623,55.07693003325523,55.0716820983774,55.09476470997217,55.040341495629356
555.0,12.02513966480447,12.02513966480447,0.07535070466290003,-1,55.08468581577786,55.02525212979119,0.11886722298631014,55.0,,,54.96581859279155,54.984161896936044,54.979498793750885,54.989139068011,55.02525203771215,55.0323870591832,55.07100540892352,55.05862315267647,55.08468581577786,55.02344359185067
556.0,12.02513966480447,12.02513966480447,0.07416137086521446,-1,55.075565333300354,55.0250453531889,0.10103981485522695,55.0,,,54.97452551844513,54.99650225878819,54.98418879031211,55.00029480243001,55.025045263346726,55.02557965329514,55.065901860540166,55.0346126365352,55.075565333300354,54.94886645948967
557.0,12.02513966480447,12.02513966480447,0.07467770978357487,-1,55.06730771286438,55.02548407217453,0.0836471395396714,55.0,,,54.983660573324705,54.98836289698971,54.98943297939536,54.96471852871348,55.02548398451257,55.02407584915108,55.06153511077563,55.046542667806044,55.06730771286438,55.016823698761236
558.0,12.02513966480447,12.02513966480447,0.07442107938745028,-1,55.05878774088628,55.02564199028784,0.06629136280047732,55.0,,,54.992496378085804,54.98418393349848,54.99440347591412,54.93937897922194,55.02564190475418,55.01854585075077,55.056880451798875,55.04574316223184,55.05878774088628,55.03456374434185
559.0,12.02513966480447,12.02513966480447,0.0728630286482614,-1,55.052402891335255,55.02593886546116,0.05292810332777975,55.0,,,55.00136424744375,54.97554210688133,54.999474788007475,54.90140823585868,55.02593878200363,55.00380559355229,55.052402891335255,55.03057849750802,55.05051361851568,55.00566143831248
560.0,12.02513966480447,12.02513966480447,0.06953725143780175,-1,55.04888352600618,55.02708045978851,0.04360618276467676,55.0,,,55.01082224540964,54.95409852555172,55.0052773432415,54.82908236619332,55.02708037835391,54.975062806151676,55.04888352600618,55.000379572611465,55.04333880593135,54.93598934464226
561.0,12.02513966480447,12.02513966480447,0.07259405033975852,-1,55.047381631186454,55.03002447136239,0.03471436876116485,55.0,,,55.021629161852324,54.997600828649894,55.01266726242529,54.93202365760973,55.03002439189579,55.00320660913088,55.047381631186454,55.01492547558044,55.03841990945213,54.95896374999594
562.0,12.02513966480447,12.02513966480447,0.07301489657169036,-1,55.044064940652945,55.031305538267006,0.02551885269475207,55.0,,,55.031054359435615,55.015114800824946,55.01854608795819,54.96255925967903,55.03130546072613,55.00808909461847,55.044064940652945,55.00991979402593,55.03155684256219,54.94127438044316
563.0,12.02513966480447,12.02513966480447,0.07467798205324648,-1,55.040518259457414,55.032356239346484,0.016324086982990593,55.0,,,55.04022620073149,55.04537402795513,55.024194172474424,55.026261270469746,55.03235616368537,55.024048946219075,55.040518259457414,55.01322275458927,55.02448640038374,54.94136708022979
564.0,12.02513966480447,12.02513966480447,0.07698919325828489,-1,55.04861267384567,55.03250286536105,0.032219497519193396,55.0,,,55.04861267384567,55.06601136824813,55.02900840446026,55.066445499862866,55.032502791536864,55.04130742743989,55.03599728063599,55.03078864153707,55.016393176326474,55.00041352766686
565.0,12.02513966480447,12.02513966480447,0.0783336943351747,-1,55.055935619004075,55.03139515666944,0.04908080812528226,55.0,,,55.055935619004075,55.076400084765055,55.032674721037075,55.079284934526,55.03139508464129,55.049509728858844,55.030115547785954,55.0414505751281,55.00685481087879,55.04476070961707
566.0,12.02513966480447,12.02513966480447,0.07784393868325235,-1,55.062609452285145,55.02955978632732,0.06609921821040388,55.0,,,55.062609452285145,55.05482318335748,55.03566369258328,55.01046494267988,55.02955971605362,55.037643522204775,55.02345583663983,55.04768508286887,54.99651023407474,55.10190756158007
567.0,12.02513966480447,12.02513966480447,0.0770922240678457,-1,55.0694217419384,55.02799325531189,0.08285686231617007,55.0,,,55.0694217419384,55.07427838896826,55.03886675619443,55.04429651389765,55.02799318674915,55.03492057675255,55.017119712055255,55.024706076020244,54.98656487962223,55.018578065855024
568.0,11.992551210428308,11.992551210428308,0.07659431272399973,-1,55.07648611936804,55.02683719011257,0.09929775027327281,55.0,,,55.07648611936804,55.086322763260846,55.04241051695078,55.05884336339437,55.026837123218016,55.032206780226495,55.011263821931266,55.009792546476454,54.97718836909477,54.97209447558799
569.0,11.992551210428308,11.992551210428308,0.07661361191346382,-1,55.08357044653211,55.02582879657997,0.11548319429893894,55.0,,,55.08357044653211,55.07691283546096,55.046046527854195,55.02186564113297,55.02582873131229,55.027096289079594,55.00561102496812,55.01536455424875,54.96808725223317,55.0161036762715
570.0,11.992551210428308,11.992551210428308,0.07684297784623831,-1,55.09057816231974,55.02481161110798,0.1315329993865575,55.0,,,55.09057816231974,55.088063292919365,55.04964750318041,55.03760109033093,55.024811547427625,55.02856188216146,54.99997567967893,55.01084131282377,54.95904516293318,55.004549554596316
571.0,11.992551210428308,11.992551210428308,0.07487688503816502,-1,55.097419773341045,55.02367169899571,0.1474960481601002,55.0,,,55.097419773341045,55.064427111005024,55.05311116017594,54.96295220508521,55.023671636864414,55.00734712330027,54.99423219941625,54.99902822946941,54.949923725180945,54.99997903510048
572.0,12.024487895716945,12.024487895716945,0.07416957419850013,-1,55.10503999757351,55.02360014264394,0.1628796117697462,55.0,,,55.10503999757351,55.06350357486633,55.05750455791651,54.949252801200295,55.02360008202135,55.000022769123696,54.989695689904565,54.99021613953532,54.94216038580377,54.98240494511078
573.0,12.02513966480447,12.02513966480447,0.07203372390879863,-1,55.113021073268584,55.02403425127918,0.17797354826976886,55.0,,,55.113021073268584,55.05705894817913,55.06233625496038,54.91886864269132,55.02403419212774,54.982677896422885,54.98573221104041,54.96610162046419,54.935047524998815,54.91709428726087
574.0,12.02513966480447,12.02513966480447,0.0729310768702013,-1,55.12185927850948,55.02562869958422,0.19246106445965694,55.0,,,55.12185927850948,55.07872109368155,55.06818074642129,54.96455052739749,55.02562864186548,54.99182732001501,54.98307661707503,54.96508638853633,54.929398214049826,54.90526706818752
575.0,12.02513966480447,12.02513966480447,0.07502764463461903,-1,55.130248242198114,55.02673387088436,0.20702865150048666,55.0,,,55.130248242198114,55.1051310910819,55.07355904753856,55.02329587215517,55.02673381456474,55.0096242695394,54.97990865942273,54.976746516431824,54.92321959069763,54.933811825034276
576.0,12.02513966480447,12.02513966480447,0.07468144364710465,-1,55.137671549923965,55.02669992629237,0.22194315834927636,55.0,,,55.137671549923965,55.12901936570015,55.07788816902358,55.0688087315964,55.02669987134053,55.0116196694989,54.97551164959907,54.95684013194435,54.91572839157469,54.85801592946092
577.0,12.02513966480447,12.02513966480447,0.07502616140286654,-1,55.145181201306244,55.02685384708002,0.23665462169722673,55.0,,,55.145181201306244,55.13807261835037,55.08235788997413,55.07772441357508,55.02685379346233,55.01422444438126,54.97134977104837,54.95546784498384,54.90852657960902,54.861547438139525
578.0,12.02513966480447,12.02513966480447,0.0755464696277251,-1,55.152480249289866,55.026820511653206,0.25131939062503506,55.0,,,55.152480249289866,55.15174375748943,55.0866316755446,55.09844972536063,55.02682045933767,55.01907818403265,54.96700931542904,54.95344271725803,54.90116085866483,54.858425744721764
579.0,12.009334264432033,12.009334264432033,0.07326331914060616,-1,55.15949345346895,55.026504967917745,0.2659768885108349,55.0,,,55.15949345346895,55.12515368166914,55.09062420812338,55.01403213562332,55.026504916873336,54.995975198204604,54.96238569616494,54.93943759158091,54.89351656495811,54.85108497211774
580.0,11.992551210428308,11.992551210428308,0.07532600421830886,-1,55.167370120053015,55.02736818403671,0.280003791443697,55.0,,,55.167370120053015,55.149285569737955,55.09564033265678,55.06662520812693,55.02736813423,55.013099280904186,54.959096004634404,54.95191902926525,54.88736632860932,54.88522028648549
581.0,11.992551210428308,11.992551210428308,0.07569871170277231,-1,55.17423323160138,55.02704696855316,0.2943724474652214,55.0,,,55.17423323160138,55.16909651835654,55.09955877394775,55.10381655554123,55.027046919956376,55.018478982334834,54.95453513312411,54.94401805336203,54.879860784136156,54.85451258247181
582.0,11.996787709497209,11.996787709497209,0.07714937927894135,-1,55.18087595430391,55.02652408614857,0.30870365959022195,55.0,,,55.18087595430391,55.18369759862592,55.10326804429511,55.12966503736205,55.026524038732724,55.02916487641034,54.94978009869743,54.95362583085861,54.872172294713685,54.88968537343988
583.0,12.02513966480447,12.02513966480447,0.07511334049590741,-1,55.18684941790563,55.02523126331728,0.3232362343230193,55.0,,,55.18684941790563,55.17544139616471,55.1062594155394,55.0914405107572,55.02523121705516,55.012176803606344,54.9442030825036,54.93090462511205,54.86361318358261,54.83495195757088
584.0,12.02513966480447,12.02513966480447,0.07379986572979412,-1,55.19375163636109,55.025153280631955,0.3371966384226397,55.0,,,55.19375163636109,55.17409388675179,55.11032460065863,55.07242252897708,55.025153235493434,55.0018037732262,54.939981932708136,54.91401191698075,54.85655499793845,54.79318614310696
585.0,12.02513966480447,12.02513966480447,0.07283295870376363,-1,55.20116361970955,55.02578792605628,0.3507513160426612,55.0,,,55.20116361970955,55.174738195267594,55.11500178416287,55.05944423439916,55.0257878820128,54.994314720290795,54.93657404072933,54.90079270904909,54.850412303666886,54.76198572827455
586.0,12.02513966480447,12.02513966480447,0.0724560237393288,-1,55.208936831888785,55.02694607121801,0.3639814518050031,55.0,,,55.208936831888785,55.17951446481885,55.12012129403078,55.058235540197614,55.026946028242065,54.99170817036003,54.93377082184465,54.8930620086119,54.84495538008378,54.745557315190794
587.0,11.99923184357542,11.99923184357542,0.07247030323835787,-1,55.21681723562588,55.02830686954633,0.3770206643074445,55.0,,,55.21681723562588,55.19105032422276,55.1253950244049,55.07453278072126,55.028306827611694,54.99338232219142,54.93121868877072,54.886356483014694,54.83979657131844,54.72638251179645
588.0,12.02513966480447,12.02513966480447,0.0748048882431702,-1,55.224537441535816,55.02955889493196,0.3899570270001149,55.0,,,55.224537441535816,55.20621315816577,55.13053319277959,55.10493270491228,55.02955885401342,55.01025000132524,54.928584571795284,54.908227528249476,54.8345804145357,54.80195532356744
589.0,12.02513966480447,12.02513966480447,0.07450575001334032,-1,55.23129174284746,55.02964120422356,0.4033010126477947,55.0,,,55.23129174284746,55.1936171582765,55.13460213320691,55.06160050612759,55.029641164298575,55.00313923823086,54.92468025056522,54.9121742457568,54.827990730199666,54.840256505484476
590.0,12.02513966480447,12.02513966480447,0.07393580671891761,-1,55.238120543483326,55.029885677986876,0.4164696679610529,55.0,,,55.238120543483326,55.202524686278515,55.138789054193204,55.07213667315569,55.02988563903104,54.99995730979508,54.92098227770452,54.89908227127146,54.82165087552227,54.79847131084854
591.0,12.02513966480447,12.02513966480447,0.07423611248972131,-1,55.24514179662733,55.03043898336237,0.42940556502733784,55.0,,,55.24514179662733,55.22093670647288,55.14322595816887,55.10726122944604,55.030438945351705,55.004872269687866,54.917651985064005,54.89162448207522,54.81573623159999,54.76827151259511
592.0,12.02513966480447,12.02513966480447,0.07243123419152234,-1,55.25197931240613,55.03082846355225,0.4423016376977884,55.0,,,55.25197931240613,55.20067689848176,55.14748788623074,55.041919947569085,55.03082842646404,54.986687424039765,54.914169017951984,54.8804527634019,54.80967767470834,54.76177531463319
593.0,12.02513966480447,12.02513966480447,0.07320114469543947,-1,55.25954572747673,55.03219660354621,0.4546981893050841,55.0,,,55.25954572747673,55.212229930138705,55.15260263819859,55.06246107669198,55.03219656735663,54.9928532583913,54.91179054652744,54.88402808202841,54.80484753817164,54.77440493778133
594.0,12.002001862197394,12.002001862197394,0.07331912078782418,-1,55.26672627696474,55.0331448321131,0.4671628325670767,55.0,,,55.26672627696474,55.231855839503226,55.15731223737938,55.10082706978258,55.03314479680099,54.997117743955755,54.908977405022746,54.873575108536755,54.79956344439766,54.732044953878976
595.0,11.992551210428308,11.992551210428308,0.07265058100043469,-1,55.2737154234338,55.03393922187638,0.4795523473641339,55.0,,,55.2737154234338,55.21450481401317,55.16184727014541,55.04589808482267,55.033939187420536,54.98683993275324,54.906031152312465,54.87589810644963,54.794163076069665,54.76854431014472
596.0,11.992551210428308,11.992551210428308,0.07483034247491856,-1,55.28090717372468,55.035059065108,0.491696162833712,55.0,,,55.28090717372468,55.2421378431861,55.16664444863182,55.10984877565126,55.03505903148718,55.00585799035129,54.90347366080538,54.88801000292109,54.789211010890966,54.79487073563703
597.0,11.992551210428308,11.992551210428308,0.07169061491892605,-1,55.28710234374906,55.03499425028963,0.5042161338401598,55.0,,,55.28710234374906,55.226847099083024,55.170348184495566,55.05506521262726,55.03499421748516,54.98066409690685,54.89964029580941,54.85575332479192,54.7828862099089,54.710047255938285
598.0,11.992551210428308,11.992551210428308,0.07208193034234471,-1,55.294609604026775,55.036633372684754,0.5159524108905558,55.0,,,55.294609604026775,55.24194640166946,55.17555901568446,55.083557444295465,55.0366333406746,54.98572456022244,54.897707709901674,54.852086528719596,54.77865719313622,54.69489212723662
599.0,11.992551210428308,11.992551210428308,0.07246287346029714,-1,55.301897587072126,55.038057574870834,0.52767997386362,55.0,,,55.301897587072126,55.243757919526985,55.18054958768667,55.078799692977796,55.03805754363604,54.9872207991396,54.895565542750845,54.85657032042902,54.774217613208506,54.72038703035278
600.0,11.959962756052144,11.959962756052144,0.07451224867406782,1,55.308971000391004,55.039272796647104,0.5393963581734127,55.0,,,55.308971000391004,55.26738235952424,55.185325332348576,55.13186930058634,55.039272766169134,55.0046173444531,54.893220242109216,54.86946313935442,54.76957464221759,54.753759484841616
601.0,11.959962756052144,11.959962756052144,0.0747363026462764,1,55.297987570768846,55.03924947645627,0.5174761405078669,55.0,,,55.297987570768846,55.25412095195726,55.180450022815336,55.12286497458801,55.039249446718145,55.0052500872202,54.898048911718035,54.87850189498461,54.78051143026098,54.78090113104712
602.0,11.945949720670392,11.945949720670392,0.07489236912941882,1,55.28697363946413,55.03910458620942,0.49573805956038797,55.0,,,55.28697363946413,55.24479468712076,55.175426940808265,55.12339081339169,55.03910455719333,55.006424669800175,54.90278221367766,54.88419847735413,54.79123557990374,54.792503572302444
603.0,11.885335195530727,11.885335195530727,0.07588698341579075,1,55.275919028597265,55.038821793639634,0.47419442410630097,55.0,,,55.275919028597265,55.25107349120562,55.170246273659984,55.16358143151746,55.038821765328144,55.01687045507524,54.90739729612183,54.891177936098984,54.801724604490964,54.794580246722944
604.0,11.83417132216015,11.83417132216015,0.07590970217631307,1,55.264089359164785,55.037768658050275,0.45264135753343027,55.0,,,55.264089359164785,55.239814175703415,55.16422768212629,55.15774207424393,55.03776863042689,55.01665029615276,54.91130961690208,54.89587744714743,54.811448001631355,54.80636095790733
605.0,11.79457635009311,11.79457635009311,0.07977894415725452,1,55.25216464686802,55.03651015087055,0.43130894838567,55.0,,,55.25216464686802,55.24570713553839,55.15799668223834,55.20301183998918,55.03651012391855,55.04444484338853,54.91502360284552,54.94102214518212,54.82085569848235,54.94058033139047
606.0,11.745530726256986,11.745530726256986,0.08038054306201159,1,55.237643148068145,55.033003255611405,0.40927974236782205,55.0,,,55.237643148068145,55.23253364854306,55.149282856476596,55.195787914513616,55.03300322931674,55.04657242025093,54.91672363849522,54.95368119766956,54.82836340570032,54.97915078895106
607.0,11.699255121042832,11.699255121042832,0.07725084446875377,1,55.222657878887254,55.02898956489499,0.38733658647707614,55.0,,,55.222657878887254,55.19512333133313,55.14002558978343,55.121288722676326,55.02898953924198,55.01920392501021,54.917953524152125,54.93175402640672,54.83532129241018,54.921269662140446
608.0,11.722718808193669,11.722718808193669,0.0771181712315541,1,55.2096849431998,55.02650510546713,0.3663596349679423,55.0,,,55.2096849431998,55.19520859544482,55.13248475286786,55.145097062294894,55.02650508043836,55.020399539659174,54.92052544259777,54.92687194186928,54.843325308231854,54.88831361883359
609.0,11.670903165735568,11.670903165735568,0.07776198698682622,1,55.1969995571569,55.02418588544158,0.3456273039186044,55.0,,,55.1969995571569,55.18079826132882,55.125119349312584,55.13346376796157,55.0241858610218,55.02268492622208,54.92325240647832,54.9416167042989,54.851372253238296,54.93714834075585
610.0,11.62918994413408,11.62918994413408,0.07568690506977804,1,55.183800866771605,55.02132461056061,0.3249524738718961,55.0,,,55.183800866771605,55.15578270514541,55.117177736276254,55.09048030489023,55.02132458673534,55.00526877755952,54.92547147012014,54.92666319722262,54.85884839289971,54.89335977269109
611.0,11.589594972067038,11.589594972067038,0.07320154459193193,1,55.171921829544644,55.01943540097322,0.3049728195295174,55.0,,,55.171921829544644,55.13332142427751,55.11033650134183,55.05218961310467,55.019435377726914,54.986194804731326,54.92853428623762,54.90514641918831,54.86694901001513,54.82581654466685
612.0,11.531098696461829,11.531098696461829,0.07523576185386863,1,55.16163433982218,55.01874709101152,0.2857744609199955,55.0,,,55.16163433982218,55.155274106431406,55.10484950884342,55.13175640485683,55.018747068328835,55.00691169401631,54.93264465916094,54.91635928258377,54.87585987890218,54.831380126667064
613.0,11.503724394785849,11.503724394785849,0.07779470974346299,1,55.14987888942157,55.01673513026104,0.2662874825112098,55.0,,,55.14987888942157,55.15852604516726,55.09792668135239,55.165303153333255,55.01673510812934,55.02581698248343,54.93554356549156,54.94568655660571,54.88359140691036,54.9179050316646
614.0,11.470810055865924,11.470810055865924,0.07431572810057131,1,55.13643143051959,55.01323520567621,0.2463924147487475,55.0,,,55.13643143051959,55.132489625073006,55.08937478807827,55.11383844160578,55.01323518408332,54.9996076306498,54.937095609929024,54.91241297129235,54.890039015770846,54.81620011226011
615.0,11.431215083798882,11.431215083798882,0.07541540965568716,1,55.125254747528885,55.01150297601373,0.22750350894024507,55.0,,,55.125254747528885,55.12622094599913,55.082805795578984,55.11991948767063,55.011502954944916,55.00706666212702,54.94020014342725,54.92858419147729,54.89775123858864,54.8673579522702
616.0,11.391620111731845,11.391620111731845,0.07463041694495375,1,55.11329764341254,55.00902765323407,0.20853994709508328,55.0,,,55.11329764341254,55.10452496662907,55.075440871796076,55.08457640407523,55.0090276326771,54.998629100619574,54.94261442196716,54.92916469230549,54.90475769631745,54.878375716929185
617.0,11.330679702048418,11.330679702048418,0.07368671078205925,1,55.10180266254581,55.00683234725324,0.18994059813078223,55.0,,,55.10180266254581,55.0653356033115,55.06841473827763,55.00684379667326,55.00683232719535,54.984447978978245,54.945249943832394,54.93903363849745,54.911862064415025,54.9361272363256
618.0,11.279841713221604,11.279841713221604,0.07805478672366663,1,55.09079064849748,55.00492211370708,0.17173703791367956,55.0,,,55.09079064849748,55.09679428623897,55.0617425093126,55.1165372557879,55.004922094135736,55.02133550796692,54.948101706005815,54.975367271550525,54.9190536105838,55.01741223714072
619.0,11.243016759776538,11.243016759776538,0.07761297536523105,1,55.0768018963405,55.00045566069415,0.15269244039674135,55.0,,,55.0768018963405,55.07839172262669,55.05227416996894,55.09245638853376,55.000455641599395,55.01519435120228,54.94863713961815,54.977835517401964,54.92410945594376,55.02920889442289
620.0,11.22346368715084,11.22346368715084,0.07683616335324263,1,55.06306274280047,54.99609744192611,0.1339305716048358,55.0,,,55.06306274280047,55.06322218528502,55.04295612504428,55.07578090292228,54.99609742329616,55.00781906025229,54.949238747294,54.973942711840316,54.92913217119563,55.016087179765755
621.0,11.161056797020484,11.161056797020484,0.07387076400605692,1,55.0498561910091,54.99209382126181,0.11552471008394605,55.0,,,55.0498561910091,55.03253059428244,55.034054951201604,55.015527109722,54.99209380308505,54.98299773073991,54.95013268008816,54.95093701127675,54.93433148092515,54.95231404254766
622.0,11.121461824953444,11.121461824953444,0.0743599118515402,1,55.03845570901934,54.989468466775676,0.09797445579021513,55.0,,,55.03845570901934,55.018420078974046,55.02672169839822,55.003473947427814,54.989468449039904,54.98396096108866,54.952215224191825,54.96425074969008,54.94048125322912,54.998482033594165
623.0,11.112662942271882,11.112662942271882,0.07559596181170462,1,55.02667004567794,54.9864334696505,0.08047312405430773,55.0,,,55.02667004567794,55.020691010459394,55.018968575635704,55.03393698463085,54.98643345234519,54.9936919327,54.953898352970015,54.977075419966106,54.94619692162363,55.02710053390089
624.0,11.074860335195533,11.074860335195533,0.0751079776247454,1,55.014124966985705,54.98270083903812,0.0628482285749783,55.0,,,55.014124966985705,54.99200991391066,55.0104653330876,54.984238832474496,54.98270082215329,54.98454802087548,54.95493633455322,54.98625231547639,54.951276738410726,55.07151051216479
625.0,11.035265363128492,11.035265363128492,0.07237787501857221,1,55.00213833915324,54.97909655984131,0.04608356880580544,55.0,,,55.001844949559754,54.94588439222718,55.00213833915324,54.88817767430484,54.97909654336659,54.9568381972554,54.956054770347436,54.97686670405087,54.95634819677954,55.06648875342717
626.0,10.976443202979516,10.976443202979516,0.07255807231090386,1,54.99532412404011,54.97682771502887,0.03699282795771808,55.0,,,54.991291986015725,54.962327007160376,54.99532412404011,54.952802781904026,54.97682769895331,54.96369880328353,54.95833129608239,54.96746265762225,54.96236347005284,55.00345261156493
627.0,10.92348696461825,10.92348696461825,0.0725408307801339,1,54.98820525915711,54.9742441972066,0.0279221335955242,55.0,,,54.980478062240174,54.964079420763554,54.98820525915711,54.978015722216384,54.974244181520575,54.96577111407982,54.96028312556159,54.96438117829714,54.96801035755353,54.97937010364132
628.0,10.884543761638737,10.884543761638737,0.07177336178430668,1,54.98092322975534,54.97147560321291,0.018895262544432967,55.0,,,54.96955457925797,54.95544126198257,54.98092322975534,54.9746807096094,54.971475587906994,54.960607793773086,54.96202796721091,54.95774545948858,54.97339665193335,54.95443478282383
629.0,10.876885474860336,10.876885474860336,0.07270094801969941,1,54.9788968577013,54.968980949905585,0.01983179142564495,55.0,,,54.959065066275656,54.971712016414074,54.9739804621188,55.03515670386638,54.968980934970304,54.97259798658782,54.96398142846186,54.958076065042526,54.9788968577013,54.93184070193739
630.0,10.837290502793298,10.837290502793298,0.07191449320658985,1,54.98390520407031,54.96595947497796,0.03589143460459354,55.0,,,54.94801376946572,54.938502470825775,54.96647959782979,54.96872422381681,54.96595946040464,54.96101906799018,54.96543934311932,54.9666233687749,54.98390520407031,54.98416884199473
631.0,10.77602420856611,10.77602420856611,0.07187113529435739,1,54.98903550387352,54.963220211841154,0.05163056105568131,55.0,,,54.937404942817835,54.896611284577936,54.959328096277254,54.88511642996155,54.96322019762078,54.95137357982366,54.96711231861638,54.991049676850025,54.98903550387352,55.09562147521956
632.0,10.725512104283052,10.725512104283052,0.07066460496478864,1,54.99389059240161,54.96027962960377,0.06722190314386012,55.0,,,54.92666868925775,54.88986949226186,54.952000290904664,54.88812267131835,54.96027961572778,54.94350697202822,54.96855895972705,54.977904638444535,54.99389059240161,55.04272455311637
633.0,10.685917132216016,10.685917132216016,0.07226462176873552,1,54.99900964383589,54.95780775714089,0.08240375148130852,55.0,,,54.91660589235458,54.90730312281819,54.94523266289702,54.955020098562244,54.957807743600576,54.959553440745914,54.970382843016395,54.98704700123725,54.99900964383589,55.04620807846442
634.0,10.646322160148976,10.646322160148976,0.07037910321117138,1,55.003234459631805,54.95432630547266,0.0978162869403505,55.0,,,54.905418172691455,54.86868598887894,54.93738766577871,54.8753496619862,54.954326292260376,54.93933739783756,54.97126493700098,54.98466661960599,55.003234459631805,55.062989756897906
635.0,10.623836126629424,10.623836126629424,0.06952785836214155,1,55.00805707597262,54.95172255211044,0.1126690268634718,55.0,,,54.89538804910915,54.83874989991509,54.93055075964164,54.82083486124728,54.951722539217684,54.92767856264398,54.97289433661108,54.991268633486584,55.00805707597262,55.100581839849305
636.0,10.599720670391063,10.599720670391063,0.07096859064585817,1,55.01310053027977,54.94949936430454,0.12720231159369177,55.0,,,54.88589821868608,54.84599671525446,54.924166080764344,54.86362080225336,54.94949935172336,54.93987093982981,54.974832640069145,55.0052768152645,55.01310053027977,55.12789375352791
637.0,10.560125698324024,10.560125698324024,0.07224125599319925,1,55.017378734791684,54.946410512226215,0.14193642526675632,55.0,,,54.87544230952493,54.85423290639154,54.916857990166314,54.90750618067984,54.94641049994947,54.9512871926767,54.97596302669867,55.015978035084565,55.017378734791684,55.143785483716705
638.0,10.520530726256984,10.520530726256984,0.0693875449714662,1,55.020906257054044,54.94249078104453,0.15683093263606196,55.0,,,54.86407532441798,54.827864331610286,54.90867134587975,54.85624687363497,54.9424907690652,54.92820453715779,54.97631020880567,54.993092231150705,55.020906257054044,55.07769498948196
639.0,10.480935754189945,10.480935754189945,0.07049531682459244,1,55.02545109475225,54.93997273509054,0.17095670040880862,55.0,,,54.85449439434344,54.847584178840535,54.90207150201471,54.925742801122226,54.93997272340068,54.9419902638967,54.977873960941636,54.99458149062519,55.02545109475225,55.054237092583534
640.0,10.441340782122904,10.441340782122904,0.06980133744039711,1,55.029318354332275,54.93671236687776,0.18521195645191568,55.0,,,54.84410639788036,54.83921041587058,54.89469128584378,54.920206483378294,54.93671235547065,54.93740148474293,54.97873344086176,54.98934207545353,55.029318354332275,55.03598605968087
641.0,10.375186219739296,10.375186219739296,0.07079360874125812,1,55.03328061555349,54.93368496201223,0.19919128907157102,55.0,,,54.834089326481916,54.8276591884066,54.88760750613481,54.91035834902902,54.933684950880846,54.94235653242565,54.979762411010064,55.00881307077349,55.03328061555349,55.10542218789851
642.0,10.33054003724395,10.33054003724395,0.07081283421252717,1,55.036517863122626,54.92988022848857,0.21327525169291306,55.0,,,54.82324261142971,54.806647541545374,54.87971537895811,54.87670658053126,54.929880217626504,54.93849171310549,54.98004507130591,55.021086317330756,55.036517863122626,55.15712140750182
643.0,10.31457169459963,10.31457169459963,0.06811887010143916,1,55.03952784657366,54.925905349428604,0.22724497714015257,55.0,,,54.81228286943351,54.77863172752535,54.871676887498005,54.82093872519532,54.92590533882934,54.915921783256074,54.980133804808496,55.00166455381893,55.03952784657366,55.10544150766707
644.0,10.250372439478586,10.250372439478586,0.06729478121424966,1,55.043581115929015,54.9233329325052,0.24049635011160575,55.0,,,54.80308476581741,54.77705695040744,54.86521625821623,54.833334237536725,54.923332922161755,54.91213067773945,54.98144960040156,54.99121540907395,55.043581115929015,55.06096527601076
645.0,10.210777467411546,10.210777467411546,0.06869220925987314,1,55.04769905665753,54.92097168641972,0.253454724143225,55.0,,,54.7942443325143,54.7952652458742,54.85903736277434,54.8976128496703,54.92097167632574,54.92744372245131,54.98290600382668,54.99792845666458,55.04769905665753,55.05918922884788
646.0,10.200186219739294,10.200186219739294,0.06746386898859082,1,55.05102140893473,54.91771245536552,0.26661789120041846,55.0,,,54.78440351773431,54.778450865048086,54.85190722224544,54.868702473103916,54.9177124455153,54.91737461248313,54.98351768239783,54.991267892896495,55.05102140893473,55.04540538842524
647.0,10.13158752327747,10.13158752327747,0.06870105872929759,1,55.05478212473985,54.91508235671121,0.2793995205037305,55.0,,,54.77538260423612,54.78103592881894,54.84549928818206,54.892632183564395,54.91508234709859,54.92766463875017,54.98466541929943,55.005674013508056,55.05478212473985,55.0856007640777
648.0,10.09199255121043,10.09199255121043,0.06694351844712676,1,55.05771002768579,54.91153432622851,0.29235138773660907,55.0,,,54.765358639949184,54.745782237053184,54.83812938708978,54.81765345269658,54.91153431684802,54.909306567499755,54.98493925956977,55.00368562947799,55.05771002768579,55.10398238622523
649.0,10.05239757914339,10.05239757914339,0.06632836030830268,1,55.06119801886064,54.90879438901038,0.30480724488850797,55.0,,,54.75639077397213,54.75332313159585,54.83168983059889,54.85092617370029,54.908794379856054,54.90927529527755,54.98589894176417,54.990425185625426,55.06119801886064,55.04349277353658
650.0,10.037243947858476,10.037243947858476,0.06530099392287417,1,55.064757370989966,54.90624442752571,0.3170258724734225,55.0,,,54.74773149851654,54.746794506294236,54.82549887459037,54.84661228577931,54.90624441859198,54.903266209196744,54.98698997493969,54.98056658417182,55.064757370989966,55.01013046228897
651.0,10.005796089385475,10.005796089385475,0.06538572650980297,1,55.068656257954316,54.904196880903385,0.3289187399947906,55.0,,,54.739737517959526,54.74212208312728,54.81989157694004,54.8483421448793,54.90419687218473,54.90473849168818,54.98850217947829,54.98468364962085,55.068656257954316,55.02354756335032
652.0,9.966201117318436,9.966201117318436,0.06509367743892394,1,55.072358131565,54.90199052360068,0.34073520216119135,55.0,,,54.731622929403805,54.73165221266429,54.81414507330149,54.8349739639479,54.901990515091946,54.90229890977254,54.989835968641174,54.987453963124786,55.072358131565,55.03741022022822
653.0,9.913733705772817,9.913733705772817,0.06644407471607496,1,55.07599541798479,54.89979901420672,0.3523927941200924,55.0,,,54.7236026238647,54.73235814976225,54.80845375408439,54.85294571171927,54.899799005902786,54.91284240542205,54.99114426919692,55.00521725891979,55.07599541798479,55.091628690346006
654.0,9.854422718808197,9.854422718808197,0.06658943344184266,1,55.07881613028575,54.89668853729383,0.3642551728716086,55.0,,,54.71456095741414,54.71441684538514,54.80179329734175,54.82334683934686,54.89668852919001,54.910780244291054,54.991583772237455,55.01835090531443,55.07881613028575,55.14607166953924
655.0,9.814827746741155,9.814827746741155,0.0651964039683309,1,55.0813130902189,54.893285905801726,0.3760543560381464,55.0,,,54.70525873418075,54.6866826559561,54.794856982408504,54.76786108170953,54.89328589789323,54.896406581298514,54.991714824307216,55.01716494127016,55.0813130902189,55.158820130978356
656.0,9.775232774674118,9.775232774674118,0.06391708040805276,1,55.084220623868134,54.890494324642304,0.387452585963473,55.0,,,54.69676803790466,54.68637219303071,54.788632418163736,54.78016815227283,54.8904943169242,54.889996948529046,54.99235622635083,55.00055532653377,55.084220623868134,55.09320997963471
657.0,9.735637802607076,9.735637802607076,0.06560077859172386,1,55.08749119012859,54.88825149481163,0.39847937844602654,55.0,,,54.68901181168256,54.68954305205651,54.78305070575771,54.80595254653491,54.888251487279085,54.903032086272155,54.993452279210175,55.021566642585576,55.08749119012859,55.15474439204605
658.0,9.69604283054004,9.69604283054004,0.06635424145558926,1,55.08985261256172,54.88495812075077,0.40978897172752227,55.0,,,54.6800636408342,54.6963228995379,54.77635002544092,54.83868728505946,54.88495811339961,54.91109003111031,54.99356621151734,55.02740555682204,55.08985261256172,55.16068275532939
659.0,9.656447858473,9.656447858473,0.06383257691995797,1,55.091704731627175,54.88111778310149,0.4211738854435936,55.0,,,54.67053084618358,54.677375026927756,54.76908506987753,54.80025479547264,54.88111777592749,54.89219852390244,54.99315049189168,55.00545295190072,55.091704731627175,55.09641047183468
660.0,9.616852886405962,9.616852886405962,0.06284261632159337,1,55.094455865675116,54.87849785275638,0.43191601450877926,55.0,,,54.662539851166336,54.65486063825412,54.763202057014105,54.755925417954785,54.878497845754865,54.88203442142955,54.99379364417148,55.006896907942014,55.094455865675116,55.11595213213374
661.0,9.57725791433892,9.57725791433892,0.0622895778670618,1,55.097449214546366,54.87627038335522,0.4423576513257146,55.0,,,54.65509156322065,54.673162317981756,54.75778892918689,54.81252217175705,54.876270376521894,54.88533701511446,54.994751833300334,54.98863033438328,55.097449214546366,55.03056286114704
662.0,9.537662942271885,9.537662942271885,0.06094699030027337,1,55.10049799186113,54.87419923904851,0.45259749483413714,55.0,,,54.647900497026995,54.65253690090179,54.75258544426354,54.76952277780571,54.87419923237924,54.873842616346984,54.99581302971165,54.9843833718825,55.10049799186113,55.031795929634185
663.0,9.498067970204842,9.498067970204842,0.06060104176854162,1,55.1039426327883,54.872709964901006,0.46246532524226325,55.0,,,54.64147730754604,54.62871606402615,54.74805983535914,54.72181403940609,54.87270995839167,54.86758410078621,54.99736009041987,54.995958756288935,55.1039426327883,55.08859814413945
664.0,9.458472998137806,9.458472998137806,0.06265946723646433,1,55.107355688056174,54.87126445655694,0.4721824527186058,55.0,,,54.63517323533757,54.646833078768296,54.74361946815819,54.78334041973877,54.871264450203654,54.88700299357636,54.99890944102915,55.013372696042126,55.107355688056174,55.124885913027676
665.0,9.450651769087523,9.450651769087523,0.06240667783322704,1,55.10970351899189,54.86856650843232,0.48227401108618295,55.0,,,54.62742950790571,54.62377721058722,54.73783749447521,54.73879105264587,54.86856650223162,54.88115535879907,54.99929551855718,55.025329765976466,55.10970351899189,55.18035160324881
666.0,9.373091247672257,9.373091247672257,0.062129570788547264,1,55.11209620686855,54.86597994720758,0.4922325095298987,55.0,,,54.61986369733865,54.62695099860228,54.732203198640235,54.75926064805472,54.865979941155764,54.88192207341988,54.99975669203469,55.02059558785945,55.11209620686855,55.15312908791114
667.0,9.307099627560522,9.307099627560522,0.06101213763477308,1,55.114290277308946,54.86326330045758,0.5020539441457501,55.0,,,54.612236333163196,54.61076272295172,54.72647624195254,54.72970012696937,54.86326329455105,54.872495558533494,55.000050355312176,55.01675180102227,55.114290277308946,55.14814066663499
668.0,9.287709497206706,9.287709497206706,0.05818954735535327,1,55.11669069539923,54.86091211105112,0.5115571593684294,55.0,,,54.6051335360308,54.58791655980574,54.721197390869555,54.68020507430781,54.86091210528623,54.85081376299517,55.000626827669784,54.99454049404324,55.11669069539923,55.08678279821263
669.0,9.260498137802609,9.260498137802609,0.057919824463099484,1,55.120202322431986,54.86001450561132,0.520375624536662,55.0,,,54.599826697895324,54.58433449635712,54.717546461092596,54.6826465222183,54.86001449998433,54.850258161579724,55.00248254665238,54.995083894580716,55.120202322431986,55.08591937896185
670.0,9.188314711359409,9.188314711359409,0.061190206162093384,-1,55.12369945105548,54.859164353829996,0.5290701855640236,55.0,,,54.594629265491456,54.600362698295484,54.71397899965284,54.74054925989781,54.85916434833757,54.876752278363426,55.00434970461266,55.030696914760966,55.12369945105548,55.18640516752552
671.0,9.15735567970205,9.15735567970205,0.06314874888645867,-1,55.11153998828859,54.856290574707145,0.5104988184891042,55.0,,,54.60104116979949,54.627351343526286,54.71521045945937,54.795862419620775,54.856290569346456,54.893954932947565,54.99737068664184,55.04270833323912,55.11153998828859,55.21825572269614
672.0,9.126070763500932,9.126070763500932,0.06093440996915891,-1,55.098079732417084,54.852252920161995,0.4916536160448004,55.0,,,54.60642611637228,54.61622824330159,54.715407881709346,54.7480792872688,54.85225291493011,54.87511062334542,54.98909795538116,55.02238273454443,55.098079732417084,55.17567220755764
673.0,9.069529795158289,9.069529795158289,0.059867109917571534,-1,55.08606659389472,54.849300091675104,0.4735329961768642,55.0,,,54.61253359771786,54.60843960870875,54.71656710515847,54.712578178093196,54.849300086568675,54.86451102104033,54.98203307503579,55.015818046163965,55.08606659389472,55.17558481045921
674.0,9.05959031657356,9.05959031657356,0.059868951604008375,-1,55.07464744865426,54.84672095042303,0.45585298839804267,55.0,,,54.61879446025622,54.634505573244276,54.718044354168626,54.76311423381528,54.84672094543893,54.86951140002464,54.975397543597076,55.00230645916179,55.07464744865426,55.12020437650137
675.0,9.022928305400374,9.022928305400374,0.05915109741350163,-1,55.063284332821056,54.84410813901036,0.43835237975015673,55.0,,,54.6249319530709,54.64017162995623,54.71949469096322,54.760587057553465,54.84410813414567,54.86497173156045,54.96872158405095,54.99189300672715,55.063284332821056,55.09598581436049
676.0,8.972253258845441,8.972253258845441,0.05751391987279293,-1,55.052351832507796,54.84175244864771,0.42119876003739165,55.0,,,54.631153072470404,54.62100564418015,54.721164224527584,54.696112777474745,54.84175244389948,54.84831680275468,54.962340669833246,54.984994873620224,55.052351832507796,55.10593875083758
677.0,8.911149906890133,8.911149906890133,0.05902461072481101,-1,55.04240025085968,54.840097863565234,0.4046047670897508,55.0,,,54.63779548376993,54.65137148093778,54.7234406905408,54.761511810009274,54.84009785893053,54.86420097983441,54.95675503372526,54.989332534505465,55.04240025085968,55.10675009777022
678.0,8.871554934823092,8.871554934823092,0.05820599793038007,-1,55.03131933421731,54.837410902613854,0.3878168558873014,55.0,,,54.64350247833001,54.65048120683252,54.724776958773816,54.74428327544516,54.837410898090084,54.85736188811146,54.950044843658034,54.98165294411707,55.03131933421731,55.09689941327487
679.0,8.831959962756054,8.831959962756054,0.05566122155307077,-1,55.02071869772783,54.83502501251748,0.3713873632761917,55.0,,,54.64933133445164,54.64385138660021,54.72636616166176,54.709855743867635,54.835025008101915,54.838429706968576,54.943683860644214,54.95460825910778,55.02071869772783,55.02601086705407
680.0,8.824953445065177,8.824953445065177,0.05415965537738677,-1,55.01172833476889,54.83386906287482,0.35571853681413046,55.0,,,54.65600979795476,54.656445011020224,54.72903352210602,54.72489145658945,54.83386905856464,54.83147103945278,54.93870460097977,54.9298605457743,55.01172833476889,54.94563708357927
681.0,8.78535847299814,8.78535847299814,0.057427072897086345,-1,55.00377462436119,54.83349751257248,0.3405542167696112,55.0,,,54.66322040759158,54.6943827220948,54.73239470841479,54.811307373367974,54.83349750836503,54.86113925598942,54.93460031412982,54.9532588364145,55.00377462436119,55.006761905476374
682.0,8.725232774674115,8.725232774674115,0.05609627725611018,-1,54.99360701426458,54.83122469888015,0.32476462412378027,55.0,,,54.6688423901408,54.67995825398807,54.73404561837151,54.75879825765865,54.83122469477327,54.8481144324262,54.928403776850594,54.947275824115,54.99360701426458,55.01664464962367
683.0,8.673580074487894,8.673580074487894,0.053382758531370006,-1,54.984173164591034,54.82945425269973,0.30943781729617115,55.0,,,54.67473534729486,54.66473229260205,54.73611609453487,54.703354896100194,54.8294542486909,54.826293147103925,54.922792408387,54.923585450617914,54.984173164591034,54.96514833984755
684.0,8.666573556797017,8.666573556797017,0.05589688367254438,-1,54.97640641918399,54.82896036862182,0.2948920947923668,55.0,,,54.68151432439162,54.68783096887821,54.73929793987792,54.7544996376599,54.82896036470847,54.84724536209728,54.91862279494715,54.9463690480866,54.97640641918399,55.03506908262858
685.0,8.635940409683425,8.635940409683425,0.05374355048703486,-1,54.96703461138534,54.827088751396175,0.2798917137975394,55.0,,,54.6871428975878,54.6616527669823,54.74124473920868,54.67503792042746,54.82708874757623,54.82593091922887,54.9129327612228,54.93718491817468,54.96703461138534,55.04086187378573
686.0,8.604003724394781,8.604003724394781,0.052311731655236685,-1,54.95903522765451,54.82626800495217,0.2655344393711516,55.0,,,54.69350078828336,54.66822141312618,54.74410874734604,54.67903927555424,54.82626800122323,54.81780243566494,54.908427260253674,54.91755469932188,54.95903522765451,54.97894686146933
687.0,8.524813780260708,8.524813780260708,0.054460164055876295,-1,54.951925520785764,54.82610387838939,0.2516432789027405,55.0,,,54.70028224188302,54.69906103104024,54.747537755546475,54.74947559973295,54.82610387474918,54.83862035784418,54.90466999898254,54.93080333981229,54.951925520785764,55.00730265882601
688.0,8.50558659217877,8.50558659217877,0.05306983757564711,-1,54.94318736496518,54.82449930489222,0.23737611439634065,55.0,,,54.70581125056884,54.70222121648282,54.749644446192036,54.74334180152605,54.82449930133879,54.82999334669171,54.89935416139627,54.91331090070272,54.94318736496518,54.95837852328279
689.0,8.468598696461823,8.468598696461823,0.05363211333649229,-1,54.935356893386476,54.82357574960073,0.2235622819588059,55.0,,,54.71179461142767,54.71109697888768,54.75234149893998,54.75550391305131,54.8235757461319,54.83527212467226,54.89480999811763,54.91869136513879,54.935356893386476,54.98178840207863
690.0,8.429003724394784,8.429003724394784,0.05218038034251912,-1,54.92708860540436,54.822218020598335,0.20974116413306376,55.0,,,54.71734744127129,54.71846715285106,54.75462765179766,54.75936421218792,54.82221801721214,54.827547450979644,54.88980838730622,54.897793531256276,54.92708860540436,54.917489035301664
691.0,8.389408752327745,8.389408752327745,0.052072100286969875,-1,54.919691508423014,54.82150103155002,0.19638094839734777,55.0,,,54.723310560025666,54.70875979412676,54.75745921496895,54.72484867150843,54.821501028244384,54.824008014722914,54.88554284608809,54.905975935966204,54.919691508423014,54.967537156422004
692.0,8.324394785847296,8.324394785847296,0.0497482456852036,-1,54.912283131019386,54.82070127354035,0.18316370973666096,55.0,,,54.729119421282725,54.68998374402347,54.760190826929026,54.66518904243489,54.82070127031335,54.80410940841191,54.881211718157275,54.890261320864404,54.912283131019386,54.94257794656616
693.0,8.277630353817505,8.277630353817505,0.05044553877440192,-1,54.90622078545566,54.820920014700526,0.1706015364127893,55.0,,,54.73561924904287,54.71526577543215,54.76379395166489,54.7207098767783,54.82092001155013,54.8147374666628,54.878046075789115,54.88773955687281,54.90622078545566,54.921005587033676
694.0,8.238035381750464,8.238035381750464,0.04988132906180719,-1,54.89958933087646,54.82059617398983,0.1579863087968718,55.0,,,54.74160302207959,54.72199462488202,54.76688346339857,54.72682051687494,54.82059617091426,54.81275851644457,54.874308882680275,54.87963741316408,54.89958933087646,54.89923540999698
695.0,8.212290502793294,8.212290502793294,0.0491620553379941,-1,54.893240004761395,54.820434797076565,0.14561041051141643,55.0,,,54.74762959424998,54.71954904438379,54.770090362575246,54.710322727719955,54.820434794074,54.80753939286484,54.87077922972219,54.87531144642231,54.893240004761395,54.89864936331193
696.0,8.19143389199255,8.19143389199255,0.048473640945065385,-1,54.8873220039324,54.820568659400294,0.13350668432120472,55.0,,,54.75381531961119,54.75083673113284,54.7735380623032,54.77553808046568,54.82056865646897,54.81142624999917,54.86759925468573,54.850189327635576,54.8873220039324,54.79697341401464
697.0,8.151838919925508,8.151838919925508,0.04935012292248614,-1,54.881830654768144,54.82099832601557,0.12166465287461392,55.0,,,54.76016600189353,54.77001658910444,54.777228635039776,54.812342765876174,54.820998323153745,54.82238087286867,54.86476801522266,54.85366763904029,54.881830654768144,54.806109408483465
698.0,8.114525139664803,8.114525139664803,0.04961157843341252,-1,54.875674813207006,54.82081475803405,0.10972010582525371,55.0,,,54.76595470738175,54.77288594561439,54.78034349570447,54.80784656491843,54.82081475524013,54.82511812313455,54.861286018636896,54.85892079221451,54.875674813207006,54.83625752853868
699.0,8.105237430167596,8.105237430167596,0.04830758485448111,-1,54.86926562882711,54.82035773489089,0.09781578345909026,55.0,,,54.77144984536802,54.78672421032279,54.78318626265543,54.82669357296791,54.820357732163274,54.82081378097989,54.857529205440585,54.836113910164,54.86926562882711,54.76099218226836
700.0,8.081936685288639,8.081936685288639,0.04920421401050332,-1,54.86372538407373,54.82056967571333,0.08631141241207274,55.0,,,54.77741397166166,54.79952288401854,54.78660842464294,54.84708025434562,54.82056967305038,54.83032043176057,54.854530925137915,54.843777518309814,54.86372538407373,54.7906105943701
701.0,8.058635940409681,8.058635940409681,0.049101207444075326,-1,54.857564165579,54.820216015735795,0.07469629547987466,55.0,,,54.782867870099125,54.78755901451774,54.789502444150074,54.80574460773233,54.82021601313603,54.82690838187531,54.85092958571478,54.85349146288993,54.857564165579,54.84862055345318
702.0,8.049348230912475,8.049348230912475,0.05077460662646685,-1,54.851435801527096,54.81983520691382,0.06320118511982997,55.0,,,54.788234616407266,54.81686971174073,54.792348626413954,54.869951571491356,54.81983520437572,54.84505515421272,54.84732178584505,54.86115685398726,54.851435801527096,54.85975833436421
703.0,8.044622905027934,8.044622905027934,0.047341218542001164,-1,54.844229999003666,54.81852147151144,0.05141705097529581,55.0,,,54.79281294802837,54.79691839604293,54.79434326617036,54.80198537494631,54.81852146903365,54.81841704011003,54.842699675321164,54.83077978100795,54.844229999003666,54.788475224596816
704.0,8.016759776536311,8.016759776536311,0.0467825888524903,-1,54.84012233591868,54.81903942231863,0.042165828695196694,55.0,,,54.79878068765516,54.7837713967611,54.79795650722348,54.75877023254627,54.81903941989952,54.811928989144434,54.84012233591868,54.83568414915735,54.8392981608963,54.82824743505648
705.0,8.016759776536311,8.016759776536311,0.04443126692562038,-1,54.83779331447504,54.81975825785439,0.036070114701011846,55.0,,,54.80484116222543,54.765092838336486,54.80172319977403,54.70002421080169,54.819758255492545,54.79265674647822,54.83779331447504,54.82020558536901,54.834675357304896,54.80184136911177
706.0,8.042504655493481,8.042504655493481,0.04532909057395824,-1,54.836878998184446,54.82174135871005,0.030275280373992075,55.0,,,54.81185398906467,54.763813528425686,54.806603717810454,54.69241426081795,54.821741356404004,54.79843407399057,54.836878998184446,54.8381413900849,54.83162873208673,54.87013271653877
707.0,8.049185288640592,8.049185288640592,0.048006124426914765,-1,54.83553513460588,54.82333105684357,0.024408156916145174,55.0,,,54.818536172212035,54.819915683286865,54.81112697768973,54.8273278976519,54.82333105459203,54.83001061468142,54.83553513460588,54.84366009556666,54.82812594511817,54.84332458878229
708.0,8.023929236499066,8.023929236499066,0.04835054120780714,-1,54.83263528768643,54.8235025229513,0.01826553082882043,55.0,,,54.824065253487774,54.85060657519257,54.81436975685761,54.891153704046786,54.82350252075312,54.84049623619673,54.83263528768643,54.83290049372922,54.82293979597154,54.7891682818166
709.0,8.049348230912475,8.049348230912475,0.04658521118838052,-1,54.82945645793025,54.823398639157084,0.012115638872664647,55.0,,,54.82931518548088,54.83209890226757,54.817340819057584,54.82982879315239,54.823398637011024,54.82520956050845,54.82945645793025,54.824544993137394,54.81748209630571,54.78978453967581
710.0,8.028165735567969,8.028165735567969,0.04287866805852192,-1,54.835361476926344,54.82433516941967,0.022052611623131213,55.0,,,54.835361476926344,54.79802692500618,54.82123513343499,54.72851590380081,54.8243351673244,54.79383109824128,54.82743520410939,54.80051568758007,54.81330886530321,54.74901555470047
711.0,8.044948789571693,8.044948789571693,0.04352703822547871,-1,54.842863709612736,54.827189856511644,0.031347702891935114,55.0,,,54.842863709612736,54.81503496626421,54.8268198252125,54.76280612441687,54.82718985446579,54.803274870751544,54.82755988654637,54.80382269357041,54.8115160067208,54.75147617494524
712.0,8.049348230912475,8.049348230912475,0.04649322540833986,-1,54.85011200930171,54.82975266349649,0.040718688378298395,55.0,,,54.85011200930171,54.842749549140485,54.83213374627908,54.82728066782849,54.82975266149894,54.82998580488728,54.827371579479355,54.8314300061445,54.80939332092341,54.82628791891499
713.0,8.049348230912475,8.049348230912475,0.04630433065077925,-1,54.856077879666834,54.830732264277664,0.05069122762271405,55.0,,,54.856077879666834,54.86877797587599,54.83601743252286,54.87895181867092,54.83073226232737,54.8361015292542,54.82544709482711,54.81684033241458,54.80538665204412,54.761350525916065
714.0,8.049348230912475,8.049348230912475,0.0499313705532543,-1,54.86208382214284,54.83181254385094,0.06054255350286297,55.0,,,54.86208382214284,54.91447824959504,54.83997464240151,54.984696741370335,54.83181254194679,54.87149358628661,54.82365044412352,54.841088294961565,54.80154126863998,54.81154916088511
715.0,8.049348230912475,8.049348230912475,0.04715454442782778,-1,54.86650906327602,54.83093946092539,0.07113920169343402,55.0,,,54.86650906327602,54.900737425781166,54.84216816930563,54.93042075292848,54.83093945906646,54.850992353446486,54.819710751396265,54.81560844200552,54.795369861582586,54.75011981821726
716.0,8.018715083798883,8.018715083798883,0.044658423093249966,-1,54.872073015521465,54.83156191561744,0.0810221968714373,55.0,,,54.872073015521465,54.88325061981959,54.84568257861127,54.86910941029214,54.83156191380253,54.83163099685664,54.81744125150194,54.79697113211955,54.79105081865003,54.713944395556496
717.0,8.016759776536311,8.016759776536311,0.04784175841545193,-1,54.87854979918876,54.833418297162474,0.09026300118536312,55.0,,,54.87854979918876,54.916207332122006,54.85027259271966,54.94398943245363,54.83341829539043,54.861095861369094,54.81656400051009,54.823608503200546,54.7882867980034,54.782752352735194
718.0,8.016759776536311,8.016759776536311,0.04593739199678691,-1,54.883628724886286,54.83355236298918,0.10015272099494155,55.0,,,54.883628724886286,54.896848803316075,54.85330408657356,54.88033189834545,54.83355236125912,54.844673977157065,54.81380063833556,54.81393431805349,54.783476003891344,54.777147708136916
719.0,8.035824022346368,8.035824022346368,0.04462322369662232,-1,54.88947883308321,54.83471139728027,0.1095348688727995,55.0,,,54.88947883308321,54.8798775598887,54.857235843642876,54.8259653373596,54.83471139559115,54.83264332778671,54.812186949873734,54.8112889425369,54.77994396421041,54.7905241670645
720.0,8.049348230912475,8.049348230912475,0.04464186941000363,-1,54.89591861250652,54.83664452323008,0.11854817588438493,55.0,,,54.89591861250652,54.88545851655597,54.861850635417625,54.83055095024034,54.83664452158086,54.83481447544302,54.81143841002326,54.81282340223667,54.777370436622135,54.79527456314538
721.0,8.016759776536311,8.016759776536311,0.04300964647940968,-1,54.90236241073158,54.83861385312142,0.1274971126148543,55.0,,,54.90236241073158,54.874195753225315,54.86648604026873,54.79085975005282,54.83861385151116,54.82229418628014,54.81074166497891,54.80274673811747,54.77486529811672,54.77585166905913
722.0,8.016759776536311,8.016759776536311,0.04098217364040522,-1,54.909349318820176,54.84134413928316,0.13601035653003635,55.0,,,54.909349318820176,54.886879454565154,54.87177368308085,54.80848024339319,54.841344137710884,54.813659504593474,54.81091459451375,54.772500954086546,54.77333896229014,54.66670397996523
723.0,8.016759776536311,8.016759776536311,0.04433410111433896,-1,54.917165361234325,54.84516359015822,0.14400353966811963,55.0,,,54.917165361234325,54.91803929776485,54.878019778596865,54.8815633622999,54.84516358862297,54.84412997534141,54.812307400770734,54.803426285247035,54.773161821566205,54.748133377412294
724.0,8.03826815642458,8.03826815642458,0.04477686147262371,-1,54.92352051250359,54.847174470985735,0.1526920806103078,55.0,,,54.92352051250359,54.92254879200409,54.8826298153075,54.882883879026146,54.84717446948674,54.84894571041623,54.81171912573753,54.811123436168906,54.770828431893285,54.775875073327114
725.0,8.020833333333332,8.020833333333332,0.04584009780232498,-1,54.92972872262162,54.84902145054899,0.161414541777134,55.0,,,54.92972872262162,54.9206175864656,54.887084349312396,54.870791781259044,54.84902144908543,54.855841582478114,54.81095855088107,54.831246929981596,54.768314180844484,54.84983457986917
726.0,8.016759776536311,8.016759776536311,0.04439613249276285,-1,54.935386811677596,54.85023192499506,0.17030977105298462,55.0,,,54.935386811677596,54.897860810125366,54.8909455843206,54.80450462981926,54.8502319235661,54.8412162544877,54.80951826478638,54.83052326719614,54.76507704062461,54.870514557012086
727.0,8.016759776536311,8.016759776536311,0.04500679068447426,-1,54.94161113803228,54.85220450617984,0.17881326144739518,55.0,,,54.94161113803228,54.92272116254532,54.89547123768728,54.8590582233527,54.85220450478464,54.85177081568245,54.808937773810115,54.827852202813766,54.762797876584884,54.83961666857721
728.0,8.016759776536311,8.016759776536311,0.04633664403298932,-1,54.94754109786352,54.853846222422476,0.18738974867797253,55.0,,,54.94754109786352,54.934728044913946,54.899683799438556,54.88280839514315,54.853846221060245,54.8636735108631,54.80800864456448,54.842674459257005,54.76015134918555,54.88084760774971
729.0,8.016759776536311,8.016759776536311,0.04599722990877293,-1,54.95286960150754,54.8547698945646,0.19619941173390032,55.0,,,54.95286960150754,54.97004479772571,54.9032363091734,54.95775693915603,54.854769893234604,54.87089898667918,54.80630347913381,54.819833955024144,54.75667018977364,54.775355488694615
730.0,8.016759776536311,8.016759776536311,0.044927246727237254,-1,54.958308506248,54.85587549692777,0.2048660165393983,55.0,,,54.958308506248,54.9559507296083,54.90693512741957,54.909885963627715,54.855875495629235,54.86129733477393,54.804815865633415,54.81812519482247,54.753442489708604,54.78878914621238
731.0,8.016759776536311,8.016759776536311,0.044483518914985316,-1,54.964170303823636,54.85755647727367,0.21322765104851982,55.0,,,54.964170303823636,54.956221050478035,54.91113292856102,54.89961080272687,54.85755647600582,54.85928514138553,54.80398002520274,54.81613461190495,54.750942652775116,54.78635507057862
732.0,8.016759776536311,8.016759776536311,0.04370728695144063,-1,54.9701886164073,54.85947490265035,0.22142742551093875,55.0,,,54.9701886164073,54.95025845816451,54.91552695479258,54.87415240907262,54.85947490141245,54.85359641794278,54.80342284974305,54.81369123083148,54.74876119089636,54.78739755789144
733.0,8.016759776536311,8.016759776536311,0.0436806251535721,-1,54.97650611457428,54.86180975012271,0.22939272694745938,55.0,,,54.97650611457428,54.94063544982177,54.92027774313982,54.842819965278196,54.86180974891403,54.85168938506415,54.80334175635859,54.82390172991097,54.74711338762682,54.83281595155569
734.0,8.016759776536311,8.016759776536311,0.04244222277339049,-1,54.9828033223968,54.86415674694721,0.23729314898967147,55.0,,,54.9828033223968,54.95609618636401,54.9250229785532,54.86974128231433,54.864156745767055,54.848441907108395,54.803290514611845,54.80196019694853,54.745510173407126,54.74649560110467
735.0,8.016759776536311,8.016759776536311,0.044372105683763395,-1,54.989598534751515,54.86716896180336,0.24485914403182107,55.0,,,54.989598534751515,54.96610230736756,54.93034831311877,54.88976050035775,54.867168960651036,54.864166933324285,54.80398960977578,54.82633792047007,54.744739390719694,54.8220862521582
736.0,8.016759776536311,8.016759776536311,0.04567890362619592,-1,54.99553806059083,54.86913814453792,0.2527998302853831,55.0,,,54.99553806059083,54.97749872673581,54.93472204180007,54.91202027545378,54.86913814341281,54.87589337104799,54.80355424658042,54.84099926525529,54.74273823030545,54.86283974233362
737.0,8.031587523277464,8.031587523277464,0.04496369086684014,-1,55.00088716438408,54.8704009767722,0.26097237344633584,55.0,,,55.00088716438408,55.01181126933766,54.93844599674585,54.98363842026061,54.87040097567372,54.88058397550559,54.802355956119676,54.81347925684253,54.739914790937746,54.74227546159809
738.0,8.049348230912475,8.049348230912475,0.04374647659577381,-1,55.006563093176716,54.87210085922673,0.26892446616458443,55.0,,,55.006563093176716,54.99144889101028,54.94255113451029,54.9204845495641,54.87210085815419,54.86864690663841,54.801650583280306,54.81360352961298,54.73763862701213,54.767078081383204
739.0,8.020507448789571,8.020507448789571,0.04467001447576515,-1,55.01279190858541,54.87451850604647,0.27654680338346793,55.0,,,55.01279190858541,55.019631179809444,54.94729047095473,54.980373526867936,54.874518504999244,54.88257758449727,54.80174654049099,54.812403789327995,54.736245105201945,54.74139812225134
740.0,8.016759776536311,8.016759776536311,0.046915566598253224,-1,55.01849236643264,54.876333299163036,0.28431813288482033,55.0,,,55.01849236643264,55.04043795367332,54.95146229944978,55.024245100249445,54.87633329814056,54.90295302828995,54.80120429824436,54.83324971257799,54.73417423354782,54.798168186961256
741.0,8.016759776536311,8.016759776536311,0.046471573103003656,-1,55.023187174955325,54.87692214946908,0.292530049357282,55.0,,,55.023187174955325,55.04524222788587,54.95451668177091,55.02305720628726,54.876922148470804,54.90189087265411,54.799327616550265,54.82729672316493,54.73065712559804,54.779754110130625
742.0,8.016759776536311,8.016759776536311,0.045786281532491264,-1,55.02804050474448,54.877749816224195,0.30058137546357244,55.0,,,55.02804050474448,55.04853897367999,54.95776927537705,55.01776634817002,54.87774981524955,54.89898677560276,54.797730356468975,54.81908149050567,54.72745912928091,54.75523891774343
743.0,8.016759776536311,8.016759776536311,0.0466689992064855,-1,55.03315633187524,54.878946192632796,0.30842027694519203,55.0,,,55.03315633187524,55.05843332643308,54.96133673852523,55.03218774427071,54.8789461916812,54.907740769853795,54.796555646152235,54.827988082536145,54.72473605493005,54.78203196747366
744.0,8.016759776536311,8.016759776536311,0.04462679317738607,-1,55.03786335333999,54.879665346780406,0.3163960116159217,55.0,,,55.03786335333999,55.04715973713277,54.96445988149687,54.98920279568614,54.879665345851336,54.89244823594435,54.794870811489744,54.810531778523135,54.72146734172407,54.73936535450636
745.0,8.022462756052139,8.022462756052139,0.04386611238393804,-1,55.04341513447215,54.88148512282355,0.3238600218294607,55.0,,,55.04341513447215,55.066257033097045,54.96855509038897,55.02254574643591,54.881485121916434,54.893279898614665,54.794415154697504,54.79165032614008,54.71955511264269,54.6642576597162
746.0,8.049348230912475,8.049348230912475,0.04420145070335149,-1,55.0492841324266,54.88373367674749,0.33110090992514785,55.0,,,55.0492841324266,55.06672417811606,54.97302151573783,55.01262326166714,54.883733675861784,54.89657633717703,54.79444583720975,54.799351121382415,54.71818322250145,54.69666062665904
747.0,8.049348230912475,8.049348230912475,0.04480194829717041,-1,55.05507634313285,54.88589485458306,0.3383629757003348,55.0,,,55.05507634313285,55.08981786262788,54.977403554435185,55.05790829540968,54.885894853718284,54.90716333708846,54.79438615419648,54.79634941144827,54.71671336743252,54.671819745161216
748.0,8.049348230912475,8.049348230912475,0.04293617400127479,-1,55.06058221331609,54.887730029161595,0.3457043669427975,55.0,,,55.06058221331609,55.0587940924203,54.981477210579506,54.967129671651364,54.88773002831725,54.88836995774922,54.793982847221855,54.79396095850356,54.71487784637329,54.69873988791122
749.0,8.049348230912475,8.049348230912475,0.042039494409580276,-1,55.06686002623756,54.89056994598464,0.3525801591718931,55.0,,,55.06686002623756,55.034039599372385,54.98643763549313,54.897068502246015,54.89056994516021,54.87717549743893,54.79470225596662,54.80136990046924,54.71427986706567,54.74891014128067
750.0,8.049348230912475,8.049348230912475,0.04402488629866469,-1,55.073495357919356,54.89389099928127,0.3592087159736579,55.0,,,55.073495357919356,55.07486286467957,54.99181479618204,54.99279024170146,54.89389099847627,54.90075336090975,54.79596720188298,54.80663882646101,54.7142866419457,54.73023296112239
751.0,8.049348230912475,8.049348230912475,0.04533419369981539,-1,55.07925132317605,54.89613769217554,0.3662272607292607,55.0,,,55.07925132317605,55.09144757118,54.99621161074814,55.02624169874568,54.896137691389555,54.913870269893025,54.796063773117176,54.817348750089494,54.71302406244679,54.75457257369765
752.0,8.049348230912475,8.049348230912475,0.04365717164903024,-1,55.08441702056391,54.89767566365426,0.3734827125775979,55.0,,,55.08441702056391,55.07171837555998,54.999956484042336,54.965547084592366,54.89767566288686,54.89866938611289,54.79539484279191,54.81028437048636,54.710934307986314,54.75228936649834
753.0,8.049348230912475,8.049348230912475,0.044729465171158014,-1,55.0902749756222,54.900117185225824,0.3803155795803761,55.0,,,55.0902749756222,55.07828173911403,55.00449795827495,54.97616573473568,54.90011718447653,54.90758231417607,54.79573641171359,54.82423668862015,54.709959396041825,54.7946136720884
754.0,8.049348230912475,8.049348230912475,0.04532058936590183,-1,55.09564487621562,54.9019776310182,0.38733448921110636,55.0,,,55.09564487621562,55.09439852897018,55.00850222620948,55.00860633164567,54.90197763028661,54.91566966895016,54.795453035374756,54.825376776652,54.708310387004516,54.78511973893521
755.0,8.049348230912475,8.049348230912475,0.044205671057238126,-1,55.10073301184504,54.90351719121759,0.39443164009912834,55.0,,,55.10073301184504,55.07381072143354,55.01220310285477,54.9487533402353,54.9035171905033,54.903612499557696,54.794831279138954,54.82640273028887,54.70630137174591,54.80896984844016
756.0,8.049348230912475,8.049348230912475,0.04567690111241631,-1,55.10627288501866,54.9056570823026,0.40123160430367477,55.0,,,55.10627288501866,55.10579646970524,55.016428558228185,55.02238753718987,54.90565708160517,54.92125793473585,54.794885605945964,54.82950538688531,54.70504128071499,54.79057656391268
757.0,8.049348230912475,8.049348230912475,0.046978254302878796,-1,55.111152983180574,54.907000659728055,0.40830464580324133,55.0,,,55.111152983180574,55.12504034976625,55.01992339677378,55.06301781053398,54.907000659047135,54.934602430254586,54.79407792226151,54.837777190220315,54.70284833737733,54.80343499273057
758.0,8.049348230912475,8.049348230912475,0.04144913318850311,-1,55.115445564087,54.90764031737484,0.4156104923486126,55.0,,,55.115445564087,55.09869572891288,55.022770627372715,54.97748313602583,54.90764031671004,54.89310459242531,54.79251000696609,54.78212176377863,54.699835071738384,54.6447366105053
759.0,8.022788640595904,8.022788640595904,0.044560249638213485,-1,55.12208973214482,54.91126450881329,0.4216504456127126,55.0,,,55.12208973214482,55.12153084924871,55.02828622956771,55.031086118947,54.911264508164145,54.91960131444986,54.79424278765766,54.81337992330368,54.70043928653211,54.73234000761671
760.0,8.03631284916201,8.03631284916201,0.04462266733405547,-1,55.127275495499795,54.913111005332404,0.4283289793092493,55.0,,,55.127275495499795,55.12312442424222,55.03217939882483,55.02646644947063,54.91311100469859,54.92084698896207,54.79404261144824,54.81605418011885,54.698946516190546,54.743369141111366
761.0,8.016759776536311,8.016759776536311,0.04253290539689632,-1,55.1324562737879,54.91497011276327,0.4349723210479439,55.0,,,55.1324562737879,55.10551150271731,55.036074232837315,54.97129255569567,54.91497011214444,54.903544547511416,54.793865992306756,54.801793021498874,54.69748395273996,54.714407799423114
762.0,8.016759776536311,8.016759776536311,0.043136106353330324,-1,55.13844157943487,54.91788647074056,0.4411102164109124,55.0,,,55.13844157943487,55.10324359758744,55.04089840243906,54.96087051660782,54.91788647013632,54.907329261231446,54.79487453866861,54.814727751130974,54.697331363023956,54.76118634094586
763.0,8.016759776536311,8.016759776536311,0.042263162861240496,-1,55.14414240675722,54.92047432877827,0.4473361550032706,55.0,,,55.14414240675722,55.105824115396885,55.04541284796126,54.9592568221574,54.92047432818828,54.90280931941936,54.79553580923063,54.80454964376485,54.69680625175395,54.72525035415641
764.0,8.016759776536311,8.016759776536311,0.04006085155425429,-1,55.15019468931794,54.92353130850538,0.4533267606930025,55.0,,,55.15019468931794,55.11833351682687,55.0503350734532,54.97749549069706,54.923531307929295,54.892682590604025,54.79672754320151,54.77022056868013,54.69686792862494,54.60073372079929
765.0,8.03223929236499,8.03223929236499,0.0424473657151562,-1,55.157172396781895,54.927775274085185,0.45879424448321515,55.0,,,55.157172396781895,55.139337719914806,55.05631102165313,55.02536421679612,54.927775273522656,54.91433823439475,54.79923952616958,54.792825642516995,54.69837815229868,54.66132035581115
766.0,8.049348230912475,8.049348230912475,0.04358990960297119,-1,55.163153375272564,54.93078107168806,0.46474460628027003,55.0,,,55.163153375272564,55.15331426251093,55.06116472651395,55.05283419436142,54.930781071138796,54.92595178171903,54.8003974165227,54.802495081016254,54.698408768992294,54.68499472739136
767.0,8.049348230912475,8.049348230912475,0.04375014096306087,-1,55.16867830692679,54.93322752979949,0.47090155338684525,55.0,,,55.16867830692679,55.15569944983619,55.065507479841564,55.049930589447996,54.93322752926319,54.92822671491868,54.80094757942596,54.805931781656184,54.69777675353995,54.69828088992982
768.0,8.049348230912475,8.049348230912475,0.04133122357035083,-1,55.17410947877256,54.93558507209387,0.47704881251010534,55.0,,,55.17410947877256,55.14635858525969,55.06975648969994,55.01321145644803,54.93558507157023,54.91113461873397,54.80141365416416,54.7818631586606,54.69706066626245,54.629848601038844
769.0,8.049348230912475,8.049348230912475,0.044350376147257425,-1,55.18056026106037,54.93924782099168,0.48262487931006604,55.0,,,55.18056026106037,55.18332401309087,55.07516641617052,55.10033665617348,54.939247820480375,54.940586042474344,54.80332922549683,54.80256530111446,54.697935381750305,54.669462326190285
770.0,8.049348230912475,8.049348230912475,0.04290042936527242,-1,55.18568451204883,54.9412751591143,0.48881870506130554,55.0,,,55.18568451204883,55.1568850799174,55.079091006133574,55.02404011607575,54.94127515861506,54.92527352412755,54.80345931178647,54.802065776419155,54.696865806987525,54.69646130881601
771.0,8.024418063314709,8.024418063314709,0.04318034992975548,-1,55.19141040901406,54.94408443274606,0.4946519517472865,55.0,,,55.19141040901406,55.16958749307578,55.083705939774944,55.04773310431627,54.944084432258606,54.930776196739764,54.804462925415905,54.800727280255146,54.696758457266775,54.68274492221185
772.0,8.04869646182495,8.04869646182495,0.04582770032360918,-1,55.19690313024818,54.94665104646373,0.5005041667988053,55.0,,,55.19690313024818,55.19363990016626,55.08808025258037,55.10368467616937,54.94665104598777,54.954127432956376,54.80522184005292,54.82399822401453,54.696398963449376,54.741915144712046
773.0,8.016759776536311,8.016759776536311,0.044609113268997205,-1,55.2013146643516,54.947870067968324,0.5068891920146399,55.0,,,55.2013146643516,55.19335768817463,55.091236782375354,55.09136060468222,54.94787006750364,54.94647459370792,54.80450335327411,54.80973136134998,54.69442547233696,54.69803336469972
774.0,8.016759776536311,8.016759776536311,0.042843539388173334,-1,55.20611436233328,54.94963325207514,0.5129622197821533,55.0,,,55.20611436233328,55.18748017884464,55.094858674557976,55.064611505086035,54.94963325162142,54.934138189388705,54.804407829311884,54.79174583248083,54.69315214255113,54.64730712611406
775.0,8.016759776536311,8.016759776536311,0.044795867581940665,-1,55.2116534573085,54.95234957545317,0.5186077629938524,55.0,,,55.2116534573085,55.20341417646077,55.099325648077766,55.09927124975155,54.95234957501015,54.95111687756105,54.805373502554765,54.810625201154686,54.69304569431465,54.699954550737054
776.0,8.016759776536311,8.016759776536311,0.045137250776824546,-1,55.216325483485136,54.95400740723494,0.5246361518005074,55.0,,,55.216325483485136,55.212352049632855,55.10282645541873,55.11311487619361,54.9540074068024,54.955779876198854,54.80518835878382,54.811656184733884,54.69168933168463,54.69923790259512
777.0,8.016759776536311,8.016759776536311,0.04251259012260145,-1,55.22082608712956,54.955478967971864,0.5306942376320549,55.0,,,55.22082608712956,55.181573600329706,55.10614654590609,55.02518717137912,54.95547896754954,54.93152906642779,54.804811389776624,54.79755411778932,54.690131849497504,54.68367053424511
778.0,8.016759776536311,8.016759776536311,0.044339845952878376,-1,55.22643855216863,54.958368873817435,0.5361393560351573,55.0,,,55.22643855216863,55.18973699410106,55.11073116315783,55.0434010482607,54.95836887340508,54.945475674219175,54.806006584222196,54.81980185419491,54.69029919613347,54.751888452277434
779.0,8.016759776536311,8.016759776536311,0.04382858020965283,-1,55.231238150491876,54.96026755683381,0.5419411866646868,55.0,,,55.231238150491876,55.19796377778938,55.114410193044996,55.056298955458324,54.960267556431184,54.94428372639574,54.806124920373776,54.809971405055144,54.68929696382719,54.71238580834523
780.0,8.016759776536311,8.016759776536311,0.04178331508362308,1,55.23623608311654,54.96244102886592,0.5475901078651546,55.0,,,55.23623608311654,55.18804287392978,55.11832404293382,55.021553616336355,54.96244102847281,54.92898871659676,54.80655801455506,54.7908616692485,54.68864597525138,54.65930371642665
781.0,8.016759776536311,8.016759776536311,0.04436437750066763,1,55.2325680978043,54.96571910962357,0.5336979757403739,55.0,,,55.2325680978043,55.24243547741646,55.11845589611393,55.16909233172028,54.96571910923972,54.962103885183815,54.81298232289597,54.792821285434,54.69887012206392,54.60449307981861
782.0,8.045111731843573,8.045111731843573,0.04481772794582563,1,55.22725968267467,54.967597436347226,0.5193244920484617,55.0,,,55.22725968267467,55.2361042563216,55.1170244147812,55.16303855100678,54.96759743597245,54.96658188326944,54.81817045768163,54.80331242741496,54.70793519062621,54.63707849250451
783.0,8.028002793296087,8.028002793296087,0.04457125139394652,1,55.2218211859939,54.96932944869691,0.5049834740019037,55.0,,,55.2218211859939,55.21226822717764,55.11541319184372,55.11421547177908,54.96932944833098,54.96199655470576,54.823245705323934,54.815439549564246,54.716837711992,54.6895070710759
784.0,8.049348230912475,8.049348230912475,0.04595282293776171,1,55.21655272405978,54.971132313162045,0.4908408212173754,55.0,,,55.21655272405978,55.21175515776191,55.11388297472667,55.12667558363152,54.97113231280476,54.97333546758337,54.8283816513766,54.83506108667922,54.725711902842406,54.74384992311482
785.0,8.049348230912475,8.049348230912475,0.047196729592868476,1,55.21051386458448,54.97226155204493,0.476504624514682,55.0,,,55.21051386458448,55.21111496463106,55.11159266323662,55.139020516820516,54.97226155169609,54.98354371633879,54.83293044063764,54.85263062621368,54.734009240069796,54.79037865022882
786.0,8.049348230912475,8.049348230912475,0.04588520375173151,1,55.20372087444249,54.97271632927268,0.4620090897885518,55.0,,,55.20372087444249,55.20989910877829,55.10855122440885,55.14402845445429,54.972716328932115,54.97727289034157,54.83688143392604,54.83569463260867,54.74171178465394,54.72190586136955
787.0,8.049348230912475,8.049348230912475,0.04672218922306799,1,55.19786243400298,54.97388059019566,0.4479636870766086,55.0,,,55.19786243400298,55.21117872580571,55.106297312520255,55.15851830135501,54.97388058986315,54.985497181629434,54.84146386766557,54.84645913145942,54.74989874692637,54.74578219396693
788.0,8.049348230912475,8.049348230912475,0.046630849051109986,1,55.19151631856012,54.974590595738334,0.4338514451182931,55.0,,,55.19151631856012,55.20747732703817,55.103539369209486,55.15886668963961,54.97459059541369,54.98646762085799,54.84564182206653,54.847593777436636,54.757664873441826,54.741938296086374
789.0,8.049348230912475,8.049348230912475,0.049015313732490594,1,55.18529576197763,54.97534932825478,0.4198928669328481,55.0,,,55.18529576197763,55.20388191781903,55.100837164684215,55.16542129014691,54.97534932793782,55.00307474349698,54.84986149162945,54.88215688650361,54.76540289504478,54.84961664659417
790.0,8.049348230912475,8.049348230912475,0.048919154701359074,1,55.17756553013942,54.974816406825504,0.4054982461271308,55.0,,,55.17756553013942,55.18058824311557,55.0967034222809,55.121044546117574,54.97481640651607,54.9984914376092,54.85292939117887,54.895139084354554,54.77206728401229,54.90030595699438
791.0,8.047229981378026,8.047229981378026,0.04558736205369226,1,55.1699659351374,54.97433610965559,0.39125965047482225,55.0,,,55.1699659351374,55.159794966630194,55.09263194561163,55.076098170011996,54.97433610935348,54.97389157253085,54.856040273512825,54.86296574974551,54.778706284662576,54.79642301307716
792.0,8.016759776536311,8.016759776536311,0.04545994942754359,1,55.164622466119035,54.975652455598194,0.37794002056441656,55.0,,,55.164622466119035,55.15628643591319,55.09056048243001,55.07851056870998,54.97565245530325,54.974386536943,54.8607444285841,54.86398467419168,54.78668244555462,54.79006414023178
793.0,8.032891061452514,8.032891061452514,0.04493788553168129,1,55.15931357173429,54.97692808804133,0.3647709669199415,55.0,,,55.15931357173429,55.15752245431115,55.08846114104756,55.09083286533064,54.97692808775335,54.97361662864888,54.865395034857116,54.856598903216245,54.794542604814346,54.752252464508665
794.0,8.049348230912475,8.049348230912475,0.04506491353265271,1,55.15446415961684,54.97854248447933,0.35184334982005794,55.0,,,55.15446415961684,55.1463476148516,55.08673763786722,55.07393741357812,54.97854248419816,54.97396175514514,54.87034733091767,54.86591982844889,54.802620809796785,54.78263212753266
795.0,8.019203910614525,8.019203910614525,0.04297547687426786,1,55.149645530374386,54.98014507797357,0.3390009043574409,55.0,,,55.149645530374386,55.12676304303711,55.08500152416833,55.032123268817436,54.980145077699035,54.95804492309093,54.87528863160913,54.85067605861891,54.810644626016945,54.73760015446684
796.0,8.049348230912475,8.049348230912475,0.04510554955820072,1,55.14615225032357,54.98277025146856,0.326763997276295,55.0,,,55.14615225032357,55.13339971801217,55.08441934514202,55.06282460207526,54.982770251200506,54.975599227646526,54.88112115762943,54.87639575496041,54.81938825304727,54.80644762361961
797.0,8.049348230912475,8.049348230912475,0.04631096308370148,1,55.1414132336724,54.984346700416225,0.31413306608887837,55.0,,,55.1414132336724,55.114588556055764,55.082670144547215,55.031317175091125,54.98434670015451,54.98055173830275,54.88602325612349,54.90524158392027,54.827280167583524,54.907113245331416
798.0,8.067923649906888,8.067923649906888,0.045846468494277114,1,55.135933497187764,54.98526879057333,0.3013294128154058,55.0,,,55.135933497187764,55.12618128908676,55.08020404879036,55.07011982763316,54.98526879031781,54.98229649597882,54.89033353219838,54.89215510361847,54.83460408437236,54.83800227373097
799.0,8.133100558659219,8.133100558659219,0.04493155811119139,1,55.13088083927173,54.986507627575314,0.2887464229891421,55.0,,,55.13088083927173,55.11823325289971,55.07809168901411,55.05878609219163,54.98650762732584,54.97658096865666,54.894923565982346,54.88527830481818,54.84213441628259,54.81008140266183
800.0,8.17970204841713,8.17970204841713,0.04622430048014428,1,55.12671628643742,54.98847290546255,0.2764867615556099,55.0,,,55.12671628643742,55.13881277079913,55.07676982658712,55.119621897112786,54.98847290521896,54.992271811684816,54.900175984187435,54.89055287132844,54.85022952488181,54.79784473160726
801.0,8.312499999999991,8.312499999999991,0.0466199478877939,1,55.121917042476696,54.98990219772694,0.26402968911470737,55.0,,,55.121917042476696,55.13914232761377,55.07484628873193,55.1282772840077,54.989902197489116,54.99724443906114,54.90495810657496,54.896091144096864,54.85788735336199,54.80623406488041
802.0,8.496461824953442,8.496461824953442,0.0490233627280588,1,55.117383475996874,54.99159001861094,0.25158691439615666,55.0,,,55.117383475996874,55.144716726266466,55.07316918022364,55.153582615225965,54.99159001837875,55.016280867314016,54.910010856854754,54.925624526250644,54.86579656160072,54.88937113100236
803.0,8.633822160148975,8.633822160148975,0.05026655060992015,1,55.11197765596558,54.992633081985694,0.23868914759298576,55.0,,,55.11197765596558,55.13989572558912,55.07071776957735,55.151517870355356,54.99263308175901,55.02511849293201,54.91454839425395,54.94585933033355,54.873288508372596,54.948321401840545
804.0,8.836685288640595,8.836685288640595,0.04731596833167554,1,55.10630102930597,54.993495018446836,0.22561202136018466,55.0,,,55.10630102930597,55.095207658731454,55.0680248187564,55.04485147347254,54.99349501822554,54.99714421453158,54.91896521800051,54.93463842756084,54.88068900794578,54.93583170579466
805.0,8.936568901303545,8.936568901303545,0.04798460722058489,1,55.10335280526476,54.9966856227122,0.21333436475555345,55.0,,,55.10335280526476,55.112551903796614,55.0678467836073,55.09496418770516,54.99668562249613,55.008040869419524,54.92552446168355,54.93448838538903,54.89001844050921,54.90251980446532
806.0,9.045903165735568,9.045903165735568,0.04645036449098553,1,55.10037389626652,54.99987161110148,0.20100456998877547,55.0,,,55.10037389626652,55.100426840161234,55.06763825016813,55.06729582200221,54.99987161089054,54.997767786008545,54.932104971904465,54.92299075139313,54.89936932627774,54.859659080768616
807.0,9.22383612662942,9.22383612662942,0.04687066771455024,1,55.09884908226382,55.004281553903844,0.1891350563867391,55.0,,,55.09884908226382,55.0877742686677,55.06875717360995,55.04230212768674,55.004281553697886,54.99992654686312,54.93980593407044,54.93880808032351,54.90971402587708,54.90869297795971
808.0,9.423277467411545,9.423277467411545,0.047881759048760325,1,55.09773846024962,55.009105148926416,0.1772666223210706,55.0,,,55.09773846024962,55.08616424367619,55.07027912935005,55.0455235607429,55.00910514872535,55.008535200190934,54.94793116837852,54.95595188386323,54.92047183792855,54.94990148832378
809.0,9.542062383612668,9.542062383612668,0.04819074425728055,1,55.096733214286445,55.01410215961202,0.16526210903121097,55.0,,,55.096733214286445,55.07526936046194,55.07192984046515,55.024657514146654,55.014102159415714,55.01032068568437,54.956274478637575,54.96960270443465,54.931471105255234,54.98611189935993
810.0,9.703212290502794,9.703212290502794,0.0494289797642419,1,55.09600312899915,55.01936033394496,0.1532855897982799,55.0,,,55.09600312899915,55.08302680097875,55.07383850829884,55.050925181962,55.0193603337533,55.0226440739664,54.96488215947262,54.98416138925688,54.94271753920087,55.00729305755775
811.0,9.901187150837996,9.901187150837996,0.049122784701893275,1,55.09509239947877,55.024531591498274,0.14112161565827108,55.0,,,55.09509239947877,55.07492008079237,55.075603355118226,55.034737412027035,55.02453159131115,55.021218374670305,54.97345982776267,54.98774435805174,54.9539707838205,55.00581100166268
812.0,10.061359404096832,10.061359404096832,0.05152024580427527,1,55.095155271799015,55.03059067279319,0.12912919771609666,55.0,,,55.095155271799015,55.09214974285758,55.07828946147048,55.084728960294,55.03059067261051,55.04346713623638,54.98289188400299,55.012241945267974,54.96602607408292,55.05084853222496
813.0,10.206052141527003,10.206052141527003,0.05216655282007734,1,55.09427381961066,55.03593276772115,0.11668210349049701,55.0,,,55.09427381961066,55.100945755908555,55.080135298006695,55.10951937227937,55.03593276754281,55.052449369138884,54.991730237325385,55.017920187821076,54.977591716120166,55.04041823630081
814.0,10.299581005586589,10.299581005586589,0.052855540515339895,1,55.09354746808656,55.04145280373664,0.10418932841817963,55.0,,,55.09354746808656,55.12073490018166,55.08213812536803,55.15917682939483,55.04145280356254,55.06464910689447,55.00076748199765,55.01712372412661,54.98935813966838,54.99949647827604
815.0,10.497555865921791,10.497555865921791,0.05276017787036899,1,55.092759677649916,55.046938924469444,0.09164150608599186,55.0,,,55.092759677649916,55.13084874280763,55.08408405072083,55.181793761997085,55.04693892429949,55.069640621703655,55.009793798113016,55.01152444148461,55.001118171563924,54.953652777713565
816.0,10.681191806331476,10.681191806331476,0.053631419291351644,1,55.09281530296826,55.0532054720648,0.07921966153848814,55.0,,,55.09281530296826,55.12463423653745,55.08683320277683,55.16589783897545,55.053205471898906,55.076834580985015,55.01957774125026,55.02950693702922,55.013595641429774,55.00226402960381
817.0,10.839571694599632,10.839571694599632,0.054829143233951716,1,55.093025777127686,55.05967568887856,0.06670017623620339,55.0,,,55.093025777127686,55.13667061955878,55.089753251849714,55.19488356516158,55.059675688716624,55.09058104107645,55.02959812580734,55.04048108855023,55.02632560089148,55.00915003887598
818.0,10.969599627560518,10.969599627560518,0.05337480140407975,1,55.09308404956039,55.06607943331412,0.05400923223676557,55.0,,,55.09308404956039,55.12744235487299,55.09255567493676,55.16577757179205,55.066079433156034,55.08219634356908,55.03960319159377,55.028896604832845,55.03907481732362,54.95994350728057
819.0,11.096694599627565,11.096694599627565,0.05309229123241027,1,55.09672974781975,55.0737527312851,0.045954033164683494,55.0,,,55.09463111063118,55.09773714626627,55.09672974781975,55.09022167853093,55.073752731130774,55.076137022863,55.05077571465507,55.046582363918695,55.0528743521887,55.027187091689164
820.0,11.314711359404097,11.314711359404097,0.05175083178307303,1,55.10156012305998,55.082047727521854,0.039024791169367745,55.0,,,55.09688238250987,55.09150748614265,55.10156012305998,55.07038457524643,55.082047727371204,55.06909017824993,55.062535331890615,55.035571067553,55.06721307277757,54.97411186215343
821.0,11.48987430167598,11.48987430167598,0.05439979527838702,1,55.10802658591558,55.09188324761724,0.03228667668756202,55.0,,,55.10087682752942,55.08580209940615,55.10802658591558,55.060223751017126,55.09188324747018,55.08762814367033,55.07573990922802,55.07871708402656,55.08288966794301,55.10189509080145
822.0,11.68784916201118,11.68784916201118,0.0566791097179239,1,55.11356939992065,55.100928583611974,0.025281632706068535,55.0,,,55.103825605166996,55.125569368571426,55.11356939992065,55.15955485065626,55.100928583468416,55.11498886153525,55.08828776721458,55.08779513989114,55.09803156228923,55.07154859729312
823.0,11.793435754189945,11.793435754189945,0.05856858557079853,1,55.11850001492376,55.10947326782879,0.018053494276550452,55.0,,,55.106063410776166,55.135307446487275,55.11850001492376,55.18321064741308,55.10947326768866,55.13247442161924,55.10044652064721,55.10994626263344,55.112883125108134,55.11451205894166
824.0,11.850465549348227,11.850465549348227,0.058048147298552885,1,55.12726031253958,55.117380172668824,0.019760279520227186,55.0,,,55.107500033019356,55.102192596095044,55.122704305245335,55.09931599953139,55.117380172532044,55.12358720556419,55.11205604000777,55.12620422383281,55.12726031253958,55.17544405822126
825.0,12.033286778398512,12.033286778398512,0.060268248717496344,1,55.14201493864627,55.12577735431398,0.03247516844858467,55.0,,,55.109539770197685,55.1084161201627,55.12744864293251,55.11907908484633,55.12577735418047,55.14162788226621,55.124106065612935,55.15485180631475,55.14201493864627,55.23967845150355
826.0,12.213175046554936,12.213175046554936,0.058558655110164844,1,55.156446808574366,55.13365176256856,0.04559009180077567,55.0,,,55.11085671677359,55.08179602285811,55.13156370008305,55.051156783245546,55.133651762438255,55.12635066308855,55.13573982497354,55.150907673132025,55.156446808574366,55.22283946938661
827.0,12.410661080074489,12.410661080074489,0.05660327509653515,1,55.172239127684996,55.14313517349583,0.05820790817253396,55.0,,,55.11403121951246,55.070809851133426,55.137405833799846,55.02014501470474,55.14313517336865,55.11368738138594,55.148864513113224,55.134506602431664,55.172239127684996,55.1493784658831
828.0,12.61433891992552,12.61433891992552,0.05927358630572095,1,55.18956922753422,55.15442985702212,0.07027874082331209,55.0,,,55.11929048671091,55.09046790373407,55.14519107520363,55.072023912662274,55.15442985689798,55.13838094058407,55.16366863876391,55.16176601473387,55.18956922753422,55.19592081059648
829.0,12.780377094972064,12.780377094972064,0.06591552501303928,1,55.206467070798006,55.16503866102139,0.08285681935717548,55.0,,,55.12361025144083,55.153160632760375,55.15215916444924,55.23570488764356,55.16503866090021,55.198983004479224,55.17791815751865,55.214777244168005,55.206467070798006,55.290102718215635
830.0,12.949022346368714,12.949022346368714,0.06744276255154404,1,55.22106914362703,55.1726518123407,0.09683466238129768,55.0,,,55.12423448124573,55.18198180276782,55.15577572928025,55.30428747576418,55.17265181222245,55.21846368528107,55.18952789532808,55.2183710364703,55.22106914362703,55.25044188900911
831.0,13.111149906890128,13.111149906890128,0.0683255695578031,1,55.23559348247833,55.18007374966409,0.11103946544174903,55.0,,,55.12455401703658,55.17581391082661,55.15913675113203,55.28541855001915,55.18007374954868,55.22511012683529,55.20101074812482,55.23491544792893,55.23559348247833,55.28805695770673
832.0,13.251769087523282,13.251769087523282,0.06794616532471355,1,55.25029397478774,55.18763250646489,0.12532293646346204,55.0,,,55.124971038324276,55.14922513148493,55.16260732260972,55.215712183093736,55.18763250635227,55.21837496569657,55.21265769025046,55.247360662280656,55.25029397478774,55.32865252873671
833.0,13.40314245810056,13.40314245810056,0.06867101717655233,1,55.265634410962576,55.1959346130908,0.13939959556574166,55.0,,,55.126234815396835,55.17515356601372,55.166865698268786,55.27626869047756,55.19593461298089,55.23184117652084,55.225003527844876,55.241820444715735,55.265634410962576,55.25965640594773
834.0,13.52192737430168,13.52192737430168,0.06740969759399865,1,55.28117950989984,55.20441930713052,0.15352040536511424,55.0,,,55.12765910453473,55.15733223489153,55.17128895941074,55.22453112521244,55.20441930702327,55.221930342650566,55.23754965478402,55.23686543597524,55.28117950989984,55.235172778515114
835.0,13.692039106145248,13.692039106145248,0.06934988135490813,1,55.297664260174315,55.21404507326251,0.16723837365423577,55.0,,,55.13042588652008,55.17063680615347,55.17694777446021,55.25577548967056,55.21404507315786,55.240107402433686,55.251142372000146,55.25573262115595,55.297664260174315,55.262558800905836
836.0,13.83314711359404,13.83314711359404,0.07009192020951431,1,55.31390171904498,55.2232632900467,0.18127685783129266,55.0,,,55.132624861213685,55.158432514333924,55.18211341561636,55.22278751228088,55.22326328994457,55.24408885153901,55.264413164413924,55.274210841956005,55.31390171904498,55.31134928994183
837.0,14.067946927374296,14.067946927374296,0.07100328838443913,1,55.33029821420112,55.23261659934731,0.19536322954638052,55.0,,,55.13493498465474,55.15749234366421,55.18739641254917,55.21881530284657,55.232616599247635,55.251764063902996,55.27783678608383,55.28785161345099,55.33029821420112,55.33188503018119
838.0,14.192597765363132,14.192597765363132,0.07310462651265226,1,55.34715039124611,55.242383062443935,0.2095346574469943,55.0,,,55.137615733799116,55.158176427853356,55.19306568557286,55.22157981236914,55.242383062346676,55.26728092989546,55.291700439254896,55.31654851028435,55.34715039124611,55.40058494846176
839.0,14.349022346368718,14.349022346368718,0.07416405608723474,1,55.36350563918541,55.25147768705614,0.22405590410500054,55.0,,,55.13944973508041,55.13876518210966,55.19797005878039,55.17509875003341,55.25147768696124,55.270740538751156,55.304985315273235,55.343492671446256,55.36350563918541,55.479891060670354
840.0,14.52793296089386,14.52793296089386,0.07569256494259893,1,55.379943038886175,55.26059810085396,0.2386898759146021,55.0,,,55.14125316297157,55.15043779616636,55.20286606263346,55.20668766000789,55.260598100761364,55.284806227074455,55.31833013901724,55.35707799107575,55.379943038886175,55.48351317096396
841.0,14.699837057728113,14.699837057728113,0.07680005413758913,1,55.39634787970712,55.26957811078639,0.25353953769528914,55.0,,,55.14280834201183,55.150447186889544,55.20756179261735,55.20834284266211,55.26957811069604,55.293282217458355,55.33159442889959,55.37202836098358,55.39634787970712,55.503086846384875
842.0,14.76843575418995,14.76843575418995,0.07709816851936657,1,55.41287625058938,55.27862210817926,0.26850828467759413,55.0,,,55.14436796591178,55.13974134860302,55.21228565306839,55.182353365812006,55.27862210809111,55.29388589864496,55.344958563235664,55.38272589933654,55.41287625058938,55.51771514430231
843.0,14.998021415270015,14.998021415270015,0.07786615690714653,1,55.42946901971314,55.28776173945964,0.2834145603678593,55.0,,,55.14605445934528,55.16061999802646,55.217114736632055,55.234521693437244,55.28776173937362,55.3054625279783,55.35840874223406,55.37957524461737,55.42946901971314,55.45734961663038
844.0,15.106052141527002,15.106052141527002,0.07930307337950504,1,55.44656617976954,55.297384553854386,0.29836325169453914,55.0,,,55.148202928075,55.168419187717845,55.222410761421344,55.25392999354746,55.29738455377047,55.3182140011228,55.37235834623558,55.3935231319829,55.44656617976954,55.46918997169963
845.0,15.242434823091257,15.242434823091257,0.08098796255469506,1,55.46338794488371,55.30663702210857,0.3135018454178322,55.0,,,55.14988609946588,55.164575483992905,55.22728350532194,55.246049129772906,55.30663702202669,55.32937092179586,55.385990538844595,55.41771347973651,55.46338794488371,55.52669244650074
846.0,15.461592178770951,15.461592178770951,0.0805958784596888,1,55.47993941513894,55.31549813438842,0.32888256137179894,55.0,,,55.15105685376714,55.15361628953564,55.23169878976874,55.21726382528007,55.31549813430855,55.32547023639426,55.399297478958744,55.418249846028566,55.47993941513894,55.50936049887306
847.0,15.62355679702048,15.62355679702048,0.08180970324291004,1,55.49746498591029,55.325443375187334,0.34404322131984344,55.0,,,55.15342176459045,55.15396982554821,55.23724735838998,55.21933147131396,55.32544337510941,55.334632722844084,55.413639391936535,55.433543678318564,55.49746498591029,55.531454393894386
848.0,15.77150837988827,15.77150837988827,0.08383137578852565,1,55.51503099642002,55.33536064325091,0.3593407062152352,55.0,,,55.15569029020479,55.16709896552928,55.24272865695514,55.25444977850933,55.33536064317489,55.35204861260221,55.427992629499705,55.45136580522522,55.51503099642002,55.55037635841139
849.0,15.96003258845438,15.96003258845438,0.08358139806876701,1,55.53222607931945,55.344750606191134,0.37495094613665714,55.0,,,55.15727513318279,55.141134746035306,55.24759938905879,55.18931337317994,55.34475060611697,55.34509431837387,55.44190182327765,55.46298579389669,55.53222607931945,55.58410733517951
850.0,16.16387337057728,16.16387337057728,0.08758571364414436,1,55.55021326221229,55.355028237339944,0.39037004962763433,55.0,,,55.159843212584654,55.18013827335687,55.253399962624975,55.29317153215077,55.3550282372676,55.38132584734276,55.45665651201022,55.49084733592494,55.55021326221229,55.61212804568261
851.0,16.290805400372445,16.290805400372445,0.08725473875136161,1,55.567186057672295,55.36391883945596,0.40653443631849484,55.0,,,55.1606516213538,55.16236765964213,55.25762257353625,55.247320945883104,55.363918839385384,55.375848544123066,55.470215105332066,55.495569172665334,55.567186057672295,55.614661942367505
852.0,16.350279329608938,16.350279329608938,0.08801292611644633,1,55.58473610843997,55.37349432492188,0.422483566924825,55.0,,,55.162252541515144,55.15253767808663,55.2625776091329,55.22443042244322,55.37349432485303,55.37910745867178,55.48441104066832,55.51003624776835,55.58473610843997,55.64244058217801
853.0,16.534404096834262,16.534404096834262,0.09010782737815504,1,55.602107837320055,55.38287861333358,0.4384584478643134,55.0,,,55.16364938945574,55.16232278356303,55.26732956372842,55.253865783875206,55.38287861326643,55.39552088907679,55.49842766289726,55.52966569887793,55.602107837320055,55.669758481119395
854.0,16.732216014897578,16.732216014897578,0.08736520190659981,1,55.61922430691713,55.39184901194993,0.45475058982844985,55.0,,,55.16447371708868,55.1506880636078,55.271583241012316,55.21910533041057,55.391849011884425,55.376374192651724,55.51211478284708,55.49777443679787,55.61922430691713,55.541793039076545
855.0,16.917481378026075,16.917481378026075,0.08831926124236414,1,55.63827699344416,55.403126986079045,0.4703000146268863,55.0,,,55.16797697881727,55.114192873512565,55.27832403568046,55.130750408414286,55.403126986015145,55.37413182242357,55.52792993643814,55.531874635466295,55.63827699344416,55.66298820917257
856.0,17.04897579143389,17.04897579143389,0.09094621017847702,1,55.657585256529835,55.414624449263194,0.4859216144324705,55.0,,,55.171663642097364,55.12804468993362,55.28526242675355,55.172609785453396,55.41462444920087,55.39487725470956,55.543986471734335,55.55671924963348,55.657585256529835,55.70202390862321
857.0,17.19904562383613,17.19904562383613,0.09291505083010117,1,55.67618694588239,55.42519794633224,0.5019779990019657,55.0,,,55.17420894688043,55.15553124923053,55.29116463723618,55.24588783144259,55.42519794627146,55.41500552930182,55.559231255390756,55.563390976955894,55.67618694588239,55.667624137428206
858.0,17.348463687150833,17.348463687150833,0.09553660019799276,1,55.69444929935687,55.43528922831987,0.5183201419780872,55.0,,,55.17612915737878,55.184580568116665,55.296508887641515,55.32226264496222,55.43528922826059,55.43976691609626,55.5740695689616,55.577091427288686,55.69444929935687,55.658994477894964
859.0,17.50179236499069,17.50179236499069,0.09718562683856809,1,55.712080032668254,55.44453733902343,0.5350853871961121,55.0,,,55.17699464547214,55.17812891694945,55.300899672175944,55.30831443680038,55.44453733896561,55.44922517520702,55.58817500583519,55.59950651083082,55.712080032668254,55.71452550723755
860.0,17.73789571694599,17.73789571694599,0.09936023053418333,-1,55.729525812458135,55.45349723101931,0.5520571627864257,55.0,,,55.17746864967171,55.19414188581113,55.304945281099364,55.35179819588116,55.453497230962924,55.46754406979279,55.602049180904416,55.61445912722899,55.729525812458135,55.72281675631784
861.0,17.869716014897584,17.869716014897584,0.10158169288894667,-1,55.7242408717041,55.46222780869543,0.5240261259283585,55.0,,,55.20021474577574,55.22170906921684,55.32000692891552,55.37849753901036,55.46222780864045,55.48325729701262,55.60444868844137,55.62539280736305,55.7242408717041,55.74407825781786
862.0,18.0207635009311,18.0207635009311,0.1053958346621725,-1,55.71815537954631,55.470267560018534,0.4957756389687944,55.0,,,55.222379740577516,55.2589757761408,55.33451979263574,55.43322747164697,55.47026755996492,55.510962785355645,55.6060153273682,55.65080154359586,55.71815537954631,55.80637829117627
863.0,18.20505121042831,18.20505121042831,0.10460679709256879,-1,55.71028388822628,55.47682015371096,0.46692746894605364,55.0,,,55.243356419280225,55.266236632945606,55.34777925288436,55.40348134761023,55.47682015365868,55.50192077689748,55.60586105450525,55.63301850254145,55.71028388822628,55.74879022182169
864.0,18.29906890130353,18.29906890130353,0.10475391522435734,-1,55.703865327085836,55.48457216579017,0.4385863225088684,55.0,,,55.26527900457697,55.27417582544921,55.362192144347354,55.37848695679964,55.48457216573919,55.49903798412835,55.60695218720147,55.627567187483315,55.703865327085836,55.73251002198359
865.0,18.44180633147114,18.44180633147114,0.10646035584481181,-1,55.69788392019725,55.492623496274824,0.4105208477644311,55.0,,,55.28736307243282,55.33808471771549,55.37691191508112,55.495818002232404,55.492623496225114,55.52047819495292,55.6083350774378,55.607233743062295,55.69788392019725,55.614388225951735
866.0,18.691759776536312,18.691759776536312,0.10973193406810416,-1,55.69149738770452,55.500319232050934,0.38235631122875446,55.0,,,55.30914107647577,55.35570315261388,55.391373907372994,55.49953494096141,55.50031923200247,55.53954856037963,55.609264556698925,55.63624919386219,55.69149738770452,55.71333900468246
867.0,18.810544692737437,18.810544692737437,0.10904124439083701,-1,55.68411459863008,55.507252847047106,0.3537235030894905,55.0,,,55.33039109554059,55.3712462256298,55.405261414773754,55.4898883421884,55.507252846999855,55.533239023374705,55.60924427929126,55.61363728213529,55.68411459863008,55.63439393180186
868.0,18.94953445065177,18.94953445065177,0.10781646610342835,-1,55.67784070786281,55.51505912424501,0.32556316716105727,55.0,,,55.352277540701756,55.36073312410279,55.41997080049745,55.41544458863081,55.51505912419894,55.516975736345664,55.6101474479641,55.60052134069234,55.67784070786281,55.612837884990356
869.0,19.10791433891993,19.10791433891993,0.11091367423259023,-1,55.67311560105836,55.524119185310646,0.2979928314227749,55.0,,,55.37512276963559,55.40589426963912,55.43584975275472,55.49105484495017,55.52411918526572,55.54193618856599,55.61238861783879,55.6099321946456,55.67311560105836,55.61572344606599
870.0,19.26629422718808,19.26629422718808,0.11249089079014289,-1,55.667118439456274,55.532123897128464,0.26998908458475057,55.0,,,55.397129354871524,55.40831982836451,55.45084232742613,55.45648251977581,55.532123897084674,55.54597447001109,55.61340546680374,55.62549021481115,55.667118439456274,55.68070701072495
871.0,19.42467411545624,19.42467411545624,0.11408980146247295,-1,55.66087463030452,55.5399177134611,0.2419138336177511,55.0,,,55.41896079668677,55.436437316394965,55.46570030993579,55.48779946224213,55.53991771341841,55.55655139276583,55.614135116960036,55.624933984116915,55.66087463030452,55.66408736024895
872.0,19.5830540037244,19.5830540037244,0.11478265290553799,-1,55.6543717989845,55.54749040735312,0.21376278319542763,55.0,,,55.44060901578907,55.46669205719299,55.480412161619014,55.52167955952369,55.54749040731149,55.56215279521659,55.6145686530615,55.61062772793048,55.6543717989845,55.59938368747551
873.0,19.764082867783987,19.764082867783987,0.11575857010825702,-1,55.648219434217815,55.555345585117756,0.18574769813447034,55.0,,,55.462471736083344,55.48834261727944,55.49542599365882,55.533871147923826,55.555345585077184,55.56736712918308,55.61526517655162,55.60530519408106,55.648219434217815,55.57563372590968
874.0,19.93240223463688,19.93240223463688,0.11504878762425572,-1,55.64232593878822,55.56342567924264,0.15780051902716252,55.0,,,55.484525419761056,55.48202190913851,55.51069872821166,55.4729016735869,55.563425679203085,55.55485182695779,55.616152630249175,55.59532453232753,55.64232593878822,55.561635387237594
875.0,20.070414338919925,20.070414338919925,0.12198825778992979,-1,55.63776606994237,55.572610945835585,0.13031024815118286,55.0,,,55.50745582179119,55.555100232121404,55.52701052103041,55.62878415115447,55.57261094579703,55.610028243747024,55.61821137061693,55.6365921885429,55.63776606994237,55.64987813677396
876.0,20.30325884543761,20.30325884543761,0.1205306346445682,-1,55.62928002875898,55.57852830614816,0.10150344516084431,55.0,,,55.52777658359813,55.537453875080615,55.54043079565669,55.537501248975325,55.57852830611057,55.589142313094285,55.616625816616384,55.62258191944837,55.62928002875898,55.63327715613953
877.0,20.458216945996277,20.458216945996277,0.12241002324864904,-1,55.62292421924604,55.58625678889159,0.07333486064961647,55.0,,,55.54958935859642,55.55884160722439,55.555548125226366,55.55362395868536,55.58625678885496,55.599093654109325,55.61696545253418,55.62877568296831,55.62292421924604,55.64725272935342
878.0,20.555819366852887,20.555819366852887,0.12474826151619824,-1,55.61684490934679,55.59360278724362,0.04648424422840236,55.0,,,55.57108881208748,55.57926848870582,55.570360665118386,55.56890477604901,55.593602787207914,55.61133011886399,55.61684490934679,55.64128087294119,55.61611676245753,55.6839813409662
879.0,20.69171322160149,20.69171322160149,0.1268638260360091,-1,55.61573505369439,55.600061333944424,0.03134743952141861,55.0,,,55.591821326624235,55.61148662971296,55.58438761417297,55.61404664437787,55.60006133390963,55.625012423837774,55.61573505369439,55.642746726779436,55.60830134132094,55.671686403618644
880.0,20.824022346368725,20.824022346368725,0.12619685399202363,-1,55.613945916678325,55.60592728496222,0.01603726345317824,55.0,,,55.61205425105585,55.621555539074585,55.59790865322515,55.59682142647886,55.6059272849283,55.615840158088965,55.613945916678325,55.620991041298375,55.59980031892346,55.6009020720939
881.0,20.99494878957169,20.99494878957169,0.1307497835984905,-1,55.633000083247374,55.61273173330115,0.04053669983895958,55.0,,,55.633000083247374,55.67928241129753,55.612293489998166,55.71095696365736,55.6127317332681,55.651267582105,55.61316997658372,55.6379549341372,55.592463383408415,55.62164745443189
882.0,21.093202979515823,21.093202979515823,0.127968640000038,-1,55.6525272064658,55.617746635601385,0.0695611416767008,55.0,,,55.6525272064658,55.66161113672739,55.62511091693677,55.61740567514864,55.617746635569176,55.62180844790056,55.610382354246106,55.60502252600016,55.5829660647891,55.541209815854295
883.0,21.25500465549348,21.25500465549348,0.1314333662655199,-1,55.673554428653574,55.62472788003571,0.09765309718493853,55.0,,,55.673554428653574,55.68477694525678,55.63969649130324,55.64343306657415,55.624727880004315,55.64125738302397,55.60975926874878,55.62918639258609,55.575901331468636,55.62027275529817
884.0,21.456890130353827,21.456890130353827,0.1354769992331603,-1,55.69360423213358,55.630484947738715,0.1262385687402343,55.0,,,55.69360423213358,55.71562157758732,55.65321410468692,55.69092716504009,55.63048494770812,55.66567859645258,55.60775579077161,55.65549170999018,55.567365663393346,55.69860595081136
885.0,21.69820763500931,21.69820763500931,0.13554379729715363,-1,55.71259948811737,55.63487981286372,0.1554393504590621,55.0,,,55.71259948811737,55.73186275895044,55.665555772614546,55.69245428201932,55.63487981283391,55.66179706411756,55.60420385309448,55.63805928057872,55.55716013765831,55.63743831076489
886.0,21.848929236499075,21.848929236499075,0.13803109248293435,-1,55.73248106322112,55.64030553602297,0.18435105434931387,55.0,,,55.73248106322112,55.7666903089339,55.67888747745057,55.745334881991496,55.64030553599392,55.67781442169436,55.60172359457742,55.64092943078494,55.54813000887181,55.63050720963534
887.0,22.04690409683426,22.04690409683426,0.1384754325245857,-1,55.7517703144858,55.645010229869705,0.2135201691864097,55.0,,,55.7517703144858,55.78230518356007,55.6915923728004,55.74436069147607,55.645010229841404,55.676235510802336,55.59842808692154,55.62856583848164,55.53825014529939,55.58982496425488
888.0,22.214897579143397,22.214897579143397,0.13866566553443313,-1,55.77158885896336,55.65034625020297,0.24248521747617247,55.0,,,55.77158885896336,55.81261753112806,55.704906282416005,55.779475885211816,55.650346250175396,55.67735877800758,55.595786217972915,55.603628899712156,55.52910364148719,55.49191535681583
889.0,22.3125,22.3125,0.14008739227839362,-1,55.791916280378906,55.65632015380313,0.27119225310809725,55.0,,,55.791916280378906,55.8429937323235,55.718820548159115,55.815896071286886,55.65632015377626,55.68622308378546,55.59381975943055,55.59475280004199,55.52072402727081,55.45293884015895
890.0,22.49906890130354,22.49906890130354,0.13930706877725224,-1,55.811886994306434,55.66192778816568,0.2999184122391725,55.0,,,55.811886994306434,55.82105159925115,55.732398721445314,55.71538846491876,55.661927788139494,55.66750190787593,55.59145685486988,55.58982221830923,55.51196858206726,55.47793298048762
891.0,22.675861266294238,22.675861266294238,0.14119278275739036,-1,55.83288752133102,55.66880017680502,0.3281746890107371,55.0,,,55.83288752133102,55.84204357275463,55.747148231787314,55.73304644912142,55.668800176779506,55.67632099987495,55.59045212180698,55.59327811586226,55.50471283232028,55.48795995475835
892.0,22.84841713221602,22.84841713221602,0.14361548956150472,-1,55.85368692666196,55.67540836735061,0.3565571185825078,55.0,,,55.85368692666196,55.8614590663741,55.7616873552055,55.74811852307652,55.67540836732575,55.68772036578651,55.58912937948037,55.60454752252482,55.49712980807945,55.52670186544679
893.0,22.97437150837988,22.97437150837988,0.14340937950767227,-1,55.87402732377137,55.68143682513333,0.38518099723690824,55.0,,,55.87402732377137,55.86743250878771,55.77572862429367,55.72377518465667,55.681436825109124,55.679524321528845,55.58714502595806,55.589612396548034,55.488846326534464,55.48505872116311
894.0,23.106843575419,23.106843575419,0.14395705557309996,-1,55.89487051505404,55.688138630450524,0.41346376916887095,55.0,,,55.89487051505404,55.89837219565853,55.790378822790316,55.7651768310347,55.688138630426934,55.68285975408015,55.58589843809617,55.56877383659244,55.48140674588517,55.39953896944142
895.0,23.29096834264432,23.29096834264432,0.1467975851627423,-1,55.91591093861715,55.69512325402508,0.4415753691469746,55.0,,,55.91591093861715,55.939117644920486,55.805288312405885,55.83501996762347,55.6951232540021,55.70276736148487,55.584958195630094,55.5714597761659,55.47433556947018,55.3907662514661
896.0,23.407635009310987,23.407635009310987,0.14782584860666032,-1,55.93636146878145,55.701352164368586,0.4700186087895375,55.0,,,55.93636146878145,55.93975750189064,55.819543054194554,55.79747841806628,55.70135216434619,55.70069065011612,55.58316127452879,55.575447175620546,55.46634285999191,55.42555987321026
897.0,23.59827746741156,23.59827746741156,0.1502022374174905,-1,55.95672330394786,55.70752729664321,0.49839201457404414,55.0,,,55.95672330394786,55.97469091054561,55.83374441219671,55.85252961267217,55.7075272966214,55.71579697719978,55.581310181076255,55.575183205146296,55.45833128937382,55.41136368553314
898.0,23.6963687150838,23.6963687150838,0.151372206844311,-1,55.976735629198075,55.713241350871876,0.5269885566180434,55.0,,,55.976735629198075,55.96399308389108,55.84755730814636,55.787714518219516,55.71324135085064,55.710980063991684,55.5789253935843,55.587855688633454,55.44974707258003,55.48654368553718
899.0,23.794134078212284,23.794134078212284,0.1526023756306197,-1,55.99651116335011,55.71874018093972,0.5555419647873165,55.0,,,55.99651116335011,55.98626075928937,55.86116071102675,55.8108402865998,55.71874018091903,55.71522506731835,55.57631965083993,55.5803047433127,55.44096919856279,55.45588254532019
900.0,23.91992551210428,23.91992551210428,0.1553403824151314,1,56.01602233377696,55.72398992063813,0.5840648262450614,55.0,,,56.01602233377696,56.02289016960333,55.8745230285597,55.87380556132769,55.72398992061798,55.73234367203072,55.57345681270414,55.58290190620347,55.4319575075319,55.449351757455496
901.0,23.975814711359405,23.975814711359405,0.15746576547315083,1,55.99929584423503,55.72828180815704,0.5420280721242392,55.0,,,55.99929584423503,56.00669510989635,55.86930227620907,55.872237711347374,55.72828180813741,55.74082574259792,55.5872613400929,55.605631205122215,55.45726777211079,55.50513185739545
902.0,23.985102420856613,23.985102420856613,0.15616833921188986,1,55.98163513854414,55.73163480161419,0.5000006738289926,55.0,,,55.98163513854414,55.967135135397186,55.86301436218888,55.80454228307058,55.73163480159507,55.722381408846594,55.6002552410277,55.59817826233779,55.48163446471515,55.475517538083594
903.0,23.985102420856613,23.985102420856613,0.15796287474929138,1,55.96514341209171,55.735743466842486,0.4587998904683275,55.0,,,55.96514341209171,55.94038444341079,55.85756437426558,55.77736279497083,55.73574346682388,55.72554004825355,55.613922559407925,55.62320078151832,55.506343521623386,55.55009521066362
904.0,23.985102420856613,23.985102420856613,0.16187344166185633,1,55.94767399077393,55.73883711038782,0.4176737607428791,55.0,,,55.94767399077393,55.96081099343565,55.8510004102727,55.87784929568607,55.738837110369694,55.753920086509495,55.626673810491766,55.64521919617746,55.53000023003105,55.56918453740315
905.0,23.985102420856613,23.985102420856613,0.16293526926648055,1,55.92779776317393,55.73973826547061,0.3761189953780715,55.0,,,55.92779776317393,55.927002686710416,55.842024149117734,55.832014550717226,55.73973826545296,55.750192163399745,55.637452381812594,55.66339502801026,55.551678767795856,55.6290127160872
906.0,23.985102420856613,23.985102420856613,0.16437093426246163,1,55.90745223945556,55.74004379291836,0.3348168930465789,55.0,,,55.90745223945556,55.90891631819989,55.83240732541662,55.82971275159217,55.74004379290117,55.75268155382901,55.6476802604095,55.67620542145761,55.57263534640898,55.6540282427628
907.0,23.985102420856613,23.985102420856613,0.16686379798966586,1,55.886384608429594,55.73954716851991,0.2936748797922917,55.0,,,55.886384608429594,55.89850180090623,55.8219255109962,55.85019944605974,55.739547168503165,55.76326864656716,55.65716882603328,55.697421646589454,55.5927097286373,55.70290158476879
908.0,23.992271880819366,23.992271880819366,0.16571811221060098,1,55.86388257439886,55.73766136229871,0.25244242417393536,55.0,,,55.86388257439886,55.8621671741254,55.80993372648711,55.79679344966836,55.7376613622824,55.74507984231811,55.66538899810024,55.687191578126345,55.61144015022492,55.664845068305816
909.0,24.017690875232773,24.017690875232773,0.16557532574136163,1,55.84244085899962,55.73645506603627,0.2119715859010327,55.0,,,55.84244085899962,55.81536203066644,55.798718569798105,55.7188637019954,55.7364550660204,55.72974263631625,55.67419156226464,55.69702249841287,55.63046927309859,55.70959191899842
910.0,23.99650837988827,23.99650837988827,0.16640319186345193,1,55.82145901130516,55.73545153508229,0.1720149524207244,55.0,,,55.82145901130516,55.80069915018028,55.78774696890251,55.72799051959178,55.735451535066844,55.72893094300803,55.68315610125254,55.69923238388388,55.649444058884434,55.695356050704035
911.0,23.985102420856613,23.985102420856613,0.1675542654849454,1,55.80005992701732,55.733890756405245,0.13233834119982646,55.0,,,55.80005992701732,55.780930906207395,55.776205135951614,55.72420908002252,55.73389075639019,55.72850467400471,55.691576376849575,55.70852108167045,55.667721585817496,55.71381544528028
912.0,23.985102420856613,23.985102420856613,0.16993650246001452,1,55.77807144114246,55.73164018284823,0.09286251656475741,55.0,,,55.77807144114246,55.78091277047502,55.76394492600706,55.774501042527085,55.73164018283357,55.74069257115453,55.69933543968035,55.720809068549904,55.6852089245777,55.725706028558925
913.0,23.985102420856613,23.985102420856613,0.1684477162417063,1,55.75471957160739,55.728068952476505,0.05330123823868149,55.0,,,55.75471957160739,55.72419079579934,55.75026760605355,55.66903495701927,55.72806895246224,55.71420423817108,55.705870298890666,55.71845330702263,55.70141833336871,55.740834704482204
914.0,23.985102420856613,23.985102420856613,0.16808649327954212,1,55.73756371576265,55.72534117542559,0.02444508068268192,55.0,,,55.7326133993356,55.688708245107904,55.73756371576265,55.62312567492416,55.72534117541169,55.70012638746253,55.713118635079965,55.717800344944926,55.71806895153806,55.740571953476746
915.0,24.008729050279328,24.008729050279328,0.16924292583443856,1,55.734664657404295,55.72282477558931,0.023679763608086546,55.0,,,55.71098489379621,55.666640313353234,55.725137800157945,55.615839105752926,55.72282477557578,55.698577562027936,55.72051175101233,55.728429815215414,55.734664657404295,55.7686529827121
916.0,24.017690875232773,24.017690875232773,0.1697955450868174,1,55.750645988631526,55.71978307639746,0.06172582444681751,55.0,,,55.68892016418471,55.66074838797368,55.712168360993736,55.64925609931134,55.71978307638429,55.698144213798244,55.72739779179307,55.72073998759768,55.750645988631526,55.71622122164293
917.0,23.985102420856613,23.985102420856613,0.16930693097042343,1,55.7662158344841,55.716486285830385,0.09945909728667601,55.0,,,55.666756737197424,55.630225640982744,55.698962555586704,55.614214527763515,55.71648628581756,55.6848519176172,55.73401001606616,55.715105134721114,55.7662158344841,55.69820140606298
918.0,23.985102420856613,23.985102420856613,0.17167088622514232,1,55.7816462796102,55.71332171557758,0.13664912804502904,55.0,,,55.64499715156517,55.61608300735734,55.68596878369326,55.62817463646102,55.713321715565094,55.69259451609227,55.740674647454206,55.7359987057752,55.7816462796102,55.761486892755656
919.0,23.985102420856613,23.985102420856613,0.17135357712769514,1,55.79582460129566,55.708851059898585,0.17394708277446114,55.0,,,55.621877518521195,55.5804943739799,55.67158912975263,55.581427200240036,55.70885105988643,55.67849728805387,55.74611299003705,55.73547382941454,55.79582460129566,55.7676923279497
920.0,23.985102420856613,23.985102420856613,0.17174094960473235,1,55.80994795629229,55.70457384200442,0.21074822855656805,55.0,,,55.59919972773572,55.559901563363155,55.657476860482106,55.57582678925578,55.704573841992584,55.672710608834414,55.75167082351945,55.73472264770934,55.80994795629229,55.75897882431209
921.0,23.985102420856613,23.985102420856613,0.17306374190579568,1,55.823705692084324,55.70009662818626,0.24721812777747232,55.0,,,55.57648756430685,55.55448757838109,55.64320032251133,55.611166708016874,55.700096628174734,55.67670702726148,55.75699293385408,55.736300388605585,55.823705692084324,55.74589124798659
922.0,23.985102420856613,23.985102420856613,0.17497822066493407,1,55.836684082261684,55.69489909942504,0.2835699656551469,55.0,,,55.55311411660654,55.514987451299966,55.628188596116914,55.55775758779205,55.69489909941381,55.67416819842871,55.76160960272623,55.766991892146976,55.836684082261684,55.87246993172024
923.0,23.999604283054005,23.999604283054005,0.17461531912886027,1,55.848622566098626,55.68865466039127,0.31993581139703764,55.0,,,55.52868675470159,55.50430406583341,55.61208428348367,55.577978096504374,55.688654660380344,55.66652537970031,55.76522503729213,55.74973386046203,55.848622566098626,55.7949781962495
924.0,23.996182495344502,23.996182495344502,0.1756308056297196,1,55.86060885062527,55.68270369702842,0.35581030717650464,55.0,,,55.504798543448764,55.4924816352542,55.5963562011215,55.595347730467566,55.68270369701778,55.666745948487836,55.769051192928764,55.75105491127922,55.86060885062527,55.78977262436622
925.0,24.013617318435752,24.013617318435752,0.1774438220620748,1,55.87194633128547,55.676193867503954,0.3915049275462792,55.0,,,55.48044140373919,55.47687612040051,55.58007684990287,55.60372089325762,55.6761938674936,55.670389181953475,55.772310885098655,55.764866447984566,55.87194633128547,55.83512557515782
926.0,24.017690875232773,24.017690875232773,0.18114436010683888,1,55.882379419077004,55.668781128510055,0.42719658111759884,55.0,,,55.455182837959406,55.47370552910865,55.56286000826039,55.64905355179922,55.66878112849997,55.68819030866819,55.7747022487535,55.794773977761395,55.882379419077004,55.926871246705595
927.0,24.017690875232773,24.017690875232773,0.17873377914869076,1,55.89100508201347,55.65935678146459,0.4632966010818862,55.0,,,55.427708480931585,55.41527418811962,55.54349576626741,55.53755075794213,55.659356781454775,55.65476191981427,55.77521779665571,55.78057150889549,55.89100508201347,55.91067344259093
928.0,24.017690875232773,24.017690875232773,0.17870873370143914,1,55.900541800514006,55.65131021329444,0.4984631744236836,55.0,,,55.40207862609032,55.375189612094886,55.525709780552326,55.48061677577351,55.65131021328488,55.640209985214966,55.77691064603065,55.78631835128449,55.900541800514006,55.948171654881484
929.0,24.017690875232773,24.017690875232773,0.1769189368254373,1,55.90992399281912,55.64330869340446,0.5332305988142778,55.0,,,55.37669339400484,55.32708884871941,55.50803908794152,55.40033159074458,55.643308693395156,55.61315063554604,55.77857829886165,55.77480568796013,55.90992399281912,55.929291824623746
930.0,24.017690875232773,24.017690875232773,0.17741741993294205,-1,55.919944370179195,55.63633303234717,0.5672226756494041,55.0,,,55.35272169452979,55.310559141253606,55.491560615848535,55.40816660068451,55.63633303233812,55.60840504222942,55.78110544884023,55.77323222846922,55.919944370179195,55.916384857724815
931.0,23.985102420856613,23.985102420856613,0.18239536063627584,-1,55.88911863109527,55.62910705654762,0.5200231490810623,55.0,,,55.36909548201421,55.37092641573816,55.49510514563824,55.5402381336038,55.62910705653881,55.63980405890569,55.76310896745155,55.785620452994266,55.88911863109527,55.95458635867142
932.0,23.985102420856613,23.985102420856613,0.18084343277094822,-1,55.855108282848114,55.61899094523905,0.47223467520427675,55.0,,,55.38287360764384,55.3893275324571,55.496050090671,55.546122423344656,55.618990945230465,55.62155014573623,55.74193179980179,55.739465413358666,55.855108282848114,55.82367197231317
933.0,24.00449255121043,24.00449255121043,0.1815919504974932,-1,55.82248971374464,55.609776639347274,0.4254261487812272,55.0,,,55.39706356496341,55.38671203336926,55.49778944819277,55.50136635408092,55.609776639338925,55.61063055359969,55.72176383049662,55.73655254916554,55.82248971374464,55.872275779624985
934.0,23.99129422718808,23.99129422718808,0.18407338777556603,-1,55.78978950002608,55.60027345159858,0.3790320968418541,55.0,,,55.41075740318423,55.42495081691233,55.499265937373146,55.571186215653526,55.60027345159045,55.62130076042942,55.701280965819,55.72979226647761,55.78978950002608,55.86470955034878
935.0,24.01687616387337,24.01687616387337,0.18123819899234642,-1,55.755686528684855,55.58936888870308,0.3326352799507646,55.0,,,55.42305124873409,55.40232875155236,55.49946495849564,55.46880076411995,55.58936888869516,55.583906963714306,55.67927281890562,55.69306464559171,55.755686528684855,55.80794695296307
936.0,23.985102420856613,23.985102420856613,0.18264381980734773,-1,55.72394382694105,55.58020002595295,0.2874876019637611,55.0,,,55.43645622497729,55.43803582548311,55.50120435500455,55.532679288143726,55.580200025945246,55.58806265830599,55.65919569689658,55.67428620702608,55.72394382694105,55.75796807637143
937.0,23.985102420856613,23.985102420856613,0.18289261808586563,-1,55.69142464557901,55.57013924343272,0.24257080428046862,55.0,,,55.44885384129854,55.446673249017195,55.50210386001647,55.52163607583498,55.570139243425224,55.57779236896289,55.63817462684434,55.65745820796948,55.69142464557901,55.74381347694643
938.0,23.985102420856613,23.985102420856613,0.18103218549794287,-1,55.65905591167574,55.55998033829435,0.19815114675098044,55.0,,,55.46090476492476,55.46704105041376,55.50288513311277,55.53844147139992,55.55998033828706,55.559256496232514,55.61707554347144,55.60605380179199,55.65905591167574,55.59170342194635
939.0,23.985102420856613,23.985102420856613,0.18313518941191376,-1,55.62824735014063,55.55089247486874,0.15470975053229807,55.0,,,55.473537599608335,55.48377537589306,55.5045910121254,55.55272112254533,55.55089247486164,55.562574990188615,55.59719393760769,55.60810245536632,55.62824735014063,55.64119931923995
940.0,23.985102420856613,23.985102420856613,0.18347164568200375,-1,55.59633082110378,55.54067543522333,0.11131077174972148,55.0,,,55.485020049354056,55.49112723566807,55.50524947455992,55.54008075389601,55.540675435216414,55.55286159150509,55.57610139588245,55.5931992138039,55.59633082110378,55.63623315455402
941.0,23.995367783985103,23.995367783985103,0.18253608610363078,-1,55.564493522597346,55.530312633672246,0.06836177783932129,55.0,,,55.496131744758024,55.49216739145672,55.505737513272095,55.509692918975865,55.53031263366552,55.53414642508654,55.554887754068226,55.56610110950991,55.564493522597346,55.59153059399979
942.0,24.017690875232773,24.017690875232773,0.18049936403806296,-1,55.534381810205645,55.52055672556821,0.02765016927892816,55.0,,,55.50748321565714,55.46655413508443,55.506731640926716,55.40806975039522,55.52055672556166,55.50154802784068,55.534381810205645,55.5423915893297,55.53363023548987,55.58344662854194
943.0,24.017690875232773,24.017690875232773,0.18358337589550977,-1,55.51961800486522,55.51207044393432,0.015095121851487647,55.0,,,55.51961800486522,55.51349975416597,55.50882960291688,55.51312217487151,55.512070443927946,55.51945380295699,55.515311284947806,55.53856053987519,55.504522883013735,55.57460403989594
944.0,24.017690875232773,24.017690875232773,0.1834558417198624,-1,55.530186185463656,55.50191178267513,0.05654880556699737,55.0,,,55.530186185463656,55.53273502370507,55.50938076650438,55.535563501974046,55.50191178266893,55.511102948630906,55.49444279884204,55.51054295816689,55.47363737989666,55.506985781560275
945.0,24.011987895716945,24.011987895716945,0.18330447036045233,-1,55.54060392954129,55.49186401722378,0.09747982462523197,55.0,,,55.54060392954129,55.52864929738753,55.509981512932015,55.49568166883897,55.49186401721774,55.49593430993554,55.4737465215118,55.49722711795938,55.44312410491606,55.51678049030534
946.0,23.985102420856613,23.985102420856613,0.1842350219880418,-1,55.55085900299657,55.48191317177899,0.13789166242562345,55.0,,,55.55085900299657,55.558870847613754,55.51061454619193,55.55142881583856,55.481913171773115,55.497079088441204,55.4532117973624,55.475971170098944,55.412967340570944,55.46242126675445
947.0,23.985102420856613,23.985102420856613,0.18240172102321017,-1,55.56038048059959,55.47136220739367,0.1780365464025877,55.0,,,55.56038048059959,55.56329486055512,55.51064202866555,55.53167340334956,55.47136220738794,55.47528610433312,55.43208238611822,55.43554087265612,55.382343934197,55.36503925960723
948.0,23.985102420856613,23.985102420856613,0.18247158219743648,-1,55.570514846134465,55.46186560381098,0.21729848463795065,55.0,,,55.570514846134465,55.56461305889363,55.51156080243531,55.50797849240204,55.46186560380541,55.46365868249239,55.41217040518318,55.421966116801734,55.353216361496514,55.369432664240975
949.0,23.985102420856613,23.985102420856613,0.18218733116879782,-1,55.58042712396769,55.452367966949204,0.25611831402819263,55.0,,,55.58042712396769,55.565400732874444,55.51242151809057,55.483994646459834,55.452367966943775,55.44988847069873,55.392314415804464,55.40441939814532,55.324308809939495,55.3577758583935
950.0,23.985102420856613,23.985102420856613,0.18512754145446098,-1,55.590276836636434,55.44306470742252,0.29442425841927644,55.0,,,55.590276836636434,55.6026315953345,55.51339829883758,55.56493103874196,55.44306470741724,55.46511881067691,55.37273111600419,55.40497846500367,55.29585257821716,55.37622021398054
951.0,23.985102420856613,23.985102420856613,0.18297542616940946,-1,55.59864626453807,55.43217655054432,0.3329394279791771,55.0,,,55.59864626453807,55.61308495001241,55.51288957770936,55.56269697358298,55.43217655053918,55.443841957231086,55.35146352337609,55.356922676583196,55.26570683655889,55.24358239759913
952.0,23.985102420856613,23.985102420856613,0.1846177946777927,-1,55.60778521353027,55.42251852115843,0.3705333847355803,55.0,,,55.60778521353027,55.62659766585715,55.51342570769968,55.57561974608718,55.42251852115343,55.44523300559235,55.331611334614074,55.355940831020625,55.23725182879469,55.282537491649386
953.0,23.985102420856613,23.985102420856613,0.18468293216164944,-1,55.61602229790981,55.4119936984945,0.40805719882273905,55.0,,,55.61602229790981,55.631743906607404,55.51311883787945,55.56418218709659,55.411993698489624,55.43510965327019,55.31086855910652,55.34000744353014,55.20796509908707,55.27309696590271
954.0,23.985102420856613,23.985102420856613,0.18352186185363803,-1,55.62405744184658,55.401475101283054,0.4451646811193939,55.0,,,55.62405744184658,55.6316331607134,55.512753347625704,55.53740016365868,55.40147510127831,55.41665714567462,55.290196854937456,55.311948955037366,55.17889276072719,55.22294580481405
955.0,23.985102420856613,23.985102420856613,0.1812668869952161,-1,55.63243507447802,55.39163792187501,0.4815943051985485,55.0,,,55.63243507447802,55.63026024180763,55.512936426179195,55.505983914519796,55.3916379218704,55.392067202746595,55.27033941756797,55.27114089347957,55.15084076927947,55.126376794290145
956.0,24.002700186219737,24.002700186219737,0.18134468592514308,-1,55.64164071721228,55.38308104042437,0.517119353568539,55.0,,,55.64164071721228,55.63664360855244,55.5142073050252,55.500454734799256,55.38308104041989,55.383296278083314,55.25195477582078,55.25581357025465,55.124521363643744,55.11595948201445
957.0,24.017690875232773,24.017690875232773,0.18031061223169187,-1,55.65072780034433,55.3745971823398,0.5522612360019608,55.0,,,55.65072780034433,55.647213750171964,55.515485694306406,55.504387012997604,55.374597182335435,55.36975032308494,55.23370867037051,55.22380469856735,55.09846656434237,55.039122841042904
958.0,24.017690875232773,24.017690875232773,0.17956399931840064,-1,55.6601781320018,55.36678551115078,0.5867852416951465,55.0,,,55.6601781320018,55.64631559281645,55.51730999931354,55.477809993757475,55.36678551114653,55.354751367579276,55.21626102298541,55.20321805390675,55.07339289030666,55.01584042235172
959.0,24.017690875232773,24.017690875232773,0.179413453403905,-1,55.669796532537354,55.35941491326095,0.6207632385461253,55.0,,,55.669796532537354,55.64959668473272,55.5194645616762,55.4648757618425,55.3594149132568,55.344478150271506,55.19936526484312,55.18796463277785,55.04903329399123,55.006578641469076
960.0,24.00465549348231,24.00465549348231,0.18059026171332623,1,55.67932160297544,55.35215576005313,0.6543316858380948,55.0,,,55.67932160297544,55.66279564330515,55.52165156582424,55.48207008056958,55.3521557600491,55.34464220146634,55.18265995427953,55.18355405096222,55.02498991713735,55.02631287894507
961.0,23.985102420856613,23.985102420856613,0.18116796444158637,1,55.64692237518847,55.3442171962145,0.6054103579415795,55.0,,,55.64692237518847,55.63305209476568,55.5025580475449,55.47328856958318,55.34421719621057,55.34085919390679,55.18587634488167,55.19308601880179,55.04151201724689,55.06368097233911
962.0,23.985102420856613,23.985102420856613,0.1792863487109818,1,55.614389902330394,55.33590097838409,0.5569778478864365,55.0,,,55.614389902330394,55.59154822548451,55.48306044493731,55.427564908090595,55.33590097838026,55.31982563658911,55.18874151182849,55.17892545438079,55.05741205444396,55.02491581930153
963.0,24.017690875232773,24.017690875232773,0.17961180405583502,1,55.58345840958125,55.328650813879925,0.5096151913966196,55.0,,,55.58345840958125,55.569093215313096,55.46475580042234,55.435192772863005,55.32865081387621,55.316983807807375,55.19254582733521,55.181571375713474,55.07384321818463,55.03070007628747
964.0,24.017690875232773,24.017690875232773,0.1834666612843273,1,55.55278898692266,55.32140240701621,0.4627731598070426,55.0,,,55.55278898692266,55.57429574443466,55.44645066472722,55.521581224479135,55.321402407012584,55.342163176414275,55.196354149302934,55.21187068415547,55.090015827115614,55.11235657385481
965.0,24.017690875232773,24.017690875232773,0.18401508650070064,1,55.51986703326442,55.31206633508108,0.4156013963609624,55.0,,,55.51986703326442,55.56071113455411,55.425849308802086,55.549709622594285,55.31206633507756,55.34319120405879,55.198283361357895,55.211221987942274,55.104265636903456,55.09878253948306
966.0,23.995204841713225,23.995204841713225,0.1817439504064468,1,55.48691226651386,55.30246648761956,0.36889155778302296,55.0,,,55.48691226651386,55.49431533928222,55.40497914325374,55.42904951988411,55.302466487616144,55.31267084161454,55.19995383198327,55.20861492545697,55.11802070873084,55.1303318385072
967.0,23.985102420856613,23.985102420856613,0.17982788163926247,1,55.45569593410892,55.294045538123726,0.32330079196496797,55.0,,,55.45569593410892,55.42825381179997,55.38545411526136,55.31195948536022,55.29404553812039,55.283995437382345,55.20263696098402,55.211458179491494,55.13239514214395,55.17841317077294
968.0,23.985102420856613,23.985102420856613,0.17944118421131133,1,55.42602303445148,55.286661152660955,0.27872376357581174,55.0,,,55.42602303445148,55.40537872361644,55.36711290451423,55.3149539880356,55.28666115265769,55.27672846098088,55.20620940080564,55.20709662784793,55.14729927087567,55.15530505383367
969.0,23.985102420856613,23.985102420856613,0.17831003338927068,1,55.39690898762052,55.279517524693176,0.23478292584955085,55.0,,,55.39690898762052,55.36361227079535,55.34907182410185,55.26373077989597,55.27951752469002,55.259794073270534,55.20996322528255,55.205706454177225,55.16212606177097,55.162950985730255
970.0,24.0030260707635,24.0030260707635,0.17691325942116776,1,55.36884161554481,55.27302154188069,0.1916401473232625,55.0,,,55.36884161554481,55.34116913795629,55.331784184168185,55.26290342925409,55.27302154187761,55.24733411519815,55.214258899591265,55.18913774523052,55.17720146822155,55.09578077801201
971.0,23.99276070763501,23.99276070763501,0.1760688721606169,1,55.342070753701584,55.26739962068719,0.14934226602392897,55.0,,,55.342070753701584,55.303694430828564,55.315494014884635,55.219685283826095,55.2673996206842,55.23371116355815,55.21930522648788,55.18989341215833,55.192728487677655,55.109499586431
972.0,23.985102420856613,23.985102420856613,0.17705613512728663,1,55.316086727325505,55.26221379211029,0.1077458704256955,55.0,,,55.316086727325505,55.29131561056297,55.299733030305894,55.24670805417609,55.26221379210738,55.23783559989851,55.224694553912876,55.19845449984661,55.20834085689981,55.127341202095955
973.0,24.017690875232773,24.017690875232773,0.17730693440007575,1,55.28967950247805,55.25647136106587,0.06641628281975898,55.0,,,55.28967950247805,55.2745601953684,55.283404564435706,55.25886282612741,55.256471361063035,55.236595523498025,55.229538157694265,55.20035332308774,55.22326321965829,55.125925624459036
974.0,24.017690875232773,24.017690875232773,0.175809553203504,1,55.26714768963862,55.25076594067163,0.03276349793570432,55.0,,,55.26352521225204,55.22623788954081,55.26714768963862,55.18130152337648,55.25076594066887,55.21619991802756,55.234384191702915,55.200497383582174,55.238006669095704,55.14903536235379
975.0,24.017690875232773,24.017690875232773,0.1757084241165523,1,55.25317948728039,55.24590205993316,0.014554854690089769,55.0,,,55.2386246325903,55.18847686046505,55.251869616510874,55.13541980567479,55.24590205993047,55.20663894007334,55.239934503353766,55.21252051459786,55.25317948728039,55.2037422181261
976.0,24.017690875232773,24.017690875232773,0.1750884712622741,1,55.268180413768036,55.24111206851241,0.054136690506993546,55.0,,,55.21404372326104,55.169345492153965,55.23672395783616,55.13878522477803,55.24111206850979,55.1997615842148,55.24550017918702,55.20632326700587,55.268180413768036,55.171690288704525
977.0,24.017690875232773,24.017690875232773,0.17599589573947813,1,55.283238257922136,55.236679536237986,0.09311744336413597,55.0,,,55.190120814558,55.13874677057264,55.2220256559169,55.112337280984725,55.23667953623544,55.198012594043114,55.25133341655749,55.22737217295252,55.283238257922136,55.25267511629552
978.0,24.017690875232773,24.017690875232773,0.17689830997420314,1,55.297693733665675,55.231767431255264,0.1318526048167712,55.0,,,55.1658411288489,55.144117070569976,55.20685244248184,55.18258037665082,55.231767431252784,55.20699891675828,55.25668242002715,55.225318458692286,55.297693733665675,55.21215621502549
979.0,24.017690875232773,24.017690875232773,0.17928586119192302,1,55.311552672829315,55.22638050925575,0.17034432714319792,55.0,,,55.14120834568612,55.15188031923925,55.19121160323133,55.25821811723322,55.22638050925333,55.22520192039251,55.261549415278665,55.240471728450174,55.311552672829315,55.23663182405657
980.0,24.017690875232773,24.017690875232773,0.18142103449117142,1,55.32417317845797,55.219708683725244,0.20892898946162575,55.0,,,55.11524418899634,55.14205875088778,55.174211646029676,55.28421704540102,55.21970868372289,55.236642404765846,55.26520572141935,55.26319438687118,55.32417317845797,55.307668335671615
981.0,24.017690875232773,24.017690875232773,0.17885529267273254,1,55.33566891359693,55.21189554803128,0.24754673112757786,55.0,,,55.088122182469355,55.07758995251411,55.15601333189731,55.1552097050831,55.21189554802899,55.20522556268957,55.26777776416383,55.26069064988239,55.33566891359693,55.33728618411195
982.0,23.985102420856613,23.985102420856613,0.18075964218706092,1,55.34808955089035,55.20551536848942,0.28514836479823913,55.0,,,55.06294118609211,55.08193776852383,55.13945602614637,55.220640099883745,55.205515368487184,55.21931892333596,55.27157471083108,55.27219310437443,55.34808955089035,55.349281766308664
983.0,23.985102420856613,23.985102420856613,0.18106718870541874,1,55.35933903174147,55.19796719376543,0.32274367594855846,55.0,,,55.03659535579291,55.062529722087035,55.12168988471525,55.21746112359438,55.197967193763255,55.21736812301576,55.274244502814255,55.27802611813016,55.35933903174147,55.36560950515006
984.0,23.985102420856613,23.985102420856613,0.180868913352407,1,55.370269661803015,55.1902806357842,0.35997805203419375,55.0,,,55.01029160976882,55.026773067453725,55.10383530974016,55.168995543809714,55.19028063578209,55.207600468942104,55.276725961826926,55.28805520901067,55.370269661803015,55.413163670038614
985.0,23.985102420856613,23.985102420856613,0.1809298439451167,1,55.38110518614662,55.182732540938176,0.39674529041356976,55.0,,,54.98435989573305,55.01567681248206,55.086198297638425,55.18764610569123,55.18273254093611,55.206635857828495,55.27926678423663,55.285898718127285,55.38110518614662,55.39052215468902
986.0,23.985102420856613,23.985102420856613,0.18160253193084067,1,55.39173555182311,55.175180806816556,0.433109490009862,55.0,,,54.95862606181325,54.99419700628893,55.068623348650384,55.1777191512255,55.17518080681455,55.20601762362095,55.281738264981485,55.298332418706465,55.39173555182311,55.433487487818326
987.0,23.985102420856613,23.985102420856613,0.17878744160387622,1,55.401896800812054,55.16729162465138,0.46921035231819275,55.0,,,54.93268644849386,54.939332787365636,55.050744108762046,55.07190251101217,55.16729162464943,55.17583916156427,55.283839140539506,55.28773956899791,55.401896800812054,55.422867416797864
988.0,23.985102420856613,23.985102420856613,0.17890026573401047,1,55.41311488972535,55.16096928125239,0.5042912169428391,55.0,,,54.90882367278251,54.924083263962494,55.03465612264212,55.07829079606969,55.160969281250495,55.17393012964572,55.2872824398615,55.29015532817291,55.41311488972535,55.42068934064718
989.0,23.985102420856613,23.985102420856613,0.18105496182256475,1,55.42411264377203,55.154609931384094,0.5390054247728884,55.0,,,54.88510721899914,54.93077881356842,55.01859556782197,55.14578768918533,55.15460993138224,55.190071285194016,55.29062429494507,55.304645523121074,55.42411264377203,55.44310809439998
990.0,23.985102420856613,23.985102420856613,0.179196796086444,-1,55.434000329861064,55.14710038581327,0.5737998880926867,55.0,,,54.86020044176838,54.87978041928833,55.00133956103033,55.04941807680477,55.14710038581146,55.166468334432814,55.2928612105951,55.30447535452989,55.434000329861064,55.468572038252276
991.0,23.985102420856613,23.985102420856613,0.17666005088205505,-1,55.40366904922849,55.140633239422094,0.5260716196099722,55.0,,,54.87759742961852,54.89567258783812,55.00573230659178,55.04290978351018,55.14063323942033,55.14698092807591,55.27553417225132,55.259280190403615,55.40366904922849,55.33541992285237
992.0,23.985102420856613,23.985102420856613,0.17643520471878293,-1,55.37535518412412,55.13557367623402,0.4795630157774511,55.0,,,54.89579216834667,54.91238134967912,55.01137345872316,55.04287421692179,55.135573676232305,55.14120105191797,55.25977389374382,55.243516944465064,55.37535518412412,55.31140013058682
993.0,23.985102420856613,23.985102420856613,0.17709430100634407,-1,55.34750506999659,55.13065601955047,0.4336981008895435,55.0,,,54.91380696910705,54.92392319970874,55.01713240903333,55.03182953189624,55.130656019548816,55.1388382157564,55.24417963006662,55.24243662621238,55.34750506999659,55.345591821665494
994.0,23.985102420856613,23.985102420856613,0.17838413081644353,-1,55.319525292419776,55.12539815328656,0.3882542782638083,55.0,,,54.93127101415597,54.94875739697231,55.02257532930881,55.05957427348514,55.12539815328495,55.14386799282236,55.22822097726334,55.24081459621623,55.319525292419776,55.36271262545783
995.0,23.985102420856613,23.985102420856613,0.1782021429459363,-1,55.290995201714914,55.119458013478166,0.34307437647095895,55.0,,,54.947920825243955,54.97012400200835,55.027392881508895,55.07558669017085,55.11945801347659,55.139651129830284,55.21152314544648,55.22229459250866,55.290995201714914,55.32054374392436
996.0,24.01312849162011,24.01312849162011,0.1784809745251914,-1,55.26289013849106,55.11363996559531,0.29850034578903006,55.0,,,54.96438979270203,54.99890588725485,55.032297722266094,55.112302031309895,55.11363996559378,55.14048095682735,55.19498220892359,55.204849315263864,55.26289013849106,55.275737030461435
997.0,23.985102420856613,23.985102420856613,0.1780507628731786,-1,55.23502988301618,55.107823576201724,0.25441261362651346,55.0,,,54.98061726938967,55.004909992885956,55.037192900001514,55.086010109776616,55.107823576200225,55.13068282860492,55.17845425240102,55.19292721063931,55.23502988301618,55.273969075193094
998.0,23.9665270018622,23.9665270018622,0.17712054257435733,-1,55.20761684492726,55.10213291928808,0.2109678512760027,55.0,,,54.996648993651256,55.02582077309246,55.04215727430605,55.1006779034938,55.10213291928663,55.12271106095353,55.16210856426924,55.16508544716199,55.20761684492726,55.19762638705768
999.0,23.95251396648045,23.95251396648045,0.17571895265640233,-1,55.18101885636639,55.09688366187597,0.16827038897856283,55.0,,,55.01274846738783,55.01411644499941,55.04747435465089,55.027269198221184,55.09688366187456,55.102530173045,55.146292969100195,55.15227694907315,55.18101885636639,55.20894156159846
1000.0,23.919925512104285,23.919925512104285,0.1746004957090871,-1,55.155559389461985,55.0923516442886,0.12641549034454158,55.0,,,55.02914389911744,55.0110516656563,55.05339015300013,54.98130909701686,55.09235164428723,55.086570007822964,55.13131313557624,55.13801372947337,55.155559389461985,55.202634609926186
1001.0,23.88033054003725,23.88033054003725,0.1768080957018632,-1,55.13095421448699,55.08829316921017,0.08532209055147888,55.0,,,55.04563212393551,55.03899970534613,55.059675425909994,55.02736782312931,55.08829316920883,55.0985143559871,55.11691091250953,55.146594464075505,55.13095421448699,55.248354632789194
1002.0,23.82672253258845,23.82672253258845,0.17319914243854623,-1,55.10497061443563,55.08286485547113,0.044211517926896704,55.0,,,55.06075909650873,55.035751857475475,55.0646765627116,54.97889847510136,55.08286485546983,55.06862716923617,55.101053148229866,55.10023916590173,55.10497061443563,55.12186768235035
1003.0,23.747532588454376,23.747532588454376,0.17452104111886438,-1,55.08718083540147,55.07916977596401,0.016022118875682168,55.0,,,55.076961102515895,55.077508560727104,55.07115871652579,55.06131202677135,55.07916977596275,55.08039291620612,55.08718083540147,55.08855936974063,55.08137844941419,55.08049981197148
1004.0,23.6122905027933,23.6122905027933,0.17237424373478585,-1,55.09200637894566,55.074401368891905,0.03521002010551655,55.0,,,55.09200637894566,55.08283777623044,55.07659735643866,55.03785425982982,55.07440136889067,55.06200443962372,55.072205381344396,55.055246774114224,55.056796358840145,54.99785485532342
1005.0,23.526419925512105,23.526419925512105,0.17642329569740645,-1,55.10713167823034,55.0701895597547,0.07388423694933266,55.0,,,55.10713167823034,55.11628733392869,55.082421764506854,55.10342121207561,55.070189559753494,55.086664476983294,55.05795735500181,55.08317799395661,55.033247441281006,55.11427136382772
1006.0,23.477374301675976,23.477374301675976,0.1763377892782427,-1,55.119907775551965,55.063394967146735,0.11302561680856371,55.0,,,55.119907775551965,55.13032809985705,55.0858435376938,55.10999844490562,55.06339496714556,55.08188471316659,55.040946396598954,55.06966770398365,55.0068821587434,55.0960053177929
1007.0,23.414641527001866,23.414641527001866,0.17386214514146012,-1,55.13229121906749,55.056445716086,0.1516910059611476,55.0,,,55.13229121906749,55.14835811428545,55.0890525385966,55.12303486882831,55.05644571608485,55.06525920293333,55.023838893574684,55.02290719772384,54.98060021310634,54.95168346960048
1008.0,23.35158286778399,23.35158286778399,0.17251942875793422,-1,55.14525296729354,55.05057743959865,0.1893510553879736,55.0,,,55.14525296729354,55.15112678549987,55.09314808473406,55.096537216907905,55.05057743959754,55.050914508682276,55.00800679446255,55.00071230082321,54.95590191190556,54.91520501423637
1009.0,23.272392923649907,23.272392923649907,0.16991346555052597,-1,55.1583077393967,55.04516899643055,0.2262774859305452,55.0,,,55.1583077393967,55.15606397594575,55.09757253088668,55.074889296692724,55.04516899642947,55.03045625126382,54.99276546197375,54.96118772037961,54.93203025346615,54.81200005490122
1010.0,23.128026070763504,23.128026070763504,0.16933093811534786,-1,55.17193058273816,55.04083004722143,0.26220107103178236,55.0,,,55.17193058273816,55.16328405917519,55.10286429970319,55.06400734901909,55.04083004722037,55.022352450241144,54.97879579473899,54.94647571239642,54.90972951170638,54.798533556137485
1011.0,23.06073091247672,23.06073091247672,0.17079320804403209,-1,55.18495294628131,55.036158254317115,0.2975893839267201,55.0,,,55.18495294628131,55.18848262356802,55.107733948468464,55.10711092226602,55.03615825431609,55.030971058593714,54.964582560165134,54.94620953695495,54.88736356235459,54.820501163459845
1012.0,23.00223463687151,23.00223463687151,0.17061123905482647,-1,55.19685277502831,55.030400645598775,0.3329042588574538,55.0,,,55.19685277502831,55.190744606349085,55.11154101962877,55.085959658171106,55.03040064559778,55.02333332182101,54.949260271568164,54.93926234760963,54.86394851617086,54.83983178088447
1013.0,22.94895251396648,22.94895251396648,0.17228243478650937,-1,55.20838574536462,55.02449444734117,0.3677825960453305,55.0,,,55.20838574536462,55.22284922507334,55.115129834882005,55.14994520064991,55.0244944473402,55.03496692723719,54.93385905979973,54.93693078429811,54.84060314931929,54.845430724687866
1014.0,22.875791433892,22.875791433892,0.17272006191870914,-1,55.218778615013484,55.017459120897854,0.4026389882297181,55.0,,,55.218778615013484,55.24878698534233,55.117620904003566,55.19396203291555,55.017459120896916,55.037842932512824,54.91729733779156,54.922279988890416,54.816139626783766,54.81289359426339
1015.0,22.73207635009311,22.73207635009311,0.17276498461940124,-1,55.228478385600816,55.00987746659295,0.4372018380142322,55.0,,,55.228478385600816,55.27730757397225,55.1195273629891,55.24328118946833,55.00987746659204,55.03944869776841,54.90022757019623,54.90063924135164,54.791276547586584,54.7537567304043
1016.0,22.667225325884544,22.667225325884544,0.17378302902207016,-1,55.23733708991994,55.0016424330327,0.47138931377302384,55.0,,,55.23733708991994,55.28389577532212,55.12071951776548,55.23565058464623,55.00164243303181,55.039831178668685,54.88256534829936,54.905144137927834,54.765947776146916,54.81416646785209
1017.0,22.627630353817505,22.627630353817505,0.1706196456221269,-1,55.24529987504233,54.992590436043486,0.5054188779962772,55.0,,,55.24529987504233,55.26320618093145,55.121085880137976,55.14941013330708,54.99259043604261,55.008459003441864,54.864094991948434,54.87353759570874,54.73988099704605,54.76532619000739
1018.0,22.531331471135942,22.531331471135942,0.16916910538808008,-1,55.25429782374553,54.9851057173968,0.5383842126960801,55.0,,,55.25429782374553,55.25243982721757,55.12278257173227,55.09603871901618,54.98510571739596,54.98992574853512,54.847428863060806,54.858380518537714,54.71591361104945,54.7642195588306
1019.0,22.477723463687152,22.477723463687152,0.16853043418170016,-1,55.263332571619934,54.97799550124971,0.5706741407391149,55.0,,,55.263332571619934,55.2512052791686,55.12471055318258,55.072604633060344,54.977995501248884,54.97882314001975,54.83128044931631,54.84781846617375,54.69265843088082,54.76831285076191
1020.0,22.358938547486037,22.358938547486037,0.1669960602796482,1,55.27225057266101,54.97101323929785,0.6024746667250156,55.0,,,55.27225057266101,55.26954753927535,55.1266672368789,55.10087642123025,54.97101323929705,54.968836439584116,54.81535924171629,54.81338263936275,54.66977590593599,54.664390467081894
1021.0,22.256936685288643,22.256936685288643,0.16380046885853747,1,55.24306288166401,54.96434728192558,0.5574311994755732,55.0,,,55.24306288166401,55.21974629005383,55.10975041629436,55.02570370018298,54.96434728192481,54.94098871963577,54.81894414755632,54.79601515092345,54.685631682188436,54.6229863897515
1022.0,22.20153631284916,22.20153631284916,0.16247074430435038,1,55.21583258321403,54.95897212104775,0.5137209243313237,55.0,,,55.21583258321403,55.18234650692485,55.09432074360444,54.98633101068446,54.958972121047,54.92732958561596,54.82362349849059,54.79552027941756,54.70211165888271,54.63229868702589
1023.0,22.10034916201117,22.10034916201117,0.16510370718041192,1,55.18952015261199,54.95408456522614,0.4708711747705081,55.0,,,55.18952015261199,55.185085385376844,55.079465543236296,55.06065849678843,54.9540845652254,54.94783142360214,54.828703587215514,54.82058985387184,54.71864897784148,54.6966644569471
1024.0,22.07932960893856,22.07932960893856,0.16417748121245523,1,55.161292824119585,54.94733237118,0.4279209058779827,55.0,,,55.161292824119585,55.15965523007619,55.062599170936174,55.051596956697374,54.94733237117929,54.93990148541409,54.83206557142339,54.81745679124673,54.7333719182416,54.68566004019326
1025.0,21.97276536312849,21.97276536312849,0.1646959357199115,1,55.133868796697584,54.94101029218142,0.38571700903118256,55.0,,,55.133868796697584,55.16355596132742,55.046233870363615,55.12108086498739,54.94101029218073,54.94905516418904,54.83578671399879,54.81446180143264,54.7481517876664,54.648029276317864
1026.0,21.89357541899441,21.89357541899441,0.16575782412406162,1,55.10590131272491,54.93394949956307,0.34390362632257165,55.0,,,55.10590131272491,55.15720758545301,55.029118276502786,55.16086635735812,54.933949499562395,54.958257111495435,54.83878072262293,54.824710105538614,54.76199768640234,54.672819346862205
1027.0,21.81438547486033,21.81438547486033,0.16697395976072543,1,55.07715596682925,54.92598320106318,0.302345531531067,55.0,,,55.07715596682925,55.14077185179076,55.011057338738084,55.17268746453965,54.92598320106252,54.96514646272801,54.84090906338786,54.84322465144749,54.774810435298185,54.73853013632627
1028.0,21.767783985102422,21.767783985102422,0.1652210350989663,1,55.04753317518882,54.917032151817736,0.2610020467411118,55.0,,,55.04753317518882,55.09070850935488,54.991966739889484,55.08953482493652,54.9170321518171,54.94507478266726,54.84209756374559,54.845161061190666,54.786531128447706,54.77460639244494
1029.0,21.680935754189957,21.680935754189957,0.16281527471985704,1,55.01913263061936,54.908850860111535,0.22056354101462006,55.0,,,55.01913263061936,55.05343367977098,54.97377902895566,55.04002386864994,54.90885086011091,54.925110308781825,54.84392269126702,54.83133134527055,54.79856908960474,54.73825797840485
1030.0,21.56215083798882,21.56215083798882,0.16161355239056277,1,54.99219052168145,54.901607924958356,0.181165193445203,55.0,,,54.99219052168145,55.00416254483192,54.95670275498053,54.960132496801734,54.90160792495774,54.90823999888494,54.84651309493577,54.841395822990165,54.81102532823625,54.80158486464199
1031.0,21.486708566108007,21.486708566108007,0.16001377817242615,1,54.96576108205741,54.89450685781348,0.14250844848687905,55.0,,,54.96576108205741,54.962661419501956,54.939872543583284,54.90220473114794,54.89450685781289,54.89119656481082,54.8491411720433,54.84185355716814,54.82325263357053,54.81960835798075
1032.0,21.41843575418995,21.41843575418995,0.15852543454287418,1,54.94029238180087,54.887956414374244,0.10467193485230553,55.0,,,54.94029238180087,54.934936657433894,54.923722023665206,54.88111789105885,54.88795641437367,54.87891312429173,54.85219080508291,54.83548197426127,54.83562044694857,54.79857051510934
1033.0,21.339245810055857,21.339245810055857,0.15799801221186663,1,54.915734180720094,54.88192654929297,0.06761526285330177,55.0,,,54.915734180720094,54.910379905925964,54.908216081575105,54.86872550089037,54.881926549292416,54.87305990830986,54.85563701701049,54.839880873228644,54.84811891786679,54.814995294772636
1034.0,21.260055865921785,21.260055865921785,0.1592872405964118,1,54.892731853718665,54.87584845095229,0.033766805533097966,55.0,,,54.89140047616197,54.896876611211574,54.892731853718665,54.888465765481286,54.87584845095174,54.88062832922662,54.85896504818557,54.860731514977296,54.86029642574353,54.881193618582564
1035.0,21.18086592178771,21.18086592178771,0.1606669117068668,1,54.87618776564083,54.86874306499457,0.014889401292862203,55.0,,,54.866099767720975,54.87927974822599,54.87618776564083,54.89734112026331,54.86874306499403,54.88727348825358,54.86129836434797,54.88515686698029,54.87138636226904,54.963754852926215
1036.0,21.10167597765364,21.10167597765364,0.16025707362265088,1,54.88135539515475,54.86056604105405,0.04157870820053944,55.0,,,54.83977668695421,54.854517143942964,54.85853699251036,54.884060922647535,54.860566041053524,54.88156283764013,54.862595089597406,54.89097918916502,54.88135539515475,54.98391646831219
1037.0,21.022486033519545,21.022486033519545,0.1575073141711842,1,54.89096975012545,54.85228638737821,0.07736672549365409,55.0,,,54.813603024631796,54.82977433392717,54.840853137424304,54.865427873446436,54.85228638737769,54.86285173596405,54.863719637331776,54.86687403052286,54.89096975012545,54.89505585449322
1038.0,20.97588454376164,20.97588454376164,0.1587036428800561,1,54.901229968086284,54.845165307379986,0.11212932141176424,55.0,,,54.78910064667452,54.81301146107062,54.824531673682976,54.872822859268446,54.84516530737949,54.86885309070388,54.86579894107669,54.888990879705084,54.901229968086284,54.97063973446747
1039.0,20.87160148975792,20.87160148975792,0.15856713535183958,1,54.91060500088248,54.83721766525122,0.14677467126173838,55.0,,,54.76383032962074,54.79553690485366,54.80736416418681,54.87571945662109,54.83721766525072,54.86703884077117,54.8670711663153,54.89434519691044,54.91060500088248,54.98431209523319
1040.0,20.75232774674116,20.75232774674116,0.15491907554946507,1,54.91941116838955,54.82890905736592,0.18100422204646804,55.0,,,54.73840694634308,54.74559642062473,54.789893477706784,54.78500486731434,54.82890905736545,54.83581444321087,54.867924637024764,54.875418127782666,54.91941116838955,54.94112410515365
1041.0,20.69969739292365,20.69969739292365,0.15379493182534057,1,54.92908393031505,54.82206518008546,0.21403750045841008,55.0,,,54.71504642985664,54.70905536259298,54.774143804079216,54.734755738688264,54.822065180085,54.822774168959384,54.86998655609141,54.88127465328351,54.92908393031505,54.975868347508055
1042.0,20.625558659217877,20.625558659217877,0.15201313082678194,1,54.93884633817257,54.81561687041176,0.24645893552088438,55.0,,,54.69238740265168,54.68772475265112,54.75890381659019,54.72360032472934,54.8156168704113,54.81062290981673,54.87232992423302,54.8694084298,54.93884633817257,54.93003179165821
1043.0,20.51475791433892,20.51475791433892,0.15398345776559783,1,54.94888764456951,54.80982164718391,0.278131994770483,55.0,,,54.67075564979903,54.71183732709734,54.74446818021844,54.837547940420706,54.80982164718346,54.83338185240648,54.87517511414909,54.87699601792231,54.94888764456951,54.91413586650414
1044.0,20.43556797020484,20.43556797020484,0.1514890395598015,1,54.95744915863194,54.802498171487755,0.3099019742876621,55.0,,,54.647547184344276,54.669156011663176,54.728446957334356,54.76259645803879,54.80249817148732,54.81119509789734,54.876549385640885,54.86927189942968,54.95744915863194,54.910316470560026
1045.0,20.35637802607076,20.35637802607076,0.15064038331715632,1,54.96658116210698,54.796192182931875,0.34077795834954117,55.0,,,54.62580320375744,54.64485033521198,54.71363528065646,54.73977748538028,54.79619218293145,54.80371349650294,54.87874908520702,54.871719239047806,54.96658116210698,54.925046084436886
1046.0,20.27718808193669,20.27718808193669,0.14755076313564555,1,54.97558438539603,54.790015490866054,0.3711377890593113,55.0,,,54.60444659633672,54.60441891104508,54.69905354527195,54.66959270117003,54.790015490865635,54.77882177940388,54.88097743645989,54.85598629840785,54.97558438539603,54.88863840544098
1047.0,20.223743016759784,20.223743016759784,0.1463956011172232,1,54.985420305000076,54.785172084389615,0.4004964412202696,55.0,,,54.58492386377981,54.569531236525165,54.68602937013928,54.61742033612618,54.78517208438922,54.76651487411014,54.88431479863971,54.86249887790939,54.985420305000076,54.927960649807325
1048.0,20.09664804469274,20.09664804469274,0.14541944091578707,1,54.99537806008752,54.78073079422986,0.4292945317146888,55.0,,,54.56608352837283,54.54950090076546,54.67352448093061,54.605286818480515,54.78073079422947,54.759598321016874,54.88793710752886,54.8623035153981,54.99537806008752,54.926845154461496
1049.0,20.057053072625692,20.057053072625692,0.14411220693986077,1,55.00506220601342,54.77627230401805,0.45757980399013576,55.0,,,54.547482402023284,54.53226748034852,54.66110974544483,54.59914833827744,54.77627230401767,54.751683958815605,54.891434862591026,54.85616109984562,55.00506220601342,54.902393816530775
1050.0,19.993016759776538,19.993016759776538,0.14361399128200014,1,55.015000971387785,54.77235709047718,0.48528776182060795,55.0,,,54.52971320956718,54.49444046228162,54.64936369321356,54.53863011529163,54.77235709047682,54.74226249189124,54.895350487740586,54.87414467255895,55.015000971387785,54.98605108505478
1051.0,19.94527467411546,19.94527467411546,0.1434362534204332,1,55.02474389720182,54.76844233201232,0.5126031303784373,55.0,,,54.512140766823386,54.48320888789256,54.63769931777566,54.55050782047448,54.76844233201196,54.74237934263257,54.89918534624874,54.87956421510283,55.02474389720182,54.995457257675746
1052.0,19.802048417132223,19.802048417132223,0.14396893451660872,1,55.03422767076148,54.764427159705235,0.539601022111917,55.0,,,54.494626648649565,54.48297232504465,54.62599852143282,54.59111141687197,54.764427159704894,54.74988286651513,54.90285579797744,54.8871799095206,55.03422767076148,55.00310623478507
1053.0,19.722858472998134,19.722858472998134,0.14165476011374695,1,55.04273509757108,54.7595153811925,0.5664394327566171,55.0,,,54.476295664814465,54.45971390546501,54.613426988875545,54.56411092985224,54.75951538119216,54.734503714503326,54.905603773509235,54.87242924710303,55.04273509757108,54.953560134596366
1054.0,19.64366852886406,19.64366852886406,0.13885064887507173,1,55.051769937050665,54.75551704618415,0.5925057817324983,55.0,,,54.459264155318166,54.43689229341634,54.60194860427474,54.53549802792278,54.75551704618382,54.71673641479753,54.909085488093346,54.85161074277005,55.051769937050665,54.88326298782312
1055.0,19.564478584729983,19.564478584729983,0.14082248152230403,1,55.0615454694855,54.75269224951877,0.6177064399329311,55.0,,,54.44383902955257,54.44550282787849,54.591848884341864,54.59682418726369,54.752692249518454,54.735486921010086,54.91353561469548,54.87291701452514,55.0615454694855,54.937949293681186
1056.0,19.517877094972057,19.517877094972057,0.14145816813281767,1,55.070014877495375,54.748475016556014,0.643079721878216,55.0,,,54.42693515561716,54.4583932692884,54.580305094493475,54.66542341350336,54.7484750165557,54.74790400804754,54.916644938618354,54.87365653138467,55.070014877495375,54.91463907140779
1057.0,19.430377094972062,19.430377094972062,0.14385046215239775,1,55.07789592202175,54.74372805162451,0.6683357407939994,55.0,,,54.409560181227754,54.43397424316765,54.56825229949328,54.63691024313418,54.7437280516242,54.7591418350597,54.91920380375554,54.920878134536906,55.07789592202175,55.09735075623065
1058.0,19.326908752327743,19.326908752327743,0.14070026415534473,1,55.08425968351251,54.737334428718256,0.6938505095880316,55.0,,,54.390409173924475,54.39905499670033,54.554480536271136,54.573632312905474,54.73733442871796,54.735364997928066,54.920188321165185,54.90287535635702,55.08425968351251,55.04836230209463
1059.0,19.270041899441345,19.270041899441345,0.13990294907562678,1,55.091422598307794,54.73220348360961,0.7184382293959075,55.0,,,54.37298436891189,54.38170230308985,54.54219436923441,54.56054395306701,54.73220348360932,54.73022415129534,54.922212597984625,54.90474298070334,55.091422598307794,55.05544392804675
1060.0,19.1717877094972,19.1717877094972,0.13720539336274287,-1,55.09857708487345,54.72727062061457,0.7426129285172962,55.0,,,54.35596415635615,54.35452652410262,54.53020337900098,54.517173082473555,54.72727062061429,54.71148227468038,54.924337862227986,54.88860763164048,55.09857708487345,55.006752579738105
1061.0,19.08933891992551,19.08933891992551,0.13689156821197493,-1,55.07507379951886,54.72337576245627,0.7033960741247398,55.0,,,54.37167772539412,54.36561804347841,54.5350927329937,54.511567583644705,54.723375762455994,54.70840911678651,54.91165879191867,54.8837918875879,55.07507379951886,55.01874707329014
1062.0,19.010148975791434,19.010148975791434,0.13583835606733205,-1,55.051670091799146,54.719306409547656,0.6647273645025535,55.0,,,54.38694272729659,54.372669823133236,54.539795683143666,54.49543690340031,54.719306409547386,54.69994281970417,54.89881713595147,54.871959083643546,55.051670091799146,55.00770990228051
1063.0,18.930959031657363,18.930959031657363,0.13457028986610797,-1,55.028861333947816,54.71547366343502,0.6267753410251515,55.0,,,54.402085992922665,54.383489230734334,54.54467434477722,54.490170783134154,54.715473663434764,54.6915199795123,54.88627298209267,54.85503185597824,55.028861333947816,54.97343304649387
1064.0,18.85176908752328,18.85176908752328,0.1350936930013101,-1,55.00678135108418,54.711992197290144,0.5895783075876437,55.0,,,54.417203043496535,54.40103026526967,54.549827045734425,54.506893543160544,54.711992197289895,54.69544838843709,54.87415734884572,54.85709493305134,55.00678135108418,55.00088901226145
1065.0,18.7725791433892,18.7725791433892,0.1351995490164534,-1,54.98424694559273,54.7079016237695,0.5526906436460592,55.0,,,54.43155630194667,54.4395110343514,54.554398895525715,54.57803269788968,54.70790162376925,54.70318342389985,54.861404352013125,54.84004288782016,54.98424694559273,54.938799095003446
1066.0,18.69338919925512,18.69338919925512,0.13587226226923518,-1,54.961531151794055,54.70342789054337,0.5162065225009869,55.0,,,54.44532462929307,54.46815873374691,54.55858690151477,54.62253316068623,54.703427890543125,54.71149015532802,54.8482688795718,54.8362651717693,54.961531151794055,54.9367525684179
1067.0,18.614199255121044,18.614199255121044,0.13450979309046254,-1,54.938260409514875,54.69826905814411,0.47998270274113963,55.0,,,54.458277706773735,54.4751022558755,54.562119903270755,54.605950368528035,54.69826905814388,54.70181461063843,54.834418213017315,54.819693629651134,54.938260409514875,54.909630105677145
1068.0,18.555214152700184,18.555214152700184,0.13218521950855944,-1,54.91576707457633,54.69351728435491,0.44449958044244653,55.0,,,54.47126749413388,54.45405917794835,54.56596454262687,54.515994950321925,54.69351728435469,54.678527011715246,54.82107002608281,54.80881686824156,54.91576707457633,54.92823929330051
1069.0,18.48840782122905,18.48840782122905,0.13015968352386922,-1,54.894758757906985,54.689772478363885,0.40997255908582275,55.0,,,54.48478619882116,54.4756110991236,54.57066105698975,54.541392864656174,54.689772478363665,54.66967255065256,54.80888389973788,54.77510650793327,54.894758757906985,54.82000343612464
1070.0,18.345670391061454,18.345670391061454,0.1305976929006022,-1,54.87499522697496,54.686838272497354,0.37631390895484884,55.0,,,54.49868131802011,54.49312687299056,54.5760294552489,54.55994508046624,54.68683827249714,54.674175041319906,54.797647089745674,54.776102407297955,54.87499522697496,54.84265486258939
1071.0,18.29743947858473,18.29743947858473,0.12943621253818274,-1,54.85453514363455,54.683071883112895,0.34292652104296195,55.0,,,54.51160862259159,54.51017939312065,54.58057189946659,54.57503880788053,54.68307188311268,54.669310676733865,54.785571866759064,54.75624402323508,54.85453514363455,54.79039317218085
1072.0,18.21824953445065,18.21824953445065,0.12918173066437008,-1,54.83482428943723,54.679733138529535,0.3101823018150327,55.0,,,54.524641987622196,54.533683259469576,54.585450859511774,54.60819553356086,54.67973313852933,54.67184379907397,54.774015417547176,54.744149973504705,54.83482428943723,54.7604662059089
1073.0,18.11641061452514,18.11641061452514,0.12907389645138356,-1,54.81513318584331,54.67620455587771,0.27785725993084043,55.0,,,54.53727592591247,54.547614223440874,54.59010081081594,54.61627632179125,54.67620455587751,54.67251878010374,54.76230830093937,54.73996050121215,54.81513318584331,54.76867450347814
1074.0,18.02728119180633,18.02728119180633,0.12801168546378627,-1,54.795267892053396,54.67231292071165,0.2459099426831557,55.0,,,54.54935794937024,54.558126813238346,54.59435522304389,54.61446372112415,54.672312920711455,54.66670564682324,54.75027061837929,54.72543176906596,54.795267892053396,54.74218542803763
1075.0,18.005121042830552,18.005121042830552,0.1275381526046354,-1,54.775902352805176,54.6686239709523,0.2145567637054242,55.0,,,54.56134558909975,54.5578012312266,54.59872190312066,54.58656157793442,54.66862397095211,54.661173703448014,54.738526038783824,54.72559853776629,54.775902352805176,54.77807730659303
1076.0,17.87998137802607,17.87998137802607,0.1269565537628956,-1,54.7569304464382,54.665105026978395,0.18365083891931278,55.0,,,54.573279607518884,54.588767710202966,54.60320134795022,54.641199411211446,54.6651050269782,54.66423996385827,54.72700870600644,54.70454746539972,54.7569304464382,54.70542986207609
1077.0,17.84038640595903,17.84038640595903,0.12505911035682643,-1,54.737984538759946,54.66137958384752,0.15320990982454674,55.0,,,54.5847746289354,54.588909007232154,54.60740928029324,54.6117798313561,54.66137958384734,54.651011193445285,54.71534988740169,54.685852019882425,54.737984538759946,54.67305659666847
1078.0,17.725512104283062,17.725512104283062,0.12472126916058182,-1,54.72027758298005,54.65851213550966,0.12353089494047964,55.0,,,54.59674668803957,54.59968585620162,54.612332330081664,54.6142431195208,54.65851213550949,54.65006765829222,54.704691940937565,54.68107357497452,54.72027758298005,54.678924467743336
1079.0,17.599231843575406,17.599231843575406,0.12260627115184436,-1,54.70247117294521,54.655350384512325,0.0942415768654925,55.0,,,54.60822959607972,54.59133791637765,54.61690815933605,54.564714226485634,54.65535038451215,54.633305028304946,54.69379260968849,54.665342339774625,54.70247117294521,54.66268246697306
1080.0,17.578212290502787,17.578212290502787,0.12360344464079577,-1,54.685670346808145,54.6527979740152,0.06574474558562571,55.0,,,54.61992560122252,54.610392213671986,54.62193640176544,54.594999504497736,54.65279797401502,54.64248431523436,54.683659546264835,54.67284960331769,54.685670346808145,54.701866488031236
1081.0,17.486475791433893,17.486475791433893,0.12242934317168101,-1,54.6728900325824,54.64963148161305,0.04651710193880376,55.0,,,54.63097468637918,54.622088099003385,54.6263729306436,54.60153496560048,54.649631481612886,54.63700721489299,54.6728900325824,54.65666708071328,54.6682882768472,54.662099269107834
1082.0,17.426350093109875,17.426350093109875,0.12237169757708095,-1,54.66247668147704,54.646716968570146,0.03151942581389022,55.0,,,54.641994821677116,54.64690255529446,54.63095725566315,54.644263884896226,54.64671696856998,54.64200923985002,54.66247668147704,54.646651369714746,54.65143911546344,54.63246308421205
1083.0,17.347160148975785,17.347160148975785,0.12084862235129801,-1,54.652653103769886,54.64358974630444,0.018126714930630783,55.0,,,54.652653103769886,54.6631015238315,54.63528819704153,54.66045209750838,54.643589746304286,54.63628774433888,54.651891295567246,54.622912347248835,54.634526388839255,54.563038420202375
1084.0,17.23733705772812,17.23733705772812,0.12118802306164508,-1,54.66348898353905,54.64095386911155,0.045070228854740435,55.0,,,54.66348898353905,54.67604754070809,54.63998500958243,54.67150397685259,54.6409538691114,54.640623929673254,54.641922728640566,54.62564464273083,54.618418754684306,54.59229366882955
1085.0,17.179818435754193,17.179818435754193,0.12307297975796666,-1,54.67359533272265,54.637685932469616,0.07181880050582379,55.0,,,54.67359533272265,54.70257313837,54.644030305055544,54.721798133228454,54.637685932469466,54.65760566077307,54.63134155988358,54.63959590148214,54.601776532216824,54.64776923194434
1086.0,17.0770018621974,17.0770018621974,0.12007939806239765,-1,54.682543169134135,54.633180583996435,0.09872517027515215,55.0,,,54.682543169134135,54.683367730705434,54.64690562037358,54.64393836177222,54.63318058399629,54.63294203794862,54.6194555476192,54.618823450700255,54.58381799885898,54.6215308836797
1087.0,16.997811918063313,16.997811918063313,0.12167793790909104,-1,54.69220045739881,54.62985834929443,0.12468421620850734,55.0,,,54.69220045739881,54.72435360751742,54.650753089010365,54.73358182495948,54.629858349294295,54.652447601771094,54.60896360957842,54.61994353892332,54.567516241190305,54.61431942213881
1088.0,16.978584729981378,16.978584729981378,0.12133620957426747,-1,54.70073537987329,54.625362733456726,0.1507452928328874,55.0,,,54.70073537987329,54.7303358580912,54.65347659725185,54.72686729531653,54.62536273345658,54.65056335880628,54.5972488696615,54.61756542534021,54.5499900870404,54.629730582893224
1089.0,16.867621042830542,16.867621042830542,0.11953593072845319,-1,54.70921676381353,54.62098169799647,0.17647013163388436,55.0,,,54.70921676381353,54.7084421891747,54.656253253829746,54.6463313217151,54.620981697996335,54.6321570487018,54.58571014216311,54.61423174327904,54.532746632179645,54.66584273507043
1090.0,16.76024208566108,16.76024208566108,0.11426291897534557,-1,54.71788157907849,54.617113350106514,0.20153645794371755,55.0,,,54.71788157907849,54.683221332722916,54.659398651568694,54.55397030600122,54.61711335010638,54.592731103856046,54.57482804864425,54.5681294274991,54.51634512113477,54.54871369863605
1091.0,16.681052141526997,16.681052141526997,0.11393611795211292,-1,54.72821334027693,54.615624709683765,0.22517726118611847,55.0,,,54.72821334027693,54.71616414374104,54.664585253640766,54.623421834255694,54.61562470968363,54.59945783843676,54.56666416572667,54.550283810397346,54.50303607909081,54.47689781494506
1092.0,16.576443202979515,16.576443202979515,0.1133309178438259,-1,54.7382460857093,54.61398720587014,0.2485177596781014,55.0,,,54.7382460857093,54.711332400821114,54.669563056425645,54.5927449986612,54.61398720587001,54.593933072275924,54.558411355314554,54.55275841938633,54.4897283260312,54.515767085285056
1093.0,16.522509310986965,16.522509310986965,0.1129612918627393,-1,54.747995432866794,54.61224543297429,0.2714999997847869,55.0,,,54.747995432866794,54.72740277570603,54.6743608637487,54.61836090332121,54.61224543297417,54.59571396041928,54.55013000219981,54.545014044612074,54.47649543308201,54.496219351071296
1094.0,16.476070763500935,16.476070763500935,0.1146711197082437,-1,54.75757371193213,54.61048311290807,0.29418119804791587,55.0,,,54.75757371193213,54.78265846842941,54.67907541641168,54.747830906768684,54.61048311290795,54.62107104208828,54.541890809404386,54.53929489753449,54.463392513884216,54.44779832223159
1095.0,16.39688081936685,16.39688081936685,0.11198496527853125,-1,54.766135146180495,54.60762200232166,0.3170262877174679,55.0,,,54.766135146180495,54.776968438168275,54.68274377871739,54.707455307772484,54.60762200232154,54.60356365686641,54.53250022592586,54.51446753496588,54.44910885846303,54.392830718050426
1096.0,16.317690875232774,16.317690875232774,0.1139696599753465,-1,54.77540536164092,54.60587539189644,0.339059939488763,55.0,,,54.77540536164092,54.823306947920194,54.687334784239376,54.81127662241136,54.605875391896326,54.62844643479601,54.52441599955343,54.51788003791654,54.43634542215216,54.388582176723695
1097.0,16.238500931098702,16.238500931098702,0.11140142360417737,-1,54.78341182367083,54.602749532001894,0.3613245833376766,55.0,,,54.78341182367083,54.81521144227496,54.690613581728364,54.763523550580715,54.60274953200178,54.611158227319585,54.51488548227535,54.49589905151636,54.422087240333155,54.34765323525677
1098.0,16.161592178770952,16.161592178770952,0.10899590015946614,-1,54.792083244074284,54.60067646964482,0.3828135488587492,55.0,,,54.792083244074284,54.77746586289554,54.69476030419879,54.642272323326445,54.600676469644704,54.58641519592377,54.50659263509077,54.49559673382396,54.409269695215535,54.40935897803923
1099.0,16.12199720670391,16.12199720670391,0.11174792211294857,-1,54.80136313471579,54.599576352927,0.40357356357741736,55.0,,,54.80136313471579,54.8248666204874,54.699704899129316,54.754723799103154,54.59957635292688,54.615981540445866,54.4994478067246,54.509040682988044,54.397789571138375,54.43409880969326
1100.0,16.082402234636874,16.082402234636874,0.1107941665826058,-1,54.80922241859639,54.59684952841108,0.42474578037045774,55.0,,,54.80922241859639,54.825294619335764,54.703131371483856,54.736360325992074,54.596849528410964,54.610357962297684,54.49056768533823,54.50328092506301,54.384476638225934,54.43676142063112
1101.0,16.019506517690882,16.019506517690882,0.11032231630333458,-1,54.81723230798224,54.59447603252897,0.4455125509063578,55.0,,,54.81723230798224,54.8422883873375,54.706815855224896,54.762209088546484,54.59447603252887,54.612387303717284,54.48213620983299,54.49347865060016,54.37171975707588,54.40804039328536
1102.0,15.970623836126626,15.970623836126626,0.1094086224227482,-1,54.82509524400751,54.59210300379182,0.4659844804312101,55.0,,,54.82509524400751,54.85666729689681,54.71043207272256,54.77968096511985,54.59210300379171,54.61126634388615,54.473773934861015,54.47950643813129,54.3591107635763,54.36773578658965
1103.0,15.968342644320298,15.968342644320298,0.10852037590790911,-1,54.833057808439236,54.59002331634291,0.486068984192471,55.0,,,54.833057808439236,54.86054114581941,54.71424896720939,54.76977495125291,54.590023316342815,54.60748672853472,54.46579766547638,54.47268260456154,54.346988824246765,54.36301447620804
1104.0,15.968342644320298,15.968342644320298,0.10749506672794351,-1,54.84130103864427,54.58841272076923,0.5057766357499318,55.0,,,54.84130103864427,54.86626174543695,54.71844399010229,54.76463625547835,54.58841272076912,54.60356535118746,54.45838145143609,54.46319816627453,54.335524402894336,54.34567887513569
1105.0,15.98708100558659,15.98708100558659,0.10698827780657057,-1,54.849893656237036,54.58735238913947,0.525082534194965,55.0,,,54.849893656237036,54.87282163021807,54.723091219639,54.76277309291763,54.587352389139376,54.603077632313074,54.451613558639885,54.460289576922655,54.32481112204207,54.349761265764265
1106.0,16.000931098696462,16.000931098696462,0.10645766653427358,-1,54.85869314480254,54.58664104648034,0.5441041966442484,55.0,,,54.85869314480254,54.8925343863301,54.7280178225404,54.79432338207409,54.586641046480246,54.60633902166171,54.44526427042021,54.44890968788346,54.31458894815829,54.31028586059584
1107.0,16.000931098696462,16.000931098696462,0.10495699371521758,-1,54.86769060226612,54.586270636571555,0.5628399313889858,55.0,,,54.86769060226612,54.87876091540652,54.73321469684618,54.73721669345032,54.58627063657147,54.59458444332463,54.43932657629687,54.44636250411908,54.30485067087714,54.33370906567731
1108.0,16.000931098696462,16.000931098696462,0.10397902254615492,-1,54.87724274479197,54.58670082772712,0.5810838341295508,55.0,,,54.87724274479197,54.909069950076955,54.739089565018105,54.79537042108763,54.58670082772704,54.598572767495405,54.43431209043609,54.42300419718923,54.29615891066242,54.239319910623415
1109.0,16.000931098696462,16.000931098696462,0.10428831774193247,-1,54.887128669431654,54.58765122760642,0.5989548836503218,55.0,,,54.887128669431654,54.90604394408067,54.74539073311639,54.76872252377545,54.587651227606344,54.6009720965644,54.429911722096406,54.43790010734408,54.28817378578133,54.31363725239839
1110.0,16.000931098696462,16.000931098696462,0.10323622230452903,1,54.89680190944689,54.58843463571761,0.6167345474584209,55.0,,,54.89680190944689,54.90035491934736,54.751500447350324,54.734432920437634,54.58843463571753,54.59437247828009,54.42536882408485,54.43679855987393,54.28006736198847,54.33028667242967
1111.0,16.000931098696462,16.000931098696462,0.10149631183841164,1,54.88329880432535,54.589776999410674,0.587043609829216,55.0,,,54.88329880432535,54.88863975288127,54.74629998452727,54.732674518595076,54.589776999410596,54.58882662897314,54.43325401429403,54.427591457892674,54.29625519449613,54.28177105865885
1112.0,16.000931098696462,16.000931098696462,0.09870879065331577,1,54.87109894713831,54.59204371509645,0.5581104640835832,55.0,,,54.87109894713831,54.849083238635664,54.74211480860644,54.65553288065054,54.59204371509637,54.5694537990291,54.441972621586416,54.422916131706266,54.312988483054724,54.27674718288846
1113.0,16.000931098696462,16.000931098696462,0.09853556801916358,1,54.86087800133707,54.59579130267347,0.5301733973270828,55.0,,,54.86087800133707,54.83091298424565,54.739567121686136,54.638201345240816,54.59579130267339,54.57149332920705,54.452015483660745,54.43986538135421,54.33070460400999,54.32656180027213
1114.0,16.000931098696462,16.000931098696462,0.10099576278920538,1,54.85091784388432,54.599623183505216,0.5025893207580694,55.0,,,54.85091784388432,54.85101763664672,54.73710505070174,54.72335942436413,54.59962318350515,54.59974975353908,54.46214131630865,54.46716977351655,54.34832852312625,54.37578235916438
1115.0,16.000931098696462,16.000931098696462,0.10269313616256988,1,54.83949613843225,54.602135034231516,0.4747222084013458,55.0,,,54.83949613843225,54.84896772397909,54.73316906584836,54.748781389720314,54.60213503423145,54.61716131291704,54.47110100261463,54.4979576525542,54.36477393003091,54.45862015371441
1116.0,16.000931098696462,16.000931098696462,0.1002748667878253,1,54.82711474261337,54.60373620692826,0.446757071370115,55.0,,,54.82711474261337,54.84252680919982,54.72821792601083,54.754099980804654,54.60373620692819,54.60902027275513,54.47925448784563,54.477112407871886,54.38035767124325,54.362745112472076
1117.0,16.000931098696462,16.000931098696462,0.10200873276274897,1,54.81645992068384,54.60662346655887,0.4196729082498294,55.0,,,54.81645992068384,54.84994045874516,54.72469750916799,54.799880634683056,54.60662346655881,54.62955528645955,54.4885494239497,54.50252066296626,54.39678701243401,54.41990114596156
1118.0,16.000931098696462,16.000931098696462,0.10046528238609105,1,54.804814855612136,54.60857963852667,0.39247043417082494,55.0,,,54.804814855612136,54.827396502447876,54.72014474407678,54.76208685369027,54.60857963852661,54.622189929168364,54.49701453297651,54.50356159221718,54.41234442144131,54.418904564721636
1119.0,16.000931098696462,16.000931098696462,0.09940798124252201,1,54.79431771728613,54.611354752521024,0.3659259295300785,55.0,,,54.79431771728613,54.826805426065874,54.71650751742924,54.780306080987636,54.611354752520974,54.62393196951458,54.50620198761277,54.49745811407872,54.42839178775605,54.37209806734402
1120.0,16.000931098696462,16.000931098696462,0.10090477698641317,1,54.784644732400054,54.61468783080958,0.3399138031808562,55.0,,,54.784644732400054,54.80843105365126,54.71349760592143,54.756811165815726,54.614687830809515,54.635783830121945,54.51587805569766,54.536541268272146,54.4447309292192,54.50224140625092
1121.0,16.000931098696462,16.000931098696462,0.0999650148681969,1,54.77412704701035,54.61721509372542,0.313823906569759,55.0,,,54.77412704701035,54.78956245124835,54.70960177548984,54.729127455767745,54.61721509372536,54.632683465311445,54.52482841196096,54.54374687190139,54.460303140440594,54.51693280948544
1122.0,16.000931098696462,16.000931098696462,0.09891212503251834,1,54.764352773867934,54.62023825566158,0.2882290364125879,55.0,,,54.764352773867934,54.75692444819609,54.70626812831617,54.6663819857067,54.62023825566153,54.62495399245759,54.53420838300697,54.55858497339253,54.476123737455346,54.570391167427495
1123.0,16.000931098696462,16.000931098696462,0.09770535835405186,1,54.75539053659395,54.623816722316825,0.2631476285541581,55.0,,,54.75539053659395,54.746913000973386,54.703564211062734,54.661635399255445,54.62381672231677,54.622542944692626,54.544069233570866,54.557392755008955,54.49224290803979,54.54427249907304
1124.0,15.979422718808197,15.979422718808197,0.09522930056447271,1,54.74733528654133,54.628031578672996,0.23860741573657407,55.0,,,54.74733528654133,54.750011543025074,54.70158146814129,54.68536546986027,54.62803157867294,54.6165686092918,54.55448168920465,54.53133364401784,54.508727870804755,54.42038283532523
1125.0,15.968342644320298,15.968342644320298,0.09577076290846685,1,54.74091948351126,54.63347153047373,0.21489590607497888,55.0,,,54.74091948351126,54.74590403658561,54.70098415014352,54.6934096538396,54.63347153047368,54.62680943771154,54.5659589108039,54.549953288586764,54.526023577436284,54.464391447000644
1126.0,16.000931098696462,16.000931098696462,0.09458341671199927,1,54.73421501086271,54.638565906641894,0.19129820844153755,55.0,,,54.73421501086271,54.732661735123386,54.70002566543586,54.67460355727998,54.63856590664185,54.62412039688504,54.57710614784791,54.551496055882026,54.542916802421175,54.456369299950296
1127.0,15.990991620111732,15.990991620111732,0.0938691142321671,1,54.72852354112178,54.644416682776054,0.1682137166913691,55.0,,,54.72852354112178,54.72684813757219,54.69991048319587,54.67451775334305,54.644416682776004,54.626387933129514,54.5889228823562,54.55492522822306,54.56030982443041,54.44805706795493
1128.0,15.968342644320298,15.968342644320298,0.09259299195504811,1,54.72335893257994,54.650596433166946,0.14552499882591263,55.0,,,54.72335893257994,54.698646384388844,54.70018450616361,54.61597153977909,54.650596433166896,54.61903462731759,54.60100836017025,54.56537126077397,54.57783393375403,54.48551918840776
1129.0,15.99229515828678,15.99229515828678,0.09352084881289942,1,54.71903100732736,54.65735304363865,0.12335592737733236,55.0,,,54.71903100732736,54.72148696063535,54.701129219452405,54.69163482864461,54.65735304363861,54.6389016288843,54.61357686782487,54.57268245502761,54.59567507995003,54.46306077945355
1130.0,16.000931098696462,16.000931098696462,0.09553371913708862,1,54.71429292234048,54.66369780647767,0.10119023172553909,55.0,,,54.71429292234048,54.72101855317585,54.70162883073501,54.708124004687505,54.66369780647763,54.65875929332284,54.6257667822203,54.608798480002946,54.613102690614944,54.56530293356143
1131.0,15.995554003724395,15.995554003724395,0.09656002127488317,1,54.708377700779245,54.668988789590216,0.07877782237795827,55.0,,,54.708377700779245,54.71603529691707,54.70098007310184,54.71223932711621,54.66898878959018,54.67111885049681,54.63699750607857,54.63436860068469,54.62959987840129,54.63249232945107
1132.0,15.980726256983235,15.980726256983235,0.09594940448611193,1,54.701872442544186,54.67369804954642,0.05634878599546056,55.0,,,54.701872442544186,54.70448958394019,54.699713727855794,54.69696387064724,54.673698049546374,54.67168884661545,54.647682371236996,54.64227655792871,54.645523656548725,54.64270036266287
1133.0,16.000931098696462,16.000931098696462,0.09640035598805885,1,54.69876334519088,54.67866350310735,0.0401996841671064,55.0,,,54.695802787653285,54.697018802781734,54.69876334519088,54.69413702631778,54.67866350310731,54.67961295342567,54.65856366102378,54.66168771410136,54.661524218561496,54.6892104902615
1134.0,16.000931098696462,16.000931098696462,0.09842751316456773,1,54.697643257472365,54.68345977151053,0.028366971923702522,55.0,,,54.68961928232596,54.711827774724796,54.697643257472365,54.75078290709477,54.68345977151049,54.7029702020165,54.66927628554866,54.68761702387765,54.67730026069518,54.7369232473082
1135.0,16.000931098696462,16.000931098696462,0.09805748460253443,1,54.69533867735722,54.68716137825932,0.016354598195839287,55.0,,,54.682215690309384,54.71119562836004,54.69533867735722,54.762600306208164,54.68716137825928,54.70766096159972,54.67898407916138,54.691089009081004,54.69210706620933,54.721126443257894
1136.0,16.000931098696462,16.000931098696462,0.09850368386013658,1,54.70695445881573,54.69105306201652,0.03180279359835225,55.0,,,54.67515166521738,54.67958961920644,54.6932730496174,54.69755594059137,54.69105306201648,54.708521810270156,54.6888330744156,54.72508140982633,54.70695445881573,54.84139287665538
1137.0,16.000931098696462,16.000931098696462,0.09619166659047426,1,54.72150018707651,54.69469763452156,0.05360510510982408,55.0,,,54.667895081966684,54.66303297165505,54.69096325785081,54.667351950086605,54.694697634521525,54.69676045969772,54.69843201119228,54.71314288287676,54.72150018707651,54.783318574877974
1138.0,16.000931098696462,16.000931098696462,0.09946763794774495,1,54.736908959618866,54.69957196410253,0.0746739910326113,55.0,,,54.662234968586255,54.69646832799873,54.6900441116862,54.77319683885592,54.69957196410249,54.73236448132914,54.70909981651883,54.7435547645244,54.736908959618866,54.82855085914941
1139.0,16.000931098696462,16.000931098696462,0.09758169068728588,1,54.75082479072007,54.702682187657594,0.09628520612489666,55.0,,,54.65453958459517,54.70089144791834,54.68720411901236,54.79306969621002,54.70268218765755,54.729156522409355,54.718160256302795,54.723182417234895,54.75082479072007,54.72554067709669
1140.0,15.997672253258848,15.997672253258848,0.0968183898987086,1,54.76542769536229,54.70679551053122,0.11726436966208809,55.0,,,54.6481633257002,54.69549772492549,54.685504921693145,54.78762795188247,54.70679551053118,54.73025359979573,54.728086099369264,54.72409391264295,54.76542769536229,54.70977295635283
1141.0,15.978608007448791,15.978608007448791,0.09694838468756117,1,54.78023237263175,54.71129558166914,0.13787358192516308,55.0,,,54.64235879070659,54.68778991838037,54.68426657325235,54.777705629589896,54.711295581669106,54.73600068706286,54.7383245900859,54.73838006029826,54.78023237263175,54.74345401926914
1142.0,15.983659217877095,15.983659217877095,0.09683919827728907,1,54.794798279842766,54.71563878298228,0.1583189937209042,55.0,,,54.63647928612186,54.66655185425327,54.682895304845914,54.734089175258255,54.71563878298225,54.73631787547009,54.74838226111863,54.75805239874202,54.794798279842766,54.80756045298987
1143.0,15.99262104283054,15.99262104283054,0.09601012923134056,1,54.809326420125146,54.72005191537678,0.1785490094966633,55.0,,,54.63077741062848,54.659579634776144,54.681631923380394,54.72626511537043,54.72005191537676,54.73604562230266,54.758471907373156,54.75925194562006,54.809326420125146,54.79178318695014
1144.0,15.96964618249535,15.96964618249535,0.0967091202491109,1,54.8241390797936,54.72493653857411,0.19840508243891009,55.0,,,54.62573399735469,54.656717689950504,54.680918845823264,54.73134525487286,54.72493653857409,54.746039550266374,54.76895423132496,54.778152058975856,54.8241390797936,54.83457006547831
1145.0,15.99522811918063,15.99522811918063,0.09493383871021699,1,54.83845972672645,54.729342645938985,0.21823416157489106,55.0,,,54.62022556515156,54.63682472681353,54.67972051869232,54.68881938171321,54.72934264593895,54.73637031971721,54.77896477318562,54.774932890507614,54.83845972672645,54.81559010771273
1146.0,15.981052141527002,15.981052141527002,0.09511845457128418,1,54.85353732392528,54.73479541618815,0.2374838154742065,55.0,,,54.616053508451074,54.6514678008043,54.67970114950928,54.736601310509265,54.73479541618813,54.74806522432373,54.78988968286701,54.77606222256155,54.85353732392528,54.779998011258684
1147.0,15.981215083798883,15.981215083798883,0.09486339271825531,1,54.86837950455165,54.740080120728564,0.2565987676461319,55.0,,,54.611780736905516,54.641611999632474,54.67953632450142,54.72005737838261,54.740080120728535,54.75044245554463,54.800623916955686,54.78666654673116,54.86837950455165,54.80265083610244
1148.0,15.968342644320298,15.968342644320298,0.09718575903306706,1,54.8832327259239,54.74549133188761,0.27548278807254434,55.0,,,54.60774993785135,54.6625791969999,54.67954546570454,54.786594741056916,54.74549133188758,54.77660099084542,54.81143719807065,54.81171852030619,54.8832327259239,54.84662704387231
1149.0,15.969483240223466,15.969483240223466,0.09582144651696903,1,54.89694879635984,54.7495932096046,0.29471117351043574,55.0,,,54.6022376228494,54.63961270529657,54.67814965311797,54.73450430829036,54.749593209604576,54.768397493077096,54.82103676609121,54.81525501744929,54.89694879635984,54.85697760449926
1150.0,16.000931098696462,16.000931098696462,0.09651663953293653,1,54.91115377059695,54.75442297696874,0.31346158725637707,55.0,,,54.59769218334057,54.63943175512743,54.677591647067594,54.74477671541161,54.75442297696871,54.77867807874226,54.83125430686986,54.83186991058635,54.91115377059695,54.890769039048976
1151.0,16.000931098696462,16.000931098696462,0.09482547635847227,1,54.92509593500738,54.75899791206068,0.3321960458933475,55.0,,,54.59289988911403,54.597512289273915,54.67677450356718,54.64552889209713,54.75899791206066,54.76299778396798,54.84122132055417,54.84339438488963,54.92509593500738,54.944670240347314
1152.0,16.000931098696462,16.000931098696462,0.09529979187745945,1,54.93966454922865,54.76447084388233,0.3503874106926119,55.0,,,54.58927713853604,54.59498852836046,54.67698329037982,54.6521729932941,54.7644708438823,54.77088166474941,54.85195839738481,54.85904204209274,54.93966454922865,54.97333306798124
1153.0,16.000931098696462,16.000931098696462,0.09391868367632801,1,54.9539379952131,54.76967787541663,0.3685202395929039,55.0,,,54.5854177556202,54.59347142501491,54.676934363954935,54.65704982596189,54.769677875416605,54.76791920608007,54.86242138687831,54.84928752654486,54.9539379952131,54.91286621292342
1154.0,16.000931098696462,16.000931098696462,0.09257456268467716,1,54.96870897573255,54.77561563665474,0.3861866781555534,55.0,,,54.58252229757699,54.57939106796919,54.6777267055303,54.628725448948174,54.77561563665472,54.7619391378112,54.873504567779186,54.84816260495243,54.96870897573255,54.896454174504164
1155.0,16.000931098696462,16.000931098696462,0.09359981262859289,1,54.98396355505645,54.78226310586913,0.40340089837459914,55.0,,,54.58056265668185,54.56621395774068,54.67933692438822,54.60778496779648,54.7822631058691,54.770349485444456,54.88518928735003,54.878070711270915,54.98396355505645,54.987289413507796
1156.0,16.000931098696462,16.000931098696462,0.09406591243865152,1,54.998690588561274,54.78834644436209,0.42068828839831696,55.0,,,54.57800230016296,54.578751650378884,54.68036103570636,54.65154660327822,54.78834644436207,54.7822119059839,54.89633185301782,54.88398197510368,54.998690588561274,54.96866238078441
1157.0,16.000931098696462,16.000931098696462,0.094996130201113,1,55.013129477118945,54.79416695572466,0.43792504278852107,55.0,,,54.57520443433042,54.60399006932944,54.68113130157739,54.726110759523394,54.79416695572464,54.800494886877644,54.90720260987193,54.88755563288745,55.013129477118945,54.932597066771976
1158.0,16.000931098696462,16.000931098696462,0.0961619405459006,1,55.02708206428806,54.79947562313765,0.4552128823007777,55.0,,,54.57186918198728,54.59957871256977,54.68137358778431,54.72465808923873,54.79947562313763,54.81210371617796,54.917577658490984,54.91258320660321,55.02708206428806,55.00156158996733
1159.0,16.000931098696462,16.000931098696462,0.0960748409129901,1,55.040447683721645,54.804146636254664,0.4726020949339116,55.0,,,54.56784558878773,54.57628859410975,54.680949604138526,54.67463847881092,54.80414663625465,54.810664747331735,54.9273436683708,54.932778333732045,55.040447683721645,55.069427883786055
1160.0,16.000931098696462,16.000931098696462,0.09547244135250009,1,55.05376370556665,54.808854709424146,0.48981799228498346,55.0,,,54.56394571328167,54.582193139786064,54.68060257074951,54.698248337967996,54.808854709424125,54.813944318211306,54.93710684809877,54.927651575589735,55.05376370556665,55.02008834180228
1161.0,16.000931098696462,16.000931098696462,0.09425608351945622,1,55.06725213887814,54.81387688941628,0.5067504989236937,55.0,,,54.560501639954445,54.557582953162225,54.68063748880391,54.642553049638856,54.81387688941626,54.80529328602911,54.94711629002863,54.93376505881165,55.06725213887814,55.040334026644345
1162.0,16.000931098696462,16.000931098696462,0.09568634902596726,1,55.08117778417964,54.81954287899894,0.5232698103613842,55.0,,,54.55790797381825,54.55733217136571,54.68141711518777,54.654727773561326,54.81954287899891,54.81904659826201,54.95766864281008,54.959717158487365,55.08117778417964,55.105676734632304
1163.0,16.000931098696462,16.000931098696462,0.09572218315684095,1,55.0944050991712,54.824427786549435,0.5399546252434959,55.0,,,54.5544504739277,54.561669436826854,54.68137321385608,54.675906727002754,54.824427786549414,54.825498444005106,54.96748235924279,54.96387001137792,55.0944050991712,55.09022114642334
1164.0,16.000931098696462,16.000931098696462,0.09595772434547716,1,55.107533541550325,54.82928324698241,0.5565005891358084,55.0,,,54.551032952414516,54.572159662829755,54.6813330179851,54.71163750307976,54.829283246982385,54.834928690110594,54.97723347597971,54.96653273017685,55.107533541550325,55.065609465380064
1165.0,16.000931098696462,16.000931098696462,0.09468212069276688,1,55.12047797441157,54.83400183188125,0.5729522850606017,55.0,,,54.54752568935097,54.56366605949083,54.68117834459693,54.695055685118966,54.83400183188124,54.83018530829391,54.986825319165575,54.96100634999548,55.12047797441157,55.032169225009646
1166.0,16.000931098696462,16.000931098696462,0.09607292963543747,1,55.133889596683694,54.839397232312464,0.5889847287424317,55.0,,,54.54490486794126,54.571984871514054,54.68180406752041,54.72566558567248,54.83939723231245,54.84610477360777,54.99699039710451,54.98025317330286,55.133889596683694,55.07031642002837
1167.0,15.971438547486038,15.971438547486038,0.09610244530447185,1,55.146621257021486,54.844032684483,0.6051771450769436,55.0,,,54.54144411194454,54.56328403755024,54.68163008601609,54.710783606871274,54.84403268448299,54.848999450764936,55.0064352829499,54.9918643567803,55.146621257021486,55.09765691898766
1168.0,15.97225325884544,15.97225325884544,0.09423207563185998,1,55.159139445385065,54.84852227163118,0.6212343475077589,55.0,,,54.53790509787731,54.54006178842368,54.681343659487624,54.656298518717264,54.84852227163116,54.836336190698056,55.01570088377471,54.98747427567505,55.159139445385065,55.08231558034205
1169.0,16.000931098696462,16.000931098696462,0.09555892436012185,1,55.1723882505275,54.85401321539174,0.6367500702715034,55.0,,,54.535638180255994,54.534907584339166,54.68219338077901,54.654529268053324,54.854013215391724,54.84776319403999,55.025833050004444,55.01435733760542,55.1723882505275,55.15844995494674
1170.0,16.000931098696462,16.000931098696462,0.09712541238557959,-1,55.18510309721938,54.85889504999541,0.6524160944479149,55.0,,,54.53268700277147,54.517386669334485,54.68239778871572,54.62379844658196,54.858895049995404,54.8568826592443,55.0353923112751,55.05204440210564,55.18510309721938,55.28138883776024
1171.0,16.000931098696462,16.000931098696462,0.09600415934521876,-1,55.17491304123269,54.8629226495496,0.6239807833661644,55.0,,,54.55093225786653,54.53931803140544,54.69277441312611,54.643966923950686,54.86292264954959,54.85423541535573,55.033070885973075,55.03177643865245,55.17491304123269,55.20016861359828
1172.0,16.000931098696462,16.000931098696462,0.09471201488885922,-1,55.16561320581394,54.867546022939884,0.5961343657481066,55.0,,,54.569478840065834,54.55019606450005,54.703690259419815,54.63538883797563,54.86754602293987,54.84791871570122,55.031401786459924,55.01617751142908,55.16561320581394,55.14748877572036
1173.0,16.000931098696462,16.000931098696462,0.09835635874605596,-1,55.15731006780257,54.87285625352892,0.5689076285472652,55.0,,,54.588402439255304,54.61882356881712,54.71522351228927,54.78206024109962,54.872856253528916,54.88734384843018,55.03048899476857,55.029144703235325,55.15731006780257,55.141537172302606
1174.0,16.000931098696462,16.000931098696462,0.09823589383073653,-1,55.146742246287076,54.87619071280299,0.5411030669681693,55.0,,,54.605639179318906,54.62571120357667,54.725007587307964,54.76275325541983,54.87619071280297,54.8870189152291,55.02737383829799,55.03031059993235,55.146742246287076,55.155930059644156
1175.0,16.000931098696462,16.000931098696462,0.09603782637884162,-1,55.13639857714711,54.879582999664976,0.5136311549642514,55.0,,,54.62276742218286,54.62325328001515,54.73484489222717,54.71724250411666,54.87958299966497,54.87156112194099,55.02432110710277,55.009874698405305,55.13639857714711,55.10258050984492
1176.0,16.000931098696462,16.000931098696462,0.0960774097927157,-1,55.12764480849577,54.88415344532948,0.4869827263325561,55.0,,,54.64066208216322,54.64144365924263,54.745728241126436,54.72986016016578,54.88415344532948,54.87545756325777,55.022578649532534,55.00625695954413,55.12764480849577,55.08780573951468
1177.0,16.000931098696462,16.000931098696462,0.09729315550460378,-1,55.118998163216006,54.888692998523176,0.46061032938564495,55.0,,,54.65838783383036,54.665614285457465,54.75658135508555,54.76030688369187,54.88869299852317,54.88804447561771,55.020804641960794,55.01418666150878,55.118998163216006,55.107893125761976
1178.0,16.000931098696462,16.000931098696462,0.09818192351213254,-1,55.109681630728645,54.89256718717147,0.4342288871143367,55.0,,,54.67545274361431,54.67917836862341,54.76683789872208,54.76380713966482,54.892567187171466,54.895539511184346,55.01829647562086,55.02409450690712,55.109681630728645,55.14469501425041
1179.0,16.000931098696462,16.000931098696462,0.10016689725690854,-1,55.09991130450382,54.895953625552146,0.40791535790333455,55.0,,,54.691995946600485,54.70883069314825,54.77665328880823,54.81104307220991,54.895953625552146,54.913769999776505,55.015253962296065,55.037956291576904,55.09991130450382,55.17939608221286
1180.0,16.000931098696462,16.000931098696462,0.09853550753777146,-1,55.08896577975881,54.898261648505354,0.38140826250690907,55.0,,,54.7075575172519,54.70339653019259,54.78549976898994,54.76257162947558,54.89826164850535,54.90040219374737,55.01102352802076,55.025674572974424,55.08896577975881,55.15609338178504
1181.0,16.000931098696462,16.000931098696462,0.09733694780731784,-1,55.07922739598882,54.9014451058916,0.3555645801944465,55.0,,,54.72366281579438,54.70693473404765,54.795113345988185,54.73947969385185,54.90144510589159,54.89223199236285,55.007776865795,55.01370279520627,55.07922739598882,55.124169108440455
1182.0,16.000931098696462,16.000931098696462,0.09809899846742255,-1,55.070404519397805,54.90526868972777,0.3302716593400561,55.0,,,54.74013286005775,54.733998717282454,54.805283194523426,54.78044412492379,54.90526868972777,54.90244979535964,55.00525418493212,55.01281421119589,55.070404519397805,55.10872597230053
1183.0,16.000931098696462,16.000931098696462,0.10034554445160422,-1,55.061202554598424,54.90867279069958,0.3050595277976669,55.0,,,54.75614302680076,54.78171979029343,54.81506449085495,54.875379520312926,54.90867279069958,54.927263972861375,55.00228109054422,55.0179757086589,55.061202554598424,55.09676913024807
1184.0,16.000931098696462,16.000931098696462,0.09893327914881343,-1,55.050645729573574,54.9108566675507,0.27957812404574867,55.0,,,54.771067605527826,54.76534947584297,54.82374219668235,54.80023342363381,54.910856667550696,54.912404472007275,54.99797113841904,55.01471244707213,55.050645729573574,55.11734115437751
1185.0,16.000931098696462,16.000931098696462,0.09788007017925411,-1,55.04114223454258,54.91379836617741,0.2546877367303537,55.0,,,54.78645449781223,54.76034855957246,54.833076330750046,54.75769731138815,54.9137983661774,54.90273067448151,54.99452040160477,55.00936196264459,55.04114223454258,55.11682439919856
1186.0,16.000931098696462,16.000931098696462,0.09915724717326035,-1,55.032450168132605,54.917302511023806,0.2302953142175923,55.0,,,54.80215485391501,54.80590483704242,54.842891711468596,54.84824510694815,54.917302511023806,54.92098422144608,54.99171331057902,55.00282800699694,55.032450168132605,55.064196643599445
1187.0,16.000931098696462,16.000931098696462,0.09784873445784303,-1,55.02303440777734,54.92010938274789,0.20585005005890622,55.0,,,54.81718435771843,54.82539995828227,54.85206429523097,54.865140735443944,54.92010938274788,54.91676366409134,54.9881544702648,54.97800266219644,55.02303440777734,54.97592493784138
1188.0,16.000931098696462,16.000931098696462,0.09482687449209237,-1,55.01459389993244,54.92361702985737,0.1819537401501421,55.0,,,54.8326401597823,54.809516512913035,54.86183906542027,54.789217587198436,54.92361702985737,54.89292905650645,54.985394994294474,54.953092459684925,55.01459389993244,54.92175482120537
1189.0,16.000931098696462,16.000931098696462,0.09507056761758784,-1,55.00824757204158,54.92874977701699,0.15899559004918018,55.0,,,54.8492519819924,54.8156822574281,54.8730396634902,54.77811514970221,54.92874977701699,54.89499762220898,54.98445989054379,54.958025750716004,55.00824757204158,54.9489042538932
1190.0,16.000931098696462,16.000931098696462,0.09682067387781086,-1,55.001843131781676,54.93374026485135,0.13620573386064905,55.0,,,54.86563739792103,54.85004890570953,54.884088928729476,54.8419690130969,54.933740264851345,54.913684778722505,54.98339160097323,54.964841654298326,55.001843131781676,54.955293256163074
1191.0,15.99881284916201,15.99881284916201,0.09848932117577329,-1,54.99439136319512,54.93777456371115,0.11323359896793761,55.0,,,54.88115776422718,54.87670859762685,54.89425931585166,54.88519034085073,54.937774563711145,54.92961442893238,54.98128981157064,54.974873746588266,54.99439136319512,54.98144677836004
1192.0,15.977467411545623,15.977467411545623,0.10021167315334623,-1,54.985940004117076,54.94088973446892,0.09010053929630146,55.0,,,54.895839464820774,54.89950479894683,54.90358149752368,54.918644196123786,54.94088973446892,54.94454840497562,54.97819797141417,54.9875521172429,54.985940004117076,55.02073439398917
1193.0,16.000931098696462,16.000931098696462,0.10199171805676743,-1,54.97637829644104,54.94298003144396,0.06679652999415708,55.0,,,54.909581766446884,54.94969320136902,54.911951228132786,55.0206361131116,54.94298003144396,54.967076337400684,54.97400883475514,54.982979423883044,54.97637829644104,54.97514797394604
1194.0,16.000931098696462,16.000931098696462,0.0998554565083596,-1,54.96887427890264,54.94419906207595,0.04935043365338743,55.0,,,54.9225436284478,54.93101155842334,54.91952384524925,54.93919147022952,54.94419906207594,54.9472633044234,54.96887427890264,54.969774315356595,54.96585449570409,54.966481223173936
1195.0,16.000931098696462,16.000931098696462,0.10038591323892292,-1,54.965044918151875,54.94657046073487,0.03694891483400653,55.0,,,54.93629889209082,54.95220760926054,54.92809600331787,54.96633822488218,54.94657046073487,54.954442076502296,54.965044918151875,54.96701541153638,54.95684202937893,54.95443074332785
1196.0,16.000931098696462,16.000931098696462,0.10015187269645988,-1,54.96092324445934,54.948649870817896,0.024546747282890635,55.0,,,54.94971310969567,54.95772820737443,54.93637649717645,54.95247966423311,54.94864987081789,54.95268959937848,54.96092324445934,54.96386243293052,54.947586631940126,54.95605922145367
1197.0,16.000931098696462,16.000931098696462,0.10145770288484603,-1,54.963113799632474,54.950851313009466,0.02452497324600955,55.0,,,54.963113799632474,54.9933600222739,54.94473459784021,55.018237360132304,54.95085131300946,54.96840057387713,54.956968028178714,54.96189937563329,54.938588826386464,54.933283670786366
1198.0,16.000931098696462,16.000931098696462,0.09892114832038233,-1,54.97584497585057,54.952341718149135,0.04700651540285605,55.0,,,54.97584497585057,54.989264637748114,54.952424629278816,54.97467665633838,54.952341718149135,54.95017716508856,54.95225880701946,54.9338922662934,54.928838460447714,54.85880219494499
1199.0,16.000931098696462,16.000931098696462,0.09923179486120913,-1,54.98954945961903,54.955200793095855,0.06869733304635162,55.0,,,54.98954945961903,55.00708809700981,54.961306060622725,54.99334331787348,54.95520079309585,54.95538582275731,54.94909552556897,54.93007657178608,54.920852126572676,54.84777012066452
1200.0,16.000931098696462,16.000931098696462,0.09923179486120913,-1,55.00301257728822,54.957885683481265,0.09025378761388936,55.0,,,55.00301257728822,55.00065760337746,54.96999837648323,54.94839475395671,54.95788568348127,54.94534637941496,54.945772990479306,54.92270679670006,54.91275878967433,54.8468987635886
