time_s,current_A,preview_current_A,fan_duty,direction,hotspot_C,mean_temperature_C,gradient_C,reference_temperature_C,safe_temperature_C,objective,true_T1_C,estimated_T1_C,true_T2_C,estimated_T2_C,true_T3_C,estimated_T3_C,true_T4_C,estimated_T4_C,true_T5_C,estimated_T5_C
0.0,6.32216014897579,6.32216014897579,0.1,-1,56.344319167389415,55.28967909800521,2.01214223764093,55.0,,56.78403108397854,54.332176929748485,54.582176929748485,54.774501300954036,54.806350016147775,55.21682567215959,55.21682567215959,55.7805724197745,55.6555724197745,56.344319167389415,56.35534196153772
1.0,7.106564245810056,7.106564245810056,0.2,-1,56.29055348297898,55.26127635546769,1.9643274532504904,55.0,,27.114102379490852,54.32622602972849,54.53347308736022,54.75245392994586,54.74128400822945,55.19128487989333,55.15269087957123,55.7458634547918,55.62170821015121,56.29055348297898,56.30031913207324
2.0,9.613594040968344,9.613594040968344,0.30000000000000004,-1,56.17668014106151,55.184997154437426,1.8921689047506618,55.0,,13.549357902831508,54.28451123631085,54.50268985395996,54.68914149899793,54.688680568696974,55.11787662783382,55.091615041910806,55.65677626798304,55.50030505445056,56.17668014106151,56.15763859383734
3.0,9.613594040968344,9.613594040968344,0.4,-1,56.010514157434564,55.06835149685342,1.7962590129130263,55.0,,11.438771292061096,54.21425514452154,54.34740105117477,54.59198352367323,54.547981640606245,55.00410132738652,54.91099674817692,55.52090333125125,55.499295334500076,56.010514157434564,56.05131436883511
4.0,9.613594040968344,9.613594040968344,0.4,-1,55.78286753990567,54.90177955731409,1.677323832275114,55.0,,9.95384444550147,54.10554370763056,54.19476427200324,54.45128768868674,54.38189219254226,54.8403898352155,54.711445908106654,55.32880901513197,55.29484288583407,55.78286753990567,55.80729514202745
5.0,9.613594040968344,9.613594040968344,0.30000000000000004,-1,55.557858675867394,54.73655613509741,1.560861339848465,55.0,,7.723211269812232,53.99699733601893,53.95649172744022,54.311931393579364,54.17411966199566,54.67788371576507,54.40799528968073,55.13810955425625,54.85240509209938,55.557858675867394,55.45724322360399
6.0,9.613594040968344,9.613594040968344,0.30000000000000004,-1,55.39768919239772,54.62263343757011,1.4712073208416,55.0,,5.761894674526555,53.92648187155612,54.071213722903444,54.21766556037877,54.16612600162073,54.56642482423944,54.45849617241845,55.00490573927849,54.749889265031165,55.39768919239772,55.28735744705068
7.0,9.613594040968344,9.613594040968344,0.30000000000000004,-1,55.23909540977669,54.50940280478326,1.3832314524035425,55.0,,5.573919838558476,53.855863957373145,54.06321885458759,54.12411903636749,54.10682840905397,54.455541277133214,54.43948028157962,54.87239434326577,54.82958084626169,55.23909540977669,55.2222703551682
8.0,9.613594040968344,9.613594040968344,0.30000000000000004,-1,55.082048140383236,54.3968601607963,1.296885427689979,55.0,,5.828359357284578,53.78516271269326,53.85138180132414,54.03126599059145,53.93692097068636,54.345235542954114,54.239514711682006,54.74058841735942,54.768948670198306,55.082048140383236,55.1090379270566
9.0,9.613594040968344,9.613594040968344,0.20000000000000004,-1,54.92651931577813,54.28500145209635,1.2121231823443992,55.0,,4.238655983356319,53.71439613343373,53.912716332451495,53.939082384173,53.92206735976982,54.23550967682673,54.21849947142767,54.60949975027021,54.58891468221176,54.92651931577813,54.90316143866796
10.0,9.613594040968344,9.613594040968344,0.20000000000000004,-1,54.833454659935356,54.22287160210679,1.1526048005887048,55.0,,4.47912160775198,53.68084985934665,53.91272683189485,53.89058198895676,53.90278863678673,54.17531414210773,54.2258927904535,54.534157360187486,54.65786596661018,54.833454659935356,54.8952128907891
11.0,9.625488826815644,9.625488826815644,0.20000000000000004,-1,54.741163368146296,54.160993702247595,1.094057845137442,55.0,,3.800903060805824,53.647105523008854,53.864691439643224,53.8423512322355,53.84869037085234,54.11528556172449,54.155953287934736,54.45906282612281,54.57040065490187,54.741163368146296,54.79372363776338
12.0,9.627281191806333,9.627281191806333,0.20000000000000004,-1,54.649680097213995,54.099416268079665,1.036456179824775,55.0,,4.035692662287775,53.61322391738922,53.85922909225037,53.79442580652004,53.83251267430183,54.0554768995035,54.161287069309644,54.384274619771574,54.6211177597309,54.649680097213995,54.79026627506512
13.0,9.639501862197395,9.639501862197395,0.20000000000000004,-1,54.55894835756197,54.038096080284596,0.9797748678235294,55.0,,2.335159001661941,53.57917348973844,53.823308723187075,53.74675066860463,53.78057874518444,53.9958491034042,54.05287575003061,54.30975878211372,54.408759600721794,54.55894835756197,54.588576622403984
14.0,9.613594040968344,9.613594040968344,0.20000000000000004,-1,54.46899783987821,53.977075542403135,0.9239901020851278,55.0,,2.051872798148578,53.545007737793085,53.787415676585304,53.699357328649256,53.73839422867247,53.93644848373947,53.9991646746165,54.23556632195561,54.344352790256096,54.46899783987821,54.50591183433626
15.0,9.613594040968344,9.613594040968344,0.20000000000000004,-1,54.379656481660625,53.91619477674202,0.869079140063171,55.0,,1.6482604702982135,53.510577341597454,53.79334099079815,53.652075882095595,53.727625964756484,53.87711882794306,53.94724209631843,54.16154535041336,54.22979015385219,54.379656481660625,54.36960669818135
16.0,9.613594040968344,9.613594040968344,0.20000000000000004,-1,54.29101989760467,53.85556108248536,0.8150202424536062,55.0,,1.7165695932488176,53.475999655151064,53.72032336067827,53.60500440813235,53.66058324738964,53.81797087605369,53.90162240020775,54.08781057548502,54.22582230979728,54.29101989760467,54.35697994141949
17.0,9.613594040968344,9.613594040968344,0.10000000000000003,-1,54.203075911419816,53.79517349368763,0.7617926157008412,55.0,,1.7571395169061583,53.441283295718975,53.70786290902223,53.55813347208863,53.62999558976458,53.75900689471553,53.80935117508418,54.014367894495166,54.05359419917584,54.203075911419816,54.16175685441743
18.0,9.641945996275608,9.641945996275608,0.10000000000000003,-1,54.17532136375396,53.78308864503646,0.7321689770474862,55.0,,1.785058807959298,53.44315238670647,53.66235076143915,53.55371948784113,53.584998628712235,53.748213360510576,53.768929992369266,53.995036626370144,54.01627055975537,54.17532136375396,54.12821496460475
19.0,9.613594040968344,9.613594040968344,0.10000000000000003,-1,54.147929456546315,53.77114641335764,0.7029340667272095,55.0,,1.7956207452352568,53.444995389819105,53.65299860609597,53.54943043881086,53.580009638446306,53.73751158171788,53.765705711681264,53.97586519989403,54.01806131645234,54.147929456546315,54.128645672040186
20.0,9.613594040968344,9.613594040968344,0.10000000000000003,-1,54.12065889653508,53.759110484436576,0.6740791880001069,55.0,,1.571735517814069,53.446579708534976,53.687876828918384,53.54502592855287,53.62163965082613,53.726667610951594,53.78570938763067,53.95662027760833,54.02589874006746,54.12065889653508,54.12413092342804
21.0,9.613594040968344,9.613594040968344,0.10000000000000003,-1,54.093623097464786,53.74709906312903,0.6455960139604855,55.0,,1.8425530505195233,53.4480270835043,53.62610727255355,53.54062040650299,53.5578104413343,53.71580188456718,53.75030561737404,53.93742284360592,54.00716044541068,54.093623097464786,54.12006760842195
22.0,9.613594040968344,9.613594040968344,0.10000000000000003,-1,54.066817398700394,53.73511210097284,0.6174765667985724,55.0,,1.3080413242105218,53.44934083190182,53.60247369804513,53.53621037322389,53.519073153404136,53.704916459488146,53.685222341986375,53.91827544154999,53.90718598520579,54.066817398700394,53.99808639905747
23.0,9.613594040968344,9.613594040968344,0.10000000000000003,-1,54.040237310089665,53.7231495495957,0.5897131983004797,55.0,,0.932630157855703,53.450524111789186,53.63775400428828,53.5317926129611,53.5672450575278,53.69401327513104,53.70470440549328,53.89918043800755,53.914756365489026,54.040237310089665,53.99666081193917
24.0,9.613594040968344,9.613594040968344,0.10000000000000003,-1,54.013878503847685,53.71121136071507,0.562298571511576,55.0,,1.535481004944288,53.45157993233611,53.57769482731165,53.52736417420088,53.50151598016306,53.683094161280074,53.67585048018742,53.88014003191056,53.902079632542176,54.013878503847685,54.004460708956515
25.0,9.613594040968344,9.613594040968344,0.10000000000000003,-1,53.98773680685084,53.69929748613796,0.535225643493149,55.0,,2.072129376057529,53.45251116335769,53.53759761169856,53.52292235154128,53.470564948218644,53.672160845370584,53.68454433055018,53.86115626356939,53.938726601151096,53.98773680685084,54.07740860336556
26.0,9.613594040968344,9.613594040968344,0.10000000000000003,-1,53.961808193320095,53.687407877760904,0.5084876491061578,55.0,,1.5088241492265622,53.45332054421394,53.51739150886948,53.518464668786464,53.42881697859906,53.66121495922835,53.614538311873524,53.84223102325567,53.83447214067553,53.961808193320095,53.932279530090376
27.0,9.613594040968344,9.613594040968344,0.10000000000000003,-1,53.93608877787459,53.67554248756973,0.4820780857602429,55.0,,1.356589888964725,53.454010692114345,53.51256204829708,53.5139888631808,53.4285991615149,53.65025804530788,53.60424389365318,53.823366059371025,53.818086311279764,53.93608877787459,53.91482029465394
28.0,9.613594040968344,9.613594040968344,0.10000000000000003,-1,53.91057480893715,53.66370126763943,0.45599069906953105,55.0,,1.80088248839714,53.45458410986762,53.47712832380948,53.50949287070489,53.394397794819795,53.63929156246923,53.595760654993875,53.804562986218265,53.82145922162396,53.91057480893715,53.94304063934549
29.0,9.613594040968344,9.613594040968344,0.10000000000000003,-1,53.88526266247434,53.65188417013405,0.43021946936067934,55.0,,0.8180223093117561,53.45504319311366,53.531144552470025,53.50497481236118,53.46942179907723,53.62831689132999,53.599042890070805,53.7858232913911,53.79496112361352,53.88526266247434,53.8824353592232
30.0,9.613594040968344,9.613594040968344,0.10000000000000003,-1,53.860148836054336,53.640091147306535,0.4047585989816298,55.0,,0.5451431193344642,53.455390237072706,53.53001559599947,53.50043298138188,53.46785792972303,53.617335339225576,53.5795960951455,53.767148342798166,53.761807169929035,53.860148836054336,53.836017352510595
31.0,9.613594040968344,9.613594040968344,0.10000000000000003,-1,53.83522994320666,53.62832215149856,0.37960250036275056,55.0,,0.26920795702519,53.45562744284391,53.579085641812306,53.495865831296435,53.547944453618776,53.60634814480891,53.60214886097922,53.74853939533686,53.767146567116576,53.83522994320666,53.83343742806726
32.0,9.613594040968344,9.613594040968344,0.10000000000000003,-1,53.81050270806867,53.616577135140425,0.35474578478504526,55.0,,0.827935173296044,53.45575692328362,53.493220805208644,53.49127196480039,53.42757194378529,53.59535648231748,53.560947787594614,53.72999759723198,53.743751973408465,53.81050270806867,53.845218084015016
33.0,9.613594040968344,9.613594040968344,0.10000000000000003,-1,53.7859639603042,53.60485605075091,0.3301832518127199,55.0,,0.5531189203447963,53.45578070849148,53.463333942574366,53.48665012337124,53.37379638909281,53.58436146553382,53.50987812664729,53.71152399605383,53.67822498141232,53.7859639603042,53.750669515839164
34.0,9.613594040968344,9.613594040968344,0.10000000000000003,-1,53.76161063028074,53.593158850937115,0.3059098793500752,55.0,,0.2696945841084688,53.45570075093067,53.55318243053185,53.48199917758079,53.51698313056491,53.573364151463366,53.53638730823293,53.693119544430054,53.66961424787393,53.76161063028074,53.70314069584741
35.0,9.613594040968344,9.613594040968344,0.10000000000000003,-1,53.73743974449176,53.58148548839436,0.28192081428507265,55.0,,0.34256083677991905,53.455518930206686,53.47422279404527,53.477318118056935,53.401721628484424,53.562365543751476,53.50152682061569,53.67478510546489,53.65198514578744,53.73743974449176,53.725853767104944
36.0,9.613594040968344,9.613594040968344,0.10000000000000003,-1,53.71344842121185,53.569835915905934,0.25821136368421094,55.0,,0.5717080428473774,53.45523705752764,53.44451164105518,53.47260604705112,53.36764712715728,53.551366595859875,53.490710769389224,53.656521457879194,53.6473676653095,53.71344842121185,53.74804584143766
37.0,9.613594040968344,9.613594040968344,0.10000000000000003,-1,53.68963386637273,53.55821008634314,0.2347769865055298,55.0,,0.26055425752039646,53.4548568798672,53.495832882228065,53.46786217057059,53.45666018669584,53.54036821402103,53.50024019341638,53.63832930088414,53.63299790770097,53.68963386637273,53.707242029570374
38.0,9.613594040968344,9.613594040968344,0.10000000000000003,-1,53.66599336964869,53.54660795266498,0.21161328579846383,55.0,,0.28108317148581996,53.454380083850225,53.51507877711881,53.46308579103745,53.49268907010002,53.52937125998752,53.49842030275999,53.62020925880099,53.61665049131931,53.66599336964869,53.68046568641175
39.0,9.613594040968344,9.613594040968344,0.10000000000000003,-1,53.642524300740774,53.53502946791809,0.1887160013612501,55.0,,0.2738194741325533,53.453808299379524,53.47742230335443,53.45827630043918,53.43263535109912,53.518376553592084,53.47220054415754,53.60216188543894,53.592398055314696,53.642524300740774,53.668416078149804
40.0,9.633147113594042,9.633147113594042,0.10000000000000003,-1,53.61922410584943,53.52347458523665,0.16608100282834926,55.0,,0.3569136907089342,53.453143103021084,53.50356705020897,53.45343317393753,53.482313654283544,53.50738487513275,53.473398460339716,53.58418766824246,53.57722231529979,53.61922410584943,53.6400602230492
41.0,9.619622905027937,9.619622905027937,0.10000000000000003,-1,53.59617169307732,53.51202464659356,0.14753434042071945,55.0,,0.3064507928301199,53.4524674099153,53.47576946694857,53.448637352656604,53.43892352650721,53.4964783563478,53.4538631133215,53.566368420970754,53.55837769168155,53.59617169307732,53.634389515488174
42.0,9.613594040968344,9.613594040968344,0.10000000000000003,-1,53.573226800267385,53.50054175381765,0.1294761911316371,55.0,,0.3344006216417417,53.45164484774372,53.481860561034296,53.44375060913575,53.460549511256445,53.485519853507114,53.45611781576528,53.548566658434325,53.55521455644866,53.573226800267385,53.644172871106186
43.0,9.613594040968344,9.613594040968344,0.10000000000000003,-1,53.55041840364163,53.4890571802509,0.1116144498467122,55.0,,0.3459334302586577,53.45070817113952,53.46773946514899,53.43880395379492,53.438827902583185,53.47454136100541,53.439310791201386,53.53081401167304,53.53415378314793,53.55041840364163,53.6247435506332
44.0,9.613594040968344,9.613594040968344,2.7755575615628914e-17,-1,53.527769366774734,53.47759602258801,0.09394708484473568,55.0,,0.17554437949093568,53.449683916097264,53.49194673971733,53.43382228193,53.478603977071096,53.463568665010115,53.42649639204686,53.513135883127944,53.498635738488375,53.527769366774734,53.54920684628238
45.0,9.613594040968344,9.613594040968344,0.10000000000000003,-1,53.56341928989386,53.513573089984085,0.0926003336044019,55.0,,0.32708880191114814,53.48530638284143,53.463284091394826,53.470818956289456,53.40901096748892,53.49998884444315,53.44859950529424,53.548331976452474,53.54544387098004,53.56341928989386,53.652018783388016
46.0,9.613594040968344,9.613594040968344,0.10000000000000003,-1,53.540844557473484,53.50206194841134,0.0751615070088576,55.0,,0.40928913389305155,53.484153988536,53.42161373458023,53.46568305046463,53.34655886172518,53.48893383044839,53.431874755081594,53.53069431513422,53.54127790538396,53.540844557473484,53.68847654152731
47.0,9.613594040968344,9.613594040968344,0.10000000000000003,-1,53.518426057638735,53.49057427541751,0.057911619139595416,55.0,,0.36022869903247245,53.48291504298326,53.42162827962387,53.46051443849914,53.35256910124322,53.47788652788498,53.41678416374254,53.51312931008143,53.51732561824788,53.518426057638735,53.650787603105385
48.0,9.613594040968344,9.613594040968344,2.7755575615628914e-17,-1,53.49616160673894,53.47911002447297,0.04084871936837686,55.0,,0.3725841754921148,53.4815909260758,53.449550449124025,53.45531288737056,53.40319276022007,53.46684747044238,53.402398462214755,53.4956372317372,53.477950244262864,53.49616160673894,53.55866798535811
49.0,9.613594040968344,9.613594040968344,0.0,-1,53.53212692829915,53.51508706889324,0.039991662402727,55.0,,0.06701114099006421,53.516980502045,53.52491496524151,53.49213526589642,53.512731037479575,53.50321026940609,53.442772598333896,53.530982378819516,53.49512423877367,53.53212692829915,53.52551622916722
50.0,9.613594040968344,9.613594040968344,0.0,-1,53.5680778460733,53.551063574068245,0.03916304674735471,55.0,,0.10661030798031898,53.55240157031849,53.570269001372125,53.528914799325946,53.56470060604103,53.5395600529316,53.47432722856218,53.56636360169186,53.514850629272566,53.5680778460733,53.5190140548214
51.0,9.613594040968344,9.613594040968344,0.0,-1,53.60401550149275,53.58703955291444,0.03836167217180275,55.0,,0.10351974386975432,53.58785248193536,53.60234057708282,53.56565382932095,53.610736399311016,53.57589726454455,53.52972728772891,53.6017786872786,53.57933019944484,53.60401550149275,53.63505966842434
52.0,9.613594040968344,9.613594040968344,0.0,-1,53.63994096099518,53.623015018347544,0.037586395101030234,55.0,,0.12001033683756285,53.62333167714779,53.63301411066976,53.60235456589415,53.64044697128109,53.61222233081368,53.56552008925716,53.63722555688692,53.6149097830326,53.63994096099518,53.6762856411829
53.0,9.613594040968344,9.613594040968344,0.0,-1,53.67585522070538,53.65898998328248,0.036836125794586394,55.0,,0.061112937922209266,53.6588376804835,53.65835556711824,53.63901909491079,53.647953089467094,53.6485356621701,53.581897654359814,53.67270225814267,53.62347468587517,53.67585522070538,53.65089589146055
54.0,9.613594040968344,9.613594040968344,0.0,-1,53.71175921083116,53.6949644606335,0.036109825668354745,55.0,,0.09795916092547775,53.69436909608629,53.71120582752761,53.67564938516281,53.720110818133264,53.68483765367743,53.623119508771964,53.70820695740983,53.65367013723351,53.71175921083116,53.66535854881576
55.0,9.613594040968344,9.613594040968344,0.0,-1,53.747653799791486,53.730938463314104,0.03540650475178353,55.0,,0.06616937356676304,53.72992460331889,53.721030155339,53.7122472950397,53.71093260892544,53.72112868575613,53.65424747282484,53.743737932664324,53.69505091590761,53.747653799791486,53.73713479734994
56.0,9.613594040968344,9.613594040968344,0.1,-1,53.783539798093024,53.766912004237135,0.03472521927390915,55.0,,0.39185891662684386,53.76550295261326,53.715477602484484,53.748814578819115,53.68114696986482,53.75740912486527,53.69118444289033,53.779293566794976,53.75694782118927,53.783539798093024,53.8716308789071
57.0,9.613594040968344,9.613594040968344,0.0,-1,53.76373083190921,53.754884697274555,0.02102900235386329,55.0,,0.15006996835199654,53.76373083190921,53.75249677214515,53.742701829555344,53.76023992231859,53.74569815787825,53.69161722370689,53.761534174541104,53.73257693930389,53.76075849248887,53.80954788074754
58.0,9.613594040968344,9.613594040968344,0.0,-1,53.799233950946544,53.790857937981876,0.020021773483549055,55.0,,0.20525439160855194,53.799233950946544,53.77729674499194,53.779212177462995,53.77920835479089,53.781958441005514,53.72602388321304,53.79713604625004,53.77109122674602,53.79674907424432,53.861290934168856
59.0,9.613594040968344,9.613594040968344,0.0,-1,53.8347591472122,53.826830738438545,0.019065169987250385,55.0,,0.06437167817879365,53.8347591472122,53.826699886055,53.81569397722495,53.84069010471598,53.818209154937236,53.75904340178355,53.83276088702101,53.790928417029015,53.83273052579734,53.84595243580693
60.0,9.613594040968344,9.613594040968344,0.0,-1,53.870305301842926,53.862803111555635,0.01815650402530622,55.0,,0.10093955198111261,53.870305301842926,53.877706201199295,53.85214879781762,53.90895159844416,53.85445061571463,53.799211925586334,53.86840726473697,53.8205506311574,53.86870357766604,53.857539781783984
61.0,9.613594040968344,9.613594040968344,0.0,-1,53.905871356063834,53.898775070243616,0.017293235946517882,55.0,,0.04992414822806819,53.905871356063834,53.88118902595055,53.888578120117316,53.87626864926852,53.89068312830716,53.816563240280566,53.904073834709465,53.845609032661685,53.90466891202031,53.88888493579548
62.0,9.613594040968344,9.613594040968344,0.0,-1,53.941456307875555,53.93474662741236,0.016472965940330653,55.0,,0.10730382914168744,53.941456307875555,53.9269241981195,53.924983341935224,53.94297445389917,53.92690698709256,53.86534002967788,53.93975933444115,53.89331180140785,53.94062716571728,53.9538585222084
63.0,9.613594040968344,9.613594040968344,0.0,-1,53.97705920892799,53.97071779597112,0.015693426164119728,55.0,,0.18228890134830564,53.97705920892799,53.97114452004694,53.96136578276387,53.99466534445912,53.963122476310886,53.89815268569456,53.975462578701126,53.915622286967384,53.97657893315174,53.948953724377745
64.0,9.613594040968344,9.613594040968344,0.0,-1,54.01267916157008,54.00668858882864,0.014952473318423642,55.0,,0.3235627270610565,54.01267916157008,53.98403783727352,53.99772668825165,53.99118609758331,53.99932987049432,53.933435898425685,54.01118245489431,53.964553911274486,54.01252476893285,54.040279773840346
65.0,9.613594040968344,9.613594040968344,0.0,-1,54.048465190397415,54.04265901889308,0.0143979559764702,55.0,,0.6641090509322287,54.04831531606554,54.06650676711863,54.034067234420945,54.13081664915749,54.0355294348742,53.99229571666175,54.04691791870732,54.00254665092701,54.048465190397415,54.051921248416456
66.0,9.613594040968344,9.613594040968344,0.0,-1,54.08440067996967,54.0786290990721,0.014012148325200258,55.0,,0.5218905593351414,54.08396686796517,54.069558613782256,54.07038853164447,54.09005609836014,54.07172142576684,54.003847032769734,54.082667990014315,54.01904789012355,54.08440067996967,54.05869709639249
67.0,9.613594040968344,9.613594040968344,0.0,-1,54.12033168737674,54.11459884227279,0.013640058983000358,55.0,,0.4681894427504871,54.11963305562674,54.0742233598737,54.10669162839374,54.05582639310933,54.10790609093949,54.01595767138715,54.11843174902726,54.035875488170106,54.12033168737674,54.06553717194486
68.0,9.613594040968344,9.613594040968344,0.0,-1,54.15625863172858,54.15056826140184,0.01328111695590195,55.0,,0.8673398247338778,54.15531315787425,54.12543301164902,54.14297751477268,54.133180902519214,54.144083669957624,54.062990337247946,54.15420833267604,54.07698046822032,54.15625863172858,54.109303994139815
69.0,9.613594040968344,9.613594040968344,0.0,-1,54.19218190347041,54.186537369365396,0.012934777621772753,55.0,,1.1333966255880927,54.191006491788336,54.154986906537616,54.17924712584864,54.15120942021341,54.180254394514826,54.0836844933191,54.18999693120473,54.089469369356685,54.19218190347041,54.08660089885645
70.0,9.613594040968344,9.613594040968344,0.1,-1,54.22810186621545,54.22250617906917,0.012600521422960753,55.0,,1.509226045376263,54.22671241062071,54.20074823564901,54.215501344792486,54.2220969721789,54.216418488746235,54.13771006535263,54.225796784970974,54.14635472307274,54.22810186621545,54.18089049852547
71.0,9.613594040968344,9.613594040968344,0.1,-1,54.224124735398036,54.209552232306315,0.020458716173585856,55.0,,1.1620110033413749,54.224124735398036,54.19046682075933,54.20814542054952,54.21126427706759,54.20366601922445,54.13117341617033,54.20736534168763,54.143249943845284,54.20445964467199,54.21464772515648
72.0,9.613594040968344,9.613594040968344,0.1,-1,54.2214358002636,54.19662460417679,0.0404539351311044,55.0,,0.9737505967024895,54.2214358002636,54.18667948731717,54.20079043905297,54.21485587496264,54.19093314663358,54.128031475116906,54.18898176980132,54.14151096533581,54.180981865132495,54.245886309610995
73.0,9.613594040968344,9.613594040968344,0.1,-1,54.21864809644837,54.18372324287725,0.06098250623861645,55.0,,1.2197098031772715,54.21864809644837,54.17608097071489,54.193434532058575,54.19230801286272,54.178220047844064,54.10546629341307,54.17064794782548,54.11175648379488,54.15766559020975,54.19892116598436
74.0,9.613594040968344,9.613594040968344,0.0,-1,54.21576401267171,54.17084809669943,0.08125601655630277,55.0,,1.130821904710617,54.21576401267171,54.157038642645674,54.18607597827359,54.153232684898896,54.16552689167998,54.08123445199835,54.15236560475649,54.08588913427444,54.13450799611541,54.16987709964659
75.0,9.613594040968344,9.613594040968344,0.0,-1,54.251069249010186,54.206817034913776,0.08019309228009774,55.0,,1.5644325319481145,54.251069249010186,54.19490235108332,54.22224922562879,54.192210675910324,54.20166099059287,54.10869756093526,54.18822955260698,54.10396931550342,54.17087615673009,54.15181387934389
76.0,9.613594040968344,9.613594040968344,0.1,-1,54.286393599507655,54.24278568214455,0.0791608452621162,55.0,,1.8809624775770595,54.286393599507655,54.241339514185384,54.2584019016603,54.25808825088742,54.23778963425735,54.1525330552672,54.224110521051934,54.14337455624151,54.20723275424554,54.19225101270985
77.0,9.613594040968344,9.613594040968344,0.1,-1,54.28330983533231,54.229790536719996,0.09924837177759827,55.0,,2.0695142952799257,54.28330983533231,54.23754105570505,54.25085283315238,54.25512869701344,54.22495959698238,54.13933390225551,54.20576895457816,54.12392300360508,54.18406146355471,54.17304650986503
78.0,9.613594040968344,9.613594040968344,0.0,1,54.28013258556319,54.21682179100678,0.11908744490576595,55.0,,2.180216066637109,54.28013258556319,54.23898537259417,54.24330090721114,54.26144973009225,54.21215047087886,54.125085303066776,54.18747985072331,54.09807918579567,54.16104514065742,54.130558994706504
79.0,9.613594040968344,9.613594040968344,0.0,1,54.31527774988985,54.2527903595941,0.11767306966928004,55.0,,0.4172248046223883,54.31527774988985,54.277098941130674,54.279396484913825,54.30720228571617,54.24826390140261,54.166064049399075,54.22340898154364,54.139022187640784,54.19760468022057,54.18210328394819
80.0,9.607076350093111,9.607076350093111,0.1,1,54.35044388704658,54.28875865369237,0.11629403508861458,55.0,,0.32694642512707534,54.35044388704658,54.30635042200435,54.31547093992372,54.32599609307036,54.2843725381415,54.192677496094426,54.259356051392096,54.16182096546283,54.234149851957966,54.18509139653941
81.0,9.58100558659218,9.58100558659218,0.1,1,54.32579613075089,54.275643009801854,0.09346247634515237,55.0,,0.301607771068928,54.32579613075089,54.28000317227468,54.297075143350476,54.307868350328235,54.27140173777198,54.17318098124896,54.251608382730176,54.141868364271865,54.232333654405736,54.15345321526772
82.0,9.58100558659218,9.58100558659218,0.1,1,54.30122968128777,54.26244556502077,0.0709494973554925,55.0,,0.17634277085743327,54.30122968128777,54.2301705722357,54.27858974484,54.225500411261756,54.25834433050799,54.12585826711311,54.24378388453579,54.09179559577937,54.23028018393228,54.04895044994644
83.0,9.608542830540038,9.608542830540038,0.1,1,54.276848994667574,54.24927492628584,0.0487470456833492,55.0,,0.3862095712931565,54.276848994667574,54.22732093768595,54.260127254888715,54.27725176961516,54.245309084637725,54.13991681526627,54.23598734825099,54.112059109051344,54.228101948984225,54.12593866165565
84.0,9.613594040968344,9.613594040968344,0.1,1,54.25276459679764,54.23624558196477,0.026847437775089134,55.0,,1.191716482270307,54.25276459679764,54.19105148739755,54.241805793798264,54.247726083596895,54.23241064430825,54.136995656182116,54.22832971589715,54.13173829622017,54.22591715902255,54.224123943124624
85.0,9.613594040968344,9.613594040968344,0.1,1,54.22887889353915,54.22326372258017,0.009323543084640562,55.0,,0.8708512350121841,54.22887889353915,54.18694260611033,54.22353492918282,54.28064075401207,54.219555350454506,54.13030926077856,54.22071388406217,54.116194316395976,54.22363555566216,54.18552927678582
86.0,9.613594040968344,9.613594040968344,0.0,1,54.221239418411905,54.21030823676214,0.016072261784188413,55.0,,1.0806979457652608,54.20516715662772,54.13541571661487,54.20529668768673,54.19933260390368,54.20672223694836,54.098360509124205,54.21311568413594,54.09675729945921,54.221239418411905,54.172954181993134
87.0,9.613594040968344,9.613594040968344,0.1,1,54.25702642492845,54.246276856436545,0.01588775284663768,55.0,,1.058969019959961,54.24113867208181,54.18156639128417,54.24129428097727,54.26045173258664,54.24280191830939,54.13949155280139,54.2491229858858,54.13181780890604,54.25702642492845,54.199528535862015
88.0,9.613594040968344,9.613594040968344,0.0,1,54.25445116088132,54.23327461895868,0.036926266020685716,55.0,,2.0278957824180224,54.21752489486063,54.12123919631541,54.22301964463769,54.167118604055055,54.22991432214784,54.115453883183726,54.241463072265944,54.136069549885526,54.25445116088132,54.26805071225796
89.0,9.613594040968344,9.613594040968344,0.0,-1,54.290129242272684,54.26924306038745,0.03651306606450788,55.0,,2.333124622086613,54.253616176208176,54.16832941400628,54.259019382670665,54.235566311586766,54.2659868094248,54.1620597834662,54.27746369136089,54.181619544150635,54.290129242272684,54.323774520924424
90.0,9.613594040968344,9.613594040968344,0.0,-1,54.325814265689246,54.30521123323001,0.03610912325026305,55.0,,0.8933233714367513,54.28970514243898,54.22376108478289,54.29502252502075,54.315998968772135,54.30205579506701,54.20264069819524,54.313458437934095,54.20758242337807,54.325814265689246,54.31114149159994
91.0,9.613594040968344,9.613594040968344,0.1,-1,54.361505957555,54.34117915039076,0.0357140232346822,55.0,,1.04017537540807,54.32579193432032,54.2688045135011,54.33102880234079,54.373223716625006,54.338121393364155,54.24377430581975,54.34944766437351,54.24375264396611,54.361505957555,54.3408294964228
92.0,9.613594040968344,9.613594040968344,0.1,-1,54.33737484941171,54.32798417273163,0.014166286431475328,55.0,,1.0132767975334502,54.323370591058016,54.2592438867508,54.323208562980234,54.35226861869525,54.325027251870914,54.22830171347899,54.33093960833729,54.22675183806942,54.33737484941171,54.333242672027964
93.0,9.613594040968344,9.613594040968344,0.1,-1,54.320833538865244,54.31481598780924,0.008876969931463918,55.0,,1.9303113478954819,54.320833538865244,54.25908914200812,54.31540703283132,54.34516761600716,54.31195656893378,54.20182035698514,54.31246442266662,54.179603018435266,54.31341837574931,54.222325437707276
94.0,9.613594040968344,9.613594040968344,0.1,-1,54.318184018512035,54.3016745429514,0.02855100309206904,55.0,,1.8289618069554203,54.318184018512035,54.263532183892174,54.307621276723026,54.362383316071615,54.29890940286201,54.200769375777696,54.294025001239945,54.17609539350864,54.289633015419966,54.2485332010919
95.0,9.613594040968344,9.613594040968344,0.1,-1,54.31542512613073,54.28855978558225,0.0494097283251449,55.0,,2.2512704211144006,54.31542512613073,54.256616322392055,54.29984857040502,54.343548695806554,54.28588580830642,54.1800973476277,54.27562402526351,54.14614758027804,54.26601539780558,54.19808999443134
96.0,9.63445065176909,9.63445065176909,0.1,-1,54.312559821457555,54.27547166322228,0.06999752706408202,55.0,,2.742995734473672,54.312559821457555,54.27895436670523,54.29208638737487,54.402553274846824,54.27288583639125,54.187019076720674,54.257263976494215,54.140386702318224,54.24256229439347,54.20169447784205
97.0,9.646182495344508,9.646182495344508,0.1,-1,54.30967773334723,54.26249692125642,0.09032032472578067,55.0,,2.0941860653639193,54.30967773334723,54.23882126826492,54.28441918427656,54.30284637405394,54.25999633260938,54.15196160109454,54.23903394742749,54.11535641350595,54.21935740862145,54.19339752904759
98.0,9.643901303538176,9.643901303538176,0.1,-1,54.30674343565919,54.249597371539494,0.11038379862839065,55.0,,2.7078773906682114,54.30674343565919,54.25565105595188,54.27680665789011,54.347715253765465,54.24717920554984,54.15153184481879,54.22089792156752,54.101314676043174,54.1963596370308,54.17255131216948
99.0,9.613594040968344,9.613594040968344,0.0,-1,54.30370108971744,54.23671452801218,0.13019339184496204,55.0,,2.952412811162039,54.30370108971744,54.25883173015991,54.26918836984042,54.35318307109576,54.234376062631384,54.136734072986506,54.2027994199992,54.07248526935874,54.17350769787248,54.11536117791012
100.0,9.613594040968344,9.613594040968344,0.0,1,54.338897942978036,54.27268294319623,0.12876698795177077,55.0,,2.29600461804779,54.338897942978036,54.28424307014225,54.305150087488634,54.36485294960702,54.27041681391625,54.17407870666069,54.23881891657198,54.12020409800885,54.210130955026266,54.198837165958544
101.0,9.613594040968344,9.613594040968344,0.0,1,54.37411162809639,54.30865109102824,0.12737118086221244,55.0,,0.6956012786980453,54.37411162809639,54.285121379567045,54.341096205440806,54.31362498701338,54.306455055815654,54.190290595471275,54.27485211855416,54.1522207065063,54.246740447234174,54.249721383173316
102.0,9.583286778398511,9.583286778398511,0.1,1,54.409341432941176,54.34461898441251,0.12600463141693297,55.0,,1.7790399604081037,54.409341432941176,54.29288785632651,54.377027754282196,54.2906445544678,54.342490871084486,54.22347525400312,54.310898062230464,54.21169383260446,54.28333680152424,54.382438516591954
103.0,9.576280260707636,9.576280260707636,0.1,1,54.384534592673944,54.33129095327356,0.10316022032048977,55.0,,0.9073443792120953,54.384534592673944,54.28058415546836,54.35827172089806,54.30549862077304,54.329232964357935,54.202016752968646,54.30304111608439,54.175481394920624,54.281374372353454,54.275619654954
104.0,9.548417132216017,9.548417132216017,0.1,1,54.359884182093914,54.317960848925566,0.08062909190073242,55.0,,0.8246327519225731,54.359884182093914,54.272431812962665,54.33951224433133,54.336440354171366,54.315970670266,54.19796264770918,54.295182057743375,54.16841009600721,54.27925509019318,54.26401710587611
105.0,9.529678770949722,9.529678770949722,0.1,1,54.33529961935005,54.30454198440707,0.05840357864569512,55.0,,1.0079977731570164,54.33529961935005,54.23406936016982,54.32066619338249,54.28855743736135,54.30261737850226,54.1734045542139,54.287230690096166,54.15175430618213,54.27689604070436,54.247169641977194
106.0,9.515828677839853,9.515828677839853,0.1,1,54.31081532998506,54.291072505701734,0.036476357940117055,55.0,,1.9644745841886395,54.31081532998506,54.1971934282714,54.30177501825641,54.25190368616891,54.2892113091426,54.162161244037044,54.27922189907964,54.16049043831863,54.274338972044944,54.312038030971095
107.0,9.515828677839853,9.515828677839853,0.0,1,54.28644819146615,54.2775728461455,0.015275098936704978,55.0,,2.2531625853977015,54.28644819146615,54.177031238193,54.282862220568056,54.2535042284885,54.27577296713999,54.15388641656127,54.271173092529445,54.15824508967383,54.27160775902386,54.324559926002
108.0,9.515828677839853,9.515828677839853,0.0,1,54.3219297015317,54.31313452371491,0.015082379879906682,55.0,,2.3122956031869992,54.3219297015317,54.183594632964265,54.31834557920413,54.214214761721216,54.31139029694183,54.165606225643415,54.306847321651794,54.177065861065856,54.30715971924506,54.32547328493024
109.0,9.501652700186222,9.501652700186222,0.1,1,54.357411005555036,54.34869595391568,0.01489370761121478,55.0,,1.4383212428995773,54.357411005555036,54.2451564093422,54.35383164418731,54.31561267959177,54.3470056563668,54.21041682538887,54.34251729794382,54.20393552610088,54.34271416552545,54.30758780880801
110.0,9.483240223463689,9.483240223463689,0.0,1,54.33967174503263,54.33502041046209,0.006659358601929455,55.0,,2.824882184581547,54.3330123864307,54.171734831872655,54.33476041668773,54.18592082677764,54.33338579362989,54.174793501801176,54.33427171052953,54.20299011950914,54.33967174503263,54.37273938444636
111.0,9.455051210428309,9.455051210428309,0.1,1,54.37497698715812,54.3704463750639,0.006499557386177912,55.0,,1.6602937962873536,54.36847742977194,54.23464933685789,54.370116571653945,54.28934104663178,54.368862294572025,54.21399109870021,54.36979859216347,54.21729585083433,54.37497698715812,54.311857468421394
112.0,9.41806331471136,9.41806331471136,0.1,1,54.37156433391754,54.35653324118069,0.02758482628792791,55.0,,1.5609897396651025,54.34397950762961,54.23532911568091,54.35082671153884,54.3435721616289,54.355001338897466,54.21793961275984,54.361294313920006,54.21659117289697,54.37156433391754,54.316831441165036
113.0,9.41806331471136,9.41806331471136,0.0,-1,54.36789143222122,54.342494938363004,0.04839716246677028,55.0,,2.2705969947620672,54.31949426975445,54.17758079197671,54.3314275015113,54.25160943762807,54.341013493987795,54.19368620680843,54.352647994340266,54.22173658034269,54.36789143222122,54.39060172086233
114.0,9.401443202979518,9.401443202979518,0.0,-1,54.402706165306085,54.37765045178317,0.04778960433824153,55.0,,0.32860336048008465,54.354916560967844,54.19187389007528,54.366530540352215,54.2353212490928,54.376214803586365,54.21439227678146,54.3878841887033,54.250743075500345,54.402706165306085,54.419969717791716
115.0,9.385474860335195,9.385474860335195,0.1,-1,54.43746119888047,54.41273684355874,0.0471986055087541,55.0,,0.6074601485129271,54.390262593371716,54.23826793994058,54.40157379164192,54.295177585104554,54.41134557449126,54.24108906358492,54.42304105940838,54.25698950707003,54.43746119888047,54.3475483377939
116.0,9.354841713221605,9.354841713221605,0.1,-1,54.41217589489985,54.398449371343645,0.02527699903027525,55.0,,0.4506732505888048,54.38689889586958,54.212910914844244,54.39258720604806,54.239911870891426,54.397103924086245,54.21616978170814,54.4034809358145,54.239473087512806,54.41217589489985,54.35488069648925
117.0,9.352886405959032,9.352886405959032,0.1,-1,54.38694293451698,54.38406399293892,0.004180077313165498,55.0,,0.9039896930283995,54.383289479107084,54.232196520643804,54.383500208867986,54.29554258574984,54.382762857203815,54.21184806216408,54.38382448499873,54.21545050456282,54.38694293451698,54.30124698574506
118.0,9.340828677839852,9.340828677839852,0.1,-1,54.37955689832427,54.36969971594768,0.017679200743906165,55.0,,0.8938772709612873,54.37955689832427,54.23222104040427,54.37442858654232,54.304095711337034,54.36844143132022,54.20472161928698,54.36419396597125,54.20613401109463,54.36187769758036,54.313850634067634
119.0,9.32029795158287,9.32029795158287,0.1,-1,54.37566266840404,54.35531466611836,0.038727825188402676,55.0,,1.0274643134682482,54.37566266840404,54.21145970046384,54.36532747462554,54.254654930117844,54.354097820402295,54.174487491434235,54.344550523944314,54.17232387353102,54.33693484321564,54.261913621224316
120.0,9.32029795158287,9.32029795158287,0.1,-1,54.37157501079025,54.34087382523499,0.05949897218801681,55.0,,1.7690057261140033,54.37157501079025,54.254658214546005,54.356159081301335,54.373253787400515,54.33969705285334,54.193728040029995,54.324861942627834,54.16944119212126,54.312076038602235,54.25808992805856
121.0,9.287220670391063,9.287220670391063,0.1,-1,54.36738213289154,54.326462302034805,0.07999891157002281,55.0,,2.1322580502396713,54.36738213289154,54.25906728870395,54.347005944800195,54.38586601935768,54.32532428248429,54.18476294512376,54.30521592867647,54.15061324052715,54.28738322132152,54.234640686619855
122.0,9.255121042830542,9.255121042830542,0.1,-1,54.362950073823285,54.31194316997251,0.1002336447601806,55.0,,1.8643928708296904,54.362950073823285,54.25431152524812,54.33772875848552,54.37817468032768,54.31084262632983,54.17749164793855,54.285477962160776,54.145431087903425,54.262716429063104,54.264404010185345
123.0,9.255121042830542,9.255121042830542,0.1,-1,54.35828601668852,54.297320772001605,0.12020891985991966,55.0,,1.4938354036359254,54.35828601668852,54.24036866602849,54.32832966372876,54.34809467378987,54.29625646947967,54.16570549223472,54.26565461328249,54.14166080457794,54.2380770968286,54.304599685749814
124.0,9.233612662942274,9.233612662942274,0.1,-1,54.353525640821154,54.282728065766946,0.1399302458229883,55.0,,1.3488532473220536,54.353525640821154,54.231435472804485,54.31893958392103,54.33127342015228,54.28169881031936,54.1556761482167,54.245880898775006,54.136561163356156,54.213595394998165,54.33316991310988
125.0,9.222532588454378,9.222532588454378,0.0,-1,54.348582593493866,54.26807608868374,0.15940290578591032,55.0,,1.3698251454741772,54.348582593493866,54.21241709298967,54.30946767905251,54.27831882800176,54.26708072565604,54.11575108396273,54.22606975750838,54.080851471467454,54.189179687707956,54.19940006072679
126.0,9.219599627560523,9.219599627560523,0.1,-1,54.3820548377394,54.30242278092207,0.1577037481407686,55.0,,1.1033340321884657,54.3820548377394,54.208757395642124,54.34374122200909,54.219468046886526,54.30145817924348,54.134117664770066,54.26050857601975,54.1242155102747,54.224351089598635,54.29357277779936
127.0,9.189944134078214,9.189944134078214,0.0,-1,54.376912680377984,54.28767290664128,0.1769705421354999,55.0,,0.960262328369079,54.376912680377984,54.20172882905687,54.33413169260246,54.21033989468961,54.28674006741226,54.11496034162025,54.240637954571234,54.09877604760686,54.199942138242484,54.25176028323498
128.0,9.189944134078214,9.189944134078214,0.0,-1,54.41016821992529,54.321884852444974,0.17510434544720965,55.0,,1.2934853904080825,54.41016821992529,54.240820024394665,54.368240563589545,54.25876462437494,54.32098084138806,54.14651273311483,54.274970762843914,54.12183573685094,54.23506387447808,54.23882349161363
129.0,9.165991620111733,9.165991620111733,0.1,-1,54.44344260968475,54.35609657149299,0.17327486289875083,55.0,,1.9347855665513902,54.44344260968475,54.29075854348755,54.40233307965935,54.33661410386237,54.355220497308835,54.19067102426563,54.309318924026016,54.15836652016084,54.270167746786,54.26371947347595
130.0,9.15735567970205,9.15735567970205,0.0,-1,54.437891981868304,54.3410163440999,0.19238071101772647,55.0,,1.546427350942012,54.437891981868304,54.26557356489889,54.39233778005297,54.2803744920736,54.340169116155565,54.16380229528383,54.28917157157211,54.13619646317508,54.24551127085058,54.2528946878559
131.0,9.11939013035382,9.11939013035382,0.1,-1,54.47095064429295,54.37509341039707,0.1903862430817682,55.0,,1.4654762610990422,54.47095064429295,54.308485035372485,54.426266974287174,54.34529197074978,54.37427236384538,54.213878496514994,54.32341266834868,54.193212711865826,54.28056440121118,54.35225917274328
132.0,9.092178770949722,9.092178770949722,0.0,-1,54.465072055007674,54.35978235026452,0.20929490498610193,55.0,,1.8999342800966639,54.465072055007674,54.28892185379394,54.416001610909916,54.295724660020895,54.3589883374324,54.171216245896524,54.303072597951,54.13184244168963,54.25577715002157,54.202678775832425
133.0,9.092178770949722,9.092178770949722,0.0,1,54.497783169272054,54.39359047706131,0.20714056150715265,55.0,,2.342070376439925,54.497783169272054,54.363605974921434,54.449632168835414,54.43689970730787,54.392821000557944,54.22999125312219,54.33707343887622,54.16993253198596,54.2906426077649,54.21402502953902
134.0,9.06578212290503,9.06578212290503,0.0,1,54.53051463973543,54.42739840509296,0.20502610225464935,55.0,,0.20035749709454895,54.53051463973543,54.3727703103789,54.483246491269455,54.402936586645914,54.42665270644175,54.23985752302063,54.37108965053734,54.17948456278625,54.32548853748078,54.188995382766365
135.0,9.027001862197396,9.027001862197396,0.1,1,54.563156876660976,54.46109736266175,0.20294992899721365,55.0,,0.2768627825890119,54.563156876660976,54.3993707494295,54.51673696611204,54.423058733044705,54.460374706853685,54.27485364365673,54.40501131601824,54.222142399836436,54.36020694766376,54.26105528358782
136.0,9.027001862197396,9.027001862197396,0.1,1,54.53542085125325,54.44523106956562,0.17924894735405417,55.0,,0.4807531003790767,54.53542085125325,54.37435175431819,54.49522308594696,54.41827651248873,54.44453220690666,54.267004143602385,54.39480729982205,54.224470991380905,54.356171903899195,54.30085462450913
137.0,9.027001862197396,9.027001862197396,0.1,1,54.50788014321192,54.42939696933619,0.155872948100523,55.0,,0.8022387443050798,54.50788014321192,54.37200346495883,54.47374051590632,54.47182617131158,54.42872111624243,54.27859865009378,54.38463587620886,54.24206695466017,54.3520071951114,54.36990838533564
138.0,9.027001862197396,9.027001862197396,0.1,1,54.48053069289692,54.41359499900405,0.13281397957336338,55.0,,0.8434605144943487,54.48053069289692,54.358859387588986,54.45229286354886,54.489443473151354,54.41294139771444,54.27318183246167,54.37449332753645,54.236320014441745,54.34771671332356,54.36812271384348
139.0,8.99816108007449,8.99816108007449,0.1,1,54.453368620277374,54.39782509571328,0.11006444773020974,55.0,,1.3154040118898362,54.453368620277374,54.29716354419493,54.4308834762306,54.38021941140592,54.3971930134372,54.233995169054204,54.364376196074076,54.21532410000712,54.343304172547164,54.35804914294089
140.0,8.991154562383615,8.991154562383615,0.1,1,54.42627150198519,54.381968483970695,0.08761709580326738,55.0,,1.5825015937165265,54.42627150198519,54.26055953858142,54.4093967445138,54.33903099147051,54.38135721206382,54.21114980040188,54.35416255510876,54.20058774203975,54.338654406181924,54.346600724636374
141.0,8.961824953445067,8.961824953445067,0.1,1,54.39932591011184,54.366115224028405,0.06546498517119659,55.0,,1.8204967744316551,54.39932591011184,54.26336351004569,54.38792566572684,54.40266982028209,54.36552407719588,54.22223092645499,54.343939542166815,54.212170158758674,54.333860924940645,54.38884803828883
142.0,8.9445530726257,8.9445530726257,0.0,1,54.37243668670498,54.350173495393264,0.04360147737558151,55.0,,1.8719010586560747,54.37243668670498,54.22174265607019,54.36638114172788,54.34411351739586,54.34960181091929,54.19470364460546,54.333612628284826,54.19337555787172,54.3288352093294,54.36724394606734
143.0,8.90495810055866,8.90495810055866,0.1,1,54.40550177856332,54.383373964235716,0.04335929702821062,55.0,,3.6498241549362507,54.40550177856332,54.25743979883872,54.399341870994526,54.38811117282099,54.38281994421261,54.24712620242276,54.36706374587301,54.264469357586904,54.36214248153511,54.52060006760128
144.0,8.89664804469274,8.89664804469274,0.1,1,54.37848337120969,54.367163468855395,0.022042177438834187,55.0,,2.4836394501949846,54.37848337120969,54.2488390242699,54.37755469755891,54.412019030822535,54.36662768863386,54.23273465448705,54.356441193770856,54.23607458168197,54.356710393103675,54.43376868084439
145.0,8.890945065176911,8.890945065176911,0.0,-1,54.3557857067411,54.350951739043786,0.009988087117321243,55.0,,2.5187071102677208,54.351602552231874,54.224676862987415,54.3557857067411,54.400147158424495,54.35043359801905,54.2235339672319,54.34579761962378,54.23605846874863,54.351139218603144,54.459894716416905
146.0,8.876769087523279,8.876769087523279,0.0,-1,54.388552721229644,54.38393192264986,0.009551860564222636,55.0,,1.274371936408909,54.38467625390173,54.28453574286794,54.388552721229644,54.491463962363305,54.38342979134253,54.26559329488981,54.37900086066542,54.25688244586112,54.383999986109934,54.421355984341126
147.0,8.87693202979516,8.87693202979516,0.1,-1,54.42127330875147,54.41685369953751,0.009139898789221945,55.0,,1.2156038109240856,54.41768469259404,54.29895015914602,54.42127330875147,54.46383158279789,54.416367083187204,54.27815050541417,54.41213340996225,54.26715103200812,54.41681000319259,54.39111778965391
148.0,8.864059590316575,8.864059590316575,0.1,-1,54.41199511024051,54.400460154749894,0.02230853034623692,55.0,,1.744189620929282,54.41199511024051,54.297343227885314,54.40999361839237,54.458247367861446,54.39998955875064,54.258120701154944,54.39063590647171,54.23224721995933,54.389686579894274,54.32060153293106
149.0,8.862918994413409,8.862918994413409,0.1,-1,54.40613931222775,54.384047029670725,0.043448247500371906,55.0,,1.0975931037209248,54.40613931222775,54.257547791744024,54.398695003080185,54.35956390847241,54.38359192652886,54.22387105490981,54.369117841789475,54.21154321040394,54.36269106472738,54.33310779193076
150.0,8.82332402234637,8.82332402234637,0.1,-1,54.40016909632941,54.36766253248786,0.06430104811092008,55.0,,1.0433980416038457,54.40016909632941,54.24970446725671,54.38742235042114,54.34742080941002,54.36722241208426,54.21093367200362,54.34763075538603,54.19970294543316,54.33586804821849,54.3446388374077
151.0,8.798882681564248,8.798882681564248,0.0,-1,54.39393003843484,54.35114881125262,0.0848738150057784,55.0,,1.3448038581462625,54.39393003843484,54.249929213262575,54.37601472371113,54.350781118213476,54.35072318026991,54.19009406978594,54.326019890418145,54.16161207167549,54.30905622342906,54.25918508795486
152.0,8.798882681564248,8.798882681564248,0.1,-1,54.426131915894025,54.383751201181894,0.08409406497986538,55.0,,1.766272203275457,54.426131915894025,54.31156637215989,54.40845221162059,54.459127004922365,54.38333872112072,54.250041241505905,54.35879530635998,54.21768450514851,54.34203785091416,54.34378345883179
153.0,8.798882681564248,8.798882681564248,0.1,-1,54.41962970300331,54.367104589718835,0.10440483047224092,55.0,,1.4948451134288099,54.41962970300331,54.296783233007744,54.39690212809981,54.42631486958166,54.366705689011404,54.23421350460266,54.337060555948604,54.207260551819644,54.31522487253107,54.36580336459427
154.0,8.766294227188084,8.766294227188084,0.1,-1,54.413027895227245,54.35049176405395,0.1244481114712741,55.0,,1.575906132772389,54.413027895227245,54.28854290193882,54.385374731371655,54.40935042311784,54.35010599560384,54.21735763333399,54.31537041431101,54.187375353735796,54.28857978375597,54.347802882351395
155.0,8.766294227188084,8.766294227188084,0.0,-1,54.406195850142275,54.333779078102495,0.14422993909980875,55.0,,1.8651188407010648,54.406195850142275,54.28369542327539,54.37373390223383,54.39835864004928,54.33340600953777,54.19462212112331,54.29359371755616,54.150849691055996,54.261965911042466,54.27034180430917
156.0,8.766294227188084,8.766294227188084,0.1,-1,54.43793904878755,54.366247991877046,0.14279715679891325,55.0,,2.2188284414411537,54.43793904878755,54.32296853810263,54.40602696595913,54.444864953785505,54.36588645001553,54.23274756619724,54.326245602634415,54.186509778031215,54.295141891988635,54.30399965465476
157.0,8.741689944134077,8.741689944134077,0.0,1,54.43096128250817,54.34950332512975,0.16235021348735756,55.0,,2.4699907515094397,54.43096128250817,54.339721023534864,54.39433054600468,54.491951318541965,54.34915368551492,54.23098743282679,54.30446004260016,54.16880315990699,54.268611069020814,54.27304060107143
158.0,8.733705772811916,8.733705772811916,0.0,1,54.46251038980285,54.38187134445498,0.1607298664175758,55.0,,0.5737988092622471,54.46251038980285,54.356670287111136,54.42650750928204,54.47792671247468,54.38153250759006,54.25426144134772,54.33702579221466,54.1984969357933,54.301780523385276,54.30715713438489
159.0,8.701117318435752,8.701117318435752,0.1,1,54.49404064704707,54.4142064774622,0.15913705196102512,55.0,,0.39945054537281155,54.49404064704707,54.38727934378464,54.45864206270316,54.49803579778069,54.413878109545905,54.278128116441344,54.369567972928834,54.213657347226984,54.33490359508605,54.279823759189654
160.0,8.688081936685286,8.688081936685286,0.1,1,54.465353373364294,54.39709756310924,0.1359978223937972,55.0,,0.9328895684834706,54.465353373364294,54.33957912738529,54.43592113585956,54.43245219389861,54.396780005237346,54.25978982948402,54.35807775011453,54.220856241397875,54.3293555509705,54.35700175229283
161.0,8.648486964618247,8.648486964618247,0.1,1,54.4368042884391,54.37997002131694,0.11317164952462377,55.0,,0.5051604667314101,54.4368042884391,54.3126300608205,54.41318525988223,54.4113541644995,54.37966291759112,54.229724800660456,54.34656500175775,54.17926286548651,54.323632638914475,54.24772093190735
162.0,8.608891992551209,8.608891992551209,0.1,1,54.408281077288436,54.3627152780118,0.090651070483446,55.0,,0.6734142048068626,54.408281077288436,54.29084841368671,54.39032918659606,54.41040001414694,54.36241828425311,54.22031926913454,54.33491783511637,54.175280260916736,54.31763000680499,54.2649805118426
163.0,8.601885474860334,8.601885474860334,0.0,1,54.3797805419973,54.345333710632566,0.06842895288826867,55.0,,1.3523737170334964,54.3797805419973,54.26000614067584,54.36735638053089,54.38859594778925,54.34504649399535,54.21367016517998,54.32313354753023,54.18823382399937,54.31135158910903,54.34672069640952
164.0,8.570763500931097,8.570763500931097,0.1,1,54.41129893397686,54.377129855566764,0.06788780398761673,55.0,,0.8383934660664528,54.41129893397686,54.302255013991314,54.39893152146783,54.43922699622759,54.37685151287067,54.24338824366322,54.35515617952919,54.20318021119642,54.34341112998924,54.307132876558676
165.0,8.570763500931097,8.570763500931097,0.1,1,54.38276131824504,54.35956329617252,0.0459605162430492,55.0,,0.6084741369795912,54.38276131824504,54.28287065925187,54.37579099555671,54.437774265915984,54.359294116561685,54.224462892822466,54.343169248497205,54.176145340572894,54.33680080200199,54.243584357689365
166.0,8.570763500931097,8.570763500931097,0.1,1,54.35440221478463,54.34203238820329,0.024318462187565615,55.0,,0.6025780681977873,54.35440221478463,54.25236048529299,54.35270156124192,54.4079450926544,54.341772070010606,54.202156515999995,54.331202342382234,54.154681107005416,54.33008375259706,54.21112954047385
167.0,8.570763500931097,8.570763500931097,0.1,1,54.32966561433257,54.32453706203965,0.010412682065947365,55.0,,0.5636526220822072,54.32621841624151,54.204999833630865,54.32966561433257,54.33306754421057,54.324285313530915,54.16459176977281,54.31925293226662,54.12052340419818,54.32326303382665,54.15160872771496
168.0,8.566852886405957,8.566852886405957,0.0,1,54.31634156678223,54.307077248186864,0.018134719781990327,55.0,,0.23216444295487726,54.29820684700024,54.1339760903391,54.306685365614314,54.20505498251185,54.30683378723358,54.125054663761155,54.30731867430397,54.110625616864276,54.31634156678223,54.19680833284369
169.0,8.538175046554933,8.538175046554933,0.0,1,54.34779314773679,54.338730543764335,0.017743460488205187,55.0,,0.8736848298612302,54.33004968724858,54.20585437001992,54.33815243461553,54.34140175384036,54.33849460478937,54.18355878057359,54.33916284443142,54.152664877327894,54.34779314773679,54.22739042930521
170.0,8.520251396648042,8.520251396648042,0.0,1,54.37913625864956,54.370266592627004,0.017369378561078008,55.0,,1.090922676589111,54.36176688008848,54.239641487135465,54.369514989013325,54.37697211782194,54.370037943219096,54.22274023733625,54.370876892164546,54.19777133592438,54.37913625864956,54.303324213511296
171.0,8.480656424581005,8.480656424581005,0.0,1,54.410414353459075,54.40172933277059,0.017011517501131834,55.0,,0.9237533354849816,54.39340283595794,54.24414769485552,54.40081620452797,54.334331720024764,54.40150774770042,54.23528951127005,54.402505522207576,54.220800458348926,54.410414353459075,54.328994254910015
172.0,8.472998137802605,8.472998137802605,0.1,1,54.441538653073955,54.433030441198994,0.016668976374035083,55.0,,1.0872963524001071,54.42486967669992,54.29194064431028,54.431967040692946,54.40515306591281,54.432815702197125,54.272323099375804,54.43396113333103,54.24536143618789,54.441538653073955,54.32124807502379
173.0,8.472998137802605,8.472998137802605,0.0,1,54.4338986327605,54.41495162498772,0.03755800566474221,55.0,,1.3894303592947388,54.39634062709576,54.273362541155244,54.408437972682314,54.414427986949924,54.41474395513743,54.26729232249016,54.421336937262666,54.24800849011891,54.4338986327605,54.36017122053432
174.0,8.459636871508378,8.459636871508378,0.0,1,54.464887629300954,54.44622144917592,0.03700673131611154,55.0,,1.9744676391169291,54.42788089798484,54.26859409018925,54.43957832590174,54.350583891152326,54.44602019545331,54.278740295324035,54.45274019723878,54.2798997713856,54.464887629300954,54.42403587793958
175.0,8.420041899441339,8.420041899441339,0.1,1,54.49583128042323,54.477436666725886,0.0364736586954848,55.0,,2.2642671655301974,54.45935762172775,54.32256161643859,54.470676050865336,54.44127430854271,54.4772416308917,54.32762220100059,54.48407674972145,54.3232468718545,54.49583128042323,54.472254833697356
176.0,8.407821229050278,8.407821229050278,0.1,1,54.487772055829915,54.45905203593476,0.05713485919761041,55.0,,1.4392827225465266,54.430637196632304,54.309057581543264,54.4468861399123,54.456867644243566,54.45886342060625,54.30888933024349,54.471101366693,54.29104260084214,54.487772055829915,54.386166531547914
177.0,8.407821229050278,8.407821229050278,0.0,1,54.47956956890156,54.44065494529057,0.07753411277703037,55.0,,1.4546107603172433,54.40203545612453,54.27502764119643,54.423105466137706,54.422360475653086,54.44047253910054,54.28797660922887,54.45809169618852,54.27789882027211,54.47956956890156,54.38578834223487
178.0,8.399022346368714,8.399022346368714,0.1,1,54.51009362366504,54.47165915661202,0.07658291778712112,55.0,,1.215977446931344,54.43351070587792,54.32655742995471,54.45402689507506,54.49916564561526,54.47148238598224,54.32774001787902,54.48918217245983,54.30353419899187,54.51009362366504,54.37990120534291
179.0,8.359427374301674,8.359427374301674,0.1,1,54.50171527999575,54.453200676121334,0.09675260672181452,55.0,,1.9886189264361291,54.404962673273936,54.30340332580591,54.43022296693332,54.494319874740384,54.45302972469602,54.32303845717554,54.47607273570758,54.31206987011622,54.50171527999575,54.444075845983114
180.0,8.34264432029795,8.34264432029795,0.0,-1,54.49308711325971,54.43461854135065,0.11666964814671132,55.0,,2.4123108764155115,54.376417465113,54.26328125984493,54.40631977674902,54.44396782047188,54.43445321755931,54.30411019287585,54.462815134072265,54.31079578473922,54.49308711325971,54.487648054294496
181.0,8.34264432029795,8.34264432029795,0.0,-1,54.523149433656855,54.46535761821822,0.11532439944606665,55.0,,0.5746730828978772,54.40782503421079,54.29302414224156,54.437019308968075,54.46454292470369,54.465197402200275,54.33207573726539,54.49359691205514,54.337747558451106,54.523149433656855,54.50233702475175
182.0,8.310055865921786,8.310055865921786,0.1,-1,54.553227691832646,54.49609654876325,0.11401106362794167,55.0,,0.587254627799562,54.439216628204704,54.32871720818538,54.46773552188972,54.50216452280783,54.49594128270682,54.36688490276559,54.52436161918238,54.37228933312094,54.553227691832646,54.537904577070194
183.0,8.29881284916201,8.29881284916201,0.1,-1,54.52297146474096,54.47722669260348,0.09124659169886229,55.0,,0.9301129225181668,54.4317248730421,54.334638804413714,54.4542287737597,54.520282640950796,54.477076537814135,54.35250020767407,54.500131813660545,54.34226077970776,54.52297146474096,54.478450979866025
184.0,8.277467411545622,8.277467411545622,0.1,-1,54.49286560176737,54.45834942990515,0.06879738884931896,55.0,,0.720640819851402,54.42406821291805,54.30016413577356,54.44071845247797,54.43510611040746,54.45820421811934,54.31416463955569,54.47589066424301,54.30824026786404,54.49286560176737,54.442882420241546
185.0,8.277467411545622,8.277467411545622,0.1,-1,54.462865166185665,54.43942375837588,0.04665559517293616,55.0,,0.9816422870392004,54.41620957101273,54.30567263683092,54.42715985182026,54.45694039047141,54.439283326869656,54.30463033109313,54.45160087599112,54.28897231404432,54.462865166185665,54.42090586107612
186.0,8.24520484171322,8.24520484171322,0.1,-1,54.433053204218574,54.4205364798706,0.024813708071746987,55.0,,1.0786660105778758,54.40823949614683,54.27882447990704,54.41363633069636,54.391685678606656,54.420400671277136,54.2668968833523,54.427352697014086,54.247178441183934,54.433053204218574,54.35181102743693
187.0,8.238198324022344,8.238198324022344,0.0,-1,54.40329507459829,54.40155654014823,0.003281437883501326,55.0,,1.531107328524917,54.40003051272493,54.293637340141345,54.40001363671479,54.43824566570379,54.40142520228149,54.26207419460902,54.40301827442163,54.22656745457026,54.40329507459829,54.31807659606207
188.0,8.212290502793294,8.212290502793294,0.0,-1,54.43360387013338,54.43187152379244,0.003258751042146457,55.0,,0.9976262764159982,54.430345119091236,54.28874019719187,54.43036055441504,54.37047830953427,54.431744243663296,54.26334863677437,54.433303831659245,54.236111484874236,54.43360387013338,54.308806263266916
189.0,8.19159683426443,8.19159683426443,0.1,-1,54.463806885374304,54.462081246654876,0.0032516983505246344,55.0,,1.166268852518451,54.46055518702378,54.330748618416585,54.4606008657861,54.43338079771286,54.46195789889549,54.30878164610116,54.463485396194685,54.285358100353264,54.463806885374304,54.392433940826386
190.0,8.17970204841713,8.17970204841713,0.0,-1,54.45190303174881,54.442799563985034,0.018013926347343556,55.0,,1.73045809738662,54.45190303174881,54.332140898189635,54.44666420452739,54.44355045767325,54.442680276743324,54.2874855874638,54.43886120150418,54.24522976980292,54.43388910540147,54.30481563829524
191.0,8.17970204841713,8.17970204841713,0.1,-1,54.48186344249581,54.4728770932791,0.017785652259753704,55.0,,1.732386380429099,54.48186344249581,54.35258833833673,54.47676978819176,54.446215827653496,54.472761491459664,54.3122937166335,54.468912954012225,54.27514804879975,54.464077790236054,54.343292486480976
192.0,8.170577281191804,8.170577281191804,0.0,-1,54.47300499652377,54.453525290130145,0.03877852395527981,55.0,,2.017968589575091,54.47300499652377,54.355018761514984,54.46274707958975,54.46233579119451,54.45341349383397,54.298641986061476,54.44423440813473,54.249837029965434,54.43422647256849,54.30656998521576
193.0,8.147113594040967,8.147113594040967,0.1,-1,54.50281616583353,54.48356578411059,0.038325463165193696,55.0,,2.244083919026605,54.50281616583353,54.38267437971505,54.492808237799046,54.4828370395309,54.483457441797796,54.32632951679919,54.474256372454235,54.27728421662697,54.464490702668336,54.330139271165706
194.0,8.12397579143389,8.12397579143389,0.0,-1,54.493673343530276,54.46406024076465,0.05905667593312103,55.0,,1.8456844920596338,54.493673343530276,54.3603167141436,54.4786113883267,54.43457438048835,54.46395546499456,54.29515525290365,54.44944433937453,54.243474052183906,54.434616667597155,54.287621115384944
195.0,8.114525139664803,8.114525139664803,0.0,1,54.52318827641525,54.493911896781526,0.05838846727941416,55.0,,2.3097139549313224,54.52318827641525,54.41369761345128,54.50847212153984,54.5211768293085,54.493810358090464,54.334139391960655,54.47928891872627,54.264668300231044,54.46479980913583,54.267771457553145
196.0,8.081936685288639,8.081936685288639,0.0,1,54.55267254307607,54.52372515590664,0.05773555814601394,55.0,,0.5199628608458161,54.55267254307607,54.46126370760562,54.538286596632666,54.598347467929806,54.52362675428276,54.389689332437264,54.50910290061164,54.3278308330515,54.49493698493006,54.39647936462272
197.0,8.0703677839851,8.0703677839851,0.1,1,54.58203216984886,54.55340639304651,0.057097256391244855,55.0,,0.8156988948855384,54.58203216984886,54.49440499708952,54.56796171059091,54.635190688661815,54.55331103156803,54.431901666232925,54.53879213976713,54.37993921860975,54.524934913457614,54.49714740992093
198.0,8.049348230912475,8.049348230912475,0.1,1,54.55107640078649,54.53344853438811,0.03510651487212613,55.0,,0.8973677706278533,54.55107640078649,54.458206132594576,54.542648713450525,54.596041046744126,54.533356312128845,54.406799025359994,54.524191359660264,54.36023329399998,54.515969885914366,54.474950166712716
199.0,8.049348230912475,8.049348230912475,0.1,1,54.52022449468126,54.51344613105332,0.013412421416212794,55.0,,0.9923498215193802,54.52022449468126,54.459513493408075,54.51729564972385,54.65558476031108,54.51335694467185,54.41317909744629,54.50954149292462,54.36378232851421,54.506812073265046,54.497825980901574
200.0,8.049348230912475,8.049348230912475,0.1,1,54.497550094955706,54.49348428996139,0.00799205453428442,55.0,,1.7624304687190788,54.48955804042142,54.41615481156038,54.49199073251538,54.59813141480108,54.493398039518276,54.39321321983156,54.494924542396156,54.36360334397123,54.497550094955706,54.547264660179145
201.0,8.016759776536311,8.016759776536311,0.1,1,54.48818722956005,54.47356293218819,0.02911363329786809,55.0,,2.673538687725556,54.45907359626218,54.3295532806097,54.4667367653442,54.42659281266875,54.47347952103405,54.332157996789896,54.480337548740486,54.32727859566441,54.48818722956005,54.5112879443064
202.0,8.016759776536311,8.016759776536311,0.0,1,54.478594870960954,54.453550240367896,0.04995874251967791,55.0,,2.9183271624770084,54.428636128441276,54.28808299278934,54.44140460346959,54.3803812283855,54.45346957503504,54.308548643909084,54.4656460239326,54.31881888210454,54.478594870960954,54.52894657718046
203.0,8.016759776536311,8.016759776536311,0.1,1,54.507723367798334,54.4829682199628,0.04938380937784359,55.0,,2.4134202077477305,54.45833955842049,54.34037882884993,54.47080685563163,54.46487735163985,54.48289004680283,54.346266007063775,54.4950812711607,54.34084575567733,54.507723367798334,54.50515520293756
204.0,8.044785847299812,8.044785847299812,0.0,1,54.49798429078149,54.46293645207349,0.06997335491046641,55.0,,2.895681910558123,54.42801093587102,54.30637139282848,54.44547840515405,54.43540455178315,54.46286085230334,54.32684209631423,54.48034777625756,54.33189764757848,54.49798429078149,54.516409987484465
205.0,8.014315642458099,8.014315642458099,0.1,1,54.527121238933425,54.49246767987414,0.0691885747666916,55.0,,2.8221525273551613,54.457932664166734,54.312796679697364,54.47500773221082,54.399457715324516,54.492394415773994,54.33398632615867,54.50988234828573,54.342045921372,54.527121238933425,54.495534348916074
206.0,7.993621973929235,7.993621973929235,0.0,-1,54.51723021984897,54.47240676853877,0.08953226158414651,55.0,,2.2561397600781903,54.42769795826482,54.278463536888594,54.449676415493705,54.37139333393829,54.4723359162255,54.31200838983407,54.49509333286086,54.3282475908535,54.51723021984897,54.49181710911111
207.0,8.033216945996275,8.033216945996275,0.0,-1,54.546059740335245,54.50173117842132,0.08854602462690053,55.0,,0.37368463511456773,54.457513715708345,54.32405262451047,54.479016050697155,54.44665448613275,54.50166251510339,54.3641808163867,54.52440387026249,54.38889101539932,54.546059740335245,54.607687932311734
208.0,8.049348230912475,8.049348230912475,0.1,-1,54.57505989244674,54.53121546637684,0.08758118534942128,55.0,,0.37803031913850804,54.48747870709732,54.357916171132814,54.50852591666267,54.48554900651629,54.53114892442437,54.398823074841545,54.55386389125313,54.4259375598665,54.57505989244674,54.65138215864155
209.0,8.049348230912475,8.049348230912475,0.1,-1,54.54387400835418,54.51121759124459,0.06520871170095432,55.0,,0.6753300518085156,54.478665296653226,54.370947264404826,54.49392189981926,54.52508656162123,54.51115323979071,54.38420853027674,54.528473511605554,54.387501541673664,54.54387400835418,54.55503264255791
210.0,8.049348230912475,8.049348230912475,0.1,-1,54.5128808845349,54.491260269545094,0.04314053506022475,55.0,,0.5129900219185309,54.46974034947468,54.31796694157203,54.47935643845796,54.39418702607479,54.49119803648026,54.32772234930417,54.503125638777654,54.33649190008748,54.5128808845349,54.47838165500413
211.0,8.049348230912475,8.049348230912475,0.1,-1,54.48207677498377,54.47134342236986,0.02136932507470135,55.0,,0.4758366751912242,54.460707449909066,54.27640571916289,54.46482614532548,54.299101925975854,54.47128323795835,54.280947762376265,54.47782350367262,54.29317891151687,54.48207677498377,54.418276673384725
212.0,8.049348230912475,8.049348230912475,0.0,-1,54.45257010071921,54.451466970950165,0.0022422308449634443,55.0,,0.7848196523079712,54.45157001917335,54.28787079453768,54.45032786987424,54.34238672094772,54.451408767751936,54.266177616307324,54.45257010071921,54.255725444604295,54.451458097232084,54.33100874800215
213.0,8.023440409683426,8.023440409683426,0.1,-1,54.48206900636561,54.48101669901374,0.0021394746841068013,55.0,,0.9406702125707449,54.48109197790708,54.32655313672954,54.479929531681506,54.398963705601815,54.48096029401203,54.30736226329612,54.48206900636561,54.29949469974782,54.4810326851025,54.40033452560901
214.0,8.017085661080072,8.017085661080072,0.1,-1,54.47169044568152,54.46101588901159,0.02126085270139555,55.0,,1.0634186493159468,54.47169044568152,54.332228280725175,54.465292661889094,54.42877601015781,54.460961340808026,54.30208330643332,54.456705403699196,54.28846674252449,54.45042959298012,54.408688047485114
215.0,8.049348230912475,8.049348230912475,0.1,-1,54.46216530574279,54.44102996359154,0.04218532910810069,55.0,,1.7129810381239903,54.46216530574279,54.35407706316471,54.450656987145024,54.496125527134566,54.44097721106188,54.30280729573204,54.43137033737336,54.270868790263954,54.41997997663469,54.37904588946373
216.0,8.049348230912475,8.049348230912475,0.1,-1,54.45267570660919,54.42121500090438,0.06283886601537603,55.0,,1.426497163584978,54.45267570660919,54.32735086357002,54.43617612790666,54.43601662275795,54.421163984936534,54.27438655335353,54.406222344475744,54.247748285421295,54.389836840593816,54.37450426502723
217.0,8.028002793296087,8.028002793296087,0.0,-1,54.44309382353077,54.401440235631355,0.08322734770933238,55.0,,1.3296186029229597,54.44309382353077,54.31401347465544,54.421717044709425,54.410118576473764,54.40139089905919,54.24830973097169,54.38113293503596,54.21413379894056,54.35986647582144,54.320923731941825
218.0,8.045111731843575,8.045111731843575,0.0,-1,54.47207959590182,54.43090390451833,0.08227402096839143,55.0,,1.5431187826613628,54.47207959590182,54.339375483957504,54.45120420141635,54.42526728922385,54.43085609220584,54.27231521056032,54.410574058134245,54.23625831791009,54.389805574933426,54.32635935173737
219.0,8.016759776536311,8.016759776536311,0.1,-1,54.50114560161371,54.46043659786248,0.08134303579879543,55.0,,1.1464797573139132,54.50114560161371,54.345036874001906,54.48074868268224,54.394291094743906,54.46039026271729,54.29271847204953,54.44009587648427,54.27417159552892,54.41980256581491,54.403599253878355
220.0,8.016759776536311,8.016759776536311,0.0,-1,54.49124657045217,54.44045053047222,0.10151957624362495,55.0,,1.32151248544276,54.49124657045217,54.33803350975486,54.466035075378876,54.38796365855957,54.44040572063409,54.26680358220179,54.41483829168744,54.23386453521936,54.389726994208544,54.32144342097486
221.0,8.016759776536311,8.016759776536311,0.1,-1,54.52010098535442,54.46986857031337,0.10039456637035471,55.0,,1.8518135358566379,54.52010098535442,54.40625469287548,54.495443773602986,54.52166794692708,54.46982514488041,54.33195379178689,54.44426652874497,54.293713337682256,54.41970641898406,54.416621008796135
222.0,8.016759776536311,8.016759776536311,0.1,-1,54.51006830608668,54.4498633717029,0.12034191806139205,55.0,,2.101387623484558,54.51006830608668,54.42256638672231,54.48067802911944,54.57599354864003,54.44982137579186,54.33720967042402,54.419022759491185,54.29193413131144,54.38972638802529,54.44385678452154
223.0,8.016759776536311,8.016759776536311,0.1,-1,54.49995020991654,54.429898751259714,0.14003720347147208,55.0,,2.206651042982637,54.49995020991654,54.4166295239251,54.46593096992213,54.56808245493924,54.42985813781205,54.3226461411523,54.39384143220276,54.27381464608057,54.35991300644507,54.43390572312661
224.0,8.016759776536311,8.016759776536311,0.0,-1,54.48974920014942,54.40997462999407,0.1594855896974252,55.0,,2.056712067491153,54.48974920014942,54.370932638151245,54.45120072241731,54.453596632210065,54.409935353500344,54.270578143434946,54.36872426345126,54.2223066184988,54.33026361045199,54.34598643993681
225.0,8.028980446927372,8.028980446927372,0.1,-1,54.51830560086639,54.43939281551766,0.157763983482603,55.0,,1.6686659661529144,54.51830560086639,54.38569976260849,54.48055816947127,54.445135070060196,54.439354752475325,54.29548966452013,54.398203937391536,54.25910522687355,54.36054161738379,54.40831837287222
226.0,8.049348230912475,8.049348230912475,0.1,-1,54.50803344298172,54.41949882744384,0.177009671245834,55.0,,2.0487526348528924,54.50803344298172,54.38709479101346,54.4658163145336,54.46181465317836,54.419462017398445,54.28250125274975,54.37315859056951,54.23636736754152,54.331023771735886,54.37540430617622
227.0,8.023114525139663,8.023114525139663,0.1,-1,54.49776459206023,54.39972754382219,0.1960164972917795,55.0,,2.1724667138770934,54.49776459206023,54.39148233466882,54.45117150826075,54.48739768251303,54.399691945526264,54.278473375216294,54.34826157849523,54.22900659572112,54.30174809476845,54.39194879431682
228.0,8.048696461824951,8.048696461824951,0.0,1,54.4873127363179,54.37989031554402,0.2147891384668057,55.0,,2.466978934739025,54.4873127363179,54.39135534191016,54.43643363042642,54.49663604488084,54.3798558891079,54.26373849159934,54.323325724016726,54.20380238765015,54.27252359785109,54.350735483095946
229.0,8.02441806331471,8.02441806331471,0.0,1,54.51572273128515,54.40943775725394,0.21251596593027955,55.0,,1.5300004776265888,54.51572273128515,54.40346960498009,54.46585367417622,54.48346592317782,54.409404394425856,54.29848457439689,54.35300122102763,54.26476943388985,54.30320676535487,54.49505412349549
230.0,8.034683426443202,8.034683426443202,0.1,1,54.54405700483264,54.438886897023544,0.21028790126617736,55.0,,1.7561770315595464,54.54405700483264,54.41081240646623,54.49515570733538,54.45374380226233,54.43885456494312,54.31318648691376,54.38259810444009,54.28926939434998,54.33376910356646,54.515597062879785
231.0,8.016759776536311,8.016759776536311,0.1,1,54.51225559550459,54.41901698907115,0.1864266206473033,55.0,,0.7675660240558143,54.51225559550459,54.402996078578504,54.469693778757176,54.489206753318314,54.418985721329854,54.294674328547565,54.368320874906885,54.25017376089705,54.32582897485729,54.39447438309633
232.0,8.045437616387336,8.045437616387336,0.1,1,54.48058792107967,54.399114943370954,0.16289702863960542,55.0,,1.0627299842802165,54.48058792107967,54.33609402885434,54.44419434373249,54.37372937657718,54.39908470493174,54.24760030772235,54.35401685467081,54.218962495386634,54.31769089244006,54.35827520622973
233.0,8.04625232774674,8.04625232774674,0.1,1,54.449238259637966,54.379369201960436,0.13969079919444027,55.0,,0.9048399797449019,54.449238259637966,54.30893954112213,54.41884980265271,54.363742660070514,54.37933995893969,54.22587161661588,54.33987052812831,54.19543015449452,54.309547460443525,54.312760571920585
234.0,8.016759776536311,8.016759776536311,0.1,1,54.418089691087246,54.35966681869606,0.11679998621919196,55.0,,0.7649662767961036,54.418089691087246,54.28603610306709,54.39355088966887,54.36361440379941,54.35963853832557,54.20751692225137,54.32576526953058,54.17376547508402,54.301289704868054,54.27142904213676
235.0,8.016759776536311,8.016759776536311,0.0,1,54.38701581963232,54.3398851925712,0.09421700188207183,55.0,,1.0369085847862831,54.38701581963232,54.27260224918771,54.368178423251926,54.39230623268053,54.33985784316147,54.21031855241815,54.3115750590601,54.186216237289834,54.292798817750246,54.33876270520371
236.0,8.016759776536311,8.016759776536311,0.0,1,54.416013243101986,54.3693037424498,0.09337611623910647,55.0,,1.0983953891126812,54.416013243101986,54.280921773000905,54.39738496829607,54.36387067847973,54.369277238002326,54.22818688442533,54.34120613598575,54.21552912352691,54.32263712686288,54.38146614798617
237.0,8.016759776536311,8.016759776536311,0.1,1,54.44501518376111,54.39872213442285,0.09254453854723721,55.0,,1.0975497957576457,54.44501518376111,54.327741355809664,54.42659143878233,54.434580841700175,54.398696448832425,54.2641728779256,54.37083695552452,54.23828301636834,54.35247064521387,54.36658268951449
238.0,8.02229981378026,8.02229981378026,0.1,1,54.41402332386933,54.378861263030124,0.07028392966427788,55.0,,1.1326379611973398,54.41402332386933,54.29808768685057,54.40114971626005,54.41455406535302,54.37883642298284,54.24363395622285,54.35655745783333,54.21985262686079,54.34373939420505,54.34278964199352
239.0,8.049348230912475,8.049348230912475,0.1,1,54.383240757364504,54.35906307898167,0.04831648782977993,55.0,,1.3258919843364043,54.383240757364504,54.29069247334247,54.37578268164139,54.45392463469467,54.359039056643105,54.24495553914173,54.34232862972466,54.22199840094009,54.334924269534724,54.36920883317711
240.0,8.049348230912475,8.049348230912475,0.1,1,54.35275101484851,54.33941441881664,0.02663560265185083,55.0,,1.372424765807048,54.35275101484851,54.27533684572923,54.3505798874953,54.467463136508904,54.3393911872686,54.23677411979363,54.328234592274065,54.21308032351779,54.32611541219666,54.36418124278365
241.0,8.049348230912475,8.049348230912475,0.1,1,54.32543419862745,54.3198056321328,0.011271018208290684,55.0,,1.2211039464330753,54.32244128129911,54.24413877501206,54.32543419862745,54.43538950164767,54.31978316534329,54.21143263408983,54.31416318041916,54.185962294139856,54.317206334974976,54.311828704829615
242.0,8.016759776536311,8.016759776536311,0.0,1,54.30819999001868,54.300236641228025,0.015891542242236767,55.0,,0.6728603063385572,54.29230844777644,54.19484277319846,54.30034786426566,54.35826262758822,54.30021491402195,54.177855593863576,54.3001119900574,54.16272545081371,54.30819999001868,54.29053204066222
243.0,8.016759776536311,8.016759776536311,0.1,1,54.337437949813804,54.32965541530929,0.015530999795821288,55.0,,1.3259256980054135,54.32190695001798,54.26058805630757,54.329583937968096,54.47628674914079,54.329634359366835,54.23576456419917,54.329713879379696,54.209701219844845,54.337437949813804,54.34448515067973
244.0,8.031750465549347,8.031750465549347,0.0,1,54.32815421532723,54.30993469250279,0.03640609795792216,55.0,,1.3476376809041235,54.29174811736931,54.23221049401778,54.30438015246814,54.45161859434779,54.309914329700106,54.21605181093328,54.31547664764916,54.191396485928976,54.32815421532723,54.321051002649526
245.0,8.027351024208565,8.027351024208565,0.0,1,54.357350106580306,54.339414001827166,0.03584027973582948,55.0,,1.1015051751425002,54.321509826844476,54.21823478707187,54.3337007829956,54.35951383201991,54.33939426813472,54.22056942493557,54.34511502458067,54.21839961314107,54.357350106580306,54.37894522852579
246.0,8.016759776536311,8.016759776536311,0.1,1,54.38653794020639,54.36887536137165,0.0352942143707935,55.0,,0.9395403282555572,54.351243725835594,54.25347668787138,54.36301688591444,54.39145017240674,54.368856237353036,54.234845355195795,54.37472201754879,54.20837255985575,54.38653794020639,54.265279879822586
247.0,8.016759776536311,8.016759776536311,0.1,1,54.377063143610904,54.349075049491645,0.05594626356033672,55.0,,1.2479126060947117,54.32111688005057,54.25494770113686,54.33778306666122,54.4540447549339,54.34905655501582,54.24556762162749,54.360355602119746,54.220306456561104,54.377063143610904,54.321963523479646
248.0,8.016759776536311,8.016759776536311,0.0,1,54.367498272109465,54.329314916804286,0.07633777102078909,55.0,,0.5769222949934031,54.291160501088676,54.19298236411709,54.31261252041093,54.34433371152533,54.32929703114734,54.20290635522131,54.34600625926505,54.19300485591357,54.367498272109465,54.300526614884035
249.0,8.016759776536311,8.016759776536311,0.0,1,54.3964364078093,54.358733525177044,0.07537771976497964,55.0,,1.2593627249303674,54.32105868804432,54.23823158742892,54.34192454697536,54.4126799121379,54.35871619209869,54.25179969161609,54.37553179095757,54.245698762237296,54.3964364078093,54.39363202278544
250.0,8.016759776536311,8.016759776536311,0.0,1,54.42538751476634,54.3881519730578,0.074443904384637,55.0,,1.5747131243842523,54.350943610381705,54.238519751994524,54.37125191225663,54.35954995695967,54.388135175486084,54.26026723604113,54.40504165239828,54.26514930468515,54.42538751476634,54.41229110669877
251.0,8.016759776536311,8.016759776536311,0.0,1,54.45435095987313,54.417570267645,0.07353504512139608,55.0,,1.9725887406779372,54.380815914751736,54.27723410558758,54.40059363712069,54.410229392299826,54.417553989035376,54.296582904489554,54.434536837444035,54.29920941284056,54.45435095987313,54.445764984479716
252.0,8.016759776536311,8.016759776536311,0.0,1,54.48332614639425,54.44698841613687,0.07264993493493677,55.0,,1.6919634515971693,54.41067621145931,54.28038558919591,54.429948800841316,54.36545947070677,54.446972640455975,54.300650623831416,54.4640182815335,54.306031766507644,54.48332614639425,54.419397182551116
253.0,8.016759776536311,8.016759776536311,0.0,1,54.512312511847206,54.47640642573155,0.07178743526555564,55.0,,1.8061798778370768,54.44052507658165,54.3245970646621,54.45931653767563,54.43149355170893,54.476391137441354,54.33734912901933,54.493486865111905,54.33423339268758,54.512312511847206,54.43018502341795
254.0,8.016759776536311,8.016759776536311,0.1,1,54.541309526007296,54.505824303627016,0.07094647204460358,55.0,,1.8654237339853081,54.47036305396269,54.350979801278115,54.488696033640224,54.45087263154789,54.505809487669545,54.36387590076816,54.52294341685533,54.36140991820085,54.541309526007296,54.45449279961712
255.0,8.016759776536311,8.016759776536311,0.0,-1,54.531374412937716,54.48574618145263,0.09123327941060211,55.0,,2.2495717085060245,54.44014113352711,54.31061107969795,54.463312604810405,54.40880518818861,54.485731853220976,54.34410173716498,54.508170902766935,54.35871194923027,54.531374412937716,54.49727010892625
256.0,8.016759776536311,8.016759776536311,0.0,-1,54.560273515839135,54.51516401904091,0.09019652629412178,55.0,,0.3697252841125072,54.470076989545014,54.35806340279944,54.49271362580097,54.49040617081977,54.515150133480894,54.40380288473975,54.53760583053855,54.433063177811356,54.560273515839135,54.65846199684737
257.0,8.016759776536311,8.016759776536311,0.1,-1,54.589184475356205,54.54458173441301,0.08918370871250403,55.0,,0.5544774799235228,54.5000007666437,54.343043486194055,54.52212686712438,54.4059195205967,54.544568277848256,54.40975648316109,54.567028285092526,54.46663973986349,54.589184475356205,54.73380368277824
258.0,8.016759776536311,8.016759776536311,0.1,-1,54.55781674983192,54.524425018457485,0.06676240632481267,55.0,,0.3260023660955816,54.49105434350711,54.340882339124214,54.507335355180054,54.41357328986169,54.524412004868736,54.38857991971295,54.54150663889958,54.4332694476708,54.55781674983192,54.666144990589935
259.0,8.016759776536311,8.016759776536311,0.1,-1,54.526643281334906,54.50430917549237,0.044647848416168756,55.0,,0.389370197169729,54.48199543291874,54.326020085450814,54.49258459579424,54.38258803315569,54.50429659029732,54.345747434460506,54.516025977116634,54.367521390403056,54.526643281334906,54.50340066256225
260.0,8.016759776536311,8.016759776536311,0.1,-1,54.495660253378034,54.48423412600573,0.022832561812926144,55.0,,0.5380399710893331,54.47282769156511,54.32795512354083,54.47787108625115,54.40236285357405,54.48422195510211,54.33259582093028,54.49058964373227,54.34466758311094,54.495660253378034,54.4743727456991
261.0,8.016759776536311,8.016759776536311,0.1,-1,54.46520073934376,54.46419979062639,0.002009171845720914,55.0,,0.6676080989737482,54.46355460865718,54.33965017137635,54.463191567498036,54.448349054885625,54.464188020376135,54.33342970034889,54.46520073934376,54.33992216679793,54.46486401725683,54.49738874232882
262.0,8.016759776536311,8.016759776536311,0.1,-1,54.45417951546072,54.4442060901237,0.0199284329428977,55.0,,0.7622293477790997,54.45417951546072,54.32199254074367,54.4485430090163,54.41261604588789,54.44419470733773,54.30461223789471,54.4398621362859,54.30604217577144,54.434251082517825,54.44703985150086
263.0,8.016759776536311,8.016759776536311,0.1,-1,54.44470559425619,54.424252945407396,0.04088748625864014,55.0,,1.3160199562474333,54.44470559425619,54.324855230209764,54.433922594612646,54.428970306326704,54.42424193733079,54.285706438122,54.41457649283979,54.268883371230146,54.40381810799755,54.36785928415249
264.0,8.016759776536311,8.016759776536311,0.1,-1,54.43513588676246,54.404340277527396,0.06157399336486691,55.0,,1.8726945037600689,54.43513588676246,54.341013063113124,54.419327709074715,54.48123195099651,54.40432963182512,54.28379798681744,54.38934626657713,54.25179254386397,54.37356189339759,54.34636568531334
265.0,8.016759776536311,8.016759776536311,0.0,-1,54.42547330205687,54.384468007673625,0.08199393069347138,55.0,,1.5036334150348396,54.42547330205687,54.319940604087556,54.40475592563859,54.43612417936758,54.384457712416676,54.25994019343931,54.36417372689258,54.23133678716219,54.3434793713634,54.34680614044094
266.0,8.016759776536311,8.016759776536311,0.1,-1,54.45442846044555,54.41388632106299,0.08106813534413959,55.0,,1.3318711983469584,54.45442846044555,54.33980629098196,54.434183609786416,54.43819722438533,54.41387634387862,54.28628123707734,54.393582866102925,54.26483472105352,54.37336032510141,54.39560452399708
267.0,8.016759776536311,8.016759776536311,0.0,-1,54.44462759711038,54.393994684165406,0.10125021389330868,55.0,,1.3460857811428835,54.44462759711038,54.32642848000383,54.41956220689618,54.41421471229126,54.393985035419455,54.26269167121564,54.3684211981839,54.23656774969633,54.343377383217074,54.360191257796096
268.0,8.016759776536311,8.016759776536311,0.1,-1,54.4734855034716,54.423412949164096,0.10012997895181286,55.0,,1.4914837367908231,54.4734855034716,54.350538726863654,54.448969030578844,54.427360029423696,54.42340359851673,54.287087532059225,54.3978510887335,54.261094827962644,54.37335552451979,54.37406201216222
269.0,8.016759776536311,8.016759776536311,0.0,-1,54.4635505288988,54.40350198536835,0.12008245545019491,55.0,,1.5767680275222167,54.4635505288988,54.342781298789404,54.43429560252847,54.41763219235473,54.40349294253446,54.262966749195755,54.372702779431414,54.224852766958215,54.343468073448605,54.30742831931505
270.0,8.016759776536311,8.016759776536311,0.1,-1,54.492314726989186,54.43292020282729,0.11877486875748389,55.0,,1.4259744006060082,54.492314726989186,54.36417671420529,54.463679219053724,54.428631579480495,54.43291143937228,54.29583164758275,54.40215577048953,54.27054452238853,54.3735398582317,54.397166152680505
271.0,8.016759776536311,8.016759776536311,0.1,-1,54.482249514325915,54.41298995219125,0.13850541147932205,55.0,,1.5862681572107198,54.482249514325915,54.35633316668729,54.448951755603616,54.421984013982346,54.412981477219965,54.27767023452659,54.377022910960164,54.24749184886471,54.34374410284659,54.37394596082353
272.0,8.016759776536311,8.016759776536311,0.0,-1,54.472100539503835,54.39310013381747,0.15798754999325126,55.0,,2.1500902462212714,54.472100539503835,54.36797812131952,54.434242116838774,54.46366357285961,54.393091937833326,54.269130237397206,54.35195308540085,54.221718156334376,54.31411298951058,54.32377704853771
273.0,8.016759776536311,8.016759776536311,0.0,1,54.50067245098992,54.42251840332792,0.15629524365554914,55.0,,2.408619612696501,54.50067245098992,54.420697551972175,54.46358679626815,54.548420433804374,54.42251046055918,54.3112902095956,54.38144510148797,54.24972215771447,54.34437720733437,54.324258805339575
274.0,8.016759776536311,8.016759776536311,0.0,1,54.5292614934921,54.451936527953784,0.15463747646116133,55.0,,0.6429770896540772,54.5292614934921,54.426336895172774,54.492915705743506,54.513307551690936,54.451928830577344,54.330792094839005,54.41095259292502,54.28461832924717,54.37462401703094,54.391717763550325
275.0,8.016759776536311,8.016759776536311,0.1,1,54.55786693867862,54.481354514893155,0.15301277774145206,55.0,,1.1465216622994372,54.55786693867862,54.43366764590146,54.52222993712993,54.48647199911579,54.48134705532761,54.35270116053927,54.44047448239247,54.323563505377685,54.40485416093717,54.46913944049759
276.0,8.016759776536311,8.016759776536311,0.1,1,54.52626147718987,54.46132601991354,0.12985924204919286,55.0,,0.6869441104494488,54.52626147718987,54.45259190961747,54.4966887297907,54.59424738639966,54.46131880590904,54.36314603038752,54.42595885153745,54.314528571385004,54.39640223514068,54.43161218309839
277.0,8.016759776536311,8.016759776536311,0.1,1,54.49485564139233,54.44133814844389,0.10702369763988173,55.0,,1.2947621141591659,54.49485564139233,54.40231140926895,54.471186978372195,54.522114869099994,54.441331171916815,54.3376710417726,54.41148500678568,54.30968724922367,54.387831943752445,54.472141103963075
278.0,8.041852886405957,8.041852886405957,0.1,1,54.463645449678324,54.42139082141408,0.08449833986897914,55.0,,0.6606173015321881,54.463645449678324,54.35201003673367,54.44572821282391,54.44124832834768,54.42138407454692,54.28547359987201,54.39704926021191,54.247981464061624,54.379147109809345,54.3190386952391
279.0,8.017248603351954,8.017248603351954,0.1,1,54.43272852873207,54.401585392220156,0.06227571572919999,55.0,,0.7603120079896647,54.43272852873207,54.32366308792859,54.420417139653,54.42646187945507,54.401578867452756,54.26737380357357,54.382749612260106,54.23313275786348,54.37045281300287,54.30934537575639
280.0,8.023277467411544,8.023277467411544,0.1,1,54.40190014392924,54.38172068713159,0.04034870383566158,55.0,,1.1550967971933936,54.40190014392924,54.30792863963855,54.39505569822213,54.44651298080967,54.38171437715265,54.26581736396006,54.368381776260335,54.23902366863266,54.36155144009358,54.35840286252074
281.0,8.049348230912475,8.049348230912475,0.0,1,54.37128083726564,54.36192065262829,0.018710495609525424,55.0,,0.969129344212444,54.37128083726564,54.25130140061883,54.36977072301076,54.35599352613968,54.36191455036721,54.229676780245434,54.35406681084176,54.21944390862825,54.35257034165611,54.35598181362955
282.0,8.049348230912475,8.049348230912475,0.0,1,54.40079724905053,54.3914708243331,0.018643280817109087,55.0,,1.252938275834209,54.40079724905053,54.26838097689468,54.399179023051026,54.35109281574938,54.39146491060172,54.25108264898634,54.38375897072881,54.2465608440765,54.38215396823342,54.38491606348605
283.0,8.049348230912475,8.049348230912475,0.0,1,54.43031109009996,54.421020842234704,0.01857122273573708,55.0,,1.3589549661658422,54.43031109009996,54.286533051877655,54.428592762099754,54.34943042931435,54.42101511120838,54.269965346460374,54.41344538040118,54.26716351052377,54.411739867364226,54.390763123881854
284.0,8.047392923649905,8.047392923649905,0.1,1,54.459822546771136,54.450570713625474,0.018494679786194013,55.0,,1.3099024355000333,54.459822546771136,54.33464787972742,54.45801164322213,54.42574405211824,54.45056515965955,54.30773219050984,54.443126351489646,54.292657535400494,54.44132786698494,54.387193613546295
285.0,8.016759776536311,8.016759776536311,0.1,1,54.43271566361864,54.43072849075499,0.003977665270952002,55.0,,1.3704342299809433,54.42929569725905,54.320545344147945,54.43271566361864,54.448611904536705,54.43072311961975,54.30065265476175,54.428737998347685,54.28520220268725,54.43216997492979,54.38943739968535
286.0,8.016759776536311,8.016759776536311,0.1,1,54.422789945832406,54.410802686257476,0.02396611455893094,55.0,,0.9544335546884024,54.398823831273475,54.301578320140365,54.407352127103294,54.45245923617057,54.41079749193435,54.28045585478228,54.41425003514387,54.25505533156723,54.422789945832406,54.31957828416928
287.0,8.016759776536311,8.016759776536311,0.1,1,54.41331480454324,54.390917305365235,0.04478687043533114,55.0,,1.1436857126070143,54.36852793410791,54.27251347025517,54.38204738759337,54.43217416179676,54.390912282033746,54.26247455934609,54.39978411854792,54.241315248741316,54.41331480454324,54.31659168019102
288.0,8.016759776536311,8.016759776536311,0.0,1,54.40374736584308,54.37107226936257,0.06534233260289568,55.0,,1.2458208489043823,54.338405033240186,54.23146105287743,54.356803537781964,54.3837361979335,54.37106741139385,54.244437252328105,54.38533799855377,54.24208593486327,54.40374736584308,54.37285536505435
289.0,8.016759776536311,8.016759776536311,0.0,1,54.432754191107165,54.400490652072314,0.06451946055776858,55.0,,2.38227533460409,54.368234730549396,54.267105893996096,54.3861294872148,54.42692346687991,54.400485944190805,54.28599411842372,54.41484890729939,54.29049617144759,54.432754191107165,54.45873453645994
290.0,8.016759776536311,8.016759776536311,0.0,-1,54.46177213532223,54.42990888450761,0.0637191194607567,55.0,,2.2848269922884614,54.39805301586147,54.2644282753319,54.41546861787765,54.36674807678018,54.429904322076354,54.29070202457368,54.4443463314003,54.30552407073458,54.46177213532223,54.46409256563678
291.0,8.016759776536311,8.016759776536311,0.0,-1,54.490800655651654,54.459326973866645,0.06294020947402146,55.0,,0.5842746091731524,54.42786044617763,54.31687999651559,54.444820089024624,54.45412739513215,54.45932255239196,54.3363088682294,54.473831126087326,54.343331396297714,54.490800655651654,54.497347193419756
292.0,8.016759776536311,8.016759776536311,0.1,-1,54.519839240513704,54.48874492734749,0.06218169326260181,55.0,,0.8650549247128946,54.4576575472511,54.36923009263209,54.47418311011729,54.53742765742752,54.48874064247452,54.37956130838987,54.50330409638083,54.3757005052208,54.519839240513704,54.51280483673919
293.0,8.016759776536311,8.016759776536311,0.1,-1,54.48873774988325,54.468701443342596,0.040065908240798365,55.0,,0.5182662288944633,54.44867184164245,54.330822706787124,54.459437809393876,54.44814126146379,54.46869729952312,54.34595397074283,54.477962516270296,54.35628788085816,54.48873774988325,54.531418699330075
294.0,8.023603351955305,8.023603351955305,0.1,-1,54.4578280599311,54.44869861201901,0.01825241169993319,55.0,,0.7386142333390642,54.43957564823117,54.33779227188253,54.44473275683345,54.476476390702146,54.4486946046097,54.3370155271906,54.45266199048965,54.336621730453615,54.4578280599311,54.50597300176871
295.0,8.049348230912475,8.049348230912475,0.1,-1,54.43040022213611,54.42876401277017,0.0032661480581595015,55.0,,0.599113611261257,54.43040022213611,54.30437575309401,54.43009217175385,54.39979422180663,54.428760137280534,54.30175538784346,54.42743345860238,54.30801575555164,54.42713407407795,54.48652026794547
296.0,8.02849162011173,8.02849162011173,0.1,-1,54.4212253616435,54.40897393288758,0.02449679326205967,55.0,,1.2957618473047308,54.4212253616435,54.32151125437019,54.41558922058373,54.45115863810273,54.40897018497498,54.289180260661475,54.40235632885425,54.268239788994876,54.39672856838144,54.38320424407088
297.0,8.044622905027932,8.044622905027932,0.0,-1,54.411865729223216,54.38913967921326,0.045446235398820534,55.0,,1.3720551703260264,54.411865729223216,54.293107528952866,54.401032313652365,54.38454245201783,54.38913605467799,54.250584072610124,54.377244804688345,54.22556449041258,54.366419493824395,54.31432561663828
298.0,8.049348230912475,8.049348230912475,0.1,-1,54.44115446122667,54.41867060166085,0.04496203569832602,55.0,,1.4877176327039694,54.44115446122667,54.320278477169126,54.43053947530962,54.40581322809974,54.418667089105796,54.27761730121537,54.40679955713383,54.25219433992903,54.39619242552834,54.335017752274105
299.0,8.049348230912475,8.049348230912475,0.1,-1,54.43172746339406,54.39890099829391,0.0656474338596027,55.0,,1.434708570306586,54.43172746339406,54.31372594860701,54.416030449195496,54.40254012362007,54.39889760136847,54.263995747309096,54.3817694479771,54.23735630467151,54.36608002953446,54.34169672674647
300.0,8.049348230912475,8.049348230912475,0.1,-1,54.422206029188814,54.37917150401082,0.08606373494902897,55.0,,1.2151215265406998,54.422206029188814,54.29955653929121,54.40154689630757,54.380278702774866,54.37916821890857,54.24778950920843,54.356794081409355,54.2261693469756,54.336142294239785,54.36587343915383
301.0,8.07264897579143,8.07264897579143,0.0,-1,54.41259303347892,54.35948204069092,0.10621684514662633,55.0,,1.7945304366767836,54.41259303347892,54.307508192202036,54.38708641457525,54.41127568992094,54.359478863730764,54.23607051207089,54.33187570333735,54.19848974233528,54.306376188332294,54.31211243245679
302.0,8.081936685288639,8.081936685288639,0.1,-1,54.4416672395788,54.38912646948006,0.10507655858194198,55.0,,1.6153436143257158,54.4416672395788,54.33756428013427,54.416683875200334,54.44036010791083,54.38912339067227,54.27027472660935,54.361567160952035,54.23702009202281,54.336590680996856,54.36796179080423
303.0,8.086662011173182,8.086662011173182,0.0,-1,54.43204995410595,54.3695486279452,0.12499783469547765,55.0,,1.8206536424992141,54.43204995410595,54.31748133723001,54.40230535558227,54.39692249444035,54.36954565048851,54.23917701827957,54.3367900601388,54.200612174353445,54.30705211941047,54.30998112638123
304.0,8.126256983240221,8.126256983240221,0.1,-1,54.46108606087554,54.39924970113098,0.12366805070392672,55.0,,2.268859085223515,54.46108606087554,54.356884018947156,54.431939023433635,54.448645845908665,54.39924681566297,54.27206880189394,54.36655859551111,54.22518847646173,54.33741801017161,54.31015017052217
305.0,8.147113594040967,8.147113594040967,0.1,-1,54.4515157449257,54.379830724900536,0.14336552495660726,55.0,,2.2753152683702322,54.4515157449257,54.360410690191365,54.417687341084886,54.470546899844614,54.37982793441909,54.26751587135742,54.34197238410389,54.21738059447164,54.30815021996909,54.329730150026215
306.0,8.172858472998136,8.172858472998136,0.1,-1,54.44194471974894,54.36053562806377,0.16281381690873076,55.0,,1.9804067780541204,54.44194471974894,54.34461768500546,54.403538218891434,54.4410150845145,54.36053292944203,54.24994556113342,54.31753136939622,54.20464033106162,54.27913090284021,54.34789226580413
307.0,8.17970204841713,8.17970204841713,0.0,-1,54.4323951433799,54.34138400782475,0.18201804838797386,55.0,,1.5895747959100544,54.4323951433799,54.30314428329929,54.389509465068365,54.34176789524097,54.3413813980388,54.20414139535641,54.29325693764479,54.1620269623307,54.250377094991926,54.28576590333004
308.0,8.186871508379886,8.186871508379886,0.0,1,54.461514449117516,54.371462060266914,0.1801006854401379,55.0,,2.2981147343354977,54.461514449117516,54.35685279244222,54.419470319343084,54.43181988271957,54.37145953111043,54.24496239085511,54.32345223808613,54.186903425642164,54.28141376367738,54.27178100332336
309.0,8.212290502793294,8.212290502793294,0.0,1,54.490681468633205,54.40156901293636,0.17822094556324686,55.0,,0.4019007010786997,54.490681468633205,54.38812021367618,54.449443882164005,54.46280791060849,54.40156656191831,54.275124015837,54.353692628896304,54.21484663259424,54.31246052306996,54.29068963727783
310.0,8.2334729981378,8.2334729981378,0.1,1,54.51996943989919,54.43177888637778,0.1763772637369243,55.0,,1.2723417669799235,54.51996943989919,54.389990844807016,54.47950531857171,54.425071919288136,54.43177651108407,54.30288873349922,54.384050986171644,54.27291816994615,54.34359217616227,54.4378518428811
311.0,8.27306797020484,8.27306797020484,0.1,1,54.489210566075464,54.41272852877082,0.15296035782093753,55.0,,0.8154514840335283,54.489210566075464,54.36589896267682,54.45488325075594,54.420305497286925,54.412726231669275,54.27853736022449,54.37057238709892,54.24062057322763,54.336250208254526,54.35734198313507
312.0,8.280074487895714,8.280074487895714,0.1,1,54.45881195600476,54.39387754453362,0.1298652285066737,55.0,,0.7274635192272786,54.45881195600476,54.333299734000725,54.430459201372436,54.39362911225289,54.39387532305023,54.252802682173694,54.357294514742605,54.214897187924585,54.328946727498085,54.30964161803304
313.0,8.310055865921786,8.310055865921786,0.1,1,54.428636985594395,54.37509326233328,0.10708397041164375,55.0,,1.0486143001369885,54.428636985594395,54.32953154923921,54.406104159199316,54.44627023487819,54.375091113978776,54.26083291287165,54.344081037711184,54.22745406991002,54.32155301518275,54.366787974713354
314.0,8.326675977653629,8.326675977653629,0.1,1,54.39877509026744,54.35646889216038,0.08460903453345736,55.0,,1.1716540689975004,54.39877509026744,54.30946959801206,54.381914734915064,54.449651392464474,54.35646681452742,54.250276176152944,54.33102176535793,54.21939140447842,54.314166055733985,54.36670930093497
315.0,8.34264432029795,8.34264432029795,0.1,1,54.369168093395864,54.33794986390593,0.06243320796214391,55.0,,0.8179716365187566,54.369168093395864,54.27818417731991,54.357839515783446,54.4176416706441,54.33794785466647,54.22035629241103,54.31805897025017,54.18286862174511,54.30673488543372,54.28035304647957
316.0,8.373277467411544,8.373277467411544,0.1,1,54.33980970730539,54.31953333790293,0.04054959480728826,55.0,,1.7694276782798788,54.33980970730539,54.2508037922925,54.333878591323206,54.40543528006707,54.3195313948055,54.21757050099803,54.30518688358242,54.20005251144468,54.299260112498104,54.375188763129295
317.0,8.38028398510242,8.38028398510242,0.1,1,54.3107561008171,54.30127878143353,0.01895159826657533,55.0,,1.2707408248671879,54.3107561008171,54.220237521354434,54.31009414402349,54.374077929328216,54.30127690230082,54.18789061175308,54.29246225747572,54.1636780718488,54.29180450255053,54.287176705357204
318.0,8.407821229050278,8.407821229050278,0.0,1,54.28639228003417,54.283089786075905,0.0066061110533865985,55.0,,1.314009314182005,54.28190770816453,54.14883142105597,54.28639228003417,54.24319800860377,54.283087968802256,54.145725011916355,54.279786168980785,54.14899294539718,54.284274804397775,54.312627300652935
319.0,8.426885474860333,8.426885474860333,0.0,1,54.31722324107981,54.31409487438965,0.006257821817790443,55.0,,1.8141464639876361,54.31301305298979,54.18827561778563,54.31722324107981,54.29587451027391,54.314093113260775,54.18457091858251,54.31096541926202,54.18760710036019,54.315179545355875,54.357199800757535
320.0,8.440409683426441,8.440409683426441,0.0,1,54.348141662991594,54.34517739545913,0.0059295898750733045,55.0,,1.583974665525812,54.34418969648232,54.22019605405594,54.348141662991594,54.324300496304524,54.345175688740426,54.20925669906688,54.34221207311652,54.20445427109311,54.346167855964794,54.33440264234697
321.0,8.473486964618248,8.473486964618248,0.1,1,54.3791244270954,54.376314816156174,0.0056202441001858006,55.0,,1.0541005878152436,54.375415466833985,54.2534197969906,54.3791244270954,54.354070073278194,54.37631316216663,54.22961860199353,54.37350418299521,54.20989980127673,54.37721684168962,54.2742387757227
322.0,8.50558659217877,8.50558659217877,0.0,1,54.36979569306071,54.358353075215874,0.022882647576459192,55.0,,1.8982210282226675,54.34691304548425,54.23212386721929,54.35569852568362,54.359365806370924,54.35835147567392,54.22840705427338,54.361006636176846,54.22361969583612,54.36979569306071,54.354159458220984
323.0,8.520088454376163,8.520088454376163,0.1,1,54.40100219861708,54.389756067796704,0.022489753487434427,55.0,,1.7524286056732143,54.378512445129644,54.26094804474509,54.386964420208415,54.37958077662155,54.389754517672685,54.25530160244545,54.39254675735568,54.248459938968004,54.40100219861708,54.36353160007755
324.0,8.581191806331468,8.581191806331468,0.1,1,54.393616828886074,54.37195707011259,0.04331709195940192,55.0,,1.7483429140921947,54.35029973692667,54.23863311697972,54.36373178748668,54.37552895816196,54.37195557101702,54.2400341232343,54.38018142624651,54.23345676972763,54.393616828886074,54.34447415388449
325.0,8.574837057728118,8.574837057728118,0.1,1,54.38638457199312,54.35444359266995,0.06387961290654687,55.0,,1.5040400430948646,54.32250495908657,54.22051071986821,54.34080581294084,54.37942641799841,54.35444214292302,54.224825617593325,54.368080476406206,54.213436181201,54.38638457199312,54.30495409896491
326.0,8.60335195530726,8.60335195530726,0.0,-1,54.37903225709926,54.33693970914921,0.08418282737957838,55.0,,2.374463539613248,54.29484942971968,54.183196081709326,54.31791254246269,54.338517170525776,54.336938307126424,54.21228638516451,54.35596600933802,54.2220535362894,54.37903225709926,54.38078481108374
327.0,8.613291433891991,8.613291433891991,0.0,-1,54.410318776665626,54.36874189478168,0.08315156533343071,55.0,,0.5482697624010054,54.327167211332196,54.21174948085425,54.34962446966115,54.35630867187049,54.36874053607446,54.23995449193325,54.387858480175,54.24934151540981,54.410318776665626,54.39733284248416
328.0,8.635940409683425,8.635940409683425,0.1,-1,54.44165927116773,54.40058450878128,0.08214739425920214,55.0,,0.34709371293120916,54.35951187690853,54.2258203106596,54.38139238840432,54.34422568227782,54.400583192051386,54.27443288792647,54.41977581537443,54.308852506438946,54.44165927116773,54.53612230528081
329.0,8.659892923649904,8.659892923649904,0.1,-1,54.413113625515074,54.38323663524341,0.05975192016389741,55.0,,0.4183327960100983,54.353361705351176,54.21918403781975,54.36933593564215,54.33007391260893,54.38323536185887,54.24588660486602,54.39713654784976,54.26393208121294,54.413113625515074,54.43195067984274
330.0,8.668528864059589,8.668528864059589,0.1,-1,54.384855829101475,54.366021905666756,0.03766585431552727,55.0,,0.48172496586651686,54.34718997478595,54.21838379780461,54.35741566430214,54.3366165358746,54.36602067420069,54.23553228907815,54.3746273859435,54.25064036064096,54.384855829101475,54.43224523762192
331.0,8.701117318435752,8.701117318435752,0.1,-1,54.356819157866205,54.348877435592975,0.01588151758529932,55.0,,0.4708726099675842,54.340937640280906,54.19931831224489,54.34556508941675,54.294423421929615,54.34887624466548,54.21053735780571,54.35218904573556,54.227512174202964,54.356819157866205,54.41454184246102
332.0,8.701117318435752,8.701117318435752,0.1,-1,54.33470624691539,54.33190110467429,0.005608420954587245,55.0,,0.5720145408583592,54.33470624691539,54.17663135248741,54.33387874423803,54.240338964537024,54.33189995295086,54.17319414662904,54.329922753306334,54.18210017040648,54.3290978259608,54.32390506879982
333.0,8.72050744878957,8.72050744878957,0.1,-1,54.3283656160749,54.31495923304294,0.026810963881644057,55.0,,0.42045312816214797,54.3283656160749,54.15406979867706,54.32221984083907,54.198443064451055,54.31495811923304,54.16043883968919,54.307697936874455,54.18950498663124,54.30155465219325,54.41404179110573
334.0,8.707309124767223,8.707309124767223,0.1,-1,54.32199840325813,54.29813112978752,0.04773280408488034,55.0,,0.785078328992967,54.32199840325813,54.192118457295585,54.31066480378091,54.30669754735582,54.29813005264307,54.16929255302958,54.28559679008226,54.17165711615051,54.27426559917325,54.35903993614526
335.0,8.766294227188084,8.766294227188084,0.1,-1,54.315474171650166,54.281283157753776,0.0683803423094389,55.0,,0.7841434223945644,54.315474171650166,54.16798259214704,54.299077321004866,54.24906381011056,54.28128211606778,54.13756095729251,54.263488350705344,54.13935989502753,54.24709382934073,54.31313614787335
336.0,8.774115456238363,8.774115456238363,0.0,-1,54.309091639744125,54.26471097291882,0.08875970365161834,55.0,,0.7925332924554362,54.309091639744125,54.14260746660556,54.28775057014423,54.187212613169415,54.26470996552401,54.097505266889534,54.24167075308917,54.09054889184452,54.22033193609251,54.21231258198578
337.0,8.798882681564248,8.798882681564248,0.1,-1,54.34111594791274,54.2972123792926,0.08780555760016995,55.0,,1.2897151706724521,54.34111594791274,54.200786765884665,54.32021398193186,54.28890616289279,54.29721140302132,54.14852061732657,54.274210173284516,54.13214143434002,54.25331039031257,54.24991186362377
338.0,8.798882681564248,8.798882681564248,0.0,-1,54.3347142824092,54.28074143377209,0.1079441696341803,55.0,,1.3082288602429228,54.3347142824092,54.19534887315204,54.3089622315023,54.28281593219135,54.28074048963864,54.134927538755946,54.25252005253533,54.115832882498836,54.22677011277502,54.24447867967317
339.0,8.798882681564248,8.798882681564248,0.1,-1,54.366741402426754,54.31334426332519,0.10679279775962414,55.0,,0.9880904401857452,54.366741402426754,54.211781567679814,54.34150984896223,54.274421283510335,54.31334334836078,54.161948203831386,54.285178112209046,54.15528463058062,54.25994860466713,54.311667452319135
340.0,8.802141527001865,8.802141527001865,0.1,-1,54.36019097984711,54.29684056636266,0.12669939526002594,55.0,,1.3792177343555152,54.36019097984711,54.231841432220826,54.33019624349374,54.33608080572004,54.296839681517916,54.16506159854587,54.26348434236746,54.14504455733411,54.233491584587085,54.301278149055626
341.0,8.841736499068903,8.841736499068903,0.1,-1,54.353560796671246,54.280383738230775,0.14635273230241808,55.0,,2.141322147839461,54.353560796671246,54.238972750905106,54.31890945944594,54.357042943962206,54.280382882514175,54.15014441827356,54.24185748815366,54.11067452995434,54.20720806436883,54.22042263194176
342.0,8.881331471135942,8.881331471135942,0.0,-1,54.34700245500119,54.264122742013775,0.1657580869751527,55.0,,1.11836457719304,54.34700245500119,54.18577299098431,54.30779656589813,54.22381918706856,54.264121914466465,54.103463855196644,54.22044840667706,54.07949610099084,54.181244368026036,54.20678068495556
343.0,8.920926443202982,8.920926443202982,0.1,-1,54.37906723025425,54.29706399907745,0.1640051647223899,55.0,,1.3154671019370612,54.37906723025425,54.211039214777394,54.34063791988636,54.23995827497535,54.297063197097266,54.13357672057523,54.25348958261753,54.115233532386995,54.21506206553186,54.252079874214445
344.0,8.929236499068903,8.929236499068903,0.0,-1,54.37269788455999,54.28109432191212,0.18320587038117253,55.0,,1.6982417962379215,54.37269788455999,54.21747428164931,54.329777732576495,54.263319455362144,54.28109354633228,54.11639031919859,54.232410431913046,54.07715168454495,54.18949201417882,54.15891394229963
345.0,8.902351024208569,8.902351024208569,0.0,1,54.40487631473248,54.314232269478126,0.18128687436480817,55.0,,2.287828037831027,54.40487631473248,54.271702823451626,54.36278682013445,54.352179692561556,54.31423151785986,54.16376697727158,54.265677254296165,54.114622627443275,54.223589440367675,54.18635172738401
346.0,8.941945996275606,8.941945996275606,0.0,1,54.43696262757598,54.34725952964554,0.17940501728980962,55.0,,0.3494098148663983,54.43696262757598,54.320232337065164,54.39566953153766,54.42254908670162,54.34725880124856,54.20456429913689,54.29884907757933,54.144243479743025,54.25755761028617,54.19314249564475
347.0,8.981540968342646,8.981540968342646,0.1,1,54.46922925318773,54.3804492983975,0.1775587674213881,55.0,,0.6462758503839449,54.46922925318773,54.321714212594415,54.428700179374424,54.3739980013004,54.380448592504386,54.22461861036203,54.33219798115465,54.18531930804177,54.29167048576634,54.28192845270011
348.0,8.99441340782123,8.99441340782123,0.1,1,54.44162836328971,54.36455956966847,0.15413648268209812,55.0,,0.9943534916983374,54.44162836328971,54.29066692851583,54.40722744389124,54.351030953504896,54.364558887012606,54.21060839679541,54.321891273541176,54.18266897715146,54.28749188060761,54.30807213099843
349.0,9.02814245810056,9.02814245810056,0.1,1,54.41427338911095,54.34875505433622,0.13103560135002823,55.0,,0.46798505266069285,54.41427338911095,54.284392688533494,54.385839034459764,54.38459031633781,54.34875439415267,54.19646755955594,54.31167066619682,54.15014981266664,54.283237787760925,54.20982327075635
350.0,9.05959031657356,9.05959031657356,0.1,1,54.38724609234529,54.33312145181611,0.10824824802295296,55.0,,0.5835142747372759,54.38724609234529,54.26270594353749,54.36462428458929,54.380718431557035,54.33312081336509,54.18614940595399,54.301618224458494,54.14357595890458,54.27899784432234,54.21704409273185
351.0,9.05959031657356,9.05959031657356,0.1,1,54.36053305539692,54.317649104989734,0.08576690178539081,55.0,,0.8469999992764942,54.36053305539692,54.202972645141315,54.34357691338311,54.275830027298895,54.31764848755585,54.14619516763039,54.29172091500123,54.11879138977176,54.27476615361153,54.196087883036604
352.0,9.08175046554935,9.08175046554935,0.1,1,54.33400084166536,54.30220817057615,0.06358437603640255,55.0,,0.722775863915896,54.33400084166536,54.17443587085605,54.32257021192387,54.2534381662353,54.30220757346754,54.12321782615309,54.28184576019502,54.093890891389,54.270416465628955,54.14662838208738
353.0,9.12134543761639,9.12134543761639,0.1,1,54.307737265649614,54.2868898987182,0.041693799525177155,55.0,,1.125843413831686,54.307737265649614,54.14654075013106,54.301698337900284,54.23651590883021,54.28688932126578,54.1116743171169,54.2720811026509,54.092878489458336,54.26604346612444,54.17911159128697
354.0,9.128351955307265,9.128351955307265,0.0,1,54.281810726179536,54.27176597512867,0.020088598521496692,55.0,,1.3608566194954856,54.281810726179536,54.1333178484006,54.28103567187872,54.25777859378718,54.27176541668537,54.11288062578712,54.26249593324168,54.10226620837049,54.26172212765804,54.23183830784922
355.0,9.167946927374304,9.167946927374304,0.1,1,54.31575125435796,54.30572383032129,0.02005397240927209,55.0,,1.44490211561687,54.31575125435796,54.17102037386018,54.3148036094536,54.297580833721625,54.30572328913112,54.147342522951654,54.29664371671506,54.13262282494447,54.29569728194869,54.24820846365653
356.0,9.172346368715084,9.172346368715084,0.0,1,54.2943208239825,54.29075394317631,0.0071340850757621865,55.0,,1.6429486258268118,54.29011446976062,54.11332897515016,54.2943208239825,54.198315979534755,54.29075341980156,54.11180164091576,54.28718673890674,54.116058505165874,54.29139426343015,54.25135502158092
357.0,9.181959962756054,9.181959962756054,0.0,-1,54.32828630268613,54.32489321102224,0.00678649679775134,55.0,,2.352857057781524,54.324347774320124,54.146505620455045,54.32828630268613,54.237085445138746,54.32489270381718,54.16215446716426,54.32149980588838,54.1870665278971,54.325439468399374,54.40925937463504
358.0,9.189944134078214,9.189944134078214,0.0,-1,54.36230111879055,54.359071943219405,0.006458654927577356,55.0,,0.6895414282348195,54.35861455575052,54.19715116170998,54.36230111879055,54.308823571026274,54.35907145168448,54.19451974435576,54.35584246386297,54.19868887304027,54.35953012600852,54.34512119413458
359.0,9.222532588454378,9.222532588454378,0.1,-1,54.396357985669205,54.39328342844904,0.0061494088401872204,55.0,,1.5465297485828877,54.39290845730897,54.261842707629704,54.396357985669205,54.4155199494567,54.3932829521001,54.23843666755779,54.39020857682902,54.217280206208315,54.393659170337855,54.2966899704814
360.0,9.222532588454378,9.222532588454378,0.1,-1,54.388689536183165,54.37836121358028,0.020655899829257862,55.0,,1.733549028466746,54.388689536183165,54.262808343702844,54.38659639478643,54.41844266316689,54.37836075291224,54.227905952620816,54.37012574766561,54.199632518623766,54.36803363635391,54.282407781642064
361.0,9.24257448789572,9.24257448789572,0.1,-1,54.38435533015838,54.363469287303474,0.04177136487029287,55.0,,1.5876050444902101,54.38435533015838,54.26223888405289,54.376863189281764,54.419230336159515,54.36346884180015,54.221860923161195,54.350075109988985,54.19356147100432,54.342583965288085,54.30787453838061
362.0,9.28216945996276,9.28216945996276,0.0,-1,54.37999211032275,54.34869041420795,0.06260269511935945,55.0,,3.045068973402379,54.37999211032275,54.271039494278504,54.367237968258664,54.43471197794013,54.34868998337013,54.199299910163724,54.33014259388482,54.14056253201251,54.317389415203394,54.16400210602406
363.0,9.289175977653631,9.289175977653631,0.1,-1,54.41429967926088,54.38328311310448,0.062032456739807174,55.0,,3.105031580100988,54.41429967926088,54.307356677149286,54.40170114075073,54.46793891147944,54.383282695577414,54.237588808672754,54.36486482741231,54.17924886362276,54.35226722252107,54.2145025442514
364.0,9.32029795158287,9.32029795158287,0.1,-1,54.40995427569246,54.368656717299835,0.08259446345142152,55.0,,2.941942463179742,54.40995427569246,54.29999154610017,54.392220068632376,54.44872410304046,54.36865631351732,54.22381161812015,54.34509311641598,54.16403598658549,54.32735981224104,54.21657352890452
365.0,9.335777467411546,9.335777467411546,0.1,-1,54.40563172197558,54.35418879127965,0.10288522956507506,55.0,,2.1644559999466786,54.40563172197558,54.27023275881039,54.38288683719239,54.3733433299988,54.35418840078923,54.1972454062313,54.325490504030576,54.14841146082136,54.302746492410506,54.23557169020204
366.0,9.352886405959032,9.352886405959032,0.1,-1,54.40127006752195,54.33981431569712,0.12291089262194532,55.0,,2.4678843283612544,54.40127006752195,54.25622966486511,54.373633891930055,54.33822192465307,54.33981393806123,54.17196147544126,54.30599450607238,54.117354039430566,54.278359174900004,54.185549208149304
367.0,9.382378957169465,9.382378957169465,0.1,-1,54.396878828135215,54.32553986908853,0.14267732718006698,55.0,,1.9009640230437477,54.396878828135215,54.2244813021683,54.36446546331489,54.261662820934646,54.32553950388401,54.142427855107506,54.28661404915336,54.09841852388103,54.25420150095515,54.19303598443525
368.0,9.389385474860337,9.389385474860337,0.0,1,54.39251194616558,54.31141658063964,0.16219015959080707,55.0,,2.2734108216794096,54.39251194616558,54.21886562279241,54.35543050786979,54.253160787632616,54.31141622745727,54.123947833519324,54.26740243513078,54.07257073291603,54.23032178657477,54.151423353207655
369.0,9.428980446927374,9.428980446927374,0.0,1,54.426719798172,54.34645342050787,0.16053220152251413,55.0,,0.5555958239570775,54.426719798172,54.302785820746195,54.39031235801198,54.4207506961257,54.34645307823709,54.20084191243517,54.302594271468784,54.13934152752515,54.26618759664949,54.248381658811105
370.0,9.450651769087523,9.450651769087523,0.1,1,54.4611066366245,54.38165417900659,0.15890437853990846,55.0,,0.5838482361622738,54.4611066366245,54.28061622132568,54.4253465241434,54.300969478148545,54.38165384731029,54.18958683097691,54.337961628870204,54.142310191002835,54.30220225808459,54.22266806488724
371.0,9.450651769087523,9.450651769087523,0.1,1,54.435566828955935,54.36770004040168,0.13573305808008485,55.0,,0.40873412007154436,54.435566828955935,54.27157297536075,54.40581390887548,54.33068048472275,54.36769971962446,54.180990202423594,54.32958597367665,54.125775080672796,54.29983377087585,54.17979183837221
372.0,9.482588454376163,9.482588454376163,0.1,1,54.4102130925939,54.353774228974146,0.11287722529694122,55.0,,0.5286868849625437,54.4102130925939,54.279157377943825,54.38631132693317,54.40478990157419,54.35377391875658,54.19503382832358,54.321236939290124,54.137736813674415,54.29733586729696,54.220474096063114
373.0,9.48959497206704,9.48959497206704,0.1,1,54.38517409914762,54.34000922395487,0.09032926496636406,55.0,,0.623334191579676,54.38517409914762,54.2545873935954,54.36697470430882,54.38847067579257,54.340008923949334,54.18181360726469,54.313043558187296,54.129120506895404,54.294844834181255,54.21895723041522
374.0,9.52918994413408,9.52918994413408,0.1,1,54.36034243845194,54.32630125291605,0.06808190163210526,55.0,,0.8021933039246845,54.36034243845194,54.22515828064899,54.34770346912713,54.35945587990163,54.326300962786384,54.166301458345735,54.304898857394974,54.12157329761622,54.29226053681983,54.22525572193118
375.0,9.548417132216017,9.548417132216017,0.1,1,54.335849874873404,54.31278555772334,0.046128180313928624,55.0,,0.7732600987427295,54.335849874873404,54.21229248284725,54.32863583290186,54.37192202023267,54.312785277144435,54.15884852839077,54.296935109137515,54.11183204401298,54.289721694559475,54.20845378397131
376.0,9.548417132216017,9.548417132216017,0.1,1,54.31160814622262,54.29937720251672,0.024461448370331595,55.0,,1.240046500564043,54.31160814622262,54.18006201649586,54.30968961289046,54.33513567880451,54.29937693117418,54.14551442548493,54.28906462444407,54.11255843109761,54.287146697852286,54.24528127403713
377.0,9.550209497206705,9.550209497206705,0.1,1,54.29078724838015,54.28599607649742,0.009582505943917852,55.0,,0.8223532926917214,54.287533958014826,54.16777081959893,54.29078724838015,54.34465569857012,54.28599581408718,54.13072216609821,54.28120474243623,54.08659852091114,54.284458619568674,54.17153804200886
378.0,9.58100558659218,9.58100558659218,0.1,1,54.28166790448218,54.27264957539607,0.018036247560530683,55.0,,1.4129266117600159,54.263631656921646,54.11277252784553,54.271938494833904,54.24644941312959,54.272649321624115,54.09910400436488,54.27336049911855,54.07515493740582,54.28166790448218,54.188792470598905
379.0,9.61261638733706,9.61261638733706,0.0,1,54.2788979859245,54.25945821059024,0.0388791535737667,55.0,,1.4225232734758015,54.240018832350735,54.05449250003387,54.253266044913815,54.14129492070796,54.259457965172174,54.060705517528824,54.265650224589955,54.0539059702681,54.2788979859245,54.17384746513408
380.0,9.646182495344508,9.646182495344508,0.1,1,54.31456599744136,54.29542238735438,0.03828683534747057,55.0,,1.9347068946160197,54.27627916209389,54.123429795190766,54.28907249447128,54.265949467869945,54.29542214951852,54.124304438145884,54.301772133246835,54.111038574096426,54.31456599744136,54.250934194594436
381.0,9.676000931098695,9.676000931098695,0.1,1,54.31190022776985,54.282455962576435,0.05888815822839888,55.0,,2.372250338658463,54.25301206954145,54.11180201923511,54.27066215833566,54.283844313401424,54.282455732569886,54.12419501220524,54.29424962466535,54.11682456300371,54.31190022776985,54.28459017011042
382.0,9.678770949720672,9.678770949720672,0.0,-1,54.309255544308996,54.26964004802244,0.07923063266575525,55.0,,2.3744082087795393,54.23002491164324,54.069833647994045,54.252426476832014,54.2187253059621,54.26963982558746,54.09886458917025,54.286853481740486,54.104639240530304,54.309255544308996,54.28296563795731
383.0,9.690013966480448,9.690013966480448,0.0,-1,54.344994246866435,54.305879568207295,0.07822900853027193,55.0,,0.4653809631867352,54.26676523833616,54.09940580278366,54.28855000991806,54.2346608788364,54.30587935264446,54.13161919066881,54.32320899327137,54.14253614556478,54.344994246866435,54.32704323683464
384.0,9.693109869646184,9.693109869646184,0.1,-1,54.38079331897401,54.34216566864027,0.07725496265529586,55.0,,0.9242876741789172,54.30353835631871,54.16193643724028,54.324736505356995,54.33288727373508,54.34216545973726,54.17616806025563,54.359594702814384,54.166242913627315,54.38079331897401,54.29275592379217
385.0,9.729283054003728,9.729283054003728,0.1,-1,54.35674991431873,54.32929977322973,0.0548999552928322,55.0,,0.8914000966233138,54.3018499590259,54.13785074856841,54.317134329824384,54.26509380996655,54.329299571203585,54.14335587589469,54.34146509177605,54.13188863549903,54.35674991431873,54.23911427315451
386.0,9.743947858473,9.743947858473,0.1,-1,54.33303823665201,54.31661077475998,0.03285460765959414,55.0,,1.0035251977565127,54.300183628992414,54.14706019929767,54.30971293082223,54.29005774120958,54.316610579384324,54.14206864386538,54.32350849794893,54.12589405801047,54.33303823665201,54.25225195702184
387.0,9.783216945996276,9.783216945996276,0.1,-1,54.30956444684681,54.304008695558196,0.011111196859246775,55.0,,1.3855879244193192,54.29845324998756,54.156383663580314,54.30237868800514,54.31143114595664,54.304008506614096,54.13490085059831,54.305638586337366,54.106867827344544,54.30956444684681,54.21943944625852
388.0,9.809124767225327,9.809124767225327,0.1,-1,54.29676501029742,54.29159603804446,0.01033764885184496,55.0,,1.3208677896952767,54.29676501029742,54.16005226166166,54.29523071768932,54.32020274136409,54.2915958553202,54.13272331395774,54.2879612454698,54.105187516366264,54.286427361445575,54.25091283145365
389.0,9.829818435754191,9.829818435754191,0.1,-1,54.295066367608975,54.27931673959962,0.031498970097260326,55.0,,1.3026127770831257,54.295066367608975,54.135434563511495,54.28820981180431,54.250303781758255,54.27931656289045,54.0998450297586,54.27042355818266,54.071201616789786,54.263567397511714,54.19544397259906
390.0,9.841713221601491,9.841713221601491,0.1,-1,54.293338687049214,54.26714880118802,0.052379495213159544,55.0,,1.1169397496612532,54.293338687049214,54.13039218758416,54.281291051567514,54.23941418246895,54.267148630295935,54.09281546663304,54.25300644519142,54.06986732660361,54.240959191836055,54.23416199148817
391.0,9.874301675977655,9.874301675977655,0.1,-1,54.291548230432,54.25505526775188,0.07298565795342427,55.0,,1.1061907103784712,54.291548230432,54.133373011948684,54.274434773839324,54.24941996318402,54.25505510248537,54.09058995841252,54.23567565952411,54.06961733928446,54.218562572478575,54.266589928308235
392.0,9.874301675977655,9.874301675977655,0.1,-1,54.28978442391971,54.243122487549975,0.09332361413540013,55.0,,2.734446174763952,54.28978442391971,54.166702719489024,54.267724817276765,54.32779670922546,54.243122327723874,54.08461052812349,54.218520059045225,54.02437687392298,54.19646080978431,54.11573195250956
393.0,9.890432960893856,9.890432960893856,0.0,1,54.287913703449235,54.231213949758526,0.11339925729031819,55.0,,2.3467121046831068,54.287913703449235,54.147995880115765,54.26102234755144,54.27223334518723,54.23121379519373,54.057424344091494,54.20140545643931,53.99439610316782,54.174514446158916,54.069955982889375
394.0,9.930027932960895,9.930027932960895,0.0,1,54.32443571667791,54.268337142678476,0.1121969056343417,55.0,,0.9637591993923132,54.32443571667791,54.1506766972489,54.298080324002804,54.21939316295901,54.268336992888976,54.07946910488357,54.23859386877914,54.039740230119705,54.21223881104357,54.165840706336816
395.0,9.939478584729985,9.939478584729985,0.1,1,54.36113504447108,54.3056256682381,0.11101851758930081,55.0,,0.857343854514064,54.36113504447108,54.20292399090651,54.33529310924675,54.29695645921728,54.30562552307635,54.12776591866837,54.27595813751454,54.08316715726778,54.250116526881776,54.20700004109657
396.0,9.972067039106149,9.972067039106149,0.1,1,54.33805666615169,54.29386277134738,0.08838756246383639,55.0,,1.3619943417425702,54.33805666615169,54.1816599520207,54.31807193417075,54.29165571290101,54.29386263096421,54.123991185611295,54.269653521762436,54.092024520567776,54.24966910368785,54.25662566818405
397.0,9.983635940409686,9.983635940409686,0.1,1,54.31529244415712,54.282260186620455,0.06606429540592984,55.0,,1.9859630537597448,54.31529244415712,54.144276710330026,54.30101319999769,54.2417306848324,54.282260050858554,54.10542995824988,54.26350708933774,54.0886623667856,54.24922814875119,54.276952895768595
398.0,10.00465549348231,10.00465549348231,0.1,1,54.292750379240076,54.27072961790397,0.04404131023605373,55.0,,1.986642615677715,54.292750379240076,54.140677485518474,54.284031950402984,54.27991926090499,54.27072948661119,54.107836341545415,54.25742720426153,54.09037258442073,54.24870906900402,54.28302294083552
399.0,10.0302374301676,10.0302374301676,0.1,1,54.270466391330515,54.2593105232765,0.022311530665028556,55.0,,2.7183908039306104,54.270466391330515,54.12130726497156,54.26717074441924,54.27587199124422,54.25931039630575,54.10468466915751,54.251450223661514,54.09885854800724,54.24815486066549,54.32657662765863
400.0,10.037243947858476,10.037243947858476,0.0,1,54.25045139016109,54.24802183392205,0.004859188367106526,55.0,,3.0254978163384143,54.248456029047524,54.06703273403011,54.25045139016109,54.17834272453885,54.24802171113104,54.07394159932053,54.24559220179398,54.08999755114556,54.24758783747661,54.34068462007282
401.0,10.069832402234638,10.069832402234638,0.0,1,54.2880901928325,54.28575956222137,0.004661334766694836,55.0,,3.789905298201488,54.28623836538308,54.06744878763435,54.2880901928325,54.11508838972762,54.28575944322399,54.07838871602157,54.283428858065804,54.102163210352934,54.285280951601464,54.31610210284765
402.0,10.08384543761639,10.08384543761639,0.1,1,54.32587078372324,54.32363365826647,0.004474322185792801,55.0,,2.9682034644871953,54.3241538606443,54.125546495315604,54.32587078372324,54.208140703175076,54.32363354294553,54.12597989236898,54.32139646153745,54.13832543947568,54.32311364248187,54.32334478762444
403.0,10.102420856610802,10.102420856610802,0.0,1,54.32250718824198,54.31243912301757,0.020135949998049796,55.0,,2.968377673098142,54.30237123824393,54.14051223477659,54.30927061318686,54.29834813518323,54.31243901149287,54.147833384720265,54.315607563922214,54.15997163948285,54.32250718824198,54.3819191885291
404.0,10.130446927374305,10.130446927374305,0.0,-1,54.36036357538088,54.350449757269715,0.019827461346601183,55.0,,2.430052832649392,54.34053611403428,54.16377006539778,54.347197838205524,54.294272129265835,54.35044964919057,54.17691907099328,54.35370160953732,54.19709656333855,54.36036357538088,54.42402021113342
405.0,10.137453445065178,10.137453445065178,0.0,-1,54.39834266203647,54.38857777797625,0.01952959864751591,55.0,,0.8645904473385126,54.378813063388954,54.240553543523866,54.38524962733175,54.42992071798708,54.38857767323621,54.24023610076807,54.391905863887835,54.243993816136474,54.39834266203647,54.45075058355556
406.0,10.16759776536313,10.16759776536313,0.1,-1,54.436355951950624,54.42673496812133,0.019241803421522263,55.0,,0.8384125511087313,54.4171141485291,54.27480612090309,54.42333732384767,54.45077202047799,54.42673486661725,54.27473444372025,54.43013254966202,54.278948184421225,54.436355951950624,54.476505838504536
407.0,10.184054934823092,10.184054934823092,0.1,-1,54.417541508492974,54.41568273697364,0.003717603706547834,55.0,,1.8601249724552829,54.41684593099041,54.316248751833534,54.417541508492974,54.54842463089694,54.415682638810964,54.285556775711406,54.413823904786426,54.259821208136856,54.41451970178741,54.409168201303935
408.0,10.200186219739294,10.200186219739294,0.1,-1,54.41652390771331,54.40472210000015,0.023603461824301064,55.0,,0.8612734641030708,54.41652390771331,54.26794188761933,54.41183271149511,54.41587427353506,54.40472200506889,54.250924588815636,54.39761142983445,54.24956646350386,54.39292044588901,54.4546305275911
409.0,10.200186219739294,10.200186219739294,0.1,-1,54.41614998668449,54.39385152266893,0.04459677948552354,55.0,,1.1608606078246229,54.41614998668449,54.27627006613422,54.40620636163164,54.431227110975,54.393851430862696,54.242901468756976,54.381496626966836,54.22988334384736,54.371553207198964,54.413446546229316
410.0,10.237662942271882,10.237662942271882,0.1,-1,54.41565946890647,54.383003015279485,0.06531276359834237,55.0,,1.5180563355886008,54.41565946890647,54.277756565824085,54.40059165139385,54.42682515104962,54.383002926495415,54.22698585638707,54.365414324293525,54.20086031706811,54.35034670530813,54.34769412767517
411.0,10.265363128491622,10.265363128491622,0.1,-1,54.41521306715102,54.37233414312169,0.08575770913201808,55.0,,1.8854276754206738,54.41521306715102,54.274136477723275,54.39514353352204,54.4094337581279,54.3723340572603,54.20832022860809,54.34952469965607,54.17159280759421,54.329455358019004,54.287211603936264
412.0,10.284264432029795,10.284264432029795,0.1,-1,54.414772381893144,54.361803494329344,0.10593764077427892,55.0,,2.9367294243798687,54.414772381893144,54.29381149445402,54.38981817606433,54.452931901633065,54.36180341129442,54.20549573644625,54.33378876127594,54.14825101801216,54.308834741118865,54.22709044434014
413.0,10.297951582867784,10.297951582867784,0.1,-1,54.41430302622232,54.35137379719398,0.12585832812612097,55.0,,2.549498147132062,54.41430302622232,54.2597658799209,54.38457606767444,54.35631969403269,54.35137371689248,54.16943985821492,54.31817147708446,54.11703977690536,54.2884446980962,54.190224328511526
414.0,10.33054003724395,10.33054003724395,0.1,-1,54.41378562762768,54.341022914806544,0.14552529998888986,55.0,,2.1866975092379897,54.41378562762768,54.23388451144275,54.37939300096859,54.28684574221063,54.341022837148486,54.142382940579004,54.30265278064918,54.096080889285574,54.26826032763879,54.180455872224805
415.0,10.337872439478586,10.337872439478586,0.1,-1,54.41330232445338,54.33083033479562,0.1649438577985194,55.0,,2.2154752556768704,54.41330232445338,54.25450327574899,54.37434655166621,54.34404356525357,54.33083025969398,54.154310587881035,54.28731407150967,54.10407453582832,54.248358466654864,54.225969752211604
416.0,10.363128491620111,10.363128491620111,0.0,1,54.412748957932536,54.32068935504496,0.1841190882583632,55.0,,2.4396422829158104,54.412748957932536,54.266711051094546,54.36932825435529,54.37358398809516,54.320689282415586,54.153450870113396,54.272050410847214,54.09433696245238,54.22862986967417,54.21621802089601
417.0,10.3844739292365,10.3844739292365,0.0,1,54.450885511668915,54.35979661644185,0.18217767656802408,55.0,,0.42759862566713613,54.450885511668915,54.29905248924122,54.40831885681631,54.39043286128662,54.359796546056366,54.18221390845487,54.311274332566775,54.11829271647514,54.26870783510089,54.20632903376728
418.0,10.395716945996275,10.395716945996275,0.1,1,54.48913089350403,54.39899361293412,0.18027445077223803,55.0,,0.524436432719278,54.48913089350403,54.37623864701595,54.447382709431665,54.52946459594795,54.3989935447232,54.253481475400555,54.35060447427991,54.18018714744532,54.308856442731795,54.28704702575926
419.0,10.431075418994416,10.431075418994416,0.1,1,54.467354227683224,54.38895810963114,0.15679212936975517,55.0,,0.5554025878566325,54.467354227683224,54.36891337199761,54.43178809824125,54.54965626161175,54.38895804366565,54.252425031672104,54.34612808025212,54.17656998178935,54.31056209831347,54.2797600604009
420.0,10.470670391061454,10.470670391061454,0.1,1,54.44590911332096,54.37909218975856,0.13363374390397098,55.0,,0.6401767499119141,54.44590911332096,54.315880864023924,54.41636039503193,54.44967316730335,54.37909212596459,54.22179324524952,54.34182394505835,54.16396538984006,54.31227536941699,54.28339022201604
421.0,10.493482309124769,10.493482309124769,0.1,1,54.424809185705904,54.36941349715876,0.11079127727138882,55.0,,0.8240138230100409,54.424809185705904,54.28391898757043,54.40112098961964,54.40797002498871,54.36941343546482,54.20539635506229,54.33770596656893,54.1576605697847,54.314017908434515,54.28840255915755
422.0,10.493482309124769,10.493482309124769,0.1,1,54.40397942318356,54.35985083725886,0.08825707531255489,55.0,,1.1134307274551922,54.40397942318356,54.25984676973729,54.38600216871996,54.38824297388089,54.359850777595824,54.19611215455576,54.33369946892399,54.15766025055888,54.315722347871,54.30725363693078
423.0,10.524278398510244,10.524278398510244,0.1,1,54.38331955700643,54.35030759726245,0.06602382612902602,55.0,,1.1428639074822908,54.38331955700643,54.24305488335786,54.37091055256701,54.38566063540666,54.35030753956345,54.18768335450632,54.32970460629795,54.15096878945445,54.317295730877404,54.295994732860976
424.0,10.526070763500933,10.526070763500933,0.1,1,54.36295622608052,54.34091391061814,0.04408454063909062,55.0,,1.1959603770247698,54.36295622608052,54.23949805543194,54.35597927481033,54.41734466678682,54.34091385481854,54.190873015991606,54.32584851193992,54.15343964587953,54.31887168544143,54.30450191970469
425.0,10.538291433891995,10.538291433891995,0.1,1,54.34276319197615,54.33154688117069,0.022432534297358586,55.0,,1.7984584913138772,54.34276319197615,54.201649036902275,54.34108822115577,54.35797273305254,54.331546827207944,54.17272137642161,54.32200550783481,54.150951363320274,54.32033065767879,54.32711570748444
426.0,10.577886405959031,10.577886405959031,0.1,1,54.32628401389386,54.322250554080924,0.008066951878795692,55.0,,2.36420732799848,54.32278130125451,54.166671083277805,54.32628401389386,54.30707689625349,54.32225050189458,54.15442141567182,54.318217062015066,54.14530538604227,54.32171989134663,54.33505395031242
427.0,10.59124767225326,10.59124767225326,0.1,1,54.32315813830608,54.31314061820863,0.02003495853526971,55.0,,1.2710068132857963,54.30312317977081,54.182541258826326,54.31168472706282,54.38531417406348,54.3131405677402,54.15922470218906,54.31459647816323,54.128539530591794,54.32315813830608,54.258288187563096
428.0,10.623836126629424,10.623836126629424,0.1,1,54.32453699953851,54.30410573953178,0.040862441041980446,55.0,,2.380761493774682,54.28367455849653,54.13671376375888,54.297181231870184,54.30447577963569,54.30410569072472,54.13937369327479,54.31103021702895,54.13196197582524,54.32453699953851,54.310363141502314
429.0,10.631494413407824,10.631494413407824,0.0,-1,54.325940572000356,54.2952272008579,0.061426665913089096,55.0,,2.4231422702062395,54.26451390608727,54.09432537256025,54.28285684767564,54.23113426835576,54.295227153657514,54.11103614737369,54.30759752486872,54.11374857608917,54.325940572000356,54.28237658265858
430.0,10.656424581005588,10.656424581005588,0.0,-1,54.365772084675406,54.3354687883337,0.06060651867110067,55.0,,1.540967908205337,54.305165566004305,54.152798755670666,54.322964911678554,54.309757078234746,54.33546874259157,54.14529398433173,54.34797263671866,54.119530192322095,54.365772084675406,54.185458883004564
431.0,10.656424581005588,10.656424581005588,0.1,-1,54.40572107150587,54.37581569733173,0.059810676622589654,55.0,,0.6137809152145933,54.34591039488328,54.17479040696536,54.363193434830166,54.30519313935611,54.37581565300281,54.19003016604226,54.38843793243652,54.19140469215097,54.40572107150587,54.35357280489806
432.0,10.685102420856612,10.685102420856612,0.1,-1,54.385762618105176,54.366929566354486,0.03766603413681224,55.0,,0.7738554208181347,54.34809658396836,54.19596025792509,54.359541361995845,54.35726043288654,54.36692952348483,54.20110417941816,54.37431774421823,54.19847371222813,54.385762618105176,54.39247895362094
433.0,10.692108938547486,10.692108938547486,0.1,-1,54.366096699336495,54.35818304135192,0.015827248887987366,55.0,,0.6047481218385228,54.35026945044851,54.18459429148926,54.3560318095176,54.32197445338862,54.35818299989349,54.190327278552445,54.36033424756353,54.1974053614431,54.366096699336495,54.43064395207656
434.0,10.721601489757916,10.721601489757916,0.1,-1,54.35256908864002,54.34948398862679,0.006170224805700286,55.0,,0.5104837815289497,54.35234065414213,54.154535655750976,54.35256908864002,54.23560460667689,54.34948394853312,54.156276316844625,54.34639886383432,54.168820848001815,54.34662738798436,54.389018393895796
435.0,10.738710428305405,10.738710428305405,0.1,-1,54.35440910433971,54.34092769591532,0.026962754111394815,55.0,,1.0334716417568086,54.35440910433971,54.192341178490885,54.349245182996434,54.32883427931394,54.3409276571415,54.1655081609256,54.332610184870674,54.152145039481276,54.327446350228314,54.326969493636746
436.0,10.778305400372442,10.778305400372442,0.1,-1,54.35642547619388,54.33246137897466,0.04792813376629823,55.0,,1.2158606749626628,54.35642547619388,54.19508867755802,54.346004239623454,54.3277807668952,54.33246134147723,54.155672190560296,54.31891849515118,54.13532485739339,54.30849734242758,54.2985772088937
437.0,10.786778398510243,10.786778398510243,0.1,-1,54.35848838962834,54.32418035127616,0.06861601802950901,55.0,,1.4796206490564463,54.35848838962834,54.20269495365241,54.34293872402833,54.33949149009352,54.324180315013095,54.14984761349007,54.30542195611218,54.121106781088024,54.28987237159883,54.27479030227516
438.0,10.79231843575419,10.79231843575419,0.1,-1,54.36046852493996,54.315952130943536,0.08903273124950317,55.0,,1.483461960400129,54.36046852493996,54.19950323022793,54.33991351339075,54.32353482503994,54.315952095874216,54.139462714021526,54.29199072682229,54.109841298983135,54.27143579369046,54.271046871412175
439.0,10.819366852886407,10.819366852886407,0.1,-1,54.36235634814475,54.30776415795333,0.10918432550742807,55.0,,1.720956101782982,54.36235634814475,54.221140102252285,54.33691360086254,54.375378093160734,54.30776412403846,54.151393040129385,54.27861469408357,54.11711015618387,54.25317202263732,54.3074316168194
440.0,10.838919925512103,10.838919925512103,0.1,-1,54.36424606690003,54.29970774239838,0.12907659593433607,55.0,,1.2674803628008344,54.36424606690003,54.19464873320412,54.334028031715526,54.29783449094195,54.29970770959994,54.12816662813478,54.26538743281068,54.106253059411806,54.235169470965694,54.32319149020095
441.0,10.878514897579144,10.878514897579144,0.1,-1,54.36610837866636,54.291750805448736,0.14871509511325343,55.0,,1.7357236461510417,54.36610837866636,54.2058141001833,54.3312226329242,54.318542310208244,54.291750773729994,54.12046307288207,54.252278958370006,54.083956873816774,54.21739328355311,54.26346581244707
442.0,10.884543761638737,10.884543761638737,0.1,-1,54.36803101842848,54.283978420301516,0.1681051466214072,55.0,,2.0959116195044434,54.36803101842848,54.21957071509085,54.328580543430085,54.34723495233915,54.28397838962692,54.12083307252162,54.239376278215,54.07546498980533,54.199925871807075,54.2504936052884
443.0,10.884543761638737,10.884543761638737,0.1,-1,54.3698734299392,54.27624747705759,0.18725185776454367,55.0,,2.573585301672277,54.3698734299392,54.233354405144546,54.32595686898372,54.37402196676979,54.27624744739276,54.119815262103145,54.22653806679758,54.06355620799627,54.182621572174654,54.22573159546898
444.0,10.89953445065177,10.89953445065177,0.1,-1,54.3716123322128,54.26853224322745,0.2061601315520889,55.0,,2.691058917007823,54.3716123322128,54.24249009751174,54.32332423322715,54.38962696513379,54.26853221453916,54.12124963942269,54.213740235497404,54.062324924795725,54.16545220066071,54.242321060439274
445.0,10.939129422718809,10.939129422718809,0.1,-1,54.3733138366253,54.26089647520049,0.22483467795903067,55.0,,2.284293799263648,54.3733138366253,54.195272527001755,54.320744880314095,54.251883805518645,54.2608964474566,54.071998711825735,54.20104805294024,54.01923552621226,54.14847915866627,54.16472727066785
446.0,10.978724394785848,10.978724394785848,0.0,1,54.37508482085034,54.25344478688514,0.24328002451758834,55.0,,2.637534615039402,54.37508482085034,54.2263134576423,54.31832203524034,54.33165615946244,54.253444760054535,54.09015263938451,54.18856752194771,54.02825461684876,54.13180479633275,54.19644972777153
447.0,10.982309124767228,10.982309124767228,0.0,1,54.415533060447316,54.2951620080113,0.2407420628004573,55.0,,0.9295205764392831,54.415533060447316,54.2511646539766,54.35985784988196,54.32886197712891,54.29516198200963,54.125071078745286,54.230466150070725,54.07504823016788,54.17479099764686,54.26441918884851
448.0,10.9927374301676,10.9927374301676,0.1,1,54.45602054575386,54.33689416115932,0.23825272841732215,55.0,,0.5366263036447326,54.45602054575386,54.278734773006576,54.401388338376265,54.32934921978591,54.33689413596097,54.146317736673176,54.27239996836893,54.08903924141192,54.21776781733654,54.216012063285255
449.0,11.01489757914339,11.01489757914339,0.1,1,54.43655497391722,54.32951645613807,0.21407699612867503,55.0,,0.9204225157847545,54.43655497391722,54.255548997890976,54.38834692198733,54.315178542116804,54.329516431769235,54.1421872918353,54.27068597522806,54.09889690914505,54.22247797778854,54.263494018207666
450.0,11.039338919925513,11.039338919925513,0.1,1,54.41736694789469,54.32224821483707,0.1902374279836394,55.0,,1.0825081403459453,54.41736694789469,54.24842504977379,54.37540943167072,54.340944815743235,54.32224819127042,54.145418455032875,54.26908698343842,54.105604827032806,54.22712951991105,54.28372041258813
451.0,11.047486033519554,11.047486033519554,0.1,1,54.39846179190323,54.31509898307333,0.16672558078344224,55.0,,0.6963796212266827,54.39846179190323,54.234361598311864,54.362589429670024,54.34123817991062,54.31509896028247,54.13191890828729,54.26760852239111,54.084062684356034,54.23173621111979,54.21304950130162
452.0,11.053351955307264,11.053351955307264,0.1,1,54.37976575016826,54.307999033960094,0.1435333967538881,55.0,,0.8244444951896459,54.37976575016826,54.20438222237598,54.349820923437235,54.30199399271892,54.30799901191949,54.115718483852476,54.266177130861124,54.0755934091888,54.23623235341437,54.204843786640495
453.0,11.080074487895718,11.080074487895718,0.1,1,54.36126514692296,54.30093853891064,0.12065318153616289,55.0,,1.6537402667617882,54.36126514692296,54.186527522749955,54.33709755412841,54.30012044514958,54.30093851759559,54.119920059144555,54.26477951051945,54.097232997137915,54.2406119653868,54.289126037127616
454.0,11.09995344506518,11.09995344506518,0.1,1,54.34304524929382,54.29400644086909,0.09807758349632678,55.0,,1.5043227930578393,54.34304524929382,54.16134402113364,54.32451148626282,54.27143179487528,54.294006420255705,54.10261875494547,54.26350138273559,54.08139437421717,54.244967665797496,54.24808849945328
455.0,11.139548417132216,11.139548417132216,0.1,1,54.32507310887475,54.287173305610295,0.07579957427372364,55.0,,2.210245331222839,54.32507310887475,54.14049270055891,54.31203627445202,54.25873288993998,54.28717328567548,54.09941166004544,54.26231032444818,54.09101961770654,54.24927353460102,54.29225396873859
456.0,11.146554934823092,11.146554934823092,0.1,1,54.30742943160486,54.28052320076139,0.05381243049354367,55.0,,1.3967785658377878,54.30742943160486,54.13317972290059,54.29975875691211,54.274408752397825,54.28052318148281,54.0892330613135,54.26128763269586,54.06911992147729,54.253617001111316,54.21405770278091
457.0,11.186149906890131,11.186149906890131,0.0,-1,54.28997142645508,54.27391655308527,0.032109716573081926,55.0,,2.711751869998953,54.28997142645508,54.10821257631982,54.287541926356276,54.253800205228,54.27391653444133,54.096877619403166,54.26029116829168,54.10729836476166,54.257861709882,54.36198162034243
458.0,11.210428305400374,11.210428305400374,0.0,-1,54.33251969268949,54.31651913291118,0.032001090322062,55.0,,0.9211292738993403,54.33251969268949,54.16019459462205,54.32989421226576,54.31602422288802,54.316519114843246,54.14029664436023,54.30314404239,54.14088382168474,54.300518602367426,54.35716000826033
459.0,11.210428305400374,11.210428305400374,0.1,-1,54.37516708335186,54.35922521847598,0.03188370142041208,55.0,,1.532733278435,54.37516708335186,54.2305359485499,54.372359980776515,54.42638515413001,54.35922520096626,54.19943095609092,54.346090445353845,54.18578139871937,54.34328338193145,54.37681753686131
460.0,11.23975791433892,11.23975791433892,0.1,-1,54.379204062625185,54.35273179990837,0.05294449803491119,55.0,,1.8162914318824872,54.379204062625185,54.22869715666109,54.370921803499485,54.40321495424812,54.35273178297505,54.18039195317059,54.3345417858519,54.153631556268095,54.32625956459027,54.297165063897936
461.0,11.246764432029796,11.246764432029796,0.1,-1,54.38323603672547,54.34637709041999,0.07371786611420106,55.0,,2.660476096319547,54.38323603672547,54.24579340794036,54.369621491638455,54.43158769390544,54.346377074044085,54.1766377876363,54.32313267908066,54.13134218747751,54.30951817061127,54.236330425219606
462.0,11.2756052141527,11.2756052141527,0.1,-1,54.38717068521642,54.34006528471631,0.0942107753757,55.0,,2.259134908980073,54.38717068521642,54.24783387533294,54.368360066470295,54.42554527670226,54.340065268879485,54.178151496994715,54.31177049317463,54.13853949232331,54.29295990984072,54.291837775755276
463.0,11.31112662942272,11.31112662942272,0.1,-1,54.39110475932691,54.33388980507279,0.11442988372726148,55.0,,1.6405982723307637,54.39110475932691,54.223191651287,54.36722800306108,54.348265822191124,54.33388978975729,54.15646143698812,54.30055159761899,54.12823503258486,54.276674875599646,54.30803952128437
464.0,11.34078212290503,11.34078212290503,0.1,-1,54.39506985689787,54.32787906742343,0.1343815549836478,55.0,,1.9433891539727153,54.39506985689787,54.21536616871966,54.366250982296826,54.31363523332885,54.32787905261211,54.133263966445845,54.28950714339614,54.09469910784727,54.26068830191422,54.22713139386453
465.0,11.34078212290503,11.34078212290503,0.1,-1,54.399043624963774,54.322007675614316,0.1540718755225896,55.0,,1.7909217308950038,54.399043624963774,54.222113862994064,54.365401071934095,54.325817807646665,54.32200766129058,54.13798247036072,54.27861427044199,54.104118531393226,54.244971749441184,54.28247066288061
466.0,11.34078212290503,11.34078212290503,0.1,-1,54.40290155966019,54.31614821348131,0.17350666994438768,55.0,,2.303244666757489,54.40290155966019,54.228605027230984,54.36454850627812,54.330799952114376,54.31614819962908,54.12721675636449,54.26774791212335,54.08020404500859,54.2293948897158,54.22070965515142
467.0,11.353980446927377,11.353980446927377,0.0,-1,54.40664642592509,54.310300657189636,0.19269151579537436,55.0,,3.2491981975409563,54.40664642592509,54.2643049854158,54.363691086877346,54.412604705390066,54.31030064379341,54.13774335183242,54.25691021922259,54.066531303167885,54.213954910129715,54.169532465934005
468.0,11.373370577281191,11.373370577281191,0.1,-1,54.44900720743983,54.353621742735356,0.19077090840306,55.0,,2.527889613342817,54.44900720743983,54.26869295535268,54.406778886580334,54.35120417174808,54.353621729753016,54.1596982655234,54.300464590866845,54.10920841259109,54.25823629903677,54.24456113867209
469.0,11.40058193668529,11.40058193668529,0.1,-1,54.45271161401337,54.34783783218362,0.20974754334510948,55.0,,2.2442854393600724,54.45271161401337,54.264165848399614,54.40595577703125,54.33343787077093,54.347837819628644,54.15380022801076,54.28971987957658,54.10911823366919,54.24296407066826,54.27618544981764
470.0,11.407588454376166,11.407588454376166,0.0,1,54.45642412828668,54.3421824492007,0.22848333852630276,55.0,,2.5605328675062737,54.45642412828668,54.24161379216411,54.40524146848858,54.262097399216515,54.342182437059016,54.11728413014148,54.27912342240883,54.06436476327501,54.227940789760375,54.16862183528391
471.0,11.447183426443203,11.447183426443203,0.0,1,54.498830761874,54.38573331574277,0.2261948732237542,55.0,,0.9365365656604308,54.498830761874,54.278779494184136,54.44852682839506,54.29680062076366,54.3857333039762,54.16368325350541,54.32293979581833,54.12152558899623,54.27263588865024,54.262291650971264
472.0,11.471135940409685,11.471135940409685,0.1,1,54.54142675043218,54.429453892563195,0.22394569728744074,55.0,,0.7694887566374713,54.54142675043218,54.33131338690036,54.491968189527974,54.36752131319586,54.42945388116017,54.210063541929905,54.36693958855096,54.16013762191827,54.31748105314474,54.27623809534279
473.0,11.493784916201118,11.493784916201118,0.1,1,54.52395089972554,54.42393576935274,0.2000302429024643,55.0,,1.298343282402461,54.52395089972554,54.33217803772675,54.48071896288965,54.41557381649532,54.42393575832509,54.22535995547664,54.36715256900036,54.18318777260159,54.32392065682308,54.345456303889954
474.0,11.503724394785849,11.503724394785849,0.0,1,54.50674701323791,54.41852620764102,0.17644159393800862,55.0,,1.9767245344863922,54.50674701323791,54.301572997670746,54.469578819080404,54.376749425971674,54.418526196976394,54.215872364616935,54.36747358961054,54.19070721094713,54.330305419299904,54.387688927076994
475.0,11.540386405959032,11.540386405959032,0.1,1,54.54987944017486,54.46248956194266,0.17477973974175853,55.0,,2.1580249956302637,54.54987944017486,54.36571221908577,54.513231774897925,54.47507388305968,54.46248955160751,54.2745736305648,54.411747342599924,54.242286394595816,54.375099700433104,54.43286637234932
476.0,11.579981378026073,11.579981378026073,0.0,1,54.53297045077668,54.45720214808305,0.1515365892151337,55.0,,1.838101963870607,54.53297045077668,54.35627393125463,54.502213859487675,54.486833444795025,54.457202138088114,54.27309795824165,54.4121904305012,54.241482220076186,54.38143386156155,54.42638690239118
477.0,11.60148975791434,11.60148975791434,0.1,1,54.57657407465918,54.50149336236173,0.15016140892238639,55.0,,2.045845448840755,54.57657407465918,54.38596980534096,54.546186387912385,54.488604293782934,54.501493352675595,54.30243845683981,54.45680033082471,54.270361350889935,54.42641266573679,54.426132119330376
478.0,11.60148975791434,11.60148975791434,0.0,1,54.56001380913351,54.49638981271389,0.12724797768265006,55.0,,2.454458990451422,54.56001380913351,54.36928910244741,54.53535986719344,54.48706822085448,54.49638980334662,54.309200374637925,54.45741975244504,54.296331689051996,54.43276583145086,54.519550333527235
479.0,11.60148975791434,11.60148975791434,0.0,1,54.60384624013313,54.54077340406634,0.12614565744528505,55.0,,4.072349292544447,54.60384624013313,54.37780426394544,54.57942340916715,54.44099808768084,54.540773394988456,54.33879563552437,54.50212339335506,54.35243249932351,54.477700582687845,54.62894776629613
480.0,11.640595903165735,11.640595903165735,0.1,1,54.64768358065992,54.58515673825875,0.12505367056783,55.0,,3.763906701276421,54.64768358065992,54.4366407046153,54.62348868228284,54.52518428699998,54.58515672946133,54.39082163901816,54.546824788797544,54.39706981925632,54.52262991009209,54.650949237862385
481.0,11.680190875232777,11.680190875232777,0.0,1,54.631285874394294,54.580051895051135,0.10246794492040578,55.0,,3.3878931744407144,54.631285874394294,54.424239295866116,54.61267750448753,54.53111067934933,54.58005188654331,54.38716406084859,54.547426280356596,54.39615764105461,54.52881792947389,54.643991751656365
482.0,11.699255121042832,11.699255121042832,0.1,1,54.675592198721844,54.62477422570123,0.10163593270058158,55.0,,3.5643946728903058,54.675592198721844,54.493065511936074,54.65708646734467,54.63854330471088,54.62477421745627,54.44947247008249,54.59246197896213,54.45024968710787,54.57395626602126,54.69108121925691
483.0,11.699255121042832,11.699255121042832,0.0,1,54.65951795327778,54.61984195957719,0.07935197449971554,55.0,,3.2523473426311234,54.65951795327778,54.49332931323385,54.64646743926158,54.67303264225858,54.61984195160363,54.455800708412944,54.59321647496486,54.45497504491277,54.58016597877806,54.6931807833321
484.0,11.731843575418996,11.731843575418996,0.1,1,54.70403057116735,54.66464633307837,0.07876846367506829,55.0,,3.1053814550050025,54.70403057116735,54.52588814545445,54.690968332399265,54.67653585620718,54.66464632535117,54.48157726374534,54.63832432898181,54.47271349229996,54.62526210749228,54.65087489443999
485.0,11.74080540037244,11.74080540037244,0.0,1,54.68816092697625,54.65977383357597,0.05677417470927537,55.0,,2.306011678697182,54.68816092697625,54.51781710564057,54.680433417601584,54.6879693576087,54.65977382610313,54.47955266164866,54.639114244931875,54.46876353365947,54.63138675226698,54.63513612300062
486.0,11.76443202979516,11.76443202979516,0.1,1,54.73297169445233,54.704757356257026,0.05642866467287888,55.0,,3.0531180268456026,54.73297169445233,54.553425060836226,54.72512783231917,54.70376202381439,54.70475734901506,54.51736528343137,54.6843868757191,54.50855686598084,54.67654302977945,54.668942555352714
487.0,11.787406890130356,11.787406890130356,0.0,-1,54.71730069705678,54.69994423555543,0.034712911670695235,55.0,,3.6490022208918425,54.71730069705678,54.52486964162143,54.7146807316876,54.666736337395825,54.699944228551864,54.512137864652786,54.685207735094814,54.52260981730192,54.68258778538608,54.73360917851685
488.0,11.797020484171323,11.797020484171323,0.0,-1,54.76242676588093,54.745128875988165,0.03459576880364068,55.0,,2.9107668796661392,54.76242676588093,54.5515533014181,54.75959449636154,54.66288301459673,54.745128869200975,54.546362089467316,54.73066325142007,54.566421793558014,54.72783099707729,54.786273381697505
489.0,11.829608938547487,11.829608938547487,0.1,-1,54.80758947655146,54.790354904511524,0.03446913343725555,55.0,,2.798302076357249,54.80758947655146,54.59770880410835,54.8045604510388,54.71235596724534,54.79035489793403,54.596012035376155,54.77614935391913,54.62058480540007,54.77312034311421,54.855795824997166
490.0,11.841014897579145,11.841014897579145,0.0,-1,54.81340733138573,54.785649939081395,0.05551477431641416,55.0,,2.0905080999250214,54.81340733138573,54.601235800158676,54.804889582961415,54.704465455184874,54.78564993272042,54.57331477704886,54.766410291270056,54.57515300958127,54.75789255706932,54.723157197172085
491.0,11.862197392923653,11.862197392923653,0.1,-1,54.85863301291548,54.831066042298595,0.0551339312594763,55.0,,2.7222990216712963,54.85863301291548,54.64263856912167,54.85006598872162,54.740510851563805,54.831066036134146,54.616769303171,54.81206609206573,54.62067548379339,54.80349908165601,54.771561979537836
492.0,11.88761638733706,11.88761638733706,0.1,-1,54.86436460637164,54.82641953390464,0.07589013528804145,55.0,,2.9829254684177777,54.86436460637164,54.68484308491345,54.85046049815483,54.837958722249724,54.826419527943116,54.63403242813637,54.802378565970024,54.61446129441705,54.788474471083596,54.74100097823422
493.0,11.894785847299817,11.894785847299817,0.1,-1,54.87007528684509,54.8218924318184,0.09636570072497364,55.0,,2.9164474783666767,54.87007528684509,54.67387431934628,54.85097083025716,54.79445074156255,54.82189242605312,54.615690067656175,54.79281402981649,54.59424741686152,54.77370958612012,54.71188707163931
494.0,11.92737430167598,11.92737430167598,0.1,-1,54.87568919316219,54.8174055340309,0.11656730924125469,55.0,,2.834395510698647,54.87568919316219,54.65987310638661,54.851514813543105,54.74679140926079,54.817405528455396,54.59870705114821,54.78329625107283,54.58084928603502,54.75912188392093,54.70840674130286
495.0,11.941224394785849,11.941224394785849,0.1,-1,54.88131950783764,54.813068830055535,0.13650134683984305,55.0,,2.9657875338965907,54.88131950783764,54.68435208952419,54.85219968151719,54.80307677972602,54.81306882466358,54.614884514753115,54.77393797526146,54.59338748253093,54.744818160997795,54.75672165748115
496.0,11.959962756052144,11.959962756052144,0.1,-1,54.88688786991722,54.808800905394364,0.15617392060853774,55.0,,3.498293793329383,54.88688786991722,54.720807590861014,54.85294146385873,54.88130155393159,54.80880090017991,54.623196022599096,54.764660343707284,54.5742953069956,54.73071394930868,54.68509622037674
497.0,11.959962756052144,11.959962756052144,0.1,-1,54.8924182585199,54.80462281720494,0.17559087447048682,55.0,,3.180247117841582,54.8924182585199,54.70929954649801,54.85375884961517,54.83984055226487,54.80462281216215,54.61826313627057,54.7554867816781,54.583318517740025,54.71682738404942,54.75431408117606
498.0,11.992551210428308,11.992551210428308,0.1,-1,54.897832100964266,54.800453195022314,0.1947578039930633,55.0,,3.1091707256992245,54.897832100964266,54.69605631875385,54.854568276209555,54.79100709835689,54.800453190145525,54.59881238140506,54.74633811082106,54.563832454857454,54.7030742969712,54.72459856023383
499.0,12.001838919925516,12.001838919925516,0.1,-1,54.90327332019165,54.79643328122016,0.21368007031190928,55.0,,3.427140728844948,54.90327332019165,54.6999208736117,54.85550895890022,54.78499086694675,54.796433276503905,54.58144786366672,54.7373576006253,54.528347545633174,54.68959324987974,54.6251908529037
500.0,12.02513966480447,12.02513966480447,0.1,-1,54.90864319688897,54.79246178658724,0.2323628132235882,55.0,,3.5501226870356892,54.90864319688897,54.706360687282945,54.856477736025504,54.790883251530445,54.79246178202624,54.57818613130291,54.72844583433013,54.519693724900286,54.67628038366538,54.61781808115563
501.0,12.02513966480447,12.02513966480447,0.1,-1,54.91400488962221,54.78859940430518,0.2508109634971447,55.0,,4.018141549467963,54.91400488962221,54.74137694716513,54.85753357327909,54.87147637167192,54.788599399894316,54.5966898695532,54.71966523260521,54.523734163864255,54.66319392612507,54.627244064950226
502.0,12.02513966480447,12.02513966480447,0.1,-1,54.919259479826,54.784744849149185,0.2690292544516524,55.0,,3.892902433869795,54.919259479826,54.72577351506049,54.85857359379931,54.81543880135824,54.78474484488352,54.576612444603306,54.710916101862736,54.50467168639114,54.65023022537435,54.603222294433735
503.0,12.02513966480447,12.02513966480447,0.0,1,54.92440922520256,54.7808981054431,0.2870222328441372,55.0,,3.771662715934772,54.92440922520256,54.77332656014683,54.85959631756802,54.921923345401595,54.78089810131786,54.5882434457993,54.702199890768654,54.47839157935355,54.63738699235842,54.49731409464249
504.0,12.02513966480447,12.02513966480447,0.0,1,54.96917392270998,54.82711175197155,0.28412433500827916,55.0,,2.044115904379405,54.96917392270998,54.805704944636574,54.905499545924236,54.9290486835508,54.82711174797376,54.63086753584794,54.748723955548115,54.530453445612444,54.6850495877017,54.57897894674169
505.0,12.02513966480447,12.02513966480447,0.1,1,55.01396396007389,54.873325285507384,0.2812773428642785,55.0,,2.762985398633868,55.01396396007389,54.84745972236749,54.951384148110265,54.966816223472975,54.8733252816331,54.69036960827318,54.79526642051008,54.60865946062055,54.73268661720961,54.73909793531114
506.0,12.02513966480447,12.02513966480447,0.1,1,54.99762866954072,54.86929907590341,0.2566591812122354,55.0,,3.0395018391907214,54.99762866954072,54.8297352164072,54.94154119946139,54.955024514828835,54.869299072156664,54.686878849979415,54.797056950029834,54.61263431453044,54.74096948832848,54.756362826220986
507.0,12.02513966480447,12.02513966480447,0.1,1,54.981471588246606,54.86528102136458,0.23238112790125598,55.0,,2.828885911956272,54.981471588246606,54.78020718994534,54.93170307462497,54.85925208438032,54.86528101774117,54.658393980555644,54.7988589658648,54.601045821671505,54.74909046034535,54.74895285841323
508.0,12.017970204841715,12.017970204841715,0.1,1,54.96548847952206,54.86127110557444,0.20843474222542824,55.0,,2.7769171305682074,54.96548847952206,54.74883771186819,54.9218737146819,54.814255639632755,54.86127110207031,54.64189866285185,54.80066849430131,54.59421748906375,54.75705373729663,54.74134655855223
509.0,11.992551210428308,11.992551210428308,0.1,1,54.94964419720787,54.85723821136461,0.18481196620335538,55.0,,2.8095844133547243,54.94964419720787,54.74096130569291,54.912025680559985,54.83263343227835,54.85723820797583,54.64426952594175,54.80245074007485,54.60020672266381,54.76483223100451,54.75662759827866
510.0,11.992551210428308,11.992551210428308,0.1,1,54.93385580410511,54.853103250074085,0.16150510275939922,55.0,,2.854915469176205,54.93385580410511,54.74789393043234,54.90208329972467,54.88662067191893,54.853103246796856,54.653844629755625,54.80412319839805,54.60383009689051,54.77235070134571,54.75060046759617
511.0,11.992551210428308,11.992551210428308,0.1,1,54.91823006510691,54.84897666493699,0.13850679521173248,55.0,,2.880648526049265,54.91823006510691,54.740595257636016,54.89216018584431,54.90070983459141,54.84897666176765,54.655331018328226,54.80579314207092,54.60663910259189,54.77972326989518,54.755737454746466
512.0,11.992551210428308,11.992551210428308,0.1,1,54.902763445671724,54.84485843919792,0.11581000798830843,55.0,,2.932976845095542,54.902763445671724,54.72079994366339,54.88225926219293,54.88272540586347,54.84485843613292,54.653154586267256,54.807457614308646,54.6166233154487,54.786953437683415,54.79689673676334
513.0,11.992551210428308,11.992551210428308,0.1,1,54.88745256278036,54.8407485561341,0.0934080084964819,55.0,,2.867899761470311,54.88745256278036,54.69390261479571,54.87238323602989,54.84182578942867,54.84074855316999,54.6346977079826,54.80911387440639,54.6002469531858,54.79404455428388,54.752997838547664
514.0,12.00917132216015,12.00917132216015,0.1,1,54.87229417641271,54.83664699905533,0.07129435007658458,55.0,,3.2129320312204683,54.87229417641271,54.696445710651496,54.86253461208364,54.886136647773725,54.8366469961888,54.654655418504376,54.81075938425541,54.63180765644798,54.800999826336124,54.84814938839762
515.0,12.001513035381752,12.001513035381752,0.1,1,54.8573572537771,54.83262582354737,0.04946285597399225,55.0,,2.9911464033690813,54.8573572537771,54.68211047343745,54.85278777745812,54.87490756207048,54.83262582077519,54.641813904411954,54.81246386792332,54.61278073475939,54.80789439780311,54.78227100791995
516.0,11.992551210428308,11.992551210428308,0.1,1,54.8430394384986,54.82857958244563,0.028919713762839194,55.0,,2.96369246353769,54.84253338674859,54.66462743497035,54.8430394384986,54.85744153353367,54.82857957976471,54.632200394401295,54.81411972473576,54.60420614500537,54.814625782480476,54.75813666812121
517.0,11.992551210428308,11.992551210428308,0.1,1,54.83328598517502,54.82450267905068,0.01756661385100955,55.0,,3.159660047574854,54.827814137998466,54.6199389219562,54.83328598517502,54.77029513042904,54.82450267645802,54.60704307963803,54.81571937132401,54.59486218503086,54.82119122429793,54.75726541258259
518.0,11.992551210428308,11.992551210428308,0.1,1,54.82763237250841,54.82043403565395,0.014396669651972616,55.0,,3.5180593599422356,54.81323570285644,54.59302669223849,54.82356817009516,54.73442827701849,54.82043403314664,54.59720488037895,54.817299899663155,54.597994914510515,54.82763237250841,54.78269538755079
519.0,12.011615456238363,12.011615456238363,0.1,1,54.83395183014349,54.81637363572645,0.035156384910692395,55.0,,3.6279580623298013,54.7987954452328,54.5847360578015,54.813887660541816,54.74726251164242,54.81637363330167,54.59773369065918,54.818859609412506,54.60149998913038,54.83395183014349,54.791532617420934
520.0,12.02513966480447,12.02513966480447,0.0,-1,54.84023477164731,54.812404135659094,0.05566126818220596,55.0,,4.141040262176997,54.784573503465104,54.576537933620244,54.80432865946112,54.76308692047276,54.81240413331414,54.60930731767734,54.820479610407816,54.62897225921735,54.84023477164731,54.882535125105164
521.0,12.02513966480447,12.02513966480447,0.0,-1,54.886006694411066,54.85861770226485,0.054777980615440924,55.0,,2.9067739296189306,54.831228713795625,54.62482708342585,54.850281116596165,54.808446846819955,54.85861769999234,54.651753156787436,54.866954286529044,54.66556108056493,54.886006694411066,54.88776577469628
522.0,12.02513966480447,12.02513966480447,0.1,-1,54.93179423300941,54.904831174041576,0.053926114372274014,55.0,,2.2883462534745562,54.87786811863714,54.62781805119605,54.89625502689352,54.737706371808024,54.90483117183928,54.668600285199545,54.91340731982854,54.70121821845333,54.93179423300941,54.932752892059
523.0,12.039641527001864,12.039641527001864,0.1,-1,54.916613172050425,54.90074115641843,0.03174402781790775,55.0,,2.844277712499386,54.88486914423252,54.642015312007516,54.8972757470945,54.76168124908847,54.900741154288625,54.66279813453898,54.90420656442607,54.68079057406831,54.916613172050425,54.8743022767065
524.0,12.057728119180634,12.057728119180634,0.1,-1,54.901659455882275,54.8967223416034,0.009874225225104283,55.0,,2.842068476543904,54.89178523065717,54.647382150179844,54.89837676647946,54.76454956988644,54.89672233954371,54.658868579279265,54.895067915454376,54.674523888094434,54.901659455882275,54.87419273897853
525.0,12.057728119180634,12.057728119180634,0.1,-1,54.89956960024416,54.89279016060715,0.01355888050508014,55.0,,2.81271261645215,54.898635818983195,54.66561418121271,54.89956960024416,54.80402387003512,54.89279015861526,54.67166981416937,54.88601071973908,54.689030368526524,54.88694450545405,54.93270901737134
526.0,12.057728119180634,12.057728119180634,0.1,-1,54.90534606362214,54.888865943085605,0.03296023795623171,55.0,,2.86174742890991,54.90534606362214,54.66950887488455,54.900771934886116,54.798804518553766,54.88886594115928,54.66073981059733,54.87695995009455,54.66924060760609,54.87238582566591,54.88408131750674
527.0,12.047788640595904,12.047788640595904,0.1,-1,54.9119195987022,54.88494967310388,0.05393984818237385,55.0,,2.98075094339339,54.9119195987022,54.70104293987699,54.90198036708311,54.86316063850987,54.88494967124098,54.66103946296853,54.867918977973325,54.63975635050022,54.857979750519824,54.77867585153052
528.0,12.008193668528865,12.008193668528865,0.1,-1,54.918316753725094,54.88099819481637,0.07463711490243696,55.0,,2.8354458831251086,54.918316753725094,54.685291808868016,54.903148593514175,54.8075095531773,54.88099819301478,54.64529990818855,54.85884779500511,54.63174328260047,54.84367963882266,54.79386871303855
529.0,11.992551210428308,11.992551210428308,0.1,-1,54.92441228978023,54.87688293930154,0.0950586981383168,55.0,,2.841946965984577,54.92441228978023,54.68470617560808,54.904145122799726,54.796394561569016,54.876882937559266,54.64389323868985,54.849620754726566,54.637116560913114,54.82935359164191,54.839548672102644
530.0,11.992551210428308,11.992551210428308,0.1,-1,54.93031367057045,54.87270818677033,0.11521096487396676,55.0,,2.9439512390905858,54.93031367057045,54.700256350427665,54.905071523720814,54.82278996912245,54.872708185085415,54.63948159671463,54.840344848778514,54.61655263273191,54.81510270569648,54.77905708425519
531.0,11.997928305400372,11.997928305400372,0.1,-1,54.936091894113844,54.868541889978054,0.13510000563506708,55.0,,3.063756939888469,54.936091894113844,54.705272729143566,54.90599323549299,54.8205235814247,54.868541888348595,54.628030328151304,54.83109054345605,54.59276853629846,54.80099188847878,54.71914841120119
532.0,12.02513966480447,12.02513966480447,0.1,-1,54.94177317356625,54.86440734725289,0.1547316500769753,55.0,,3.516513239775941,54.94177317356625,54.74848969619648,54.90693122845609,54.92322796804628,54.86440734567708,54.65441186649707,54.82188346507579,54.60455991822965,54.78704152348927,54.748434151143634
533.0,12.02513966480447,12.02513966480447,0.1,-1,54.94745494320872,54.8603992011553,0.17411148164104162,55.0,,3.273450620446135,54.94745494320872,54.735134727783304,54.90797799114568,54.872169687291866,54.86039919963136,54.64087203964329,54.812820410223075,54.597802877409045,54.77334346156768,54.76394599065932
534.0,12.02513966480447,12.02513966480447,0.1,-1,54.9530216008408,54.85639917398076,0.1932448513354501,55.0,,3.3225807058550054,54.9530216008408,54.74283832099661,54.90901325491347,54.87904689524059,54.85639917250699,54.64128629471905,54.80378509213721,54.59636101554729,54.75977674950535,54.776774313456
535.0,12.02513966480447,12.02513966480447,0.1,-1,54.95847569598316,54.85240724948335,0.2121368906935075,55.0,,3.3747285432668446,54.95847569598316,54.74821393367555,54.91003516543096,54.879073772277586,54.852407248058086,54.63838175700269,54.79477933265486,54.59057080634409,54.74633880528965,54.775577751298464
536.0,12.02513966480447,12.02513966480447,0.1,-1,54.96381967454347,54.84842341144881,0.2307925239591171,55.0,,3.561497678569763,54.96381967454347,54.762022019083275,54.91104201166527,54.90091163641291,54.84842341007047,54.6397412892542,54.78580481038048,54.58376373313641,54.733027150584356,54.76260942163997
537.0,12.02513966480447,12.02513966480447,0.1,-1,54.96905588454594,54.84444764369456,0.24921647954597148,55.0,,4.08284586983591,54.96905588454594,54.787244161952096,54.912032216866436,54.95001663358899,54.84444764236159,54.64416231764631,54.776863069698855,54.569365474025204,54.719839404999966,54.71321201056876
538.0,12.02513966480447,12.02513966480447,0.1,-1,54.9741865815197,54.840479930069556,0.2674133008144963,55.0,,3.759380199505155,54.9741865815197,54.76776707359241,54.91300433010409,54.88216332907841,54.84047992878047,54.624617037395105,54.76795552923833,54.556652311512465,54.70677328070521,54.71202636972757
539.0,12.02513966480447,12.02513966480447,0.1,-1,54.979213933566676,54.83652025445431,0.28538735620760036,55.0,,4.0211532930468525,54.979213933566676,54.76334788044549,54.913957018320076,54.8535121082968,54.83652025320765,54.605051052858656,54.75908348981807,54.5259320947952,54.693826577359076,54.63390882523203
540.0,12.02513966480447,12.02513966480447,0.0,1,54.98414002612811,54.83256860076076,0.30314284878396336,55.0,,4.071634235531875,54.98414002612811,54.78718932227592,54.91488905886585,54.90481896224959,54.832568599555145,54.61493816080953,54.75024814191056,54.52470028502428,54.680997177344146,54.63409134851666
541.0,12.02513966480447,12.02513966480447,0.0,1,55.028805382369754,54.878782122713254,0.30004651742252264,55.0,,2.9548469480565536,55.028805382369754,54.80561897508172,54.96081040093628,54.881631281765316,54.87878212154489,54.658280004836904,54.796753843768144,54.59712637359048,54.72875886494723,54.7930235169252
542.0,12.02513966480447,12.02513966480447,0.1,1,55.07349873406492,54.92499556146174,0.2970063433742851,55.0,,2.9822266523059833,55.07349873406492,54.85196590261115,55.006710113081844,54.93119495343944,54.92499556032947,54.7101313913606,54.84328100914187,54.65527335922641,54.776492390690635,54.87205920580656
543.0,12.02513966480447,12.02513966480447,0.1,1,55.05694879516154,54.920864711951936,0.27216816464747495,55.0,,2.929721598485369,55.05694879516154,54.841405620906194,54.996767491358945,54.93839666455367,54.92086471085692,54.703175980362836,54.84496193186816,54.64399266376204,54.784780630514064,54.82539093132606
544.0,12.02513966480447,12.02513966480447,0.1,1,55.04058006780265,54.916742226794824,0.24767568030222975,55.0,,2.929525630369732,55.04058006780265,54.8311199783265,54.98682721127097,54.94746765392383,54.91674222573586,54.70276792139837,54.84665724166421,54.64627828161501,54.79290438750042,54.82766300919073
545.0,12.02513966480447,12.02513966480447,0.1,1,55.024388186647705,54.91262808926611,0.22352019310618232,55.0,,2.9341997768150936,55.024388186647705,54.81300757566425,54.976893401718655,54.935946202560864,54.912628088241995,54.70020145230513,54.84836277618063,54.653403395154015,54.80086799354152,54.85409287616782
546.0,12.02513966480447,12.02513966480447,0.1,1,55.008368985085994,54.90852228267399,0.19969340322151652,55.0,,2.916529437652864,55.008368985085994,54.78182890969662,54.96696990066979,54.88776219148497,54.9085222816836,54.68320328920715,54.85007466406612,54.64521579760095,54.80867558186448,54.839095127870756
547.0,12.02513966480447,12.02513966480447,0.1,1,54.992518483887636,54.90442479035926,0.17618738550702773,55.0,,2.918453576764477,54.992518483887636,54.76927042099367,54.95706027319967,54.89028318491944,54.90442478940147,54.68002894922287,54.85178930692691,54.64466813552058,54.81633109838061,54.83421705066008
548.0,11.998417132216016,11.998417132216016,0.1,1,54.97683288053452,54.9003355956951,0.1529945681801479,55.0,,3.133846892846205,54.97683288053452,54.72129246176377,54.94716782843472,54.799626243465205,54.90033559476883,54.654293272674096,54.853503362383016,54.63813447077452,54.823838312354376,54.84161106841452
549.0,12.02513966480447,12.02513966480447,0.1,1,54.96119263707996,54.8961387799769,0.13010771275676092,55.0,,3.224964207893296,54.96119263707996,54.71157168530424,54.937179733355464,54.81305769170538,54.89613877908113,54.654784778093976,54.85509782604472,54.64276683570971,54.8310849243232,54.85229478210059
550.0,12.02513966480447,12.02513966480447,0.1,1,54.945826313882776,54.89206636558613,0.1075198951916363,55.0,,3.0419483785935255,54.945826313882776,54.72489688421352,54.92733087090575,54.88372828465243,54.89206636471985,54.66758210449888,54.85680185973113,54.645921691293566,54.83830641869114,54.837005260379165
551.0,12.02513966480447,12.02513966480447,0.1,1,54.93061444344139,54.88800219869022,0.08522448814682093,55.0,,3.2828048963936265,54.93061444344139,54.70855776443959,54.91750773672865,54.87471038196338,54.888002197852465,54.66663898175342,54.85849666013403,54.65476801818984,54.84538995529457,54.86990216557213
552.0,12.02513966480447,12.02513966480447,0.1,1,54.91555383560795,54.88394626279253,0.06321514431995467,55.0,,3.0550898329953684,54.91555383560795,54.71503319339956,54.90771276589832,54.921513614274296,54.883946261982345,54.67186991452896,54.86017975918602,54.649371993062175,54.852338691288,54.83202479198228
553.0,12.02513966480447,12.02513966480447,0.1,1,54.900641432446605,54.879898541428545,0.041485780768375946,55.0,,3.156918645180679,54.900641432446605,54.7088649755119,54.89794820799558,54.93498819471599,54.87989854064504,54.676060589065784,54.86184887437727,54.65665447711813,54.85915565167823,54.8516642931539
554.0,12.02513966480447,12.02513966480447,0.1,1,54.8882161387336,54.8758590181659,0.024714241603710718,55.0,,3.3099054120870215,54.88587430086338,54.681512328270806,54.8882161387336,54.89048396663296,54.875859017408175,54.663320554974575,54.863501897129886,54.65298858601313,54.865843736694416,54.852456865715624
555.0,12.02513966480447,12.02513966480447,0.1,1,54.87851847087528,54.8718276766042,0.01338158899503128,55.0,,3.318936358192159,54.87124962567557,54.676515562248575,54.87851847087528,54.906066235606886,54.87182767587143,54.66530347621703,54.86513688188025,54.65450665068418,54.87240572871849,54.85074075577442
556.0,12.02513966480447,12.02513966480447,0.1,1,54.87884429880262,54.86780450037511,0.022079595708397903,55.0,,3.267372604578743,54.85676470309422,54.65903555937658,54.86885696448565,54.886006871738104,54.867804499666455,54.655374050050845,54.866752035826586,54.645159338052494,54.87884429880262,54.8234733404508
557.0,12.02513966480447,12.02513966480447,0.0,-1,54.88516201279848,54.86378947314215,0.04274507820378659,55.0,,4.020597878593521,54.842416934594695,54.6086679963917,54.859233236559305,54.78833339039794,54.86378947245682,54.6446260189917,54.86834570930143,54.67467428208392,54.88516201279848,54.961438248995336
558.0,12.02513966480447,12.02513966480447,0.0,-1,54.930999532503925,54.91000293596416,0.041993192004923685,55.0,,2.7311686387411207,54.889006340499,54.67088583598243,54.9051726149223,54.8713300162989,54.9100029353,54.69763249581281,54.91483325659553,54.71742908554377,54.930999532503925,54.97317768393351
559.0,12.02513966480447,12.02513966480447,0.1,-1,54.97685151893756,54.95621633358123,0.04127036967121711,55.0,,2.8729666140418306,54.93558114926634,54.697162957998096,54.95113258740979,54.85527757461691,54.9562163329376,54.718730672265366,54.96130007935489,54.73377066779977,54.97685151893756,54.928711363178884
560.0,12.02513966480447,12.02513966480447,0.1,-1,54.961642611977005,54.95202227355945,0.019240675827958853,55.0,,2.9097227211231584,54.94240193614905,54.70725948951175,54.95202751075297,54.869659244763064,54.952022272937,54.72263431440559,54.95201703598124,54.73852681845075,54.961642611977005,54.96286348091546
561.0,12.02513966480447,12.02513966480447,0.1,-1,54.952939334457,54.947836704250406,0.01020526078522721,55.0,,2.652314755092112,54.94907644307362,54.71421219883137,54.952939334457,54.8765291548409,54.94783670364844,54.727419761098815,54.94273407367177,54.74923665062191,54.946596966401174,55.01817879676371
562.0,12.02513966480447,12.02513966480447,0.1,-1,54.9556086143466,54.94365960868373,0.023898010383803125,55.0,,2.898939353696392,54.9556086143466,54.73074239637435,54.953864188488105,54.89922983501087,54.94365960810159,54.71540011051995,54.93345502851958,54.71144981549732,54.9317106039628,54.8953944617111
563.0,12.02513966480447,12.02513966480447,0.1,-1,54.96200221159396,54.93949096992212,0.0450224824327492,55.0,,3.0805603611680343,54.96200221159396,54.75521984155028,54.954798471478675,54.953161481487484,54.93949096935914,54.737673945434516,54.92418346801764,54.738110912382936,54.91697972916121,54.991410893396086
564.0,12.02513966480447,12.02513966480447,0.1,-1,54.968260824221126,54.93533077106122,0.06586010543887966,55.0,,3.073751948842485,54.968260824221126,54.76024306628397,54.95573883408777,54.948762577728345,54.935330770516764,54.733815000804015,54.91492270769818,54.731660831059024,54.902400718782246,54.98697972401143
565.0,12.02513966480447,12.02513966480447,0.1,-1,54.974387879245924,54.93117899522956,0.08641776718079086,55.0,,3.131357853204533,54.974387879245924,54.77198559313551,54.95668216337306,54.958162298007665,54.93117899470303,54.72338385615518,54.90567582676065,54.702428422388394,54.88797011206513,54.897704085292865
566.0,12.02513966480447,12.02513966480447,0.1,-1,54.980386650542485,54.92703562558855,0.10670204908397096,55.0,,3.666083936364922,54.980386650542485,54.80790134823019,54.957625568113066,55.032060386497506,54.927035625079355,54.73272225295764,54.89644568274934,54.6860413543682,54.873684601458514,54.833842254688065
567.0,12.02513966480447,12.02513966480447,0.1,-1,54.98626026753159,54.92290064533237,0.12671924360166287,55.0,,3.3290112795828084,54.98626026753159,54.79605866919197,54.95856636502192,54.98296051818461,54.92290064483994,54.72365378618915,54.88723492533848,54.68716949773362,54.85954102392993,54.876084933404265
568.0,11.992551210428308,11.992551210428308,0.1,-1,54.99201172335103,54.91877403768793,0.14647537055564896,55.0,,4.46840454298878,54.99201172335103,54.85138427601252,54.959502065802766,55.106935178972215,54.91877403721171,54.744947986330274,54.878046009278776,54.67290584741459,54.84553635279538,54.80134602723238
569.0,11.992551210428308,11.992551210428308,0.1,-1,54.997502545594386,54.91451444897193,0.16597619249974827,55.0,,3.9534791924466863,54.997502545594386,54.84186232416069,54.96028902804592,55.0617115495492,54.91451444851138,54.738789374186325,54.86873986961329,54.676929091138774,54.83152635309464,54.852032607748384
570.0,11.992551210428308,11.992551210428308,0.1,-1,55.0028771005512,54.9102634856083,0.18522722916515733,55.0,,3.123754420494013,55.0028771005512,54.78509401218757,54.9610667408275,54.89265859016532,54.91026348516292,54.6938667299579,54.85946023011383,54.65496326601136,54.817649871386045,54.85278657353728
571.0,11.992551210428308,11.992551210428308,0.1,-1,55.00813801622638,54.90602113035639,0.20423377104304308,55.0,,3.6659678246629244,55.00813801622638,54.825988305856725,54.96183323021379,54.98702078971883,54.90602112992568,54.710445598802885,54.850209030232804,54.648950586915944,54.80390424518334,54.81760025206399
572.0,12.024487895716945,12.024487895716945,0.1,-1,55.01328781242436,54.901787366009124,0.22300089215650587,55.0,,3.523856812699003,55.01328781242436,54.8116214303562,54.96258667288869,54.932164250478,54.90178736559258,54.69069939910951,54.8409880588721,54.63029347395295,54.79028692026785,54.79070729068488
573.0,12.02513966480447,12.02513966480447,0.1,-1,55.01846741624234,54.897700684881,0.24153346207089044,55.0,,3.7034128683266285,55.01846741624234,54.822621269189305,54.9634638961845,54.947579943381655,54.897700684478174,54.690158963198094,54.83193747332852,54.622779444103045,54.77693395417145,54.77896658453384
574.0,12.02513966480447,12.02513966480447,0.1,-1,55.023543186268896,54.893625107359505,0.25983615718846664,55.0,,3.682123219752901,55.023543186268896,54.82210749078694,54.964327387752114,54.9329520833376,54.893625106969935,54.683729046092346,54.822922826726106,54.6163413984811,54.76370702908043,54.78134758082853
575.0,12.02513966480447,12.02513966480447,0.1,-1,55.02851451964962,54.88955778365953,0.27791347137059574,55.0,,4.0874390470103,55.02851451964962,54.83892187729468,54.965172888975815,54.96250395724061,54.88955778328279,54.683031514508116,54.8139426781104,54.60121402776811,54.75060104827902,54.73707308156525
576.0,12.02513966480447,12.02513966480447,0.1,-1,55.03338356053093,54.88549869727211,0.29576972592811046,55.0,,3.8112652669741807,55.03338356053093,54.83680392939549,54.96599909059068,54.94672691048874,54.885498696907774,54.684037075419944,54.804998303728375,54.61271673607795,54.73761383460282,54.80339695531076
577.0,12.02513966480447,12.02513966480447,0.1,-1,55.038152371514485,54.88144783172045,0.31340907901795845,55.0,,3.8104348039162272,55.038152371514485,54.83878107722171,54.96680479208506,54.93994309922065,54.88144783136811,54.68053459082946,54.796090871138084,54.6098789754897,54.72474329249653,54.81284398923568
578.0,12.02513966480447,12.02513966480447,0.1,-1,55.0428229380765,54.87740517055986,0.3308355344819347,55.0,,4.267629332708802,55.0428229380765,54.86333114599443,54.967588894795654,54.99137598219553,54.87740517021911,54.68785257177806,54.78722144611347,54.60300245118848,54.71198740359456,54.78675283664531
579.0,12.009334264432033,12.009334264432033,0.0,1,55.04739717272495,54.87337069737772,0.348052950161275,55.0,,4.45081869777368,55.04739717272495,54.88882708230426,54.96835039542409,55.04226989014461,54.87337069704819,54.694119943685216,54.77839099912768,54.592000744990905,54.699344222563674,54.74651018508483
580.0,11.992551210428308,11.992551210428308,0.0,1,55.091774901999415,54.91951558623144,0.34451863101921987,55.0,,2.397113393250128,55.091774901999415,54.89831550138646,55.01413908994498,54.983671819169224,54.919515585912094,54.70962047955114,54.82489208232053,54.614286232265734,54.747256270980195,54.73743847189004
581.0,11.992551210428308,11.992551210428308,0.1,1,55.13611133633842,54.96558763679227,0.34104739859154876,55.0,,2.0681335389460953,55.13611133633842,54.96798106571153,55.059831365850414,55.08897772802058,54.96558763648279,54.766453500765635,54.871343907542844,54.65347687825828,54.795063937746875,54.73376629634673
582.0,11.996787709497209,11.996787709497209,0.1,1,55.119081124531014,54.96123326887018,0.3156957108373959,55.0,,2.4148896248485365,55.119081124531014,54.919653201954084,55.04957195477806,54.99739177769731,54.961233268570886,54.74372589465541,54.87289458277732,54.6521583893431,54.80338541369362,54.76307854451311
583.0,12.02513966480447,12.02513966480447,0.1,1,55.10225511848454,54.956906085057334,0.290698066386085,55.0,,2.710579119623417,55.10225511848454,54.88584465584088,55.03933232420235,54.94619376480234,54.956906084767894,54.72725427121538,54.87447984573343,54.647633413833184,54.81155705209846,54.766514226940515
584.0,12.02513966480447,12.02513966480447,0.1,1,55.085733380266916,54.9527106286813,0.2660455027183133,55.0,,3.1527562485214875,55.085733380266916,54.90656029083057,55.029221320936614,55.04336738467679,54.95271062840139,54.758325393664876,54.876199936252995,54.68073911272272,54.8196878775486,54.849534792612175
585.0,12.02513966480447,12.02513966480447,0.1,1,55.069388400145414,54.94852366580881,0.24172946823520647,55.0,,3.1964233888485714,55.069388400145414,54.91138614860643,55.019119713224754,55.089535700913885,54.94852366553811,54.76946117574277,54.87792761822556,54.68950254106175,54.82765893191021,54.86094462030123
586.0,12.02513966480447,12.02513966480447,0.1,1,55.05321607905993,54.94434517946407,0.21774179876813804,55.0,,3.0424767812353455,55.05321607905993,54.877082432262604,55.00903120363466,55.02922183592364,54.94434517920228,54.75191953907381,54.879659155131684,54.683319902880626,54.83547428029179,54.85679728902292
587.0,11.99923184357542,11.99923184357542,0.1,1,55.03721250065727,54.94017515270434,0.19407469549622647,55.0,,3.021872596539392,55.03721250065727,54.83625251288654,54.998959229673495,54.95744486465012,54.94017515245117,54.738576328714174,54.88139107557871,54.69494739495657,54.84313780516104,54.91998228199626
588.0,12.02513966480447,12.02513966480447,0.1,1,55.02126155171016,54.93590119941886,0.1707207041864507,55.0,,2.968721348592281,55.02126155171016,54.7974182380053,54.98879461105978,54.888250955699704,54.935901199174026,54.712274693477056,54.883007787626624,54.67658367447034,54.85054084752371,54.87554170693437
589.0,12.02513966480447,12.02513966480447,0.1,1,55.005584616675094,54.93174826864532,0.1476726956764267,55.0,,2.97177744731133,55.005584616675094,54.8052795487213,54.9787652695111,54.94688345070745,54.931748268408555,54.725217091699506,54.88473126763322,54.68695365343433,54.85791192099867,54.889353657882715
590.0,12.02513966480447,12.02513966480447,0.1,1,54.99006567031897,54.92760374637136,0.12492384752473384,55.0,,3.2659319346231253,54.99006567031897,54.81100811429145,54.96876134507557,54.99939892080369,54.927603746142374,54.745231679563624,54.886446147525625,54.71513887477209,54.865141822794236,54.966870340287514
591.0,12.02513966480447,12.02513966480447,0.1,1,54.97470142934492,54.92346761578663,0.10246762675827625,55.0,,3.3612143293630234,54.97470142934492,54.76407666554473,54.95878537002981,54.90451087554982,54.92346761556519,54.71497738142758,54.888149861406596,54.69797332475334,54.87223380258664,54.93364349969299
592.0,12.02513966480447,12.02513966480447,0.1,1,54.95948874711203,54.919339860113574,0.08029777365040758,55.0,,3.0645445462037952,54.95948874711203,54.75639278054449,54.94883968452483,54.91525426269233,54.919339859899424,54.70774205104938,54.88984003556997,54.68333105999206,54.879190973461625,54.87462236195703
593.0,12.02513966480447,12.02513966480447,0.1,1,54.94442460600858,54.91522046260727,0.05840828646749685,55.0,,3.197710118779978,54.94442460600858,54.73790426526557,54.93892644862095,54.899680050474146,54.91522046240018,54.702108670451445,54.891514476465616,54.68501243282151,54.886016319541085,54.88483502312097
594.0,12.002001862197394,12.002001862197394,0.1,1,54.929506110280236,54.911109406555454,0.03679340712548651,55.0,,3.3087523623947543,54.929506110280236,54.70505840064701,54.92904765358974,54.84480031679772,54.91110940635517,54.68287135857572,54.89317115939739,54.67469912752787,54.89271270315475,54.8666092313938
595.0,11.992551210428308,11.992551210428308,0.1,1,54.9191047752321,54.90690631798302,0.024396914617867083,55.0,,3.938711902592629,54.91463012199047,54.70034939778547,54.9191047752321,54.87110058818528,54.90690631778933,54.69578821846048,54.89470786061423,54.7006402838656,54.899182514288974,54.9487778220155
596.0,11.992551210428308,11.992551210428308,0.1,1,54.90915907927691,54.902670761084096,0.012976636501406347,55.0,,3.719584877937426,54.89985355011002,54.70178162870505,54.90915907927691,54.90629154708365,54.902670760896775,54.699716666943566,54.896182442775505,54.69954976462496,54.90548797236124,54.9292473698249
597.0,11.992551210428308,11.992551210428308,0.1,1,54.911672675462874,54.89844378149962,0.026457787633397345,55.0,,4.143837543454374,54.88521488782948,54.66771551187689,54.89925317401775,54.84685603618922,54.89844378131847,54.683054845110675,54.89763438886954,54.69662504379233,54.911672675462874,54.93732254892554
598.0,11.992551210428308,11.992551210428308,0.1,1,54.91773906173446,54.89422536208243,0.0470273990205925,55.0,,4.134328364002531,54.870711662713866,54.65699110749916,54.88938847486626,54.85008241596514,54.894225361907246,54.67970170486523,54.899062249190344,54.69459681983555,54.91773906173446,54.92684901944945
599.0,11.992551210428308,11.992551210428308,0.0,-1,54.923689477464535,54.890015485718706,0.0673479832175019,55.0,,4.054013272849799,54.85634149424703,54.628444059607645,54.8795662754258,54.80678492660446,54.8900154855493,54.66778004609018,54.90046469590693,54.69564396505431,54.923689477464535,54.94417372730455
600.0,11.959962756052144,11.959962756052144,0.0,-1,54.96924235275025,54.93608757123168,0.06630956277147249,55.0,,2.909498744251324,54.90293278997878,54.69002871294234,54.92535275191659,54.88601151465402,54.936087571067496,54.713727784401215,54.946822390445305,54.72319721817872,54.96924235275025,54.90680184664658
601.0,11.959962756052144,11.959962756052144,0.1,-1,55.01467191192584,54.982018348198906,0.0653071271964265,55.0,,2.834881322678795,54.94936478472941,54.731748674256,54.97102229733565,54.913454303127814,54.98201834803979,54.75094158917089,54.99301439896381,54.755199206720825,55.01467191192584,54.90710583782345
602.0,11.945949720670392,11.945949720670392,0.1,-1,54.998967348672736,54.97748946233978,0.04295577241693138,55.0,,2.951976485253483,54.956011576255804,54.75532177636949,54.971590028809125,54.96000371770407,54.97748946218591,54.759206895318144,54.983388895775335,54.75228407965836,54.998967348672736,54.90613730696203
603.0,11.885335195530727,11.885335195530727,0.1,-1,54.983369756355124,54.972909026400416,0.020921459668613807,55.0,,3.0804129489622727,54.96244829668651,54.77607126173199,54.97211785857736,55.00062034638399,54.97290902625162,54.77437441549752,54.97370019413152,54.76778193564327,54.983369756355124,54.970599966064576
604.0,11.83417132216015,11.83417132216015,0.1,-1,54.972400049532055,54.968075391542115,0.008649316068819246,55.0,,2.852491169063284,54.96847742229676,54.747539864996504,54.972400049532055,54.905187345671834,54.96807539139821,54.741520142282766,54.963750733463236,54.73875949374093,54.96767336102034,54.92375452803377
605.0,11.79457635009311,11.79457635009311,0.1,-1,54.97414453233054,54.96303020386104,0.022228656713821238,55.0,,2.9345790333101127,54.97414453233054,54.75570440701591,54.972474442788176,54.916336555421296,54.963030203721864,54.746334178643025,54.953585964847875,54.74766101444044,54.95191587561672,54.97475292163348
606.0,11.745530726256986,11.745530726256986,0.1,-1,54.979503987351585,54.95782407172595,0.04335983103349861,55.0,,2.9055210613668017,54.979503987351585,54.761395375307956,54.97238810749044,54.91632894797816,54.957824071591354,54.737637150297026,54.94326003587827,54.73012562997914,54.936144156318086,54.93447949173658
607.0,11.699255121042832,11.699255121042832,0.1,-1,54.98451900261011,54.952416628792164,0.06420474742527205,55.0,,2.986439744216621,54.98451900261011,54.75761296054403,54.97209738736154,54.89727346425581,54.952416628662,54.735956465782316,54.93273587014233,54.739436844472564,54.920314255184834,54.99647692671594
608.0,11.722718808193669,11.722718808193669,0.1,-1,54.98920553390842,54.94682041013484,0.08477024734347793,55.0,,2.8859905223965256,54.98920553390842,54.749299535419304,54.9716117613708,54.862028658902716,54.94682041000896,54.716400772179156,54.92202905882107,54.715542166892675,54.90443528656494,54.9451030756284
609.0,11.670903165735568,11.670903165735568,0.1,-1,54.9938682037146,54.94133676921331,0.10506286880561788,55.0,,3.0042587132225074,54.9938682037146,54.76982065056027,54.971229746174075,54.90922851183479,54.94133676909157,54.72933246532095,54.91144379217729,54.72729648836054,54.88880533490898,54.99142950229768
610.0,11.62918994413408,11.62918994413408,0.1,-1,54.99818512646776,54.935640694574786,0.12508886359546523,55.0,,3.1914250044995787,54.99818512646776,54.79732989504098,54.97062369917645,54.96487320651709,54.935640694457064,54.72650042167828,54.900657689900356,54.69554801970685,54.873096262872295,54.87963092369367
611.0,11.589594972067038,11.589594972067038,0.1,-1,55.00220344940802,54.92977634259749,0.144854213436858,55.0,,3.527091333286726,55.00220344940802,54.793428922731486,54.96983533846412,54.9334048172078,54.92977634248364,54.6966122760204,54.88971734666048,54.6417353687291,54.857349235971164,54.72515506564463
612.0,11.531098696461829,11.531098696461829,0.1,-1,55.00593562642014,54.92375330373089,0.16436464520035088,55.0,,3.419489063280595,55.00593562642014,54.799459823583504,54.96887199701301,54.940324436599546,54.92375330362079,54.69973794359167,54.87863461038072,54.647468240993085,54.84157098121979,54.772626589128244
613.0,11.503724394785849,11.503724394785849,0.1,-1,55.00930351355949,54.917490690872754,0.18362564520120372,55.0,,3.5103407762626375,55.00930351355949,54.797875371650726,54.96765069976634,54.923446007184104,54.91749069076627,54.68738213569277,54.867330681913344,54.62892039048697,54.825677868358284,54.7407039103044
614.0,11.470810055865924,11.470810055865924,0.1,-1,55.01244426203104,54.911123025625976,0.2026424726435252,55.0,,3.789295290120223,55.01244426203104,54.82226344259529,54.96630403928006,54.9789864625069,54.911123025523004,54.700170181843035,54.85594201190824,54.63354068511689,54.809801789387514,54.76554821264694
615.0,11.431215083798882,11.431215083798882,0.1,-1,55.01533685338081,54.90462676716912,0.22142017226223487,55.0,,3.4372167089151064,55.01533685338081,54.799527726905005,54.96480669462804,54.907754715192056,54.90462676706955,54.679811916255474,54.84444683964867,54.623354066576844,54.793916681118574,54.780887771897206
616.0,11.391620111731845,11.391620111731845,0.1,-1,55.017955357404105,54.89797356422056,0.23996358621125324,55.0,,3.3735011925346234,55.017955357404105,54.801020218457346,54.96312867400796,54.90579316657781,54.897973564124264,54.679704491061564,54.832818454373644,54.62848871444975,54.77799177119285,54.82521077639623
617.0,11.330679702048418,11.330679702048418,0.1,-1,55.02030253304419,54.89116385034714,0.2582773652433943,55.0,,3.28958402165962,55.02030253304419,54.79651396000228,54.961268901262095,54.888190499114664,54.89116385025401,54.674678643565535,54.821058799374626,54.6305647070007,54.76202516780079,54.86201407097097
618.0,11.279841713221604,11.279841713221604,0.1,-1,55.02228952041406,54.88410653072877,0.27636597922484185,55.0,,3.4666185619105385,55.02228952041406,54.79646582918934,54.95913489438949,54.87822362266524,54.884106530638704,54.658733923544666,54.80907816701239,54.60338184486384,54.74592354118922,54.79167714303912
619.0,11.243016759776538,11.243016759776538,0.1,-1,55.0239625128809,54.87684564929833,0.29423372702421347,55.0,,3.4788132122874913,55.0239625128809,54.78974236349798,54.956769424936816,54.85421906642422,54.87684564921122,54.64515268971551,54.796921873605996,54.58914154881314,54.729728785856686,54.77474490097827
620.0,11.22346368715084,11.22346368715084,0.1,-1,55.02538416010633,54.869441787131095,0.3118847458141474,55.0,,4.031803223753941,55.02538416010633,54.82876125354553,54.95423190911142,54.95279869545082,54.86944178704687,54.66432712562367,54.78465166509872,54.59036495377551,54.71349941429218,54.769607512810815
621.0,11.161056797020484,11.161056797020484,0.1,-1,55.02663074386227,54.861969233886,0.32932301982072687,55.0,,4.067246710753641,55.02663074386227,54.82117539666385,54.95159557239013,54.922439080783455,54.86196923380454,54.64844998461879,54.77234289533151,54.57128659267154,54.69730772404154,54.73719712049707
622.0,11.121461824953444,11.121461824953444,0.1,-1,55.02752109845003,54.85424490410924,0.34655238855411596,55.0,,4.285418691124887,55.02752109845003,54.828652464891555,54.948676359407756,54.93470222239726,54.85424490403045,54.64509009876648,54.759813448762024,54.561107224395215,54.680968709895915,54.722572992000025
623.0,11.112662942271882,11.112662942271882,0.0,1,55.02815529984052,54.846367022503024,0.3635765545517273,55.0,,4.215087997935027,55.02815529984052,54.82212028110314,54.94557161320229,54.909250811652974,54.846367022426826,54.630963101306676,54.74716243175666,54.544369430734534,54.66457874528879,54.698232024897294
624.0,11.074860335195533,11.074860335195533,0.0,1,55.06859465793989,54.88865261087157,0.3598840940171897,55.0,,2.357645982007761,55.06859465793989,54.86518010184154,54.98748562677721,54.950291441683426,54.88865261079772,54.66968184859119,54.78981959492028,54.57641618365063,54.7087105639227,54.69742116061611
625.0,11.035265363128492,11.035265363128492,0.1,1,55.10890551231657,54.93077672830941,0.35625756789854535,55.0,,2.3106263255778443,55.10890551231657,54.93838203448328,55.02921350909174,55.07367871026739,54.93077672823785,54.73598222988383,54.83233994748286,54.63156645706181,54.75264794441802,54.75115443941453
626.0,10.976443202979516,10.976443202979516,0.1,1,55.087737192827255,54.922375923517464,0.33072253850763644,55.0,,2.6172054925282113,55.087737192827255,54.902805090367984,55.01488171452332,55.02011253288519,54.92237592344826,54.72093382889648,54.82987013246883,54.631172562063696,54.75701465431962,54.77535092973955
627.0,10.92348696461825,10.92348696461825,0.1,1,55.066513785814024,54.9137413546969,0.3055448621259771,55.0,,2.3664779033750882,55.066513785814024,54.90509278033195,55.000307915564605,55.06430499559407,54.91374135462998,54.72232142124187,54.82717479378783,54.62067851585034,54.76096892368805,54.7295234328549
628.0,10.884543761638737,10.884543761638737,0.0,1,55.04525645057221,54.904898721453904,0.28071545813190113,55.0,,2.358086977930462,55.04525645057221,54.81782724272319,54.98552219140922,54.87298665124049,54.90489872138919,54.668589684335096,54.8242752514586,54.599156831357355,54.76454099244031,54.729900644608065
629.0,10.876885474860336,10.876885474860336,0.1,1,55.085234136567074,54.94621181885824,0.27804463531617785,55.0,,2.697031083663402,55.085234136567074,54.86236446205068,55.02636829230428,54.92288713631256,54.946211818795526,54.70886516558235,54.866055345373454,54.63352427634909,54.807189501250896,54.739394732215096
630.0,10.837290502793298,10.837290502793298,0.0,1,55.06390466890688,54.937105131816374,0.25359907408287086,55.0,,2.876128466861,55.06390466890688,54.83931951442743,55.011310698069124,54.909979857744915,54.93710513175572,54.70260668641407,54.862899565526135,54.63819945344096,54.81030559482401,54.77218311121526
631.0,10.77602420856611,10.77602420856611,0.1,1,55.10384100499839,54.97821725195058,0.25124750600049595,55.0,,2.8640306000637805,55.10384100499839,54.880730151587265,55.0519396721565,54.95438298061609,54.978217251891806,54.749372404703735,54.90449483170834,54.690756506849524,54.85259349899789,54.84750191942133
632.0,10.725512104283052,10.725512104283052,0.1,1,55.08220089785043,54.968617110491415,0.2271675746260513,55.0,,2.977918146592747,55.08220089785043,54.86101519444595,55.03638978645937,54.95259034756604,54.968617110434565,54.75143936096915,54.90084443448833,54.710207444103624,54.855033323224376,54.92598357211481
633.0,10.685917132216016,10.685917132216016,0.1,1,55.060526345259994,54.95882200382789,0.2034086827752546,55.0,,3.3185263703231387,55.060526345259994,54.83765020237598,55.02065383668978,54.939527380822305,54.958822003772916,54.748555892002585,54.89699017093202,54.72383592244537,54.85711766248474,54.985054955612775
634.0,10.646322160148976,10.646322160148976,0.1,1,55.03886049727902,54.94887879645272,0.17996340156657453,55.0,,2.9312847120564065,55.03886049727902,54.84113811050811,55.00478185989956,54.98848226253206,54.948878796399555,54.743858982766426,54.892975732973014,54.700683765186675,54.85889709571244,54.89184630357847
635.0,10.623836126629424,10.623836126629424,0.1,1,55.017200217168586,54.938787904585254,0.15682462508347328,55.0,,2.8783152318690775,55.017200217168586,54.798588674552796,54.988777213556055,54.9166526091499,54.93878790453384,54.71520992635571,54.888798595582664,54.68058522776926,54.86037559208511,54.855731204773136
636.0,10.599720670391063,10.599720670391063,0.1,1,54.99561496778636,54.92862219166699,0.13398555215827912,55.0,,3.031163429393278,54.99561496778636,54.762798239816966,54.97271548545821,54.86735579685088,54.92862219161727,54.6970390393344,54.88452889784503,54.67546837469444,54.86162941562808,54.8662024501436
637.0,10.560125698324024,10.560125698324024,0.1,1,54.97409478411094,54.91837494944957,0.11143966924493043,55.0,,2.943361550299639,54.97409478411094,54.78537768775441,54.95659248836751,54.971048261401215,54.91837494940149,54.71586285493822,54.880157410501894,54.68004528016804,54.86265511486601,54.85656301373115
638.0,10.520530726256984,10.520530726256984,0.1,1,54.95257125991096,54.90798089271594,0.08918073431479456,55.0,,3.2589470190004985,54.95257125991096,54.76033241419033,54.94034526744779,54.94787745852568,54.90798089266944,54.712011011060945,54.87561651795534,54.69270807168955,54.86339052559617,54.919568871675565
639.0,10.480935754189945,10.480935754189945,0.1,1,54.93104181613562,54.89744043524233,0.06720276171379425,55.0,,3.4266847885327807,54.93104181613562,54.740943836230976,54.923976388171326,54.9372091309033,54.89744043519737,54.7050526516491,54.870904482285546,54.692247200933814,54.863839054421824,54.92992993327687
640.0,10.441340782122904,10.441340782122904,0.0,1,54.90950399401502,54.88675399001845,0.04550000792275455,55.0,,2.8954592576347427,54.90950399401502,54.69970147926639,54.907488247755744,54.86213167345232,54.88675398997496,54.66554362724543,54.86601973225428,54.64731616672211,54.864003986092264,54.8072594063711
641.0,10.375186219739296,10.375186219739296,0.1,1,54.94889374448066,54.92618880424802,0.04540988039707372,55.0,,2.9901481354544597,54.94889374448066,54.750407223747914,54.94650459335099,54.92655739796145,54.92618880420587,54.71398535264652,54.905873015119,54.69225162535742,54.90348386408358,54.85234830349892
642.0,10.33054003724395,10.33054003724395,0.1,1,54.9295590055848,54.91499780781301,0.029122395568784043,55.0,,3.160982894809216,54.92697796657914,54.71403585302049,54.9295590055848,54.87281934551113,54.914997807772245,54.69359197555873,54.900436610016015,54.68287574155324,54.903017649112826,54.85303198204225
643.0,10.31457169459963,10.31457169459963,0.1,1,54.9124770671695,54.90364127810216,0.017671578159045964,55.0,,3.3113766574208388,54.90502947410076,54.71500525930126,54.9124770671695,54.92019395114767,54.90364127806274,54.70264192060718,54.89480548901045,54.6925955167267,54.90225308216734,54.88527124038043
644.0,10.250372439478586,10.250372439478586,0.1,1,54.90131400363159,54.89224046981494,0.018147067571618436,55.0,,3.3220129253486372,54.88316693605997,54.713738107474384,54.89538163821379,54.95693360985807,54.89224046977682,54.70663145840702,54.88909930139253,54.69385234211433,54.90131400363159,54.88967343242582
645.0,10.210777467411546,10.210777467411546,0.1,1,54.899999986011615,54.880592468701096,0.03881503456140223,55.0,,3.3616419281215943,54.86118495145021,54.679064820159624,54.8780712770416,54.90189564425329,54.880592468664226,54.68309827698129,54.88311366033779,54.67562231866778,54.899999986011615,54.85802565014781
646.0,10.200186219739294,10.200186219739294,0.1,1,54.89841766001447,54.86880151225857,0.059232295454130224,55.0,,3.214072727402813,54.83918536456034,54.66430204213569,54.86065156930978,54.90038340653691,54.868801512222916,54.671615771714166,54.876951455185306,54.65954574631575,54.89841766001447,54.8168833987223
647.0,10.13158752327747,10.13158752327747,0.0,1,54.8966916357926,54.85698990591584,0.07940345969774398,55.0,,2.7617566018909283,54.817288176094856,54.628328764645595,54.84324605209638,54.84227936337128,54.856989905881356,54.64545578530153,54.87073375971397,54.637139793562326,54.8966916357926,54.77505998816316
648.0,10.09199255121043,10.09199255121043,0.1,1,54.93424202519868,54.8951206062585,0.07824283782628783,55.0,,3.2856895243850595,54.85599918737239,54.67212503271599,54.88110369733044,54.888214386842165,54.89512060622509,54.69046280534284,54.90913751516591,54.683171263000105,54.93424202519868,54.83487250158957
649.0,10.05239757914339,10.05239757914339,0.1,1,54.93190771804116,54.88280129207745,0.09821285187511819,55.0,,3.766546169608771,54.83369486616604,54.63836539279669,54.86325217002045,54.84215219041728,54.882801292045144,54.67517607888387,54.902350414114494,54.68233308208009,54.93190771804116,54.86624339990811
650.0,10.037243947858476,10.037243947858476,0.0,-1,54.92931252235957,54.870340844006115,0.11794335665634037,55.0,,4.287123707951427,54.811369165703226,54.636164108969034,54.845294836763316,54.88227792094441,54.870340843974866,54.68688481836118,54.895386851229595,54.70254355298303,54.92931252235957,54.93974133675975
651.0,10.005796089385475,10.005796089385475,0.0,-1,54.96628895623576,54.90807571581953,0.11642648078345985,55.0,,2.247769900012997,54.8498624754523,54.679212702908096,54.88283119595463,54.92320949949074,54.908075715789245,54.72694234682508,54.933320235665704,54.73966768819706,54.96628895623576,54.96477382445337
652.0,9.966201117318436,9.966201117318436,0.1,-1,55.00315494967486,54.94567875373231,0.11495239183762607,55.0,,2.384232236977139,54.88820255783723,54.71076452921413,54.92026155263145,54.93702921282769,54.94567875370296,54.765842419288255,54.971095954815006,54.788326427921255,55.00315494967486,55.0405742813933
653.0,9.913733705772817,9.913733705772817,0.1,-1,54.97874758801298,54.93272984190903,0.09203549216196194,55.0,,2.109526882753553,54.88671209585102,54.70151314876599,54.91252830813361,54.90244391352392,54.93272984188066,54.73829774868421,54.952931375666914,54.74827461272666,54.97874758801298,54.9478254201295
654.0,9.854422718808197,9.854422718808197,0.1,-1,54.95430963291929,54.91958758318017,0.06944409943383079,55.0,,2.976779391023329,54.88486553348546,54.72746906007787,54.90461412285298,54.964560886380205,54.919587583152726,54.74244882377965,54.93456104349038,54.73398016040727,54.95430963291929,54.91427851879339
655.0,9.814827746741155,9.814827746741155,0.1,-1,54.92980883855962,54.9062239769519,0.047169723172473255,55.0,,2.265359980506045,54.88263911538715,54.7090714594251,54.896486777892086,54.91074022160381,54.90622397692537,54.722596786638306,54.91596117599532,54.720900256342674,54.92980883855962,54.92611753968802
656.0,9.775232774674118,9.775232774674118,0.1,-1,54.90532417696072,54.89272204268957,0.025204268500743865,55.0,,1.7682282894588843,54.880119908459974,54.6867580955663,54.88822536646367,54.846496095143735,54.892722042663905,54.69205347661043,54.89721871889961,54.689686679595084,54.90532417696072,54.877685603405126
657.0,9.735637802607076,9.735637802607076,0.1,-1,54.88085218485211,54.8790821781109,0.003540013442247414,55.0,,2.3682328782127917,54.87731217140986,54.712472210872875,54.87982663401282,54.91545434302765,54.87908217808607,54.706091918295385,54.87833772219363,54.697333314095836,54.88085218485211,54.919483104987044
658.0,9.69604283054004,9.69604283054004,0.1,-1,54.87421998642688,54.86530478019746,0.017830412419996833,55.0,,1.487469335229938,54.87421998642688,54.678634715761824,54.87128758225548,54.823703429002215,54.865304780173446,54.674436799390065,54.85932197812459,54.67773757430545,54.85638957400688,54.91992664694277
659.0,9.656447858473,9.656447858473,0.1,-1,54.87084726921843,54.851390245196775,0.03891404800573639,55.0,,1.977241042025838,54.87084726921843,54.69956024321808,54.86260545323948,54.879842697044886,54.85139024517356,54.68057215107324,54.84017503713972,54.67435672468339,54.831933221212694,54.924824630127624
660.0,9.616852886405962,9.616852886405962,0.1,-1,54.867197778441515,54.837338968624465,0.059717619597769556,55.0,,1.4565834747855275,54.867197778441515,54.665787172438186,54.853777714374836,54.785569460953276,54.83733896860201,54.63733957678927,54.82090022286022,54.629435925534295,54.807480158843745,54.836459349067745
661.0,9.57725791433892,9.57725791433892,0.1,-1,54.86327512457038,54.8231513452663,0.0802475585730349,55.0,,1.29818507275374,54.86327512457038,54.64362499816022,54.844802044374546,54.7272753554844,54.82315134524458,54.60435700385482,54.80150064614462,54.59269635791648,54.783027565997344,54.76789873474011
662.0,9.537662942271885,9.537662942271885,0.1,-1,54.859082778233656,54.80882776918033,0.10051001807268278,55.0,,1.7437143595182856,54.859082778233656,54.66767822800467,54.8356763200508,54.79785576648545,54.80882776915933,54.6159529145562,54.781979218296875,54.59677865387361,54.75857276016097,54.79920497574879
663.0,9.498067970204842,9.498067970204842,0.1,-1,54.85462407805311,54.794368633699015,0.12051088867531945,55.0,,2.2149085996157316,54.85462407805311,54.673548501104676,54.82639860391467,54.81238233600784,54.79436863367871,54.602744048153376,54.762338663470814,54.56840186686511,54.73411318937779,54.733998848858995
664.0,9.458472998137806,9.458472998137806,0.1,-1,54.84990223801397,54.779774331431305,0.14025581313357094,55.0,,2.3064445569653125,54.84990223801397,54.66681907832721,54.816967132530614,54.79467383327191,54.77977433141165,54.58483331639222,54.74258153031984,54.54456840342211,54.7096464248804,54.697935395380824
665.0,9.450651769087523,9.450651769087523,0.1,-1,54.844920354395335,54.76504525426467,0.15975020023059017,55.0,,2.031642963826178,54.844920354395335,54.65494596219983,54.80738030558011,54.76699214336313,54.76504525424568,54.570104378398355,54.7227102029375,54.533930997630634,54.685170154164744,54.712452312248445
666.0,9.373091247672257,9.373091247672257,0.1,-1,54.83981318988194,54.75031357096223,0.1789992378097054,55.0,,2.260093807004025,54.83981318988194,54.65024334315428,54.79776845318622,54.756189837869336,54.75031357094385,54.55238267745857,54.70285868872688,54.50820077549677,54.66081395207223,54.66666865520835
667.0,9.307099627560522,9.307099627560522,0.1,-1,54.83429414944239,54.73529019691449,0.19800790502705468,55.0,,2.378408227830727,54.83429414944239,54.645654863106756,54.78784079601888,54.747692284513434,54.73529019689673,54.53802058583218,54.682739597799134,54.48940732605619,54.63628624441534,54.6459211167829
668.0,9.287709497206706,9.287709497206706,0.0,1,54.82841452924769,54.720024037296675,0.21678098387423717,55.0,,2.8113031319223265,54.82841452924769,54.65485127377084,54.77764467939317,54.77480680928423,54.72002403727949,54.530272002629815,54.66240339518956,54.46802638848851,54.61163354537345,54.60384476071753
669.0,9.260498137802609,9.260498137802609,0.0,1,54.86189347398099,54.75463798625875,0.21451097541752517,55.0,,0.8381772039747397,54.86189347398099,54.6898544409195,54.812105472925275,54.80843408250115,54.75463798624211,54.57153260192726,54.69717049958196,54.515734608226374,54.647382498563466,54.67792372107378
670.0,9.188314711359409,9.188314711359409,0.1,1,54.895281750010454,54.78913931643164,0.21228486713153671,55.0,,0.7891131901290942,54.895281750010454,54.73629572667139,54.846435121505884,54.86961258685066,54.7891393164155,54.61352683675732,54.731843511347414,54.55126703585611,54.68299688287892,54.698284362194464
671.0,9.15735567970205,9.15735567970205,0.1,1,54.8674832401359,54.77327305363927,0.18842037296798964,55.0,,0.8772292128225808,54.8674832401359,54.72430935420609,54.82495130084001,54.88923824831894,54.773273053623676,54.61078030333852,54.72159480642891,54.54977043692562,54.67906286716791,54.70787839011946
672.0,9.126070763500932,9.126070763500932,0.1,1,54.839754398582755,54.75731113924468,0.1648865186517554,55.0,,0.8208775413332328,54.839754398582755,54.677142666170546,54.803367612907486,54.81227126673712,54.75731113922958,54.57784078429811,54.71125466557253,54.5252774834513,54.674867879931,54.6703735391697
673.0,9.069529795158289,9.069529795158289,0.1,1,54.81209002383971,54.74125249644146,0.14167505477288955,55.0,,0.590831013021241,54.81209002383971,54.65489478426931,54.78168687379464,54.80164750558661,54.74125249642687,54.558116862856544,54.700818119079266,54.499431048337925,54.67041496906682,54.606793503017215
674.0,9.05959031657356,9.05959031657356,0.1,1,54.78438236525114,54.724993311690675,0.11877810709809467,55.0,,0.6420082957192388,54.78438236525114,54.615225567926494,54.759808888707006,54.74694588570121,54.72499331167656,54.53168292950927,54.69017773466563,54.47995812899286,54.665604258153046,54.58371971278897
675.0,9.022928305400374,9.022928305400374,0.1,1,54.75682020281985,54.708726125225624,0.09618815516637369,55.0,,0.5844710195992424,54.75682020281985,54.60309127439679,54.7379295594804,54.76528628860895,54.70872612521198,54.523092825440834,54.67952269096243,54.46604971271195,54.66063204765348,54.555236099325995
676.0,8.972253258845441,8.972253258845441,0.1,1,54.729289932001706,54.692340925907594,0.07389801216687175,55.0,,0.7424320345016807,54.729289932001706,54.592750724532465,54.715941995408784,54.78907970670039,54.6923409258944,54.52301674597933,54.66873985639826,54.468349870607554,54.655391919834834,54.58216133146505
677.0,8.911149906890133,8.911149906890133,0.1,1,54.70173081537071,54.67578041234966,0.0519008060214432,55.0,,1.0253443590865816,54.70173081537071,54.54919148348535,54.69379178936881,54.72277090601746,54.675780412336906,54.49794294757524,54.657769035322644,54.456807847599016,54.649830009349266,54.59082418793883
678.0,8.871554934823092,8.871554934823092,0.1,1,54.67409726608014,54.659002285270596,0.030189961599127457,55.0,,1.1553682618050518,54.67409726608014,54.52686845462577,54.671439324261925,54.71380948613261,54.65900228525825,54.485645260786846,54.64656524627164,54.44781067764679,54.64390730448101,54.58823281221863
679.0,8.831959962756054,8.831959962756054,0.1,1,54.64897609028189,54.64209555153135,0.013761077508455344,55.0,,1.0994036199842827,54.646475143538076,54.48070205363837,54.64897609028189,54.63856226719065,54.64209555151942,54.44918854670511,54.635215012773436,54.415217889485206,54.63771595954393,54.5262984996204
680.0,8.824953445065177,8.824953445065177,0.0,-1,54.63125936967604,54.62506059106827,0.012397557196862863,55.0,,2.542131350328847,54.618861812479174,54.440139976132286,54.626404764273666,54.589066076197675,54.62506059105673,54.43806550992275,54.62371641785574,54.431562381939465,54.63125936967604,54.62971743283938
681.0,8.78535847299814,8.78535847299814,0.0,-1,54.66379876788619,54.65776861853847,0.012060298677347703,55.0,,0.9898747917103322,54.651738469208844,54.48208478277598,54.65891411232097,54.63946537978172,54.657768618527285,54.4725329666831,54.65662312474906,54.457753223370766,54.66379876788619,54.62506243478114
682.0,8.725232774674115,8.725232774674115,0.1,-1,54.69618390991961,54.69031417832629,0.011739463169107012,55.0,,1.138820078863615,54.684444446750504,54.52311106254483,54.69127364584313,54.687951440085044,54.69031417831545,54.50907815576202,54.689354710802746,54.489168132511544,54.69618390991961,54.64134507792201
683.0,8.673580074487894,8.673580074487894,0.1,-1,54.678840168643326,54.672744056595334,0.012192224102463456,55.0,,0.9153419915610985,54.677664295032,54.513015207968074,54.678840168643326,54.66903485009484,54.67274405658485,54.499382984057846,54.66664794454086,54.48824843825187,54.66782381817563,54.69322353729191
684.0,8.666573556797017,8.666573556797017,0.1,-1,54.67056013688052,54.65499815115063,0.0311239714433853,55.0,,0.6454464151131657,54.67056013688052,54.4726479604135,54.66623206258386,54.56906376122496,54.65499815114048,54.46159806202534,54.643764239711125,54.46345760537794,54.63943616543713,54.68738656417401
685.0,8.635940409683425,8.635940409683425,0.1,-1,54.66331870528604,54.63725955553,0.05211829949622171,55.0,,0.7608059634908905,54.66331870528604,54.47265263972614,54.653629053581696,54.57861237163183,54.63725955552019,54.44989212349047,54.62089005747224,54.44682346873198,54.611200405789816,54.67136611387333
686.0,8.604003724394781,8.604003724394781,0.1,-1,54.65584686385184,54.61943165789965,0.07283041188902928,55.0,,1.2433113610912752,54.65584686385184,54.47810268460342,54.64093140093319,54.59736876018786,54.619431657890175,54.431148353579445,54.59793191486027,54.40767116562397,54.58301645196281,54.573136799203404
687.0,8.524813780260708,8.524813780260708,0.1,-1,54.648142861498336,54.60150938642188,0.09326695013808717,55.0,,1.9603199635999062,54.648142861498336,54.48074869175105,54.62813112785688,54.60785103702072,54.6015093864127,54.41131167672732,54.5748876449812,54.368574038604855,54.55487591136025,54.48103583559671
688.0,8.50558659217877,8.50558659217877,0.1,-1,54.640017287834475,54.583300155849294,0.11343426395600886,55.0,,1.8990228590399274,54.640017287834475,54.48065823869711,54.61503295416452,54.61676724023588,54.583300155840426,54.4051522265582,54.5515673575286,54.36209726025737,54.526583023878466,54.50652896743682
689.0,8.468598696461823,8.468598696461823,0.1,-1,54.63171863388215,54.5650494199975,0.13333842775542593,55.0,,2.0395745664902902,54.63171863388215,54.47484117189511,54.601879835657215,54.607855384099295,54.565049419988924,54.38969795565872,54.528219004332485,54.342415328277994,54.498380206126726,54.489715586342776
690.0,8.429003724394784,8.429003724394784,0.1,-1,54.62317752886356,54.54668490077402,0.15298525616566394,55.0,,1.8020557532795212,54.62317752886356,54.4409123964676,54.58859718087373,54.524766619637674,54.54668490076572,54.35297693853931,54.50477262066918,54.310614403212966,54.47019227269789,54.45641596218666
691.0,8.389408752327745,8.389408752327745,0.0,1,54.6143864761975,54.52819631688,0.1723803186220323,55.0,,2.2998506435846435,54.6143864761975,54.41880051765087,54.57517256825873,54.473047935576766,54.52819631687198,54.31538199830462,54.48122006549631,54.262687404669556,54.44200615757547,54.35673986412247
692.0,8.324394785847296,8.324394785847296,0.0,1,54.644438692425894,54.55912519418706,0.1706269964650886,55.0,,0.9311444914598879,54.644438692425894,54.426747925099825,54.60592791161476,54.446272528281476,54.55912519417929,54.336381963442435,54.51232247675456,54.29973604186548,54.473811695960805,54.426221532214
693.0,8.277630353817505,8.277630353817505,0.1,1,54.67424209768647,54.589789541506754,0.1689051123472538,55.0,,1.648218441996942,54.67424209768647,54.462066083556195,54.63640688546652,54.49730712350985,54.589789541499215,54.38332480126502,54.54317219754232,54.360748467573536,54.50533698533921,54.55140493814585
694.0,8.238035381750464,8.238035381750464,0.1,1,54.643408351105755,54.5705979742972,0.14562075360532845,55.0,,1.6004243864403775,54.643408351105755,54.45731785439876,54.611611928901475,54.54836495528353,54.57059797428992,54.383846001435096,54.529584019688414,54.35921436306032,54.49778759750043,54.55631233516052
695.0,8.212290502793294,8.212290502793294,0.1,1,54.61261134631317,54.55128458398383,0.12265352464729062,55.0,,1.355456865099695,54.61261134631317,54.43753395015807,54.58669675610999,54.55369406413471,54.55128458397679,54.368092688123156,54.515872411853316,54.33999208035074,54.48995782166588,54.514699660335175
696.0,8.19143389199255,8.19143389199255,0.1,1,54.581903790372756,54.5319059074816,0.09999576577129687,55.0,,1.6466963096796106,54.581903790372756,54.39545922115796,54.56172137376489,54.50034320441607,54.53190590747479,54.34046523065092,54.502090441194085,54.321742767144855,54.48190802460146,54.49851288196836
697.0,8.151838919925508,8.151838919925508,0.1,1,54.55130202791764,54.512481948334255,0.07764015915611111,55.0,,3.0001881626805718,54.55130202791764,54.33940137986253,54.536709007386854,54.414944833821465,54.51248194832767,54.311767228665694,54.488254889277584,54.31863625454713,54.47366186876153,54.54715688362515
698.0,8.114525139664803,8.114525139664803,0.0,1,54.520726757599554,54.49293690287069,0.05557970944742863,55.0,,2.9870540850528493,54.520726757599554,54.31268235041865,54.511586842902396,54.405383904833506,54.492936902864315,54.29377970241982,54.47428696283503,54.303869946706065,54.465147048152126,54.52674590205905
699.0,8.105237430167596,8.105237430167596,0.1,1,54.5503356901258,54.5227501661535,0.055171047934599926,55.0,,3.757238378498524,54.5503356901258,54.33600196368848,54.54118750128272,54.419023261782755,54.522750166147326,54.32494711130814,54.50431283102046,54.34551330712309,54.4951646421912,54.59417572485772
700.0,8.081936685288639,8.081936685288639,0.0,1,54.51969533551987,54.50299557495134,0.03339952112739297,55.0,,3.0697574563714434,54.51969533551987,54.317872360634986,54.51587521918509,54.43333568186921,54.502995574945366,54.31663440520833,54.49011593071389,54.341516543240544,54.48629581439248,54.60263780209015
701.0,8.058635940409681,8.058635940409681,0.1,1,54.549291255208765,54.53267689666933,0.033228717069505365,55.0,,3.5903546413179885,54.549291255208765,54.36044167434747,54.545354007263285,54.493281311598494,54.53267689666354,54.35417210093271,54.519999786071786,54.37355737455825,54.51606253813926,54.618319830002136
702.0,8.049348230912475,8.049348230912475,0.0,-1,54.519856975480195,54.5127136180119,0.014286714940055845,55.0,,2.4102930365554056,54.51858091269341,54.319291572351844,54.519856975480195,54.44267753096401,54.5127136180063,54.32663372689657,54.50557026054014,54.355080169767945,54.50684632333945,54.599355829001176
703.0,8.044622905027934,8.044622905027934,0.0,-1,54.549218215192674,54.54226308120006,0.013910267988578084,55.0,,1.02117505720109,54.548158903376994,54.3965062122528,54.549218215192674,54.59044429973475,54.54226308119464,54.38262412654822,54.535307947204096,54.384709013125196,54.53636725903192,54.57725177154203
704.0,8.016759776536311,8.016759776536311,0.1,-1,54.57856928494891,54.57179332087537,0.013551928150327797,55.0,,1.3773608832122195,54.57771282489091,54.41347555786212,54.57856928494891,54.571598349825514,54.57179332087012,54.3869351289035,54.565017356798585,54.37369265590651,54.565873816868354,54.47435060012153
705.0,8.016759776536311,8.016759776536311,0.1,-1,54.568133519840046,54.55158143170225,0.03310417626734363,55.0,,1.1542676569382913,54.568133519840046,54.418285781052916,54.56348576129998,54.59711221047253,54.55158143169717,54.391636933151446,54.53967710210139,54.38430524913801,54.5350293435727,54.55891308290207
706.0,8.042504655493481,8.042504655493481,0.1,-1,54.55845062431487,54.531410522828175,0.05408020296542304,55.0,,1.8106805079567292,54.55845062431487,54.405792963100815,54.54844124123009,54.564863992073626,54.53141052282326,54.35582581264027,54.514379804423235,54.327872801113244,54.50437042134945,54.426116368571115
707.0,8.049185288640592,8.049185288640592,0.1,-1,54.54877160505278,54.51138458058102,0.07477404893581507,55.0,,1.3364525670819065,54.54877160505278,54.375230189697284,54.53353657144478,54.49411734260386,54.51138458057626,54.32672345267083,54.489232589714334,54.30762901773935,54.47399755611696,54.43654658856183
708.0,8.023929236499066,8.023929236499066,0.1,-1,54.53902244380413,54.49142626134218,0.0951923649164641,55.0,,1.8488902131265401,54.53902244380413,54.380135331834204,54.51869149324291,54.515536341415164,54.49142626133757,54.31439749606026,54.4641610294386,54.28134484934182,54.443830078887665,54.3920066917319
709.0,8.049348230912475,8.049348230912475,0.1,-1,54.52907706933684,54.47140631475149,0.1153415091634784,55.0,,2.3711571065938486,54.52907706933684,54.37975634849016,54.503774051761575,54.521829928468904,54.47140631474705,54.298530393235204,54.439038577738685,54.25331809105168,54.413735560173365,54.347102315750476
710.0,8.028165735567969,8.028165735567969,0.0,-1,54.519143517769066,54.45152973576698,0.13522756399719782,55.0,,2.07640408138499,54.519143517769066,54.35766961421818,54.488986734924794,54.47237104545285,54.451529735762676,54.27204564872365,54.41407273660652,54.22833416409441,54.38391595377187,54.33256923993111
711.0,8.044948789571693,8.044948789571693,0.1,-1,54.547933424888356,54.48099382404207,0.1338792016858079,55.0,,1.3581495269335675,54.547933424888356,54.38452645076456,54.51828762050349,54.49752500865473,54.4809938240379,54.31740526633027,54.44370002757809,54.29479704782242,54.41405422320255,54.48762970373398
712.0,8.049348230912475,8.049348230912475,0.1,-1,54.53784679203726,54.46108000967386,0.15353356472027002,55.0,,1.7086846889188445,54.53784679203726,54.37671600186389,54.503440058917015,54.48489213212411,54.46108000966982,54.29341738290069,54.418719960428206,54.25917582339711,54.38431322731699,54.41762135069125
713.0,8.049348230912475,8.049348230912475,0.0,-1,54.52769201605554,54.44122437601034,0.17293528008408998,55.0,,2.033620972588868,54.52769201605554,54.36166554600339,54.48863359871651,54.45150389559831,54.44122437600643,54.259505842210515,54.393815153301745,54.21021951880823,54.35475673597145,54.310313552855504
714.0,8.049348230912475,8.049348230912475,0.1,-1,54.556368606521985,54.47077415142762,0.1711889101826074,55.0,,1.6352050434266336,54.556368606521985,54.386012655918385,54.51799668460375,54.469745781992955,54.47077415142384,54.2984426924216,54.42355161824915,54.265705492630225,54.38517969633938,54.42965248022734
715.0,8.049348230912475,8.049348230912475,0.1,-1,54.546087655958935,54.45089885466355,0.19037760258484582,55.0,,2.3391172627665666,54.546087655958935,54.39998020591595,54.50314066036006,54.5166209737726,54.4508988546599,54.29203436503884,54.39865704896478,54.24165762916886,54.35571005337409,54.38042169400712
716.0,8.018715083798883,8.018715083798883,0.0,-1,54.5357253226238,54.43106387277818,0.20932289968551032,55.0,,2.120126017804143,54.5357253226238,54.36838752196096,54.48830486209218,54.44010648888925,54.431063872774644,54.24915334169777,54.37382288346199,54.192802287964014,54.32640242293829,54.28898869318135
717.0,8.016759776536311,8.016759776536311,0.0,1,54.564091182890564,54.46048985875713,0.20720264826132961,55.0,,2.3215112252897034,54.564091182890564,54.40105782063703,54.51751130159358,54.47642571131661,54.4604898587537,54.2815635059806,54.403468415918546,54.22377323128082,54.356888534629235,54.31702719323628
718.0,8.016759776536311,8.016759776536311,0.0,1,54.59246779731708,54.48990780701464,0.20511998059949832,55.0,,0.3919032809403702,54.59246779731708,54.411419636547144,54.54669581964517,54.452889874760146,54.48990780701132,54.29435068737823,54.43311979438205,54.23906348631068,54.38734781671758,54.31201629811779
719.0,8.035824022346368,8.035824022346368,0.1,1,54.62086234473731,54.51932562687642,0.20307343571657555,55.0,,0.32514621251299264,54.62086234473731,54.44036642200067,54.57586736644721,54.480710714518985,54.519325626873204,54.32114362120611,54.46278388730364,54.26241970456051,54.417788909020736,54.31883969286124
720.0,8.049348230912475,8.049348230912475,0.1,1,54.58899708086103,54.49929718162817,0.1793997984606719,55.0,,0.4656891278571679,54.58899708086103,54.42340235276782,54.550153640265556,54.5007580821924,54.49929718162506,54.31634259016034,54.44844072298886,54.26236357819217,54.409597282400355,54.34825112499671
721.0,8.016759776536311,8.016759776536311,0.1,1,54.557388594759615,54.47936403476198,0.15604911999039217,55.0,,0.9250430102121854,54.557388594759615,54.382635140614696,54.52453629526778,54.457486877297384,54.47936403475897,54.29789701774001,54.43419177425433,54.26166490358657,54.40133947476922,54.39543340832464
722.0,8.016759776536311,8.016759776536311,0.0,1,54.52584636442876,54.45933957689546,0.13301357506189504,55.0,,1.1086049447779411,54.52584636442876,54.32354993144998,54.49883228147857,54.36418076165311,54.459339576892546,54.25841491097452,54.41984687231054,54.23806294723853,54.392832789366864,54.37909515282705
723.0,8.016759776536311,8.016759776536311,0.0,1,54.55466039449147,54.48875753031964,0.13180572833910986,55.0,,1.4663341473780114,54.55466039449147,54.33108896479711,54.52797126444358,54.33904394755299,54.48875753031682,54.274067114443504,54.44954379619395,54.26437550855047,54.42285466615236,54.41222662834386
724.0,8.03826815642458,8.03826815642458,0.1,1,54.58348156048226,54.518175355066624,0.13061241082684205,55.0,,1.113747368451588,54.58348156048226,54.39235964952903,54.55710909075382,54.454045913678435,54.5181753550639,54.32313723677942,54.47924161937775,54.29850868567157,54.45286914965542,54.42322164955733
725.0,8.020833333333332,8.020833333333332,0.1,1,54.55211815926277,54.49815912353243,0.10791807145639609,55.0,,0.5194227336771322,54.55211815926277,54.38776109079732,54.53142053479687,54.49826480566114,54.498159123529796,54.309634909797396,54.464897712266364,54.265238897489624,54.44420008780637,54.3264795250921
726.0,8.016759776536311,8.016759776536311,0.1,1,54.52087470701113,54.478113009443085,0.08552339513197182,55.0,,1.4455028135313923,54.52087470701113,54.33578695374867,54.50571352008461,54.4260110525828,54.47811300944053,54.2883308604602,54.450512498799974,54.271573072036865,54.43535131187916,54.410499592290236
727.0,8.016759776536311,8.016759776536311,0.0,1,54.4898018823975,54.45809108893634,0.06342158691831656,55.0,,1.2510758044173407,54.4898018823975,54.305079636167626,54.480044938470556,54.40516732321758,54.45809108893388,54.26761116671323,54.43613723940061,54.25455702615978,54.426380295479184,54.392057883261124
728.0,8.016759776536311,8.016759776536311,0.1,1,54.519001716459286,54.48750904798076,0.0629853369532043,55.0,,2.0758130402515698,54.519001716459286,54.34464573585691,54.509190225063,54.46195487515765,54.48750904797836,54.3132457078882,54.46582787089701,54.306888077860634,54.45601637950608,54.486065407287946
729.0,8.016759776536311,8.016759776536311,0.1,1,54.48805223926096,54.46746807051976,0.041168337478637795,55.0,,1.4334061087858694,54.48805223926096,54.33329610292424,54.48352730132367,54.48677478338833,54.467468070517455,54.29937538197987,54.451408839714425,54.281549081101176,54.44688390178232,54.420222634058945
730.0,8.016759776536311,8.016759776536311,0.1,1,54.457923901581935,54.44746774086203,0.020912321441187487,55.0,,1.1511941979301483,54.457283672967996,54.31813502416317,54.457923901581935,54.499923280566776,54.4474677408598,54.2855527665661,54.43701158014075,54.26024560533929,54.437651808759696,54.37423740773369
731.0,8.016759776536311,8.016759776536311,0.1,1,54.43238220023762,54.42750797989439,0.009748440687801008,55.0,,1.023229482074765,54.42669294088019,54.28200491209937,54.43238220023762,54.45604815307104,54.427507979892226,54.2557686283367,54.42263375954982,54.22924239412165,54.42832301891209,54.31595427980699
732.0,8.016759776536311,8.016759776536311,0.0,1,54.41890032739389,54.40758870864387,0.02262323749666706,55.0,,1.055074241341728,54.396277089897225,54.24477444956233,54.40690419949773,54.414982874177916,54.407588708641775,54.23799585799053,54.40827321778871,54.22574651816311,54.41890032739389,54.35371097930602
733.0,8.016759776536311,8.016759776536311,0.0,1,54.4480809463543,54.4370069058988,0.022148080907726353,55.0,,1.133919742966225,54.425932865446576,54.2671946668629,54.436100121256565,54.41818501918975,54.43700690589677,54.26028176591454,54.43791369053978,54.24780007987079,54.4480809463543,54.362319244599746
734.0,8.016759776536311,8.016759776536311,0.0,1,54.47727170440738,54.46642496181424,0.021693485183092776,55.0,,1.7711695210746103,54.455578219224286,54.29315630275771,54.46531115127045,54.435520931824534,54.46642496181228,54.293827532267656,54.467538772356825,54.290184572740394,54.47727170440738,54.43735328176413
735.0,8.016759776536311,8.016759776536311,0.0,-1,54.506472038005164,54.495842883588224,0.021258308830788053,55.0,,2.3905711541004138,54.485213729174376,54.316949338616894,54.494536385073445,54.449117318046596,54.49584288358633,54.328607047311124,54.49714938210183,54.33837265244036,54.506472038005164,54.53190304898002
736.0,8.016759776536311,8.016759776536311,0.0,-1,54.53568141674012,54.52526067841863,0.0208414766399585,55.0,,0.6817869468182678,54.51483994010016,54.34923537251897,54.52377497172109,54.47959162805558,54.5252606784168,54.35399880571066,54.526746385115054,54.35639975615062,54.53568141674012,54.51410434658553
737.0,8.031587523277464,8.031587523277464,0.1,-1,54.564899341407745,54.554678353503256,0.020441975806079427,55.0,,0.7362693598819093,54.544457365601666,54.37811510135437,54.55302611065647,54.502469138439,54.554678353501465,54.3799901188583,54.55633059634893,54.379451403482555,54.564899341407745,54.518503459790274
738.0,8.049348230912475,8.049348230912475,0.1,-1,54.53807028124642,54.53456109575469,0.007018370984546607,55.0,,0.8519843139154024,54.53517777339131,54.351369291490144,54.53807028124642,54.44107465135237,54.534561095752956,54.34146869682386,54.53105191026187,54.33560423105107,54.53394441812086,54.44393898052335
739.0,8.020507448789571,8.020507448789571,0.1,-1,54.525861948103625,54.51455643638989,0.02261102342476562,55.0,,1.009469290119838,54.525861948103625,54.3673169348737,54.52322811306237,54.497102632634885,54.51455643638822,54.34630744358865,54.50588475971636,54.3342711420347,54.50325092467886,54.4755293428362
740.0,8.016759776536311,8.016759776536311,0.1,-1,54.51632491809961,54.494475751533756,0.043698333129107425,55.0,,1.1413522299355199,54.51632491809961,54.37276745948521,54.50830760529962,54.52243943999025,54.494475751532136,54.34236967458163,54.48064389776687,54.3263671083066,54.472626584970506,54.4923508026458
741.0,8.016759776536311,8.016759776536311,0.1,-1,54.50667177464048,54.4744206447462,0.06450225978603186,55.0,,1.002968953136497,54.50667177464048,54.33888170924016,54.49340722406036,54.44201860986041,54.47442064474464,54.3040629789069,54.45543406543106,54.29127009199698,54.44216951485445,54.45097334678077
742.0,8.016759776536311,8.016759776536311,0.1,-1,54.49692094748904,54.4544062132587,0.085029468458238,55.0,,1.1737756767535932,54.49692094748904,54.33279730120561,54.478539153719986,54.437126302532654,54.45440621325719,54.286242615931364,54.430273272796455,54.26737500618828,54.4118914790308,54.42233412090146
743.0,8.016759776536311,8.016759776536311,0.1,-1,54.487075543649,54.434432377909346,0.10528633147693256,55.0,,1.2368483219575197,54.487075543649,54.31990871721883,54.46370061289636,54.41477801980345,54.43443237790789,54.26482124099171,54.40516414292143,54.2436650425597,54.381789212172066,54.40036500870635
744.0,8.016759776536311,8.016759776536311,0.0,-1,54.477138532175914,54.41449905967655,0.1252789449964311,55.0,,1.0452692923446822,54.477138532175914,54.30221789736551,54.448889017867096,54.379375380815326,54.414499059675144,54.23713606749848,54.38010910148514,54.21212464033862,54.35185958717948,54.3557378635656
745.0,8.022462756052139,8.022462756052139,0.0,-1,54.50592515307745,54.443917223084,0.12401585998468789,55.0,,1.3471493130552843,54.50592515307745,54.33237703758632,54.47816990630142,54.4091835556302,54.44391722308263,54.26638045937391,54.40966453986572,54.24025958492241,54.38190929309276,54.37481594255396
746.0,8.049348230912475,8.049348230912475,0.0,-1,54.53474573264328,54.47335829537438,0.12277487453563651,55.0,,2.059401874156108,54.53474573264328,54.37145258949921,54.50746572273898,54.4576121666995,54.47335829537307,54.29069235803562,54.439250868008976,54.246768275786074,54.411970858107644,54.313284002262414
747.0,8.049348230912475,8.049348230912475,0.1,-1,54.56368549404541,54.502907925166745,0.12155513775525151,55.0,,2.339159398381541,54.56368549404541,54.41161651050411,54.536862719665315,54.513427361392374,54.50290792516546,54.33027673505402,54.46895313066737,54.28430199579987,54.44213035629016,54.35959802915034
748.0,8.049348230912475,8.049348230912475,0.0,1,54.55364778847429,54.4829674555139,0.14136066591876073,55.0,,2.5353124706699424,54.55364778847429,54.43547508437742,54.52200679556655,54.583036285717895,54.48296745551266,54.32828321519657,54.44392811546048,54.25725623714572,54.412287122555526,54.29754048295061
749.0,8.049348230912475,8.049348230912475,0.0,1,54.5824900144295,54.51251704343406,0.13994594198892685,55.0,,0.5316575643769972,54.5824900144295,54.43499144030912,54.55139098699015,54.530976996284586,54.51251704343286,54.34479415053381,54.47364309987723,54.292852014533906,54.442544072440576,54.37493908678265
750.0,8.049348230912475,8.049348230912475,0.1,1,54.611344232563,54.54206650742226,0.13855545027959693,55.0,,0.43155649620253644,54.611344232563,54.47952724131721,54.58076663595431,54.59523538633863,54.54206650742108,54.38291451698546,54.50336637888947,54.32210564613479,54.4727887822834,54.387984612538034
751.0,8.049348230912475,8.049348230912475,0.1,1,54.57987513726636,54.52204662900158,0.11565701652772731,55.0,,0.8990465804473536,54.57987513726636,54.43224902749704,54.55517413767268,54.53333088409622,54.52204662900045,54.361316209416664,54.48891912032978,54.322110467532994,54.464218120738636,54.444730926672186
752.0,8.049348230912475,8.049348230912475,0.1,1,54.54860118660193,54.50206734682168,0.09306767955869333,55.0,,0.9009648494936128,54.54860118660193,54.40651011984995,54.52962671832214,54.52373988469304,54.502067346820596,54.343263111841104,54.47450797532057,54.30478627145527,54.455533507043235,54.42083506153178
753.0,8.049348230912475,8.049348230912475,0.1,1,54.51751863394709,54.48212858189828,0.07078010409589552,55.0,,1.277843747179757,54.51751863394709,54.35608609671406,54.50412754448098,54.450486880000895,54.48212858189722,54.31062944758235,54.46012961931494,54.285484284606675,54.446738529851196,54.41307187320859
754.0,8.049348230912475,8.049348230912475,0.0,1,54.48662389479265,54.46223025538693,0.04878727880977607,55.0,,1.3070379473832658,54.48662389479265,54.31862409468426,54.47867954919068,54.41176286516085,54.462230255385904,54.28504807076339,54.44578096158255,54.26636541682631,54.437836615982874,54.393879819403494
755.0,8.049348230912475,8.049348230912475,0.0,1,54.51599597127148,54.49177993463352,0.04843207327429866,55.0,,1.6377705189531007,54.51599597127148,54.33196421368683,54.50803909290992,54.39806319231384,54.491779934632525,54.30413948446887,54.47552077635651,54.29303311907995,54.46756389799718,54.42465803634931
756.0,8.049348230912475,8.049348230912475,0.1,1,54.54536763852029,54.52132948483086,0.04807630737730051,55.0,,1.4878098868467051,54.54536763852029,54.38230054035612,54.53740303840603,54.4818028860624,54.52132948482989,54.34893744317121,54.50525593125508,54.33118114456367,54.49729133114299,54.46073599540351
757.0,8.049348230912475,8.049348230912475,0.1,1,54.51453768686245,54.50135165693555,0.026372059852278085,55.0,,2.1755055804036103,54.51453768686245,54.34466535434798,54.51189868788593,54.445009024095825,54.50135165693462,54.32941521797027,54.49080462598459,54.325425820281005,54.48816562701017,54.48722732451694
758.0,8.049348230912475,8.049348230912475,0.1,1,54.48645052863624,54.481414343466994,0.010072370339045733,55.0,,2.2246670460683475,54.483889271579635,54.321059718054094,54.48645052863624,54.44206573947005,54.4814143434661,54.313573794242295,54.476378158297194,54.31121154109532,54.478939415355825,54.47112036958484
759.0,8.022788640595904,8.022788640595904,0.0,-1,54.46961570495236,54.46151746558579,0.016196478731721697,55.0,,2.426893510909212,54.45341922622064,54.295312620462056,54.46106090181888,54.43374531337792,54.46151746558492,54.30043631069986,54.461974029352156,54.30529364036041,54.46961570495236,54.48541429737104
760.0,8.03631284916201,8.03631284916201,0.0,-1,54.498887177892215,54.490959774841805,0.015854806099440566,55.0,,0.4960354162564927,54.483032371792774,54.28846874683359,54.490342581639574,54.362527185004524,54.49095977484097,54.29817382883688,54.49157696804352,54.31025680948121,54.498887177892215,54.45940176023009
761.0,8.016759776536311,8.016759776536311,0.1,-1,54.52822060048601,54.52045662354609,0.01552795387851802,55.0,,0.7898347964202462,54.51269264660749,54.3308488169453,54.51968980212518,54.42245095573085,54.52045662354527,54.328572934415156,54.52122344496648,54.327055456061125,54.52822060048601,54.43087055380619
762.0,8.016759776536311,8.016759776536311,0.1,-1,54.504756982742,54.50034882793314,0.008816309618232765,55.0,,1.347213062580657,54.5033824095617,54.37222696064694,54.504756982742,54.54342294695865,54.50034882793235,54.34927652517253,54.49594067312377,54.32943137496321,54.49731524630585,54.45300229049456
763.0,8.016759776536311,8.016759776536311,0.1,-1,54.49396539955004,54.48028181014216,0.027367178814515114,55.0,,1.6486732059458415,54.49396539955004,54.36307635400659,54.489864474227495,54.5243920942056,54.480281810141406,54.32610294540644,54.470699146056354,54.296786243516074,54.46659822073553,54.40100796959938
764.0,8.016759776536311,8.016759776536311,0.1,-1,54.48444512404275,54.460255490829695,0.0483792664248881,55.0,,1.9409171352976406,54.48444512404275,54.36699982370142,54.47500892043512,54.54159246473891,54.46025549082897,54.31721613488163,54.44550206122382,54.279192428920325,54.43606585761786,54.388656065893414
765.0,8.03223929236499,8.03223929236499,0.1,-1,54.47482492994913,54.44026979079281,0.0691102783114772,55.0,,1.535972396523388,54.47482492994913,54.331592182119195,54.46018719868868,54.45619385714157,54.440269790792094,54.281212472626024,54.42035238289648,54.25002140016932,54.40571465163765,54.37173956279043
766.0,8.049348230912475,8.049348230912475,0.0,-1,54.46517057882458,54.42038719704192,0.08956676356420701,55.0,,0.908248185477778,54.46517057882458,54.29168924073437,54.44545897135772,54.36234656623224,54.42038719704122,54.240959147164865,54.395315422725666,54.21765549126409,54.37560381526038,54.346658348480055
767.0,8.049348230912475,8.049348230912475,0.0,-1,54.49427978312106,54.44993707149784,0.08868542324533024,55.0,,1.2853168278762486,54.49427978312106,54.32369802095764,54.47488901461347,54.39413170114924,54.449937071497175,54.262911994542385,54.4249851283818,54.22804685228494,54.40559435987573,54.30497094105834
768.0,8.049348230912475,8.049348230912475,0.1,-1,54.52339602067706,54.47948680657883,0.08781842819541197,55.0,,1.7432966942719588,54.52339602067706,54.35947428755981,54.50431442479067,54.44020321805903,54.47948680657817,54.29932724810298,54.45465918836657,54.264654327229344,54.43557759248165,54.351613250525446
769.0,8.049348230912475,8.049348230912475,0.0,-1,54.51361301682985,54.45959383818094,0.10803835729679889,55.0,,2.2425286143736103,54.51361301682985,54.366226239205666,54.489555459527494,54.46691356860065,54.45959383818031,54.28359494458787,54.42963221683399,54.22920421987886,54.40557465953305,54.27595749917172
770.0,8.049348230912475,8.049348230912475,0.1,-1,54.54262488028987,54.489143529295575,0.10696270198760516,55.0,,2.270520710603761,54.54262488028987,54.40056914497002,54.51897316014625,54.50858648315477,54.489143529294964,54.3241242032923,54.459313898444506,54.275725995860384,54.435662178302266,54.35882922769894
771.0,8.024418063314709,8.024418063314709,0.0,1,54.53270074867079,54.46923097517875,0.1269395469831025,55.0,,2.447543416240852,54.53270074867079,54.42427209657459,54.50417483040436,54.580062611333176,54.46923097517817,54.328862901864674,54.434287119952785,54.263874471765995,54.40576120168769,54.34751877903269
772.0,8.04869646182495,8.04869646182495,0.0,1,54.561511887612646,54.498679835877816,0.12566410346872203,55.0,,0.9367609164536448,54.561511887612646,54.439565759948074,54.5334802125308,54.570414473834276,54.49867983587725,54.36138153832628,54.46387945922448,54.315797248522315,54.435847784143924,54.463285246057126
773.0,8.016759776536311,8.016759776536311,0.1,1,54.590432100654425,54.528226721439786,0.12441075842838245,55.0,,1.033222629074667,54.590432100654425,54.46585721336703,54.56287577787162,54.58693487597572,54.52822672143923,54.390950206509636,54.49357766500759,54.34912279094714,54.46602134222604,54.50252370397417
774.0,8.016759776536311,8.016759776536311,0.1,1,54.55894118846446,54.50810316927336,0.10167603838132777,55.0,,0.8874349686140375,54.55894118846446,54.42494097829265,54.53721082680248,54.53489973324236,54.50810316927283,54.357071287556494,54.478995511743896,54.315945779315236,54.45726515008313,54.43699196730521
775.0,8.016759776536311,8.016759776536311,0.1,1,54.52764433546377,54.48802042558352,0.0792478197596651,55.0,,2.0627894855665843,54.52764433546377,54.383911987505286,54.511591537750284,54.49180886905976,54.488020425583,54.34416929330413,54.46444931341642,54.3282469990713,54.448396515704104,54.526713163319364
776.0,8.016759776536311,8.016759776536311,0.1,1,54.49653783454408,54.4679784109725,0.05711884714233406,55.0,,2.5984338674237555,54.49653783454408,54.341336139707046,54.486021030537216,54.44025136674491,54.46797841097201,54.31759608123074,54.449935791407476,54.313792003133095,54.439418987401744,54.52361335095605
777.0,8.016759776536311,8.016759776536311,0.1,1,54.46561813870178,54.447977046183176,0.03528218503640801,55.0,,2.0082134529690543,54.46561813870178,54.318158998666355,54.460502194507875,54.43565187253675,54.4479770461827,54.294802027409254,54.43545189785818,54.28447556785014,54.43033595366537,54.452781003118055
778.0,8.016759776536311,8.016759776536311,0.0,1,54.43503770288328,54.42801625209879,0.014042901569261801,55.0,,1.4837387921560201,54.43488185198216,54.275460753998566,54.43503770288328,54.37904489741738,54.42801625209833,54.25797193849103,54.420994801314016,54.24762284049048,54.42115065221619,54.37681372256518
779.0,8.016759776536311,8.016759776536311,0.1,1,54.46430343451212,54.457434350446064,0.013738168131368411,55.0,,1.5916008129183736,54.46430343451212,54.31169294924813,54.46429534639784,54.42349935620519,54.45743435044562,54.291529164003066,54.450573354494004,54.27808097414344,54.45056526638075,54.400540445432135
780.0,8.016759776536311,8.016759776536311,0.1,1,54.44122478942764,54.43745437278103,0.007540833292502214,55.0,,1.7212881106524183,54.43368395613514,54.30124905708765,54.43883557129702,54.45519183366509,54.4374543727806,54.288529027545245,54.43607317426477,54.2753564244411,54.44122478942764,54.41399171019449
781.0,8.016759776536311,8.016759776536311,0.1,1,54.431787958716605,54.41751492418964,0.028546069053234646,55.0,,1.5399220854758788,54.40324188966337,54.288599363386886,54.41343457175582,54.47600440177137,54.41751492418922,54.27891511363807,54.42159527662319,54.260818928709526,54.431787958716605,54.388972423715714
782.0,8.045111731843573,8.045111731843573,0.1,1,54.42225762459945,54.39761592576916,0.049283397659912964,55.0,,2.344124937428255,54.37297422693954,54.25963577639456,54.38809447624544,54.45617231438907,54.397615925768754,54.26815878845485,54.40713737529262,54.26312758654652,54.42225762459945,54.43651166943686
783.0,8.028002793296087,8.028002793296087,0.0,-1,54.41275112607769,54.37787190802885,0.06975843609703247,55.0,,2.3840052838517196,54.342992689980655,54.20369525569411,54.36293185399999,54.36404680096433,54.37787190802845,54.23403315717444,54.39281196205745,54.24785205967792,54.41275112607769,54.44624794901439
784.0,8.049348230912475,8.049348230912475,0.0,-1,54.441769157379824,54.407335696715464,0.06886692132810168,55.0,,0.5869359220092512,54.37290223605172,54.230199028801586,54.39228388322707,54.37705440810043,54.40733569671507,54.25376948399632,54.42238751020359,54.260737161637344,54.441769157379824,54.41634763716028
785.0,8.049348230912475,8.049348230912475,0.1,-1,54.470885802106245,54.436885635051546,0.06800033410878115,55.0,,0.5605046648393134,54.402885467997464,54.24985913444988,54.42173702435854,54.37464050311313,54.436885635051176,54.27242305024515,54.452034245744315,54.27915121917338,54.470885802106245,54.4137296129104
786.0,8.049348230912475,8.049348230912475,0.1,-1,54.43996357333097,54.41707907944142,0.045768987778508574,55.0,,0.65194198410026,54.39419458555246,54.248414947937825,54.40719105409477,54.38181145354113,54.41707907944106,54.26042208260274,54.42696710478785,54.26267108178274,54.43996357333097,54.40922019433274
787.0,8.049348230912475,8.049348230912475,0.1,-1,54.409234918078766,54.39731270487523,0.02384442640649098,55.0,,0.5209385651280795,54.385390491672275,54.213874885098214,54.39268790865449,54.30187718830278,54.397312704874885,54.223751453452195,54.401937501095766,54.23247829228333,54.409234918078766,54.38693909788038
788.0,8.049348230912475,8.049348230912475,0.1,-1,54.37869595932539,54.37758643310464,0.0022190524409637646,55.0,,1.1325580030621698,54.37647690688443,54.25887590579013,54.378223957008125,54.43139398442797,54.3775864331043,54.24334429211664,54.376948909200934,54.22885217094504,54.37869595932539,54.38220528467808
789.0,8.049348230912475,8.049348230912475,0.1,-1,54.36745737981656,54.35790018602015,0.01911438759229611,55.0,,1.967827751829695,54.36745737981656,54.278648756048376,54.36379581923139,54.48599720702637,54.35790018601982,54.23850838095141,54.35200455280869,54.201576227655224,54.34834299222426,54.32000055477406
790.0,8.049348230912475,8.049348230912475,0.1,-1,54.35833529700105,54.338253885650964,0.04016282269965643,55.0,,1.7388714525185882,54.35833529700105,54.26186137341717,54.349400350929955,54.4465520565976,54.33825388565065,54.21762738174896,54.327107420371775,54.18274064322482,54.31817247430139,54.32093150312439
791.0,8.047229981378026,8.047229981378026,0.1,-1,54.34911389209246,54.318647454164804,0.060932875854831536,55.0,,1.2879429988647433,54.34911389209246,54.223994745066776,54.335034628611204,54.353601408779205,54.3186474541645,54.18101158559184,54.302260279718205,54.15561494676618,54.28818101623763,54.31098251048889
792.0,8.016759776536311,8.016759776536311,0.1,-1,54.339787688872384,54.299072248206855,0.08143088133058995,55.0,,1.6381626927475865,54.339787688872384,54.2142528105885,54.320687370284936,54.334595800687836,54.299072248206556,54.155828581239184,54.27745712612859,54.120040002915665,54.258356807541794,54.24541152440373
793.0,8.032891061452514,8.032891061452514,0.1,-1,54.33024504722434,54.279413596727274,0.10166290099366648,55.0,,2.275709872429542,54.33024504722434,54.21052850806253,54.30624146038828,54.331566452920946,54.27941359672699,54.13416716525381,54.25258573306609,54.084463257526764,54.22858214623067,54.17589460871202
794.0,8.049348230912475,8.049348230912475,0.0,1,54.32067742074986,54.259860050936894,0.12163473962549887,55.0,,2.3795212117866593,54.32067742074986,54.21348202291104,54.29188318762406,54.34600998219304,54.25986005093661,54.11857663371665,54.227836914249544,54.053500492367185,54.19904268112436,54.11752922792245
795.0,8.019203910614525,8.019203910614525,0.0,1,54.349584459573826,54.289410809930516,0.12034729928618049,55.0,,0.32959069756102743,54.349584459573826,54.23742089644523,54.32136176166526,54.35021326321225,54.28941080993025,54.13215747710203,54.25745985819562,54.05395477581598,54.229237160287646,54.0521033795773
796.0,8.049348230912475,8.049348230912475,0.1,1,54.37838223203082,54.31883952538942,0.11908541328237021,55.0,,0.25875246133928903,54.37838223203082,54.24572689567968,54.350707128761485,54.32086611462474,54.318839525389166,54.14863238114887,54.28697192201721,54.07917348035411,54.25929681874845,54.088970220043215
797.0,8.049348230912475,8.049348230912475,0.1,1,54.3474505753993,54.299272495268795,0.096356160260612,55.0,,0.3421636171621275,54.3474505753993,54.2229209155287,54.325669166338464,54.32215288498545,54.29927249526854,54.13770791112951,54.27287582419896,54.07299098629266,54.25109441513869,54.10566528818895
798.0,8.067923649906888,8.067923649906888,0.1,1,54.31671339257335,54.279745179541166,0.07393642606397322,55.0,,0.2836859669442346,54.31671339257335,54.17056138609973,54.3006725396578,54.240510019088894,54.279745179540924,54.09516463287907,54.25881781942438,54.034031858843036,54.242776966509375,54.03652470308487
799.0,8.133100558659219,8.133100558659219,0.1,1,54.28624199873503,54.26033263013933,0.05181873719102015,55.0,,0.4319832704405623,54.28624199873503,54.16811688838789,54.275795684658995,54.296391921740906,54.2603326301391,54.10138783490141,54.244869575619525,54.04082546226575,54.23442326154401,54.07975620091559
800.0,8.17970204841713,8.17970204841713,0.1,1,54.25622128451252,54.241223307688664,0.02999595364733665,55.0,,0.9056619883969298,54.25622128451252,54.155185947521375,54.25123020428214,54.32326559820808,54.24122330768844,54.107923535277784,54.23121641109506,54.06099814093251,54.226225330865184,54.17585225150377
801.0,8.312499999999991,8.312499999999991,0.1,1,54.22690341194798,54.22234160996368,0.009123603968745897,55.0,,0.9357647136326619,54.22657223496796,54.13060037344191,54.22690341194798,54.31066974382716,54.22234160996346,54.09120577465926,54.217779807979234,54.04532617696397,54.218110984959736,54.156114634918694
802.0,8.496461824953442,8.496461824953442,0.1,1,54.21043319909753,54.20403724790477,0.012791902385167475,55.0,,2.043088834906959,54.19764129671236,54.07496054954656,54.20316772168447,54.22019797811069,54.204037247904566,54.064562996273516,54.20490677412495,54.04573712543565,54.21043319909753,54.21896011195713
803.0,8.633822160148975,8.633822160148975,0.1,1,54.20340379246325,54.18651891638068,0.03376975216480815,55.0,,2.3293273835515116,54.16963404029844,54.05679223729333,54.18023433214042,54.22627770033122,54.18651891638048,54.05641927906467,54.19280350062082,54.04219216555916,54.20340379246325,54.23003534723767
804.0,8.836685288640595,8.836685288640595,0.0,1,54.19683612497657,54.16959698313934,0.05447828367414331,55.0,,2.9966253023324847,54.14235784130243,54.01628829962406,54.157915927981314,54.17377927379594,54.169596983139144,54.03851393741466,54.18127803829725,54.044526813342195,54.19683612497657,54.28017024158617
805.0,8.936568901303545,8.936568901303545,0.0,-1,54.22924698360524,54.202355656351344,0.05378265450749353,55.0,,2.6410908325487195,54.17546432909775,54.06417853209191,54.19058792677564,54.24118500562415,54.20235565635115,54.08206478318853,54.21412338592693,54.08412156501413,54.22924698360524,54.31415392385417
806.0,9.045903165735568,9.045903165735568,0.0,-1,54.26207752169993,54.23552429564918,0.05310645210121123,55.0,,1.0444334616031854,54.20897106959872,54.117537648327044,54.22368154271811,54.31831447382321,54.23552429564899,54.1237737934227,54.24736704858013,54.112710038628066,54.26207752169993,54.30561721614763
807.0,9.22383612662942,9.22383612662942,0.1,-1,54.295366929240075,54.269142568633,0.052448721213842475,55.0,,0.9762342818906857,54.24291820802623,54.12398601990977,54.257235705318514,54.26829897433863,54.26914256863283,54.12696286342886,54.2810494319474,54.11368521065655,54.295366929240075,54.24712827806978
808.0,9.423277467411545,9.423277467411545,0.1,-1,54.269703569172265,54.254477781519675,0.030451575304915934,55.0,,1.0216121413974046,54.23925199386735,54.10735398393844,54.24785383336825,54.22493151369186,54.2544777815195,54.10031561863126,54.26110172967099,54.08393463757779,54.269703569172265,54.203697792776964
809.0,9.542062383612668,9.542062383612668,0.1,-1,54.24504559416116,54.24066834106149,0.008754506199068146,55.0,,1.3429178211763309,54.236291087962094,54.128249906465825,54.23932629037738,54.283208415107794,54.24066834106133,54.108857026409645,54.24201039174551,54.08525856949704,54.24504559416116,54.231318216301226
810.0,9.703212290502794,9.703212290502794,0.1,-1,54.23370492869325,54.22738005049248,0.012649756401295065,55.0,,2.664815643744305,54.23370492869325,54.141448880439306,54.23131557290335,54.309809163835716,54.227380050492314,54.09239059163514,54.223444528081494,54.04120663653065,54.221055172291955,54.109248539030034
811.0,9.901187150837996,9.901187150837996,0.1,-1,54.23167347131468,54.214789392465356,0.0337681576983897,55.0,,2.198295143376567,54.23167347131468,54.11506149437612,54.22399509272892,54.23729561330246,54.21478939246521,54.06415510616433,54.2055836922017,54.018530645071145,54.19790531361629,54.09870012162091
812.0,10.061359404096832,10.061359404096832,0.1,-1,54.23035450303949,54.20305083490532,0.054607336268119866,55.0,,2.7256769161085384,54.23035450303949,54.13128265110612,54.21751646806132,54.27803798915698,54.20305083490516,54.06616495872823,54.18858520174921,54.010552059953476,54.17574716677137,54.09738621567173
813.0,10.206052141527003,10.206052141527003,0.1,-1,54.22959377024751,54.192006949535575,0.07517364142363192,55.0,,1.6146165361427505,54.22959377024751,54.09521557925057,54.211719628294794,54.18310440757588,54.19200694953543,54.04074773564277,54.17229427077627,54.006119828929066,54.15442012882388,54.15363300432717
814.0,10.299581005586589,10.299581005586589,0.1,-1,54.22932970133992,54.181593126569695,0.09547314954022568,55.0,,2.063904913219148,54.22932970133992,54.08116918547953,54.20653751577703,54.1413026926308,54.18159312656955,54.010808099047836,54.15664873736227,53.96625822072358,54.133856551799695,54.064375830417575
815.0,10.497555865921791,10.497555865921791,0.0,-1,54.2293498939557,54.171594054253454,0.115511679404257,55.0,,2.851368316315316,54.2293498939557,54.08641598011769,54.201752553211854,54.15149350237885,54.171594054253326,53.99542321946989,54.14143555529498,53.93422601017581,54.11383821455144,53.986374481669515
816.0,10.681191806331476,10.681191806331476,0.1,-1,54.26840885266905,54.211269975564434,0.11427775420900588,55.0,,2.7347459809437304,54.26840885266905,54.13095682572195,54.24137121759943,54.20967051213146,54.211269975564306,54.04928761761765,54.18116873352937,53.99852125223459,54.15413109846004,54.106596319863314
817.0,10.839571694599632,10.839571694599632,0.0,-1,54.26986733668496,54.20282313458803,0.13408840419365475,55.0,,2.584272104571488,54.26986733668496,54.158595038385236,54.238107674260654,54.282490956885745,54.2028231345879,54.07013860967421,54.16753859491533,54.0180867451754,54.135778932491306,54.181484766983516
818.0,10.969599627560518,10.969599627560518,0.0,-1,54.310282689868686,54.24394850269714,0.13266837434289158,55.0,,3.334022859349601,54.310282689868686,54.21519473871344,54.27915424066768,54.361671645390196,54.243948502697016,54.12332511050585,54.20874276472652,54.066770120769384,54.177614315525794,54.228968793027576
819.0,11.096694599627565,11.096694599627565,0.0,-1,54.35126520610435,54.28562692253662,0.1312765671352807,55.0,,2.88988148730173,54.35126520610435,54.236130557356134,54.32074150916421,54.34828552729787,54.285626922536494,54.15897041162156,54.25051233590895,54.12038654077383,54.21998863896907,54.32473268423556
820.0,11.314711359404097,11.314711359404097,0.0,-1,54.392803018967044,54.327847119239415,0.1299117994550798,55.0,,3.103199277956142,54.392803018967044,54.293846824341195,54.36285907252804,54.428273665420015,54.327847119239294,54.20958135561869,54.29283516595071,54.16268333301927,54.262891219511964,54.34566414422798
821.0,11.48987430167598,11.48987430167598,0.1,-1,54.435286169325515,54.3709996926104,0.12857295343005148,55.0,,3.3647835579171983,54.435286169325515,54.34601664918871,54.40589834619019,54.49013179905355,54.37099969261028,54.25525177482279,54.33610103903053,54.20046802636407,54.30671321589546,54.35648800249697
822.0,11.68784916201118,11.68784916201118,0.0,-1,54.43980563075898,54.365680835502204,0.14824959051339448,55.0,,3.323617765623793,54.43980563075898,54.34775190642072,54.405698367477704,54.47987305992444,54.36568083550208,54.24386329198213,54.32566330352662,54.18096318421298,54.29155604024559,54.31484971653996
823.0,11.793435754189945,11.793435754189945,0.1,-1,54.4837998657443,54.41043756807551,0.14672459533743165,55.0,,3.5168389141855796,54.4837998657443,54.394040244665504,54.45032297084479,54.52533499732567,54.410437568075395,54.289082972641594,54.37055216530615,54.22434620029785,54.33707527040687,54.35040895121422
824.0,11.850465549348227,11.850465549348227,0.0,-1,54.48943784426814,54.406347011274576,0.16618166598695439,55.0,,2.706350550816929,54.48943784426814,54.35323225128983,54.45132113145141,54.406492085214175,54.40634701127448,54.25374566276576,54.361372891097695,54.20409989482836,54.323256178281184,54.34411960129267
825.0,12.033286778398512,12.033286778398512,0.1,-1,54.53404457345961,54.451805872791795,0.16447740133546773,55.0,,3.536315347945138,54.53404457345961,54.41673199164765,54.496626689652295,54.49812227096939,54.451805872791695,54.30275159171236,54.406985055931244,54.235671962418,54.36956717212414,54.32267729413737
826.0,12.213175046554936,12.213175046554936,0.0,1,54.54053106067385,54.448669893777094,0.18372233379336222,55.0,,3.4842955185753617,54.54053106067385,54.44917973857452,54.49854720807307,54.57000649206611,54.448669893776994,54.31718282033387,54.398792579481054,54.23483890452494,54.35680872688049,54.31708634236538
827.0,12.410661080074489,12.410661080074489,0.0,1,54.58662478895228,54.49570220766054,0.18184516258332195,55.0,,2.1325673949263275,54.58662478895228,54.48169905294281,54.54540305674282,54.57507430195568,54.49570220766045,54.34812313826068,54.4460013585782,54.26325797565537,54.404779626368956,54.31401214879791
828.0,12.61433891992552,12.61433891992552,0.1,1,54.6335961774852,54.5435951439331,0.18000206710404143,55.0,,2.293606513275974,54.6335961774852,54.540600101667856,54.59310643496992,54.65152586813473,54.54359514393302,54.404189939782555,54.49408385289624,54.31440101849308,54.45359411038116,54.36454131806785
829.0,12.780377094972064,12.780377094972064,0.0,1,54.6210946832284,54.54280640288781,0.15657656068103876,55.0,,2.3305417677173934,54.6210946832284,54.508370721233206,54.58670309517067,54.59813875133267,54.54280640288772,54.389509440397426,54.49890971060489,54.31174553609952,54.46451812254736,54.373327812777234
830.0,12.949022346368714,12.949022346368714,0.1,1,54.669837971805215,54.592318545380714,0.155038852848854,55.0,,2.9235857308063293,54.669837971805215,54.56271594094188,54.63600274277692,54.664063283966826,54.592318545380635,54.450199236509405,54.54863434798447,54.37889513851127,54.51479911895636,54.479175454700396
831.0,13.111149906890128,13.111149906890128,0.1,1,54.65888225678897,54.59290155474069,0.13196140409642254,55.0,,2.75024313640337,54.65888225678897,54.52517338606566,54.6309644490825,54.59771088653414,54.592901554740614,54.43574843046859,54.554838660398836,54.3840768238279,54.52692085269255,54.51460583178553
832.0,13.251769087523282,13.251769087523282,0.1,1,54.64879638650603,54.59419876662635,0.10919523975923084,55.0,,2.803098615714898,54.64879638650603,54.48723221321551,54.62664511482571,54.53046556920081,54.59419876662627,54.4176193195686,54.56175241842694,54.38253616506728,54.5396011467468,54.52541923967814
833.0,13.40314245810056,13.40314245810056,0.1,1,54.639481894706094,54.59611540296221,0.08673298348765002,55.0,,2.817473740248516,54.639481894706094,54.49031331229189,54.62295321913096,54.5700025172882,54.596115402962134,54.42729289857887,54.56927758679342,54.392388523220895,54.552748911218444,54.53677680586856
834.0,13.52192737430168,13.52192737430168,0.1,1,54.63098321111697,54.598699418916524,0.06456758440076982,55.0,,2.773611766025416,54.63098321111697,54.48648042284283,54.619939739686714,54.58654890140482,54.59869941891645,54.42827353932802,54.5774590981463,54.39142720100096,54.5664156267162,54.517496661911274
835.0,13.692039106145248,13.692039106145248,0.1,1,54.623152286221405,54.60180613689204,0.04269229865862201,55.0,,2.7363055140000836,54.623152286221405,54.47317460968994,54.61746280134225,54.57584783172873,54.601806136891966,54.42121689508591,54.5861494724418,54.3841330381596,54.58045998756278,54.48616511204485
836.0,13.83314711359404,13.83314711359404,0.1,1,54.616214783753634,54.605664447685214,0.02110067213670419,55.0,,3.1272776092640298,54.616214783753634,54.45895707312912,54.61575389098426,54.56865617678922,54.60566444768516,54.431419213585784,54.59557500438616,54.41523526975718,54.59511411161693,54.58614911174536
837.0,14.067946927374296,14.067946927374296,0.1,1,54.61468630015672,54.61014524022355,0.00908211986637042,55.0,,4.32312565695764,54.61003850229172,54.434469463079836,54.61468630015672,54.53526006205827,54.61014524022348,54.43813030411576,54.60560418029035,54.451990779554485,54.61025197815549,54.710140858237736
838.0,14.192597765363132,14.192597765363132,0.1,1,54.62629708599761,54.61566905203133,0.021256067932434064,55.0,,3.804921644675231,54.60504101806517,54.44823597751568,54.61468278762522,54.59172985355129,54.61566905203127,54.44948973270178,54.616655316437416,54.453848671442,54.62629708599761,54.6755986817045
839.0,14.349022346368718,14.349022346368718,0.1,1,54.64275826520172,54.62174187372564,0.04203278295207724,55.0,,3.05508271647104,54.60072548224964,54.460839896899174,54.61525139523463,54.63774255927891,54.62174187372557,54.45162934581998,54.6282323522166,54.43625098761177,54.64275826520172,54.578116899386885
840.0,14.52793296089386,14.52793296089386,0.1,1,54.65978157256132,54.62850703774043,0.06254906964168327,55.0,,3.5209450043711,54.59723250291964,54.41646677722448,54.616537347303144,54.539055497140644,54.62850703774037,54.43145902603571,54.64047672817768,54.43786407610297,54.65978157256132,54.60137021354448
841.0,14.699837057728113,14.699837057728113,0.1,1,54.67747176353011,54.63606668388388,0.08281015929234314,55.0,,3.7682236406681247,54.594661604237764,54.43886392602653,54.6186445261993,54.61856840971953,54.636066683883826,54.4613074075191,54.65348884156844,54.468438676107546,54.67747176353011,54.66073461921492
842.0,14.76843575418995,14.76843575418995,0.1,1,54.69580035264439,54.64438981377204,0.1028210777446219,55.0,,3.4188848899323943,54.59297927489977,54.46390855499445,54.621543536184795,54.694832702866044,54.64438981377197,54.48107324430618,54.667236091359236,54.473730398183164,54.69580035264439,54.629558584860206
843.0,14.998021415270015,14.998021415270015,0.1,1,54.71430079384388,54.653007465517234,0.12258665665320478,55.0,,3.5814225751253104,54.59171413719068,54.45211104815639,54.6247668869385,54.67310936300049,54.65300746551718,54.48107936300007,54.68124804409594,54.47982300578103,54.71430079384388,54.63657869377041
844.0,15.106052141527002,15.106052141527002,0.1,1,54.733708216005795,54.662652443964795,0.1421115440818994,55.0,,3.8057744306716508,54.591596671923895,54.453209858685454,54.62904873208971,54.685068935823715,54.662652443964745,54.491744878150286,54.69625615583986,54.49380747913217,54.733708216005795,54.65765199368456
845.0,15.242434823091257,15.242434823091257,0.1,1,54.75347096894898,54.67277086171426,0.16140021446933872,55.0,,4.403964538410634,54.59207075447964,54.43643240322903,54.63383641802991,54.650510381178364,54.67277086171422,54.49372967818583,54.7117053053986,54.51071901869062,54.75347096894898,54.70412550328695
846.0,15.461592178770951,15.461592178770951,0.1,1,54.77372089709902,54.683492408097266,0.1804569780034342,55.0,,4.788736451165215,54.593263919095584,54.43254325343608,54.63926076020564,54.6488303070958,54.683492408097216,54.50091112864679,54.72772405598886,54.52400819916375,54.77372089709902,54.724257739697705
847.0,15.62355679702048,15.62355679702048,0.1,1,54.794840328086735,54.69519733336661,0.1992859894401846,55.0,,5.694158520799681,54.59555433864655,54.43309373198158,54.64570303417595,54.658614164840365,54.695197333366565,54.51456313841737,54.744691632557235,54.5462019925609,54.794840328086735,54.76942786183863
848.0,15.77150837988827,15.77150837988827,0.0,-1,54.81656931272544,54.707623684525196,0.21789125640041362,55.0,,4.7281500488835615,54.59867805632503,54.378746890171804,54.652902217890045,54.52508714353172,54.70762368452516,54.49469310895663,54.762345151160325,54.56236891732911,54.81656931272544,54.841732956265545
849.0,15.96003258845438,15.96003258845438,0.0,-1,54.878344970727824,54.770611570904364,0.21546679964684756,55.0,,3.4431776837369026,54.662878171080976,54.451750037641325,54.71590122195735,54.61675684543803,54.77061157090433,54.56093349305034,54.825321919851355,54.62287226896708,54.878344970727824,54.88433450098868
850.0,16.16387337057728,16.16387337057728,0.1,-1,54.94101923092955,54.83447120760691,0.2130960466452052,55.0,,4.310952363696663,54.72792318428434,54.572335124490316,54.77979857967839,54.830785160538156,54.834471207606875,54.66294616660905,54.88914383553541,54.7029602694108,54.94101923092955,54.95095165370001
851.0,16.290805400372445,16.290805400372445,0.2,-1,54.94366278943097,54.84911554478193,0.1890944892980002,55.0,,2.984900559168624,54.754568300132966,54.57053328850428,54.799928811573615,54.781853785444966,54.849115544781895,54.66634427368274,54.898302277990226,54.72217469256503,54.94366278943097,55.01904624606316
852.0,16.350279329608938,16.350279329608938,0.1,-1,54.886029821075304,54.81413019171413,0.14379925872228227,55.0,,4.197022959434811,54.74223056235302,54.54820996292263,54.77585351164181,54.73985640643803,54.8141301917141,54.622202683166535,54.85240687178643,54.66995053373586,54.886029821075304,54.95668666363633
853.0,16.534404096834262,16.534404096834262,0.2,-1,54.89006060256721,54.82968357803785,0.12075404905864673,55.0,,3.1232268627012725,54.769306553508564,54.59059198837208,54.79690111274195,54.810753466147446,54.82968357803782,54.658833085193734,54.86246604333374,54.70851875640498,54.89006060256721,55.04643853206339
854.0,16.732216014897578,16.732216014897578,0.1,-1,54.834178837171464,54.79591394111886,0.07652979210515554,55.0,,4.534100154403222,54.75764904506631,54.58097987614082,54.77400556976065,54.7984375352343,54.795913941118826,54.62189140645448,54.81782231247705,54.656300494019774,54.834178837171464,54.967528757354664
855.0,16.917481378026075,16.917481378026075,0.2,-1,54.840487135223064,54.81329076506719,0.05439274031168395,55.0,,3.116032317184349,54.78609439491138,54.57567170254442,54.79686355900728,54.72949191352465,54.813290765067165,54.60149773994235,54.829717971127096,54.628038615474885,54.840487135223064,54.86683702014133
856.0,17.04897579143389,17.04897579143389,0.2,-1,54.786993667614055,54.78138486332866,0.01121760857081,55.0,,4.430295989578937,54.77579016735387,54.56229188672351,54.775776059043245,54.71015420630254,54.781384863328626,54.56460922032772,54.786993667614055,54.579584263120196,54.7869795593035,54.806443441140125
857.0,17.19904562383613,17.19904562383613,0.2,-1,54.76590627554096,54.750227805569374,0.03135693994311595,55.0,,4.419132337708473,54.76590627554096,54.54199300785554,54.75539282722057,54.67061022344699,54.750227805569345,54.52058452975202,54.745062783918165,54.523597356088764,54.73454933559784,54.725282980782346
858.0,17.348463687150833,17.348463687150833,0.2,-1,54.756536558105594,54.71990575313773,0.07326160993567754,55.0,,4.568105306833554,54.756536558105594,54.52165305433515,54.735794854296316,54.629436583008,54.7199057531377,54.47320701687218,54.70401665197914,54.45994058132504,54.68327494816992,54.617068115947305
859.0,17.50179236499069,17.50179236499069,0.1,-1,54.74768368481527,54.69041401681805,0.11453933599439381,55.0,,4.726522677848483,54.74768368481527,54.535960320002395,54.71697270421143,54.68314312287238,54.690414016818025,54.457120336816786,54.66385532942467,54.421739294357245,54.63314434882088,54.56607334145175
860.0,17.73789571694599,17.73789571694599,0.2,-1,54.77873166175062,54.711639054307305,0.1341852148865854,55.0,,4.998291325452898,54.77873166175062,54.592733164385024,54.74354952681152,54.78683119766752,54.71163905430728,54.50689963105539,54.67972858180308,54.46869853018112,54.644546446864034,54.67046015991146
861.0,17.869716014897584,17.869716014897584,0.1,-1,54.7713182294566,54.68403289002197,0.17457067886923028,55.0,,4.67531570063532,54.7713182294566,54.53435392086397,54.7265127545082,54.633484392208466,54.68403289002193,54.43264873364849,54.641553025535714,54.39160641655467,54.59674755058737,54.54430663056808
862.0,18.0207635009311,18.0207635009311,0.2,-1,54.80375723972935,54.70702480393952,0.19346487157962144,55.0,,5.133237785267139,54.80375723972935,54.58661747393228,54.754783393755844,54.72539055707602,54.70702480393949,54.477620525413144,54.65926621412318,54.43396010931815,54.61029236814973,54.63292775916571
863.0,18.20505121042831,18.20505121042831,0.1,-1,54.79728700298494,54.68079013636996,0.23299373322993233,55.0,,4.939246227894359,54.79728700298494,54.56548795355542,54.73900799575134,54.677672005022686,54.68079013636993,54.4399276611391,54.622572276988556,54.39149169807954,54.564293269755005,54.590345818519346
864.0,18.29906890130353,18.29906890130353,0.2,-1,54.8309801990785,54.70539656955257,0.2511672590518259,55.0,,5.460405758346261,54.8309801990785,54.60158930150237,54.7688106782735,54.71841093969795,54.70539656955255,54.46377246313756,54.64198246083163,54.40742325877753,54.57981294002668,54.5954236161776
865.0,18.44180633147114,18.44180633147114,0.1,-1,54.825441975260645,54.68050569894915,0.28987255262295974,55.0,,5.076448355361468,54.825441975260645,54.59665376838183,54.75426071521037,54.70980549003302,54.68050569894912,54.42857652778708,54.60675068268791,54.350083735330465,54.535569422637685,54.48327274966919
866.0,18.691759776536312,18.691759776536312,0.2,-1,54.8599304073303,54.706253367421695,0.30735407981716634,55.0,,5.948797018079698,54.8599304073303,54.63777630824066,54.78511428196435,54.76715060135735,54.706253367421674,54.46975415556994,54.62739245287904,54.3969853784755,54.55257632751314,54.59409735647268
867.0,18.810544692737437,18.810544692737437,0.1,-1,54.855889633037926,54.683256388100155,0.345266489875506,55.0,,5.587279785359547,54.855889633037926,54.634403475018495,54.772333084001104,54.7583676018034,54.683256388100126,54.43557893006453,54.59417969219919,54.33959129517225,54.51062314316242,54.47581312646062
868.0,18.94953445065177,18.94953445065177,0.1,-1,54.891825287817596,54.71078399524263,0.3620825851498992,55.0,,7.264790575184423,54.891825287817596,54.67967342069235,54.80486971091479,54.81783206371424,54.7107839952426,54.46744952066112,54.61669827957046,54.36043120464796,54.5297427026677,54.48744388254704
869.0,19.10791433891993,19.10791433891993,0.1,-1,54.92828793949491,54.738931604467965,0.3787126700538508,55.0,,7.960979095692761,54.92828793949491,54.72441664184768,54.83798020943914,54.87318569300088,54.738931604467936,54.49798127913194,54.63988299949677,54.37867915656249,54.54957526944106,54.48978268949411
870.0,19.26629422718808,19.26629422718808,0.2,-1,54.96537378464007,54.767794176189135,0.3951592169018241,55.0,,7.759095425842995,54.96537378464007,54.76803468895733,54.87175961671195,54.92788243365672,54.76779417618911,54.53904295348432,54.663828735666314,54.42141685082497,54.57021456773825,54.579091323626145
871.0,19.42467411545624,19.42467411545624,0.1,-1,54.96328410702163,54.747346248019014,0.43187571800518754,55.0,,6.898953432763434,54.96328410702163,54.72611853826007,54.861284865416934,54.80961539283503,54.74734624801899,54.48211620350781,54.63340763062108,54.360839063884356,54.53140838901644,54.48190801283816
872.0,19.5830540037244,19.5830540037244,0.2,-1,55.001588023432795,54.777742062989475,0.4476919208865908,55.0,,8.876340333536833,55.001588023432795,54.78109494848078,54.896495874931645,54.893275440563755,54.77774206298946,54.520821758469346,54.6589882510473,54.38471779192322,54.553896102546204,54.4901051280887
873.0,19.764082867783987,19.764082867783987,0.0,1,55.00064954713793,54.75880825676485,0.4836825807461267,55.0,,7.378127995388863,55.00064954713793,54.77075880319509,54.887401378863814,54.861954272719956,54.75880825676483,54.48789620143934,54.630215134665875,54.337412737063396,54.516966966391806,54.41019348328519
874.0,19.93240223463688,19.93240223463688,0.0,1,55.0801685632655,54.84085903436625,0.4786190577984897,55.0,,4.480025460055388,55.0801685632655,54.84598253364106,54.96910910665254,54.933372818884706,54.84085903436622,54.57161264229268,54.71260896207993,54.42882798593774,54.60154950546701,54.534704833132665
875.0,20.070414338919925,20.070414338919925,0.1,1,55.16056806030777,54.92374136232613,0.4736533959632325,55.0,,5.687485092178201,55.16056806030777,54.93752819146162,55.051607123421036,55.04916792556371,54.92374136232611,54.66991707557427,54.795875601231224,54.53264948634792,54.686914664344535,54.68452645658543
876.0,20.30325884543761,20.30325884543761,0.2,1,55.18025170690846,54.95696565420461,0.446572105407661,55.0,,6.284263280136506,55.18025170690846,54.98728068621725,55.078837286550645,55.160350659264566,54.95696565420459,54.718096737199886,54.83509402185856,54.56685577540131,54.733679601500796,54.688777693562756
877.0,20.458216945996277,20.458216945996277,0.30000000000000004,1,55.13973529774353,54.940871100434286,0.39772839461844,55.0,,5.141778163755959,55.13973529774353,54.92174925800204,55.05116666702131,55.07475573381606,54.94087110043427,54.68734578317622,54.83057553384726,54.55921383339927,54.74200690312509,54.71753835267813
878.0,20.555819366852887,20.555819366852887,0.20000000000000004,1,55.039038586946475,54.87523810866638,0.327600956560147,55.0,,4.86258297537796,55.039038586946475,54.787271299949005,54.968440146249385,54.92091988154663,54.875238108666366,54.60246750218163,54.782036071083375,54.508214836106966,54.71143763038633,54.71941578319962
879.0,20.69171322160149,20.69171322160149,0.20000000000000004,1,55.00104337471035,54.86073504934179,0.28061665073710174,55.0,,4.83088369989552,55.00104337471035,54.74256859063718,54.942429085020365,54.89030712645343,54.86073504934176,54.57993943388595,54.77904101366319,54.494958543753704,54.72042672397325,54.70336205044152
880.0,20.824022346368725,20.824022346368725,0.20000000000000004,1,54.96415039925577,54.84697121963815,0.23435835923520898,55.0,,5.058328310830885,54.96415039925577,54.71363794694549,54.917193190522866,54.904412987206896,54.846971219638135,54.57859639233019,54.776749248753426,54.509150367081936,54.72979204002056,54.7699365543683
881.0,20.99494878957169,20.99494878957169,0.20000000000000004,1,54.928331448305336,54.833927188586486,0.18880851943768562,55.0,,5.7672151092775525,54.928331448305336,54.65845420298762,54.892719394852946,54.8432108764224,54.833927188586465,54.55936728858684,54.775134982320004,54.517214434844846,54.73952292886765,54.83611775397462
882.0,21.093202979515823,21.093202979515823,0.20000000000000004,1,54.89377123177445,54.821796073300106,0.14395031694865423,55.0,,5.724615936607978,54.89377123177445,54.599543501931336,54.86920667161522,54.76467264755116,54.82179607330009,54.52123828337605,54.774385474984996,54.488789624120116,54.7498209148258,54.772012676939056
883.0,21.25500465549348,21.25500465549348,0.20000000000000004,1,54.86009346058931,54.8102096389955,0.09976764318757603,55.0,,6.077528003753984,54.86009346058931,54.561971395095476,54.84629216900748,54.748392290163885,54.81020963899549,54.50608517184487,54.774127108983535,54.48466327196714,54.760325817401736,54.77691071542739
884.0,21.456890130353827,21.456890130353827,0.20000000000000004,1,54.827610514167446,54.79948798637658,0.05624505558169801,55.0,,6.094054409885251,54.827610514167446,54.50972892463558,54.82430092818269,54.686209970611976,54.79948798637656,54.47353879534101,54.77467504457047,54.46043809557289,54.77136545858575,54.72282650173407
885.0,21.69820763500931,21.69820763500931,0.20000000000000004,1,54.80343975560051,54.78983339496394,0.027212721273137674,55.0,,6.526663313429428,54.796517265061276,54.477190246090174,54.80343975560051,54.68030337855927,54.78983339496392,54.46243827252964,54.77622703432737,54.45917066413903,54.78314952486663,54.733689946754716
886.0,21.848929236499075,21.848929236499075,0.20000000000000004,1,54.79588538857234,54.78144612689199,0.02887852336065322,55.0,,6.049020912414203,54.767006865211684,54.46128332144615,54.783913054013794,54.71269596144434,54.78144612689198,54.4543663965173,54.7789791997702,54.44351532318456,54.79588538857234,54.67565150399911
887.0,22.04690409683426,22.04690409683426,0.20000000000000004,1,54.809116238322055,54.7738625408886,0.07050739486688684,55.0,,6.684507725039766,54.73860884345517,54.46154128062066,54.765260961919694,54.79094060320129,54.77386254088859,54.47351906092525,54.78246411985751,54.46763297556932,54.809116238322055,54.74800068123164
888.0,22.214897579143397,22.214897579143397,0.20000000000000004,1,54.82308973129902,54.767323729079735,0.11153200443855127,55.0,,7.524572014218036,54.71155772686047,54.41154622246312,54.74772801422558,54.720367819591495,54.76732372907972,54.451274824169175,54.78691944393389,54.463352561988955,54.82308973129902,54.76175590008848
889.0,22.3125,22.3125,0.20000000000000004,1,54.83765710362754,54.76167461284031,0.1519649815744586,55.0,,8.683283457784952,54.685692122053084,54.37646333371534,54.731162260451796,54.69280529623383,54.76167461284029,54.44284374298255,54.79218696522881,54.471782333507086,54.83765710362754,54.80562338294405
890.0,22.49906890130354,22.49906890130354,0.20000000000000004,1,54.852460293934655,54.756551052712794,0.1918184824437219,55.0,,10.455172146744596,54.66064181149093,54.35134912625542,54.715202395587674,54.69325929820504,54.756551052712766,54.44536386456927,54.79789970983789,54.49269969937556,54.852460293934655,54.88315802877154
891.0,22.675861266294238,22.675861266294238,0.0,-1,54.86796357952585,54.752411471768255,0.2311042155151597,55.0,,10.22753756124059,54.63685936401069,54.329716843304034,54.70030940306399,54.69692452374332,54.75241147176824,54.44259044443202,54.80451354047253,54.497807701775855,54.86796357952585,54.896102351340346
892.0,22.84841713221602,22.84841713221602,0.0,-1,54.96332780118446,54.849194174333334,0.2282672537022563,55.0,,6.960280600941415,54.735060547482206,54.40507140159519,54.79683841186453,54.73205268145308,54.849194174333306,54.53192327131606,54.90154993680213,54.60714307879449,54.96332780118446,55.05685385487811
893.0,22.97437150837988,22.97437150837988,0.1,-1,55.0596253528583,54.94687282399188,0.2255050577327964,55.0,,10.069888975131484,54.8341202951255,54.50851172320063,54.894306422225426,54.8436837568892,54.94687282399187,54.632884982159204,54.99943922575836,54.707228053570375,55.0596253528583,55.152916143408355
894.0,23.106843575419,23.106843575419,0.2,-1,55.09537214719608,54.99481874788258,0.20110679862695946,55.0,,5.954104315144534,54.89426534856912,54.566453580073386,54.947501097898886,54.89521584729264,54.99481874788257,54.67873297878178,55.0421363978663,54.748861811733406,55.09537214719608,55.18884918626386
895.0,23.29096834264432,23.29096834264432,0.30000000000000004,-1,55.07057899748476,54.99287358284535,0.15541082927880723,55.0,,4.819307585365341,54.91516816820595,54.55232677990479,54.95624057757478,54.81194900306963,54.99287358284532,54.64303316269401,55.02950658811591,54.70669773337653,55.07057899748476,55.0982760567846
896.0,23.407635009310987,23.407635009310987,0.30000000000000004,-1,54.98585767055129,54.941418519720784,0.08887830166097643,55.0,,4.01323161401504,54.896979368890314,54.50264916336556,54.920846817567174,54.70450140750714,54.94141851972077,54.56610480515015,54.96199022187441,54.62455391709579,54.98585767055129,55.005955871448926
897.0,23.59827746741156,23.59827746741156,0.30000000000000004,-1,54.902647748305306,54.89088824771352,0.023519001183565535,55.0,,4.320102182623813,54.87912874712174,54.47557250807831,54.886305897250786,54.658913216458764,54.89088824771349,54.49703822431167,54.895470598176246,54.530583925449506,54.902647748305306,54.84745824422993
898.0,23.6963687150838,23.6963687150838,0.30000000000000004,-1,54.86201680062415,54.84166819710439,0.04069720703949997,55.0,,4.831972278848608,54.86201680062415,54.481333018737324,54.85299378658777,54.71080760991584,54.84166819710436,54.47038836614298,54.83034260762101,54.4889198524088,54.82131959358465,54.84801793924919
899.0,23.794134078212284,23.794134078212284,0.20000000000000004,-1,54.84516430031305,54.79326471118988,0.10379917824632656,55.0,,5.024252319393252,54.84516430031305,54.46807764375832,54.82040818582893,54.70043575985272,54.793264711189856,54.41966572060464,54.76612123655083,54.416808946319236,54.741365122066725,54.75106082033205
900.0,23.91992551210428,23.91992551210428,0.20000000000000004,-1,54.86813659057536,54.79574968872199,0.14477380370672677,55.0,,5.216437531410621,54.86813659057536,54.49793720344742,54.833355338712195,54.738289697434666,54.79574968872197,54.41826455419501,54.758144038731785,54.39228516503758,54.723362786868634,54.67636329482765
901.0,23.975814711359405,23.975814711359405,0.20000000000000004,-1,54.8914579454814,54.79889077967547,0.18513433161184878,55.0,,5.857384591434719,54.8914579454814,54.5529858249341,54.846906486087434,54.84955092574015,54.798890779675446,54.44674038099432,54.7508750732635,54.40180088348053,54.70632361386955,54.70371854407556
902.0,23.985102420856613,23.985102420856613,0.20000000000000004,-1,54.91476292825439,54.80231560522932,0.22489464605011023,55.0,,7.229760629521674,54.91476292825439,54.616267257721006,54.86068492608473,54.974433471458134,54.80231560522931,54.47003402369292,54.743946284373926,54.38795450078595,54.68986828220428,54.63540133600003
903.0,23.985102420856613,23.985102420856613,0.20000000000000004,-1,54.937809881827434,54.805775846213294,0.264068071228273,55.0,,6.788010623627783,54.937809881827434,54.61919701813444,54.87443838247011,54.929322356332726,54.80577584621327,54.46372612562194,54.73711330995647,54.38474397873239,54.67374181059916,54.66625922869829
904.0,23.985102420856613,23.985102420856613,0.20000000000000004,-1,54.96055576534728,54.80922206403817,0.302667402618205,55.0,,7.249786974056591,54.96055576534728,54.64023091337903,54.88811380147235,54.93464971894937,54.80922206403815,54.459126073794216,54.73033032660399,54.36220969776908,54.657888362729075,54.60550764994874
905.0,23.985102420856613,23.985102420856613,0.20000000000000004,-1,54.98300678393286,54.8126543158311,0.3407049362035224,55.0,,6.912496842299448,54.98300678393286,54.64959819418495,54.901707944338035,54.91474677927461,54.812654315831075,54.46306352161418,54.723600687324144,54.374310518618245,54.642301847729335,54.68474978576869
906.0,23.985102420856613,23.985102420856613,0.20000000000000004,-1,55.005168906456284,54.81607265848406,0.3781924959444325,55.0,,7.526418983470527,55.005168906456284,54.66947501496613,54.91521787022791,54.919159210017234,54.816072658484046,54.454902113968934,54.71692744674021,54.345518823145476,54.62697641051185,54.59815006641934
907.0,23.985102420856613,23.985102420856613,0.20000000000000004,-1,55.02704787844081,54.81947714865496,0.4151414595716787,55.0,,8.860399516214919,55.02704787844081,54.71386065582494,54.92864091640401,54.995685557104444,54.819477148654954,54.46910274939251,54.71031338090592,54.334709737276775,54.61190641886913,54.5572161800913
908.0,23.992271880819366,23.992271880819366,0.20000000000000004,-1,55.04864923417527,54.82286784276855,0.45156278281343987,55.0,,9.494718064706554,55.04864923417527,54.72847086026313,54.94197467967118,54.985114501645526,54.82286784276854,54.4619784750703,54.703761005865914,54.313734592758024,54.59708645136183,54.50832738245727
909.0,24.017690875232773,24.017690875232773,0.20000000000000004,-1,55.070016366196015,54.82628285511961,0.48746702215279925,55.0,,8.544871742799149,55.070016366196015,54.73159266464047,54.95525505709668,54.95025636807281,54.8262828551196,54.463056317546005,54.69731065314255,54.32684370262605,54.582549344043215,54.596820065842095
910.0,23.99650837988827,23.99650837988827,0.20000000000000004,-1,55.09125117990554,54.829819001802,0.5228643562070658,55.0,,9.87729667044164,55.09125117990554,54.755010980551525,54.968576873657405,54.96717348379866,54.829819001801994,54.456801618777774,54.691061129946604,54.29690610378631,54.568386823698475,54.501052908250365
911.0,23.985102420856613,23.985102420856613,0.20000000000000004,-1,55.11211064142556,54.83322833851825,0.5577646058145902,55.0,,10.086293054998338,55.11211064142556,54.76627648699387,54.98169040480082,54.954289062693,54.83322833851825,54.45264628160732,54.6847662722357,54.287230754249265,54.55434603561097,54.49523332617439
912.0,23.985102420856613,23.985102420856613,0.0,1,55.13265193790601,54.83656331145128,0.5921772529094511,55.0,,10.604505532344561,55.13265193790601,54.79863213224726,54.99464651303582,55.0031232386194,54.83656331145128,54.46370027573624,54.67848010986675,54.28442993910748,54.54047468499656,54.493611570348044
913.0,23.985102420856613,23.985102420856613,0.0,1,55.233218675656786,54.94021528071784,0.5860067898778922,55.0,,9.806800972869798,55.233218675656786,54.88998157583712,55.097849626110346,55.07397902466025,54.94021528071784,54.56093597139276,54.78258093532533,54.38661768596019,54.647211885778894,54.60145351909754
914.0,23.985102420856613,23.985102420856613,0.1,1,55.33384406402277,55.0438669621322,0.5799542037811491,55.0,,15.049295019679741,55.33384406402277,54.98425116496806,55.20100354743652,55.15788219994126,55.04386696213219,54.668082692709056,54.88673037682786,54.50817960703175,54.75388986024162,54.77721156435246
915.0,24.008729050279328,24.008729050279328,0.2,1,55.372728846075354,55.09693380879446,0.5515900745617657,55.0,,6.6855098052554816,55.372728846075354,55.04968530944577,55.24789649848031,55.27705840114619,55.09693380879447,54.725792897515674,54.94597111910862,54.542881654894096,54.82113877151359,54.72777675534963
916.0,24.017690875232773,24.017690875232773,0.30000000000000004,1,55.349963677239444,55.09932656824056,0.5012742179977536,55.0,,5.4565001977612395,55.349963677239444,54.998140935277995,55.238468610254884,55.194582840474546,55.09932656824056,54.71155256417404,54.960184526226236,54.55551563004247,54.84868945924169,54.78351923556009
917.0,23.985102420856613,23.985102420856613,0.30000000000000004,1,55.265806684808844,55.05106018318801,0.4294930032416602,55.0,,4.9580220725468385,55.265806684808844,54.923427493614916,55.172801202365505,55.171818233194514,55.051060183188014,54.67005241308379,54.92931916401051,54.52556632886801,54.836313681567184,54.772889172097976
918.0,23.985102420856613,23.985102420856613,0.20000000000000004,1,55.18240089588897,55.00291373504972,0.3589743216784811,55.0,,5.559991999736697,55.18240089588897,54.80995485075692,55.107335048864954,55.04098983397212,55.002913735049724,54.61357251271258,54.89849242123449,54.51353054224465,54.82342657421049,54.864659836967455
919.0,23.985102420856613,23.985102420856613,0.20000000000000004,1,55.16139315218522,55.00556151322917,0.31166327791207493,55.0,,5.537686777617177,55.16139315218522,54.80900452213221,55.09827846806428,55.09659814270622,55.005561513229175,54.62391195266035,54.91284455839406,54.518249436906146,54.849729874273145,54.83604513384406
920.0,23.985102420856613,23.985102420856613,0.20000000000000004,1,55.14073762210613,55.00819857406916,0.2650780960739141,55.0,,5.330584240163267,55.14073762210613,54.77652651820284,55.08925302905589,55.05817728202597,55.00819857406916,54.609370446281645,54.927144119082435,54.507259212963746,54.875659526032216,54.78292718329799
921.0,23.985102420856613,23.985102420856613,0.20000000000000004,1,55.12042570230078,55.010824961123355,0.2192014823548334,55.0,,5.784121096376006,55.12042570230078,54.74328272623855,55.08026484800017,55.025387408544596,55.010824961123355,54.61290259561819,54.94138507424654,54.53913051069552,54.901224219945945,54.89171587354936
922.0,23.985102420856613,23.985102420856613,0.20000000000000004,1,55.100449153308105,55.013440717767025,0.17401687108215924,55.0,,5.906761354777043,55.100449153308105,54.732240574209314,55.07131955147263,55.05085473987166,55.01344071776702,54.61978347718637,54.95556188406141,54.54999474226722,54.926432282225946,54.89807905592113
923.0,23.999604283054005,23.999604283054005,0.20000000000000004,1,55.080800079003815,55.01604588719779,0.1295083836120554,55.0,,5.917791371862763,55.080800079003815,54.712756316635144,55.062422308466935,55.04897541095579,55.01604588719778,54.61863592082246,54.969669465928625,54.55355192297592,54.95129169539176,54.886912706309495
924.0,23.996182495344502,23.996182495344502,0.20000000000000004,1,55.061547893263274,55.018717498394224,0.08566078973810676,55.0,,6.449812650928031,55.061547893263274,54.69853009273279,55.0536548463359,55.063199079663654,55.01871749839421,54.62802963641747,54.983780150452525,54.574448061849445,54.97588710352517,54.936442191894386
925.0,24.013617318435752,24.013617318435752,0.20000000000000004,1,55.044926042402125,55.021360129637436,0.047131825529397986,55.0,,7.092408029165548,55.04258986536714,54.678825057613366,55.044926042402125,55.05939899571929,55.02136012963742,54.632070469875856,54.99779421687273,54.590719794749624,55.000130393907725,54.97331078649488
926.0,24.017690875232773,24.017690875232773,0.20000000000000004,1,55.03635068403157,55.02408464227017,0.024532083522800008,55.0,,8.188808518156021,55.02402983675082,54.64456775150523,55.03635068403157,55.013524005239795,55.02408464227016,54.62639150096039,55.01181860050877,54.604557135548376,55.02413944778952,55.014552236415476
927.0,24.017690875232773,24.017690875232773,0.20000000000000004,1,55.04784973814161,55.02681976247699,0.042059951329243006,55.0,,7.085129034115963,55.005789786812365,54.63625561291987,55.027861075064834,55.03691400304055,55.026819762476975,54.62506322223381,55.02577844988914,54.59406755417772,55.04784973814161,54.940183751586375
928.0,24.017690875232773,24.017690875232773,0.20000000000000004,1,55.07124607662971,55.02954381325851,0.08340452674239174,55.0,,8.207950031219603,54.98784154988732,54.629539314043356,55.019438790883534,55.068515284619494,55.029543813258506,54.64114956019813,55.03964883563351,54.62115989594831,55.07124607662971,55.00824605160226
929.0,24.017690875232773,24.017690875232773,0.20000000000000004,1,55.094334752869514,55.03225683959958,0.12415582653985524,55.0,,10.880563815360155,54.97017892632966,54.59585787171498,55.01108682520916,55.02213734235667,55.032256839599576,54.64121647850638,55.05342685399002,54.64805153423454,55.094334752869514,55.09965625452201
930.0,24.017690875232773,24.017690875232773,0.20000000000000004,1,55.11712182548974,55.03495888630071,0.16432587837807233,55.0,,12.019753302517861,54.95279594711167,54.57906533572005,55.002807888195754,55.02208310521157,55.03495888630069,54.64548281150742,55.06710988440567,54.66293351148879,55.11712182548974,55.12714860304535
931.0,23.985102420856613,23.985102420856613,0.0,-1,55.13961313456228,55.037649997978846,0.2039262731668714,55.0,,12.572516030694835,54.93568686139541,54.54469635679167,54.99460442540808,54.971599377019366,55.03764999797884,54.63856672633213,55.08069557054963,54.67594494528646,55.13961313456228,55.16466676037512
932.0,23.985102420856613,23.985102420856613,0.0,-1,55.24194763566739,55.141301652561765,0.2012919662112438,55.0,,21.108756842524503,55.04065566945614,54.66339066391752,55.097901247793196,55.1114325313229,55.14130165256176,54.75861375370884,55.18470205733035,54.79966718712374,55.24194763566739,55.321127242119346
933.0,24.00449255121043,24.00449255121043,0.1,-1,55.344319746233076,55.2449535379087,0.1987324166487454,55.0,,26.92702307123528,55.14558732958433,54.76107823034455,55.201243612221845,55.18739546909361,55.2449535379087,54.85655294681932,55.288663463595576,54.900568407236754,55.344319746233076,55.411292100538404
934.0,23.99129422718808,23.99129422718808,0.2,-1,55.38501251138216,55.29771707156307,0.1745908796381741,55.0,,7.786280477510257,55.21042163174398,54.79548710036192,55.25914124751426,55.15606731992063,55.29771707156306,54.883016575361424,55.3362928956119,54.929443605902634,55.38501251138216,55.410072428140474
935.0,24.01687616387337,24.01687616387337,0.30000000000000004,-1,55.363807604632974,55.29920552210869,0.12920416504857712,55.0,,5.4062736484952705,55.2346034395844,54.8285766956682,55.27118448876619,55.195596743828986,55.29920552210868,54.88254717581492,55.32722655545119,54.90569812158751,55.363807604632974,55.331350429550994
936.0,23.985102420856613,23.985102420856613,0.30000000000000004,-1,55.281237989983744,55.24972220392607,0.06303157211535648,55.0,,5.361002176930498,55.21820641786839,54.81366242108181,55.23761806480716,55.17079421235124,55.249722203926055,54.82789713544277,55.26182634304497,54.82819700983563,55.281237989983744,55.21581052980683
937.0,23.985102420856613,23.985102420856613,0.30000000000000004,-1,55.2041144034384,55.20037028951051,0.0074882278557879545,55.0,,6.023837759870049,55.20135607399115,54.80327838833202,55.2041144034384,55.16104411965291,55.2003702895105,54.782202361082184,55.196626175582615,54.76444008915125,55.19938450502987,55.14697013699922
938.0,23.985102420856613,23.985102420856613,0.20000000000000004,-1,55.18423546402048,55.151317747144276,0.06583543375240453,55.0,,7.442310960570858,55.18423546402048,54.81556087090745,55.17083188671759,55.21172776696524,55.15131774714427,54.74572840437656,55.13180360757096,54.690712248941175,55.11840003026808,55.01831859303581
939.0,23.985102420856613,23.985102420856613,0.20000000000000004,-1,55.20710076343828,55.153365103564205,0.10747131974815716,55.0,,6.609278502660301,55.20710076343828,54.81450644220363,55.183289064917126,55.15599969087616,55.15336510356419,54.73861254657603,55.12344114221127,54.69389257891679,55.09962944369012,55.07525851285584
940.0,23.985102420856613,23.985102420856613,0.20000000000000004,-1,55.22964083433912,55.155404180500184,0.14847330767786815,55.0,,7.078793013991357,55.22964083433912,54.840063203230486,55.1956957889661,55.17298280725833,55.155404180500184,54.73206917447759,55.11511257203428,54.663132723391946,55.081167526661254,54.97697271856343
941.0,23.995367783985103,23.995367783985103,0.20000000000000004,-1,55.25186313606854,55.15743501153804,0.18885624906099707,55.0,,6.321743779053942,55.25186313606854,54.83239161041244,55.20804706319506,55.102446917179186,55.15743501153804,54.718308217388895,55.10682295988103,54.659797691236726,55.063006887007546,55.01530573554293
942.0,24.017690875232773,24.017690875232773,0.20000000000000004,-1,55.273829313085564,55.15951212387758,0.22863437841595413,55.0,,6.727918818139231,55.273829313085564,54.859879563586134,55.22039279678197,55.136527125763116,55.15951212387758,54.72968338509571,55.0986314509732,54.66795357506152,55.04519493466961,55.05872394096077
943.0,24.017690875232773,24.017690875232773,0.20000000000000004,-1,55.29561004740767,55.16169937343862,0.26782134793809576,55.0,,8.13188444431329,55.29561004740767,54.90217347613774,55.23279261190986,55.20528581352736,55.16169937343862,54.73454286614495,55.09060613496739,54.64072033758258,55.027788699469575,54.95375797568582
944.0,24.017690875232773,24.017690875232773,0.20000000000000004,-1,55.317092908279875,55.163877778251255,0.3064302600572475,55.0,,7.912584909053672,55.317092908279875,54.91089947365566,55.24512365191036,55.182461509131805,55.163877778251255,54.73198011174017,55.08263190459214,54.64048034245647,55.01066264822263,54.9852884103305
945.0,24.011987895716945,24.011987895716945,0.20000000000000004,-1,55.338284223203516,55.16604737420014,0.34447369800675887,55.0,,8.617854882235958,55.338284223203516,54.933859222849,55.257382413356254,55.19912791387356,55.16604737420014,54.730572854831486,55.07471233504401,54.62391068140773,54.99381052519676,54.93967627487943
946.0,23.985102420856613,23.985102420856613,0.20000000000000004,-1,55.35915978669111,55.168177909427165,0.3819637545278809,55.0,,10.27968952566627,55.35915978669111,54.97135948517234,55.26953541830726,55.25718258925407,55.16817790942717,54.73901430215239,55.06682040054707,54.60990053089939,54.97719603216323,54.890718749502376
947.0,23.985102420856613,23.985102420856613,0.20000000000000004,-1,55.37961311608016,55.170157086667345,0.41891205882561877,55.0,,10.588107614932344,55.37961311608016,54.987387699204355,55.281467435890306,55.25498397389779,55.17015708666735,54.738699115274486,55.058846737444384,54.603919855287224,54.96070105725454,54.89385322155608
948.0,23.985102420856613,23.985102420856613,0.20000000000000004,-1,55.399793161910374,55.17212826096797,0.4553298018848011,55.0,,11.936167618056514,55.399793161910374,55.01690698118374,55.29331916057646,55.291614228593915,55.17212826096797,54.74578277931819,55.05093736135948,54.5968221582504,54.94446336002557,54.878403735038
949.0,23.985102420856613,23.985102420856613,0.20000000000000004,-1,55.41970534491056,55.17409146478635,0.49122776024841386,55.0,,12.753392509203483,55.41970534491056,55.03748021385207,55.30508821906732,55.30203733745148,55.17409146478635,54.74652397337601,55.04309471050538,54.586742037273396,54.92847758466215,54.86019957342744
950.0,23.985102420856613,23.985102420856613,0.20000000000000004,-1,55.439354889624305,55.17604673044739,0.5266163183538382,55.0,,12.62601752067566,55.439354889624305,55.04669687015808,55.31677247569508,55.282118464499725,55.17604673044738,54.74263478804752,55.03532098519968,54.581178348486745,54.91273857127047,54.86930834264388
951.0,23.985102420856613,23.985102420856613,0.30000000000000004,-1,55.45874683490244,55.17799409014409,0.5615054895166907,55.0,,13.61374494171023,55.45874683490244,55.079587338838664,55.32837001644691,55.33189029747073,55.17799409014409,54.75595954922955,55.027618163841275,54.58364932276214,54.89724134538575,54.883689690229886
952.0,23.985102420856613,23.985102420856613,0.20000000000000004,-1,55.43708697632571,55.129077303283864,0.6160193460836965,55.0,,11.585580978210706,55.43708697632571,55.01261023740485,55.294031225970045,55.16812289516757,55.12907730328386,54.67274032096504,54.96412338059767,54.50455745057967,54.82106763024201,54.802052040776424
953.0,23.985102420856613,23.985102420856613,0.20000000000000004,-1,55.45603022404114,55.13121460650277,0.6496312350767326,55.0,,12.46758941584511,55.45603022404114,55.03699777309261,55.30563669721457,55.19992046230555,55.13121460650277,54.68095486638319,54.95679251579097,54.506978833264995,54.80639898896441,54.82138333668977
954.0,23.985102420856613,23.985102420856613,0.0,1,55.474732758227354,55.133343265313655,0.6827789858273974,55.0,,13.160962077699763,55.474732758227354,55.06113176817925,55.317147572248054,55.22570592255025,55.133343265313655,54.67688804180558,54.94953895837925,54.48079434766379,54.79195377239996,54.73272428538401
955.0,23.985102420856613,23.985102420856613,0.0,1,55.574861662246526,55.236995123467864,0.6757330775573251,55.0,,24.32605084585998,55.574861662246526,55.16705930486546,55.42021327910884,55.3431675978683,55.236995123467864,54.79236385519502,55.053776967826884,54.60611460534578,54.8991285846892,54.90785025232467
956.0,24.002700186219737,24.002700186219737,0.1,1,55.675056698616466,55.340647459186506,0.6688184788599187,55.0,,34.620004183180605,55.675056698616466,55.28398970375418,55.52322691267061,55.48890563225276,55.340647459186506,54.91031700821902,55.15806800570241,54.72257901014623,55.00623821975655,55.036209549714386
957.0,24.017690875232773,24.017690875232773,0.2,1,55.71292122700652,55.393208499565596,0.6394254548818523,55.0,,11.213975532998859,55.71292122700652,55.30627444341671,55.569418288063744,55.4901567195025,55.39320849956559,54.95273625180764,55.21699871106745,54.7796550205966,55.073495772124666,55.10546583243857
958.0,24.017690875232773,24.017690875232773,0.30000000000000004,1,55.68841103997566,55.394451407220245,0.5879192655108412,55.0,,5.8135845914470305,55.68841103997566,55.27057379961846,55.558591329837654,55.45241101493884,55.39445140722024,54.937591725382454,55.23031148460284,54.769752051917116,55.10049177446482,55.05374378736252
959.0,24.017690875232773,24.017690875232773,0.30000000000000004,1,55.601791259869906,55.344394937803585,0.5147926441326334,55.0,,5.075484921656737,55.601791259869906,55.1935604446482,55.490832872734494,55.425863204929826,55.344394937803585,54.89080477592525,55.19795700287269,54.730145439034565,55.08699861573727,55.006444379089736
960.0,24.00465549348231,24.00465549348231,0.30000000000000004,1,55.51611860680833,55.29464193386682,0.44295334588301216,55.0,,4.95931479425948,55.51611860680833,55.08917560723042,55.42345944373843,55.31689271639727,55.294641933866814,54.822590154808466,55.16582442399521,54.678024389322836,55.073165260925315,54.94074331631576
961.0,23.985102420856613,23.985102420856613,0.30000000000000004,1,55.431305603929495,55.24512139285881,0.37236842214136345,55.0,,5.518528138917996,55.431305603929495,54.99788769561809,55.35641028788511,55.24789885421022,55.245121392858806,54.77163603560084,55.133832497832515,54.64890008461937,55.05893718178813,54.94932588521992
962.0,23.985102420856613,23.985102420856613,0.20000000000000004,1,55.347300544274084,55.195797384712726,0.3030063191227015,55.0,,5.914600578013741,55.347300544274084,54.90478880174803,55.289658833989506,55.17174912507663,55.195797384712726,54.719199854676155,55.10193593543596,54.619633774847024,55.04429422515138,54.9580318390462
963.0,24.017690875232773,24.017690875232773,0.20000000000000004,1,55.32601533197692,55.19766488951169,0.25670088493045995,55.0,,6.168203426831493,55.32601533197692,54.895006063202736,55.2797112670114,55.2039410181948,55.197664889511685,54.72981994690926,55.11561851201198,54.636484055597414,55.06931444704646,54.98513679659072
964.0,24.017690875232773,24.017690875232773,0.20000000000000004,1,55.30524278028049,55.199697874909624,0.2110898107417185,55.0,,6.9850561210631925,55.30524278028049,54.8544382235882,55.269987678706045,55.14697343147149,55.199697874909624,54.723900243537294,55.12940807111321,54.656907471940904,55.09415296953877,55.055426889156934
965.0,24.017690875232773,24.017690875232773,0.20000000000000004,1,55.28480133053222,55.20172264129762,0.16615737846917966,55.0,,8.558976927742187,55.28480133053222,54.83102231138471,55.260319278637915,55.14037485420451,55.20172264129762,54.729421804152224,55.14312600395734,54.681632618591415,55.11864395206304,55.12296613657779
966.0,23.995204841713225,23.995204841713225,0.20000000000000004,1,55.26468347427514,55.203739222006085,0.12188850453811284,55.0,,9.25641609531159,55.26468347427514,54.7944273141716,55.25071059424608,55.09278410403381,55.20373922200608,54.71932768222307,55.156767849766084,54.6884811700299,55.142794969737025,55.13488473495527
967.0,23.985102420856613,23.985102420856613,0.20000000000000004,1,55.244762600553656,55.20562824826635,0.07826870457462576,55.0,,8.477562652264178,55.244762600553656,54.78359644686671,55.24104636313677,55.11790011413596,55.20562824826634,54.721620163600555,55.17021013339592,54.68934428461923,55.16649389597903,55.10051563559578
968.0,23.985102420856613,23.985102420856613,0.20000000000000004,1,55.2313966184836,55.20745600900742,0.04788121895234099,55.0,,8.132657325568841,55.2250980391316,54.80370950216366,55.2313966184836,55.22970943992544,55.20745600900743,54.74884067706498,55.18351539953126,54.70555869349331,55.18981397888326,55.09711893271542
969.0,23.985102420856613,23.985102420856613,0.20000000000000004,1,55.2218186429278,55.20927638077175,0.025084524312113388,55.0,,9.692701572171941,55.205736974839404,54.784318741371564,55.2218186429278,55.22386883785659,55.20927638077175,54.75490496336398,55.19673411861569,54.7257497341185,55.21281578670409,55.14911522264922
970.0,24.0030260707635,24.0030260707635,0.20000000000000004,1,55.23550578827517,55.211089393512886,0.048832789524588804,55.0,,10.733761789124173,55.18667299875058,54.74115817960769,55.21231555684299,55.147755828493,55.21108939351288,54.739764204553175,55.20986323018276,54.72955434705433,55.23550578827517,55.16165827876117
971.0,23.99276070763501,23.99276070763501,0.20000000000000004,1,55.25798536770679,55.21299023156001,0.08999027229354795,55.0,,12.910770005429503,55.16799509541324,54.748301256703876,55.202985340344206,55.220027332484676,55.21299023156001,54.76550992637619,55.222995122775814,54.760743451721815,55.25798536770679,55.227934601764495
972.0,23.985102420856613,23.985102420856613,0.20000000000000004,1,55.28011048784083,55.21482888417304,0.1305632073355838,55.0,,12.351455077899367,55.149547280505246,54.74371387831544,55.19368050355451,55.25038330073811,55.21482888417304,54.77375763697782,55.23597726479156,54.767073300298605,55.28011048784083,55.211666742811765
973.0,24.017690875232773,24.017690875232773,0.20000000000000004,1,55.301901007735864,55.216619450908944,0.17056311365383436,55.0,,11.257796970307771,55.13133789408203,54.69083148229464,55.184417410433355,55.138576403152854,55.216619450908944,54.74326621687251,55.24882149138453,54.748850649659396,55.301901007735864,55.152736543375
974.0,24.017690875232773,24.017690875232773,0.20000000000000004,1,55.323576362705516,55.218575810274366,0.21000110486230028,55.0,,13.340931012350934,55.113575257843216,54.65861732234579,55.17541196471996,55.09448243251074,55.21857581027436,54.73807029583349,55.261739655828755,54.762053802785424,55.323576362705516,55.194046018392406
975.0,24.017690875232773,24.017690875232773,0.0,-1,55.34496821662944,55.22052426133776,0.24888791058336324,55.0,,15.360516492951618,55.096080306046076,54.63820116340332,55.16649226773878,55.087431443245116,55.22052426133775,54.74686389756687,55.274556254936726,54.79259369938575,55.34496821662944,55.287605100752494
976.0,24.017690875232773,24.017690875232773,0.0,-1,55.447219368706975,55.3243495341682,0.24573966907754397,55.0,,26.136153937915708,55.20147969962943,54.757886548769015,55.26995135211078,55.22358951306113,55.32434953416819,54.854143265423815,55.37874771622562,54.88487446662759,55.447219368706975,55.32670092135982
977.0,24.017690875232773,24.017690875232773,0.1,-1,55.54951460285331,55.42817551176445,0.24267818217770554,55.0,,39.437930747726774,55.3068364206756,54.89262620696565,55.37346270501362,55.405720976839795,55.428175511764444,54.98578187745131,55.48288831851528,55.01281511540264,55.54951460285331,55.4872625480818
978.0,24.017690875232773,24.017690875232773,0.2,-1,55.58961845857965,55.48063985061947,0.21795721592035022,55.0,,11.96003048174894,55.3716612426593,54.93216901205722,55.431084149164256,55.38189187814497,55.48063985061946,55.01610478788037,55.53019555207469,55.042629894273965,55.58961845857965,55.48794891198456
979.0,24.017690875232773,24.017690875232773,0.30000000000000004,-1,55.567488007990754,55.48152980736953,0.17191640124242014,55.0,,6.076425164688606,55.395571606748334,54.95570644987184,55.44257952406448,55.393128298692986,55.481529807369526,55.02218815516667,55.5204800906746,55.046282110076426,55.567488007990754,55.522564768653474
980.0,24.017690875232773,24.017690875232773,0.30000000000000004,-1,55.48345471235465,55.43094557716417,0.10501827038095968,55.0,,5.821288969844631,55.37843644197369,54.93232190366295,55.407989778034896,55.33772151643142,55.43094557716415,54.95400670627847,55.45390137629344,54.94885060797437,55.48345471235465,55.340365430584185
981.0,24.017690875232773,24.017690875232773,0.30000000000000004,-1,55.400321276277914,55.38066790255216,0.039306747451504975,55.0,,7.040847256281336,55.36101452882641,54.93684402559043,55.373642116155814,55.36677622156,55.38066790255214,54.9170920210344,55.387693688948495,54.88513911011583,55.400321276277914,55.25896290807574
982.0,23.985102420856613,23.985102420856613,0.30000000000000004,-1,55.34331949751921,55.33069498889017,0.025249017258069273,55.0,,7.661085646101051,55.34331949751921,54.92543534150655,55.3395247540365,55.34949646487799,55.33069498889016,54.87259944768956,55.321865223743835,54.8245884100014,55.31807048026114,55.203661684391896
983.0,23.985102420856613,23.985102420856613,0.30000000000000004,-1,55.32519129428361,55.28085201937385,0.08867854981949819,55.0,,7.774733041201073,55.32519129428361,54.88560373322024,55.30545373727474,55.24938303197871,55.280852019373846,54.801653398905586,55.25625030147297,54.74072843271568,55.236512744464115,55.08712717510277
984.0,23.985102420856613,23.985102420856613,0.20000000000000004,-1,55.30681636475928,55.231311300562744,0.15101012839304673,55.0,,7.898417338196916,55.30681636475928,54.87117036881929,55.271593028911106,55.22942229198974,55.23131130056274,54.75911055441341,55.19102957221438,54.688262450209926,55.15580623636623,55.06278173127245
985.0,23.985102420856613,23.985102420856613,0.30000000000000004,-1,55.328698064965536,55.233035241618495,0.19132564669406804,55.0,,8.47748181192733,55.328698064965536,54.90383872466357,55.28366625132645,55.27294620291879,55.23303524161849,54.777752289179446,55.18240423191053,54.70615504843821,55.13737241827147,55.137685904709755
986.0,23.985102420856613,23.985102420856613,0.20000000000000004,-1,55.30973606264475,55.18378454466309,0.2519030359633021,55.0,,7.611018482137248,55.30973606264475,54.866837390474025,55.24992109126895,55.18522245701491,55.18378454466309,54.71329991269128,55.11764799805723,54.63336559543516,55.05783302668145,55.051088268959504
987.0,23.985102420856613,23.985102420856613,0.20000000000000004,-1,55.33105593168453,55.18570061804418,0.29071062728070274,55.0,,7.833330690746957,55.33105593168453,54.88326631034904,55.262053551890816,55.180037612918184,55.185700618044166,54.70739806884522,55.10934768419752,54.61609643606314,55.04034530440383,55.00502159006051
988.0,23.985102420856613,23.985102420856613,0.20000000000000004,-1,55.352084118912025,55.18760894439305,0.32895034903793885,55.0,,7.717442955082141,55.352084118912025,54.891807027229945,55.274113908093355,55.155818507562486,55.18760894439304,54.70145817375415,55.101103980692734,54.609186457293326,55.023133769874086,55.006534308553455
989.0,23.985102420856613,23.985102420856613,0.20000000000000004,-1,55.37282671388962,55.18950955512319,0.3666343175328777,55.0,,8.795671555508575,55.37282671388962,54.927718982522265,55.28609898171598,55.212330125342724,55.18950955512317,54.71380249478785,55.092920128530366,54.607489356554126,55.006192396356745,54.999720043712486
990.0,23.985102420856613,23.985102420856613,0.20000000000000004,-1,55.39328957434153,55.1914024815199,0.4037741856432433,55.0,,9.368054564605071,55.39328957434153,54.950793072097426,55.29800588640248,55.2305387245689,55.1914024815199,54.71841567461263,55.08479907663732,54.60474398704941,54.98951538869829,55.00112462968077
991.0,23.985102420856613,23.985102420856613,0.20000000000000004,-1,55.41347833879872,55.19328775474099,0.4403811681154508,55.0,,10.53239899106763,55.41347833879872,54.97900365847601,55.30983200818697,55.26148580701309,55.193287754740986,54.720699515048615,55.07674350129499,54.58915250706123,54.97309717068327,54.94833151435651
992.0,23.985102420856613,23.985102420856613,0.20000000000000004,-1,55.433398438475926,55.195165405817136,0.47646606531756674,55.0,,12.935688498594677,55.433398438475926,55.02002311022759,55.32157498730921,55.32780456008377,55.195165405817136,54.72970471149475,55.06875582432505,54.57086570855326,54.95693237315836,54.87473698347293
993.0,23.985102420856613,23.985102420856613,0.20000000000000004,-1,55.453055108428586,55.197035465652526,0.5120392855521132,55.0,,12.095436864846947,55.453055108428586,55.02383227534388,55.33323270118205,55.289865031311365,55.19703546565252,54.72574690338221,55.06083823012299,54.572562300570226,54.94101582287647,54.9149843399912
994.0,23.985102420856613,23.985102420856613,0.30000000000000004,-1,55.47245339803436,55.19889796502531,0.5471108660180874,55.0,,14.38195907204913,55.47245339803436,55.0654905438198,55.344803248438865,55.35931120139803,55.19889796502531,54.7362116197224,55.052992681611755,54.55630077608408,54.92534253201627,54.84779597166991
995.0,23.985102420856613,23.985102420856613,0.0,1,55.45077137284235,55.149854354809904,0.6018340360648722,55.0,,14.212274067873206,55.45077137284235,55.041528891432954,55.31040376692163,55.313855907971096,55.149854354809904,54.68254578346248,54.989304942698176,54.48676429631369,54.848937336777475,54.76110606904489
996.0,24.01312849162011,24.01312849162011,0.0,1,55.551285249038244,55.25350627113712,0.5955579558022421,55.0,,24.522147659131885,55.551285249038244,55.133966505191594,55.41360450138723,55.38505461663524,55.25350627113712,54.78966329719957,55.093408040887006,54.61086651977167,54.955727293236,54.94536286033635
997.0,23.985102420856613,23.985102420856613,0.1,1,55.652008513158044,55.357307508330585,0.5894020096549255,55.0,,32.94805701480792,55.652008513158044,55.22362819582718,55.51690457622505,55.44913132156487,55.35730750833058,54.89234471720989,55.197710440436104,54.72932931779596,55.06260650350312,55.10664876033329
998.0,23.9665270018622,23.9665270018622,0.2,1,55.690200329313285,55.409741550485,0.5609175576565733,55.0,,10.050851165870004,55.690200329313285,55.2709067942719,55.56315533751901,55.51606116237454,55.409741550484995,54.940833179677234,55.25632776345098,54.767113017542876,55.12928277165671,55.07750557366877
999.0,23.95251396648045,23.95251396648045,0.30000000000000004,1,55.66587859190237,55.41064608473613,0.5104650143324818,55.0,,6.514742180924031,55.66587859190237,55.26171074380874,55.552223971772435,55.55219560081269,55.41064608473613,54.95318734187845,55.269068197699816,54.78496316205834,55.15541357756989,55.10552918185169
1000.0,23.919925512104285,23.919925512104285,0.30000000000000004,1,55.579411203099475,55.36014548373184,0.4385314387352608,55.0,,5.951564349373882,55.579411203099475,55.17814086163618,55.48430138154533,55.50165005709772,55.36014548373184,54.9085235142529,55.235989585918354,54.7593739356355,55.140879764364215,55.115899407919876
1001.0,23.88033054003725,23.88033054003725,0.30000000000000004,1,55.493710085585846,55.30977819052036,0.3678637901309756,55.0,,6.324470907361914,55.493710085585846,55.076217822036774,55.416592778250475,55.395679531175084,55.309778190520355,54.84909451826766,55.202963602790234,54.72520638259501,55.12584629545487,55.11110291617106
1002.0,23.82672253258845,23.82672253258845,0.30000000000000004,1,55.40872128176215,55.259506437444045,0.29842968863620456,55.0,,6.7235916936300875,55.40872128176215,54.98443120756742,55.3490704475189,55.31720042135909,55.25950643744404,54.792306551742946,55.16994242736918,54.68423315786831,55.11029159312594,55.07073429758032
1003.0,23.747532588454376,23.747532588454376,0.20000000000000004,1,55.32435473734855,55.20925567517456,0.2301981243479574,55.0,,6.5058541715483935,55.32435473734855,54.91411333702521,55.2816690208304,55.29840074154298,55.20925567517457,54.7491267193411,55.13684232951873,54.64604900530947,55.09415661300059,55.02151663349764
1004.0,23.6122905027933,23.6122905027933,0.20000000000000004,1,55.30223846021321,55.209810405153895,0.18485611011863767,55.0,,6.794458353694694,55.30223846021321,54.88993642094165,55.270640632970064,55.28347299235775,55.20981040515389,54.752164802636706,55.148980177337705,54.66477301544491,55.11738235009457,55.070564736449214
1005.0,23.526419925512105,23.526419925512105,0.20000000000000004,1,55.279745600025166,55.209648905447864,0.14019338915459656,55.0,,8.751761723025336,55.279745600025166,54.85260573786465,55.25895397258168,55.23406924324935,55.209648905447864,54.7522865952081,55.16034383831405,54.69548595910669,55.13955221087057,55.177352842125124
1006.0,23.477374301675976,23.477374301675976,0.20000000000000004,1,55.25713291470537,55.209035606205326,0.09619461700009424,55.0,,7.429336347533964,55.25713291470537,54.82325223769498,55.24687823694726,55.2022172123191,55.20903560620532,54.7376671747153,55.171192975463384,54.68168916017176,55.16093829770528,55.10637324012911
1007.0,23.414641527001866,23.414641527001866,0.20000000000000004,1,55.23461395446466,55.2081666726534,0.052894563622537305,55.0,,8.53589993179154,55.234589206401324,54.793309591763666,55.23461395446466,55.17397863449458,55.20816667265339,54.734932794355636,55.181719390842126,54.69642411910671,55.18174413890547,55.147957594698795
1008.0,23.35158286778399,23.35158286778399,0.20000000000000004,1,55.22209443823887,55.206971432080515,0.03024601231671653,55.0,,9.426330206694375,55.21203673127646,54.77109790915656,55.22209443823887,55.16788216173907,55.20697143208051,54.73568593976651,55.19184842592215,54.709226399092806,55.20190613288457,55.17453860612349
1009.0,23.272392923649907,23.272392923649907,0.20000000000000004,1,55.22143104831332,55.20544985784236,0.03196238094191273,55.0,,11.154802819114142,55.18946866737141,54.73015598938193,55.20932329501444,55.1080653253273,55.20544985784235,54.724478352572,55.20157642067027,54.72012572421404,55.22143104831332,55.21271374548999
1010.0,23.128026070763504,23.128026070763504,0.20000000000000004,1,55.24024254303627,55.20351907311709,0.07344693983835526,55.0,,11.029352079537,55.16679560319791,54.722783489982234,55.19622095228094,55.14504544486386,55.20351907311708,54.731724139923614,55.21081719395323,54.7286341018587,55.24024254303627,55.209265024117265
1011.0,23.06073091247672,23.06073091247672,0.20000000000000004,1,55.258008184812,55.2008403574067,0.1143356548106027,55.0,,13.339613642792909,55.143672530001396,54.70960480626529,55.18245168664694,55.16592041938854,55.20084035740669,54.74235446741189,55.219229028166446,54.75285838716558,55.258008184812,55.273370322951095
1012.0,23.00223463687151,23.00223463687151,0.20000000000000004,1,55.27514116449215,55.19782084634208,0.15464063630011537,55.0,,12.474730565915799,55.12050052819203,54.69528657579499,55.16842534413302,55.17774821564485,55.19782084634208,54.741766559209715,55.22721634855116,54.75255357576633,55.27514116449215,55.245695600745215
1013.0,22.94895251396648,22.94895251396648,0.0,-1,55.29169500688109,55.19450822997995,0.19437355380226506,55.0,,14.345762485335962,55.09732145307883,54.6565046355169,55.15419205765848,55.12075438560336,55.19450822997995,54.731325634171675,55.23482440230144,54.762761625893326,55.29169500688109,55.28421190606172
1014.0,22.875791433892,22.875791433892,0.0,-1,55.38862595609901,55.29271057111407,0.1918307699698758,55.0,,17.616462379849473,55.19679518612914,54.75012460827834,55.25202431003574,55.19324633862491,55.29271057111407,54.827726583561166,55.333396832192406,54.86506060633268,55.38862595609901,55.39179844860735
1015.0,22.73207635009311,22.73207635009311,0.1,-1,55.48521311079481,55.390532420995406,0.18936137959880028,55.0,,23.57965580908797,55.29585173119601,54.86798197752626,55.3495210415475,55.33464759480852,55.390532420995406,54.93463526683965,55.43154380044332,54.958623062363024,55.48521311079481,55.443718308273894
1016.0,22.667225325884544,22.667225325884544,0.2,-1,55.51898533067324,55.43632150591269,0.1653276495210818,55.0,,7.6860996877651235,55.35365768115216,54.9098832130609,55.40042285868888,55.3318017035744,55.436321505912694,54.96601228280929,55.47222015313652,54.98746814062091,55.51898533067324,55.44685846252708
1017.0,22.627630353817505,22.627630353817505,0.30000000000000004,-1,55.490335645378195,55.430302736992644,0.12006581677109551,55.0,,6.486711357410475,55.3702698286071,54.939988530197205,55.404931886406374,55.36911862981898,55.430302736992644,54.96001046501656,55.45567358757892,54.953127756255945,55.490335645378195,55.34364943705059
1018.0,22.531331471135942,22.531331471135942,0.30000000000000004,-1,55.39975332503413,55.372736069886,0.05403451029624762,55.0,,6.394705895937887,55.345718814737886,54.90855196908125,55.36324967607533,55.30596159574556,55.37273606988601,54.894313094011,55.38222246369669,54.87085336995219,55.39975332503413,55.23961976675191
1019.0,22.477723463687152,22.477723463687152,0.30000000000000004,-1,55.32134920132035,55.31501971153896,0.012658979562779393,55.0,,7.195881856811635,55.32043466674568,54.90332617823229,55.32134920132035,55.323033731755075,55.315019711538966,54.85730579660622,55.30869022175757,54.819340991091224,55.30960475633225,55.224094656193145
1020.0,22.358938547486037,22.358938547486037,0.20000000000000004,-1,55.29465485805393,55.25737608254322,0.07455755102144224,55.0,,6.664155319861207,55.29465485805393,54.86113175531097,55.279443321739244,55.2290639465264,55.25737608254321,54.78225527466239,55.23530884334717,54.72909759936929,55.22009730703249,55.09674703748219
1021.0,22.256936685288643,22.256936685288643,0.20000000000000004,-1,55.308524249861236,55.25048560244943,0.1160772948236044,55.0,,7.417825393571151,55.308524249861236,54.89234634592884,55.28293567077663,55.27849171562203,55.25048560244944,54.78909031137478,55.21803553412223,54.72122330091737,55.19244695503763,55.09216121460098
1022.0,22.20153631284916,22.20153631284916,0.20000000000000004,-1,55.3215797536945,55.24309725356993,0.15696500024913007,55.0,,8.272226985168912,55.3215797536945,54.9237196250212,55.28588799428031,55.329483976979574,55.243097253569935,54.801205486742184,55.200306512859555,54.72507968823574,55.16461475344537,55.13085157032145
1023.0,22.10034916201117,22.10034916201117,0.20000000000000004,-1,55.33407135863504,55.235453623377,0.19723547051609103,55.0,,8.302323043588373,55.33407135863504,54.934553091162094,55.288537870381084,55.31710895455218,55.235453623377,54.7888662170075,55.182369376372904,54.69971259546978,55.13683588811895,55.077886532942905
1024.0,22.07932960893856,22.07932960893856,0.20000000000000004,-1,55.345772232330425,55.22732078532683,0.2369028940071729,55.0,,9.704744375946422,55.345772232330425,54.96554723341305,55.29064677291622,55.363605469233356,55.22732078532684,54.787931197932224,55.16399479773746,54.672925292317764,55.10886933832325,55.00177566086511
1025.0,21.97276536312849,21.97276536312849,0.20000000000000004,-1,55.357103336266825,55.219112896855314,0.27598087882301314,55.0,,8.268825284633987,55.357103336266825,54.94646326194135,55.292624642574644,55.26737384113984,55.21911289685532,54.75537531918411,55.14560115113599,54.64008754378147,55.08112245744381,54.95376740443619
1026.0,21.89357541899441,21.89357541899441,0.20000000000000004,-1,55.36763286900427,55.21039162639296,0.31448248522262645,55.0,,9.733797912139137,55.36763286900427,54.98165176121853,55.294029288756995,55.33392540033117,55.21039162639296,54.76420671816494,55.126753964028914,54.62989938610881,55.05315038378164,54.93845066042848
1027.0,21.81438547486033,21.81438547486033,0.20000000000000004,-1,55.37751023094193,55.20130010290063,0.3524202560825742,55.0,,9.248222943766274,55.37751023094193,54.97622309739889,55.295000315545465,55.28174224980283,55.201300102900646,54.74213049297871,55.10759989025582,54.60256377911527,55.025089974859355,54.898457327423884
1028.0,21.767783985102422,21.767783985102422,0.20000000000000004,-1,55.386743500678485,55.191840377929374,0.38980624549822807,55.0,,9.735958393844825,55.386743500678485,54.990454389552674,55.2955365616872,55.29095886908845,55.191840377929374,54.73692408136046,55.08814419417155,54.587806101123455,54.996937255180256,54.88672338600959
1029.0,21.680935754189957,21.680935754189957,0.20000000000000004,-1,55.39550687288336,55.182180850061954,0.426652045642804,55.0,,9.98650360280238,55.39550687288336,55.004639737817755,55.29580350435585,55.30256298540217,55.18218085006196,54.73703968647679,55.06855819576807,54.58545900839954,54.968854827240555,54.920532004320464
1030.0,21.56215083798882,21.56215083798882,0.20000000000000004,-1,55.403601653793196,55.172117247796926,0.4629688119925319,55.0,,9.96538615190746,55.403601653793196,55.002289021279196,55.29559422266386,55.26435237385606,55.17211724779693,54.71600651714147,55.04864027293,54.55637851640634,54.940632841800664,54.86804854080572
1031.0,21.486708566108007,21.486708566108007,0.20000000000000004,-1,55.41087296654882,55.16148932303897,0.4987672870197031,55.0,,10.40839145161007,55.41087296654882,55.02065666942518,55.294746073007815,55.292770680476075,55.16148932303898,54.7202085551699,55.02823257307013,54.557815602570074,54.91210567952912,54.9108604868602
1032.0,21.41843575418995,21.41843575418995,0.20000000000000004,-1,55.41754967202145,55.150520760797065,0.53405782244878,55.0,,10.893450009300823,55.41754967202145,55.02004190685341,55.29348058177109,55.26086157370304,55.15052076079707,54.69502809116822,55.00756093982303,54.516425425032054,54.88349184957267,54.80940791329637
1033.0,21.339245810055857,21.339245810055857,0.20000000000000004,-1,55.4236750246394,55.1392498245569,0.5688504001650188,55.0,,11.649590636579129,55.4236750246394,55.04182214446951,55.29183407477824,55.300967072719466,55.1392498245569,54.70039589094166,54.98666557433555,54.515292856328195,54.85482462447438,54.83998113117318
1034.0,21.260055865921785,21.260055865921785,0.20000000000000004,-1,55.42920012883701,55.127622802907375,0.6031546518592776,55.0,,11.057999606064818,55.42920012883701,55.03659901741099,55.28975110901332,55.263254079109174,55.12762280290738,54.687216848732426,54.965494496801426,54.507779421789415,54.82604547697773,54.87058507378996
1035.0,21.18086592178771,21.18086592178771,0.20000000000000004,-1,55.434131621354894,55.11564168261113,0.6369798774875406,55.0,,12.388806532275774,55.434131621354894,55.047422952453424,55.28723213172874,55.268529671456065,55.115641682611134,54.669144090959506,54.9440512334935,54.46695486898834,54.79715174386735,54.758790390522634
1036.0,21.10167597765364,21.10167597765364,0.20000000000000004,-1,55.438475972695464,55.10330844138605,0.6703350626188325,55.0,,11.069969277541139,55.438475972695464,55.030116504447776,55.284277760152314,55.20219855887961,55.103308441386055,54.65266371124967,54.922339122619775,54.467831661584334,54.76814091007663,54.83401592459075
1037.0,21.022486033519545,21.022486033519545,0.0,1,55.44223949532608,55.090625047955825,0.7032288947404979,55.0,,12.27487783177595,55.44223949532608,55.048091645059614,55.280888769294556,55.2335554990758,55.09062504795583,54.64056413838307,54.900361326617094,54.43113076832044,54.73901060058558,54.7300409132186
1038.0,20.97588454376164,20.97588454376164,0.0,1,55.526959668215426,55.178952356908965,0.6960146226129282,55.0,,11.7394426511792,55.526959668215426,55.14985797498433,55.36856970304598,55.35839354161449,55.178952356908965,54.73975387559003,54.98933501077194,54.523819364304195,54.8309450456025,54.807353564671395
1039.0,20.87160148975792,20.87160148975792,0.1,1,55.61151144257996,55.26704507694852,0.6889327312628666,55.0,,16.435492725153477,55.61151144257996,55.254797352825214,55.45596430777589,55.488404824499554,55.26704507694853,54.83550327353442,55.078125846121154,54.60364714055832,54.922578711317094,54.83545180362218
1040.0,20.75232774674116,20.75232774674116,0.2,1,55.63324325383657,55.3035768592746,0.6593327891239298,55.0,,6.283312264965783,55.63324325383657,55.259113733862954,55.486054967436246,55.46258634252397,55.3035768592746,54.86380122901096,55.121098751112946,54.65080340397685,54.97391046471264,54.91357489659161
1041.0,20.69969739292365,20.69969739292365,0.30000000000000004,1,55.592115939172594,55.28832531868579,0.6075812409736017,55.0,,6.009695456637019,55.592115939172594,55.20136782138531,55.45865044360517,55.395453957823285,55.28832531868579,54.85219465526662,55.1180001937664,54.678329000938525,54.98453469819899,55.04785926880725
1042.0,20.625558659217877,20.625558659217877,0.30000000000000004,1,55.48887795579716,55.221791841195206,0.5341722292039108,55.0,,5.07358424852592,55.48887795579716,55.09792504410235,55.37432065306127,55.31687737001399,55.221791841195206,54.77490458702661,55.06926302932912,54.60384787315355,54.95470572659325,54.914974991266796
1043.0,20.51475791433892,20.51475791433892,0.30000000000000004,1,55.38631765097917,55.15529047559166,0.4620543507750199,55.0,,5.54196142430996,55.38631765097917,55.005025998568726,55.290106170653765,55.27183054073372,55.15529047559166,54.72149328321525,55.02047478052955,54.57062299647017,54.92426330020415,54.92925202950937
1044.0,20.43556797020484,20.43556797020484,0.30000000000000004,1,55.284235599669614,55.08863828877289,0.39119462179344566,55.0,,5.4528676048792235,55.284235599669614,54.924707745616615,55.205834270496545,55.25352653168931,55.08863828877289,54.661974642628344,54.97144230704922,54.50639807112017,54.89304097787617,54.815961653402724
1045.0,20.35637802607076,20.35637802607076,0.30000000000000004,1,55.182775801782725,55.021995075583206,0.3215614523990311,55.0,,5.880511625903327,55.182775801782725,54.82972207963342,55.12167406760102,55.19316758607272,55.021995075583206,54.60409295662749,54.922316083565384,54.46569444861477,54.861214349383694,54.80858942718455
1046.0,20.27718808193669,20.27718808193669,0.20000000000000004,1,55.08192369007171,54.955361406334454,0.25312456747450085,55.0,,5.857257989109438,55.08192369007171,54.688608804208975,55.037634626026836,55.00071139322752,54.95536140633446,54.518193551852825,54.87308818664207,54.423486106621226,54.82879912259721,54.83954202691813
1047.0,20.223743016759784,20.223743016759784,0.20000000000000004,1,55.04295256622357,54.93914353440963,0.20761806362786217,55.0,,6.045453085422618,55.04295256622357,54.67397808860456,55.00960914383576,55.04541832997471,54.93914353440964,54.52159146313868,54.86867792498351,54.430497734444494,54.83533450259571,54.857557470716586
1048.0,20.09664804469274,20.09664804469274,0.20000000000000004,1,55.004117967583745,54.922725388221195,0.16278515872510724,55.0,,6.1023777087765865,55.004117967583745,54.62919584181631,54.981450452027126,54.99854530472198,54.922725388221195,54.50037228869908,54.86400032441526,54.42110456071539,54.84133280885864,54.84427611498575
1049.0,20.057053072625692,20.057053072625692,0.20000000000000004,1,54.96504780350401,54.90574227056749,0.11861106587304704,55.0,,6.153238383379038,54.96504780350401,54.578336089752284,54.952798112804935,54.93475456774199,54.90574227056749,54.472338006962204,54.85868642833003,54.40439276510677,54.84643673763096,54.811567293182385
1050.0,19.993016759776538,19.993016759776538,0.20000000000000004,1,54.926172271390314,54.888631481864365,0.07508157905190416,55.0,,7.670703657538716,54.926172271390314,54.53885106308436,54.924093313017174,54.91098314480839,54.888631481864365,54.468528918171735,54.85316965071156,54.42919533479916,54.85109069233841,54.92535940866455
1051.0,19.94527467411546,19.94527467411546,0.10000000000000003,1,54.895219128539395,54.8712725598498,0.04789313737918377,55.0,,6.311241264348821,54.8873640804007,54.50825897829083,54.895219128539395,54.902650797805144,54.87127255984981,54.445139065112635,54.84732599116021,54.39674783093329,54.8551810392989,54.81193118238487
1052.0,19.802048417132223,19.802048417132223,0.20000000000000004,1,54.92185745344968,54.90398301162689,0.035748883645581486,55.0,,5.966634285489644,54.90959215353943,54.5447875322058,54.92185745344968,54.96159910515394,54.9039830116269,54.48134547586235,54.8861085698041,54.42259878096412,54.89837386971435,54.78660483301125
1053.0,19.722858472998134,19.722858472998134,0.10000000000000003,1,54.90100750619839,54.88561730975316,0.030780392890449093,55.0,,6.2514090122578185,54.87022711330794,54.518680292737585,54.89212018198315,54.96858978643284,54.88561730975317,54.4733333800653,54.87911443752318,54.41866119748741,54.90100750619839,54.787263404022646
1054.0,19.64366852886406,19.64366852886406,0.20000000000000004,1,54.94269473320053,54.91719970580026,0.05099005480056462,55.0,,6.5872620839599705,54.89170467839997,54.52487883836015,54.917741892122685,54.94098743784345,54.91719970580026,54.49439601308841,54.91665751947782,54.45029176215187,54.94269473320053,54.818846663399285
1055.0,19.564478584729983,19.564478584729983,0.10000000000000003,1,54.94405994852791,54.897999368679244,0.09212115969732793,55.0,,6.294688861030816,54.85193878883058,54.5039231834741,54.88731973707442,54.964095825164584,54.89799936867925,54.48934344870993,54.908679000284074,54.44684799403045,54.94405994852791,54.81846382709193
1056.0,19.517877094972057,19.517877094972057,0.20000000000000004,1,54.98457840707709,54.928776603026805,0.11160360810056602,55.0,,7.326280847214914,54.87297479897652,54.515622189980746,54.91225365754074,54.954179119094995,54.92877660302681,54.51679742067867,54.94529954851288,54.48634859961188,54.98457840707709,54.876054887456476
1057.0,19.430377094972062,19.430377094972062,0.10000000000000003,1,54.98485912913269,54.90891047624994,0.15189730576548754,55.0,,7.683067217016154,54.8329618233672,54.48192222231009,54.88132026608671,54.94277691480739,54.90891047624995,54.50867230912999,54.93650068641318,54.49389464115428,54.98485912913269,54.92945530011023
1058.0,19.326908752327743,19.326908752327743,0.0,-1,55.024345994703246,54.93900673095946,0.17067852748755996,55.0,,7.809642836709633,54.853667467215686,54.50120482723737,54.905695359571666,54.95328598465201,54.93900673095947,54.53374195062832,54.972318102347266,54.51844271453175,55.024345994703246,54.922257916863124
1059.0,19.270041899441345,19.270041899441345,0.0,-1,55.10308339680368,55.01890726192492,0.16835226975751283,55.0,,6.219972851503551,54.93473112704617,54.59654879660756,54.98517746640336,55.062609081129885,55.01890726192493,54.63294865877488,55.052637057446496,54.62361958939703,55.10308339680368,55.0724919212832
1060.0,19.1717877094972,19.1717877094972,0.1,-1,55.18157765120105,55.09852928819205,0.16609672601802572,55.0,,7.144495422897552,55.01548092518303,54.67870720316215,55.064425779768065,55.12919860354357,55.09852928819205,54.70950130503216,55.13263279661602,54.69410130490338,55.18157765120105,55.10489499353537
1061.0,19.08933891992551,19.08933891992551,0.2,-1,55.198136106611,55.12697544677674,0.14232131966853245,55.0,,4.198236772048168,55.05581478694247,54.68080596887405,55.097921877661705,55.04376800012876,55.12697544677674,54.70830884251965,55.156029015891775,54.70066037559548,55.198136106611,55.093390348486935
1062.0,19.010148975791434,19.010148975791434,0.2,-1,55.15288891156988,55.104208470261675,0.09736088261642095,55.0,,5.5592654622931885,55.05552802895346,54.6758974450572,55.0856060983308,55.01861714065684,55.104208470261675,54.68679929812694,55.12281084219256,54.67811841898336,55.15288891156988,55.094101694135546
1063.0,18.930959031657363,18.930959031657363,0.2,-1,55.10770755986559,55.08114742289331,0.053120273944550433,55.0,,5.415437658543989,55.05458728592104,54.66954695333117,55.07298921765283,54.98707346246226,55.081147422893316,54.65238569784365,55.08930562813381,54.62734778870896,55.10770755986559,54.991332606578446
1064.0,18.85176908752328,18.85176908752328,0.2,-1,55.062584416956376,55.05779401600521,0.009580801902330904,55.0,,6.180844412354068,55.053003615054045,54.70628071968219,55.060065243569554,55.077807755041825,55.05779401600521,54.648848976843176,55.055522788440875,54.5890594129741,55.062584416956376,54.89616515948271
1065.0,18.7725791433892,18.7725791433892,0.2,-1,55.05078764698139,55.03414995333223,0.03327538729831048,55.0,,6.690069219856839,55.05078764698139,54.71211277164055,55.046828760972915,55.07760576627211,55.03414995333223,54.62200775773051,55.021471145691564,54.537084577756374,55.01751225968308,54.7836056307277
1066.0,18.69338919925512,18.69338919925512,0.2,-1,55.04794960991823,55.010216931046024,0.0754653577444202,55.0,,6.9996129768407265,55.04794960991823,54.71173373688588,55.03327489387148,55.06326151302823,55.01021693104602,54.5978822870516,54.98715896822057,54.49908071946332,54.97248425217381,54.73112641219728
1067.0,18.614199255121044,18.614199255121044,0.2,-1,55.04449935234804,54.98599663779005,0.11700542911599854,55.0,,6.890185593360247,55.04449935234804,54.70577709206097,55.019399269942454,55.03792133511257,54.985996637790045,54.578652382368816,54.95259400563765,54.47985137576254,54.92749392323204,54.752825769159735
1068.0,18.555214152700184,18.555214152700184,0.2,-1,55.04044636431324,54.961490754714454,0.15791121919757956,55.0,,6.490712549111542,55.04044636431324,54.69348745650498,55.005197987319846,54.999946040022095,54.961490754714454,54.563532610600966,54.91778352210907,54.47920861730609,54.88253514511566,54.84541484596455
1069.0,18.48840782122905,18.48840782122905,0.2,-1,55.03589750087981,54.9367986589894,0.19819768378081903,55.0,,6.260362193720935,55.03589750087981,54.67790084613371,54.990765286957476,54.95359522796112,54.9367986589894,54.541803806743296,54.882832031021344,54.46858841878903,54.83769981709899,54.89817990149807
1070.0,18.345670391061454,18.345670391061454,0.2,-1,55.03082318611347,54.911883609053135,0.23787915412069793,55.0,,6.784336119372977,55.03082318611347,54.687120465518866,54.97605970869153,54.97383912864489,54.91188360905312,54.5220262515382,54.847707509414725,54.429337296637826,54.792944031992775,54.81796237471088
1071.0,18.29743947858473,18.29743947858473,0.1,-1,55.024865374667435,54.88638068861851,0.2769693720978452,55.0,,5.781031986083017,55.024865374667435,54.65922770346683,54.96071200790351,54.890906689460614,54.88638068861851,54.47901337328513,54.812049369333515,54.38546591207068,54.74789600256959,54.75902402149439
1072.0,18.21824953445065,18.21824953445065,0.1,-1,55.05841038730103,54.911014765674224,0.29479124325361994,55.0,,6.511481715603412,55.05841038730103,54.701265620082474,54.99028081843327,54.93740674360479,54.91101476567422,54.50475034440224,54.83174871291517,54.398774037343316,54.76361914404741,54.733779980241415
1073.0,18.11641061452514,18.11641061452514,0.0,1,55.09141746240662,54.93521783140951,0.31239926199420154,55.0,,7.451740692366724,55.09141746240662,54.76222476530535,55.01938720148552,55.03757703147994,54.93521783140951,54.54547520520786,54.85104846133351,54.420572205668115,54.779018200412416,54.72458927175249
1074.0,18.02728119180633,18.02728119180633,0.0,1,55.163836760361214,55.00924742860627,0.30917866350986145,55.0,,6.174561807562497,55.163836760361214,54.816396504235236,55.09314541832044,55.049291905438615,55.00924742860628,54.61227045222386,54.92534943889213,54.503634798864134,54.85465809685135,54.83924340345379
1075.0,18.005121042830552,18.005121042830552,0.1,1,55.235858335936165,55.08284937072525,0.3060179304218309,55.0,,6.515629742731483,55.235858335936165,54.87373834538173,55.16645211432384,55.07286256175311,55.08284937072525,54.67736240703764,54.99924662712666,54.57918748625421,54.929840405514334,54.92188211270531
1076.0,17.87998137802607,17.87998137802607,0.2,1,55.24620368421465,55.10568144636447,0.2810444757003481,55.0,,4.516788633390124,55.24620368421465,54.87810342007659,55.1834849028501,55.07313940312404,55.10568144636448,54.69623093625926,55.02787798987885,54.60767993649553,54.9651592085143,54.95177041735
1077.0,17.84038640595903,17.84038640595903,0.2,1,55.19445880462639,55.077158337885024,0.2346009334827457,55.0,,5.542516138340933,55.19445880462639,54.837681101119,55.143684214553474,55.0727603976168,55.077158337885024,54.67898304941336,55.01063246121657,54.60128928670849,54.95985787114365,54.96718027799631
1078.0,17.725512104283062,17.725512104283062,0.2,1,55.14300105326229,55.048561338248945,0.18887943002668095,55.0,,5.932168787410026,55.14300105326229,54.79875485536902,55.10384038156102,55.07411789474645,55.04856133824895,54.66425015282298,54.99328229493687,54.59881556405007,54.95412162323561,54.99519829918388
1079.0,17.599231843575406,17.599231843575406,0.2,1,55.09146270364038,55.01953156583954,0.14386227560165565,55.0,,6.1538617743942305,55.09146270364038,54.76849973118748,55.06360109397615,55.09605497658603,55.01953156583956,54.65257628282458,54.97546203770294,54.59192212698385,54.947600428038726,54.99893206863552
1080.0,17.578212290502787,17.578212290502787,0.1,1,55.039783803644106,54.99001753295228,0.09953254138366674,55.0,,6.414942885687947,55.039783803644106,54.698022966552635,55.022920917645834,55.00268945500779,54.99001753295228,54.60991056783152,54.9571141482587,54.56731659993827,54.94025126226044,54.9776703445986
1081.0,17.486475791433893,17.486475791433893,0.1,1,55.049661900222645,55.01099875308213,0.0773262942810149,55.0,,6.004236275618005,55.049661900222645,54.70764210579325,55.038164236835236,55.010399872684744,55.01099875308214,54.623554742962334,54.983833269329025,54.577294351674276,54.97233560594163,54.938485191161
1082.0,17.426350093109875,17.426350093109875,0.2,1,55.0592037501601,55.03150131085435,0.05540487861149046,55.0,,5.6297967445830315,55.0592037501601,54.74488450928631,55.05294883809078,55.097498446543575,55.03150131085436,54.66221975843435,55.01005378361792,54.60760194362732,55.00379887154861,54.95113082240297
1083.0,17.347160148975785,17.347160148975785,0.1,1,55.01151271222464,55.0011170616004,0.020791301248500815,55.0,,5.359750173749424,55.00731669830675,54.66626528762747,55.01151271222464,54.9808300643981,55.001117061600404,54.612066962651454,54.99072141097614,54.576250213869166,54.99491742489405,54.92045280447689
1084.0,17.23733705772812,17.23733705772812,0.1,1,55.02571414502896,55.02097845223828,0.009471385581342417,55.0,,6.5592767051723655,55.01663392948382,54.66002410234709,55.02571414502896,54.950430394338255,55.020978452238296,54.62578380260142,55.016242759447614,54.60745322766337,55.02532297499277,54.98050598305802
1085.0,17.179818435754193,17.179818435754193,0.1,1,55.055037676889114,55.04027952546586,0.029516302846509745,55.0,,6.9844266693557175,55.025521374042604,54.680477930831294,55.039384058255656,54.99482734576138,55.04027952546586,54.652740018524256,55.041174992676055,54.63408630108235,55.055037676889114,54.998221711390045
1086.0,17.0770018621974,17.0770018621974,0.2,1,55.0843133021453,55.05926951433652,0.05008757561755317,55.0,,7.345804877598369,55.034225726527744,54.70676942080675,55.05277325720285,55.05572679322035,55.05926951433653,54.68867925257715,55.06576577147019,54.673390516476665,55.0843133021453,55.057697302214926
1087.0,16.997811918063313,16.997811918063313,0.1,1,55.07289808342391,55.02711947825877,0.0915572103302722,55.0,,6.750327796512161,54.981340873093636,54.659505113977005,55.00975468218165,55.028840869015575,55.02711947825878,54.65868420323461,55.04448427433589,54.64774094151169,55.07289808342391,55.02044013508188
1088.0,16.978584729981378,16.978584729981378,0.0,-1,55.100953164994884,55.04527700847642,0.11135231303693871,55.0,,7.734021404757616,54.989600851957945,54.67674908109964,55.0223876376921,55.0615070291626,55.045277008476425,54.686439749510455,55.06816637926073,54.68018294038339,55.100953164994884,55.06564368299304
1089.0,16.867621042830542,16.867621042830542,0.0,-1,55.16883804613023,55.11389486677367,0.10988635871314045,55.0,,5.33318417944431,55.05895168741709,54.727402579688565,55.09078423065462,55.06741721054098,55.11389486677367,54.7470950341036,55.137005502892706,54.75510909138944,55.16883804613023,55.163967331352325
1090.0,16.76024208566108,16.76024208566108,0.1,-1,55.23622203412928,55.18199049901218,0.1084630702342082,55.0,,5.398865483242741,55.12775896389507,54.781978798291156,55.15868487706018,55.08522415276909,55.18199049901218,54.80084975561209,55.205296120964164,54.809575288705645,55.23622203412928,55.18429734872887
1091.0,16.681052141526997,16.681052141526997,0.2,-1,55.24152239318856,55.19871741004795,0.08560996628121842,55.0,,3.882173922878038,55.15591242690734,54.80542873601498,55.18060130665546,55.088275288531484,55.198717410047955,54.807632466046044,55.216833513440434,54.80521326952319,55.24152239318856,55.13339741604125
1092.0,16.576443202979515,16.576443202979515,0.2,-1,55.1849697379526,55.164140796567054,0.04165788277109783,55.0,,5.323480410159778,55.1433118551815,54.815746343846996,55.15657650063064,55.125251125342544,55.164140796567054,54.78394426414394,55.17170509250345,54.75557954106662,55.1849697379526,55.043136001562075
1093.0,16.522509310986965,16.522509310986965,0.2,-1,55.13217832081668,55.12921401681041,0.005928608012553127,55.0,,5.22422773456966,55.13001676432681,54.78813141941283,55.13217832081668,55.057643255988765,55.12921401681041,54.73550073480143,55.126249712804125,54.69842374792744,55.128411269294006,54.96363284125257
1094.0,16.476070763500935,16.476070763500935,0.2,-1,55.116274872596264,55.094176215683184,0.044197313826153106,55.0,,5.563080959426457,55.116274872596264,54.78319839788185,55.10763934539791,55.054519782887006,55.094176215683184,54.70185616505629,55.080713085968455,54.645024840425556,55.07207755877011,54.87683452119804
1095.0,16.39688081936685,16.39688081936685,0.2,-1,55.102130095259675,55.0590631082798,0.08613397395973266,55.0,,6.000039090639475,55.102130095259675,54.798893667135054,55.082989234602735,55.1157570868645,55.05906310827981,54.70545927676725,55.035136981956875,54.64903680184341,55.01599612129994,54.97740152550421
1096.0,16.317690875232774,16.317690875232774,0.1,-1,55.08743790381687,55.02372231780106,0.12743117203162058,55.0,,5.988552524463392,55.08743790381687,54.77812322470836,55.05807003532037,55.06580925510653,55.02372231780106,54.66106745526367,54.98937460028175,54.59160969412822,54.96000673178525,54.88580262881049
1097.0,16.238500931098702,16.238500931098702,0.2,-1,55.11225482117147,55.03869931509121,0.14711101216052924,55.0,,5.682554883801106,55.11225482117147,54.797425810013344,55.07817889659202,55.065946116284884,55.0386993150912,54.68259410124332,54.99921973359039,54.62432633584872,54.96514380901094,54.97488508250384
1098.0,16.161592178770952,16.161592178770952,0.1,-1,55.0964496619115,55.002702853923346,0.187493615976301,55.0,,4.777451193457397,55.0964496619115,54.76089419713245,55.05252724500928,54.97876134648917,55.002702853923346,54.63046738705202,54.95287846283742,54.570315657634495,54.9089560459352,54.90853226818795
1099.0,16.12199720670391,16.12199720670391,0.1,-1,55.12019644424774,55.016995875667966,0.20640113715953845,55.0,,5.40139748177484,55.12019644424774,54.79482294730448,55.07190019275349,55.022293684731984,55.016995875667966,54.6536446184403,54.96209155858245,54.58822196184916,54.9137953070882,54.92778636695879
1100.0,16.082402234636874,16.082402234636874,0.1,-1,55.14361340316737,55.03107598824192,0.22507482985089666,55.0,,5.0882475294976945,55.14361340316737,54.79696393003544,55.09103416483168,54.97957693224537,55.03107598824192,54.65851536046463,54.971117811652164,54.60594170090831,54.918538573316475,54.97626034896447
1101.0,16.019506517690882,16.019506517690882,0.1,-1,55.16670336098166,55.044943746354384,0.24351922925453806,55.0,,4.713741377830511,55.16670336098166,54.80981786055343,55.10992832046733,54.96379468327441,55.044943746354384,54.653611305711124,54.97995917224144,54.587730402552246,54.92318413172712,54.88373598223
1102.0,15.970623836126626,15.970623836126626,0.2,-1,55.189360979741856,55.05849163093543,0.2617386976128415,55.0,,6.276530914480122,55.189360979741856,54.86363645301251,55.12847386101792,55.067359117108694,55.058491630935436,54.6903037776524,54.98850940085295,54.609884372489404,54.927622282129015,54.90236850287648
1103.0,15.968342644320298,15.968342644320298,0.1,-1,55.171400374219516,55.021171104830636,0.30045853877773965,55.0,,5.873992272629131,55.171400374219516,54.84498173137756,55.10129215086368,55.03821008730472,55.02117110483064,54.657074929990415,54.94105005879761,54.57430399512855,54.870941835441776,54.88891715435263
1104.0,15.968342644320298,15.968342644320298,0.2,-1,55.19351323914114,55.03452992991579,0.3179666184507113,55.0,,7.131877270636505,55.19351323914114,54.88245915433448,55.11957768327971,55.089422823593,55.034529929915784,54.67067317504832,54.94948217655186,54.564550422804594,54.87554662069043,54.806943723641226
1105.0,15.98708100558659,15.98708100558659,0.1,-1,55.17523352882793,54.997295807275876,0.355875443104118,55.0,,6.63939664542523,55.17523352882793,54.87070099119437,55.09237630097624,55.07868043979098,54.99729580727587,54.64341854719255,54.9022153135755,54.532492204151204,54.81935808572381,54.80158884613516
1106.0,16.000931098696462,16.000931098696462,0.0,1,55.19714045163024,55.01078978417884,0.372701334902807,55.0,,6.337858068241033,55.19714045163024,54.88309502803493,55.11071729256439,55.060001395526044,55.01078978417883,54.641214197754785,54.91086227579328,54.51870121635308,54.82443911672743,54.73032596573175
1107.0,16.000931098696462,16.000931098696462,0.0,1,55.25925712313567,55.07483852070485,0.3688372048616202,55.0,,4.396869136531721,55.25925712313567,54.948835300309696,55.17446412759516,55.128012059035605,55.07483852070485,54.71702314940944,54.97521291381455,54.60534505820608,54.89041991827405,54.865865742632714
1108.0,16.000931098696462,16.000931098696462,0.1,1,55.321410283885534,55.13888730274935,0.3650459622723474,55.0,,5.867221148803166,55.321410283885534,55.00218744136131,55.238181313689424,55.16060303951789,55.13888730274935,54.7797618189706,55.03959329180929,54.67899334152405,54.95636432161319,54.96338018971758
1109.0,16.000931098696462,16.000931098696462,0.2,1,55.321826574645016,55.15215907355211,0.33933500218579127,55.0,,3.9571752779080196,55.321826574645016,55.00216799534253,55.24558026762986,55.16666405002733,55.15215907355211,54.793869109232126,55.05873787947437,54.70084653447934,54.982491572459224,54.99098085706752
1110.0,16.000931098696462,16.000931098696462,0.2,1,55.260625367177674,55.11460003037549,0.2920506736043649,55.0,,4.82870773217354,55.260625367177674,54.93960674031878,55.196633698990034,55.12003405292471,55.114600030375485,54.75506601484146,55.03256636176095,54.67287793428167,54.96857469357331,54.96613196519188
1111.0,16.000931098696462,16.000931098696462,0.2,1,55.19994576859271,55.07719293471698,0.245505667751452,55.0,,5.298772862983326,55.19994576859271,54.88454855812959,55.14786578697026,55.093963370645994,55.07719293471698,54.72562451329833,55.006520082463716,54.65660653177485,54.95444010084126,54.976421254325636
1112.0,16.000931098696462,16.000931098696462,0.2,1,55.1397780241473,55.03993719513759,0.19968165801940074,55.0,,5.791127321539789,55.1397780241473,54.81784150447903,55.0992829019104,55.034477286613004,55.0399371951376,54.68925624202826,54.980591488364794,54.64013228347859,54.9400963661279,54.996065045519856
1113.0,16.000931098696462,16.000931098696462,0.1,1,55.080112778790465,55.002832222308896,0.1545611129631439,55.0,,5.261461253503071,55.080112778790465,54.75440961268006,55.05089087195425,54.981525840276156,55.00283222230889,54.65013384336802,54.954773572663534,54.61372863292185,54.92555166582732,54.97586309333847
1114.0,16.000931098696462,16.000931098696462,0.1,1,55.08222464385994,55.01637919347117,0.1316909007775422,55.0,,4.477595955640011,55.08222464385994,54.77285979458202,55.05860675712743,55.02873120416855,55.01637919347116,54.663724328605866,54.9741516298149,54.611575346266314,54.950533743082396,54.89954950275091
1115.0,16.000931098696462,16.000931098696462,0.1,1,55.08445751966096,55.029898749226575,0.10911754086876613,55.0,,5.418692061952191,55.08445751966096,54.77828762164363,55.066312104620664,55.04513508396719,55.02989874922657,54.6868092408716,54.99348539383248,54.647085610370034,54.97533997879219,54.975017512333984
1116.0,16.000931098696462,16.000931098696462,0.2,1,55.08680822343457,55.04339094809355,0.0868345506820205,55.0,,7.440228987343892,55.08680822343457,54.77561510914574,55.074009502356816,55.0423964795168,55.04339094809355,54.713479767385905,55.012772393830296,54.70184501686027,54.99997367275255,55.12467947381829
1117.0,16.000931098696462,16.000931098696462,0.1,1,55.027976567647535,55.00627199762772,0.04340914003962837,55.0,,6.791466907610622,55.027976567647535,54.689697270878334,55.02574281924815,54.92273975063434,55.006271997627714,54.65232041414741,54.986801176007276,54.65568397646575,54.98456742760791,55.05355668550263
1118.0,16.000931098696462,16.000931098696462,0.0,-1,55.03354536355773,55.01981200732622,0.027466712463017018,55.0,,6.465685086232519,55.03079729468132,54.66086488396908,55.03354536355773,54.84699415549972,55.01981200732622,54.64682537619669,55.00607865109471,54.67290592940721,55.00882671997114,55.09062491831736
1119.0,16.000931098696462,16.000931098696462,0.0,-1,55.09722564575686,55.08386074614375,0.026729799226224316,55.0,,4.42320380331842,55.09490746897294,54.746552665075036,55.09722564575686,54.96770876338334,55.08386074614375,54.72327359362137,55.07049584653063,54.7385950222079,55.072814023314564,55.12596719164013
1120.0,16.000931098696462,16.000931098696462,0.1,-1,55.1609238308476,55.147909540071865,0.02602858155148624,55.0,,5.610507259107443,55.159008087762864,54.82716265849597,55.1609238308476,55.07119227482559,55.14790954007186,54.79525481027095,55.134895249296115,54.79994620766486,55.136810992380866,55.15284207229162
1121.0,16.000931098696462,16.000931098696462,0.2,-1,55.182907403541215,55.161163072342845,0.04348866239671878,55.0,,3.904438135827699,55.182907403541215,54.84499074521154,55.17912995853782,55.07078269800104,55.161163072342845,54.80434057009855,55.143196186147875,54.80696656295517,55.139418741144496,55.15321391867836
1122.0,16.000931098696462,16.000931098696462,0.2,-1,55.166390308548586,55.12356760639128,0.08564540431460443,55.0,,5.256291357145928,55.166390308548586,54.853864604822384,55.151769966926935,55.1144112473442,55.123567606391276,54.78545909188709,55.09536524585562,54.769377496971664,55.08074490423398,55.10926998293997
1123.0,16.000931098696462,16.000931098696462,0.1,-1,55.14969757984658,55.08612422970084,0.1271467002914619,55.0,,5.098090255605424,55.14969757984658,54.81296721370389,55.1245342131021,55.01455357985607,55.08612422970084,54.7165021328878,55.047714246299584,54.682197970053345,55.02255087955512,54.93548764870092
1124.0,15.979422718808197,15.979422718808197,0.2,-1,55.17301024195446,55.09950268857464,0.14701510675963192,55.0,,5.669698860585845,55.17301024195446,54.87333994006611,55.142851503588666,55.13349711741558,55.09950268857464,54.761202450921736,55.05615387356061,54.71328293434987,55.025995135194826,54.98568551731939
1125.0,15.968342644320298,15.968342644320298,0.1,-1,55.15584360668243,55.062056985182025,0.1875732430008128,55.0,,5.403696874454582,55.15584360668243,54.83057695010429,55.115560875785086,55.032946689407304,55.062056985182025,54.704182521335945,55.00855309457896,54.65448343363337,54.96827036368162,54.9170363402689
1126.0,16.000931098696462,16.000931098696462,0.2,-1,55.17865475983143,55.07533308996567,0.20664333973151372,55.0,,5.728950886407634,55.17865475983143,54.865429490970385,55.133745832899976,55.08220528753764,55.075333089965675,54.7299385786283,55.016920347031366,54.67559252137306,54.97201142009992,54.95412280122492
1127.0,15.990991620111732,15.990991620111732,0.1,-1,55.161235180010955,55.038084876270815,0.24630060748027205,55.0,,5.728193676420142,55.161235180010955,54.8445882038752,55.10658470543931,55.0449940196026,55.03808487627082,54.6912366874633,54.96958504710232,54.62999187842692,54.91493457253068,54.9098934287966
1128.0,15.968342644320298,15.968342644320298,0.2,-1,55.18381915781702,55.05151443797547,0.264609439683106,55.0,,6.370938086654337,55.18381915781702,54.88586326188465,55.12487872551487,55.10860417220727,55.05151443797547,54.714456717954484,54.97815015043606,54.636891604361544,54.919209718133914,54.888218354370785
1129.0,15.99229515828678,15.99229515828678,0.2,-1,55.16591392815119,55.0142115779196,0.3034047004631688,55.0,,6.880580491005678,55.16591392815119,54.90008126089749,55.097581862879004,55.170612306229586,55.01421157791961,54.7130861216814,54.9308412929602,54.629612507666764,54.86250922768802,54.948229926564984
1130.0,16.000931098696462,16.000931098696462,0.1,-1,55.14798219839314,54.97717069321377,0.3416230103587381,55.0,,7.36137520514866,55.14798219839314,54.884199292205516,55.07049273888292,55.13587128466859,54.97717069321377,54.662382764560206,54.88384864754462,54.54965615314163,54.8063591880344,54.77243662742729
1131.0,15.995554003724395,15.995554003724395,0.0,1,55.17012847961169,54.99076960472338,0.3587177497766305,55.0,,6.57051437699531,55.17012847961169,54.92231085663101,55.08886153448117,55.18374970777814,54.990769604723376,54.67818642267689,54.89267767496558,54.54223755595577,54.81141072983506,54.70422291096247
1132.0,15.980726256983235,15.980726256983235,0.0,1,55.23233549631442,55.054793414791604,0.35508416304561763,55.0,,4.415941470254488,55.23233549631442,54.97117335805621,55.15250920735861,55.1996109736115,55.05479341479161,54.74318433666336,54.95707762222461,54.62464593313092,54.8772513332688,54.84436527230892
1133.0,16.000931098696462,16.000931098696462,0.1,1,55.29450601993138,55.11874852465006,0.35151499056263447,55.0,,4.984966406584789,55.29450601993138,55.041168539834395,55.21606438177689,55.26895030050879,55.118748524650066,54.80467829637837,55.02143266752325,54.67277124134246,54.94299102936875,54.839082401917956
1134.0,16.000931098696462,16.000931098696462,0.2,1,55.29508374385314,55.13206101104326,0.32604546561975667,55.0,,3.456567668800759,55.29508374385314,55.00951794857845,55.22344525324474,55.18471517028541,55.13206101104326,54.79906551963872,55.040676768841784,54.68915951609654,54.969038278233384,54.88481585791863
1135.0,16.000931098696462,16.000931098696462,0.2,1,55.23409374977247,55.09458327295495,0.2790209536350403,55.0,,4.161184957785567,55.23409374977247,54.96078029610884,55.17453076090596,55.177046646490794,55.09458327295495,54.77645158940108,55.01463578500393,54.67910328298238,54.95507279613743,54.91696514589199
1136.0,16.000931098696462,16.000931098696462,0.2,1,55.17362051752142,55.05725716593761,0.23272670316763566,55.0,,3.7820165940395847,55.17362051752142,54.89775111822279,55.12579991332535,55.12225593764098,55.05725716593761,54.72983204834609,54.988714418549854,54.633664098000885,54.940893814353785,54.835222354153174
1137.0,16.000931098696462,16.000931098696462,0.1,1,55.113654531699375,55.02008209968128,0.1871448640361848,55.0,,4.093328495028989,55.113654531699375,54.800756906801766,55.077258722037165,54.97943633634569,55.02008209968128,54.671980070476025,54.96290547732539,54.606762403596406,54.92650966766319,54.8535800456813
1138.0,16.000931098696462,16.000931098696462,0.1,1,55.115538136414024,55.03359416228584,0.16388794825638087,55.0,,4.109900059534332,55.115538136414024,54.80335903016984,55.084877783511175,54.990249125453325,55.03359416228584,54.682903728078045,54.98231054106049,54.61882955218987,54.95165018815764,54.84922678185347
1139.0,16.000931098696462,16.000931098696462,0.1,1,55.117546156074326,55.04707888399408,0.1409345441604941,55.0,,4.666489970864277,55.117546156074326,54.79701025295728,55.09248495291115,54.980377214608836,55.04707888399408,54.698287381542315,55.00167281507701,54.6524676239325,54.97661161191383,54.931350855862746
1140.0,15.997672253258848,15.997672253258848,0.2,1,55.1196752946253,55.06053632315021,0.11827794295017213,55.0,,5.0838210733083065,55.1196752946253,54.823288829818225,55.1000829592049,55.057039189592714,55.060536323150224,54.72969871110109,55.020989687095536,54.680778127456755,55.00139735167513,54.96163419128726
1141.0,15.978608007448791,15.978608007448791,0.1,1,55.06054363078896,55.02333287974093,0.07442150209607235,55.0,,4.810460954133914,55.06054363078896,54.7742050607546,55.05164792637888,55.04152222053073,55.023332879740934,54.698224895528305,54.99501783310298,54.653057734415,54.98612212869289,54.92998914894573
1142.0,15.983659217877095,15.983659217877095,0.2,1,55.06304604907277,55.03673489731092,0.05262230352370523,55.0,,6.706511708577607,55.06304604907277,54.76590250177799,55.05924579230453,55.02265254153233,55.03673489731092,54.717150561561716,55.0142240023173,54.697448575010284,55.01042374554906,55.05128895805007
1143.0,15.99262104283054,15.99262104283054,0.1,1,55.01093889216675,54.99956282653277,0.022752131267957054,55.0,,6.005119144622096,55.004431683276515,54.70965996444415,55.01093889216675,54.98576689149144,54.999562826532774,54.67900559505142,54.98818676089879,54.66496859763488,54.994693969789026,55.00619901811066
1144.0,15.96964618249535,15.96964618249535,0.1,1,55.01871842989272,55.01307789315265,0.011281073480148507,55.0,,6.775554091408598,55.00745695256392,54.73165694281519,55.01871842989272,55.044285634615406,55.013077893152655,54.70678988612873,55.007437356412574,54.69112056788881,55.018698833741375,55.03161862629445
1145.0,15.99522811918063,15.99522811918063,0.1,1,55.04244235741696,55.026459135495244,0.03196644384343017,55.0,,6.864088463135494,55.01047591357353,54.72164334058915,55.02639768834811,55.01225312870797,55.02645913549525,54.70938907185355,55.02652058264238,54.70149971173601,55.04244235741696,55.031561305563486
1146.0,15.981052141527002,15.981052141527002,0.2,1,55.06615220347895,55.03993185734208,0.05244069227374837,55.0,,7.190363957102137,55.0137115112052,54.736040089847805,55.034203254298625,55.04973134376932,55.03993185734208,54.73291555178459,55.04566046038553,54.72784487110912,55.06615220347895,55.06633336767993
1147.0,15.981215083798883,15.981215083798883,0.0,-1,55.04964170224001,55.00273476575645,0.09381387296712518,55.0,,6.2446273332311995,54.955827829272884,54.62210936656857,54.98607389033747,54.852475556754825,55.00273476575646,54.654734942713674,55.01939564117542,54.67949474061219,55.04964170224001,55.02199667768774
1148.0,15.968342644320298,15.968342644320298,0.0,-1,55.112922875595935,55.066692116160574,0.09246151887072074,55.0,,3.1414291928153597,55.020461356725214,54.68074300556809,55.04972753207985,54.89700345058293,55.06669211616058,54.711376484839015,55.0836567002413,54.73539151532486,55.112922875595935,55.054121984521714
1149.0,15.969483240223466,15.969483240223466,0.1,-1,55.17616634328757,55.1305898547016,0.09115297717193727,55.0,,4.581110085301274,55.08501336611563,54.761205995366865,55.11335025782969,55.002563912285275,55.130589854701604,54.78542016335177,55.147829451573514,54.80216931428092,55.17616634328757,55.10616910588187
1150.0,16.000931098696462,16.000931098696462,0.2,-1,55.17795798402722,55.14373265073333,0.06845066658780041,55.0,,3.544639157768798,55.10950731743942,54.792660547516974,55.13159256401343,55.040432827792365,55.14373265073333,54.80424415541458,55.155872737453215,54.81435049584244,55.17795798402722,55.11686648243592
1151.0,16.000931098696462,16.000931098696462,0.2,-1,55.11854992169934,55.10620769515324,0.024684453092213232,55.0,,4.320673292418261,55.09386546860713,54.78321852257782,55.10451983372831,55.035491296660126,55.10620769515324,54.77771270711873,55.10789555657816,54.783938045509466,55.11854992169934,55.11962314070077
1152.0,16.000931098696462,16.000931098696462,0.2,-1,55.07803130935176,55.06883455442581,0.01839350985189725,55.0,,5.089549396400461,55.07803130935176,54.78467654435758,55.07757848871784,55.05352399553086,55.06883455442581,54.74391391624616,55.06009062013378,54.72296835092409,55.05963779949986,55.001321376931145
1153.0,16.000931098696462,16.000931098696462,0.2,-1,55.062012878149716,55.031612637585326,0.060800481128787,55.0,,5.256899385467639,55.062012878149716,54.77555705222851,55.05076124093235,55.04599383739994,55.031612637585326,54.7158017581518,55.01246403423829,54.68739754006598,55.00121239702093,54.985181150467746
1154.0,16.000931098696462,16.000931098696462,0.1,-1,55.04581783801874,54.9945413557753,0.10255296448688256,55.0,,4.685977308395448,55.04581783801874,54.748664593508444,55.02406132389674,54.987858604359396,54.994541355775304,54.67015238817356,54.96502138765386,54.635096029197975,54.94326487353186,54.92407186781383
1155.0,16.000931098696462,16.000931098696462,0.2,-1,55.06941684304532,55.00810510691248,0.12262347226567272,55.0,,4.953366232654839,55.06941684304532,54.775349493586845,55.042704479930094,55.0120263415188,55.00810510691248,54.68884978757533,54.97350573389486,54.65174789026131,54.946793370779645,54.95222099240771
1156.0,16.000931098696462,16.000931098696462,0.1,-1,55.05284618755972,54.97112897062226,0.16343443387492584,55.0,,4.729098845613655,55.05284618755972,54.76211632591879,55.01603738970662,54.99311374342153,54.97112897062226,54.652547890687906,54.926220551537895,54.602852084304864,54.8894117536848,54.88890179631843
1157.0,16.000931098696462,16.000931098696462,0.1,-1,55.0760944677395,54.984740112500674,0.18270871047766235,55.0,,5.654037491831195,55.0760944677395,54.80205993427138,55.034689276652095,55.05220695019504,54.984740112500674,54.67723470317928,54.93479094834924,54.61554853743136,54.89338575726184,54.88972488160148
1158.0,16.000931098696462,16.000931098696462,0.2,-1,55.09919293461815,54.998323701952394,0.20173846533150197,55.0,,6.051905539957211,55.09919293461815,54.831181802548805,55.05329347538965,55.08046278883325,54.9983237019524,54.695049339858116,54.943353928515144,54.626270589566076,54.89745446928665,54.89411570431284
1159.0,16.000931098696462,16.000931098696462,0.1,-1,55.08207280734679,54.9613871580975,0.24137129849857786,55.0,,5.369363553310346,55.08207280734679,54.80379072029902,55.0265570689411,55.019893963954466,54.9613871580975,54.6447101366959,54.896217247253894,54.56293716227477,54.84070150884821,54.793043536058626
1160.0,16.000931098696462,16.000931098696462,0.1,-1,55.10484373159124,54.975018021780144,0.2596514196221875,55.0,,5.407404529055118,55.10484373159124,54.81965975461175,55.04515291733235,55.01282565996554,54.975018021780144,54.649595345280076,54.90488312622793,54.5611510536233,54.84519231196905,54.76666982866787
1161.0,16.000931098696462,16.000931098696462,0.1,-1,55.12747522535796,54.98862129091216,0.2777078688916035,55.0,,6.071048367692169,55.12747522535796,54.84936204372909,55.063693463493976,55.04720075104362,54.98862129091216,54.669693814917544,54.91354911833034,54.57574859979986,54.84976735646636,54.786836617508484
1162.0,16.000931098696462,16.000931098696462,0.1,-1,55.14996945468843,55.002197024431226,0.2955448605144255,55.0,,5.032224196727184,55.14996945468843,54.838181539430316,55.08217756110993,54.97491256541668,55.00219702443122,54.674010528837485,54.9222164877525,54.60756460333467,54.854424594174006,54.905669462345955
1163.0,16.000931098696462,16.000931098696462,0.2,-1,55.17232850717096,55.015745281137015,0.3131664520678754,55.0,,6.817143006612194,55.17232850717096,54.92744881200987,55.10060416716064,55.17726587194918,55.01574528113702,54.74023385386409,54.9308863951134,54.6507394977048,54.859162055103084,54.965421833018
1164.0,16.000931098696462,16.000931098696462,0.2,-1,55.154335007650815,54.97873822062892,0.3511935740437835,55.0,,7.2796136760597365,55.154335007650815,54.91042879724726,55.07358540011907,55.14473825408226,54.97873822062892,54.69785832885383,54.88389104113877,54.59174937577485,54.80314143360703,54.865155632221665
1165.0,16.000931098696462,16.000931098696462,0.1,-1,55.13621257580008,54.941880958185926,0.38866323522830015,55.0,,6.542122432530642,55.13621257580008,54.876570331544265,55.04665447146253,55.06716498511106,54.941880958185926,54.64378929884361,54.83710744490933,54.527578696095894,54.74754934057178,54.76359997913056
1166.0,16.000931098696462,16.000931098696462,0.0,1,55.15811289606794,54.955551315913794,0.40512316030829254,55.0,,6.18577220100101,55.15811289606794,54.86735291747136,55.06508533431337,54.992937221580135,54.955551315913794,54.631652054598995,54.846017297514216,54.519269945651175,54.75298973575965,54.73420369509214
1167.0,15.971438547486038,15.971438547486038,0.0,1,55.22008193582817,55.01960006787108,0.4009637359141891,55.0,,3.068479285695251,55.22008193582817,54.93957264659725,55.128765070050434,55.07822735923092,55.019600067871075,54.70025547223501,54.910435065691715,54.58157462422842,54.81911819991398,54.77623887499695
1168.0,15.97225325884544,15.97225325884544,0.1,1,55.28195251732867,55.083512117469546,0.39688079971823953,55.0,,4.25039132063246,55.28195251732867,54.98101040179172,55.19227810900874,55.08162578143549,55.083512117469546,54.75375441457868,54.97474612593036,54.6492687494557,54.88507171761043,54.86754459079311
1169.0,16.000931098696462,16.000931098696462,0.2,1,55.28217155643164,55.096762945090724,0.37081722268183626,55.0,,3.7450621219517544,55.28217155643164,55.00611732341944,55.19956928853553,55.162931216180255,55.09676294509072,54.79254420324621,54.99395660164592,54.6942300108764,54.911354333749806,54.95753630906163
1170.0,16.000931098696462,16.000931098696462,0.2,1,55.22098865619048,55.059428018705695,0.32312127496955867,55.0,,4.612983311541609,55.22098865619048,54.9274646332103,55.15074112753689,55.07363349645492,55.05942801870569,54.74319811315877,54.9681149098745,54.663041602427676,54.89786738122092,54.93776041933527
1171.0,16.000931098696462,16.000931098696462,0.2,1,55.160329563317696,55.022244167421334,0.2761707917927083,55.0,,3.992671383865146,55.160329563317696,54.90501447245077,55.102091304016206,55.13414898721446,55.02224416742133,54.7257312343571,54.94239703082647,54.63175338843197,54.88415877152499,54.86552176749371
1172.0,16.000931098696462,16.000931098696462,0.2,1,55.10018445747018,54.985210802912455,0.22994730911542405,55.0,,3.9864444229434084,55.10018445747018,54.85116104528145,55.05362623310244,55.10482099781492,54.985210802912455,54.690955738000305,54.91679537272248,54.601004854779646,54.870237148354754,54.82771220920764
1173.0,16.000931098696462,16.000931098696462,0.1,1,55.0405439207339,54.948327338955686,0.18443316355640604,55.0,,3.8467409776722934,55.0405439207339,54.76337739383975,55.00535178415151,54.98085300908699,54.94832733895569,54.63057989774022,54.891302893759885,54.55636885366755,54.8561107571775,54.77320956609557
1174.0,16.000931098696462,16.000931098696462,0.2,1,55.04260242118905,54.961984644049814,0.1612355542784769,55.0,,3.9438173108101084,55.04260242118905,54.78042768239421,55.01309288899732,55.02844194343257,54.96198464404981,54.653887507974815,54.9108763991023,54.576983079344686,54.881366866910575,54.78793940865217
1175.0,16.000931098696462,16.000931098696462,0.1,1,54.98357611230782,54.925195204610375,0.11676181539490926,55.0,,3.7743392426596665,54.98357611230782,54.72521747948516,54.96498829904761,54.996479755452086,54.92519520461036,54.62400400198311,54.885402110173125,54.559644684577066,54.866814296912914,54.80208358821569
1176.0,16.000931098696462,16.000931098696462,0.1,1,54.986121137685224,54.93889935086065,0.09444357364915845,55.0,,3.643273928701633,54.986121137685224,54.714202591107046,54.97282513713676,54.96468244818701,54.93889935086064,54.62950015952341,54.90497356458453,54.57659190356377,54.891677564036065,54.82948191518536
1177.0,16.000931098696462,16.000931098696462,0.1,1,54.988779299839614,54.952575745981235,0.07240710771674941,55.0,,3.8991840579314423,54.988779299839614,54.69435968327604,54.98065896457929,54.911828747410205,54.952575745981235,54.63140677452395,54.92449252738319,54.59737916890889,54.916372192122864,54.87844993452773
1178.0,16.000931098696462,16.000931098696462,0.1,1,54.9915477763571,54.9662244492766,0.05064665416098535,55.0,,4.265843119734723,54.9915477763571,54.69032926449975,54.98849183408947,54.903891636223086,54.96622444927661,54.64151381133598,54.94395706446375,54.61703508385247,54.94090112219612,54.90721054867951
1179.0,16.000931098696462,16.000931098696462,0.1,1,54.99632564065602,54.97984551991226,0.03296024148751542,55.0,,4.213942245274015,54.99442385950486,54.734734230267826,54.99632564065602,55.02520455993036,54.97984551991226,54.67800462049555,54.9633653991685,54.63385598961533,54.96526718031966,54.88068678656035
1180.0,16.000931098696462,16.000931098696462,0.1,1,55.00416213147427,54.99343901691509,0.021446229118339488,55.0,,4.775184146487526,54.99740494990921,54.72510220263958,55.00416213147427,54.997926347142595,54.9934390169151,54.68793851533917,54.98271590235593,54.65946954289186,54.98947308392098,54.93905605427125
1181.0,16.000931098696462,16.000931098696462,0.1,1,55.013521447737716,55.007004999173816,0.01303289712780753,55.0,,6.128437797227726,55.00048855060991,54.70922218433039,55.01200291527287,54.95573968396897,55.007004999173816,54.69416532161078,55.002007083074766,54.685515302667675,55.013521447737716,55.00300433322231
1182.0,16.000931098696462,16.000931098696462,0.1,1,55.03741478941067,55.02054352543928,0.03374252794278476,55.0,,6.130501701225838,55.003672261467884,54.68286636285245,55.019849471071666,54.884174069119155,55.02054352543928,54.683829279678356,55.02123757980689,54.68848423207737,55.03741478941067,54.992846916521565
1183.0,16.000931098696462,16.000931098696462,0.0,-1,55.06115553474465,55.03405465432486,0.054201760839575286,55.0,,6.78488343287974,55.006953773905074,54.70439504594172,55.02770315640521,54.94942451925332,55.03405465432486,54.71590495357457,55.04040615224452,54.72575043047596,55.06115553474465,55.06089801380891
1184.0,16.000931098696462,16.000931098696462,0.0,-1,55.12474040940517,55.09810339950991,0.053274019790521265,55.0,,5.449977272781855,55.07146638961465,54.77685599812224,55.09143002433572,55.02805089712491,55.09810339950991,54.77812764897794,55.104776774684105,54.7760378857861,55.12474040940517,55.0602597874732
1185.0,16.000931098696462,16.000931098696462,0.1,-1,55.188342920394774,55.16215221494783,0.05238141089389359,55.0,,7.567954370637258,55.13596150950088,54.88620831276589,55.155181724441796,55.208772721281946,55.16215221494783,54.875555592127675,55.16912270545387,54.857502093861726,55.188342920394774,55.138741791298926
1186.0,16.000931098696462,16.000931098696462,0.2,-1,55.190459554359,55.175376958276935,0.03016519216414082,55.0,,3.9084612790351936,55.16029436219486,54.89056862507018,55.17345943082312,55.17066062872658,55.175376958276935,54.885540795649845,55.17729448573076,54.883610254833314,55.190459554359,55.22399581512891
1187.0,16.000931098696462,16.000931098696462,0.2,-1,55.146188200690254,55.137723997370244,0.016928406639998173,55.0,,5.242493992541947,55.1442476041326,54.88859128125213,55.146188200690254,55.18125199716044,55.13772399737025,54.85887418667892,55.129259794050256,54.843317303545,55.13120039060789,55.1819251252568
1188.0,16.000931098696462,16.000931098696462,0.2,-1,55.12801476908795,55.10022334944976,0.05558283927638996,55.0,,5.714604322853751,55.12801476908795,54.89032361318016,55.119046100816604,55.193333444525805,55.10022334944976,54.816417668050626,55.08140059808292,54.76215037744614,55.07243192981156,54.99192596718876
1189.0,16.000931098696462,16.000931098696462,0.2,-1,55.11160368077856,55.062874421773074,0.09745851801098127,55.0,,6.003584248538694,55.11160368077856,54.874687819790616,55.092026103835856,55.162570073970834,55.062874421773074,54.77608917029539,55.03372273971029,54.706576683474545,55.014145162767576,54.913450691255726
1190.0,16.000931098696462,16.000931098696462,0.2,-1,55.09502179895943,55.02567662371202,0.13869035049480516,55.0,,6.649749945628675,55.09502179895943,54.86654189254088,55.06512168640241,55.15227986832563,55.02567662371203,54.73994073581456,54.98623156102166,54.65048335427476,54.956331448464624,54.8263394850847
1191.0,15.99881284916201,15.99881284916201,0.2,-1,55.078276240303296,54.98862936674677,0.17929374711305002,55.0,,6.392102026465451,55.078276240303296,54.85346304080641,55.03832679652873,55.13556010694001,54.98862936674677,54.719305483441254,54.93893193696483,54.63518929888041,54.898982493190246,54.888857472267674
1192.0,15.977467411545623,15.977467411545623,0.1,-1,55.06136397832302,54.951722244783355,0.219283467079336,55.0,,5.754895356205054,55.06136397832302,54.81484350952384,55.01162600330558,55.04315326475635,54.951722244783355,54.66365097912632,54.89181848626115,54.57455891195151,54.84208051124369,54.80866255923227
1193.0,16.000931098696462,16.000931098696462,0.1,-1,55.08419723622741,54.96526392353096,0.23786662539289694,55.0,,4.627309852033826,55.08419723622741,54.803754610730955,55.03013188735877,54.965873314179305,54.96526392353096,54.65884631779997,54.90039595970317,54.5862542999174,54.846330610834514,54.85503441028521
1194.0,16.000931098696462,16.000931098696462,0.2,-1,55.106996283225214,54.97888693871035,0.2562186890297298,55.0,,6.240863102608256,55.106996283225214,54.85873353373466,55.04869482392084,55.07247754857709,54.978886938710346,54.6983332871391,54.909079053499866,54.613642004928046,54.850777594195485,54.89281707464949
1195.0,16.000931098696462,16.000931098696462,0.1,-1,55.0895673158888,54.942029074237254,0.29507648330309166,55.0,,6.1998960629760385,55.0895673158888,54.84776646076118,55.02192257406999,55.05693559154822,54.942029074237254,54.65347687970713,54.862135574404526,54.54213309097717,54.79449083258571,54.744729189944856
1196.0,16.000931098696462,16.000931098696462,0.1,-1,55.11205193315778,54.95569913205195,0.31270560221165766,55.0,,6.760386431557141,55.11205193315778,54.867431907886065,55.04046981346124,55.062557667930484,54.955699132051954,54.6669353405787,54.870928450642666,54.55470369344984,54.79934633094612,54.76600741293299
1197.0,16.000931098696462,16.000931098696462,0.0,1,55.134403008939096,54.96934151158259,0.3301229947130011,55.0,,5.920148451217871,55.134403008939096,54.88682719597197,55.058958493563416,55.06363909207553,54.9693415115826,54.667473206083606,54.87972452960178,54.538616907216735,54.804280014226094,54.684636803559385
1198.0,16.000931098696462,16.000931098696462,0.0,1,55.196765124424765,55.03339025494358,0.32674973896238413,55.0,,4.69334005643113,55.196765124424765,54.9681332259765,55.1226903990851,55.17652303333225,55.033390254943576,54.759533546173465,54.94409011080205,54.64172545149283,54.87001538546238,54.868159439142794
1199.0,16.000931098696462,16.000931098696462,0.1,1,55.259157864212334,55.097438999756704,0.32343772891124445,55.0,,5.13577131161087,55.259157864212334,55.03146782380073,55.18639876639516,55.23004239139948,55.09743899975671,54.81750356555983,55.008479233118265,54.69168771593919,54.93572013530109,54.87484907589182
1200.0,16.000931098696462,16.000931098696462,0.1,1,55.25993412878529,55.11079457602919,0.2982791055121723,55.0,,5.13577131161087,55.25993412878529,55.02738638760406,55.1938994090856,55.22107130583473,55.11079457602921,54.82557634074223,55.027689742972804,54.704576137877005,54.96165502327312,54.88133332981475
