time_s,current_A,preview_current_A,fan_duty,direction,hotspot_C,mean_temperature_C,gradient_C,reference_temperature_C,safe_temperature_C,objective,true_T1_C,estimated_T1_C,true_T2_C,estimated_T2_C,true_T3_C,estimated_T3_C,true_T4_C,estimated_T4_C,true_T5_C,estimated_T5_C
0.0,6.32216014897579,6.32216014897579,0.01609198279411443,-1,56.344319167389415,55.28967909800521,2.01214223764093,55.0,,,54.332176929748485,,54.774501300954036,,55.21682567215959,,55.7805724197745,,56.344319167389415,
1.0,7.106564245810056,7.106564245810056,0.017693393209907794,-1,56.34412220954283,55.30413850953689,1.9855756381518503,55.0,,,54.35854657139098,,54.78998341777872,,55.23402331389656,,55.79401703507534,,56.34412220954283,
2.0,9.613594040968344,9.613594040968344,0.01947992011543172,-1,56.34629888935473,55.32086567934789,1.9591613932075234,55.0,,,54.387137496147204,,54.8081164543967,,55.253367840372825,,55.80940771646801,,56.34629888935473,
3.0,9.613594040968344,9.613594040968344,0.021975402110886295,-1,56.357825052154276,55.346868614039735,1.932835322862239,55.0,,,54.42498972929204,,54.83589908418632,,55.28187415944653,,55.833755045119545,,56.357825052154276,
4.0,9.613594040968344,9.613594040968344,0.024410114233522618,-1,56.3680395328534,55.371583745336544,1.9064034445745506,55.0,,,54.46163608827885,,54.862792887004055,,55.308985814198,,55.85646440434844,,56.3680395328534,
5.0,9.613594040968344,9.613594040968344,0.026784544515763502,-1,56.376973350329386,55.39504022979668,1.8798693465010246,55.0,,,54.49710400382836,,54.88880439144339,,55.3347375533862,,55.8775818499961,,56.376973350329386,
6.0,9.613594040968344,9.613594040968344,0.029099207754174333,-1,56.38465776167032,55.417267238562445,1.8532372141384599,55.0,,,54.53142054753186,,54.913941231106506,,55.35916378445105,,55.89715286805246,,56.38465776167032,
7.0,9.613594040968344,9.613594040968344,0.03135464470295513,-1,56.391124211144806,55.43829392784458,1.8265117720830801,55.0,,,54.564612439061726,,54.938212058141936,,55.382298569541284,,55.91522236133317,,56.391124211144806,
8.0,9.613594040968344,9.613594040968344,0.03355142118200448,-1,56.396404280989,55.45814941025325,1.7996982289546182,55.0,,,54.596706052034385,,54.96162646098322,,55.40417562047141,,55.93183463678821,,56.396404280989,
9.0,9.613594040968344,9.613594040968344,0.03569012711286933,-1,56.40052964405972,55.47686272703227,1.77280222537739,55.0,,,54.62772741868233,,54.98419488613323,,55.42482829280891,,55.947033393477184,,56.40052964405972,
10.0,9.613594040968344,9.613594040968344,0.037771375494771386,-1,56.403532018390806,55.494462821245826,1.7458297849108746,55.0,,,54.65770223347993,,55.005928563843725,,55.44428957927342,,55.96086171124124,,56.403532018390806,
11.0,9.625488826815644,9.625488826815644,0.039795801331857936,-1,56.4054431236791,55.51097851195768,1.718787267822968,55.0,,,54.68665585585613,,55.026839437544524,,55.462592102612106,,55.97336204009655,,56.4054431236791,
12.0,9.627281191806333,9.627281191806333,0.04176773394873033,-1,56.40634413599463,55.526487965714615,1.6916813275999445,55.0,,,54.714662808394685,,55.04698959315934,,55.479817604376656,,55.98462568664777,,56.40634413599463,
13.0,9.639501862197395,9.639501862197395,0.04368465998064022,-1,56.406222227312185,55.540975707680516,1.6645179636843892,55.0,,,54.741704263627796,,55.06634846129938,,55.49595397552455,,55.994649610638646,,56.406222227312185,
14.0,9.613594040968344,9.613594040968344,0.04555048402584181,-1,56.40515197348681,55.5545131854556,1.6373041915116957,55.0,,,54.767847781975114,,55.08497291128067,,55.51107582817139,,56.003517432364,,56.40515197348681,
15.0,9.613594040968344,9.613594040968344,0.04735406852956066,-1,56.40300361301417,55.566967840722256,1.610046418071171,55.0,,,54.792957194943,,55.10271668959949,,55.52505358711336,,56.011108118941245,,56.40300361301417,
16.0,9.613594040968344,9.613594040968344,0.04910429463305352,-1,56.39992143741951,55.578479649415,1.5827541158254377,55.0,,,54.81716732159407,,55.1197059834274,,55.53803002939933,,56.01757347523473,,56.39992143741951,
17.0,9.613594040968344,9.613594040968344,0.050801905638866066,-1,56.39593637243197,55.589076205002016,1.555434838769635,55.0,,,54.840501533662334,,55.13595572716684,,55.55003539750806,,56.02295199424088,,56.39593637243197,
18.0,9.641945996275608,9.641945996275608,0.05244765870678783,-1,56.391079094926226,55.598784825707845,1.5280962248207786,55.0,,,54.86298287010545,,55.15148116787634,,55.56109950971909,,56.02728148591209,,56.391079094926226,
19.0,9.613594040968344,9.613594040968344,0.05405108091423083,-1,56.38549800091861,55.6077505334472,1.500745968635762,55.0,,,54.88475203228285,,55.166415816094464,,55.571369749088625,,56.03071706885146,,56.38549800091861,
20.0,9.613594040968344,9.613594040968344,0.05559527086353244,-1,56.378981468246444,55.615759395045835,1.4733896694010227,55.0,,,54.90559179884542,,55.180535303957676,,55.58063442041497,,56.03305398376468,,56.378981468246444,
21.0,9.613594040968344,9.613594040968344,0.05708994535482016,-1,56.3716831114577,55.62296054554694,1.4460372597150197,55.0,,,54.92564585174268,,55.19397774037389,,55.58904476224385,,56.03445126191658,,56.3716831114577,
22.0,9.613594040968344,9.613594040968344,0.058535905651829576,-1,56.36363234876356,55.62938004167474,1.4186964592951696,55.0,,,54.94493588946839,,55.20675919606446,,55.59662882881478,,56.034943945262576,,56.36363234876356,
23.0,9.613594040968344,9.613594040968344,0.05993396120536744,-1,56.35485822638946,55.63504358941194,1.3913749543834726,55.0,,,54.96348327200599,,55.21889585288381,,55.60341421797087,,56.03456637780956,,56.35485822638946,
24.0,9.613594040968344,9.613594040968344,0.061284928589336554,-1,56.34538939907802,55.639976532040734,1.3640803794008178,55.0,,,54.981309019677205,,55.230403970558505,,55.60942806604216,,56.03335220484778,,56.34538939907802,
25.0,9.613594040968344,9.613594040968344,0.06258963046516425,-1,56.33525411217803,55.64420383917114,1.336820300116237,55.0,,,54.99843381206179,,55.24129985553646,,55.61469704321496,,56.03133437286452,,56.33525411217803,
26.0,9.613594040968344,9.613594040968344,0.06384889457634826,-1,56.32448018526778,55.64775009673112,1.309602198252911,55.0,,,55.01487798701487,,55.251599831853405,,55.61924734940056,,56.02854513011899,,56.32448018526778,
27.0,9.613594040968344,9.613594040968344,0.06506355277452586,-1,56.31309499726013,55.65063949789205,1.2824334574551983,55.0,,,55.03066153980493,,55.26132021392658,,55.62310471061216,,56.02501602785649,,56.31309499726013,
28.0,9.613594040968344,9.613594040968344,0.06623444007818917,-1,56.301125472935475,55.65289583490195,1.2553213505436602,55.0,,,55.045804122391814,,55.270477281188555,,55.62629437585485,,56.020777922139054,,56.301125472935475,
29.0,9.613594040968344,9.613594040968344,0.0673623937649093,-1,56.28859807084858,55.65454249179707,1.2282730279874912,55.0,,,55.06032504286109,,55.27908725447681,,55.6288411145299,,56.015860976269,,56.28859807084858,
30.0,9.613594040968344,9.613594040968344,0.06844825249770331,-1,56.27553877255455,55.655602437962614,1.2012955075261615,55.0,,,55.074243265028386,,55.28716627409751,,55.630769214351574,,56.01029466378105,,56.27553877255455,
31.0,9.613594040968344,9.613594040968344,0.06949285548596153,-1,56.26197307309949,55.65609822251171,1.1743956648750355,55.0,,,55.087577408224455,,55.29473037948455,,55.63210247977166,,56.004107771978326,,56.26197307309949,
32.0,9.613594040968344,9.613594040968344,0.07049704168117445,-1,56.247925972721255,55.65605196945209,1.1475802254516907,55.0,,,55.100345747269564,,55.301795490377756,,55.63286423090473,,55.997328405987155,,56.247925972721255,
33.0,9.613594040968344,9.613594040968344,0.07146164900751593,-1,56.233421969706214,55.655485373609324,1.1208557570625786,55.0,,,55.112566212643635,,55.30837738944659,,55.63307730294477,,55.98998399330542,,56.233421969706214,
34.0,9.613594040968344,9.613594040968344,0.07238751362719877,-1,56.21848505434844,55.65441969727491,1.0942286634918545,55.0,,,55.12425639085659,,55.31449170628835,,55.63276404606213,,55.98210128881903,,56.21848505434844,
35.0,9.613594040968344,9.613594040968344,0.0732754692403804,-1,56.20313870395841,55.65287576754836,1.0677051789367766,55.0,,,55.13543352502163,,55.320153902732464,,55.63194632576807,,55.973706380261234,,56.20313870395841,
36.0,9.613594040968344,9.613594040968344,0.07412634641928054,-1,56.18740587886903,55.65087397434182,1.041291363236283,55.0,,,55.146114515632746,,55.32537925938483,,55.630645523732944,,55.96482469408956,,56.18740587886903,
37.0,9.613594040968344,9.613594040968344,0.07494097197606084,-1,56.171309019387934,55.648434269016164,1.014993097841824,55.0,,,55.15631592154611,,55.33018286334867,,55.62888253904275,,55.95548100175535,,56.171309019387934,
38.0,9.613594040968344,9.613594040968344,0.07572016836394208,-1,56.154870043645865,55.64557616361803,0.9888160824817191,55.0,,,55.166053961164145,,55.33457959706074,,55.626677789878144,,55.94569942634128,,56.154870043645865,
39.0,9.613594040968344,9.613594040968344,0.07646475311093681,-1,56.138110346292194,55.64231873068748,0.9627658324725132,55.0,,,55.17534451381968,,55.33858412818408,,55.624051215599025,,55.935503449542395,,56.138110346292194,
40.0,9.633147113594042,9.633147113594042,0.07717553828552293,-1,56.121050797989845,55.63868060360634,0.9368476766331,55.0,,,55.184203121356745,,55.342210900500746,,55.62102227921736,,55.92491591896702,,56.121050797989845,
41.0,9.619622905027937,9.619622905027937,0.07785936902541542,-1,56.10379311644046,55.63476134823569,0.9110667557592009,55.0,,,55.192726360681256,,55.3455554965276,,55.617691341017895,,55.91404042651127,,56.10379311644046,
42.0,9.613594040968344,9.613594040968344,0.07850670933792729,-1,56.08621551676823,55.630437812685955,0.8854266269199513,55.0,,,55.200788889848276,,55.34849133485939,,55.613936012267466,,55.90275730968639,,56.08621551676823,
43.0,9.613594040968344,9.613594040968344,0.07912075005010044,-1,56.068371325952526,55.62576083571938,0.8599330661620073,55.0,,,55.20843825979052,,55.35106540252933,,55.60980785953347,,55.891121330791044,,56.068371325952526,
44.0,9.613594040968344,9.613594040968344,0.0797041754158523,-1,56.05030566048522,55.62077341781035,0.8345910890251247,55.0,,,55.2157145714601,,55.35331717295483,,55.60535058207342,,55.87917910207819,,56.05030566048522,
45.0,9.613594040968344,9.613594040968344,0.08025776338301308,-1,56.032036787694864,55.615492018652276,0.8094050776517889,55.0,,,55.222631710043075,,55.35525986507063,,55.60058131055703,,55.866950419895744,,56.032036787694864,
46.0,9.613594040968344,9.613594040968344,0.08078228385422688,-1,56.013582462089715,55.609932670552645,0.7843792256024784,55.0,,,55.22920323648724,,55.3569064373385,,55.595516721203644,,55.8544544956441,,56.013582462089715,
47.0,9.613594040968344,9.613594040968344,0.08127849835366513,-1,55.99495992922931,55.604110981790406,0.759517538917784,55.0,,,55.235442390311526,,55.358269584240134,,55.590173040471605,,55.84170996469947,,55.99495992922931,
48.0,9.613594040968344,9.613594040968344,0.08174715971888036,-1,55.976185930062655,55.59804214029962,0.7348238374992917,55.0,,,55.241362092563364,,55.35936173339347,,55.58456604999167,,55.82873489548692,,55.976185930062655,
49.0,9.613594040968344,9.613594040968344,0.08218901181687921,-1,55.9572767056981,55.59174091765609,0.7103017567817318,55.0,,,55.24697494891637,,55.360195043254166,,55.57871109172709,,55.81554679868475,,55.9572767056981,
50.0,9.613594040968344,9.613594040968344,0.08260478928349854,-1,55.938248002571164,55.585221673344776,0.6859547496702945,55.0,,,55.25229325290087,,55.3607814013655,,55.5726230733434,,55.80216263654297,,55.938248002571164,
51.0,9.613594040968344,9.613594040968344,0.08299521728517559,-1,55.91911507797826,55.57849835928603,0.661786088718678,55.0,,,55.257328989259584,,55.36113242312171,,55.56631647377157,,55.78859883229898,,55.91911507797826,
52.0,9.613594040968344,9.613594040968344,0.08336101130220586,-1,55.89989270594544,55.5715845246001,0.6377988685246834,55.0,,,55.26209383742076,,55.36125945101148,,55.55980534894821,,55.77487127967462,,55.89989270594544,
53.0,9.613594040968344,9.613594040968344,0.08370287693259652,-1,55.88059518340287,55.564493320590074,0.6139960083216778,55.0,,,55.26659917508119,,55.36117355430973,,55.553103337717374,,55.76099535243921,,55.88059518340287,
54.0,9.613594040968344,9.613594040968344,0.08402150971563992,-1,55.86123633663702,55.55723750592382,0.5903802547455186,55.0,,,55.2708560818915,,55.36088552918754,,55.54622366787886,,55.74698591402414,,55.86123633663702,
55.0,9.613594040968344,9.613594040968344,0.08431759497434091,-1,55.84182952799393,55.54982945199699,0.566954184757698,55.0,,,55.27487534323623,,55.36040589921129,,55.53917916236836,,55.73285732717513,,55.84182952799393,
56.0,9.613594040968344,9.613594040968344,0.08459180767585507,-1,55.822387662808126,55.54228114845954,0.54372020870683,55.0,,,55.278667454101296,,55.35974491620379,,55.53198224555544,,55.71862346362907,,55.822387662808126,
57.0,9.613594040968344,9.613594040968344,0.08484481230910698,-1,55.802923196533264,55.53460420888901,0.5206805735115907,55.0,,,55.28224262302167,,55.358912561441315,,55.52464494964579,,55.70429771380295,,55.802923196533264,
58.0,9.613594040968344,9.613594040968344,0.08507726277878777,-1,55.783448142051526,55.52680987659471,0.4978373659494153,55.0,,,55.28561077610211,,55.35791854716181,,55.51717892117486,,55.68989299648321,,55.783448142051526,
59.0,9.613594040968344,9.613594040968344,0.08528980231493996,-1,55.76397407714022,55.51890903053796,0.4751925160361523,55.0,,,55.28878156110407,,55.356772318360896,,55.50959542758032,,55.6754217685043,,55.76397407714022,
60.0,9.613594040968344,9.613594040968344,0.08548306339737319,-1,55.74451215207516,55.51091219135367,0.4527478004831309,55.0,,,55.29176435159203,,55.355483054853444,,55.50190536384161,,55.660896034406115,,55.74451215207516,
61.0,9.613594040968344,9.613594040968344,0.08565766769416208,-1,55.72507309735145,55.50282952745984,0.4305048462187031,55.0,,,55.294568251132745,,55.35405967357957,,55.49411925917507,,55.64632735606033,,55.72507309735145,
62.0,9.613594040968344,9.613594040968344,0.08581422601351527,-1,55.705667231503455,55.49467086124207,0.408465133962423,55.0,,,55.29720209754103,,55.352510831135206,,55.48624728377407,,55.631726862256585,,55.705667231503455,
63.0,9.613594040968344,9.613594040968344,0.08595333826831592,-1,55.68630446900684,55.486445675300885,0.3866300018408282,55.0,,,55.299674467166014,,55.35084492650829,,55.47829925558362,,55.617105258239675,,55.68630446900684,
64.0,9.613594040968344,9.613594040968344,0.08607559345266538,-1,55.66699432824646,55.47816311875018,0.3650006490345916,55.0,,,55.30199367921187,,55.34907010400277,,55.47028464709996,,55.60247283518988,,55.66699432824646,
65.0,9.613594040968344,9.613594040968344,0.08618156962978105,-1,55.647745939534936,55.469832013556086,0.3435781394474944,55.0,,,55.30416780008744,,55.34719425633356,,55.4622125921857,,55.587839479638795,,55.647745939534936,
66.0,9.613594040968344,9.613594040968344,0.08627183393062417,-1,55.62856805316777,55.46146086090581,0.32236340538852915,55.0,,,55.30620464777924,,55.34522502787642,,55.45409189289194,,55.5732146828137,,55.62856805316777,
67.0,9.613594040968344,9.613594040968344,0.08634694256265923,-1,55.609469047501506,55.45305784759698,0.3013572512589491,55.0,,,55.30811179624256,,55.34316981805785,,55.44593102627903,,55.55860754990399,,55.609469047501506,
68.0,9.613594040968344,9.613594040968344,0.08640744082816115,-1,55.59045693704261,55.444630852438216,0.28056035723686534,55.0,,,55.309896579805745,,55.341035784870776,,55.43773815122824,,55.5440268092437,,55.59045693704261,
69.0,9.613594040968344,9.613594040968344,0.08645386315152365,-1,55.57153938053534,55.436187452652476,0.25997328295255784,55.0,,,55.311566097582784,,55.33882984850258,,55.4295211152371,,55.52948082140458,,55.57153938053534,
70.0,9.613594040968344,9.613594040968344,0.08648673311502879,-1,55.552723689037784,55.427734930275335,0.23959647114813265,55.0,,,55.31312721788965,,55.336558695063076,,55.421287461191476,,55.514977588194675,,55.552723689037784,
71.0,9.613594040968344,9.613594040968344,0.08650656350257177,-1,55.53401683397593,55.41928027854044,0.21943025131583482,55.0,,,55.3145865826601,,55.33422878040046,,55.41304443410802,,55.500524761557685,,55.53401683397593,
72.0,9.613594040968344,9.613594040968344,0.08651385635084852,-1,55.515425455166486,55.41083020824548,0.19947484330978682,55.0,,,55.3159506118567,,55.33184633399414,,55.404798987841026,,55.48612965236904,,55.515425455166486,
73.0,9.613594040968344,9.613594040968344,0.08650910300754272,-1,55.4969558687996,55.40239115409192,0.17973036092635652,55.0,,,55.317225507873246,,55.329417362914086,,55.39655779174804,,55.471799239124664,,55.4969558687996,
74.0,9.613594040968344,9.613594040968344,0.08649278419605824,-1,55.47861407537358,55.393969280992664,0.16019681544877784,55.0,,,55.3184172599248,,55.326947655836754,,55.38832723730908,,55.457540176519124,,55.47861407537358,
75.0,9.613594040968344,9.613594040968344,0.08646537008637685,-1,55.46040576757406,55.385570490341806,0.14087411915219406,55.0,,,55.319531648421865,,55.324442787108566,,55.38011344469465,,55.443358803909916,,55.46040576757406,
76.0,9.613594040968344,9.613594040968344,0.08642732037162511,-1,55.442336338090946,55.37720042624155,0.12176208876557837,55.0,,,55.32057424932537,,55.32190812084822,,55.37192226927801,,55.429261153665195,,55.442336338090946,
77.0,9.613594040968344,9.613594040968344,0.08637908434996905,-1,55.42441088736667,55.36886448168119,0.10506207228686293,55.0,,,55.32155043847933,,55.319348815079806,,55.36375930808766,,55.4152529593925,,55.42441088736667,
78.0,9.613594040968344,9.613594040968344,0.08632110101145814,-1,55.40663423127014,55.360567804664015,0.08986440538090079,55.0,,,55.322465395918286,,55.31676982588924,,55.3556299061962,,55.40133966404624,,55.40663423127014,
79.0,9.613594040968344,9.613594040968344,0.08625379912947041,-1,55.38901090869109,55.352315304277816,0.074834997094122,55.0,,,55.32332411014675,,55.31417591159697,,55.347539163042114,,55.38752642791217,,55.38901090869109,
80.0,9.607076350093111,9.607076350093111,0.08617759735641878,-1,55.37381813646714,55.34411165670538,0.06224649952677197,55.0,,,55.32413138238803,,55.31157163694037,,55.33949193868126,,55.37381813646714,,55.37154518905007,
81.0,9.58100558659218,9.58100558659218,0.08609089185228791,-1,55.36019229179006,55.335934194848676,0.05125803085314118,55.0,,,55.32486471447727,,55.308934260936915,,55.33146574364232,,55.36019229179006,,55.35421396339685,
82.0,9.58100558659218,9.58100558659218,0.08598808552730601,-1,55.3465731203619,55.327706906498065,0.04038549502159583,55.0,,,55.325448091046376,,55.30618762534031,,55.32338473713593,,55.3465731203619,,55.336940958605794,
83.0,9.608542830540038,9.608542830540038,0.08587777167889435,-1,55.33307787352756,55.31954652108046,0.029629846014998407,55.0,,,55.325997645360935,,55.30344802751256,,55.315365813697625,,55.33307787352756,,55.31984324530366,
84.0,9.613594040968344,9.613594040968344,0.08576882944751595,-1,55.326631930312466,55.311571263004225,0.02579819575916531,55.0,,,55.326631930312466,,55.3008337345533,,55.30752735802279,,55.31982482088074,,55.30303847125184,
85.0,9.613594040968344,9.613594040968344,0.08565452178793127,-1,55.32725763444326,55.303686555252796,0.040827082014253335,55.0,,,55.32725763444326,,55.29825069680372,,55.29977494866049,,55.30671894392752,,55.286430552429,
86.0,9.613594040968344,9.613594040968344,0.08553361845822002,-1,55.32785682628874,55.29587393350636,0.05785656740993517,55.0,,,55.32785682628874,,55.29568062507591,,55.292090270975564,,55.29374168631276,,55.2700002588788,
87.0,9.613594040968344,9.613594040968344,0.08540646993139958,-1,55.32843311154727,55.28813660736521,0.07468293262773074,55.0,,,55.32843311154727,,55.29312684717886,,55.28447667907654,,55.280896220103884,,55.25375017891954,
88.0,9.613594040968344,9.613594040968344,0.08527341745680109,-1,55.328989941444526,55.28047759925592,0.09130725329633549,55.0,,,55.328989941444526,,55.29059253059355,,55.27693733503597,,55.26818550105737,,55.23768268814819,
89.0,9.613594040968344,9.613594040968344,0.08513479318110646,-1,55.32953061660893,55.272899749772705,0.10773066057475944,55.0,,,55.32953061660893,,55.28808068651054,,55.269475214400494,,55.25561227530937,,55.22179995603417,
90.0,9.613594040968344,9.613594040968344,0.08499092027108812,-1,55.330058290899274,55.26540572293693,0.12395433849727056,55.0,,,55.330058290899274,,55.28559417383287,,55.26209311161261,,55.24317908593793,,55.206103952402,
91.0,9.613594040968344,9.613594040968344,0.08484211303785791,-1,55.33057597518363,55.257998011373445,0.13997952138182512,55.0,,,55.33057597518363,,55.283135703141475,,55.25479364534318,,55.23088827939715,,55.1905964538018,
92.0,9.613594040968344,9.613594040968344,0.08468867706245073,-1,55.33108654106843,55.25067894140276,0.15580749130172933,55.0,,,55.33108654106843,,55.28070784062057,,55.247579263734266,,55.21874201182383,,55.1752790497667,
93.0,9.613594040968344,9.613594040968344,0.08453090932256806,-1,55.33159272457707,55.24345067804868,0.17143957562051781,55.0,,,55.33159272457707,,55.278313011940746,,55.24045224955166,,55.20674225521736,,55.16015314895655,
94.0,9.613594040968344,9.613594040968344,0.08436909832032724,-1,55.332097129777054,55.23631522996052,0.18687714458955185,55.0,,,55.332097129777054,,55.27595350609764,,55.23341472524686,,55.19489080349356,,55.1452199851875,
95.0,9.613594040968344,9.613594040968344,0.08420352421085726,-1,55.33260223235524,55.229274454249676,0.20212160900815945,55.0,,,55.33260223235524,,55.27363147920439,,55.226468657928244,,55.183189278413394,,55.13048062334708,
96.0,9.63445065176909,9.63445065176909,0.08403445893160622,-1,55.33311038314048,55.222330061240015,0.21717441794572778,55.0,,,55.33311038314048,,55.27134895823601,,55.219615864241376,,55.171639135387494,,55.11593596519475,
97.0,9.646182495344508,9.646182495344508,0.08386860775311111,-1,55.33371060419736,55.215570411756445,0.2320370565252503,55.0,,,55.33371060419736,,55.26919463734853,,55.212944807782584,,55.16032846178168,,55.10167354767211,
98.0,9.643901303538176,9.643901303538176,0.0837032852329353,-1,55.334364290459995,55.20895555089419,0.24671238237348092,55.0,,,55.334364290459995,,55.267129245937525,,55.20641563333134,,55.149216676655534,,55.087651908086514,
99.0,9.613594040968344,9.613594040968344,0.08353434058297614,-1,55.33501360313256,55.20242658807691,0.26120265159950407,55.0,,,55.33501360313256,,55.26509443740079,,55.1999695464866,,55.13824440183156,,55.073810951533055,
100.0,9.613594040968344,9.613594040968344,0.08335337190486829,-1,55.335544170290106,55.19586854378025,0.27550922663694877,55.0,,,55.335544170290106,,55.262975560648364,,55.1934916604584,,55.12729638385123,,55.06003494365316,
101.0,9.613594040968344,9.613594040968344,0.08317015362596522,-1,55.336087979086514,55.18941367315765,0.28963171329281323,55.0,,,55.336087979086514,,55.26090476514948,,55.187114319635455,,55.116505036123094,,55.0464562657937,
102.0,9.583286778398511,9.583286778398511,0.08298491146102627,-1,55.33664670284369,55.18306289970284,0.30357174922720276,55.0,,,55.33664670284369,,55.258883377401354,,55.180838534265504,,55.10587093038716,,55.033074953616484,
103.0,9.576280260707636,9.576280260707636,0.08278850789712269,-1,55.33709585012167,55.17669096792359,0.31733099607225057,55.0,,,55.33709585012167,,55.25678655655306,,55.17453913272295,,55.095268446170856,,55.01976485404942,
104.0,9.548417132216017,9.548417132216017,0.0825885275962851,-1,55.3375378277004,55.17040047102802,0.3309092095056698,55.0,,,55.3375378277004,,55.25471683945559,,55.16831878888506,,55.084800280904304,,55.00662861819473,
105.0,9.529678770949722,9.529678770949722,0.08237878237088175,-1,55.337888180318345,55.16410635314961,0.34430771566191964,55.0,,,55.337888180318345,,55.25258950639296,,55.16209252522225,,55.07438108915807,,54.993580464656425,
106.0,9.515828677839853,9.515828677839853,0.08216245143103108,-1,55.33818974753205,55.15785149552323,0.3575265516366457,55.0,,,55.33818974753205,,55.25044745691687,,55.155903298448784,,55.06405377882309,,54.9806631958954,
107.0,9.515828677839853,9.515828677839853,0.0819413439850335,-1,55.33846637433885,55.15165945439459,0.37056641170749316,55.0,,,55.33846637433885,,55.248314430223104,,55.149774737931125,,55.05384176684847,,54.96789996263136,
108.0,9.515828677839853,9.515828677839853,0.08171999435221146,-1,55.33877833331087,55.14559002956728,0.38342835451253876,55.0,,,55.33877833331087,,55.246250502186335,,55.14376671424504,,55.0438046192958,,54.95534997879833,
109.0,9.501652700186222,9.501652700186222,0.0814985783394052,-1,55.339126422142996,55.13964308638754,0.39611435444223275,55.0,,,55.339126422142996,,55.24425604568758,,55.13787916133065,,55.033941735075686,,54.943012067700764,
110.0,9.483240223463689,9.483240223463689,0.0812728958381316,-1,55.339452486295464,55.13375953211065,0.40862639401413503,55.0,,,55.339452486295464,,55.24227248267145,,55.13205305275511,,55.02419354654991,,54.93082609228133,
111.0,9.455051210428309,9.455051210428309,0.08104188872860302,-1,55.33974146061223,55.12792380431656,0.4209655701499102,55.0,,,55.33974146061223,,55.24028454939273,,55.12627289005401,,55.014544231061485,,54.91877589046232,
112.0,9.41806331471136,9.41806331471136,0.0808028125537782,-1,55.33995576050715,55.122097933865675,0.43313275095757575,55.0,,,55.33995576050715,,55.23825452057143,,55.12050076589118,,55.004955612809034,,54.906823009549576,
113.0,9.41806331471136,9.41806331471136,0.08055327912014719,-1,55.34006308712312,55.11624951984184,0.4451282361927369,55.0,,,55.34006308712312,,55.23615009898617,,55.11470433902389,,54.99539522314559,,54.89493485093038,
114.0,9.401443202979518,9.401443202979518,0.08030503383603883,-1,55.34022199378146,55.110537254842576,0.4569518397216328,55.0,,,55.34022199378146,,55.234129959762654,,55.10904235968698,,54.98602180692194,,54.88327015405983,
115.0,9.385474860335195,9.385474860335195,0.08005309977561773,-1,55.34036370823273,55.1048913070436,0.4686057707038671,55.0,,,55.34036370823273,,55.23212484880044,,55.103445052162016,,54.97676498849396,,54.87175793752886,
116.0,9.354841713221605,9.354841713221605,0.07979790648604568,-1,55.34049319801492,55.09931610373157,0.4800911964526833,55.0,,,55.34049319801492,,55.23013951662072,,55.097916897824696,,54.967628904635234,,54.860402001562235,
117.0,9.352886405959032,9.352886405959032,0.0795351648612817,-1,55.340551799949004,55.093752403636834,0.491409357144029,55.0,,,55.340551799949004,,55.22811506521519,,55.09239870771811,,54.95855400249693,,54.849142442804975,
118.0,9.340828677839852,9.340828677839852,0.07927398893869606,-1,55.3406622035693,55.08832275885184,0.5025606087204793,55.0,,,55.3406622035693,,55.22617417184696,,55.08701308439956,,54.949662739594544,,54.83810159484882,
119.0,9.32029795158287,9.32029795158287,0.07901139733186262,-1,55.340782570350626,55.08298427078337,0.5135471501354516,55.0,,,55.340782570350626,,55.224274521085945,,55.081717178325285,,54.940911663939815,,54.827235420215175,
120.0,9.32029795158287,9.32029795158287,0.07874496419070012,1,55.34087909901991,55.07770239350746,0.5243705467861233,55.0,,,55.34087909901991,,55.222381996960394,,55.07647649091045,,54.93226582841277,,54.816508552233785,
121.0,9.287220670391063,9.287220670391063,0.07848121680893246,1,55.32430510625878,55.07256391555511,0.5015639284753064,55.0,,,55.32430510625878,,55.21221671216609,,55.07137785639653,,54.932178725170694,,54.82274117778347,
122.0,9.255121042830542,9.255121042830542,0.07821009206441655,1,55.30792687217331,55.067430331081574,0.4791369384576143,55.0,,,55.30792687217331,,55.20204908684834,,55.06628281329792,,54.9321029493726,,54.8287899337157,
123.0,9.255121042830542,9.255121042830542,0.07793217708909504,1,55.29174815954049,55.062309435990734,0.4570815790972489,55.0,,,55.29174815954049,,55.19189184802851,,55.06119920016573,,54.93204139177567,,54.83466658044324,
124.0,9.233612662942274,9.233612662942274,0.07765759288902498,1,55.27590117471736,55.05733733000824,0.43539013006681415,55.0,,,55.27590117471736,,55.18188567397624,,55.05626315798841,,54.93212559870865,,54.84051104465055,
125.0,9.222532588454378,9.222532588454378,0.07737981924316457,1,55.260290222747564,55.05242313760657,0.4140530171137371,55.0,,,55.260290222747564,,55.171943404353875,,55.051383851367746,,54.93226100392989,,54.84623720563383,
126.0,9.219599627560523,9.219599627560523,0.07710225293701015,1,55.244955992060014,55.04761144281592,0.39306251128147096,55.0,,,55.244955992060014,,55.16211342283319,,55.04660590298858,,54.932488415419314,,54.85189348077854,
127.0,9.189944134078214,9.189944134078214,0.07682752348910617,1,55.229927737178805,55.04293559120602,0.37241049079929667,55.0,,,55.229927737178805,,55.152432423376865,,55.041962695870076,,54.9328378532248,,54.85751724637951,
128.0,9.189944134078214,9.189944134078214,0.07654751836553611,1,55.2150891859114,55.03828351523398,0.352088604786843,55.0,,,55.2150891859114,,55.142791295996865,,55.03734219872961,,54.93319431440744,,54.86300058112456,
129.0,9.165991620111733,9.165991620111733,0.07627155602002467,1,55.20056226040344,55.03378027942195,0.33209062472943174,55.0,,,55.20056226040344,,55.13331828199784,,55.032869510988924,,54.933679708045496,,54.868471635674005,
130.0,9.15735567970205,9.15735567970205,0.07599234922585248,1,55.186241733492956,55.02932467488491,0.31240856875528067,55.0,,,55.186241733492956,,55.12391461770511,,55.02844345768916,,54.934190400799686,,54.873833164737675,
131.0,9.11939013035382,9.11939013035382,0.07571477644024159,1,55.17218929853236,55.0249814599454,0.2930363595854715,55.0,,,55.17218929853236,,55.11464770712975,,55.024128829819155,,54.93478852529887,,54.87915293894689,
132.0,9.092178770949722,9.092178770949722,0.07542995064623499,1,55.158279463310336,55.0206286071418,0.2739671187951629,55.0,,,55.158279463310336,,55.105397709723704,,55.01980363159315,,54.93534988656666,,54.88431234451517,
133.0,9.092178770949722,9.092178770949722,0.07514142524942587,1,55.144557929486616,55.01631417861735,0.2551961745675797,55.0,,,55.144557929486616,,55.096215184962,,55.015515955631756,,54.935920068087334,,54.88936175491904,
134.0,9.06578212290503,9.06578212290503,0.07485771567896897,1,55.131136011003974,55.012152124971045,0.23671830123600301,55.0,,,55.131136011003974,,55.08721621700259,,55.011379782073234,,54.93661090500744,,54.89441770976797,
135.0,9.027001862197396,9.027001862197396,0.07457077668215506,1,55.11789876503761,55.008030954191256,0.21852664347721884,55.0,,,55.11789876503761,,55.07829082455989,,55.007283647607814,,54.93730941219061,,54.89937212156039,
136.0,9.027001862197396,9.027001862197396,0.0742770028988905,1,55.104794319306464,55.003901250706875,0.200616332442614,55.0,,,55.104794319306464,,55.06939139726957,,55.0031781642888,,54.9379643858057,,54.90417798686385,
137.0,9.027001862197396,9.027001862197396,0.07398848936645361,1,55.09198383968259,54.99992614696348,0.18298347801285075,55.0,,,55.09198383968259,,55.060682931000436,,54.99922649122586,,54.93873711123878,,54.90900036166974,
138.0,9.027001862197396,9.027001862197396,0.07370525065830727,1,55.079461202626895,54.996102706314744,0.16562174830780663,55.0,,,55.079461202626895,,55.05216356424339,,54.99542571773722,,54.93962359264713,,54.91383945431909,
139.0,8.99816108007449,8.99816108007449,0.07342729699303378,1,55.067220389309185,54.99242799309773,0.14852501750851133,55.0,,,55.067220389309185,,55.04383131749032,,54.99177293326008,,54.940619953628385,,54.91869537180067,
140.0,8.991154562383615,8.991154562383615,0.07314582437825826,1,55.05513677550447,54.98878036734352,0.13168735627501604,55.0,,,55.05513677550447,,55.03556539598336,,54.98814652209048,,54.94160372390985,,54.923449419229456,
141.0,8.961824953445067,8.961824953445067,0.07286767028747163,1,55.04329999225969,54.98525140204614,0.11510491840411419,55.0,,,55.04329999225969,,55.02745859092139,,54.98463808056736,,54.9426652726267,,54.928195073855576,
142.0,8.9445530726257,8.9445530726257,0.07258605902414451,1,55.03161373460322,54.98174739479132,0.09877253537808173,55.0,,,55.03161373460322,,55.01941794952657,,54.98115392894106,,54.94371016166059,,54.93284119922514,
143.0,8.90495810055866,8.90495810055866,0.07230483552988212,1,55.02012750415659,54.97831964037012,0.08268665611417703,55.0,,,55.02012750415659,,55.01149579067625,,54.9777453838349,,54.94478867514044,,54.937440848042414,
144.0,8.89664804469274,8.89664804469274,0.07201728349339247,1,55.00874711700231,54.974876093793455,0.06684303693264582,55.0,,,55.00874711700231,,55.00360079948065,,54.974320421421446,,54.9458080509932,,54.94190408006966,
145.0,8.890945065176911,8.890945065176911,0.07173315807929553,1,54.99760297574233,54.971548508790775,0.05123900850990992,55.0,,,54.99760297574233,,54.99586574026527,,54.971010815818744,,54.9468990448951,,54.94636396723242,
146.0,8.876769087523279,8.876769087523279,0.0714532849625739,1,54.98829979836402,54.9683456605272,0.0402297643190721,55.0,,,54.98670151657692,,54.98829979836402,,54.96782536202209,,54.948070034044946,,54.95083159162803,
147.0,8.87693202979516,8.87693202979516,0.07117509441814603,1,54.98086611868799,54.96523039704748,0.031582537260483434,55.0,,,54.976003229090786,,54.98086611868799,,54.96472692725841,,54.94928358142751,,54.9552721287727,
148.0,8.864059590316575,8.864059590316575,0.07090301315055729,1,54.973622941020714,54.96226058805058,0.023025742962204276,55.0,,,54.96556396487872,,54.973622941020714,,54.96177339974689,,54.95059719805851,,54.9597454365481,
149.0,8.862918994413409,8.862918994413409,0.07063304136733613,1,54.96651349973736,54.959379394607836,0.01455951697762714,55.0,,,54.95532445526893,,54.96651349973736,,54.95890795851165,,54.95195398275973,,54.964197076761515,
150.0,8.82332402234637,8.82332402234637,0.07036879620688129,1,54.96867590355973,54.95663375785144,0.0233462031645999,55.0,,,54.94532970039513,,54.95958496737814,,54.95617756200325,,54.95340065592097,,54.96867590355973,
151.0,8.798882681564248,8.798882681564248,0.07009854001699035,1,54.973023260684236,54.95386277822712,0.03760673039374751,55.0,,,54.93541653029049,,54.95267643101212,,54.95342132744787,,54.9547763417009,,54.973023260684236,
152.0,8.798882681564248,8.798882681564248,0.06982707971166092,1,54.97730536662133,54.951131730602754,0.05165611646634005,55.0,,,54.92564925015499,,54.94585372785318,,54.95070454583248,,54.95614576255177,,54.97730536662133,
153.0,8.798882681564248,8.798882681564248,0.06956195302997897,1,54.98162439124145,54.94854136694405,0.06549722246290202,55.0,,,54.91612716877855,,54.93921786932751,,54.94812798475921,,54.957609420613544,,54.98162439124145,
154.0,8.766294227188084,8.766294227188084,0.06930311752248679,1,54.985979088133725,54.946088267566665,0.07913441947654576,55.0,,,54.90684466865718,,54.93276525275278,,54.94568823973056,,54.95916408855906,,54.985979088133725,
155.0,8.766294227188084,8.766294227188084,0.0690406145027304,1,54.99023461123499,54.94363546927089,0.09257196551283187,55.0,,,54.89766264572216,,54.92635869611811,,54.9432483622295,,54.96067303104971,,54.99023461123499,
156.0,8.766294227188084,8.766294227188084,0.06878449329933198,1,54.994527374175696,54.94131836670264,0.10581192136145035,55.0,,,54.888715452814246,,54.92013386565878,,54.940943761019724,,54.962271379844765,,54.994527374175696,
157.0,8.741689944134077,8.741689944134077,0.0685347031804871,1,54.99885599278192,54.93913352990967,0.11885840077984966,55.0,,,54.87999759200207,,54.914087037781826,,54.93877101988264,,54.963956007099924,,54.99885599278192,
158.0,8.733705772811916,8.733705772811916,0.06828371011058557,1,55.00311827000114,54.936976767301495,0.1317154143094328,55.0,,,54.871402855691706,,54.90811369976757,,54.93662596050582,,54.96562305054123,,55.00311827000114,
159.0,8.701117318435752,8.701117318435752,0.06803665084721122,1,55.00738400741762,54.93491672031204,0.14438530291969442,55.0,,,54.862998704497926,,54.902282539988725,,54.934577237108,,54.9673411125479,,55.00738400741762,
160.0,8.688081936685286,8.688081936685286,0.0677860374662986,1,55.01155202227733,54.93285053714551,0.15687142474500604,55.0,,,54.85468059753232,,54.89649045621761,,54.93252201029536,,54.96900759940492,,55.01155202227733,
161.0,8.648486964618247,8.648486964618247,0.06753793558310936,1,55.01570501157727,54.930860066196466,0.16917549630023387,55.0,,,54.846529515277034,,54.890819414357885,,54.930542140405706,,54.97070424936445,,55.01570501157727,
162.0,8.608891992551209,8.608891992551209,0.06728429538565128,1,55.01973443720189,54.928835309307374,0.18130045641450465,55.0,,,54.838433980787386,,54.885159191761424,,54.92852764087491,,54.97232129591122,,55.01973443720189,
163.0,8.601885474860334,8.601885474860334,0.06702528345526079,1,55.02364381983747,54.92677919939348,0.193247498678069,55.0,,,54.8303963211594,,54.87951289618713,,54.926481455780326,,54.9738615040031,,55.02364381983747,
164.0,8.570763500931097,8.570763500931097,0.06677094174664082,1,55.027569683591295,54.9248276724491,0.20501781678196807,55.0,,,54.82255186680933,,54.874016607905595,,54.92453953191717,,54.9754606720221,,55.027569683591295,
165.0,8.570763500931097,8.570763500931097,0.06651393199126844,1,55.03141265271012,54.92287973495735,0.21661466324691503,55.0,,,54.8147979894632,,54.86856893410179,,54.92260088627756,,54.97701821223407,,55.03141265271012,
166.0,8.570763500931097,8.570763500931097,0.06626379091269058,1,55.03530197188609,54.92106380974936,0.22803969816125402,55.0,,,54.80726227372484,,54.863298263889405,,54.920793951813444,,54.97866258743307,,55.03530197188609,
167.0,8.570763500931097,8.570763500931097,0.06602044545936811,1,55.0392357804702,54.919376242041366,0.23929652571226256,55.0,,,54.79993925475794,,54.858200396433745,,54.91911508358412,,54.98039069496083,,55.0392357804702,
168.0,8.566852886405957,8.566852886405957,0.06578382038704654,1,55.04321222079567,54.91781342146044,0.2503886667028752,55.0,,,54.79282355409279,,54.85327116612493,,54.917560680733594,,54.9821994855552,,55.04321222079567,
169.0,8.538175046554933,8.538175046554933,0.06555265344367024,1,55.04721347400221,54.9163558167755,0.26131956075611384,55.0,,,54.7858939132461,,54.84849047870817,,54.91611122123257,,54.98406999668845,,55.04721347400221,
170.0,8.520251396648042,8.520251396648042,0.06531938523039359,1,55.05113710518458,54.91489944276664,0.2720923228811003,55.0,,,54.77904478230348,,54.843753840782355,,54.9146627287525,,54.985898756810286,,55.05113710518458,
171.0,8.480656424581005,8.480656424581005,0.0650873551308939,1,55.05502882135662,54.91348926666965,0.28270844648144333,55.0,,,54.77232037487518,,54.839106092447686,,54.9132601790912,,54.98773086557752,,55.05502882135662,
172.0,8.472998137802605,8.472998137802605,0.0648500254184039,1,55.05880066594018,54.912036261853686,0.29317008508457576,55.0,,,54.76563058085561,,54.83445789693658,,54.91181455391671,,54.989477611619385,,55.05880066594018,
173.0,8.472998137802605,8.472998137802605,0.06461719910693244,1,55.062585963327976,54.91067337767795,0.30347800169331407,55.0,,,54.75910796163466,,54.829942221619106,,54.910458810586114,,54.99127193122192,,55.062585963327976,
174.0,8.459636871508378,8.459636871508378,0.06439115016437869,1,55.066414907755714,54.90942943046898,0.3136349647121506,55.0,,,54.75277994304356,,54.825587386303525,,54.909221773207605,,54.993143142034505,,55.066414907755714,
175.0,8.420041899441339,8.420041899441339,0.0641677506553634,1,55.07023106179518,54.90824639437968,0.32364416316668354,55.0,,,54.74658689862849,,54.821334745070686,,54.908045423469304,,54.99503384293473,,55.07023106179518,
176.0,8.407821229050278,8.407821229050278,0.06393905829041344,1,55.07392731332681,54.90701602067704,0.3335078820424471,55.0,,,54.740419431284366,,54.817075635930294,,54.906821519907936,,54.996836202935796,,55.07392731332681,
177.0,8.407821229050278,8.407821229050278,0.06371348036935115,1,55.0776181973156,54.90585254412999,0.34322673305448603,55.0,,,54.734391464261115,,54.8129242824431,,54.90566430429267,,54.9986644723375,,55.0776181973156,
178.0,8.399022346368714,8.399022346368714,0.06349468624689908,1,55.08135295933837,54.904804052210636,0.35280304342119706,55.0,,,54.72854991591717,,54.808928323331784,,54.904621870901586,,55.00056719156427,,55.08135295933837,
179.0,8.359427374301674,8.359427374301674,0.06327992546341402,1,55.08509372977047,54.90383115957665,0.36223985524795665,55.0,,,54.722853874522514,,54.805047732463805,,54.903654840988736,,55.0025056201377,,55.08509372977047,
180.0,8.34264432029795,8.34264432029795,0.06305985540461816,1,55.08871430457113,54.902806452951936,0.37153959730783725,55.0,,,54.71717470726329,,54.80115459364401,,54.902635807647094,,55.00435285163421,,55.08871430457113,
181.0,8.34264432029795,8.34264432029795,0.06284149174013434,1,55.0923104906302,54.90182550683835,0.3807027442893798,55.0,,,54.71160774634082,,54.79734445281779,,54.9016603515063,,55.006204492896615,,55.0923104906302,
182.0,8.310055865921786,8.310055865921786,0.06262989672954963,1,55.09595055792165,54.900955644608395,0.3897311990258103,55.0,,,54.70621935889584,,54.79368424254768,,54.90079580189232,,55.00812826178449,,55.09595055792165,
183.0,8.29881284916201,8.29881284916201,0.06241514287673333,1,55.099499945390704,54.90006085561835,0.39862787003744415,55.0,,,54.70087207535326,,54.79003730096539,,54.899906153936655,,55.00998880244572,,55.099499945390704,
184.0,8.277467411545622,8.277467411545622,0.06220375297714049,1,55.103047456065546,54.89922953039036,0.4073935913207549,55.0,,,54.69565386474479,,54.78649187178083,,54.89907980371541,,55.011874655645215,,55.103047456065546,
185.0,8.277467411545622,8.277467411545622,0.06199264600726948,1,55.10655136404117,54.898418870733394,0.4160305161733717,55.0,,,54.690520847867795,,54.78300467575715,,54.89827395843136,,55.01374350756946,,55.10655136404117,
186.0,8.24520484171322,8.24520484171322,0.061788274455632154,1,55.11009893332109,54.897715398979734,0.424540136363035,55.0,,,54.685558796958055,,54.77966190977811,,54.89757514562502,,55.01568220921642,,55.11009893332109,
187.0,8.238198324022344,8.238198324022344,0.06158081691603246,1,55.11355705018987,54.89698461293271,0.43292523703294705,55.0,,,54.68063181315692,,54.77632841764652,,54.896848868156596,,55.017556915513694,,55.11355705018987,
188.0,8.212290502793294,8.212290502793294,0.06137796001490353,1,55.11703020264288,54.89633063323047,0.44118656076547325,55.0,,,54.67584364187741,,54.773108164287,,54.89619925152775,,55.0194719058173,,55.11703020264288,
189.0,8.19159683426443,8.19159683426443,0.061173949487185686,1,55.120440448217515,54.89567437276937,0.4493264044890708,55.0,,,54.671114043728444,,54.769921516533024,,54.895547213361446,,55.02134864200643,,55.120440448217515,
190.0,8.17970204841713,8.17970204841713,0.06097039752674901,1,55.123810096958586,54.89503759883913,0.4573458610858978,55.0,,,54.66646423587269,,54.766789987275935,,54.894914525504234,,55.0232091485842,,55.123810096958586,
191.0,8.17970204841713,8.17970204841713,0.060769963344833054,1,55.12717528323195,54.89445574673216,0.46524633584208175,55.0,,,54.66192894738987,,54.76374867570234,,54.89433662766152,,55.02508919967512,,55.12717528323195,
192.0,8.170577281191804,8.170577281191804,0.0605761863807964,1,55.13058354621961,54.89397539629696,0.4730297543420008,55.0,,,54.65755379187761,,54.760843691575076,,54.89386010395759,,55.02703584785491,,55.13058354621961,
193.0,8.147113594040967,8.147113594040967,0.06038621611148528,1,55.133995730551504,54.893556087223466,0.48069873317040646,55.0,,,54.6532969973811,,54.758033926979095,,54.893444498226756,,55.02900928297891,,55.133995730551504,
194.0,8.12397579143389,8.12397579143389,0.060195685190812115,1,55.1373527528462,54.893137738691095,0.48825527367971233,55.0,,,54.649097479166485,,54.75525879901688,,54.89302973365014,,55.030949928775804,,55.1373527528462,
195.0,8.114525139664803,8.114525139664803,0.060004716787089754,1,55.140656793035944,54.89272198943413,0.4957004645129004,55.0,,,54.644956328523044,,54.75251966583629,,54.89261745282341,,55.03285970695197,,55.140656793035944,
196.0,8.081936685288639,8.081936685288639,0.05981744576363429,1,55.14396405766583,54.89236449928143,0.5030354051472798,55.0,,,54.640928652518554,,54.74987190152904,,54.892263319311816,,55.03479456538192,,55.14396405766583,
197.0,8.0703677839851,8.0703677839851,0.059626867222066185,1,55.147179941523504,54.89196970500334,0.5102620174799384,55.0,,,54.636917924043566,,54.74721945055284,,54.89187177350931,,55.03665943538749,,55.147179941523504,
198.0,8.049348230912475,8.049348230912475,0.05943936707478301,1,55.15039147849316,54.891624403550885,0.5173807810257927,55.0,,,54.63301069746737,,54.74464897120409,,54.89152961585829,,55.038541254731484,,55.15039147849316,
199.0,8.049348230912475,8.049348230912475,0.05925206446372375,1,55.15355973010961,54.89128877677435,0.5243934606399492,55.0,,,54.629166269469664,,54.74212018735445,,54.89119703160001,,55.04040066533802,,55.15355973010961,
200.0,8.049348230912475,8.049348230912475,0.059071274768817336,-1,55.15677017120028,54.89104772234153,0.5313012159402035,55.0,,,54.625468955260075,,54.73971768514628,,54.89095892167722,,55.04232287842382,,55.15677017120028,
201.0,8.016759776536311,8.016759776536311,0.058896888263280184,-1,55.14746747939614,54.89089785016763,0.5130001875030388,55.0,,,54.6344672918931,,54.74371401818173,,54.89081189918515,,55.03802856218205,,55.14746747939614,
202.0,8.016759776536311,8.016759776536311,0.05871901780586512,-1,55.13826324997362,54.89070409641205,0.4949836985383982,55.0,,,54.64327955143522,,54.74767092440287,,54.89062090335876,,55.03368585288979,,55.13826324997362,
203.0,8.016759776536311,8.016759776536311,0.058547508286901515,-1,55.12928789049423,54.89059999785773,0.47724549538936856,55.0,,,54.652042395104864,,54.75171838925159,,54.89051947393909,,55.029431840498845,,55.12928789049423,
204.0,8.044785847299812,8.044785847299812,0.058382248866574844,-1,55.12053402520855,54.89058224886662,0.4597774424908465,55.0,,,54.6607565827177,,54.75585034028706,,54.89050430816693,,55.02526598795284,,55.12053402520855,
205.0,8.014315642458099,8.014315642458099,0.05823153593915955,-1,55.11210780031382,54.89076089088426,0.44257175385112646,55.0,,,54.669536046462696,,54.760174262296104,,54.89068545027219,,55.0213008950765,,55.11210780031382,
206.0,7.993621973929235,7.993621973929235,0.058077555646043534,-1,55.1037605607076,54.890891929211556,0.42561911304140665,55.0,,,54.67814144766619,,54.7644442693861,,54.890818908261615,,55.01729446003625,,55.1037605607076,
207.0,8.033216945996275,8.033216945996275,0.05792329867177068,-1,55.09553103387844,54.89101662141273,0.4089144641003628,55.0,,,54.686616569778074,,54.768698923171385,,54.890945942289264,,55.01329063794655,,55.09553103387844,
208.0,8.049348230912475,8.049348230912475,0.05778684583619747,-1,55.087660229737686,54.891378718290945,0.3924523293066784,55.0,,,54.69520790043101,,54.77317962578449,,54.89131030566899,,55.00953552983257,,55.087660229737686,
209.0,8.049348230912475,8.049348230912475,0.057660834064290144,-1,55.08003952469324,54.89187421209241,0.37622348095501934,55.0,,,54.70381604373822,,54.77778119362018,,54.891807993101594,,55.005926305308805,,55.08003952469324,
210.0,8.049348230912475,8.049348230912475,0.05754022213684726,-1,55.07259463642465,54.89243248113259,0.36022060159661606,55.0,,,54.71237403482803,,54.78243157351909,,54.89236838526548,,55.002393775625684,,55.07259463642465,
211.0,8.049348230912475,8.049348230912475,0.05742489749532561,-1,55.065319796924435,54.893050739834926,0.34443773005642697,55.0,,,54.72088206686801,,54.78712641415738,,54.89298869886277,,54.99893672236207,,55.065319796924435,
212.0,8.049348230912475,8.049348230912475,0.05731474786416713,-1,55.058209419276785,54.893726262734354,0.3288691469994163,55.0,,,54.72934027227737,,54.79186155512792,,54.89366621063265,,54.995553856357006,,55.058209419276785,
213.0,8.023440409683426,8.023440409683426,0.057209661320819165,-1,55.0512580914129,54.89445638420538,0.31350936298889565,55.0,,,54.737748728424,,54.79663301801254,,54.89439825708201,,54.992243826095475,,55.0512580914129,
214.0,8.017085661080072,8.017085661080072,0.05710175331480529,-1,55.044355835007785,54.89513376299844,0.2983531072115966,55.0,,,54.74600272779619,,54.801332262799136,,54.89507749902404,,54.98890049036511,,55.044355835007785,
215.0,8.049348230912475,8.049348230912475,0.05699692190915727,-1,55.03758150245687,54.89583893514803,0.28339701560378927,55.0,,,54.75418448685308,,54.8060383054591,,54.89578447447992,,54.98560590649117,,55.03758150245687,
216.0,8.049348230912475,8.049348230912475,0.056906676933304,-1,55.03108736239015,54.8967264235773,0.26863658270089275,55.0,,,54.76245077968926,,54.81090458081011,,54.89667370830226,,54.98251568669469,,55.03108736239015,
217.0,8.028002793296087,8.028002793296087,0.05682105295062918,-1,55.02473202632014,54.89765826897902,0.2540649531827839,55.0,,,54.77066707313735,,54.81579277230808,,54.89760724306299,,54.97949223006654,,55.02473202632014,
218.0,8.045111731843575,8.045111731843575,0.056733536013961604,-1,55.01842457869559,54.898545804790956,0.23967763199483016,55.0,,,54.77874694670076,,54.82061339958303,,54.898496414006665,,54.976447684968754,,55.01842457869559,
219.0,8.016759776536311,8.016759776536311,0.05665567205704791,-1,55.01232001806963,54.899545497002215,0.22547168708294407,55.0,,,54.786848330986686,,54.825521844822816,,54.89949768886399,,54.97353960226798,,55.01232001806963,
220.0,8.016759776536311,8.016759776536311,0.0565736210128754,-1,55.006226932962726,54.900468596321275,0.21144179681661512,55.0,,,54.79478513614611,,54.83032898844547,,54.90042232004032,,54.97057960401175,,55.006226932962726,
221.0,8.016759776536311,8.016759776536311,0.056495936618887715,-1,55.000261037726645,54.9014319036405,0.19758579074930793,55.0,,,54.80267524697734,,54.835150580190366,,54.901387110056405,,54.967685543251775,,55.000261037726645,
222.0,8.016759776536311,8.016759776536311,0.05642251301369089,-1,54.994418128346126,54.902433179754965,0.18389974182341007,55.0,,,54.810518386522716,,54.839983868942205,,54.902389821291386,,54.96485569367239,,54.994418128346126,
223.0,8.016759776536311,8.016759776536311,0.056353245114289276,-1,54.98869412787423,54.90347024120052,0.17037986555305906,55.0,,,54.818314262321174,,54.8448262198003,,54.90342827181376,,54.962088324193175,,54.98869412787423,
224.0,8.016759776536311,8.016759776536311,0.05628802866406756,-1,54.983085082724536,54.90454095977376,0.15702251357151198,55.0,,,54.826062569153024,,54.849675109317374,,54.90450033490293,,54.959381702770905,,54.983085082724536,
225.0,8.028980446927372,8.028980446927372,0.056226760278522574,-1,54.977587159113575,54.90564326203116,0.14382416752017235,55.0,,,54.8337629915934,,54.8545281209888,,54.905603938550115,,54.95673409990987,,54.977587159113575,
226.0,8.049348230912475,8.049348230912475,0.056173003089582715,-1,54.97224603047266,54.90682451959697,0.13078143325922298,55.0,,,54.84146459721344,,54.8594323318048,,54.90678645576773,,54.95419318272623,,54.97224603047266,
227.0,8.023114525139663,8.023114525139663,0.05612903420452532,-1,54.96708875029999,54.90811381909866,0.11789024670792969,55.0,,,54.84919850359206,,54.86441677692794,,54.908076974529195,,54.951788090144106,,54.96708875029999,
228.0,8.048696461824951,8.048696461824951,0.056080659238334406,-1,54.96191965279608,54.90931772037639,0.10514615869657007,55.0,,,54.85677349409951,,54.86928813372829,,54.90928205597853,,54.94932526527956,,54.96191965279608,
229.0,8.02441806331471,8.02441806331471,0.05604346808606931,-1,54.95694987444968,54.91064800852744,0.09254787403226317,55.0,,,54.864402000417414,,54.874257581306416,,54.910613486464,,54.947017099999684,,54.95694987444968,
230.0,8.034683426443202,8.034683426443202,0.05600226276920846,-1,54.95196978959441,54.91189735028287,0.08009080989732098,55.0,,,54.87187897969709,,54.87911806328946,,54.91186393393871,,54.9446559848947,,54.95196978959441,
231.0,8.016759776536311,8.016759776536311,0.055967442520014885,-1,54.94712054059045,54.913207501108914,0.0677737419755502,55.0,,,54.8793467986149,,54.884010830534955,,54.91317515504062,,54.94238418076365,,54.94712054059045,
232.0,8.045437616387336,8.045437616387336,0.05593039912865318,-1,54.942283209541294,54.91446124395812,0.05559327041530082,55.0,,,54.88668993912599,,54.88881875764647,,54.914429933863495,,54.94008437961336,,54.942283209541294,
233.0,8.04625232774674,8.04625232774674,0.05590511573888624,-1,54.937946469849734,54.915848128769184,0.044215413075271215,55.0,,,54.894098690282675,,54.89373105677446,,54.915817821444726,,54.937946469849734,,54.9376466054943,
234.0,8.016759776536311,8.016759776536311,0.0558829829177058,-1,54.935851313664955,54.91724946087545,0.03722183660887168,55.0,,,54.90145656421178,,54.89862947705608,,54.917220124189825,,54.935851313664955,,54.9330898252546,
235.0,8.016759776536311,8.016759776536311,0.05585481133955573,-1,54.93367479157008,54.91854112976754,0.03028487397081392,55.0,,,54.90864069334442,,54.90338991759926,,54.91851273262136,,54.93367479157008,,54.9284875137026,
236.0,8.016759776536311,8.016759776536311,0.055829519244444646,-1,54.93153973944627,54.919845515972256,0.023405435255931195,55.0,,,54.91577369269783,,54.90813430419034,,54.919818028259506,,54.93153973944627,,54.92396181526736,
237.0,8.016759776536311,8.016759776536311,0.055807017202629594,-1,54.929444647139675,54.92116115724555,0.016583424047119877,55.0,,,54.92285526923121,,54.912861223092555,,54.921134549827016,,54.929444647139675,,54.91951009693724,
238.0,8.02229981378026,8.02229981378026,0.05578721703939647,-1,54.929885139372914,54.9224866378035,0.01475533017060826,55.0,,,54.929885139372914,,54.917569325554105,,54.92246088247563,,54.927388032412566,,54.915129809202305,
239.0,8.049348230912475,8.049348230912475,0.05577169348838375,-1,54.936885418917065,54.92384297673757,0.02604454593077321,55.0,,,54.936885418917065,,54.922279714647814,,54.92381804620217,,54.9253908309345,,54.91084087298629,
240.0,8.049348230912475,8.049348230912475,0.055766784079577594,-1,54.94394211568733,54.92531494315025,0.03721529843581095,55.0,,,54.94394211568733,,54.92707734726732,,54.92529081098618,,54.92353762455888,,54.90672681725152,
241.0,8.049348230912475,8.049348230912475,0.05576414080804657,-1,54.950942294727305,54.92678771877907,0.04827135567611407,55.0,,,54.950942294727305,,54.93184794761578,,54.926764359417,,54.92171305308405,,54.90267093905119,
242.0,8.016759776536311,8.016759776536311,0.055763680187617876,-1,54.957885779140746,54.92826016206929,0.059214648295501604,55.0,,,54.957885779140746,,54.93659048905723,,54.928237550759945,,54.9199158605433,,54.898671130845244,
243.0,8.016759776536311,8.016759776536311,0.055755543421407996,-1,54.96464067149417,54.9295994406048,0.07004704754343294,55.0,,,54.96464067149417,,54.94117226553097,,54.92957755339253,,54.91801308865554,,54.89459362395074,
244.0,8.031750465549347,8.031750465549347,0.055749605712370254,-1,54.971342595974924,54.93094130399619,0.08076830380910138,55.0,,,54.971342595974924,,54.94572864623683,,54.93092011768914,,54.91614086791425,,54.89057429216582,
245.0,8.027351024208565,8.027351024208565,0.055750285173973596,-1,54.978051943104695,54.932345230043964,0.09138024373856979,55.0,,,54.978051943104695,,54.95031926639847,,54.9323247221941,,54.91435851915639,,54.886671699366126,
246.0,8.016759776536311,8.016759776536311,0.05575160601655201,-1,54.984688299701254,54.933729446139424,0.10188558735254105,55.0,,,54.984688299701254,,54.95486275671052,,54.933709595020545,,54.912583866916094,,54.88280271234871,
247.0,8.016759776536311,8.016759776536311,0.05575165936433958,-1,54.991227048792915,54.935068629712305,0.11228574697435789,55.0,,,54.991227048792915,,54.959333893626166,,54.93504941429415,,54.91079149002971,,54.87894130181856,
248.0,8.016759776536311,8.016759776536311,0.05575360567242277,-1,54.997712174619785,54.93640627461747,0.1225817044632791,55.0,,,54.997712174619785,,54.963776180678,,54.93638767454274,,54.90902487309031,,54.875130470156506,
249.0,8.016759776536311,8.016759776536311,0.05575737202150776,-1,55.00414353687314,54.93774142917046,0.13277508362677537,55.0,,,55.00414353687314,,54.96818885278986,,54.93772342473447,,54.90728287820845,,54.87136845324636,
250.0,8.016759776536311,8.016759776536311,0.05576288685921245,-1,55.01052100977627,54.93907317933707,0.1428674620018029,55.0,,,55.01052100977627,,54.97257118795264,,54.939055751466775,,54.90556439971521,,54.86765354777447,
251.0,8.016759776536311,8.016759776536311,0.055770080002914585,-1,55.0168444822107,54.940400648010986,0.1528603725531852,55.0,,,55.0168444822107,,54.97692250583216,,54.94038377824464,,54.90386836410992,,54.863984109657515,
252.0,8.016759776536311,8.016759776536311,0.05577888264147566,-1,55.023113857805555,54.94172299429074,0.16275530529939886,55.0,,,55.023113857805555,,54.98124216642542,,54.941706664758264,,54.90219372995831,,54.860358552506156,
253.0,8.016759776536311,8.016759776536311,0.05578922733587978,-1,55.029329054992466,54.943039412756775,0.17255370886938692,55.0,,,55.029329054992466,,54.9855295687627,,54.94302360616073,,54.9005394877449,,54.85677534612308,
254.0,8.016759776536311,8.016759776536311,0.05580104801882752,-1,55.03549000702834,54.94434913274895,0.18225699199402356,55.0,,,55.03549000702834,,54.98978414965311,,54.94433383234613,,54.89890465968283,,54.85323301503432,
255.0,8.016759776536311,8.016759776536311,0.05581427999331677,-1,55.04159666198812,54.945651417645045,0.19186652493555556,55.0,,,55.04159666198812,,54.9940053824713,,54.94563660722869,,54.89728829948456,,54.84973013705257,
256.0,8.016759776536311,8.016759776536311,0.05582885993025178,-1,55.04764898272953,54.946945564140776,0.20138364085811133,55.0,,,55.04764898272953,,54.99819277598325,,54.94693122802331,,54.89568949209636,,54.846265341871415,
257.0,8.016759776536311,8.016759776536311,0.05584472586511303,-1,55.05364694683182,54.94823090153162,0.2108096371423116,55.0,,,55.05364694683182,,55.00234587320924,,54.948217024528,,54.89410735339954,,54.84283730968951,
258.0,8.016759776536311,8.016759776536311,0.05586181719372886,-1,55.05959054651036,54.949506790997155,0.2201457766467243,55.0,,,55.05959054651036,,55.006464250322054,,54.94949335840872,,54.89254102988105,,54.83944476986363,
259.0,8.016759776536311,8.016759776536311,0.05588007466717651,-1,55.065479788508675,54.95077262488809,0.22939328891876443,55.0,,,55.065479788508675,,55.01054751557881,,54.95075962248694,,54.89098969827611,,54.83608649958991,
260.0,8.016759776536311,8.016759776536311,0.05589944038585431,-1,55.07131469396974,54.952027826016455,0.23855337135751142,55.0,,,55.07131469396974,,55.01459530828477,,54.95201524003038,,54.88945256518517,,54.83276132261223,
261.0,8.016759776536311,8.016759776536311,0.055919857792754414,-1,55.077095298287965,54.95327184694954,0.2476271903308671,55.0,,,55.077095298287965,,55.01860729778766,,54.953259664047344,,54.887928866667636,,54.8294681079571,
262.0,8.016759776536311,8.016759776536311,0.055941271665972236,-1,55.08282165094344,54.95450416930767,0.25661588224907916,55.0,,,55.08282165094344,,55.02258318250112,,54.954492376585044,,54.886417867814345,,54.82620576869436,
263.0,8.016759776536311,8.016759776536311,0.0559636281104856,-1,55.088493815319744,54.95572430306633,0.2655205545968542,55.0,,,55.088493815319744,,55.02652268895596,,54.955712888032195,,54.88491886230088,,54.82297326072289,
264.0,8.016759776536311,8.016759776536311,0.05598687454923229,-1,55.094111868506744,54.95693178586312,0.2743422869259007,55.0,,,55.094111868506744,,55.03042557087801,,54.9569207364263,,54.8834311719237,,54.81976958158084,
265.0,8.016759776536311,8.016759776536311,0.05601095971352438,-1,55.09967590108955,54.95812618230951,0.2830821318098202,55.0,,,55.09967590108955,,55.034291608291525,,54.958115486765955,,54.88195414612078,,54.81659376927973,
266.0,8.016759776536311,8.016759776536311,0.056035833632825056,-1,55.10518601692484,54.959307083308126,0.2917411157630241,55.0,,,55.10518601692484,,55.03812060664693,,54.9592967303285,,54.880487161478534,,54.813444901161816,
267.0,8.016759776536311,8.016759776536311,0.05606144762392067,-1,55.110642332905734,54.9604741053756,0.3003202401253091,55.0,,,55.110642332905734,,55.04191239597204,,54.96046408399324,,54.87902962122654,,54.810322092780424,
268.0,8.016759776536311,8.016759776536311,0.056087754279519945,-1,55.11604497871616,54.96162688997136,0.30882048191370615,55.0,,,55.11604497871616,,55.045666830045825,,54.96161718957069,,54.877580954721694,,54.807224496802455,
269.0,8.016759776536311,8.016759776536311,0.0561147074563049,-1,55.12139409657589,54.96276510283271,0.31724279464301475,55.0,,,55.12139409657589,,55.04938378559379,,54.96275571313793,,54.876140616923045,,54.804151301932876,
270.0,8.016759776536311,8.016759776536311,0.05614226226246992,-1,55.126689840976994,54.96388843331626,0.32558810911633174,55.0,,,55.126689840976994,,55.053063161504234,,54.963879344380516,,54.87470808785884,,54.80110173186066,
271.0,8.016759776536311,8.016759776536311,0.05617037504476934,-1,55.131932378412806,54.96499659374621,0.33385733418706565,55.0,,,55.131932378412806,,55.05670487806461,,54.96498779594104,,54.87328287208682,,54.79807504422574,
272.0,8.016759776536311,8.016759776536311,0.05619900337510577,-1,55.13712188710014,54.96608931876958,0.3420513574934603,55.0,,,55.13712188710014,,55.06030887621726,,54.9660808027747,,54.871864498149115,,54.79507052960668,
273.0,8.016759776536311,8.016759776536311,0.056228106036687514,-1,55.14225855669558,54.96716636471861,0.3501710461668992,55.0,,,55.14225855669558,,55.06387511683396,,54.96715812151202,,54.87045251802278,,54.79208751052868,
274.0,8.016759776536311,8.016759776536311,0.056257643009775864,-1,55.14734258800662,54.96822750898052,0.3582172475151282,55.0,,,55.14734258800662,,55.067403580008474,,54.968219529829,,54.86904650656698,,54.789125340491495,
275.0,8.016759776536311,8.016759776536311,0.056287575457055435,-1,55.15237419269842,54.96927254937499,0.36619078968134033,55.0,,,55.15237419269842,,55.07089426436675,,54.96926482582482,,54.867646060967864,,54.78618340301708,
276.0,8.016759776536311,8.016759776536311,0.0563178657086449,-1,55.15735359299672,54.97030130353934,0.3740924822801759,55.0,,,55.15735359299672,,55.074347186394085,,54.97029382740735,,54.86625080018198,,54.783261110716545,
277.0,8.016759776536311,8.016759776536311,0.056348477246781256,-1,55.16228102138774,54.971313608321694,0.3819231170115529,55.0,,,55.16228102138774,,55.07776237977876,,54.971306371686616,,54.864860364379155,,54.78035790437619,
278.0,8.041852886405957,8.041852886405957,0.056379374690193246,-1,55.16715672031551,54.972309319182294,0.38968346825324574,55.0,,,55.16715672031551,,55.081139894771745,,54.97230231437635,,54.863474414385564,,54.777473252062265,
279.0,8.017248603351954,8.017248603351954,0.05641805137982928,-1,55.172082369855765,54.97338973758151,0.3973742936329927,55.0,,,55.172082369855765,,55.08458122554038,,54.97338295718233,,54.86219405910631,,54.77470807622277,
280.0,8.023277467411544,8.023277467411544,0.056449427224177125,-1,55.17685420757031,54.974349960990004,0.40499787371913243,55.0,,,55.17685420757031,,55.087882043130385,,54.97434339781376,,54.860813822584376,,54.771856333851176,
281.0,8.049348230912475,8.049348230912475,0.05648279469569788,-1,55.181599453347374,54.97531762542478,0.4125533766243379,55.0,,,55.181599453347374,,55.091169788748985,,54.97531127251651,,54.859461535788036,,54.769046076723036,
282.0,8.049348230912475,8.049348230912475,0.05652410331014574,-1,55.1863986610332,54.97637274511512,0.4200418819430851,55.0,,,55.1863986610332,,55.09452475442078,,54.976366595742626,,54.85821693528889,,54.76635677909012,
283.0,8.049348230912475,8.049348230912475,0.05656535742978244,-1,55.19114346917229,54.97740581897553,0.4274656692854535,55.0,,,55.19114346917229,,55.09783801780034,,54.97739986662303,,54.85696994139514,,54.763677799886835,
284.0,8.047392923649905,8.047392923649905,0.05660652779264799,-1,55.1958342378276,54.97841689798654,0.434825357153521,55.0,,,55.1958342378276,,55.101109801196976,,54.978411136346686,,54.855720433887385,,54.761008880674076,
285.0,8.016759776536311,8.016759776536311,0.05664699953253629,-1,55.20046342919872,54.979398141586174,0.4421215513969159,55.0,,,55.20046342919872,,55.10433243301007,,54.97939256455334,,54.85446040336692,,54.758341877801804,
286.0,8.016759776536311,8.016759776536311,0.05667815325937153,-1,55.20491574395376,54.98023401350156,0.44935472621345696,55.0,,,55.20491574395376,,55.107390513901755,,54.98022861516539,,54.853074176746574,,54.755561017740305,
287.0,8.016759776536311,8.016759776536311,0.05670932224170336,-1,55.20931923441433,54.98105320803933,0.45652359793739095,55.0,,,55.20931923441433,,55.11041243853683,,54.9810479826775,,54.85169074809103,,54.75279563647694,
288.0,8.016759776536311,8.016759776536311,0.056740482253417546,-1,55.21367422806956,54.98185573559747,0.46362880104732085,55.0,,,55.21367422806956,,55.113398389772456,,54.98185067767081,,54.85030995545228,,54.750045427022236,
289.0,8.016759776536311,8.016759776536311,0.05677160999244675,-1,55.21798105865096,54.98264161881682,0.4706709580114534,55.0,,,55.21798105865096,,55.116348560704864,,54.98263672296344,,54.84893165112534,,54.74731010063951,
290.0,8.016759776536311,8.016759776536311,0.05680268306359375,-1,55.22224006584986,54.98341089210229,0.47765067968028774,55.0,,,55.22224006584986,,55.119263154198585,,54.98340615313187,,54.84755570116151,,54.74458938616957,
291.0,8.016759776536311,8.016759776536311,0.05683367996131157,-1,55.22645159503713,54.984163601153014,0.4845685656660237,55.0,,,55.22645159503713,,55.12214238242762,,54.98415901404138,,54.8461819848878,,54.74188302937111,
292.0,8.016759776536311,8.016759776536311,0.05686458005244519,-1,55.230615996985655,54.984899802501744,0.4914252047091381,55.0,,,55.230615996985655,,55.12498646642821,,54.98489536238551,,54.844810394432784,,54.73919079227652,
293.0,8.016759776536311,8.016759776536311,0.05689536355895768,-1,55.234733627595624,54.985619563063075,0.49822117503263286,55.0,,,55.234733627595624,,55.127795635663084,,54.985615265234514,,54.84344083425919,,54.73651245256299,
294.0,8.023603351955305,8.023603351955305,0.0569260115406529,-1,55.23880484762296,54.98632295969097,0.5049570446842964,55.0,,,55.23880484762296,,55.13057012759679,,54.986318799593,,54.84207322070343,,54.73384780293866,
295.0,8.049348230912475,8.049348230912475,0.05695855850846396,-1,55.24285767984805,54.98703773618212,0.5116333718674753,55.0,,,55.24285767984805,,55.133337844719065,,54.98703370940353,,54.84073513895934,,54.731224307980575,
296.0,8.02849162011173,8.02849162011173,0.05699862089059258,-1,55.246968052592564,54.98783933916009,0.5182511202070614,55.0,,,55.246968052592564,,55.136174493423,,54.98783544143104,,54.83950177596832,,54.7287169323855,
297.0,8.044622905027932,8.044622905027932,0.057032057848292926,-1,55.2509447193554,54.988535478955086,0.5248123762625667,55.0,,,55.2509447193554,,55.13888832398821,,54.98853170614297,,54.83818030219601,,54.726132343092836,
298.0,8.049348230912475,8.049348230912475,0.05707006606285334,-1,55.254940278033196,54.9892791516109,0.5313163439528097,55.0,,,55.254940278033196,,55.141632161849984,,54.98927549971486,,54.8369238843761,,54.723623934080386,
299.0,8.049348230912475,8.049348230912475,0.05710911959009844,-1,55.25890699758467,54.9900218878167,0.5377645000246645,55.0,,,55.25890699758467,,55.144357927185716,,54.99001835296425,,54.83568366378887,,54.72114249756,
300.0,8.049348230912475,8.049348230912475,0.05714775986105902,1,55.262825617238484,54.990744053477066,0.544157591326929,55.0,,,55.262825617238484,,55.14704619720661,,54.99074063191975,,54.834439795108935,,54.718668025911555,
301.0,8.07264897579143,8.07264897579143,0.05718597320016759,1,55.25455221410017,54.9914458798169,0.5262073098149074,55.0,,,55.25455221410017,,55.14362515198796,,54.991442567926185,,54.83926456078493,,54.728344904285265,
302.0,8.081936685288639,8.081936685288639,0.05723074084662541,1,55.246467544369,54.99222184387128,0.5084862140048401,55.0,,,55.246467544369,,55.14026455931733,,54.99221863813472,,54.84417714717118,,54.73798133036416,
303.0,8.086662011173182,8.086662011173182,0.05727771657071477,1,55.23850783184782,54.9930118862588,0.49098687044781997,55.0,,,55.23850783184782,,55.136907187886344,,54.993008783276814,,54.84911466688301,,54.7475209614,
304.0,8.126256983240221,8.126256983240221,0.05732546773884705,1,55.23065040902159,54.99379641904024,0.4737031201684445,55.0,,,55.23065040902159,,55.133536310255266,,54.99379341552214,,54.85405467154903,,54.75694728885315,
305.0,8.147113594040967,8.147113594040967,0.0573844335568102,1,55.223033263237035,54.99471621282186,0.4566293968180304,55.0,,,55.223033263237035,,55.130295438219314,,54.994713305582316,,54.85913519065164,,54.766403866419004,
306.0,8.172858472998136,8.172858472998136,0.05744875899818755,1,55.21557095677538,54.99568964376196,0.439758072808452,55.0,,,55.21557095677538,,55.127104918128865,,54.99568682971821,,54.86427263022046,,54.77581288396693,
307.0,8.17970204841713,8.17970204841713,0.057519791599945955,1,55.20827753648648,54.99673378523096,0.423083095258626,55.0,,,55.20827753648648,,55.12398394738944,,54.99673106139912,,54.869481939651884,,54.78519444122785,
308.0,8.186871508379886,8.186871508379886,0.05759169635163179,1,55.20106989772907,54.997768587040675,0.4065983554173229,55.0,,,55.20106989772907,,55.120854361054505,,54.99776595053268,,54.87468118357536,,54.79447154231175,
309.0,8.212290502793294,8.212290502793294,0.05766452546965503,1,55.19394663921997,54.99879494139439,0.39029926646112045,55.0,,,55.19394663921997,,55.11771910803003,,54.99879238941455,,54.87986919754852,,54.80364737275885,
310.0,8.2334729981378,8.2334729981378,0.05774372489601286,1,55.18697911167791,54.99988639830161,0.37418142995312564,55.0,,,55.18697911167791,,55.11465364671595,,54.99988392814366,,54.885117623245755,,54.81279768172478,
311.0,8.27306797020484,8.27306797020484,0.05782787545187382,1,55.180144173628904,55.00102252040688,0.3582394377968683,55.0,,,55.180144173628904,,55.111639009669204,,55.00102012945138,,54.89040455345283,,54.821904735832035,
312.0,8.280074487895714,8.280074487895714,0.05792240467222302,1,55.1735116051429,55.0022755367998,0.3424683920888185,55.0,,,55.1735116051429,,55.10874884815744,,55.00227322251132,,54.89580079513327,,54.83104321305408,
313.0,8.310055865921786,8.310055865921786,0.0580172721849345,1,55.16694080629185,55.00350780071847,0.32686238662866884,55.0,,,55.16694080629185,,55.10584651876492,,55.003505560643056,,54.9011676982293,,54.84007841966318,
314.0,8.326675977653629,8.326675977653629,0.05811936280876321,1,55.160523206561855,55.00481249837494,0.31141790809133596,55.0,,,55.160523206561855,,55.1030266557704,,55.0048103301371,,54.90659700093483,,54.84910529847052,
315.0,8.34264432029795,8.34264432029795,0.058224481750371926,1,55.15419838491519,55.00613164529811,0.29613008346692027,55.0,,,55.15419838491519,,55.10023223762915,,55.00612954659854,,54.91202975589944,,54.85806830144827,
316.0,8.373277467411544,8.373277467411544,0.05833234037004533,1,55.147960263743784,55.00746106040549,0.2809951198233307,55.0,,,55.147960263743784,,55.0974601801191,,55.007459029018456,,54.917460685225684,,54.86696514392045,
317.0,8.38028398510242,8.38028398510242,0.05844727841193075,1,55.14186531495927,55.008859010580025,0.26600942733315946,55.0,,,55.14186531495927,,55.094769770795814,,55.00885704435102,,54.922947035167894,,54.87585588762611,
318.0,8.407821229050278,8.407821229050278,0.05856199627556036,1,55.13581159629225,55.01022575549412,0.25116860222455983,55.0,,,55.13581159629225,,55.09206196553389,,55.010223852337745,,54.92838836923905,,54.88464299406769,
319.0,8.426885474860333,8.426885474860333,0.058682659316091866,1,55.129881473280996,55.01164499836081,0.23646996925580765,55.0,,,55.129881473280996,,55.089421484132494,,55.01164315625822,,54.93386737410712,,54.89341150402519,
320.0,8.440409683426441,8.440409683426441,0.058806561600074504,1,55.12403547137577,55.01307921853696,0.22190962071832843,55.0,,,55.12403547137577,,55.08681140856777,,55.01307743553405,,54.939345926549755,,54.90212585065744,
321.0,8.473486964618248,8.473486964618248,0.05893192952851915,1,55.118247791575925,55.01450421572431,0.20748435930853049,55.0,,,55.118247791575925,,55.084208218972556,,55.01450248992947,,54.944799145876196,,54.910763432267395,
322.0,8.50558659217877,8.50558659217877,0.05906460888716662,1,55.11259603436394,55.01599894316091,0.19319147961307692,55.0,,,55.11259603436394,,55.08169157944977,,55.01599727274298,,54.950305274497,,54.91940455475086,
323.0,8.520088454376163,8.520088454376163,0.05920413352735276,1,55.107070572732695,55.01755571128432,0.1790271068376299,55.0,,,55.107070572732695,,55.07925413032147,,55.01755409447087,,54.955856293001496,,54.928043465895065,
324.0,8.581191806331468,8.581191806331468,0.05934501104666488,1,55.101594316572466,55.01909926140583,0.164987578232072,55.0,,,55.101594316572466,,55.076820911319,,55.019097696481225,,54.96137664431606,,54.936606738340394,
325.0,8.574837057728118,8.574837057728118,0.05950129034466062,1,55.09635564330407,55.020819157392886,0.15107052099182283,55.0,,,55.09635564330407,,55.074582029813236,,55.02081764269631,,54.967055348838564,,54.94528512231225,
326.0,8.60335195530726,8.60335195530726,0.059652207279692435,1,55.091068551089904,55.02243205794072,0.1372706141377691,55.0,,,55.091068551089904,,55.07225387503836,,55.022430591864826,,54.972609334758324,,54.953797936952135,
327.0,8.613291433891991,8.613291433891991,0.059808380670690046,1,55.08587791793768,55.02408320387519,0.12358713211627048,55.0,,,55.08587791793768,,55.06998249886237,,55.02408178486379,,54.97818303189074,,54.96229078582141,
328.0,8.635940409683425,8.635940409683425,0.0599640369887255,1,55.08070369740584,55.02569402924884,0.11001711401984693,55.0,,,55.08070369740584,,55.06768952556839,,55.02569265579551,,54.98369768408843,,54.97068658338599,
329.0,8.659892923649904,8.659892923649904,0.06012299396285362,1,55.07559732477331,55.027316789166164,0.09655892027501523,55.0,,,55.07559732477331,,55.065427671372646,,55.02731545981259,,54.98920508537399,,54.9790384044983,
330.0,8.668528864059589,8.668528864059589,0.0602855423181249,1,55.07056127588884,55.028955159796894,0.08321015031532397,55.0,,,55.07056127588884,,55.06320082798248,,55.02895387313135,,54.99470869640827,,54.98735112557352,
331.0,8.701117318435752,8.701117318435752,0.06044692153024907,1,55.065529893877454,55.03054468179637,0.06996840915315516,55.0,,,55.065529893877454,,55.060944699804125,,55.030543436452305,,55.000143894123646,,54.9955614847243,
332.0,8.701117318435752,8.701117318435752,0.06061438011089711,1,55.06060117745045,55.0321840093967,0.05683238581742245,55.0,,,55.06060117745045,,55.05875832702095,,55.03218280405114,,55.00560894682791,,55.00376879163303,
333.0,8.72050744878957,8.72050744878957,0.06077786372413512,1,55.05650519407353,55.03373666292642,0.04553778330976144,55.0,,,55.055637240154816,,55.05650519407353,,55.03373549629877,,55.01096741076377,,55.01183797334125,
334.0,8.707309124767223,8.707309124767223,0.060943289355769766,1,55.05426725243093,55.03528411954269,0.03796696362932295,55.0,,,55.05071925940301,,55.05426725243093,,55.03528299039309,,55.01630028880161,,55.019850806684794,
335.0,8.766294227188084,8.766294227188084,0.061100675534344576,1,55.051910243366166,55.03669199244068,0.030437177282848893,55.0,,,55.0457119336836,,55.051910243366166,,55.036690899568946,,55.02147306608332,,55.02767381950139,
336.0,8.774115456238363,8.774115456238363,0.0612720646479656,1,55.04973462415797,55.03826010355213,0.022949694940805898,55.0,,,55.040915257309095,,55.04973462415797,,55.03825904579619,,55.026784929217165,,55.035606661280255,
337.0,8.798882681564248,8.798882681564248,0.06144160655499133,1,55.047523022633584,55.03977164889839,0.015503380191866256,55.0,,,55.03611026192613,,55.047523022633584,,55.03977062513356,,55.03201964244172,,55.04343469235691,
338.0,8.798882681564248,8.798882681564248,0.06161444618300728,1,55.051228816948786,55.04129709461235,0.019861841423690407,55.0,,,55.031366975525096,,55.04534616197914,,55.04129610374986,,55.03724741485885,,55.051228816948786,
339.0,8.798882681564248,8.798882681564248,0.061782943898058475,1,55.05888678556979,55.042733222368646,0.03230557468483397,55.0,,,55.026581210884956,,55.0431007849283,,55.04273226335452,,55.04236506710566,,55.05888678556979,
340.0,8.802141527001865,8.802141527001865,0.061947136288674286,1,55.06641103231628,55.044082329423006,0.04465590394978847,55.0,,,55.02175512836649,,55.04078953637685,,55.044081401236845,,55.04737454881857,,55.06641103231628,
341.0,8.841736499068903,8.841736499068903,0.06210805354788437,1,55.07381732783654,55.04536005459458,0.056913092929399056,55.0,,,55.01690423490714,,55.03842838062014,,55.04535915624848,,55.052291173360594,,55.07381732783654,
342.0,8.881331471135942,8.881331471135942,0.06227677924498968,1,55.08125668805328,55.04671718141691,0.06907760645297856,55.0,,,55.0121790816003,,55.03616835300429,,55.046716311954484,,55.057265472472196,,55.08125668805328,
343.0,8.920926443202982,8.920926443202982,0.06245313989631303,1,55.08872656433026,55.048149768380405,0.08115223031688856,55.0,,,55.00757433401337,,55.034005159655386,,55.04814892687595,,55.06229385702707,,55.08872656433026,
344.0,8.929236499068903,8.929236499068903,0.06263696287979824,1,55.09622445354031,55.049653965205984,0.09313965887302089,55.0,,,55.00308479466729,,55.03193459365025,,55.049653150763504,,55.067372833408584,,55.09622445354031,
345.0,8.902351024208569,8.902351024208569,0.0628185316321247,1,55.10361928956033,55.05109740296623,0.10504249777652319,55.0,,,54.998576791783805,,55.02982392624552,,55.05109661471846,,55.07237039252302,,55.10361928956033,
346.0,8.941945996275606,8.941945996275606,0.06298711184973936,1,55.11076791994791,55.052336673477896,0.11686125855380425,55.0,,,54.99390666139411,,55.02752989027616,,55.05233591058524,,55.07714298518603,,55.11076791994791,
347.0,8.981540968342646,8.981540968342646,0.06316317734888195,1,55.11794945605428,55.05365176813651,0.12859418115931476,55.0,,,54.98935527489497,,55.025333170132086,,55.053651029786,,55.08196990981523,,55.11794945605428,
348.0,8.99441340782123,8.99441340782123,0.06334656154912328,1,55.12516140079285,55.05503891071699,0.14024382391232137,55.0,,,54.98491757688053,,55.02322959140647,,55.05503819612172,,55.086847788383324,,55.12516140079285,
349.0,9.02814245810056,9.02814245810056,0.06352893647626011,1,55.13229132456988,55.056384433492006,0.15181266312077213,55.0,,,54.980478661449105,,55.021105088016625,,55.05638374189037,,55.091663351534066,,55.13229132456988,
350.0,9.05959031657356,9.05959031657356,0.06371665344302703,1,55.13942599016706,55.05777475568825,0.16330138593410481,55.0,,,54.97612460423296,,55.01904610928831,,55.05777408634292,,55.09650298841003,,55.13942599016706,
351.0,9.05959031657356,9.05959031657356,0.06390888277789533,1,55.14655431341026,55.059197793212945,0.17471199222781308,55.0,,,54.97184232118245,,55.01704025927222,,55.059197145410224,,55.10135492678957,,55.14655431341026,
352.0,9.08175046554935,9.08175046554935,0.06409588825828678,1,55.15354534131984,55.06052169793891,0.18604627233396798,55.0,,,54.96749906898587,,55.014955414230016,,55.06052107098798,,55.106087594170816,,55.15354534131984,
353.0,9.12134543761639,9.12134543761639,0.06428450262541943,1,55.16049300459658,55.061840537721935,0.19730395197813522,55.0,,,54.963189052618446,,55.01288586805432,,55.061839930954,,55.110794832386354,,55.16049300459658,
354.0,9.128351955307265,9.128351955307265,0.06447999577522522,1,55.16746898850915,55.06322542219833,0.2084861824596942,55.0,,,54.958982806049455,,55.01090259153993,,55.06322483496595,,55.115547889927164,,55.16746898850915,
355.0,9.167946927374304,9.167946927374304,0.0646722311924309,1,55.174336491895424,55.064538436370356,0.21959519148346374,55.0,,,54.95474130041196,,55.00886725007177,,55.06453786804689,,55.12020927142573,,55.174336491895424,
356.0,9.172346368715084,9.172346368715084,0.06487120984144512,1,55.18123176143549,55.065915786469375,0.23063105997924538,55.0,,,54.950600701456246,,55.006916152943084,,55.06591523644816,,55.124915080063865,,55.18123176143549,
357.0,9.181959962756054,9.181959962756054,0.06506599072986718,1,55.188007155027364,55.06720875237651,0.24159594401230322,55.0,,,54.94641121101506,,55.00490015717542,,55.06720822007037,,55.12951701859431,,55.188007155027364,
358.0,9.189944134078214,9.189944134078214,0.06525821019454273,1,55.194686349860646,55.06844108692535,0.2524896923249642,55.0,,,54.94219665753568,,55.00284315669433,,55.06844057176581,,55.13403869877027,,55.194686349860646,
359.0,9.222532588454378,9.222532588454378,0.06544737994296534,1,55.20126408588734,55.069607435571115,0.26331249394015543,55.0,,,54.93795159194718,,55.00073984740784,,55.06960693700786,,55.13847471560536,,55.20126408588734,
360.0,9.222532588454378,9.222532588454378,0.06564106454549705,1,55.20784366396229,55.07081105735708,0.2740644325094479,55.0,,,54.93377923145284,,54.99869355889692,,55.07081057485736,,55.14292825761603,,55.20784366396229,
361.0,9.24257448789572,9.24257448789572,0.06582915617529408,1,55.21428896028317,55.07191500503916,0.28474715494401437,55.0,,,54.929541805339156,,54.996567018598654,,55.0719145380873,,55.14726270288755,,55.21428896028317,
362.0,9.28216945996276,9.28216945996276,0.0660178713325186,1,55.2206855156011,55.07300505408991,0.29536019182755524,55.0,,,54.92532532377354,,54.99444619548091,,55.07300460218668,,55.151563633407356,,55.2206855156011,
363.0,9.289175977653631,9.289175977653631,0.06621316966823883,1,55.2271143225303,55.0741617864518,0.3059043645294679,55.0,,,54.92120995800083,,54.99241153961909,,55.074161349113936,,55.155911762994826,,55.2271143225303,
364.0,9.32029795158287,9.32029795158287,0.066404897577977,1,55.233438241788505,55.07524704396625,0.31638171082745714,55.0,,,54.91705653096105,,54.99032445101748,,55.07524662072603,,55.16016937533816,,55.233438241788505,
365.0,9.335777467411546,9.335777467411546,0.06660049477679097,1,55.23975891753408,55.076362514238824,0.32679214385127864,55.0,,,54.912966773682804,,54.988286696040234,,55.07636210464346,,55.16443807929354,,55.23975891753408,
366.0,9.352886405959032,9.352886405959032,0.06679505590169718,1,55.2460103671323,55.0774414913901,0.3371371101138507,55.0,,,54.90887325701845,,54.98623126201197,,55.077441095001305,,55.16865147578647,,55.2460103671323,
367.0,9.382378957169465,9.382378957169465,0.06698907031169114,1,55.2522001291024,55.07849130628775,0.3474170249409738,55.0,,,54.904783104161424,,54.98416542303368,,55.07849092268127,,55.172816952459954,,55.2522001291024,
368.0,9.389385474860337,9.389385474860337,0.06718632644431814,1,55.25838009346514,55.079563593967386,0.35763239832489546,55.0,,,54.90074769514025,,54.98214072986356,,55.07956322273254,,55.17698622863545,,55.25838009346514,
369.0,9.428980446927374,9.428980446927374,0.06737982104290603,1,55.26445608357706,55.080563537582705,0.36778451069262985,55.0,,,54.89667157288443,,54.980062085436764,,55.080563178321974,,55.181064767693286,,55.26445608357706,
370.0,9.450651769087523,9.450651769087523,0.06757962080955766,1,55.27056511360406,55.08162823869698,0.3778731872699552,55.0,,,54.8926919263341,,54.9780666679005,,55.081627891025555,,55.185189594620695,,55.27056511360406,
371.0,9.450651769087523,9.450651769087523,0.06778006788336013,1,55.27663058621171,55.082680154345475,0.38790031933752545,55.0,,,54.888730266874184,,54.97607649466441,,55.08267981789089,,55.18928360608616,,55.27663058621171,
372.0,9.482588454376163,9.482588454376163,0.0679744483724174,1,55.282562648243626,55.08362907885944,0.39786661193932105,55.0,,,54.884696036304305,,54.97400120887922,,55.08362875326119,,55.193256747608864,,55.282562648243626,
373.0,9.48959497206704,9.48959497206704,0.06817268159464689,1,55.28849669583105,55.08461074701374,0.40777138780675415,55.0,,,54.880725308024296,,54.97197673491914,,55.0846104319228,,55.197244564371424,,55.28849669583105,
374.0,9.52918994413408,9.52918994413408,0.0683669907196868,1,55.294327961797364,55.08551971124386,0.4176160077337272,55.0,,,54.87671195406364,,54.96989730795316,,55.08551940632242,,55.20114192608274,,55.294327961797364,
375.0,9.548417132216017,9.548417132216017,0.06856746621942637,1,55.30019375233828,55.08649340066064,0.4274002259074621,55.0,,,54.87279352643082,,54.967900434687174,,55.086493105581674,,55.20508618426528,,55.30019375233828,
376.0,9.548417132216017,9.548417132216017,0.06876769157549575,1,55.306007211192906,55.08744405069391,0.43712585896352607,55.0,,,54.86888135222938,,54.96589791453693,,55.08744376514091,,55.208990010369426,,55.306007211192906,
377.0,9.550209497206705,9.550209497206705,0.06896171430084228,1,55.31168884072911,55.088291922087535,0.44679339016631303,55.0,,,54.8648954505628,,54.96380989802962,,55.08829164575414,,55.21277377536202,,55.31168884072911,
378.0,9.58100558659218,9.58100558659218,0.06915017647333324,1,55.317249001789286,55.089047742468395,0.4564020859626936,55.0,,,54.86084691582659,,54.96164730324085,,55.08904747505801,,55.21644801642723,,55.317249001789286,
379.0,9.61261638733706,9.61261638733706,0.06934210668709498,1,55.32281091150519,55.0898350238765,0.46595135655147857,55.0,,,54.85685955495371,,54.95953379831176,,55.08983476510202,,55.22013608950981,,55.32281091150519,
380.0,9.646182495344508,9.646182495344508,0.06953767474739841,1,55.32837684964677,55.09065541875985,0.4754424565914803,55.0,,,54.85293439305529,,54.95747073414731,,55.090655168343396,,55.223839948606525,,55.32837684964677,
381.0,9.676000931098695,9.676000931098695,0.06973739915992465,1,55.333953769443475,55.09151524462537,0.4848766575422374,55.0,,,54.84907711190124,,54.95546411843559,,55.09151500229796,,55.22756622104856,,55.333953769443475,
382.0,9.678770949720672,9.678770949720672,0.06994002573999422,1,55.33952465468852,55.09239680588028,0.49425531818968693,55.0,,,54.84526933649883,,54.95349592015481,,55.0923965713816,,55.231297546677574,,55.33952465468852,
383.0,9.690013966480448,9.690013966480448,0.07013711617581608,1,55.344975910195735,55.093185964438305,0.5035795243475434,55.0,,,54.84139638584819,,54.95145172969611,,55.09318573751642,,55.23492005893506,,55.344975910195735,
384.0,9.693109869646184,9.693109869646184,0.07033136910925941,1,55.350345446403296,55.093920948764364,0.5128486399753882,55.0,,,54.83749680642791,,54.94936992878458,,55.09392072917536,,55.23847183303068,,55.350345446403296,
385.0,9.729283054003728,9.729283054003728,0.07052029656690592,1,55.355600795086154,55.09456932989424,0.5220625865641964,55.0,,,54.83353820852196,,54.947218105130446,,55.09456911740202,,55.24192042333061,,55.355600795086154,
386.0,9.743947858473,9.743947858473,0.07071420959962171,1,55.36088234945138,55.09527178982503,0.5312207865461005,55.0,,,54.82966156290528,,54.94513708159195,,55.09527158420105,,55.2454063709755,,55.36088234945138,
387.0,9.783216945996276,9.783216945996276,0.0709063446873599,1,55.3660986413423,55.09593610350015,0.5403247537328681,55.0,,,54.82577388760943,,54.943034256368975,,55.09593590452321,,55.2488378276568,,55.3660986413423,
388.0,9.809124767225327,9.809124767225327,0.07110433503293796,1,55.37135335678054,55.09666589235489,0.5493746173085725,55.0,,,54.821978739471966,,54.941013213659325,,55.09666569981091,,55.252318452051746,,55.37135335678054,
389.0,9.829818435754191,9.829818435754191,0.07130391902216403,1,55.376588584847056,55.097402412156576,0.558372043911703,55.0,,,54.81821654093535,,54.939014790294486,,55.09740222583834,,55.25578991886768,,55.376588584847056,
390.0,9.841713221601491,9.841713221601491,0.07150343300515927,-1,55.38178216614441,55.09812311067829,0.5673178192119792,55.0,,,54.81446434693243,,54.93701622934624,,55.09812293038522,,55.259229880583085,,55.38178216614441,
391.0,9.874301675977655,9.874301675977655,0.07170013131398341,-1,55.37170256871107,55.09879131199407,0.5458222311486125,55.0,,,54.82588033756246,,54.942578272263695,,55.09879113753208,,55.255004243901,,55.37170256871107,
392.0,9.874301675977655,9.874301675977655,0.07190046549909555,-1,55.36178290125909,55.09949500568373,0.5245755179961762,55.0,,,54.837207383262914,,54.94820126145591,,55.09949483686493,,55.250788645575795,,55.36178290125909,
393.0,9.890432960893856,9.890432960893856,0.07209424121497443,-1,55.35188123467254,55.100096114714646,0.5035699755978555,55.0,,,54.848311259074684,,54.953743328187464,,55.100095951357176,,55.24644880028136,,55.35188123467254,
394.0,9.930027932960895,9.930027932960895,0.07228656700504185,-1,55.3420659348493,55.100665544590775,0.48280052475091395,55.0,,,54.85926541009839,,54.959271274255755,,55.1006653865186,,55.24205971723181,,55.3420659348493,
395.0,9.939478584729985,9.939478584729985,0.0724847389052007,-1,55.33243298881378,55.10130224307407,0.462261243989353,55.0,,,54.870171744824425,,54.96488047771199,,55.10130209011681,,55.237723913903366,,55.33243298881378,
396.0,9.972067039106149,9.972067039106149,0.07267927423728861,-1,55.322849644687516,55.10187708034331,0.4419448892076332,55.0,,,54.88090475547988,,54.97043887805142,,55.10187693233606,,55.2333151911617,,55.322849644687516,
397.0,9.983635940409686,9.983635940409686,0.0728774125968456,-1,55.313412281447455,55.1024888533683,0.42184662442859633,55.0,,,54.89156565701886,,54.97604202693599,,55.10248871015144,,55.22893559128771,,55.313412281447455,
398.0,10.00465549348231,10.00465549348231,0.07307254082189749,-1,55.304027954762105,55.10304770933773,0.4019602666201152,55.0,,,54.90206768814199,,54.98159743430801,,55.10304757075681,,55.22449789871973,,55.304027954762105,
399.0,10.0302374301676,10.0302374301676,0.07326763727319313,-1,55.294735636025536,55.10359484805936,0.3822813589628993,55.0,,,54.912454277062636,,54.98714348487955,,55.103594713964846,,55.220046128364196,,55.294735636025536,
400.0,10.037243947858476,10.037243947858476,0.07346410812605539,-1,55.28555206552256,55.104149453232786,0.36280501463510006,55.0,,,54.92274705088746,,54.99269689321777,,55.10414932347997,,55.215601933056156,,55.28555206552256,
401.0,10.069832402234638,10.069832402234638,0.07365613537807494,-1,55.2763962140508,55.10463298143552,0.3435262620844881,55.0,,,54.93286995196631,,54.998176893322174,,55.104632855884354,,55.21108899195399,,55.2763962140508,
402.0,10.08384543761639,10.08384543761639,0.07385174902968765,-1,55.26737597597387,55.10515506582907,0.324441623722592,55.0,,,54.94293435225128,,55.003690731992236,,55.105154944343965,,55.20661932458398,,55.26737597597387,
403.0,10.102420856610802,10.102420856610802,0.07404508852130112,-1,55.25840907910387,55.105635961540656,0.3055460449261602,55.0,,,54.95286303417771,,55.009156871605924,,55.10563584399043,,55.20211497882537,,55.25840907910387,
404.0,10.130446927374305,10.130446927374305,0.07423760400481542,-1,55.24951410983161,55.10609604015504,0.2868359553141815,55.0,,,54.96267815451743,,55.014593706513764,,55.10609592641267,,55.19759830349966,,55.24951410983161,
405.0,10.137453445065178,10.137453445065178,0.07443224396992716,-1,55.24072935793507,55.106575450557635,0.26830763667830837,55.0,,,54.972421721256765,,55.02003962014553,,55.10657534050025,,55.19311121295054,,55.24072935793507,
406.0,10.16759776536313,10.16759776536313,0.07462240721127711,-1,55.23196338919415,55.106984856652026,0.24995689277762523,55.0,,,54.982006496416524,,55.02540379626384,,55.10698475016066,,55.188565851224936,,55.23196338919415,
407.0,10.184054934823092,10.184054934823092,0.07481537851395167,-1,55.223314477228776,55.10742382879365,0.23178113014727586,55.0,,,54.9915333470815,,55.03078407828221,,55.10742372575318,,55.18406351562258,,55.223314477228776,
408.0,10.200186219739294,10.200186219739294,0.07500682823166079,-1,55.21472166469662,55.107833431459824,0.21377630515397072,55.0,,,55.00094535954265,,55.036120312356,,55.10783333175882,,55.17954648894505,,55.21472166469662,
409.0,10.200186219739294,10.200186219739294,0.07519667246137528,-1,55.20618293797324,55.10821312740643,0.1959394650428834,55.0,,,55.010243472930355,,55.041410607451176,,55.10821303093704,,55.17501558774032,,55.20618293797324,
410.0,10.237662942271882,10.237662942271882,0.07537989767745823,-1,55.19762994462256,55.10849596780359,0.17826780260716646,55.0,,,55.019362142015396,,55.046586752599175,,55.108495874461454,,55.170405125319405,,55.19762994462256,
411.0,10.265363128491622,10.265363128491622,0.07556831515239998,-1,55.18922298599143,55.108843055953045,0.1607597139425181,55.0,,,55.02846327204891,,55.051808406727496,,55.108842965637116,,55.16587764936029,,55.18922298599143,
412.0,10.284264432029795,10.284264432029795,0.0757587719810778,-1,55.18091625235609,55.10921061132225,0.14341114067175909,55.0,,,55.03750511168433,,55.05703107293838,,55.10921052393477,,55.1613900956977,,55.18091625235609,
413.0,10.297951582867784,10.297951582867784,0.0759484742446022,-1,55.17267006131386,55.109560574799865,0.1262188362172978,55.0,,,55.04645122509656,,55.06221588209122,,55.10956049024622,,55.15690521525148,,55.17267006131386,
414.0,10.33054003724395,10.33054003724395,0.07613579803919636,-1,55.16446162170658,55.10987142103888,0.10918026896177935,55.0,,,55.0552813527448,,55.06734042107667,,55.10987133922749,,55.15240237043886,,55.16446162170658,
415.0,10.337872439478586,10.337872439478586,0.07632668926331969,-1,55.15637079693718,55.11022405611084,0.09229335357272817,55.0,,,55.064077443364454,,55.0724846903474,,55.11022397695308,,55.147963372952084,,55.15637079693718,
416.0,10.363128491620111,10.363128491620111,0.07651317645916018,-1,55.14828769735195,55.11051022729873,0.0755548161813735,55.0,,,55.07273288117057,,55.07753991813341,,55.110510150708826,,55.143480489128876,,55.14828769735195,
417.0,10.3844739292365,10.3844739292365,0.07670094077222689,-1,55.14028948196282,55.11080782577151,0.05896319247813153,55.0,,,55.081326289484686,,55.08258310755564,,55.11080775166646,,55.13903249818792,,55.14028948196282,
418.0,10.395716945996275,10.395716945996275,0.07688872917469823,-1,55.134602809813714,55.11109973721547,0.04700618950986524,55.0,,,55.089841858901366,,55.08759662030385,,55.111099665514935,,55.134602809813714,,55.13235773154347,
419.0,10.431075418994416,10.431075418994416,0.0770733721691179,-1,55.130149370472985,55.11134337024962,0.037612043322070576,55.0,,,55.098238126546114,,55.092537327150914,,55.11134330087586,,55.130149370472985,,55.124448726202246,
420.0,10.470670391061454,10.470670391061454,0.07726247479068542,-1,55.12577628380072,55.11164217145124,0.028268266182784885,55.0,,,55.10661929168715,,55.09750801761793,,55.111642104329,,55.12577628380072,,55.11666515982141,
421.0,10.493482309124769,10.493482309124769,0.077457280179436,-1,55.121499388060904,55.11201177664011,0.018975262978905505,55.0,,,55.1150025213353,,55.102524125082,,55.112011711696574,,55.121499388060904,,55.10902113702578,
422.0,10.493482309124769,10.493482309124769,0.07765241596593547,-1,55.12331561780596,55.11237836746591,0.021874399010442858,55.0,,,55.12331561780596,,55.107511737657425,,55.11237830463062,,55.11724495844005,,55.101441218795514,
423.0,10.524278398510244,10.524278398510244,0.07784071283206058,-1,55.131463049761535,55.11264540440418,0.037635192345931046,55.0,,,55.131463049761535,,55.11237397558889,,55.11264534360894,,55.11291679564595,,55.093827857415604,
424.0,10.526070763500933,10.526070763500933,0.07803195077858457,-1,55.13957882341666,55.11294667561994,0.05326420041875224,55.0,,,55.13957882341666,,55.117243944382665,,55.112946616798745,,55.10864937050372,,55.08631462299791,
425.0,10.538291433891995,10.538291433891995,0.07821696827282171,-1,55.14754003891354,55.11315804576371,0.0687638942157065,55.0,,,55.14754003891354,,55.12199738344179,,55.11315798885269,,55.10431867291268,,55.078776144697834,
426.0,10.577886405959031,10.577886405959031,0.0783991477294093,-1,55.15539432284573,55.11332690602029,0.08413474455762326,55.0,,,55.15539432284573,,55.12668110652777,,55.113326850957634,,55.09997267148222,,55.07125957828811,
427.0,10.59124767225326,10.59124767225326,0.07858713323995989,-1,55.163259582690806,55.11357058683436,0.09937790551353487,55.0,,,55.163259582690806,,55.13141207945684,,55.11357053356024,,55.095729061286676,,55.06388167717727,
428.0,10.623836126629424,10.623836126629424,0.07877257514520278,-1,55.171023269412146,55.11377507229092,0.11449631084333589,55.0,,,55.171023269412146,,55.13607640866173,,55.11377502074744,,55.091473704064484,,55.05652695856881,
429.0,10.631494413407824,10.631494413407824,0.07896155832971005,-1,55.17876871838983,55.11402314275866,0.1294910705728114,55.0,,,55.17876871838983,,55.14075658289522,,55.114023092889795,,55.08728967180144,,55.04927764781702,
430.0,10.656424581005588,10.656424581005588,0.07914617663193593,-1,55.186389696072794,55.114207389048445,0.14436453598104038,55.0,,,55.186389696072794,,55.145345248242435,,55.114207340799965,,55.083069500035236,,55.042025160091754,
431.0,10.656424581005588,10.656424581005588,0.07933193755506794,-1,55.1939620199182,55.11440330932474,0.15911734565620606,55.0,,,55.1939620199182,,55.14991756618108,,55.114403262644196,,55.07888902361823,,55.034844674262,
432.0,10.685102420856612,10.685102420856612,0.07951097538494606,-1,55.20138035344292,55.114504684011514,0.1737512657868976,55.0,,,55.20138035344292,,55.15436729329737,,55.11450463884812,,55.07464204681313,,55.027629087656024,
433.0,10.692108938547486,10.692108938547486,0.07969243393762637,-1,55.20876985122852,55.11463662806011,0.1882663756361609,55.0,,,55.20876985122852,,55.15881913002729,,55.114636584364725,,55.0704540990877,,55.020503475592356,
434.0,10.721601489757916,10.721601489757916,0.07986944766701036,-1,55.21603837560453,55.11470601660534,0.20266464959608754,55.0,,,55.21603837560453,,55.16318003676621,,55.11470597433039,,55.066231970317105,,55.013373726008446,
435.0,10.738710428305405,10.738710428305405,0.08004917618607696,-1,55.22328390948114,55.11481058294693,0.21694658688999624,55.0,,,55.22328390948114,,55.16754749186177,,55.1148105420464,,55.06207364875415,,55.00633732259114,
436.0,10.778305400372442,10.778305400372442,0.08022766994885835,-1,55.23045351101977,55.11489639972875,0.23111415855539974,55.0,,,55.23045351101977,,55.171867704589225,,55.11489636015811,,55.05792507041227,,54.99933935246437,
437.0,10.786778398510243,10.786778398510243,0.0804120364552483,-1,55.23764388041696,55.11505961316874,0.24516847255186747,55.0,,,55.23764388041696,,55.17623676783496,,55.115059574884896,,55.053882434841796,,54.99247540786509,
438.0,10.79231843575419,10.79231843575419,0.08059235731785634,-1,55.24472109067186,55.115165018047016,0.25911208531971397,55.0,,,55.24472109067186,,55.18051980733039,,55.115164981008256,,55.04981020587241,,54.985609005352146,
439.0,10.819366852886407,10.819366852886407,0.08076778087911693,-1,55.25167505941297,55.11520230677036,0.2729454473045436,55.0,,,55.25167505941297,,55.18470634467602,,55.11520227093632,,55.045698246718025,,54.978729612108424,
440.0,10.838919925512103,10.838919925512103,0.08094517991147084,-1,55.258599897516525,55.11526546003629,0.28666881886588413,55.0,,,55.258599897516525,,55.18889016000142,,55.11526542536793,,55.04164073864492,,54.97193107865064,
441.0,10.878514897579144,10.878514897579144,0.0811221547803284,-1,55.26546358502457,55.11532162234837,0.30028387108273336,55.0,,,55.26546358502457,,55.19303856587428,,55.115321588807895,,55.03760465809331,,54.965179713941836,
442.0,10.884543761638737,10.884543761638737,0.08130504015665511,-1,55.27235218875252,55.115456289187456,0.31379174662624365,55.0,,,55.27235218875252,,55.19723711283086,,55.11545625673828,,55.03367544548935,,54.95856044212628,
443.0,10.884543761638737,10.884543761638737,0.0814831289106668,-1,55.27912106605358,55.11552360532666,0.32719487065848085,55.0,,,55.27912106605358,,55.201340337388736,,55.11552357393338,,55.02970685386245,,54.951926195395096,
444.0,10.89953445065177,10.89953445065177,0.08165460536915047,-1,55.285747200981625,55.11550046664455,0.3404934195318674,55.0,,,55.285747200981625,,55.20532498473203,,55.11550043627295,,55.02567592978639,,54.94525378144976,
445.0,10.939129422718809,10.939129422718809,0.08182432769991754,-1,55.292297778957405,55.11545416002117,0.35368719032964435,55.0,,,55.292297778957405,,55.20925810832162,,55.1154541306381,,55.02165019356099,,54.93861058862776,
446.0,10.978724394785848,10.978724394785848,0.0820001055360902,-1,55.29887889388109,55.11549038157146,0.36677697862400294,55.0,,,55.29887889388109,,55.21324543018719,,55.11549035314484,,55.017735315387114,,54.932101915257086,
447.0,10.982309124767228,10.982309124767228,0.08218183304131911,-1,55.30548864346061,55.11560603812918,0.37976516616497946,55.0,,,55.30548864346061,,55.217284290936526,,55.11560601062798,,55.01392776832515,,54.925723477295634,
448.0,10.9927374301676,10.9927374301676,0.08235801140452446,-1,55.31197164572373,55.115644588444596,0.3926540715091704,55.0,,,55.31197164572373,,55.22121858304535,,55.11564456183878,,55.01007057740053,,54.91931757421456,
449.0,11.01489757914339,11.01489757914339,0.0825309081968643,-1,55.31835997506564,55.11563814368061,0.40544362112270704,55.0,,,55.31835997506564,,55.22508026976478,,55.11563811794113,,55.006196001688565,,54.91291635394293,
450.0,11.039338919925513,11.039338919925513,0.08270429784578236,-1,55.3247055927304,55.115638469934666,0.41813420530038314,55.0,,,55.3247055927304,,55.22892109237211,,55.115638445033404,,55.0023558321074,,54.90657138743002,
451.0,11.047486033519554,11.047486033519554,0.08287889596670084,-1,55.33101858102002,55.11565507273266,0.4307269775958673,55.0,,,55.33101858102002,,55.232750730018275,,55.1156550486424,,54.99855940055844,,54.90029160342415,
452.0,11.053351955307264,11.053351955307264,0.08304952273925595,-1,55.33722945754577,55.11561782964101,0.4432232181002931,55.0,,,55.33722945754577,,55.23649927523345,,55.115617806335436,,54.99473636964493,,54.894006239445474,
453.0,11.080074487895718,11.080074487895718,0.08321553164383005,-1,55.34333070110181,55.11551911707666,0.45562313156951006,55.0,,,55.34333070110181,,55.24015906122936,,55.11551909453028,,54.990879158989515,,54.8877075695323,
454.0,11.09995344506518,11.09995344506518,0.08338361861370966,-1,55.349413810605725,55.115450398714884,0.4679267884893932,55.0,,,55.349413810605725,,55.243821481247736,,55.11545037690305,,54.987079302701574,,54.88148702211633,
455.0,11.139548417132216,11.139548417132216,0.08355158160486818,-1,55.3554492243121,55.11538139800159,0.4801356184786414,55.0,,,55.3554492243121,,55.24745653202452,,55.115381376900444,,54.98330625093744,,54.87531360583346,
456.0,11.146554934823092,11.146554934823092,0.08372567860729947,-1,55.36152174914147,55.11539644169021,0.4922505818727103,55.0,,,55.36152174914147,,55.251148705608436,,55.11539642127666,,54.97964416515571,,54.86927116726876,
457.0,11.186149906890131,11.186149906890131,0.08389546372212231,-1,55.36749004442961,55.115353082508115,0.5042738918896035,55.0,,,55.36749004442961,,55.25475603866525,,55.11535306275984,,54.975950114145874,,54.863216152540005,
458.0,11.210428305400374,11.210428305400374,0.08407135957833517,-1,55.37349575836836,55.11539293621346,0.5162056133978581,55.0,,,55.37349575836836,,55.258420106597704,,55.11539291710884,,54.972365754021915,,54.8572901449705,
459.0,11.210428305400374,11.210428305400374,0.08424839500057936,-1,55.37947131348858,55.11544733953657,0.5280479179997215,55.0,,,55.37947131348858,,55.262072733160565,,55.11544732105469,,54.96882193449014,,54.85142339548886,
460.0,11.23975791433892,11.23975791433892,0.0844188397965161,1,55.38531282535979,55.11541184085284,0.5398019400844589,55.0,,,55.38531282535979,,55.26560970500773,,55.115411822973485,,54.96521396564791,,54.84551088527533,
461.0,11.246764432029796,11.246764432029796,0.08459213373190118,1,55.37320937402784,55.11541544897975,0.5155878221099499,55.0,,,55.37320937402784,,55.26019002941303,,55.11541543168332,,54.97064085785669,,54.85762155191789,
462.0,11.2756052141527,11.2756052141527,0.08476113412666997,1,55.361198787749046,55.115361132448925,0.4916752835265683,55.0,,,55.361198787749046,,55.25468380132672,,55.11536111571648,,54.97603845322991,,54.86952350422248,
463.0,11.31112662942272,11.31112662942272,0.08493286268021236,1,55.349373140781275,55.11534467274762,0.46805690987651616,55.0,,,55.349373140781275,,55.24919178063593,,55.11534465656083,,54.98149755485532,,54.88131623090476,
464.0,11.34078212290503,11.34078212290503,0.0851093979514081,1,55.33775538450595,55.11539331194699,0.44472411978131987,55.0,,,55.33775538450595,,55.24374548059239,,55.11539329628811,,54.98704113362387,,54.89303126472463,
465.0,11.34078212290503,11.34078212290503,0.08528878833790776,1,55.32631358604455,55.11547943884684,0.421668269885231,55.0,,,55.32631358604455,,55.238321152251764,,55.11547942369872,,54.99263771607986,,54.90464531615932,
466.0,11.34078212290503,11.34078212290503,0.08546154284906393,1,55.31491519147223,55.115474413213896,0.398881532806044,55.0,,,55.31491519147223,,55.23279385201297,,55.115474398559925,,54.99815496535817,,54.91603365866619,
467.0,11.353980446927377,11.353980446927377,0.08562778631351937,1,55.30356103454754,55.11538175833518,0.37635852948763926,55.0,,,55.30356103454754,,55.22717106851231,,55.11538174415929,,55.00359243939687,,54.9272025050599,
468.0,11.373370577281191,11.373370577281191,0.08579184434092117,1,55.29230861347516,55.11526152824814,0.35409414826533947,55.0,,,55.29230861347516,,55.22151656782491,,55.11526151453479,,55.00900648019606,,54.93821446520982,
469.0,11.40058193668529,11.40058193668529,0.08595573383472534,1,55.281182769164985,55.115141456031,0.3320826048033396,55.0,,,55.281182769164985,,55.21586132429597,,55.11514144276512,,55.014421579567255,,54.949100164361646,
470.0,11.407588454376166,11.407588454376166,0.08612195480435353,1,55.27021421004521,55.11505522397814,0.3103179513699885,55.0,,,55.27021421004521,,55.210241934312066,,55.1150552111452,,55.01986850571302,,54.95989625867522,
471.0,11.447183426443203,11.447183426443203,0.08628403166017153,1,55.25931188759806,55.11491489548193,0.2887939641458175,55.0,,,55.25931188759806,,55.20457303581894,,55.114914883067826,,55.025256747472575,,54.97051792345224,
472.0,11.471135940409685,11.471135940409685,0.08645243329446414,1,55.24861568187585,55.11486262266665,0.2675060989875959,55.0,,,55.24861568187585,,55.198999522858465,,55.11486261065776,,55.03072571505293,,54.98110958288825,
473.0,11.493784916201118,11.493784916201118,0.08662206110205287,1,55.23805181417453,55.11482792742821,0.2464477546961632,55.0,,,55.23805181417453,,55.193452905612304,,55.11482791581135,,55.03620294206449,,54.99160405947837,
474.0,11.503724394785849,11.503724394785849,0.08679248022569291,1,55.22761145085761,55.11480459536174,0.22561369280892052,55.0,,,55.22761145085761,,55.1879290728206,,55.11480458412415,,55.041680110957664,,55.00199775804869,
475.0,11.540386405959032,11.540386405959032,0.08695962295742969,1,55.21723709124788,55.11473758804779,0.20499898881107725,55.0,,,55.21723709124788,,55.18237495698472,,55.114737577177124,,55.047100212392415,,55.012238102436804,
476.0,11.579981378026073,11.579981378026073,0.08713208450166605,1,55.20704351179128,55.114743600759255,0.1845998050493023,55.0,,,55.20704351179128,,55.17690929948014,,55.11474359024358,,55.05257789553933,,55.022443706741974,
477.0,11.60148975791434,11.60148975791434,0.08731070906859298,1,55.197037853153695,55.1148325334623,0.1644106229237252,55.0,,,55.197037853153695,,55.17154343970604,,55.11483252329005,,55.05812162093176,,55.03262723022997,
478.0,11.60148975791434,11.60148975791434,0.08748960430318246,1,55.187136296377915,55.1149233166977,0.14442594343895365,55.0,,,55.187136296377915,,55.166197574832566,,55.1149233068577,,55.063649052481374,,55.04271035293896,
479.0,11.60148975791434,11.60148975791434,0.08766188854035654,1,55.177244062037495,55.114923188546484,0.12464173158063829,55.0,,,55.177244062037495,,55.160780410242985,,55.11492317902791,,55.06906596096717,,55.05260233045686,
480.0,11.640595903165735,11.640595903165735,0.08782768629514898,1,55.167363467239944,55.11483566319887,0.10505559318392699,55.0,,,55.167363467239944,,55.155297185999494,,55.11483565399126,,55.07437413470761,,55.06230787405602,
481.0,11.680190875232777,11.680190875232777,0.08799962684672485,1,55.15766529817166,55.11483267483268,0.0856652322664857,55.0,,,55.15766529817166,,55.14992144605893,,55.11483266592591,,55.079743898101725,,55.07200006590517,
482.0,11.699255121042832,11.699255121042832,0.08817775935709486,1,55.1481460675473,55.11491317817301,0.06646576480801514,55.0,,,55.1481460675473,,55.14465297215296,,55.11491316955728,,55.085173378868234,,55.08168030273929,
483.0,11.699255121042832,11.699255121042832,0.08835539856978683,1,55.13940073268966,55.11498540854454,0.048830653441036986,55.0,,,55.13871164345828,,55.13940073268966,,55.11498540021038,,55.09057007924862,,55.09125918711581,
484.0,11.731843575418996,11.731843575418996,0.0885264485789965,1,55.13408376398149,55.11496739596085,0.03823274102374796,55.0,,,55.12927847835198,,55.13408376398149,,55.11496738789907,,55.09585102295774,,55.10065632661398,
485.0,11.74080540037244,11.74080540037244,0.08870147141586313,1,55.12884745332422,55.11500327769072,0.027688356086606802,55.0,,,55.11998984071468,,55.12884745332422,,55.115003269892455,,55.10115909723761,,55.110016727284645,
486.0,11.76443202979516,11.76443202979516,0.0888728251186853,1,55.12358834913802,55.11498899615874,0.01719871062061884,55.0,,,55.11073972507281,,55.12358834913802,,55.114988988615394,,55.1063896385174,,55.119238279450066,
487.0,11.787406890130356,11.787406890130356,0.08904527984238847,1,55.12838734486203,55.11498983843668,0.026795001044327194,55.0,,,55.1015923438177,,55.11837268107063,,55.11498983113996,,55.1116069912931,,55.12838734486203,
488.0,11.797020484171323,11.797020484171323,0.08921860883998597,1,55.137462098971895,55.115002443794424,0.04491929893461588,55.0,,,55.09254280003728,,55.11319770789543,,55.11500243673628,,55.11680717533124,,55.137462098971895,
489.0,11.829608938547487,11.829608938547487,0.08938851241574589,1,55.14640583097698,55.1149686398978,0.06287437111147653,55.0,,,55.083531459865505,,55.108005825711786,,55.11496863307047,,55.1219314498643,,55.14640583097698,
490.0,11.841014897579145,11.841014897579145,0.08956242784234367,1,55.15532064904678,55.114989575110826,0.08066213718630166,55.0,,,55.07465851186048,,55.10289891999463,,55.11498956850678,,55.1270802261455,,55.15532064904678,
491.0,11.862197392923653,11.862197392923653,0.08973348462238795,1,55.16411458040113,55.11497156961296,0.09828601124024061,55.0,,,55.06582856916089,,55.09778359760571,,55.11497156322492,,55.13215953767219,,55.16411458040113,
492.0,11.88761638733706,11.88761638733706,0.08990487670200435,1,55.172832382248096,55.11495844571242,0.11574786307335927,55.0,,,55.05708451917474,,55.0927042795837,,55.11495843953334,,55.13721260802226,,55.172832382248096,
493.0,11.894785847299817,11.894785847299817,0.09007796135775213,1,55.18149348103754,55.11496839293634,0.13305016653148982,55.0,,,55.04844331450605,,55.087679535977735,,55.114968386959404,,55.142257246201,,55.18149348103754,
494.0,11.92737430167598,11.92737430167598,0.09024684621296794,1,55.19001935755939,55.11492155051211,0.15019560474006255,55.0,,,55.03982375281933,,55.08262976959795,,55.11492154473073,,55.14721332785318,,55.19001935755939,
495.0,11.941224394785849,11.941224394785849,0.0904197809460717,1,55.19852300238098,55.11493022296399,0.16718554978555744,55.0,,,55.03133745259542,,55.077667815673024,,55.114930217371786,,55.152192626798794,,55.19852300238098,
496.0,11.959962756052144,11.959962756052144,0.09059066910431501,1,55.20692267278118,55.11491114438856,0.18402304803297653,55.0,,,55.022899624748206,,55.072710465305626,,55.11491113897934,,55.157111820128385,,55.20692267278118,
497.0,11.959962756052144,11.959962756052144,0.09076112300562673,1,55.215241501316605,55.1148865999726,0.2007097942221634,55.0,,,55.01453170709444,,55.067780343546254,,55.114886594740426,,55.16199285316528,,55.215241501316605,
498.0,11.992551210428308,11.992551210428308,0.09092512605950472,1,55.22339951915051,55.114775631730026,0.21724776665223544,55.0,,,55.006151752498276,,55.06279671243859,,55.11477562666911,,55.16675454789363,,55.22339951915051,
499.0,12.001838919925516,12.001838919925516,0.09109328707149451,1,55.2315417518844,55.1147229300263,0.23363763579551033,55.0,,,54.99790411608889,,55.0579047628686,,55.11472292513106,,55.17154109415857,,55.2315417518844,
500.0,12.02513966480447,12.02513966480447,0.09125803416022837,1,55.23956641995522,55.11462529323727,0.24988224577453622,55.0,,,54.98968417418068,,55.05300120928454,,55.11462528850229,,55.176249374263605,,55.23956641995522,
501.0,12.02513966480447,12.02513966480447,0.09142394633778478,1,55.24753673214618,55.11454532733687,0.2659828022080859,55.0,,,54.981553929938094,,55.04814893955783,,55.11454532275693,,55.18094171228536,,55.24753673214618,
502.0,12.02513966480447,12.02513966480447,0.09158350327085352,1,55.25535205999205,55.11438134531996,0.2819414221763168,55.0,,,54.97341063781573,,55.04324628353276,,55.11438134088999,,55.18551640436928,,55.25535205999205,
503.0,12.02513966480447,12.02513966480447,0.09173682985386622,1,55.26301603858908,55.11413672720086,0.2977586158433283,55.0,,,54.96525742274575,,55.038297002329394,,55.11413672291596,,55.189976449424094,,55.26301603858908,
504.0,12.02513966480447,12.02513966480447,0.09188405093696918,1,55.27053223612337,55.11381478411913,0.3134348973024288,55.0,,,54.957097338820944,,55.033304756145064,,55.113814779974575,,55.194324809531714,,55.27053223612337,
505.0,12.02513966480447,12.02513966480447,0.09202529122639236,1,55.27790415444702,55.113418758388505,0.32897078563063786,55.0,,,54.948933368816384,,55.02827310582283,,55.1134187543797,,55.1985644084766,,55.27790415444702,
506.0,12.02513966480447,12.02513966480447,0.09216067518917108,1,55.28513522965702,55.112951823603325,0.3443668058334808,55.0,,,54.94076842382354,,55.02320551440008,,55.112951819725836,,55.202698130410134,,55.28513522965702,
507.0,12.02513966480447,12.02513966480447,0.09229032696210693,1,55.29222883267783,55.11241708480007,0.35962348968713087,55.0,,,54.9326053429907,,55.01810534863928,,55.112417081049614,,55.206728818642944,,55.29222883267783,
508.0,12.017970204841715,12.017970204841715,0.09241437026486504,1,55.29918826984849,55.111817578671356,0.37474137648472805,55.0,,,54.924446893363765,,55.01297588054232,,55.111817575043766,,55.21065927455839,,55.29918826984849,
509.0,11.992551210428308,11.992551210428308,0.09253062012878091,1,55.30598568265625,55.11112517297103,0.38972101369319745,55.0,,,54.91626466896305,,55.007789187991364,,55.111125169462305,,55.21446115578217,,55.30598568265625,
510.0,11.992551210428308,11.992551210428308,0.09263337065006948,1,55.31254610751394,55.110264862156725,0.4045624852232024,55.0,,,54.907983622290736,,55.002470569365705,,55.11026485876298,,55.21805915285029,,55.31254610751394,
511.0,11.992551210428308,11.992551210428308,0.09273108314921055,1,55.31898640049081,55.109354047037925,0.4192647015944857,55.0,,,54.89972169889632,,54.997138002611244,,55.109354043755395,,55.22157008943588,,55.31898640049081,
512.0,11.992551210428308,11.992551210428308,0.09282387883965892,1,55.325309540269906,55.108395381075034,0.43382831325253335,55.0,,,54.89148122701737,,54.991794269427906,,55.108395377900074,,55.224996490759914,,55.325309540269906,
513.0,11.992551210428308,11.992551210428308,0.09291187798258399,1,55.33151844336228,55.10739145129594,0.44825397916383025,55.0,,,54.88326446419845,,54.9864420641146,,55.10739144822504,,55.22834083657935,,55.33151844336228,
514.0,12.00917132216015,12.00917132216015,0.0929951998294162,1,55.33761596482779,55.1063447788639,0.46254236712180585,55.0,,,54.875073597705985,,54.98108399513119,,55.10634477589364,,55.23160556076087,,55.33761596482779,
515.0,12.001513035381752,12.001513035381752,0.09307931148761198,1,55.34367697110994,55.10532989178846,0.4766941539945293,55.0,,,54.866982817115414,,54.975794658755746,,55.10532988891555,,55.234865123045594,,55.34367697110994,
516.0,11.992551210428308,11.992551210428308,0.09315641290208701,1,55.34959660668365,55.10424104893381,0.4907111110035842,55.0,,,54.85888549568006,,54.97046809384435,,55.10424104615508,,55.23801400230591,,55.34959660668365,
517.0,11.992551210428308,11.992551210428308,0.0932262484645955,1,55.35537300040659,55.10307630014296,0.5045933961785565,55.0,,,54.85077960422803,,54.96510251397756,,55.10307629745531,,55.241050084647284,,55.35537300040659,
518.0,11.992551210428308,11.992551210428308,0.09329187270834516,1,55.36104889371723,55.10187833597125,0.5183411112858067,55.0,,,54.842707782431425,,54.95974077494223,,55.101878333371715,,55.24401589539367,,55.36104889371723,
519.0,12.011615456238363,12.011615456238363,0.0933533992026581,1,55.36662684567082,55.1006493576358,0.5319549720017989,55.0,,,54.83467187366902,,54.95438507884851,,55.100649355121476,,55.246913634869145,,55.36662684567082,
520.0,12.02513966480447,12.02513966480447,0.09341707587465006,-1,55.37219203085478,55.09947417710009,0.5454357035744906,55.0,,,54.826756327280286,,54.94912022360185,,55.0994741746682,,55.24982812909534,,55.37219203085478,
521.0,12.02513966480447,12.02513966480447,0.09348111335519556,-1,55.357868328882546,55.09832759740583,0.5190814591475501,55.0,,,54.838786869734996,,54.95384663109761,,55.098327595053675,,55.24280856226034,,55.357868328882546,
522.0,12.02513966480447,12.02513966480447,0.09354118331412073,-1,55.34369539257128,55.09715072026288,0.4930893409357111,55.0,,,54.850606051635566,,54.95856722127069,,55.09715071798784,,55.23573421784901,,55.34369539257128,
523.0,12.039641527001864,12.039641527001864,0.09359739407225426,-1,55.32967083109866,55.09594561722562,0.46745042418569227,55.0,,,54.86222040691297,,54.96327863982164,,55.09594561502517,,55.228612593269645,,55.32967083109866,
524.0,12.057728119180634,12.057728119180634,0.09365452236961676,-1,55.31585532844231,55.09477722094825,0.44215621154444307,55.0,,,54.87369911689787,,54.968040753565724,,55.09477721881997,,55.221513687015445,,55.31585532844231,
525.0,12.057728119180634,12.057728119180634,0.09371373968141382,-1,55.302259362813,55.09366057455933,0.4171975731766224,55.0,,,54.885061789636374,,54.972864138227465,,55.093660572500816,,55.214457009618954,,55.302259362813,
526.0,12.057728119180634,12.057728119180634,0.09376921232207612,-1,55.288798801277025,55.09251602877255,0.39256554178744807,55.0,,,54.89623325948958,,54.97766505210996,,55.092516026781546,,55.20736700420462,,55.288798801277025,
527.0,12.047788640595904,12.047788640595904,0.09382104344835411,-1,55.27547195796035,55.09134553711895,0.3682528385669315,55.0,,,54.90721911939342,,54.98244132304071,,55.09134553519324,,55.200249750007025,,55.27547195796035,
528.0,12.008193668528865,12.008193668528865,0.09386613329652996,-1,55.2622341167301,55.09010785705982,0.34425251632686127,55.0,,,54.91798160040324,,54.98714786348225,,55.09010785519727,,55.19306784948627,,55.2622341167301,
529.0,11.992551210428308,11.992551210428308,0.09389509714038764,-1,55.248957217276335,55.08867789469563,0.32055864224654584,55.0,,,54.92839857502979,,54.991655821582896,,55.08867789289416,,55.18569996669499,,55.248957217276335,
530.0,11.992551210428308,11.992551210428308,0.09391599512301929,-1,55.23575195914525,55.08716813774638,0.2971676399784755,55.0,,,54.93858431916677,,54.99607365402264,,55.08716813600399,,55.178262620393255,,55.23575195914525,
531.0,11.997928305400372,11.997928305400372,0.09393405656133133,-1,55.222687867578074,55.08565065866603,0.2740744150972887,55.0,,,54.948613452480785,,55.00047007898482,,55.08565065698078,,55.17083123730569,,55.222687867578074,
532.0,12.02513966480447,12.02513966480447,0.09395110809901579,-1,55.20978672452595,55.08415022590333,0.25127299460785935,55.0,,,54.95851372991809,,55.00486701369408,,55.08415022427335,,55.16343343710518,,55.20978672452595,
533.0,12.02513966480447,12.02513966480447,0.09397423970818923,-1,55.19714066574355,55.08276202640972,0.22875727611678087,55.0,,,54.968383389626766,,55.009357094556954,,55.082762024833194,,55.15616695728813,,55.19714066574355,
534.0,12.02513966480447,12.02513966480447,0.09399461615359987,-1,55.18462468607637,55.081364745794716,0.2065198780960955,55.0,,,54.97810480798027,,55.01381703132152,,55.08136474426989,,55.1489124593255,,55.18462468607637,
535.0,12.02513966480447,12.02513966480447,0.09401232879042101,-1,55.17223760404093,55.079959798434274,0.1845556088270044,55.0,,,54.987681995213926,,55.018245953503786,,55.079959796959464,,55.14167364245328,,55.17223760404093,
536.0,12.02513966480447,12.02513966480447,0.09402746744354623,-1,55.15997829110566,55.07854854951404,0.1628594808751913,55.0,,,54.99711881023047,,55.022643111943005,,55.0785485480876,,55.13445398620349,,55.15997829110566,
537.0,12.02513966480447,12.02513966480447,0.09404012039873094,-1,55.14784566657042,55.077132315903626,0.1414266991012454,55.0,,,55.00641896746917,,55.027007869313806,,55.07713231452397,,55.127256761640766,,55.14784566657042,
538.0,12.02513966480447,12.02513966480447,0.09405037439531028,-1,55.13583869282195,55.0757123670345,0.12025264941577518,55.0,,,55.015586043406174,,55.03133969125835,,55.0757123657001,,55.12008504198593,,55.13583869282195,
539.0,12.02513966480447,12.02513966480447,0.09405831462042784,-1,55.12395637094156,55.07428992578053,0.09933288823377495,55.0,,,55.02462348270779,,55.035638138100865,,55.07428992448989,,55.11294171266251,,55.12395637094156,
540.0,12.02513966480447,12.02513966480447,0.09406402470471946,-1,55.112197736642884,55.07286616934026,0.07866313258544011,55.0,,,55.033534604057444,,55.03990285710911,,55.072866168091956,,55.1058294807999,,55.112197736642884,
541.0,12.02513966480447,12.02513966480447,0.09406758671939044,-1,55.10056185651866,55.07144223012026,0.05823925084322923,55.0,,,55.04232260567543,,55.04413357526953,,55.0714422289129,,55.0987508842248,,55.10056185651866,
542.0,12.02513966480447,12.02513966480447,0.09406908117463286,-1,55.091708299970826,55.07001919661858,0.04337820742622256,55.0,,,55.05099057054966,,55.0483300925446,,55.07001919545081,,55.091708299970826,,55.08904782457699,
543.0,12.02513966480447,12.02513966480447,0.09406858701932357,-1,55.084703952334145,55.06859811430763,0.03221167675107495,55.0,,,55.05954147139433,,55.05249227558307,,55.06859811317817,,55.084703952334145,,55.07765475904846,
544.0,12.02513966480447,12.02513966480447,0.09406618164195364,-1,55.07773992050156,55.06717998651593,0.0211198686464229,55.0,,,55.06797817535262,,55.056620051855134,,55.06717998542351,,55.07773992050156,,55.06638179944681,
545.0,12.02513966480447,12.02513966480447,0.09406194087273198,-1,55.07630344845823,55.06576577530768,0.021075344591501732,55.0,,,55.07630344845823,,55.060713404186664,,55.06576577425109,,55.070818145775675,,55.05522810386673,
546.0,12.02513966480447,12.02513966480447,0.09405593898681779,-1,55.08451995987002,55.064356402359955,0.040327113366586786,55.0,,,55.08451995987002,,55.064772365667814,,55.064356401338024,,55.06394043842051,,55.044192846503435,
547.0,12.02513966480447,12.02513966480447,0.09404824870862606,-1,55.09263028589283,55.062952749836526,0.05935507051329836,55.0,,,55.09263028589283,,55.06879701491295,,55.06295274884811,,55.05710848414922,,55.03327521537953,
548.0,11.998417132216016,11.998417132216016,0.09403894121716101,-1,55.10063691379702,55.06155566125791,0.07816250353138088,55.0,,,55.10063691379702,,55.07278747165029,,55.061555660301906,,55.05032385027467,,55.02247441026564,
549.0,12.02513966480447,12.02513966480447,0.09401948434160246,-1,55.10842634342325,55.060050040342006,0.0967526046663778,55.0,,,55.10842634342325,,55.07662799059556,,55.060050039417355,,55.04347208951697,,55.01167373875687,
550.0,12.02513966480447,12.02513966480447,0.09400731555291736,-1,55.116236367682134,55.058673034469905,0.11512666497741719,55.0,,,55.116236367682134,,55.080554686142804,,55.05867303357559,,55.036791382244274,,55.00110970270472,
551.0,12.02513966480447,12.02513966480447,0.09399373384989503,-1,55.12394959481713,55.057304807019456,0.13328957419576426,55.0,,,55.12394959481713,,55.08444767319108,,55.05730480615447,,55.03016194031322,,54.99066002062136,
552.0,12.02513966480447,12.02513966480447,0.09397880417803983,-1,55.131568190131084,55.05594605574697,0.15124426741454755,55.0,,,55.131568190131084,,55.08830719807752,,55.05594605491036,,55.023584912899345,,54.980323922716536,
553.0,12.02513966480447,12.02513966480447,0.0939625899828977,-1,55.13909424642306,55.054597444103095,0.16899360333066227,55.0,,,55.13909424642306,,55.09213353050835,,55.054597443293915,,55.01706135719772,,54.9701006430924,
554.0,12.02513966480447,12.02513966480447,0.09394515322050546,-1,55.14652978681841,55.05325960206655,0.1865403682374165,55.0,,,55.14652978681841,,55.095926960736605,,55.0532596012839,,55.01059224291275,,54.959989418580996,
555.0,12.02513966480447,12.02513966480447,0.0939265543685614,-1,55.15387676746574,55.05193312697079,0.20388727976508392,55.0,,,55.15387676746574,,55.09968779694978,,55.051933126213825,,55.00417845652396,,54.949989487700655,
556.0,12.02513966480447,12.02513966480447,0.09390685243828661,-1,55.161137080108254,55.05061858432339,0.2210369903850946,55.0,,,55.161137080108254,,55.10341636285396,,55.050618583591245,,54.997820805340304,,54.94010008972316,
557.0,12.02513966480447,12.02513966480447,0.09388610498693331,-1,55.16831255453653,55.0493165086173,0.23799209069265004,55.0,,,55.16831255453653,,55.10711299544215,,55.049316507909175,,54.991520021354795,,54.93032046384388,
558.0,12.02513966480447,12.02513966480447,0.09386436813090573,-1,55.1754049609293,55.048027404134324,0.2547551124817389,55.0,,,55.1754049609293,,55.110778042934875,,55.04802740344941,,54.98527676491045,,54.92064984844756,
559.0,12.02513966480447,12.02513966480447,0.09384169655946074,-1,55.18241601208852,55.04675174573985,0.2713285316254641,55.0,,,55.18241601208852,,55.114411862882214,,55.0467517450774,,54.97909162818805,,54.91108748046305,
560.0,12.02513966480447,12.02513966480447,0.09381814354894912,-1,55.1893473655745,55.04548997966909,0.28771477077408747,55.0,,,55.1893473655745,,55.11801482041677,,55.045489979028375,,54.972965138525424,,54.90163259480041,
561.0,12.02513966480447,12.02513966480447,0.0937937609775711,-1,55.19620062574663,55.044242524304195,0.3039162018821244,55.0,,,55.19620062574663,,55.12158728664787,,55.044242523684495,,54.96689776157752,,54.8922844238645,
562.0,12.02513966480447,12.02513966480447,0.09376859934060836,-1,55.202977345714764,55.04300977094213,0.31993514857542493,55.0,,,55.202977345714764,,55.12512963718792,,55.04300977034275,,54.960889904325896,,54.88304219713934,
563.0,12.02513966480447,12.02513966480447,0.0937427077661036,-1,55.20967902920625,55.04179208455308,0.33577388836830835,55.0,,,55.20967902920625,,55.1286422508021,,55.04179208397335,,54.95494191794575,,54.87390514083794,
564.0,12.02513966480447,12.02513966480447,0.09371613403096021,-1,55.21630713235297,55.04058980452919,0.351434654740288,55.0,,,55.21630713235297,,55.13212550817359,,55.04058980396847,,54.94905410053825,,54.864872477612685,
565.0,12.02513966480447,12.02513966480447,0.0936889245774269,-1,55.222863065402805,55.03940324542341,0.36691963908126013,55.0,,,55.222863065402805,,55.13557979077646,,55.03940324488108,,54.94322669973518,,54.855943426321545,
566.0,12.02513966480447,12.02513966480447,0.09366112452994617,-1,55.2293481943594,55.03823269767823,0.38223099251359116,55.0,,,55.2293481943594,,55.13900547984931,,55.03823269715368,,54.937459915182956,,54.84711720184581,
567.0,12.02513966480447,12.02513966480447,0.09363277771233323,-1,55.235763842554164,55.037078428344216,0.39737082759897646,55.0,,,55.235763842554164,,55.14240295546272,,55.03707842783687,,54.93175390091214,,54.83839301495519,
568.0,11.992551210428308,11.992551210428308,0.0936039266652633,-1,55.24211129215386,55.03594068178817,0.4123412199373746,55.0,,,55.24211129215386,,55.145772595674444,,55.035940681297454,,54.926108767598606,,54.82977007221648,
569.0,11.992551210428308,11.992551210428308,0.093564123176394,-1,55.24825044875406,55.03467834353758,0.4271442096649949,55.0,,,55.24825044875406,,55.14897343891304,,55.03467834306295,,54.92038324786877,,54.82110623908906,
570.0,11.992551210428308,11.992551210428308,0.0935240983823317,-1,55.25432835586368,55.033438523274825,0.4417796644349181,55.0,,,55.25432835586368,,55.1521522325865,,55.033438522815764,,54.91472481367943,,54.81254869142876,
571.0,11.992551210428308,11.992551210428308,0.09348389103491395,-1,55.26034610506119,55.03222128827271,0.4562496328585297,55.0,,,55.26034610506119,,55.15530924428963,,55.0322212878287,,54.909133331981366,,54.80409647220266,
572.0,12.024487895716945,12.024487895716945,0.09344353852598863,-1,55.266304751715936,55.031026686120356,0.47055613049627,55.0,,,55.266304751715936,,55.15844473741037,,55.03102668569091,,54.90360863456493,,54.795748621219666,
573.0,12.02513966480447,12.02513966480447,0.09341335655265215,-1,55.2723438256492,55.029993254797034,0.4847011410322537,55.0,,,55.2723438256492,,55.16169748002997,,55.02999325438166,,54.898289029307364,,54.78764268461695,
574.0,12.02513966480447,12.02513966480447,0.09338311258663265,-1,55.27832421486988,55.02897986402271,0.49868870104428,55.0,,,55.27832421486988,,55.16492710389667,,55.02897986362096,,54.893032623900446,,54.7796355138256,
575.0,12.02513966480447,12.02513966480447,0.09335262624898286,-1,55.28424403035973,55.027983678516286,0.5125207030581436,55.0,,,55.28424403035973,,55.16813102716848,,55.027983678127704,,54.88783632962393,,54.771723327301586,
576.0,12.02513966480447,12.02513966480447,0.09332192992409569,-1,55.290104271553005,55.02700478707436,0.5261989683491493,55.0,,,55.290104271553005,,55.171309592290456,,55.02700478669852,,54.882699981625976,,54.763905303203856,
577.0,12.02513966480447,12.02513966480447,0.09329105490331274,-1,55.29590590818112,55.02604326197189,0.5397252918302513,55.0,,,55.29590590818112,,55.17446313533228,,55.02604326160837,,54.87762338838683,,54.75618061635087,
578.0,12.02513966480447,12.02513966480447,0.09326003140371776,-1,55.3016498812781,55.02509915954913,0.5531014428890231,55.0,,,55.3016498812781,,55.17759198574148,,55.02509915919753,,54.87260633313947,,54.74854843838908,
579.0,12.009334264432033,12.009334264432033,0.09322888858700171,-1,55.30733710414951,55.024172520787715,0.5663291661733041,55.0,,,55.30733710414951,,55.180696466135764,,55.02417252044765,,54.867648575229495,,54.74100793797621,
580.0,11.992551210428308,11.992551210428308,0.09319256645253059,1,55.312899905172756,55.02319481374218,0.5794101823289353,55.0,,,55.312899905172756,,55.18370833399771,,55.02319481341325,,54.862681293283345,,54.73348972284382,
581.0,11.992551210428308,11.992551210428308,0.09315087654723356,1,55.29853291580394,55.02216453077466,0.5527367695437846,55.0,,,55.29853291580394,,55.176724025042496,,55.022164530456514,,54.86760503631018,,54.745796146260155,
582.0,11.996787709497209,11.996787709497209,0.09310935000233646,1,55.28438380354372,55.0211572611973,0.5264530841949409,55.0,,,55.28438380354372,,55.16974436590999,,55.02115726088958,,54.87257015629441,,54.75793071934878,
583.0,12.02513966480447,12.02513966480447,0.09306937515126244,1,55.27046563529029,55.020191246730334,0.5005487766383396,55.0,,,55.27046563529029,,55.1627927911229,,55.0201912464327,,54.877589702153806,,54.76991685865195,
584.0,12.02513966480447,12.02513966480447,0.09303871263046308,1,55.256877058367564,55.01937022192203,0.4750136724252769,55.0,,,55.256877058367564,,55.15597779263188,,55.019370221634155,,54.88276265103425,,54.78186338594229,
585.0,12.02513966480447,12.02513966480447,0.09300808399294964,1,55.24348440700641,55.01856623878773,0.4498363359868307,55.0,,,55.24348440700641,,55.149175411231596,,55.0185662385093,,54.88795706617178,,54.79364807101958,
586.0,12.02513966480447,12.02513966480447,0.09297751106145469,1,55.2302831766499,55.017779247119435,0.42500785862515755,55.0,,,55.2302831766499,,55.14238979264965,,55.01777924685013,,54.89316870142278,,54.80527531802474,
587.0,11.99923184357542,11.99923184357542,0.09294701477447048,1,55.21726905155354,55.01700918580898,0.4005197310676536,55.0,,,55.21726905155354,,55.135624775419004,,55.01700918554849,,54.898393596037955,,54.81674932048588,
588.0,12.02513966480447,12.02513966480447,0.0929082755900934,1,55.20432552474007,55.0161436141597,0.3763638207530704,55.0,,,55.20432552474007,,55.128771540529705,,55.01614361390776,,54.903515687634,,54.827961703987,
589.0,12.02513966480447,12.02513966480447,0.0928781519190868,1,55.19167870748093,55.01541161416185,0.35253418624388644,55.0,,,55.19167870748093,,55.122062993002615,,55.01541161391815,,54.908760235170455,,54.839144521237046,
590.0,12.02513966480447,12.02513966480447,0.0928481625910137,1,55.17920695473157,55.01469621109838,0.3290214868849901,55.0,,,55.17920695473157,,55.115384801612194,,55.01469621086268,,54.9140076204389,,54.85018546784658,
591.0,12.02513966480447,12.02513966480447,0.09281832507029038,1,55.16690660442867,55.01399730502074,0.3058185984470114,55.0,,,55.16690660442867,,55.10873975333869,,55.013997304792746,,54.919254856561864,,54.86108800598166,
592.0,12.02513966480447,12.02513966480447,0.0927886560331981,1,55.154774135248765,55.013314787379805,0.28291869538113446,55.0,,,55.154774135248765,,55.10213041153727,,55.013314787159295,,54.92449916308606,,54.87185543986763,
593.0,12.02513966480447,12.02513966480447,0.09275917138577411,1,55.14280615868794,55.01264854144093,0.260315234148905,55.0,,,55.14280615868794,,55.095559129767786,,55.012648541227655,,54.92973795298228,,54.882490924539034,
594.0,12.002001862197394,12.002001862197394,0.09272988628158703,1,55.13099941163061,55.01199844268867,0.23800193755008792,55.0,,,55.13099941163061,,55.08902806480101,,55.01199844248238,,54.934968820448844,,54.89299747408052,
595.0,11.992551210428308,11.992551210428308,0.09269336700671939,1,55.119250392175076,55.01126400201953,0.21597277998824183,55.0,,,55.119250392175076,,55.08243883164829,,55.011264001819995,,54.940089172267456,,54.903277612186834,
596.0,11.992551210428308,11.992551210428308,0.0926541768125733,1,55.10762020372231,55.01050840908431,0.19422358896373737,55.0,,,55.10762020372231,,55.0758569644491,,55.01050840889131,,54.945159853600245,,54.913396614758575,
597.0,11.992551210428308,11.992551210428308,0.09261542834287426,1,55.09614873212361,55.009774031375386,0.17274940119440885,55.0,,,55.09614873212361,,55.069326768341064,,55.00977403118871,,54.95022129429435,,54.9233993309292,
598.0,11.992551210428308,11.992551210428308,0.09257713380341279,1,55.084832997487275,55.00906060479679,0.15154478508885205,55.0,,,55.084832997487275,,55.06284960113252,,55.009060604616224,,54.95527160834946,,54.93328821239842,
599.0,11.992551210428308,11.992551210428308,0.0925393045882961,1,55.07367011567713,55.00836785965065,0.13060451177039312,55.0,,,55.07367011567713,,55.05642667832428,,55.00836785947601,,54.9603090408691,,54.94306560390674,
600.0,11.959962756052144,11.959962756052144,0.09250195130266685,1,55.06265729330179,55.00769552105656,0.10992354421713912,55.0,,,55.06265729330179,,55.05005908221609,,55.00769552088765,,54.96533195979266,,54.95273374908465,
601.0,11.959962756052144,11.959962756052144,0.09245460010215241,1,55.05165056437414,55.006902050718146,0.08949702704762785,55.0,,,55.05165056437414,,55.043606511832,,55.00690205055477,,54.970197589503336,,54.962153537326515,
602.0,11.945949720670392,11.945949720670392,0.09240794460408724,1,55.04079524489901,55.00613398288499,0.06932252377234249,55.0,,,55.04079524489901,,55.037217191299824,,55.006133982726965,,54.9750507743725,,54.971472721126666,
603.0,11.885335195530727,11.885335195530727,0.09235748697564834,1,55.03083100878108,55.00533019997215,0.05100161771233047,55.0,,,55.03002791676123,,55.03083100878108,,55.00533019981929,,54.97982939106875,,54.98063248343037,
604.0,11.83417132216015,11.83417132216015,0.09228834766285844,1,55.02424934559569,55.00429093420938,0.03991682286399367,55.0,,,55.019147070820274,,55.02424934559569,,55.00429093406154,,54.9843325227317,,54.989434797837696,
605.0,11.79457635009311,11.79457635009311,0.09220395915427694,1,55.01752506044354,55.00306719231263,0.028915736350192844,55.0,,,55.0082036238611,,55.01752506044354,,55.00306719216963,,54.988609324093346,,54.99793076099553,
606.0,11.745530726256986,11.745530726256986,0.0921083659309444,1,55.01071794998341,55.0017171967098,0.01800150663271438,55.0,,,54.99725537623737,,55.01071794998341,,55.00171719657148,,54.992716443350695,,55.006179017406005,
607.0,11.699255121042832,11.699255121042832,0.0919987957727076,1,55.01414557858027,55.00020614450112,0.02787886794182981,55.0,,,54.98626671063844,,55.003794482302844,,55.00020614436734,,54.996617806616726,,55.01414557858027,
608.0,11.722718808193669,11.722718808193669,0.09187645293949821,1,55.02185040263576,54.99855351548348,0.04659377409519294,55.0,,,54.97525662854057,,54.9967754748053,,54.99855351535408,,55.0003315560817,,55.02185040263576,
609.0,11.670903165735568,11.670903165735568,0.09176395978816348,1,55.02960173782594,54.99706698644552,0.06506950255833743,55.0,,,54.964532235267605,,54.989969800667545,,54.997066986320355,,55.00416417214614,,55.02960173782594,
610.0,11.62918994413408,11.62918994413408,0.09163706852724114,1,55.03707243671342,54.995416483879936,0.08331190547110623,55.0,,,54.95376053124232,,54.98304731185061,,54.995416483758866,,55.00778565583443,,55.03707243671342,
611.0,11.589594972067038,11.589594972067038,0.09149934006109384,1,55.04431408634683,54.99365330027022,0.10132157196376568,55.0,,,54.942992514383064,,54.97606045001026,,54.99365330015311,,55.0112461504578,,55.04431408634683,
612.0,11.531098696461829,11.531098696461829,0.09135171280749556,1,55.05134225084504,54.9917923562067,0.11909978909341135,55.0,,,54.93224246175163,,54.969025032656276,,54.991792356093434,,55.01455967968713,,55.05134225084504,
613.0,11.503724394785849,11.503724394785849,0.09118839673461014,1,55.05808160073724,54.98975761078602,0.1366479797251614,55.0,,,54.92143362101208,,54.961865807200816,,54.98975761067647,,55.017649414303534,,55.05808160073724,
614.0,11.470810055865924,11.470810055865924,0.09101968963060598,1,55.06467447445575,54.98769132875253,0.15396629123496552,55.0,,,54.910708183220784,,54.95472607576727,,54.98769132864657,,55.02065658167232,,55.06467447445575,
615.0,11.431215083798882,11.431215083798882,0.09084398653953996,1,55.071101017720444,54.98557252175675,0.17105699176154587,55.0,,,54.9000440259589,,54.947585292837296,,54.98557252165425,,55.02355975061286,,55.071101017720444,
616.0,11.391620111731845,11.391620111731845,0.09065935339028398,1,55.077337162245556,54.983376190879724,0.18792194257125772,55.0,,,54.8894152196743,,54.94041893925082,,54.983376190780575,,55.02633344244735,,55.077337162245556,
617.0,11.330679702048418,11.330679702048418,0.09046602640144259,1,55.08338835488234,54.981107084987116,0.20456253963527615,55.0,,,54.87882581524706,,54.93323229998209,,54.98110708489122,,55.028981869932885,,55.08338835488234,
618.0,11.279841713221604,11.279841713221604,0.09025744644847575,1,55.08916838417919,54.97867829559199,0.22098017702432315,55.0,,,54.868188207154866,,54.92593894766366,,54.97867829549923,,55.031417643462994,,55.08916838417919,
619.0,11.243016759776538,11.243016759776538,0.09003719712895195,1,55.09472875196201,54.976141334288585,0.23717483520167093,55.0,,,54.85755391676034,,54.91859117652227,,54.976141334198864,,55.03369149199946,,55.09472875196201,
620.0,11.22346368715084,11.22346368715084,0.0898100317492198,1,55.10013604142035,54.97356243293334,0.25314721683359664,55.0,,,54.84698882458675,,54.91125577479985,,54.97356243284655,,55.0358690910132,,55.10013604142035,
621.0,11.161056797020484,11.161056797020484,0.08958164228557655,1,55.1054686217957,54.97101913323773,0.2688989769801182,55.0,,,54.83656964481558,,54.90401055762574,,54.971019133153774,,55.03802770879784,,55.1054686217957,
622.0,11.121461824953444,11.121461824953444,0.08933852313574256,1,55.1105451900496,54.96832873961773,0.28443290073234806,55.0,,,54.82611228931725,,54.89667277568588,,54.968328739536524,,55.039984703499414,,55.1105451900496,
623.0,11.112662942271882,11.112662942271882,0.08908827505528781,1,55.115471094219544,54.96559663711171,0.29974891408858895,55.0,,,54.815722180130955,,54.88934842999098,,54.96559663703315,,55.0418448441839,,55.115471094219544,
624.0,11.074860335195533,11.074860335195533,0.08884087379576451,1,55.12038233156399,54.96295808296045,0.3148484970841281,55.0,,,54.80553383447986,,54.882172970501585,,54.96295808288447,,55.043743195372386,,55.12038233156399,
625.0,11.035265363128492,11.035265363128492,0.08858714891208402,1,55.125155196148135,54.96028762355329,0.32973514507077795,55.0,,,54.79542005107736,,54.87502059599756,,54.960287623479786,,55.04555465106361,,55.125155196148135,
626.0,10.976443202979516,10.976443202979516,0.08832673186619634,1,55.12978613325359,54.9575809376586,0.34441039107494476,55.0,,,54.785375742178644,,54.86788708772154,,54.9575809375875,,55.04727478755174,,55.12978613325359,
627.0,10.92348696461825,10.92348696461825,0.08805374861049753,1,55.13419743597802,54.95475960931466,0.35887565321546333,55.0,,,54.77532178276255,,54.86069412832162,,54.954759609245876,,55.0488250902652,,55.13419743597802,
628.0,10.884543761638737,10.884543761638737,0.08777038255301275,1,55.13842092794938,54.95185537390945,0.3731311079722275,55.0,,,54.765289819977156,,54.85347383131976,,54.951855373842925,,55.05023691645805,,55.13842092794938,
629.0,10.876885474860336,10.876885474860336,0.08748134562780803,1,55.142522078392176,54.94893339548041,0.38717736571940975,55.0,,,54.755344712672766,,54.84629160526458,,54.948933395416056,,55.05157518565649,,55.142522078392176,
630.0,10.837290502793298,10.837290502793298,0.08719670538106553,1,55.146637674525856,54.94612968399947,0.40101598095206015,55.0,,,54.745621693573796,,54.83928344414331,,54.946129683937215,,55.052975923817165,,55.146637674525856,
631.0,10.77602420856611,10.77602420856611,0.0869063787710489,1,55.15063125525791,54.94330599007012,0.414650530278152,55.0,,,54.73598072497976,,54.8323105523654,,54.943305990009904,,55.05430142773765,,55.15063125525791,
632.0,10.725512104283052,10.725512104283052,0.08660372629386624,1,55.15441448731321,54.94037325572541,0.4280824630813669,55.0,,,54.726332024231844,,54.825283826291354,,54.940373255667154,,55.05546268512347,,55.15441448731321,
633.0,10.685917132216016,10.685917132216016,0.08629246340036621,1,55.15803966796297,54.937383746152946,0.4413118435288794,55.0,,,54.71672782443409,,54.81825580817099,,54.93738374609659,,55.05651168410009,,55.15803966796297,
634.0,10.646322160148976,10.646322160148976,0.08597628029245723,1,55.16155807287359,54.93438833054872,0.4543394845615438,55.0,,,54.707218588312045,,54.81127744019095,,54.93438833049421,,55.05749922087282,,55.16155807287359,
635.0,10.623836126629424,10.623836126629424,0.08565535855798126,1,55.16497303981204,54.93138957495812,0.4671669296225218,55.0,,,54.69780611018952,,54.80435116099191,,54.93138957490539,,55.058427988891765,,55.16497303981204,
636.0,10.599720670391063,10.599720670391063,0.08533525325996072,1,55.1683602603845,54.92846239656235,0.4797957275617719,55.0,,,54.68856453282273,,54.79755173971153,,54.92846239651134,,55.05937305338166,,55.1683602603845,
637.0,10.560125698324024,10.560125698324024,0.0850155199500794,1,55.17171362239109,54.92559936090505,0.4922285228922476,55.0,,,54.67948509949884,,54.790871302955715,,54.9255993608557,,55.06032741882389,,55.17171362239109,
638.0,10.520530726256984,10.520530726256984,0.0846913723341174,1,55.17496859188398,54.922734681058486,0.5044678215737548,55.0,,,54.67050077031023,,54.78424363934645,,54.92273468101075,,55.061225722741035,,55.17496859188398,
639.0,10.480935754189945,10.480935754189945,0.08436297889644064,1,55.17812821839569,54.91987066041854,0.5165151158795922,55.0,,,54.6616131025161,,54.77767086154054,,54.91987066037236,,55.06207045926801,,55.17812821839569,
640.0,10.441340782122904,10.441340782122904,0.0840305049305205,-1,55.18119546500162,54.9170095128567,0.5283719042175719,55.0,,,54.65282356078405,,54.771154976440094,,54.91700951281203,,55.062864049245704,,55.18119546500162,
641.0,10.375186219739296,10.375186219739296,0.08369411254270213,-1,55.166316025861256,54.91415336457934,0.5043253224939335,55.0,,,54.66199070336732,,54.77362648005667,,54.91415336453612,,55.05468024907529,,55.166316025861256,
642.0,10.33054003724395,10.33054003724395,0.0833456467040694,-1,55.1515391975301,54.91119223257514,0.4806939298422819,55.0,,,54.67084526768782,,54.77599569355153,,54.91119223253333,,55.04638877157291,,55.1515391975301,
643.0,10.31457169459963,10.31457169459963,0.08299215977308363,-1,55.136958251687155,54.90822326205381,0.45746997920124954,55.0,,,54.679488272485905,,54.778354394278104,,54.908223262013365,,55.03809212980452,,55.136958251687155,
644.0,10.250372439478586,10.250372439478586,0.08264279945623643,-1,55.12269215749153,54.90536986885991,0.4346445771999399,55.0,,,54.68804758029159,,54.78082136301465,,54.90536986882078,,55.02991837468098,,55.12269215749153,
645.0,10.210777467411546,10.210777467411546,0.08228250118376956,-1,55.108530350456206,54.90242673610933,0.4122072286325178,55.0,,,54.69632312182369,,54.78318747283061,,54.90242673607147,,55.02166599936465,,55.108530350456206,
646.0,10.200186219739294,10.200186219739294,0.08191924570246102,-1,55.09457881131552,54.89950321030828,0.39015120195522,55.0,,,54.7044276093603,,54.785557716020655,,54.89950321027166,,55.01344870457329,,55.09457881131552,
647.0,10.13158752327747,10.13158752327747,0.08156222264483348,-1,55.08095689611103,54.89672271780605,0.368468356552647,55.0,,,54.712488539558386,,54.78805188755122,,54.896722717770615,,55.005393548038995,,55.08095689611103,
648.0,10.09199255121043,10.09199255121043,0.08119330795772017,-1,55.06741260952925,54.893838163177726,0.34714889264759563,55.0,,,54.720263716881654,,54.790420029008175,,54.89383816314344,,54.997256297326096,,55.06741260952925,
649.0,10.05239757914339,10.05239757914339,0.08082185456910056,-1,55.054071355648496,54.890977671218124,0.32618736880708354,55.0,,,54.72788398684141,,54.79278664123012,,54.89097767118496,,54.98916870118564,,55.054071355648496,
650.0,10.037243947858476,10.037243947858476,0.08044799574805694,-1,55.040930841364194,54.888142551535545,0.3055765796053862,55.0,,,54.73535426175881,,54.79515015743488,,54.888142551503456,,54.981134945616375,,55.040930841364194,
651.0,10.005796089385475,10.005796089385475,0.08007946387971926,-1,55.028091277251065,54.88543647885734,0.2853095967372141,55.0,,,54.74278168051385,,54.797611597352386,,54.8854364788263,,54.973261360343116,,55.028091277251065,
652.0,9.966201117318436,9.966201117318436,0.07971116906732326,-1,55.01547731131051,54.88278826437208,0.2653780938282537,55.0,,,54.75009921748226,,54.800097742286354,,54.882788264342054,,54.965478786439256,,55.01547731131051,
653.0,9.913733705772817,9.913733705772817,0.07934065305604071,-1,55.00305119549758,54.88016361643806,0.24577515807201422,55.0,,,54.75727603742556,,54.80257217651913,,54.88016361640901,,54.95775505633904,,55.00305119549758,
654.0,9.854422718808197,9.854422718808197,0.07896404040481184,-1,54.990757180621706,54.877509840752964,0.22649467969199577,55.0,,,54.76426250092971,,54.80498012204983,,54.877509840724855,,54.950039559438736,,54.990757180621706,
655.0,9.814827746741155,9.814827746741155,0.07857940806660244,-1,54.97856743157839,54.874801614302314,0.20753163450815038,55.0,,,54.77103579707024,,54.80729412527042,,54.874801614275114,,54.9423091033174,,54.97856743157839,
656.0,9.775232774674118,9.775232774674118,0.07819310489260885,-1,54.966566397813196,54.8721255823466,0.18888163089063426,55.0,,,54.77768476692256,,54.80959875188491,,54.87212558232027,,54.934652412792005,,54.966566397813196,
657.0,9.735637802607076,9.735637802607076,0.07780524313551693,-1,54.95475215709157,54.86948260704905,0.17053910004382544,55.0,,,54.784213057047744,,54.81189327671424,,54.86948260702359,,54.92707193736814,,54.95475215709157,
658.0,9.69604283054004,9.69604283054004,0.07741593209330735,-1,54.94312282267347,54.8668734933447,0.15249865861767375,55.0,,,54.7906241640558,,54.81417705869582,,54.86687349332007,,54.91956992797837,,54.94312282267347,
659.0,9.656447858473,9.656447858473,0.07702527814460933,-1,54.93167653991217,54.864298990572685,0.13475509864039736,55.0,,,54.79692144127177,,54.81644953363878,,54.864298990548846,,54.91214844749185,,54.93167653991217,
660.0,9.616852886405962,9.616852886405962,0.07663338478473643,-1,54.92041148314086,54.861759794084875,0.11730337807464508,55.0,,,54.803108105066215,,54.818710207488074,,54.86175979406181,,54.90480938066742,,54.92041148314086,
661.0,9.57725791433892,9.57725791433892,0.07624035266234723,-1,54.909325852827735,54.85925654683048,0.100138611958414,55.0,,,54.80918724086932,,54.82095865006535,,54.859256546808155,,54.89755444358181,,54.909325852827735,
662.0,9.537662942271885,9.537662942271885,0.07584627961668038,-1,54.89841787298094,54.85678984091622,0.08325606409449193,55.0,,,54.81516180888645,,54.823194489256366,,54.856789840894635,,54.89038519256276,,54.89841787298094,
663.0,9.498067970204842,9.498067970204842,0.07545126071531437,-1,54.88768578878629,54.8543602191423,0.06665113925419064,55.0,,,54.8210346495321,,54.82541740561653,,54.8543602191214,,54.88330303265517,,54.88768578878629,
664.0,9.458472998137806,9.458472998137806,0.07505538829240369,-1,54.87712786446152,54.85196817651344,0.050319375863452365,55.0,,,54.82680848859807,,54.827627127367855,,54.85196817649322,,54.87630922564655,,54.87712786446152,
665.0,9.450651769087523,9.450651769087523,0.07465875198734699,-1,54.86940489767662,54.84961416172555,0.039581471914232225,55.0,,,54.83248594217075,,54.829823425762385,,54.84961416170598,,54.86940489767662,,54.86674238131198,
666.0,9.373091247672257,9.373091247672257,0.07427121877956334,-1,54.8627228235122,54.84743035568506,0.030584935665984858,55.0,,,54.838201298369384,,54.832137887846216,,54.84743035566613,,54.8627228235122,,54.856659413031345,
667.0,9.307099627560522,9.307099627560522,0.07387122776795323,-1,54.85596904326786,54.84512280542956,0.021692475687906665,55.0,,,54.84366369527871,,54.834276567579955,,54.84512280541125,,54.85596904326786,,54.846581915610045,
668.0,9.287709497206706,9.287709497206706,0.07346265416718731,-1,54.84919935004163,54.84274622585158,0.01290624839104737,55.0,,,54.84892856621585,,54.83629310165058,,54.842746225833864,,54.84919935004163,,54.836563885515986,
669.0,9.260498137802609,9.260498137802609,0.07306004321742925,-1,54.85419438145325,54.840497996020396,0.02739277083797731,55.0,,,54.85419438145325,,54.83838406527862,,54.84049799600324,,54.842611926751566,,54.82680161061527,
670.0,9.188314711359409,9.188314711359409,0.07266095032989954,-1,54.85942819900103,54.838342584466716,0.04217122904177728,55.0,,,54.85942819900103,,54.840513959010835,,54.83834258445013,,54.83617120991235,,54.81725696995925,
671.0,9.15735567970205,9.15735567970205,0.07225158795005643,-1,54.86444463236249,54.836092340736286,0.056704583226434124,55.0,,,54.86444463236249,,54.842495088165016,,54.836092340720235,,54.82968959329764,,54.80774004913606,
672.0,9.126070763500932,9.126070763500932,0.071844853899663,-1,54.86942013165566,54.83392296757878,0.07099432812861295,55.0,,,54.86942013165566,,54.84450243099073,,54.83392296756325,,54.823343504157236,,54.798425803527046,
673.0,9.069529795158289,9.069529795158289,0.07144066561423792,-1,54.87435402681071,54.83183171888121,0.08504461583466849,55.0,,,54.87435402681071,,54.846533250789825,,54.83183171886618,,54.817130186963304,,54.78930941097604,
674.0,9.05959031657356,9.05959031657356,0.07103131509605062,-1,54.879142895002154,54.82971315782788,0.0988594743249891,55.0,,,54.879142895002154,,54.84848215976051,,54.829713157813345,,54.81094415588628,,54.780283420677165,
675.0,9.022928305400374,9.022928305400374,0.07063121313810869,-1,54.883982612880644,54.82776200922365,0.11244120729124063,55.0,,,54.883982612880644,,54.850543565930266,,54.827762009209565,,54.80498045250831,,54.7715414055894,
676.0,8.972253258845441,8.972253258845441,0.07023208020026789,-1,54.88876087033921,54.8258633315452,0.1257950775659893,55.0,,,54.88876087033921,,54.852603010242355,,54.82586333153158,,54.799123652839626,,54.76296579277322,
677.0,8.911149906890133,8.911149906890133,0.06982968043325206,-1,54.893421236793294,54.82395899041522,0.138924492734823,55.0,,,54.893421236793294,,54.85460243838136,,54.82395899040204,,54.79331554244094,,54.75449674405847,
678.0,8.871554934823092,8.871554934823092,0.06942095944761846,-1,54.89792388917758,54.8220079449592,0.15183188841611894,55.0,,,54.89792388917758,,54.85650069996831,,54.82200794494645,,54.787515189942226,,54.74609200076146,
679.0,8.831959962756054,8.831959962756054,0.06901265781116776,-1,54.902361459452145,54.82010196200097,0.16451899488239974,55.0,,,54.902361459452145,,54.85838932390551,,54.82010196198863,,54.7818146000888,,54.737842464569745,
680.0,8.824953445065177,8.824953445065177,0.06860482909909867,-1,54.90673530319293,54.818240853134625,0.1769889000972924,55.0,,,54.90673530319293,,54.86026826718599,,54.81824085312269,,54.776213439075896,,54.72974640309564,
681.0,8.78535847299814,8.78535847299814,0.06820744275533085,-1,54.91118035690591,54.816558041590135,0.1892446306128619,55.0,,,54.91118035690591,,54.86227112760075,,54.81655804157858,,54.77084495557238,,54.72193572629305,
682.0,8.725232774674115,8.725232774674115,0.06781044056158948,-1,54.915560011618915,54.81491439980125,0.20129122361723262,55.0,,,54.915560011618915,,54.864259496895095,,54.81491439979008,,54.76556930270051,,54.71426878800168,
683.0,8.673580074487894,8.673580074487894,0.06740762962821989,-1,54.91979145240773,54.813225692639875,0.21313151951820686,55.0,,,54.91979145240773,,54.86614935444106,,54.813225692629054,,54.76030203083201,,54.70665993288952,
684.0,8.666573556797017,8.666573556797017,0.06700175327877271,-1,54.92391329753594,54.81152979438275,0.22476700628945423,55.0,,,54.92391329753594,,54.867978487127054,,54.81152979437228,,54.75508110163197,,54.699146291246485,
685.0,8.635940409683425,8.635940409683425,0.06660647518865397,-1,54.928110807786304,54.81001095660567,0.23619970234486942,55.0,,,54.928110807786304,,54.86993122236439,,54.81001095659554,,54.7500906908407,,54.691911105441434,
686.0,8.604003724394781,8.604003724394781,0.06621447766685042,-1,54.932284211535936,54.80856700298261,0.24743441709079406,55.0,,,54.932284211535936,,54.87190618740921,,54.8085670029728,,54.74522781854995,,54.68484979444514,
687.0,8.524813780260708,8.524813780260708,0.06582535169748943,-1,54.9364280853094,54.807190909676684,0.25847435125007223,55.0,,,54.9364280853094,,54.87389679585563,,54.8071909096672,,54.74048502349189,,54.67795373405933,
688.0,8.50558659217877,8.50558659217877,0.06542477670928658,-1,54.940349627238746,54.80568834845369,0.2693225575552489,55.0,,,54.940349627238746,,54.87570914942496,,54.805688348444505,,54.73566754747676,,54.6710270696835,
689.0,8.468598696461823,8.468598696461823,0.06503117269878526,-1,54.94429959968168,54.804310067692505,0.2799790639639568,55.0,,,54.94429959968168,,54.87759369844475,,54.804310067683616,,54.73102643693478,,54.66432053571772,
690.0,8.429003724394784,8.429003724394784,0.06463908228430433,-1,54.948203872006296,54.80298002332412,0.2904476973504373,55.0,,,54.948203872006296,,54.879475067151134,,54.80298002331551,,54.726484979491794,,54.65775617465586,
691.0,8.389408752327745,8.389408752327745,0.064247734867967,-1,54.95205240138921,54.801686857802714,0.30073108715952657,55.0,,,54.95205240138921,,54.881342294213,,54.80168685779438,,54.722031421387285,,54.65132131422968,
692.0,8.324394785847296,8.324394785847296,0.06385716173931667,-1,54.95584607468575,54.800430247756275,0.3108316538459235,55.0,,,54.95584607468575,,54.883195422417636,,54.80043024774821,,54.71766507308994,,54.64501442083983,
693.0,8.277630353817505,8.277630353817505,0.06345972334408674,-1,54.959482407599076,54.799106518301116,0.3207517785833005,55.0,,,54.959482407599076,,54.88493115350653,,54.799106518293314,,54.71328188309089,,54.638730629015775,
694.0,8.238035381750464,8.238035381750464,0.06306110200923158,-1,54.96303970197773,54.79779358976814,0.33049222440696013,55.0,,,54.96303970197773,,54.88662739978419,,54.79779358976059,,54.70895977974743,,54.63254747757077,
695.0,8.212290502793294,8.212290502793294,0.06266352655799416,-1,54.96654872809947,54.79652127545552,0.34005490527609084,55.0,,,54.96654872809947,,54.88831426715194,,54.7965212754482,,54.70472828375457,,54.62649382282338,
696.0,8.19143389199255,8.19143389199255,0.062271190957394286,-1,54.97006634388673,54.795345265044986,0.3494421576720299,55.0,,,54.97006634388673,,54.89004785910422,,54.795345265037916,,54.70064267098139,,54.6206241862147,
697.0,8.151838919925508,8.151838919925508,0.06188550881565906,-1,54.97361122935915,54.794282660306905,0.35865713809341315,55.0,,,54.97361122935915,,54.89184591169735,,54.79428266030006,,54.69671940891224,,54.61495409126574,
698.0,8.114525139664803,8.114525139664803,0.06150075817465528,-1,54.9771056918412,54.79325407190775,0.3677032398561835,55.0,,,54.9771056918412,,54.89362974621539,,54.793254071901124,,54.692878397596026,,54.60940245198502,
699.0,8.105237430167596,8.105237430167596,0.06111764524581563,-1,54.980559641711785,54.79226832829348,0.37658262682622734,55.0,,,54.980559641711785,,54.89540861232593,,54.79226832828707,,54.68912804425708,,54.60397701488556,
700.0,8.081936685288639,8.081936685288639,0.06074459335264036,-1,54.98408684648894,54.79143806103998,0.38529757088788585,55.0,,,54.98408684648894,,54.89729560241838,,54.79143806103377,,54.68558051965774,,54.59878927560106,
701.0,8.058635940409681,8.058635940409681,0.060377238384907495,-1,54.987627342069054,54.79070132680056,0.39385203052727746,55.0,,,54.987627342069054,,54.89922966625744,,54.79070132679455,,54.68217298733996,,54.593775311541776,
702.0,8.049348230912475,8.049348230912475,0.060015502487833966,-1,54.9911796917176,54.79005518713351,0.4022490091587656,55.0,,,54.9911796917176,,54.9012085367373,,54.79005518712769,,54.678901837526126,,54.58893068255883,
703.0,8.044622905027934,8.044622905027934,0.05966351151214163,-1,54.994799127773376,54.78955340428293,0.41049144697178264,55.0,,,54.994799127773376,,54.90328664425675,,54.7895534042773,,54.67582016430563,,54.584307680801594,
704.0,8.016759776536311,8.016759776536311,0.05932247558265548,-1,54.9985009080287,54.789209367561035,0.4185830809265241,55.0,,,54.9985009080287,,54.905478256263024,,54.789209367555586,,54.67294047885567,,54.57991782710218,
705.0,8.016759776536311,8.016759776536311,0.05898526868212629,-1,55.002187792418944,54.788923873441306,0.4265278379467432,55.0,,,55.002187792418944,,54.90768510777092,,54.78892387343603,,54.67016263910843,,54.5756599544722,
706.0,8.042504655493481,8.042504655493481,0.05866018958236753,-1,55.005971624729355,54.788807558168386,0.4343281331136737,55.0,,,55.005971624729355,,54.91001841031774,,54.788807558163285,,54.66759670601588,,54.57164349161568,
707.0,8.049185288640592,8.049185288640592,0.05835474925988222,-1,55.0099522262792,54.788958208211156,0.44198803612808746,55.0,,,55.0099522262792,,54.91257694532065,,54.78895820820622,,54.665339471098605,,54.56796419015111,
708.0,8.023929236499066,8.023929236499066,0.05806287616827424,-1,55.01404516472906,54.789288621849764,0.44951308575084425,55.0,,,55.01404516472906,,54.915274883435565,,54.78928862184499,,54.66330236026102,,54.56453207897822,
709.0,8.049348230912475,8.049348230912475,0.057774737805595965,-1,55.01811643574426,54.78966268323251,0.4569075050160336,55.0,,,55.01811643574426,,54.91797716939688,,54.789662683227874,,54.661348197065266,,54.56120893072823,
710.0,8.028165735567969,8.028165735567969,0.05750546133164168,-1,55.0223700651037,54.79028333616176,0.46417345787664743,55.0,,,55.0223700651037,,54.92088730663366,,54.79028333615727,,54.659679365687076,,54.55819660722705,
711.0,8.044948789571693,8.044948789571693,0.05724071242030951,-1,55.0266105321034,54.790952456605666,0.47131615098845003,55.0,,,55.0266105321034,,54.92380849171737,,54.79095245660133,,54.65809642149129,,54.55529438111495,
712.0,8.049348230912475,8.049348230912475,0.056991782847793424,-1,55.030990116386974,54.79182121249892,0.47833780776931434,55.0,,,55.030990116386974,,54.92689248455548,,54.79182121249473,,54.656749940439774,,54.55265230861766,
713.0,8.049348230912475,8.049348230912475,0.05675465224341934,-1,55.03545285614274,54.79283140005415,0.48524291217062654,55.0,,,55.03545285614274,,54.930082238846175,,54.79283140005008,,54.6555805612596,,54.55020994397211,
714.0,8.049348230912475,8.049348230912475,0.05652776248714865,-1,55.03997670347539,54.79395916794691,0.4920350710506156,55.0,,,55.03997670347539,,54.93335485268195,,54.79395916794297,,54.65456348320943,,54.547941632424774,
715.0,8.049348230912475,8.049348230912475,0.05631089996051789,-1,55.044558026038175,54.795199262667936,0.4987175267343247,55.0,,,55.044558026038175,,54.93670593829377,,54.79519926266413,,54.65369258703975,,54.54584049930385,
716.0,8.018715083798883,8.018715083798883,0.05610385162231392,-1,55.04919326214078,54.79654654460952,0.5052934350565721,55.0,,,55.04919326214078,,54.94013120581215,,54.79654654460583,,54.65296188340461,,54.54389982708421,
717.0,8.016759776536311,8.016759776536311,0.055897214730283966,-1,55.053755088198244,54.797872154643684,0.5117658671033496,55.0,,,55.053755088198244,,54.94350262973479,,54.79787215464012,,54.65224167955038,,54.541989221094894,
718.0,8.016759776536311,8.016759776536311,0.05569954812160826,-1,55.05835983008642,54.7992918535475,0.5181359530722389,55.0,,,55.05835983008642,,54.94693632709688,,54.799291853544055,,54.651647379996,,54.54022387701418,
719.0,8.035824022346368,8.035824022346368,0.055511238770454566,-1,55.06301222490578,54.80080895482231,0.5244065401615288,55.0,,,55.06301222490578,,54.95043639263687,,54.800808954818976,,54.6511815170057,,54.538605684744255,
720.0,8.049348230912475,8.049348230912475,0.05533779626704696,1,55.067785986437244,54.80249572789463,0.53058051707999,55.0,,,55.067785986437244,,54.95407589094419,,54.802495727891404,,54.65091556484308,,54.537205469357254,
721.0,8.016759776536311,8.016759776536311,0.055177248367955324,1,55.06089335071969,54.80432217101704,0.51314235940022,55.0,,,55.06089335071969,,54.95194601364409,,54.80432217101392,,54.656698328388075,,54.54775099131947,
722.0,8.016759776536311,8.016759776536311,0.05501547935088486,1,55.05408149972303,54.80609526552611,0.49597246838896325,55.0,,,55.05408149972303,,54.94975819920722,,54.806095265523076,,54.662432331843114,,54.55810903133407,
723.0,8.016759776536311,8.016759776536311,0.05486223678192667,1,55.04747967982639,54.80794742918765,0.47906450127272393,55.0,,,55.04747967982639,,54.94764811705139,,54.80794742918473,,54.66824674132211,,54.568415178553664,
724.0,8.03826815642458,8.03826815642458,0.054717316461875165,1,55.04107943581582,54.80987431335471,0.4624102449176135,55.0,,,55.04107943581582,,54.945613904526915,,54.809874313351884,,54.67413472218077,,54.578669190898204,
725.0,8.020833333333332,8.020833333333332,0.05458696765020182,1,55.034959535323175,54.811958612048194,0.44600184654551356,55.0,,,55.034959535323175,,54.94374054938809,,54.81195861204545,,54.68017667470661,,54.58895768877766,
726.0,8.016759776536311,8.016759776536311,0.05445918998659874,1,55.02895063404038,54.81403545084627,0.4298303663839178,55.0,,,55.02895063404038,,54.9418649314172,,54.81403545084361,,54.68620597027369,,54.59912026765646,
727.0,8.016759776536311,8.016759776536311,0.05433788656522005,1,55.02310248321232,54.816157571290205,0.4138898238400657,55.0,,,55.02310248321232,,54.940042038183385,,54.81615757128763,,54.692273104395426,,54.609212659372254,
728.0,8.016759776536311,8.016759776536311,0.05422410330708847,1,55.01742496218373,54.81833815155643,0.39817362125056377,55.0,,,55.01742496218373,,54.93828690765772,,54.818338151553945,,54.6983893954536,,54.61925134093317,
729.0,8.016759776536311,8.016759776536311,0.05411764408880893,1,55.01191095619116,54.820573368131704,0.3826751761149936,55.0,,,55.01191095619116,,54.936597360677446,,54.8205733681293,,54.70454937558448,,54.629235780076165,
730.0,8.016759776536311,8.016759776536311,0.054018314619409126,1,55.00655359230427,54.82285949943006,0.3673881857446446,55.0,,,55.00655359230427,,54.934971183846834,,54.82285949942773,,54.710747815011835,,54.63916540655963,
731.0,8.016759776536311,8.016759776536311,0.05392592251313171,1,55.00134623157142,54.8251929247146,0.3523066137099633,55.0,,,55.00134623157142,,54.93340613766455,,54.82519292471235,,54.71697971176326,,54.649039617861455,
732.0,8.016759776536311,8.016759776536311,0.05384027735859738,1,54.99628246150653,54.82757012299228,0.3374246770249627,55.0,,,54.99628246150653,,54.93189996404428,,54.82757012299009,,54.723240281938914,,54.65885778448157,
733.0,8.016759776536311,8.016759776536311,0.05376119078439118,1,54.99135608889683,54.829987671882655,0.3227368340249086,55.0,,,54.99135608889683,,54.93045039326538,,54.82998767188054,,54.729524950498615,,54.66861925487192,
734.0,8.016759776536311,8.016759776536311,0.053688476521132344,1,54.98656113291217,54.83244224646229,0.30823777289643317,55.0,,,54.98656113291217,,54.92905515038818,,54.83244224646024,,54.735829342535126,,54.67832336001574,
735.0,8.016759776536311,8.016759776536311,0.05362195046008052,1,54.98189181849805,54.83493061808567,0.2939224008215291,55.0,,,54.98189181849805,,54.92771196116648,,54.83493061808369,,54.742149275003634,,54.68796941767652,
736.0,8.016759776536311,8.016759776536311,0.05356143070833882,1,54.977342570035525,54.83744965318421,0.2797858336995205,55.0,,,54.977342570035525,,54.92641855748796,,54.83744965318228,,54.74848074887925,,54.697556736336004,
737.0,8.031587523277464,8.031587523277464,0.05350673764071575,1,54.972908005252364,54.83999631204436,0.26582338641298264,55.0,,,54.972908005252364,,54.925172682371326,,54.83999631204251,,54.754819941716256,,54.70708461883938,
738.0,8.049348230912475,8.049348230912475,0.05346214166228358,1,54.968642858503564,54.842627576699144,0.2520305636059348,55.0,,,54.968642858503564,,54.92403202368007,,54.84262757669734,,54.7612231297171,,54.71661229489763,
739.0,8.020507448789571,8.020507448789571,0.053428268617289866,1,54.964551212324345,54.84535017078241,0.2384020830810556,55.0,,,54.964551212324345,,54.92300369580521,,54.84535017078066,,54.76769664575854,,54.72614912924329,
740.0,8.016759776536311,8.016759776536311,0.05339086718027804,1,54.960436563406596,54.84797022499991,0.22493267681062434,55.0,,,54.960436563406596,,54.92189411140694,,54.84797022499823,,54.77404633859186,,54.73550388659597,
741.0,8.016759776536311,8.016759776536311,0.053357452325944243,1,54.956401226279176,54.850591068551275,0.2116203154531675,55.0,,,54.956401226279176,,54.92080759078088,,54.85059106854963,,54.780374546320665,,54.74478091082601,
742.0,8.016759776536311,8.016759776536311,0.05332900099581043,1,54.95245656385932,54.85322584894097,0.19846142983414694,55.0,,,54.95245656385932,,54.919757793780946,,54.85322584893938,,54.786693904100034,,54.753995134025175,
743.0,8.016759776536311,8.016759776536311,0.05330534831385667,1,54.94859823774585,54.85587206307465,0.1854523493399114,55.0,,,54.94859823774585,,54.9187426140302,,54.855872063073114,,54.793001512118174,,54.76314588840594,
744.0,8.016759776536311,8.016759776536311,0.05328633193821414,1,54.94482206606932,54.85852729256728,0.17258954700169227,55.0,,,54.94482206606932,,54.91775998078418,,54.85852729256579,,54.79929460434947,,54.77223251906763,
745.0,8.022462756052139,8.022462756052139,0.05327179208865308,1,54.94112401896248,54.86118920240233,0.1598696331179994,55.0,,,54.94112401896248,,54.916807861243626,,54.86118920240088,,54.805570543560144,,54.781254385844484,
746.0,8.049348230912475,8.049348230912475,0.05326328208265038,1,54.93752326185375,54.863878587254725,0.14728934919579473,55.0,,,54.93752326185375,,54.915907310292106,,54.863878587253325,,54.81184986421649,,54.79023391265795,
747.0,8.049348230912475,8.049348230912475,0.05326697208138999,1,54.93410062654589,54.86667802974707,0.1348451935954671,55.0,,,54.93410062654589,,54.91514103926719,,54.866678029745714,,54.81821502022612,,54.799255432950424,
748.0,8.049348230912475,8.049348230912475,0.05327449727181718,1,54.93073881253324,54.86947259797354,0.12253242911729956,55.0,,,54.93073881253324,,54.91439386741527,,54.869472597972226,,54.824551328531,,54.80820638341594,
749.0,8.049348230912475,8.049348230912475,0.05328570773396437,1,54.92743448334083,54.872260370353786,0.11034822597204652,55.0,,,54.92743448334083,,54.913664037389815,,54.87226037035252,,54.83085670331698,,54.817086257368786,
750.0,8.049348230912475,8.049348230912475,0.053300456362488244,1,54.92418443356454,54.875039502049034,0.09828986302902365,55.0,,,54.92418443356454,,54.91294983833856,,54.87503950204782,,54.83712916575877,,54.82589457053552,
751.0,8.049348230912475,8.049348230912475,0.053318598873451147,1,54.92098558505896,54.877808223503244,0.08635472310950831,55.0,,,54.92098558505896,,54.91224960683886,,54.877808223502065,,54.84336684016691,,54.83463086194945,
752.0,8.049348230912475,8.049348230912475,0.05333999380880011,1,54.91783498323618,54.880564838982664,0.07454028850519023,55.0,,,54.91783498323618,,54.91156172767045,,54.88056483898152,,54.849567950294166,,54.84329469473099,
753.0,8.049348230912475,8.049348230912475,0.05336450253860839,1,54.91472979347038,54.88330772511482,0.06284413670931599,55.0,,,54.91472979347038,,54.91088463443674,,54.883307725113724,,54.85573081579223,,54.85188565676106,
754.0,8.049348230912475,8.049348230912475,0.05339198926115608,1,54.91166729760321,54.88603532942791,0.0512639363488816,55.0,,,54.91166729760321,,54.910216810044915,,54.88603532942684,,54.861853848810235,,54.86040336125433,
755.0,8.049348230912475,8.049348230912475,0.053422321000914826,1,54.90955678705469,54.8887461688913,0.041621236327401334,55.0,,,54.908644890545666,,54.90955678705469,,54.88874616889027,,54.86793555072729,,54.86884744723862,
756.0,8.049348230912475,8.049348230912475,0.053455367604509675,1,54.9089031479049,54.891438828458504,0.034928638893404695,55.0,,,54.90566007697204,,54.9089031479049,,54.89143882845751,,54.8739745090115,,54.877217579946596,
757.0,8.049348230912475,8.049348230912475,0.05349100173472204,1,54.90825452502667,54.89411195961297,0.028285130827995886,55.0,,,54.90271046810217,,54.90825452502667,,54.894111959612005,,54.879969394198675,,54.885513451125334,
758.0,8.049348230912475,8.049348230912475,0.05352909886261056,1,54.90760960085125,54.896764278918,0.021690643867074755,55.0,,,54.89979377856823,,54.90760960085125,,54.89676427891707,,54.88591895698418,,54.893734779269295,
759.0,8.022788640595904,8.022788640595904,0.05356953725781129,1,54.90696710772042,54.899394566571424,0.01514508229853817,55.0,,,54.89690782336265,,54.90696710772042,,54.89939456657053,,54.89182202542188,,54.90188130978168,
760.0,8.03631284916201,8.03631284916201,0.0536042294301545,1,54.909845445730795,54.90189429562755,0.01590230020507022,55.0,,,54.893943145525725,,54.906218458368244,,54.901894295626676,,54.8975701328863,,54.909845445730795,
761.0,8.016759776536311,8.016759776536311,0.053645230006127156,1,54.917792301104434,54.90442852919476,0.02672754381796949,55.0,,,54.891064757286465,,54.90552906833189,,54.904428529193915,,54.90332799005711,,54.917792301104434,
762.0,8.016759776536311,8.016759776536311,0.0536824296941921,1,54.92558628627461,54.90686035622754,0.03745186009280843,55.0,,,54.8881344261818,,54.9047617198364,,54.90686035622672,,54.90895899261816,,54.92558628627461,
763.0,8.016759776536311,8.016759776536311,0.05372169019823974,1,54.93330867637083,54.9092708268254,0.04807569908956566,55.0,,,54.88523297728126,,54.90399767857914,,54.90927082682461,,54.91454397507117,,54.93330867637083,
764.0,8.016759776536311,8.016759776536311,0.053762904006099496,1,54.94095929043477,54.911658923765046,0.058600733338202815,55.0,,,54.882358557096566,,54.90323581644653,,54.91165892376428,,54.920082031083076,,54.94095929043477,
765.0,8.03223929236499,8.03223929236499,0.053805966158959044,1,54.948537973429765,54.91402368477592,0.06902857730649004,55.0,,,54.879509396123275,,54.902475052693,,54.91402368477518,,54.92557231685837,,54.948537973429765,
766.0,8.049348230912475,8.049348230912475,0.05385541747157506,1,54.95610715971709,54.916426764841766,0.07936078974947947,55.0,,,54.87674636996761,,54.90177691707084,,54.916426764841056,,54.931076612612245,,54.95610715971709,
767.0,8.049348230912475,8.049348230912475,0.053911563678928354,1,54.96367143702865,54.91887150941462,0.08959985522692904,55.0,,,54.87407158180172,,54.90114437850573,,54.91887150941393,,54.936598640323076,,54.96367143702865,
768.0,8.049348230912475,8.049348230912475,0.053969079865674924,1,54.9711594669684,54.921285328180794,0.09974827757412896,55.0,,,54.87141118939427,,54.90050444462829,,54.921285328180126,,54.94206621173287,,54.9711594669684,
769.0,8.049348230912475,8.049348230912475,0.05402787058772502,1,54.97857125743519,54.92366755983028,0.1098073952087617,55.0,,,54.86876386222643,,54.89985632432793,,54.92366755982964,,54.94747879533222,,54.97857125743519,
770.0,8.049348230912475,8.049348230912475,0.0540878430221659,1,54.98590684191501,54.92601759173001,0.11977850036897308,55.0,,,54.86612834154604,,54.89919927135228,,54.92601759172939,,54.95283591210735,,54.98590684191501,
771.0,8.024418063314709,8.024418063314709,0.054148906940307995,1,54.993166279079475,54.928334858577344,0.12966284100328096,55.0,,,54.863503438076194,,54.89853258348747,,54.92833485857674,,54.95813713366683,,54.993166279079475,
772.0,8.04869646182495,8.04869646182495,0.05420349489115749,1,55.000248868620645,54.93051805732887,0.1394616225826084,55.0,,,54.860787246038036,,54.89775481797118,,54.93051805732828,,54.963281296686176,,55.000248868620645,
773.0,8.016759776536311,8.016759776536311,0.054266422381369216,1,55.00735674319672,54.932769522479965,0.14917444143259218,55.0,,,54.85818230176413,,54.89706855963628,,54.9327695224794,,54.968470485323294,,55.00735674319672,
774.0,8.016759776536311,8.016759776536311,0.05432060874469618,1,55.01425972766998,54.93485772768001,0.1588039999790425,55.0,,,54.85545572769094,,54.8962417478737,,54.93485772767946,,54.97347370748597,,55.01425972766998,
775.0,8.016759776536311,8.016759776536311,0.05437573006116571,1,55.02109103858375,54.936916347747285,0.16834938167205138,55.0,,,54.8527416569117,,54.895408413006415,,54.93691634774675,,54.97842428248783,,55.02109103858375,
776.0,8.016759776536311,8.016759776536311,0.05443170910687479,1,55.02785079190597,54.93894493979089,0.17781170422930614,55.0,,,54.85003908767666,,54.8945679540518,,54.938944939790375,,54.983321925529665,,55.02785079190597,
777.0,8.016759776536311,8.016759776536311,0.0544884709157061,1,55.03453912520129,54.940943100288266,0.18719204982522086,55.0,,,54.84734707537607,,54.89371980826484,,54.94094310028777,,54.98816639231139,,55.03453912520129,
778.0,8.016759776536311,8.016759776536311,0.05454594275203937,1,55.04115619717745,54.94291046392226,0.1964914665095776,55.0,,,54.84466473066787,,54.89286345028679,,54.94291046392178,,54.99295747755745,,55.04115619717745,
779.0,8.016759776536311,8.016759776536311,0.05460405408275701,1,55.04770218721746,54.94484670243215,0.20571096956985713,55.0,,,54.8419912176476,,54.891998391280154,,54.944846702431676,,54.99769501358386,,55.04770218721746,
780.0,8.016759776536311,8.016759776536311,0.05466273654858768,1,55.05417729489923,54.94675152347895,0.21485154283983832,55.0,,,54.839325752059395,,54.891124178052216,,54.94675152347849,,55.002378868905396,,55.05417729489923,
781.0,8.016759776536311,8.016759776536311,0.0547219239348361,1,55.06058173950415,54.94862466952541,0.22391413995676857,55.0,,,54.83666759954738,,54.89024039216917,,54.94862466952497,,55.00700894688138,,55.06058173950415,
782.0,8.045111731843573,8.045111731843573,0.05478155214154696,1,55.06691575951605,54.95046591673098,0.23289968556945695,55.0,,,54.83401607394659,,54.88934664906295,,54.95046591673055,,55.01158518439873,,55.06691575951605,
783.0,8.028002793296087,8.028002793296087,0.054850064627254606,1,55.07329421608375,54.95238967783373,0.24180907649937922,55.0,,,54.83148513958437,,54.88855720110434,,54.95238967783332,,55.016222154562854,,55.07329421608375,
784.0,8.049348230912475,8.049348230912475,0.05491360702669067,1,55.07953008467412,54.95420761031592,0.2506449487157525,55.0,,,54.828885135958366,,54.887683105057455,,54.95420761031552,,55.02073211557413,,55.07953008467412,
785.0,8.049348230912475,8.049348230912475,0.05498375256986997,1,55.085781303728105,54.956077791322876,0.2594070248098177,55.0,,,54.82637427891829,,54.88688255417354,,54.9560777913225,,55.02527302847198,,55.085781303728105,
786.0,8.049348230912475,8.049348230912475,0.055053923425251686,1,55.09195924991161,54.95791053476671,0.2680974302892096,55.0,,,54.8238618196224,,54.88606537671243,,54.957910534766334,,55.02975569282074,,55.09195924991161,
787.0,8.049348230912475,8.049348230912475,0.05512406522411563,1,55.09806431290306,54.95970586433363,0.27671689713829295,55.0,,,54.82134741576477,,54.88523145008136,,54.959705864333266,,55.03418027858566,,55.09806431290306,
788.0,8.049348230912475,8.049348230912475,0.0551941256770365,1,55.10409689912026,54.961463831248125,0.2852661357437043,55.0,,,54.81883076337655,,54.88438068046924,,54.96146383124778,,55.038546982026794,,55.10409689912026,
789.0,8.049348230912475,8.049348230912475,0.05526405453565794,1,55.11005743110649,54.963184513201575,0.2937458358092826,55.0,,,54.81631159529721,,54.88351300184177,,54.96318451320124,,55.04285602456118,,55.11005743110649,
790.0,8.049348230912475,8.049348230912475,0.05533380355430627,1,55.115946346918776,54.96486801330038,0.3021566672362539,55.0,,,54.81378967968252,,54.882628374945554,,54.96486801330006,,55.047107651655026,,55.115946346918776,
791.0,8.047229981378026,8.047229981378026,0.05540332645148544,1,55.121764099519,54.96651445903376,0.3104992809699709,55.0,,,54.81126481854903,,54.88172678632213,,54.96651445903345,,55.0513021317452,,55.121764099519,
792.0,8.016759776536311,8.016759776536311,0.055471943198040115,1,55.127502591016714,54.96811543610918,0.3187743098145859,55.0,,,54.80872828120213,,54.8807996821808,,54.968115436108874,,55.055431190037375,,55.127502591016714,
793.0,8.032891061452514,8.032891061452514,0.05553111754283363,1,55.133047963467526,54.96955684435128,0.3269822382320271,55.0,,,54.8060657252355,,54.87973285697483,,54.96955684435098,,55.059380831727545,,55.133047963467526,
794.0,8.049348230912475,8.049348230912475,0.055594956566225644,1,55.138592881558516,54.97103198794656,0.3351217872234642,55.0,,,54.80347109433505,,54.878719946699434,,54.97103198794627,,55.06334402919351,,55.138592881558516,
795.0,8.019203910614525,8.019203910614525,0.05566343242252275,1,55.14413711028891,54.97253981022659,0.34319460012419967,55.0,,,54.80094251016471,,54.877759500961204,,54.97253981022631,,55.067320119491804,,55.14413711028891,
796.0,8.049348230912475,8.049348230912475,0.05572243574053872,1,55.14949068514471,54.97388953938457,0.3512022915198614,55.0,,,54.79828839362485,,54.876660355959366,,54.973889539384295,,55.07111872280961,,55.14949068514471,
797.0,8.049348230912475,8.049348230912475,0.05579018454055172,1,55.15490161895812,54.975329841187865,0.3591435555400935,55.0,,,54.79575806341803,,54.875671507826375,,54.9753298411876,,55.074988174549205,,55.15490161895812,
798.0,8.067923649906888,8.067923649906888,0.05585743561623768,1,55.16024476479702,54.97673434174139,0.3670208461108615,55.0,,,54.79322391868616,,54.874665979882025,,54.976734341741135,,55.07880270360061,,55.16024476479702,
799.0,8.133100558659219,8.133100558659219,0.05592973208833929,1,55.16559579651524,54.97817845304867,0.37483468693274347,55.0,,,54.7907611095825,,54.87371905472727,,54.97817845304843,,55.08263785136994,,55.16559579651524,
800.0,8.17970204841713,8.17970204841713,0.05602094368361057,1,55.171141623428866,54.979848257629214,0.38258673159892,55.0,,,54.788554891829946,,54.87301640263557,,54.97984825762898,,55.08668011262273,,55.171141623428866,
801.0,8.312499999999991,8.312499999999991,0.0561251159782031,1,55.17679969121358,54.981658965605696,0.390281451215408,55.0,,,54.78651823999817,,54.872472115678804,,54.98165896560546,,55.090845815532454,,55.17679969121358,
802.0,8.496461824953442,8.496461824953442,0.056267948709230166,1,55.18291503005706,54.98395401258133,0.3979220349511081,55.0,,,54.78499299510595,,54.87242881849656,,54.9839540125811,,55.09547920666597,,55.18291503005706,
803.0,8.633822160148975,8.633822160148975,0.05646425239431294,1,55.189681614711155,54.986923173685476,0.40551688205101755,55.0,,,54.78416473266014,,54.873074171187575,,54.986923173685256,,55.10077217618325,,55.189681614711155,
804.0,8.836685288640595,8.836685288640595,0.05669902198022202,1,55.19688929988552,54.99035065123606,0.41307729729860654,55.0,,,54.78381200258691,,54.87418951676686,,54.990350651235836,,55.10651178570511,,55.19688929988552,
805.0,8.936568901303545,8.936568901303545,0.056991501256543814,1,55.204792160696535,54.99448648057042,0.4206113602518968,55.0,,,54.78418080044464,,54.87602280530065,,54.99448648057022,,55.112950155840075,,55.204792160696535,
806.0,9.045903165735568,9.045903165735568,0.05730931197163726,1,55.21294556455705,54.998880083433974,0.428130962245838,55.0,,,54.784814602311215,,54.87812040759641,,54.998880083433775,,55.11963975927142,,55.21294556455705,
807.0,9.22383612662942,9.22383612662942,0.0576548091425251,1,55.22137859718417,55.0035579845035,0.43564122536102445,55.0,,,54.785737371823146,,54.880507453351996,,55.00355798450331,,55.1266085156549,,55.22137859718417,
808.0,9.423277467411545,9.423277467411545,0.05804844054563056,1,55.23036379805304,55.00878995706523,0.4431476819753044,55.0,,,54.78721611607774,,54.883452211774916,,55.008789957065055,,55.13412770235545,,55.23036379805304,
809.0,9.542062383612668,9.542062383612668,0.0584959715740271,1,55.23997246783751,55.014642492317435,0.45065995103988143,55.0,,,54.78931251679763,,54.8870186464426,,55.01464249231724,,55.14226633819214,,55.23997246783751,
810.0,9.703212290502794,9.703212290502794,0.05897157823861117,1,55.24984944288692,55.0207550984591,0.45818868885536546,55.0,,,54.791660754031554,,54.89084346161045,,55.02075509845892,,55.15066673530763,,55.24984944288692,
811.0,9.901187150837996,9.901187150837996,0.05948774168171979,1,55.26016027114282,55.02729069461647,0.4657391530524464,55.0,,,54.794421118090376,,54.89508809356926,,55.02729069461629,,55.15949329566356,,55.26016027114282,
812.0,10.061359404096832,10.061359404096832,0.060055095981340664,1,55.27104355379871,55.03438402125655,0.4733190650840484,55.0,,,54.797724488714664,,54.899885183523175,,55.034384021256386,,55.16888285898983,,55.27104355379871,
813.0,10.206052141527003,10.206052141527003,0.0606609411425447,1,55.2823217888665,55.041852690391536,0.48093819694966555,55.0,,,54.80138359191683,,54.90504972405476,,55.041852690391366,,55.1786556567282,,55.2823217888665,
814.0,10.299581005586589,10.299581005586589,0.06129965849924689,1,55.29391521694822,55.04961341320042,0.4886036074953495,55.0,,,54.80531160945287,,54.91049646488791,,55.049613413200255,,55.18873036151283,,55.29391521694822,
815.0,10.497555865921791,10.497555865921791,0.061954527560491156,1,55.305595555268184,55.057434995767174,0.4963211190017631,55.0,,,54.80927443626642,,54.915992550240624,,55.05743499576702,,55.19887744129365,,55.305595555268184,
816.0,10.681191806331476,10.681191806331476,0.0626577874189045,1,55.317797146931746,55.06575060282713,0.5040930882089896,55.0,,,54.813704058722756,,54.921970339737314,,55.06575060282698,,55.20953086591687,,55.317797146931746,
817.0,10.839571694599632,10.839571694599632,0.0634040008541578,1,55.330441175300194,55.07447699294759,0.5119283647049926,55.0,,,54.8185128105952,,54.92834418129282,,55.07447699294744,,55.22060980460227,,55.330441175300194,
818.0,10.969599627560518,10.969599627560518,0.06418432689331811,1,55.34340402975976,55.08348674356758,0.5198345723841413,55.0,,,54.82356945737562,,54.93498453382938,,55.08348674356744,,55.23198895330571,,55.34340402975976,
819.0,11.096694599627565,11.096694599627565,0.06498903063751223,1,55.35655168146779,55.09264296124212,0.5278174404511304,55.0,,,54.82873424101666,,54.941752847567024,,55.09264296124199,,55.24353307491716,,55.35655168146779,
820.0,11.314711359404097,11.314711359404097,0.06581654218668759,-1,55.36986186023342,55.10192153420369,0.5358806520592694,55.0,,,54.83398120817415,,54.94862385976285,,55.101921534203555,,55.255219208644455,,55.36986186023342,
821.0,11.48987430167598,11.48987430167598,0.06669513931805159,-1,55.369728205874914,55.11170100961694,0.5160543925157626,55.0,,,54.85367381335915,,54.962968343881066,,55.11170100961681,,55.260433675352736,,55.369728205874914,
822.0,11.68784916201118,11.68784916201118,0.06761015900726518,-1,55.36992258771538,55.12177369731129,0.4962977808079856,55.0,,,54.873624806907394,,54.97766678864877,,55.12177369731117,,55.26588060597375,,55.36992258771538,
823.0,11.793435754189945,11.793435754189945,0.06856808247309924,-1,55.37052052692888,55.13222100311352,0.4765990476305362,55.0,,,54.89392147929834,,54.99279890103249,,55.1322210031134,,55.271643105194485,,55.37052052692888,
824.0,11.850465549348227,11.850465549348227,0.06953835052555635,-1,55.371096290194465,55.14262360065794,0.45694537907287014,55.0,,,54.914150911121595,,55.00794421469121,,55.14262360065783,,55.27730298662462,,55.371096290194465,
825.0,12.033286778398512,12.033286778398512,0.0705048726712797,-1,55.37143115814519,55.15276558747122,0.4373311413477694,55.0,,,54.93410001679742,,55.022884160528605,,55.15276558747111,,55.28264701441378,,55.37143115814519,
826.0,12.213175046554936,12.213175046554936,0.07150787766069168,-1,55.37207153982062,55.16319427594787,0.4177545277453163,55.0,,,54.9543170120753,,55.038162666221936,,55.16319427594777,,55.288225885673754,,55.37207153982062,
827.0,12.410661080074489,12.410661080074489,0.07254559440005363,-1,55.37298252561939,55.17388001059633,0.39820503004596475,55.0,,,54.97477749557343,,55.05374910487463,,55.17388001059622,,55.294010916317966,,55.37298252561939,
828.0,12.61433891992552,12.61433891992552,0.0736229182356881,-1,55.37421999231181,55.18488355954581,0.3786728655318399,55.0,,,54.99554712677997,,55.06970332323046,,55.1848835595457,,55.3000637958611,,55.37421999231181,
829.0,12.780377094972064,12.780377094972064,0.07474098900410128,-1,55.375787604919346,55.19621386110282,0.35914748763290305,55.0,,,55.01664011728644,,55.08603374808291,,55.19621386110271,,55.30639397412267,,55.375787604919346,
830.0,12.949022346368714,12.949022346368714,0.07588663456606481,-1,55.377496041266554,55.20768683141237,0.3396184197082235,55.0,,,55.03787762155833,,55.10255597352144,,55.20768683141227,,55.31281768930324,,55.377496041266554,
831.0,13.111149906890128,13.111149906890128,0.07705997650749441,-1,55.37934042045702,55.219301226757864,0.320078387398155,55.0,,,55.059262033058864,,55.11926782222373,,55.21930122675777,,55.31933463129195,,55.37934042045702,
832.0,13.251769087523282,13.251769087523282,0.07825814294981706,-1,55.38127566337065,55.23101549417881,0.3005203383835351,55.0,,,55.080755324987116,,55.13612692696942,,55.23101549417872,,55.32590406138816,,55.38127566337065,
833.0,13.40314245810056,13.40314245810056,0.07947336582730051,-1,55.38319199167618,55.24272294818162,0.28093808698898215,55.0,,,55.102253904687196,,55.15302573443656,,55.24272294818153,,55.33242016192663,,55.38319199167618,
834.0,13.52192737430168,13.52192737430168,0.08070860065814506,-1,55.38512722963214,55.25446354947477,0.2613273603145956,55.0,,,55.123799869317544,,55.17000300884811,,55.25446354947469,,55.33892409010139,,55.38512722963214,
835.0,13.692039106145248,13.692039106145248,0.08195245620797016,-1,55.386924851259884,55.266083141348545,0.24168341982255015,55.0,,,55.145241431437334,,55.186903653484094,,55.26608314134847,,55.34526262921295,,55.386924851259884,
836.0,13.83314711359404,13.83314711359404,0.0832214620137223,-1,55.38880898220236,55.27780688959501,0.22200418521458687,55.0,,,55.166804796987776,,55.20395135748284,,55.277806889594935,,55.351662421707125,,55.38880898220236,
837.0,14.067946927374296,14.067946927374296,0.08450529619813639,-1,55.39063567079611,55.289493611754594,0.20228411808290758,55.0,,,55.1883515527132,,55.22100445025275,,55.28949361175452,,55.357982773256396,,55.39063567079611,
838.0,14.192597765363132,14.192597765363132,0.0858346055426124,-1,55.39281704670254,55.30155699487865,0.18252010364768267,55.0,,,55.21029694305486,,55.23847564116681,,55.301556994878574,,55.36463834859043,,55.39281704670254,
839.0,14.349022346368718,14.349022346368718,0.08717163056860226,-1,55.394831924077785,55.313480653619465,0.16270254091653413,55.0,,,55.23212938316125,,55.25584930659046,,55.31348065361939,,55.371112000648424,,55.394831924077785,
840.0,14.52793296089386,14.52793296089386,0.088526559550835,-1,55.39681980529176,55.32540468874919,0.14283023308503573,55.0,,,55.25398957220673,,55.273264312556755,,55.325404688749124,,55.37754506494159,,55.39681980529176,
841.0,14.699837057728113,14.699837057728113,0.08990635033327567,-1,55.39887278691783,55.33742284364691,0.12289988654173101,55.0,,,55.2759729003761,,55.29081378454864,,55.33742284364684,,55.38403190274515,,55.39887278691783,
842.0,14.76843575418995,14.76843575418995,0.09130795785653469,-1,55.4009456100431,55.34949218747995,0.10290684512620629,55.0,,,55.298038764916896,,55.30845460627892,,55.34949218747988,,55.39052976868095,,55.4009456100431,
843.0,14.998021415270015,14.998021415270015,0.09269588369271899,-1,55.40255700635183,55.361133375323035,0.08284726205749848,55.0,,,55.31970974429433,,55.32570713201483,,55.361133375322964,,55.3965596186312,,55.40255700635183,
844.0,15.106052141527002,15.106052141527002,0.09412444532399976,-1,55.40444945379079,55.373086937653284,0.062725032274912,55.0,,,55.34172442151588,,55.34330972626128,,55.37308693765323,,55.402864149045264,,55.40444945379079,
845.0,15.242434823091257,15.242434823091257,0.09555152036069776,-1,55.40886867548304,55.384779001256035,0.04817934845403471,55.0,,,55.363512786185154,,55.36068932702901,,55.38477900125598,,55.40886867548304,,55.40604521632701,
846.0,15.461592178770951,15.461592178770951,0.0969864560263963,-1,55.414705842020744,55.396340794364995,0.036730095311511946,55.0,,,55.38520533230984,,55.37797574670923,,55.396340794364946,,55.414705842020744,,55.40747625642025,
847.0,15.62355679702048,15.62355679702048,0.09845703848557338,-1,55.420753543865466,55.4081493432562,0.025208401218556276,55.0,,,55.40717933129348,,55.39554514264691,,55.40814934325615,,55.420753543865466,,55.409119355219005,
848.0,15.77150837988827,15.77150837988827,0.09994290075536963,-1,55.42915853574696,55.41992523570226,0.01846660008932588,55.0,,,55.42915853574696,,55.413118757068574,,55.4199252357022,,55.42673171433591,,55.41069193565763,
849.0,15.96003258845438,15.96003258845438,0.10143870948075293,-1,55.45107265990351,55.43159726899357,0.038950781819792724,55.0,,,55.45107265990351,,55.43062498133868,,55.43159726899352,,55.432569556648446,,55.41212187808372,
850.0,16.16387337057728,16.16387337057728,0.10295796275752285,-1,55.473105985055966,55.443349416407486,0.05951313729688934,55.0,,,55.473105985055966,,55.44824713013464,,55.443349416407436,,55.43845170268031,,55.41359284775908,
851.0,16.290805400372445,16.290805400372445,0.10450530763105548,-1,55.495321209967,55.45524267454973,0.0801570708344741,55.0,,,55.495321209967,,55.466046288108615,,55.45524267454968,,55.44443906099083,,55.41516413913253,
852.0,16.350279329608938,16.350279329608938,0.10605343999538347,-1,55.51734971893746,55.46690629349109,0.10088685089267102,55.0,,,55.51734971893746,,55.48365206151688,,55.46690629349104,,55.45016052546529,,55.41646286804479,
853.0,16.534404096834262,16.534404096834262,0.1075787017351369,-1,55.53887657313661,55.47802613924016,0.12170086779284617,55.0,,,55.53887657313661,,55.50074924879593,,55.47802613924011,,55.45530302968437,,55.417175705343766,
854.0,16.732216014897578,16.732216014897578,0.10912442836599903,-1,55.56049336785752,55.489197105217976,0.14259252527902078,55.0,,,55.56049336785752,,55.51793045816115,,55.489197105217926,,55.46046375227478,,55.4179008425785,
855.0,16.917481378026075,16.917481378026075,0.11069481638371,-1,55.582256899024614,55.50047470295185,0.16356439214547436,55.0,,,55.582256899024614,,55.5352512315527,,55.5004747029518,,55.465698174350976,,55.41869250687914,
856.0,17.04897579143389,17.04897579143389,0.11228485604727734,-1,55.60409918646855,55.51178927646024,0.18461982001656452,55.0,,,55.60409918646855,,55.5526421801257,,55.5117892764602,,55.47093637279477,,55.41947936645199,
857.0,17.19904562383613,17.19904562383613,0.11387515789352078,-1,55.62575932490617,55.52287882242003,0.20576100497220295,55.0,,,55.62575932490617,,55.56984131840706,,55.52287882242,,55.47591632643301,,55.41999831993397,
858.0,17.348463687150833,17.348463687150833,0.11547197755421061,-1,55.64732518421159,55.5338321757791,0.22698601686492736,55.0,,,55.64732518421159,,55.58693650077103,,55.533832175779054,,55.48072785078715,,55.42033916734666,
859.0,17.50179236499069,17.50179236499069,0.11707473387088806,-1,55.66879136777827,55.544644257086375,0.24829422138373758,55.0,,,55.66879136777827,,55.603922014068054,,55.54464425708633,,55.485366500104675,,55.42049714639453,
860.0,17.73789571694599,17.73789571694599,0.11868446974442905,-1,55.69017438953555,55.55533197230557,0.269684834459909,55.0,,,55.69017438953555,,55.620814117574255,,55.55533197230553,,55.48984982703687,,55.42048955507564,
861.0,17.869716014897584,17.869716014897584,0.12033013034057001,-1,55.71186647632827,55.566287844988985,0.2911572626785244,55.0,,,55.71186647632827,,55.63800475858145,,55.56628784498894,,55.494570931396495,,55.420709213649744,
862.0,18.0207635009311,18.0207635009311,0.12197392831739667,-1,55.73335573866838,55.576997306180736,0.3127168649752292,55.0,,,55.73335573866838,,55.654980302513266,,55.57699730618071,,55.49901430984821,,55.42063887369315,
863.0,18.20505121042831,18.20505121042831,0.12362249869331626,-1,55.754735266228735,55.5875547347051,0.33436106304721136,55.0,,,55.754735266228735,,55.671834113863106,,55.58755473470507,,55.503275355547096,,55.420374203181524,
864.0,18.29906890130353,18.29906890130353,0.12528740008428396,-1,55.77616327222345,55.59811894414112,0.3560886561646228,55.0,,,55.77616327222345,,55.68872434971427,,55.598118944141085,,55.507513538567956,,55.42007461605883,
865.0,18.44180633147114,18.44180633147114,0.126935874940805,-1,55.79719881881229,55.608248417615144,0.37790080239426516,55.0,,,55.79719881881229,,55.705209442315855,,55.60824841761511,,55.51128739291442,,55.419298016418026,
866.0,18.691759776536312,18.691759776536312,0.1285854328866995,-1,55.81808380817533,55.61818786418801,0.39979188797460097,55.0,,,55.81808380817533,,55.721532379902186,,55.61818786418798,,55.51484334847383,,55.41829192020073,
867.0,18.810544692737437,18.810544692737437,0.13027439503563176,-1,55.83933744408832,55.628457466654524,0.4217599548675466,55.0,,,55.83933744408832,,55.73821254009966,,55.6284574666545,,55.518702393209395,,55.417577489220776,
868.0,18.94953445065177,18.94953445065177,0.13195466733036615,-1,55.86030796204219,55.63840252950572,0.443810865072912,55.0,,,55.86030796204219,,55.75459638602123,,55.63840252950569,,55.5222086729902,,55.41649709696928,
869.0,19.10791433891993,19.10791433891993,0.13363349368578986,-1,55.88109748256953,55.64812721415236,0.46594053683430303,55.0,,,55.88109748256953,,55.77078678821488,,55.64812721415233,,55.525467640089836,,55.41515694573523,
870.0,19.26629422718808,19.26629422718808,0.13531773370845157,-1,55.901801603281974,55.65772839966551,0.4881464072329109,55.0,,,55.901801603281974,,55.786879717853836,,55.65772839966547,,55.52857708147716,,55.41365519604906,
871.0,19.42467411545624,19.42467411545624,0.1370071222515058,-1,55.922418668634855,55.66720500816507,0.5104273209395345,55.0,,,55.922418668634855,,55.80287354791495,,55.66720500816504,,55.53153646841518,,55.41199134769532,
872.0,19.5830540037244,19.5830540037244,0.13870140425290478,-1,55.94294714863161,55.676556119428724,0.5327820584057292,55.0,,,55.94294714863161,,55.81876680404066,,55.6765561194287,,55.534345434816785,,55.41016509022588,
873.0,19.764082867783987,19.764082867783987,0.14040033459413567,-1,55.96338563574335,55.68578096580372,0.5552093398792124,55.0,,,55.96338563574335,,55.83455815967568,,55.6857809658037,,55.537003771931765,,55.40817629586414,
874.0,19.93240223463688,19.93240223463688,0.14211197264871284,-1,55.983844605701265,55.69499069105474,0.5777078292930256,55.0,,,55.983844605701265,,55.85035819516277,,55.69499069105471,,55.5396231869467,,55.40613677640824,
875.0,20.070414338919925,20.070414338919925,0.14383129533568073,-1,56.00425682079679,55.7041179189268,0.6002778037399423,55.0,,,56.00425682079679,,55.866099381164666,,55.70411791892678,,55.54213645668893,,55.40397901705685,
876.0,20.30325884543761,20.30325884543761,0.14554686699412844,-1,56.024469477825875,55.71301023018289,0.6229184952859512,55.0,,,56.024469477825875,,55.881628897796794,,55.71301023018286,,55.54439156256896,,55.40155098253992,
877.0,20.458216945996277,20.458216945996277,0.14729362857991668,-1,56.04495658644385,55.72214316968471,0.6456268335182429,55.0,,,56.04495658644385,,55.89742132571135,,55.72214316968469,,55.54686501365807,,55.39932975292561,
878.0,20.555819366852887,20.555819366852887,0.1490420935364486,-1,56.06531794513408,55.73111457054661,0.6684067491749346,55.0,,,56.06531794513408,,55.91307527692794,,55.73111457054658,,55.54915386416525,,55.39691119595915,
879.0,20.69171322160149,20.69171322160149,0.1507707905901718,-1,56.08526648425763,55.739638388929244,0.6912561906567376,55.0,,,56.08526648425763,,55.928304020353984,,55.73963838892923,,55.550972757504496,,55.39401029360089,
880.0,20.824022346368725,20.824022346368725,0.15249416836647128,1,56.10500277675594,55.74791834907012,0.7141688553715966,55.0,,,56.10500277675594,,55.94330954100661,,55.74791834907011,,55.552527157133625,,55.39083392138434,
881.0,20.99494878957169,20.99494878957169,0.1542108578519243,1,56.09210534877339,55.75594093074964,0.6723288360474768,55.0,,,56.09210534877339,,55.94187416605037,,55.75594093074962,,55.57000769544888,,55.41977651272591,
882.0,21.093202979515823,21.093202979515823,0.15593529741799725,1,56.07927701097351,55.76390587782296,0.6307422663010769,55.0,,,56.07927701097351,,55.94026788062203,,55.76390587782294,,55.58754387502387,,55.448534744672436,
883.0,21.25500465549348,21.25500465549348,0.15764001728350585,1,56.06614361125193,55.771444222787906,0.5893987769280074,55.0,,,56.06614361125193,,55.938130190310176,,55.77144422278789,,55.60475825526563,,55.476744834323924,
884.0,21.456890130353827,21.456890130353827,0.15934912073481328,1,56.053036754718406,55.77888935434716,0.5482948007424753,55.0,,,56.053036754718406,,55.93580400354145,,55.778889354347136,,55.62197470515284,,55.50474195397593,
885.0,21.69820763500931,21.69820763500931,0.1610775555383901,1,56.04015547538295,55.78644456379784,0.5074218231701835,55.0,,,56.04015547538295,,55.93350027730107,,55.78644456379783,,55.6393888502946,,55.53273365221277,
886.0,21.848929236499075,21.848929236499075,0.16283985922817507,1,56.02768778158666,55.79430350831616,0.466768546540969,55.0,,,56.02768778158666,,55.93141904541239,,55.79430350831614,,55.65718797121991,,55.56091923504569,
887.0,22.04690409683426,22.04690409683426,0.16460103391293646,1,56.01514900828955,55.80198848571674,0.4263210451455848,55.0,,,56.01514900828955,,55.92908775801526,,55.80198848571672,,55.67488921341821,,55.58882796314396,
888.0,22.214897579143397,22.214897579143397,0.1663789994755056,1,56.002781355670116,55.80974446528338,0.3860737807734296,55.0,,,56.002781355670116,,55.92675811201745,,55.809744465283366,,55.69273081854931,,55.61670757489669,
889.0,22.3125,22.3125,0.16816195875057582,1,55.99041989882407,55.81741105604708,0.34601768555395296,55.0,,,55.99041989882407,,55.92427507169293,,55.81741105604706,,55.71054704040122,,55.64440221327012,
890.0,22.49906890130354,22.49906890130354,0.16992280655545913,1,55.97769823144412,55.82462484460898,0.3061467736702639,55.0,,,55.97769823144412,,55.92128088988997,,55.82462484460895,,55.72796879932797,,55.67155145777386,
891.0,22.675861266294238,22.675861266294238,0.17169597674560425,1,55.965089637755774,55.831858944488985,0.26646138653354257,55.0,,,55.965089637755774,,55.91825550967837,,55.831858944488964,,55.7454623792996,,55.69862825122223,
892.0,22.84841713221602,22.84841713221602,0.1734774473300627,1,55.952536045303695,55.83905875250811,0.22695458559115878,55.0,,,55.952536045303695,,55.91514893510884,,55.83905875250808,,55.762968569907365,,55.72558145971254,
893.0,22.97437150837988,22.97437150837988,0.17526538955729615,1,55.94001067085331,55.84620032052048,0.18762070066562586,55.0,,,55.94001067085331,,55.91194175862493,,55.84620032052047,,55.78045888241604,,55.752389970187686,
894.0,23.106843575419,23.106843575419,0.17704160096890023,1,55.92726696630022,55.85303956248274,0.14845480763494834,55.0,,,55.92726696630022,,55.90839426212443,,55.85303956248272,,55.79768486284104,,55.778812158665275,
895.0,23.29096834264432,23.29096834264432,0.17880876027118792,1,55.91434679128504,55.85961867880845,0.10945622495314922,55.0,,,55.91434679128504,,55.90455374407114,,55.85961867880844,,55.81468361354577,,55.80489056633189,
896.0,23.407635009310987,23.407635009310987,0.1805870728463509,1,55.90152712213508,55.86621517437253,0.07062389552506687,55.0,,,55.90152712213508,,55.90070240533162,,55.86621517437252,,55.83172794341344,,55.83090322661001,
897.0,23.59827746741156,23.59827746741156,0.18235000353752864,1,55.89648572364162,55.87247115961583,0.04802912805158854,55.0,,,55.88844747843482,,55.89648572364162,,55.87247115961581,,55.84845659559003,,55.856494840796856,
898.0,23.6963687150838,23.6963687150838,0.18412671553699178,1,55.892308105639145,55.87878646203652,0.027043287205259503,55.0,,,55.87550807181302,,55.892308105639145,,55.8787864620365,,55.865264818433886,,55.88206485226004,
899.0,23.794134078212284,23.794134078212284,0.1858806598901446,1,55.907122243905185,55.88466741756795,0.04490965267445546,55.0,,,55.86221259123073,,55.887678688722964,,55.88466741756793,,55.88165614641292,,55.907122243905185,
900.0,23.91992551210428,23.91992551210428,0.1876120948353559,1,55.93167791026135,55.8901262797825,0.08310326095767806,55.0,,,55.84857464930367,,55.88261428788774,,55.890126279782486,,55.89763827167725,,55.93167791026135,
901.0,23.975814711359405,23.975814711359405,0.18933244118413672,1,55.95589290006698,55.895325460827245,0.12113487847945237,55.0,,,55.834758021587525,,55.87728165946537,,55.89532546082723,,55.913369262189114,,55.95589290006698,
902.0,23.985102420856613,23.985102420856613,0.19101434401946676,1,55.9794036841188,55.89990162234117,0.15900412355523486,55.0,,,55.820399560563565,,55.871321013267696,,55.89990162234116,,55.92848223141464,,55.9794036841188,
903.0,23.985102420856613,23.985102420856613,0.19264016759472316,1,56.00198211471051,55.90362972307472,0.1967047832715707,55.0,,,55.80527733143894,,55.864512119386504,,55.9036297230747,,55.94274732676291,,56.00198211471051,
904.0,23.985102420856613,23.985102420856613,0.19420738042548413,1,56.023606294787974,55.90649278471185,0.2342270201522325,55.0,,,55.78937927463574,,55.856843545300435,,55.90649278471184,,55.95614202412325,,56.023606294787974,
905.0,23.985102420856613,23.985102420856613,0.19571719474016408,1,56.04430492842864,55.90852461522824,0.2715606264007846,55.0,,,55.77274430202785,,55.848354581069266,,55.908524615228224,,55.9686946493872,,56.04430492842864,
906.0,23.985102420856613,23.985102420856613,0.19717082333768993,1,56.06410625694706,55.90975834734811,0.3086958191979008,55.0,,,55.75541043774916,,55.839083587860685,,55.909758347348095,,55.98043310683552,,56.06410625694706,
907.0,23.985102420856613,23.985102420856613,0.19856947799583768,1,56.083038049362024,55.910226430738405,0.34562323724723143,55.0,,,55.73741481211479,,55.82906799814295,,55.91022643073839,,55.99138486333384,,56.083038049362024,
908.0,23.992271880819366,23.992271880819366,0.19991436798225723,1,56.10112759404198,55.90996062574421,0.38233393659552206,55.0,,,55.718793657446454,,55.81834431724582,,55.9099606257442,,56.0015769342426,,56.10112759404198,
909.0,24.017690875232773,24.017690875232773,0.2012095234126632,1,56.11843975254184,55.909030059644536,0.4188193857946203,55.0,,,55.69962036674722,,55.80698618726983,,55.909030059644515,,56.01107393201922,,56.11843975254184,
910.0,23.99650837988827,23.99650837988827,0.20246327353848534,1,56.135096408883626,55.90756039047959,0.45507203680806185,55.0,,,55.680024372075565,,55.79512341415965,,55.90756039047958,,56.019997366799544,,56.135096408883626,
911.0,23.985102420856613,23.985102420856613,0.20365821847970783,1,56.15087114845452,55.905328059944146,0.4910861770207333,55.0,,,55.65978497143379,,55.78253601200318,,55.90532805994414,,56.02812010788512,,56.15087114845452,
912.0,23.985102420856613,23.985102420856613,0.20479959074876114,1,56.1658453125748,55.902418977811294,0.5268526695270097,55.0,,,55.63899264304779,,55.76931420477983,,55.90241897781129,,56.035523750842756,,56.1658453125748,
913.0,23.985102420856613,23.985102420856613,0.20589316529229132,1,56.18010644162339,55.89892462726831,0.562363628710159,55.0,,,55.61774281291323,,55.75555337761369,,55.8989246272683,,56.04229587692293,,56.18010644162339,
914.0,23.985102420856613,23.985102420856613,0.20694011055198946,1,56.19367882410854,55.89487257478976,0.5976124986375595,55.0,,,55.59606632547098,,55.74128456981105,,55.89487257478975,,56.04846057976846,,56.19367882410854,
915.0,24.008729050279328,24.008729050279328,0.207941584557777,1,56.206586237861885,55.8902896897035,0.6325930963167608,55.0,,,55.573993141545124,,55.72653793568279,,55.8902896897035,,56.054041443724216,,56.206586237861885,
916.0,24.017690875232773,24.017690875232773,0.2089080442826584,1,56.21897739577193,55.885327593848956,0.6672996038459331,55.0,,,55.551677791926,,55.71146820069137,,55.88532759384896,,56.059186987006555,,56.21897739577193,
917.0,23.985102420856613,23.985102420856613,0.20983463448977224,1,56.23079273386258,55.879928527325525,0.7017284130741075,55.0,,,55.52906432078847,,55.69602007166412,,55.879928527325525,,56.06383698298693,,56.23079273386258,
918.0,23.985102420856613,23.985102420856613,0.21070602334340738,1,56.24183224811981,55.87389473382474,0.7358750285901436,55.0,,,55.50595721952967,,55.67999839367654,,55.87389473382474,,56.06779107397294,,56.24183224811981,
919.0,23.985102420856613,23.985102420856613,0.21153645807217816,1,56.252297018103945,55.8674310043509,0.7697320275061088,55.0,,,55.48256499059784,,55.663611208707735,,55.86743100435089,,56.07125079999404,,56.252297018103945,
920.0,23.985102420856613,23.985102420856613,0.2123270340879738,-1,56.26220827075976,55.86056078356903,0.8032949743814584,55.0,,,55.4589132963783,,55.64688440124073,,55.86056078356903,,56.074237165897316,,56.26220827075976,
921.0,23.985102420856613,23.985102420856613,0.21307883247476006,-1,56.22646545959906,55.853306849493364,0.7463172202113952,55.0,,,55.48014823938767,,55.6524036718459,,55.853306849493364,,56.05421002714082,,56.22646545959906,
922.0,23.985102420856613,23.985102420856613,0.2137929195401435,-1,56.19074925615995,55.84569132091167,0.6901158704965411,55.0,,,55.500633385663406,,55.6576152372613,,55.845691320911676,,56.03376740456204,,56.19074925615995,
923.0,23.999604283054005,23.999604283054005,0.2144703464160396,-1,56.155074701871946,55.83773566532136,0.6346780731011776,55.0,,,55.52039662877077,,55.66252670794147,,55.83773566532136,,56.012944622701234,,56.155074701871946,
924.0,23.996182495344502,23.996182495344502,0.21511786270444277,-1,56.11953346823697,55.82953769856416,0.5799915393456203,55.0,,,55.53954192889135,,55.66722295267108,,55.82953769856417,,55.99185244445724,,56.11953346823697,
925.0,24.013617318435752,24.013617318435752,0.21572929519389114,-1,56.08404074635884,55.82101913671893,0.5260432192798135,55.0,,,55.557997527079024,,55.671613920839675,,55.82101913671893,,55.97042435259818,,56.08404074635884,
926.0,24.017690875232773,24.017690875232773,0.21631389905429266,-1,56.048722254710505,55.812311161452065,0.47282218651688623,55.0,,,55.57590006819362,,55.675819426501974,,55.812311161452065,,55.94880289640214,,56.048722254710505,
927.0,24.017690875232773,24.017690875232773,0.21686724008415442,-1,56.01351590898412,55.803357851949045,0.4203161140701539,55.0,,,55.593199794913964,,55.679773406378445,,55.803357851949045,,55.92694229751963,,56.01351590898412,
928.0,24.017690875232773,24.017690875232773,0.2173886490936614,-1,55.978412310150716,55.79415514732925,0.3685143256429342,55.0,,,55.60989798450778,,55.68346206714675,,55.79415514732925,,55.90484822751174,,55.978412310150716,
929.0,24.017690875232773,24.017690875232773,0.21787908308283796,-1,55.943424424886274,55.78472098025786,0.3174068892568158,55.0,,,55.62601753562946,,55.68689419400077,,55.784720980257866,,55.88254776651496,,55.943424424886274,
930.0,24.017690875232773,24.017690875232773,0.21833948237549533,-1,55.90856480421266,55.7750726964533,0.2669842155187254,55.0,,,55.641580588693934,,55.69007862377817,,55.7750726964533,,55.86006676912842,,55.90856480421266,
931.0,23.985102420856613,23.985102420856613,0.21877077050877253,-1,55.87384558032297,55.76522706505544,0.2172370305350384,55.0,,,55.65660854978793,,55.693024218493186,,55.765227065055456,,55.83742991161772,,55.87384558032297,
932.0,23.985102420856613,23.985102420856613,0.219161011780072,-1,55.83910542469218,55.755027249227986,0.16815635092839187,55.0,,,55.670949073763786,,55.69556680115313,,55.755027249227986,,55.81448769730283,,55.83910542469218,
933.0,24.00449255121043,24.00449255121043,0.21952423147518735,-1,55.80453749919706,55.7446693823814,0.1197362336313148,55.0,,,55.684801265565746,,55.69789500140118,,55.74466938238141,,55.79144376336162,,55.80453749919706,
934.0,23.99129422718808,23.99129422718808,0.21986893987763806,-1,55.77025536488111,55.73427132600241,0.07196807775738989,55.0,,,55.69828728712372,,55.700120403544695,,55.73427132600242,,55.76842224846013,,55.77025536488111,
935.0,24.01687616387337,24.01687616387337,0.22018297449276547,-1,55.74526547763861,55.72367001275198,0.04319092977325312,55.0,,,55.71124907338943,,55.70207454786536,,55.72367001275199,,55.74526547763861,,55.736090952114544,
936.0,23.985102420856613,23.985102420856613,0.22048257390773107,-1,55.72391301720688,55.71308834956434,0.021649335285083282,55.0,,,55.72391301720688,,55.703974689907184,,55.71308834956434,,55.72220200922148,,55.7022636819218,
937.0,23.985102420856613,23.985102420856613,0.2207457249223193,-1,55.73598715058195,55.70222933049752,0.06751564016887102,55.0,,,55.73598715058195,,55.705519418552605,,55.70222933049751,,55.69893924244241,,55.66847151041308,
938.0,23.985102420856613,23.985102420856613,0.2209860386121554,-1,55.747662980344955,55.69128195585866,0.11276204897256292,55.0,,,55.747662980344955,,55.70689250245483,,55.69128195585867,,55.675671409262506,,55.63490093137239,
939.0,23.985102420856613,23.985102420856613,0.22120430010480374,-1,55.758956679010794,55.680258589396885,0.1573961792278169,55.0,,,55.758956679010794,,55.708102134571554,,55.680258589396885,,55.65241504422221,,55.60156049978298,
940.0,23.985102420856613,23.985102420856613,0.22140127771978288,-1,55.76988386548927,55.66917111863309,0.20142549371236385,55.0,,,55.76988386548927,,55.70915638150426,,55.66917111863309,,55.62918585576191,,55.568458371776906,
941.0,23.995367783985103,23.995367783985103,0.22157772307786894,-1,55.78045962200565,55.65803096595291,0.24485731210548778,55.0,,,55.78045962200565,,55.71006317383373,,55.658030965952904,,55.605998758072076,,55.53560230990016,
942.0,24.017690875232773,24.017690875232773,0.22173841570504038,-1,55.790753006389245,55.64690359557326,0.28769882163197735,55.0,,,55.790753006389245,,55.710884793496724,,55.64690359557326,,55.58292239764979,,55.50305418475727,
943.0,24.017690875232773,24.017690875232773,0.2218887355142199,-1,55.800840200352276,55.6358612389994,0.3299579227057734,55.0,,,55.800840200352276,,55.71169079038978,,55.63586123899939,,55.560031687609,,55.4708822776465,
944.0,24.017690875232773,24.017690875232773,0.22202038826713322,-1,55.81061209007226,55.62479042115855,0.37164333782743597,55.0,,,55.81061209007226,,55.71236551803027,,55.62479042115854,,55.53721532428682,,55.438968752244826,
945.0,24.011987895716945,24.011987895716945,0.22213406305548913,-1,55.820081896871685,55.61370100190303,0.4127617899373135,55.0,,,55.820081896871685,,55.71291645163798,,55.61370100190303,,55.51448555216808,,55.40732010693437,
946.0,23.985102420856613,23.985102420856613,0.2222281851942618,-1,55.82923209313343,55.602572139460335,0.45331990734619865,55.0,,,55.82923209313343,,55.713320606658165,,55.602572139460335,,55.4918236722625,,55.37591218578723,
947.0,23.985102420856613,23.985102420856613,0.22229511686797873,-1,55.837963604174625,55.5913017175878,0.49332377317367104,55.0,,,55.837963604174625,,55.71347383690517,,55.5913017175878,,55.46912959827041,,55.344639831000954,
948.0,23.985102420856613,23.985102420856613,0.22234633369068582,-1,55.84643608038266,55.58004721992008,0.5327777209251678,55.0,,,55.84643608038266,,55.71353139137837,,55.58004721992008,,55.44656304846179,,55.31365835945749,
949.0,23.985102420856613,23.985102420856613,0.22238245936055648,-1,55.85466085409421,55.56881672857819,0.571688251032036,55.0,,,55.85466085409421,,55.71349987394066,,55.5688167285782,,55.424133583215735,,55.28297260306218,
950.0,23.985102420856613,23.985102420856613,0.22240410229296065,1,55.862648850462605,55.55761795649745,0.610061787930313,55.0,,,55.862648850462605,,55.71338570712887,,55.55761795649745,,55.40185020586603,,55.25258706253229,
951.0,23.985102420856613,23.985102420856613,0.22241185581806192,1,55.823147870376204,55.54645825754765,0.5533792256571175,55.0,,,55.823147870376204,,55.68956376594836,,55.54645825754765,,55.40335274914695,,55.269768644719086,
952.0,23.985102420856613,23.985102420856613,0.22240629838296622,1,55.784170189638466,55.535344636510175,0.4976511062565834,55.0,,,55.784170189638466,,55.665777020624034,,55.535344636510175,,55.40491225239632,,55.28651908338188,
953.0,23.985102420856613,23.985102420856613,0.22238799375785015,1,55.74571090384116,55.524283758907174,0.4428542898679666,55.0,,,55.74571090384116,,55.64204408720552,,55.524283758907174,,55.406523430608836,,55.30285661397319,
954.0,23.985102420856613,23.985102420856613,0.2223574912455432,1,55.70776527210103,55.5132819606787,0.38896662284467,55.0,,,55.70776527210103,,55.61838236384654,,55.5132819606787,,55.40818155751086,,55.31879864925636,
955.0,23.985102420856613,23.985102420856613,0.2223153258940681,1,55.67032869704451,55.502345257704235,0.33596687868057273,55.0,,,55.67032869704451,,55.59480809645671,,55.50234525770423,,55.40988241895175,,55.33436181836394,
956.0,24.002700186219737,24.002700186219737,0.22226201871168122,1,55.63339670654014,55.491479355165566,0.2838347027491608,55.0,,,55.63339670654014,,55.571336440767425,,55.49147935516556,,55.4116222695637,,55.34956200379098,
957.0,24.017690875232773,24.017690875232773,0.22220501060473544,1,55.59705836299746,55.48078308269114,0.23255056061263701,55.0,,,55.59705836299746,,55.54807494695836,,55.48078308269114,,55.41349121842393,,55.36450780238482,
958.0,24.017690875232773,24.017690875232773,0.22214361374924818,1,55.561290837610294,55.47024374582749,0.18209418356561713,55.0,,,55.561290837610294,,55.52501857977259,,55.47024374582748,,55.41546891188238,,55.37919665404468,
959.0,24.017690875232773,24.017690875232773,0.22207226892920462,1,55.526006433586886,55.45978326872434,0.13244632972510573,55.0,,,55.526006433586886,,55.50209635372412,,55.45978326872433,,55.41747018372455,,55.39356010386178,
960.0,24.00465549348231,24.00465549348231,0.22199144607682914,1,55.491201278710975,55.449406390307594,0.08358977680676105,55.0,,,55.491201278710975,,55.47931983107755,,55.44940639030759,,55.419492949537634,,55.40761150190421,
961.0,23.985102420856613,23.985102420856613,0.22189646462489288,1,55.456802326640464,55.4390483552099,0.035507942861123354,55.0,,,55.456802326640464,,55.45663051901687,,55.4390483552099,,55.42146619140293,,55.42129438377934,
962.0,23.985102420856613,23.985102420856613,0.22178531760997738,1,55.43458876821852,55.42868174067503,0.01181405508697253,55.0,,,55.422774713131545,,55.43400700734988,,55.428681740675025,,55.42335647400018,,55.43458876821852,
963.0,24.017690875232773,24.017690875232773,0.22166631273622722,1,55.44761368045438,55.41841865920302,0.05839004250271529,55.0,,,55.389223637951666,,55.41156705559266,,55.41841865920301,,55.42527026281337,,55.44761368045438,
964.0,24.017690875232773,24.017690875232773,0.2215527088427909,1,55.46055317997246,55.408435670862914,0.10423501821908587,55.0,,,55.35631816175337,,55.38949198672855,,55.40843567086291,,55.427379354997264,,55.46055317997246,
965.0,24.017690875232773,24.017690875232773,0.22143178178692305,1,55.4732387567252,55.39855567071379,0.1493661720228019,55.0,,,55.3238725847024,,55.367608352209714,,55.39855567071379,,55.42950298921787,,55.4732387567252,
966.0,23.995204841713225,23.995204841713225,0.22130392739577207,1,55.485680603415204,55.38878191177243,0.19379738328553486,55.0,,,55.29188322012967,,55.34592336200598,,55.388781911772426,,55.431640461538876,,55.485680603415204,
967.0,23.985102420856613,23.985102420856613,0.2211606682957844,1,55.49776906226889,55.378998022570684,0.23754207939640537,55.0,,,55.26022698287248,,55.32432422644068,,55.37899802257068,,55.433671818700674,,55.49776906226889,
968.0,23.985102420856613,23.985102420856613,0.22100745665982194,1,55.50958338100456,55.3692776711001,0.28061141980891335,55.0,,,55.22897196119565,,55.30288830573036,,55.36927767110009,,55.43566703646983,,55.50958338100456,
969.0,23.985102420856613,23.985102420856613,0.22084872133263264,1,55.52118787980616,55.359679248751696,0.3230172621089267,55.0,,,55.19817061769724,,55.28167708460241,,55.35967924875169,,55.43768141290098,,55.52118787980616,
970.0,24.0030260707635,24.0030260707635,0.22068481043590787,1,55.53259095285778,55.3502049831355,0.36477193944455166,55.0,,,55.16781901341323,,55.26069536487311,,55.35020498313549,,55.43971460139789,,55.53259095285778,
971.0,23.99276070763501,23.99276070763501,0.22052312336787722,1,55.54389577591859,55.34095206676879,0.405887418299578,55.0,,,55.138008357619015,,55.24004262804392,,55.34095206676879,,55.44186150549367,,55.54389577591859,
972.0,23.985102420856613,23.985102420856613,0.2203527228438913,1,55.55495703783666,55.33176865774842,0.4463767601764772,55.0,,,55.10858027766018,,55.2195686943106,,55.33176865774841,,55.44396862118623,,55.55495703783666,
973.0,24.017690875232773,24.017690875232773,0.22017504442418148,1,55.565797877296525,55.32267269493341,0.4862503647262386,55.0,,,55.07954751257029,,55.199293495727886,,55.322672694933395,,55.44605189413892,,55.565797877296525,
974.0,24.017690875232773,24.017690875232773,0.22000632098579861,1,55.576640420731444,55.31388113596665,0.5255185695295665,55.0,,,55.05112185120188,,55.179435691361725,,55.31388113596665,,55.44832658057159,,55.576640420731444,
975.0,24.017690875232773,24.017690875232773,0.2198337221820688,1,55.58731227726586,55.305214953811344,0.5641946469090158,55.0,,,55.02311763035684,,55.1598169344218,,55.305214953811344,,55.4506129732009,,55.58731227726586,
976.0,24.017690875232773,24.017690875232773,0.21965753734662027,1,55.59781995201377,55.29667551431364,0.6022888754002622,55.0,,,54.99553107661351,,55.14043974025946,,55.296675514313634,,55.452911288367815,,55.59781995201377,
977.0,24.017690875232773,24.017690875232773,0.21947804637894675,1,55.608169662370344,55.288264028612026,0.6398112675166416,55.0,,,54.9683583948537,,55.12130628227647,,55.28826402861202,,55.455221774947574,,55.608169662370344,
978.0,24.017690875232773,24.017690875232773,0.2192955199415123,1,55.6183673500982,55.27998155891832,0.6767715823597484,55.0,,,54.94159576773845,,55.10241841067395,,55.279981558918315,,55.4575447071627,,55.6183673500982,
979.0,24.017690875232773,24.017690875232773,0.21911021965488736,1,55.628418692866745,55.27182902415534,0.7131793374227939,55.0,,,54.91523935544395,,55.08377767025036,,55.271829024155345,,55.45988037806033,,55.628418692866745,
980.0,24.017690875232773,24.017690875232773,0.2189223982908449,-1,55.63832911527351,55.26380720545326,0.749043819640498,55.0,,,54.88928529563301,,55.06538531729999,,55.263807205453254,,55.46222909360653,,55.63832911527351,
981.0,24.017690875232773,24.017690875232773,0.2187322999633711,-1,55.601580961162526,55.25591675150671,0.6913284193116382,55.0,,,54.91025254185089,,55.070503754766335,,55.2559167515067,,55.441329748247085,,55.601580961162526,
982.0,23.985102420856613,23.985102420856613,0.21854016031752854,-1,55.565468397011266,55.2481581837949,0.6346204264327255,55.0,,,54.93084797057854,,55.07574911546915,,55.2481581837949,,55.42056725212066,,55.565468397011266,
983.0,23.985102420856613,23.985102420856613,0.21833336500240533,-1,55.529805421349394,55.24035887058371,0.5788931015313565,55.0,,,54.95091231981804,,55.08093773532263,,55.24035887058371,,55.39978000584481,,55.529805421349394,
984.0,23.985102420856613,23.985102420856613,0.2181252581594969,-1,55.49476130958448,55.23269943581975,0.5241237475294795,55.0,,,54.970637562055,,55.08623933753212,,55.23269943581974,,55.37915953410737,,55.49476130958448,
985.0,23.985102420856613,23.985102420856613,0.2179160486027118,-1,55.46032374136365,55.225179867474424,0.47028774777846394,55.0,,,54.99003599358519,,55.09164455839138,,55.22517986747442,,55.35871517655747,,55.46032374136365,
986.0,23.985102420856613,23.985102420856613,0.21770593731563861,-1,55.42648081027316,55.21780004825532,0.41736152403569093,55.0,,,55.00911928623747,,55.09714467581811,,55.21780004825531,,55.33845542069254,,55.42648081027316,
987.0,23.985102420856613,23.985102420856613,0.2174951176351318,-1,55.39322099902495,55.21055976020618,0.3653224776375268,55.0,,,55.02789852138742,,55.10273156484453,,55.21055976020618,,55.31838795556785,,55.39322099902495,
988.0,23.985102420856613,23.985102420856613,0.21728377543232982,-1,55.3605331563489,55.20345868917948,0.3141489343388386,55.0,,,55.04638422201006,,55.10839765608613,,55.20345868917948,,55.298519722272836,,55.3605331563489,
989.0,23.985102420856613,23.985102420856613,0.217072089291098,-1,55.3284064754771,55.196496429183846,0.2638200925865135,55.0,,,55.06458638289059,,55.11413589699642,,55.196496429183846,,55.278856961371275,,55.3284064754771,
990.0,23.985102420856613,23.985102420856613,0.2168602306838877,-1,55.29683047411357,55.189672486608956,0.21431597500922095,55.0,,,55.08251449910435,,55.119939715727966,,55.189672486608956,,55.25940525748996,,55.29683047411357,
991.0,23.985102420856613,23.985102420856613,0.21664836414501087,-1,55.26579497578984,55.182986284330184,0.16561738291930084,55.0,,,55.10017759287054,,55.12580298743105,,55.182986284330184,,55.240169581229324,,55.26579497578984,
992.0,23.985102420856613,23.985102420856613,0.2164366474413246,-1,55.23529009251333,55.17643716569546,0.1177058536357265,55.0,,,55.117584238877605,,55.13172000283211,,55.17643716569547,,55.221154328558825,,55.23529009251333,
993.0,23.985102420856613,23.985102420856613,0.21622523174033137,-1,55.205306208621266,55.17002439839681,0.07056362044891529,55.0,,,55.13474258817235,,55.137685438943954,,55.17002439839681,,55.20236335784967,,55.205306208621266,
994.0,23.985102420856613,23.985102420856613,0.21601426177569713,-1,55.1838000246884,55.16374717822879,0.040105692919233604,55.0,,,55.15166039069886,,55.14369433176917,,55.16374717822879,,55.1838000246884,,55.175833965758706,
995.0,23.985102420856613,23.985102420856613,0.21580387601019005,-1,55.16834501656826,55.157604632736366,0.021480767663803135,55.0,,,55.16834501656826,,55.14974205086698,,55.157604632736366,,55.16546721460574,,55.14686424890446,
996.0,24.01312849162011,24.01312849162011,0.21559420679605068,-1,55.18480347613522,55.151595824754416,0.06641530276159813,55.0,,,55.18480347613522,,55.15582427566189,,55.15159582475443,,55.14736737384696,,55.118388173373624,
997.0,23.985102420856613,23.985102420856613,0.21539642391578687,-1,55.20119123907039,55.145868555959325,0.11064536622213694,55.0,,,55.20119123907039,,55.16208577349828,,55.145868555959325,,55.129651338420366,,55.09054587284825,
998.0,23.9665270018622,23.9665270018622,0.21518831990350396,-1,55.21721195565144,55.14011791254988,0.15418808620311353,55.0,,,55.21721195565144,,55.16821950452771,,55.14011791254989,,55.11201632057207,,55.06302386944833,
999.0,23.95251396648045,23.95251396648045,0.21497397986541064,-1,55.23292708397543,55.13439941000934,0.19705534793220636,55.0,,,55.23292708397543,,55.17427797689513,,55.13439941000934,,55.09452084312354,,55.03587173604323,
1000.0,23.919925512104285,23.919925512104285,0.21475547166127432,-1,55.24836998930721,55.12874026171304,0.23925945518835334,55.0,,,55.24836998930721,,55.18028589689867,,55.12874026171304,,55.07719462652741,,55.009110534118854,
1001.0,23.88033054003725,23.88033054003725,0.21452570957469672,-1,55.26345014871125,55.12304379472083,0.2808127079808358,55.0,,,55.26345014871125,,55.18614445580781,,55.12304379472084,,55.059943133633865,,54.982637440730414,
1002.0,23.82672253258845,23.82672253258845,0.21428232211124149,-1,55.278141568445534,55.11727880903529,0.32172551882048595,55.0,,,55.278141568445534,,55.191820194191905,,55.1172788090353,,55.04273742387869,,54.95641604962505,
1003.0,23.747532588454376,23.747532588454376,0.2140202432541724,-1,55.29238215456173,55.111378428537115,0.3620074520492267,55.0,,,55.29238215456173,,55.19724408763054,,55.11137842853712,,55.02551276944371,,54.9303747025125,
1004.0,23.6122905027933,23.6122905027933,0.21372999547238708,-1,55.306051039482526,55.10521768666522,0.40166670563462503,55.0,,,55.306051039482526,,55.20228898096782,,55.10521768666522,,55.00814639236261,,54.9043843338479,
1005.0,23.526419925512105,23.526419925512105,0.21339042475468753,-1,55.31887144049874,55.09851681068885,0.4407092596197941,55.0,,,55.31887144049874,,55.206672637942745,,55.09851681068885,,54.99036098343495,,54.878162180878945,
1006.0,23.477374301675976,23.477374301675976,0.21302215489908477,-1,55.33113288685125,55.0915645995932,0.4791365745161116,55.0,,,55.33113288685125,,55.210680521172634,,55.0915645995932,,54.972448678013755,,54.85199631233514,
1007.0,23.414641527001866,23.414641527001866,0.21264038526636375,-1,55.343048033661596,55.08457092883348,0.5169542096562338,55.0,,,55.343048033661596,,55.21452042628927,,55.084570928833486,,54.95462143137769,,54.82609382400536,
1008.0,23.35158286778399,23.35158286778399,0.21224024522954732,-1,55.354556312065064,55.07747100839352,0.5541706073430746,55.0,,,55.354556312065064,,55.21812643137617,,55.07747100839354,,54.93681558541088,,54.80038570472199,
1009.0,23.272392923649907,23.272392923649907,0.21182219213839418,-1,55.3656696323252,55.070273146967736,0.5907929707149435,55.0,,,55.3656696323252,,55.22150562411659,,55.070273146967736,,54.91904066981887,,54.77487666161026,
1010.0,23.128026070763504,23.128026070763504,0.2113805263769735,1,55.37631671309126,55.06290252557636,0.6268283750298025,55.0,,,55.37631671309126,,55.22458213660175,,55.06290252557637,,54.90122291455098,,54.74948833806146,
1011.0,23.06073091247672,23.06073091247672,0.2108906607330819,1,55.34125248804235,55.055031342454754,0.5724422911751859,55.0,,,55.34125248804235,,55.20456690897279,,55.05503134245476,,54.90549577593673,,54.768810196867165,
1012.0,23.00223463687151,23.00223463687151,0.21038379549705424,1,55.30662586619862,55.047090106372295,0.5190715196526554,55.0,,,55.30662586619862,,55.1844961468372,,55.047090106372295,,54.909684065907385,,54.78755434654597,
1013.0,22.94895251396648,22.94895251396648,0.20986391167881574,1,55.2724800734669,55.039133873130744,0.4666924006723221,55.0,,,55.2724800734669,,55.164436253737115,,55.039133873130744,,54.91383149252436,,54.80578767279458,
1014.0,22.875791433892,22.875791433892,0.20933350813822377,1,55.238837367578334,55.031196615674716,0.41528150380722195,55.0,,,55.238837367578334,,55.14443149664703,,55.03119661567473,,54.91796173470241,,54.82355586377111,
1015.0,22.73207635009311,22.73207635009311,0.20878532829144675,1,55.20558813435576,55.023180174437655,0.36481591983621087,55.0,,,55.20558813435576,,55.12439309701574,,55.02318017443766,,54.92196725185956,,54.840772214519546,
1016.0,22.667225325884544,22.667225325884544,0.20819276475767642,1,55.17236531830281,55.01472763732752,0.3152753619505759,55.0,,,55.17236531830281,,55.10397320244818,,55.01472763732753,,54.92548207220686,,54.85708995635223,
1017.0,22.627630353817505,22.627630353817505,0.20758742431138283,1,55.13959683214513,55.0062736878953,0.26664628849966476,55.0,,,55.13959683214513,,55.083616336346076,,55.00627368789531,,54.92893103944452,,54.872950543645466,
1018.0,22.531331471135942,22.531331471135942,0.2069795098002084,1,55.10741031425234,54.99795582929549,0.21890896991369857,55.0,,,55.10741031425234,,55.06346745011941,,54.9979558292955,,54.93244420847157,,54.88850134433864,
1019.0,22.477723463687152,22.477723463687152,0.20634748992427962,1,55.07550235448883,54.98948119661635,0.1720423157449673,55.0,,,55.07550235448883,,55.04323997991126,,54.98948119661635,,54.935722413321436,,54.903460038743866,
1020.0,22.358938547486037,22.358938547486037,0.205708499788889,1,55.044099214062136,54.98108383762887,0.12603075286652654,55.0,,,55.044099214062136,,55.023174898877286,,54.98108383762887,,54.93899277638046,,54.91806846119561,
1021.0,22.256936685288643,22.256936685288643,0.20503792865089238,1,55.012858437967886,54.972430582699964,0.08085571053584317,55.0,,,55.012858437967886,,55.00294451108129,,54.972430582699964,,54.94191665431864,,54.93200272743204,
1022.0,22.20153631284916,22.20153631284916,0.2043431446359025,1,54.98265958464833,54.963625880235746,0.038067408825178006,55.0,,,54.98187819971173,,54.98265958464833,,54.963625880235746,,54.94459217582315,,54.94537356075976,
1023.0,22.10034916201117,22.10034916201117,0.20364271032568884,1,54.96257875171308,54.95492290443,0.015311694566172207,55.0,,,54.951404894202724,,54.96257875171308,,54.95492290443,,54.94726705714691,,54.95844091465727,
1024.0,22.07932960893856,22.07932960893856,0.2029195024801011,1,54.97098047723653,54.9460888793707,0.04978319573165635,55.0,,,54.921197281504874,,54.94247327437928,,54.946088879370706,,54.94970448436212,,54.97098047723653,
1025.0,21.97276536312849,21.97276536312849,0.2022047881702678,1,54.983422521950835,54.9375477492981,0.09174954530547552,55.0,,,54.89167297664536,,54.92277165745557,,54.9375477492981,,54.952323841140625,,54.983422521950835,
1026.0,21.89357541899441,21.89357541899441,0.2014660271437774,1,54.99533204539056,54.92885514557819,0.13295379962476517,55.0,,,54.8623782457658,,54.903032066118456,,54.92885514557818,,54.95467822503791,,54.99533204539056,
1027.0,21.81438547486033,21.81438547486033,0.20071438682196133,1,55.00686819832834,54.92016459948534,0.17340719768601076,55.0,,,54.83346100064233,,54.88341195479399,,54.92016459948534,,54.95691724417669,,55.00686819832834,
1028.0,21.767783985102422,21.767783985102422,0.1999503726254391,1,55.01804431262277,54.91148287956397,0.213122866117601,55.0,,,54.80492144650517,,54.863921102178764,,54.91148287956398,,54.95904465694918,,55.01804431262277,
1029.0,21.680935754189957,21.680935754189957,0.19918682492662018,1,55.02903959701796,54.90298282053076,0.2521135529744072,55.0,,,54.776926044043556,,54.84473503008953,,54.90298282053077,,54.961230610971995,,55.02903959701796,
1030.0,21.56215083798882,21.56215083798882,0.19840870412447484,1,55.03965521129622,54.89445810701172,0.2903942085690119,55.0,,,54.74926100272721,,54.82564916720995,,54.89445810701172,,54.96326704681348,,55.03965521129622,
1031.0,21.486708566108007,21.486708566108007,0.19760449061879287,1,55.04974210460559,54.88575402030337,0.327976168604458,55.0,,,54.721765936001134,,54.80651107087313,,54.88575402030337,,54.9649969697336,,55.04974210460559,
1032.0,21.41843575418995,21.41843575418995,0.19679135378693716,1,55.05953952499824,54.877105526477166,0.3648679970421469,55.0,,,54.694671527956096,,54.787558335690846,,54.87710552647717,,54.96665271726349,,55.05953952499824,
1033.0,21.339245810055857,21.339245810055857,0.1959724096961101,1,55.06909421987602,54.868553488862254,0.4010814620275269,55.0,,,54.668012757848494,,54.768833338445965,,54.86855348886226,,54.96827363927856,,55.06909421987602,
1034.0,21.260055865921785,21.260055865921785,0.19514389277300598,1,55.078359509664324,54.8600452211213,0.4366285770860614,55.0,,,54.64173093257826,,54.75028454260483,,54.8600452211213,,54.96980589963776,,55.078359509664324,
1035.0,21.18086592178771,21.18086592178771,0.1943062319303108,1,55.08734571851623,54.851585618310914,0.47152020041062315,55.0,,,54.61582551810561,,54.73191799742022,,54.85158561831092,,54.97125323920162,,55.08734571851623,
1036.0,21.10167597765364,21.10167597765364,0.19345984571092956,1,55.09606280055033,54.84317933688119,0.5057669273382714,55.0,,,54.59029587321206,,54.71373931509909,,54.84317933688119,,54.972619358663295,,55.09606280055033,
1037.0,21.022486033519545,21.022486033519545,0.19260514243687663,1,55.10452035290783,54.834830801501724,0.5393791028121981,55.0,,,54.56514125009563,,54.69575369131269,,54.83483080150173,,54.973907911690766,,55.10452035290783,
1038.0,20.97588454376164,20.97588454376164,0.19174252035904105,1,55.11272762827342,54.82654421176177,0.5723668330233167,55.0,,,54.5403607952501,,54.677965924731744,,54.826544211761764,,54.975122498791784,,55.11272762827342,
1039.0,20.87160148975792,20.87160148975792,0.19088454810644692,1,55.120857665971734,54.818487667828094,0.6047399962872788,55.0,,,54.516117669684455,,54.66054455472247,,54.818487667828094,,54.97643078093372,,55.120857665971734,
1040.0,20.75232774674116,20.75232774674116,0.19000978654023318,-1,55.128622994913805,54.81036764864056,0.6365106925465085,55.0,,,54.492112302367296,,54.64319574266331,,54.81036764864055,,54.97753955461779,,55.128622994913805,
1041.0,20.69969739292365,20.69969739292365,0.18911324741350607,-1,55.09558275633018,54.80211822408171,0.5869290644969354,55.0,,,54.508653691833246,,54.64604353061191,,54.80211822408172,,54.95819291755152,,55.09558275633018,
1042.0,20.625558659217877,20.625558659217877,0.18822043685227474,-1,55.063261453172366,54.79408568138805,0.5383515435686377,55.0,,,54.52490990960373,,54.649073107182765,,54.79408568138805,,54.939098255593336,,55.063261453172366,
1043.0,20.51475791433892,20.51475791433892,0.18732348042194505,-1,55.031534935138474,54.78615953817848,0.490750793919986,55.0,,,54.54078414121849,,54.65216508065833,,54.78615953817848,,54.92015399569864,,55.031534935138474,
1044.0,20.43556797020484,20.43556797020484,0.18640907087193184,-1,55.00020954625577,54.77815834133537,0.4441024098407951,55.0,,,54.55610713641497,,54.65512938216628,,54.77815834133537,,54.901187300504475,,55.00020954625577,
1045.0,20.35637802607076,20.35637802607076,0.18548952801654695,-1,54.96944260454762,54.77024960591674,0.3983859972617765,55.0,,,54.57105660728585,,54.658124861814905,,54.77024960591674,,54.88237435001858,,54.96944260454762,
1046.0,20.27718808193669,20.27718808193669,0.18456517269279157,-1,54.93922547119132,54.76243578715753,0.35357936806758516,55.0,,,54.585646103123736,,54.661146648976676,,54.762435787157536,,54.863724925338396,,54.93922547119132,
1047.0,20.223743016759784,20.223743016759784,0.18363631693973803,-1,54.90954977611065,54.754719172151134,0.30966120791903506,55.0,,,54.599888568191616,,54.66419032549673,,54.75471917215114,,54.84524801880555,,54.90954977611065,
1048.0,20.09664804469274,20.09664804469274,0.1827127652917939,-1,54.880535418876555,54.747229905027,0.2666110276991276,55.0,,,54.61392439117743,,54.66737990969553,,54.747229905027,,54.82707990035846,,54.880535418876555,
1049.0,20.057053072625692,20.057053072625692,0.18176745068552058,-1,54.8518022115945,54.73959868776565,0.22440704765772068,55.0,,,54.62739516393678,,54.6703410387417,,54.73959868776565,,54.80885633678961,,54.8518022115945,
1050.0,19.993016759776538,19.993016759776538,0.18083327026559234,-1,54.82378875814746,54.73227164865434,0.1830342189862364,55.0,,,54.64075453916122,,54.673513780714835,,54.73227164865435,,54.791029516593866,,54.82378875814746,
1051.0,19.94527467411546,19.94527467411546,0.17990118381107267,-1,54.7963563515871,54.725120833910424,0.14247103535337402,55.0,,,54.653885316233726,,54.6767663788592,,54.725120833910424,,54.77347528896165,,54.7963563515871,
1052.0,19.802048417132223,19.802048417132223,0.17897732081772935,-1,54.7695746443454,54.71822527341105,0.10269874186868577,55.0,,,54.66687590247671,,54.6801739828839,,54.718225273411065,,54.75627656393822,,54.7695746443454,
1053.0,19.722858472998134,19.722858472998134,0.1780266599968546,-1,54.742956919054954,54.711107929047685,0.06369798001455962,55.0,,,54.679258939040395,,54.683256395283216,,54.711107929047685,,54.738959462812154,,54.742956919054954,
1054.0,19.64366852886406,19.64366852886406,0.1770734548245447,-1,54.72185994197829,54.704100075766405,0.03551973242376505,55.0,,,54.69137128238481,,54.68634020955452,,54.704100075766405,,54.72185994197829,,54.716828869147975,
1055.0,19.564478584729983,19.564478584729983,0.17611795280724302,-1,54.70498214731453,54.69720283672787,0.015558621173305198,55.0,,,54.70322198048996,,54.689423526141226,,54.69720283672788,,54.70498214731453,,54.69118369296577,
1056.0,19.517877094972057,19.517877094972057,0.1751603939837131,-1,54.714819692256576,54.69041721178377,0.04880496094564535,55.0,,,54.714819692256576,,54.69250465376075,,54.69041721178377,,54.68832976980678,,54.66601473131093,
1057.0,19.430377094972062,19.430377094972062,0.17421289517347488,-1,54.72633283369178,54.68390421002666,0.08485724733024114,55.0,,,54.72633283369178,,54.69574221914981,,54.68390421002667,,54.67206620090353,,54.64147558636154,
1058.0,19.326908752327743,19.326908752327743,0.1732605133567391,-1,54.73756297339414,54.67745697994654,0.12021198689522095,55.0,,,54.73756297339414,,54.69892790439306,,54.67745697994654,,54.65598605550002,,54.61735098649892,
1059.0,19.270041899441345,19.270041899441345,0.17229773191341438,-1,54.74844101943414,54.670999861195284,0.15488231647772466,55.0,,,54.74844101943414,,54.70198404165862,,54.670999861195284,,54.640015680731956,,54.593558702956415,
1060.0,19.1717877094972,19.1717877094972,0.171341891843731,-1,54.759206588025975,54.66476670864047,0.18887975877102292,55.0,,,54.759206588025975,,54.70514242836175,,54.66476670864047,,54.6243909889192,,54.57032682925495,
1061.0,19.08933891992551,19.08933891992551,0.1703780007020014,-1,54.76966051150849,54.65855098769682,0.22221904762335498,55.0,,,54.76966051150849,,54.70819560650965,,54.65855098769682,,54.608906368884,,54.547441463885136,
1062.0,19.010148975791434,19.010148975791434,0.16941214184821704,-1,54.77988997601,54.65243431429726,0.25491132342547473,55.0,,,54.77988997601,,54.711223685330026,,54.65243431429727,,54.59364494326451,,54.52497865258452,
1063.0,18.930959031657363,18.930959031657363,0.1684457130841781,-1,54.789917827366686,54.64643352181109,0.28696861111119176,55.0,,,54.789917827366686,,54.71424250185336,,54.6464335218111,,54.57862454176883,,54.502949216255494,
1064.0,18.85176908752328,18.85176908752328,0.1674789000102604,-1,54.799750188256226,54.64054877018989,0.31840283613269804,55.0,,,54.799750188256226,,54.71725146820599,,54.64054877018989,,54.56384607217378,,54.48134735212353,
1065.0,18.7725791433892,18.7725791433892,0.16651188198672515,-1,54.80939292486104,54.634780132073914,0.34922558557425987,55.0,,,54.80939292486104,,54.720250081017454,,54.634780132073914,,54.54931018313037,,54.46016733928678,
1066.0,18.69338919925512,18.69338919925512,0.16554483226390626,-1,54.818851658152155,54.62912759631005,0.3794481236842273,55.0,,,54.818851658152155,,54.72323791237534,,54.62912759631005,,54.53501728024476,,54.43940353446793,
1067.0,18.614199255121044,18.614199255121044,0.16457791811076128,-1,54.82813177461784,54.62359107137654,0.40908140648259206,55.0,,,54.82813177461784,,54.726214601498,,54.623591071376545,,54.52096754125509,,54.419050368135245,
1068.0,18.555214152700184,18.555214152700184,0.16361130094178772,-1,54.83723843646816,54.618170388716614,0.4381360955031042,55.0,,,54.83723843646816,,54.729179847076,,54.618170388716614,,54.50716093035722,,54.39910234096506,
1069.0,18.48840782122905,18.48840782122905,0.1626523877378821,-1,54.84627429633646,54.61296301097384,0.46662257072522806,55.0,,,54.84627429633646,,54.732231105227285,,54.61296301097385,,54.4936949167204,,54.37965172561123,
1070.0,18.345670391061454,18.345670391061454,0.1616983624340398,-1,54.85520289283082,54.60792668521695,0.49455241522770876,55.0,,,54.85520289283082,,54.73532660084529,,54.60792668521697,,54.48052676958862,,54.36065047760311,
1071.0,18.29743947858473,18.29743947858473,0.16072209355570502,-1,54.86366054271729,54.602692382748124,0.5219363199383054,55.0,,,54.86366054271729,,54.73809773598113,,54.60269238274814,,54.467287029515134,,54.341724222778986,
1072.0,18.21824953445065,18.21824953445065,0.1597580106495777,-1,54.87211761225477,54.59772801142392,0.5487792016616737,55.0,,,54.87211761225477,,54.74101157125908,,54.59772801142393,,54.45444445158877,,54.323338410593095,
1073.0,18.11641061452514,18.11641061452514,0.15879494925253676,-1,54.88042406307575,54.59287768692661,0.5750927522982678,55.0,,,54.88042406307575,,54.74391320332849,,54.59287768692662,,54.44184217052473,,54.30533131077748,
1074.0,18.02728119180633,18.02728119180633,0.1578249660899662,-1,54.88847513389697,54.588032076635805,0.6008861145223179,55.0,,,54.88847513389697,,54.74669379192913,,54.58803207663581,,54.42937036134247,,54.28758901937465,
1075.0,18.005121042830552,18.005121042830552,0.15685289134144598,-1,54.896339465565354,54.58325616785093,0.626166595428856,55.0,,,54.896339465565354,,54.74941849097053,,54.58325616785093,,54.41709384473131,,54.2701728701365,
1076.0,17.87998137802607,17.87998137802607,0.1559027293188854,-1,54.904343124316625,54.57887199008908,0.6509422684550827,55.0,,,54.904343124316625,,54.75240980644822,,54.578871990089084,,54.40533417372994,,54.25340085586154,
1077.0,17.84038640595903,17.84038640595903,0.15493757409370004,-1,54.91198724453295,54.57437435443361,0.6752257801986872,55.0,,,54.91198724453295,,54.755164277871884,,54.57437435443361,,54.393584430995325,,54.236761464334265,
1078.0,17.725512104283062,17.725512104283062,0.15398823594882405,-1,54.91969176073695,54.57018069494086,0.6990221315921872,55.0,,,54.91969176073695,,54.75809928368791,,54.57018069494086,,54.3822621061938,,54.220669629144766,
1079.0,17.599231843575406,17.599231843575406,0.15302784585746967,-1,54.927093983294604,54.56592283403459,0.7223422985200472,55.0,,,54.927093983294604,,54.76084816832218,,54.56592283403458,,54.37099749974698,,54.20475168477456,
1080.0,17.578212290502787,17.578212290502787,0.15205276493186567,1,54.93414887648669,54.5615530377235,0.7451916775263854,55.0,,,54.93414887648669,,54.763363434273,,54.5615530377235,,54.35974264117399,,54.1889571989603,
1081.0,17.486475791433893,17.486475791433893,0.15110061528518443,1,54.90905541426761,54.55758049288145,0.7029498427723411,55.0,,,54.90905541426761,,54.74999813176269,,54.55758049288145,,54.3651628540002,,54.20610557149527,
1082.0,17.426350093109875,17.426350093109875,0.150146096170097,1,54.884445406213075,54.55365626894395,0.6615782745382717,55.0,,,54.884445406213075,,54.73671213820067,,54.553656268943946,,54.37060039968721,,54.2228671316748,
1083.0,17.347160148975785,17.347160148975785,0.14920052708093362,1,54.86045949298916,54.549931910285395,0.6210551654075402,55.0,,,54.86045949298916,,54.72366501870351,,54.549931910285395,,54.376198801867275,,54.23940432758162,
1084.0,17.23733705772812,17.23733705772812,0.14825713506622507,1,54.8369906781453,54.54631211980935,0.5813571166718958,55.0,,,54.8369906781453,,54.71076822959172,,54.54631211980936,,54.381856010026986,,54.2556335614734,
1085.0,17.179818435754193,17.179818435754193,0.14730523903592724,1,54.81388247396475,54.542650866653254,0.5424632146230124,55.0,,,54.81388247396475,,54.69788229932449,,54.542650866653254,,54.387419433982004,,54.27141925934174,
1086.0,17.0770018621974,17.0770018621974,0.14636350152109182,1,54.79137835415254,54.5392004499908,0.5043558083234885,55.0,,,54.79137835415254,,54.685266144649454,,54.53920044999081,,54.39313475533214,,54.28702254582905,
1087.0,16.997811918063313,16.997811918063313,0.14541595585116898,1,54.769248403394485,54.53574147361873,0.4670138595515283,55.0,,,54.769248403394485,,54.67270542575732,,54.53574147361873,,54.39877752148012,,54.30223454384296,
1088.0,16.978584729981378,16.978584729981378,0.14447111892295375,1,54.74759921875897,54.532388868330166,0.43042070085760287,55.0,,,54.74759921875897,,54.66032055525401,,54.53238886833017,,54.40445718140633,,54.31717851790137,
1089.0,16.867621042830542,16.867621042830542,0.14355001103978904,1,54.72670295494348,54.529423715940666,0.39455847800563504,55.0,,,54.72670295494348,,54.648397175273395,,54.52942371594066,,54.41045025660792,,54.33214447693784,
1090.0,16.76024208566108,16.76024208566108,0.14262020597342162,1,54.70610397697467,54.52640127407525,0.35940540579884583,55.0,,,54.70610397697467,,54.6364935251476,,54.52640127407525,,54.41630902300289,,54.34669857117582,
1091.0,16.681052141526997,16.681052141526997,0.14168326177734203,1,54.68581749421622,54.52334369344601,0.3249476015404227,55.0,,,54.68581749421622,,54.62463616386502,,54.52334369344601,,54.42205122302699,,54.360869892675794,
1092.0,16.576443202979515,16.576443202979515,0.14074926005467261,1,54.66597322979762,54.52038752483304,0.2911714099291558,55.0,,,54.66597322979762,,54.61296559924913,,54.52038752483305,,54.42780945041696,,54.374801819868466,
1093.0,16.522509310986965,16.522509310986965,0.13980941941480934,1,54.64644315772266,54.517412397951276,0.2580615195427711,55.0,,,54.64644315772266,,54.601364523544554,,54.517412397951276,,54.43346027235798,,54.38838163817989,
1094.0,16.476070763500935,16.476070763500935,0.13888156381069258,1,54.62746140734714,54.51465885825255,0.22560509818919172,55.0,,,54.62746140734714,,54.59007671583466,,54.51465885825255,,54.43924100067042,,54.40185630915795,
1095.0,16.39688081936685,16.39688081936685,0.13796814604927118,1,54.6090484482107,54.51215547903199,0.19378593835742208,55.0,,,54.6090484482107,,54.579132713787764,,54.512155479031996,,54.44517824427621,,54.41526250985328,
1096.0,16.317690875232774,16.317690875232774,0.13705761768533403,1,54.591035530283186,54.50974160152009,0.16258785752619787,55.0,,,54.591035530283186,,54.56837342626529,,54.5097416015201,,54.451109776774885,,54.42844767275699,
1097.0,16.238500931098702,16.238500931098702,0.13615001733165055,1,54.57341479066524,54.50741593801001,0.13199770531044663,55.0,,,54.57341479066524,,54.557799517695734,,54.50741593801003,,54.45703235832429,,54.44141708535479,
1098.0,16.161592178770952,16.161592178770952,0.13524538086599547,1,54.55617858012228,54.505177189955575,0.10200278033340027,55.0,,,54.55617858012228,,54.547411406648635,,54.50517718995559,,54.46294297326251,,54.45417579978888,
1099.0,16.12199720670391,16.12199720670391,0.13434452845866218,1,54.53933005668669,54.503034652711186,0.07259080795100203,55.0,,,54.53933005668669,,54.53721988702764,,54.50303465271119,,54.46884941839472,,54.466739248735685,
1100.0,16.082402234636874,16.082402234636874,0.1334603336498825,1,54.52739772826637,54.50115984268659,0.052475771159578244,55.0,,,54.52303471813669,,54.52739772826637,,54.5011598426866,,54.474921957106794,,54.47928496723649,
1101.0,16.019506517690882,16.019506517690882,0.13259253535175156,1,54.51793637983383,54.49954383371784,0.03678509223198745,55.0,,,54.507276444251076,,54.51793637983383,,54.499543833717844,,54.48115128760184,,54.491811223184605,
1102.0,15.970623836126626,15.970623836126626,0.13173285071805754,1,54.50871923402566,54.49806979363814,0.021298880775070472,55.0,,,54.49193145503054,,54.50871923402566,,54.49806979363814,,54.48742035325059,,54.50420813224573,
1103.0,15.968342644320298,15.968342644320298,0.13088600317294802,1,54.51654233183156,54.496798498693394,0.03948766627631528,55.0,,,54.477054665555244,,54.499807580604774,,54.49679849869341,,54.493789416782015,,54.51654233183156,
1104.0,15.968342644320298,15.968342644320298,0.13006781415594557,1,54.52902908884849,54.495939033660605,0.06618011037576821,55.0,,,54.46284897847272,,54.49141062043454,,54.49593903366061,,54.50046744688665,,54.52902908884849,
1105.0,15.98708100558659,15.98708100558659,0.1292785493071822,1,54.54167133469245,54.49548665863561,0.09236935211367836,55.0,,,54.449301982578774,,54.48352275813553,,54.49548665863562,,54.507450559135684,,54.54167133469245,
1106.0,16.000931098696462,16.000931098696462,0.1285241202049947,1,54.554547990113484,54.49551280363975,0.11807037294747147,55.0,,,54.43647761716601,,54.47621444142052,,54.49551280363975,,54.51481116585896,,54.554547990113484,
1107.0,16.000931098696462,16.000931098696462,0.12780219146621158,1,54.56762583322998,54.495976335034904,0.14329899639014343,55.0,,,54.42432683683984,,54.469443139547295,,54.49597633503491,,54.522509530522505,,54.56762583322998,
1108.0,16.000931098696462,16.000931098696462,0.12710737651363913,1,54.58083091163235,54.496795837880185,0.16807014750431648,55.0,,,54.41276076412803,,54.463126072636186,,54.496795837880185,,54.53046560312417,,54.58083091163235,
1109.0,16.000931098696462,16.000931098696462,0.12643914622899535,1,54.59415561368376,54.49795699195299,0.19239724346153508,55.0,,,54.401758370222225,,54.45724775438086,,54.49795699195299,,54.538666229525106,,54.59415561368376,
1110.0,16.000931098696462,16.000931098696462,0.1257969731994174,1,54.60759241369726,54.4994457892857,0.21629324882311352,55.0,,,54.39129916487415,,54.451792959443964,,54.4994457892857,,54.547098619127425,,54.60759241369726,
1111.0,16.000931098696462,16.000931098696462,0.12518033192676645,1,54.621133877020505,54.501248530678154,0.23977069268470075,55.0,,,54.381363184335804,,54.446746726682115,,54.501248530678154,,54.55575033467418,,54.621133877020505,
1112.0,16.000931098696462,16.000931098696462,0.1245886990343599,1,54.634772664739295,54.503351822245904,0.26284168498676763,55.0,,,54.37193097975253,,54.442094361901546,,54.50335182224591,,54.56460928259026,,54.634772664739295,
1113.0,16.000931098696462,16.000931098696462,0.12402155347084204,1,54.64850153802029,54.50574257199971,0.2855179320411594,55.0,,,54.36298360597913,,54.437821440173884,,54.50574257199971,,54.57366370382553,,54.64850153802029,
1114.0,16.000931098696462,16.000931098696462,0.12347837671091555,1,54.66231336211189,54.50840798645172,0.3078107513203321,55.0,,,54.354502610791556,,54.433913807739366,,54.50840798645172,,54.58290216516408,,54.66231336211189,
1115.0,16.000931098696462,16.000931098696462,0.12295865295267265,1,54.67620111002105,54.51133556724451,0.32973108555307107,55.0,,,54.346470024467976,,54.43035758352317,,54.511335567244515,,54.592313550965855,,54.67620111002105,
1116.0,16.000931098696462,16.000931098696462,0.12246186931127694,1,54.69015786588283,54.514513107798976,0.35128951616770365,55.0,,,54.33886834971513,,54.42713916028865,,54.51451310779898,,54.60188705530931,,54.69015786588283,
1117.0,16.000931098696462,16.000931098696462,0.12198751600876986,1,54.70417682803823,54.51792868997774,0.3724962761209767,55.0,,,54.33168055191725,,54.4242452054498,,54.517928689977744,,54.61161217450568,,54.70417682803823,
1118.0,16.000931098696462,16.000931098696462,0.12153508655977838,1,54.71825131183504,54.52157068076072,0.39336126214865885,55.0,,,54.32489004968638,,54.42166266156382,,54.52157068076072,,54.621478699957606,,54.71825131183504,
1119.0,16.000931098696462,16.000931098696462,0.12110407795292466,1,54.73237475216558,54.525427728929955,0.4138940464712775,55.0,,,54.318480705694306,,54.41937874652318,,54.525427728929955,,54.63147671133672,,54.73237475216558,
1120.0,16.000931098696462,16.000931098696462,0.12069399082774872,1,54.74654070575422,54.529488761760966,0.4341038879865238,55.0,,,54.3124368177677,,54.41738095346553,,54.529488761760966,,54.64159657005639,,54.74654070575422,
1121.0,16.000931098696462,16.000931098696462,0.12030432964696994,1,54.76074285320695,54.53374298171807,0.45399974297775003,55.0,,,54.3067431102292,,54.415657050418496,,54.533742981718085,,54.65182891301766,,54.76074285320695,
1122.0,16.000931098696462,16.000931098696462,0.11993460286392352,1,54.7749750008346,54.53817986315157,0.473590275366071,55.0,,,54.30138472546853,,54.41419507969539,,54.538179863151576,,54.66216464660775,,54.7749750008346,
1123.0,16.000931098696462,16.000931098696462,0.11958432308503107,1,54.7892310822605,54.54278914899455,0.49288386653191196,55.0,,,54.29634721572859,,54.412983357056916,,54.54278914899455,,54.67259494093217,,54.7892310822605,
1124.0,15.979422718808197,15.979422718808197,0.11925300722716384,1,54.80350515982285,54.54756084745778,0.5118886247301333,55.0,,,54.291616535092714,,54.41201047065298,,54.54756084745779,,54.68311122426258,,54.80350515982285,
1125.0,15.968342644320298,15.968342644320298,0.11893277777455814,1,54.817691732011696,54.55238553495101,0.5306123941213627,55.0,,,54.28707933789033,,54.41116558598796,,54.55238553495102,,54.69360548391407,,54.817691732011696,
1126.0,16.000931098696462,16.000931098696462,0.11862688980481698,1,54.83183663573374,54.55730600044849,0.5490612705704976,55.0,,,54.28277536516324,,54.41049046407593,,54.5573060004485,,54.70412153682105,,54.83183663573374,
1127.0,15.990991620111732,15.990991620111732,0.11834996646717452,1,54.84613828482597,54.562517343584204,0.5672418824835432,55.0,,,54.278896402342426,,54.410178998895496,,54.56251734358421,,54.7148556882729,,54.84613828482597,
1128.0,15.968342644320298,15.968342644320298,0.11808670117032652,1,54.86038927858789,54.56780744528428,0.5851636666072082,55.0,,,54.27522561198068,,54.410017122866684,,54.567807445284295,,54.725597767701885,,54.86038927858789,
1129.0,15.99229515828678,15.99229515828678,0.11783232898297574,1,54.87452691387145,54.57311051122086,0.6028328053011762,55.0,,,54.27169410857027,,54.40993785469998,,54.57311051122087,,54.73628316774174,,54.87452691387145,
1130.0,16.000931098696462,16.000931098696462,0.11760257188840595,-1,54.888765323549784,54.57863811975561,0.6202544075883409,55.0,,,54.26851091596144,,54.41015181565575,,54.57863811975562,,54.747124423855475,,54.888765323549784,
1131.0,15.995554003724395,15.995554003724395,0.11739155669220257,-1,54.878033384515696,54.58430659875243,0.5874535715265452,55.0,,,54.29057981298915,,54.42306935119774,,54.58430659875243,,54.745543846307115,,54.878033384515696,
1132.0,15.980726256983235,15.980726256983235,0.11719396181811137,-1,54.86763506432092,54.59004139887738,0.5551873308870654,55.0,,,54.31244773343386,,54.436066582521214,,54.590041398877396,,54.74401621523357,,54.86763506432092,
1133.0,16.000931098696462,16.000931098696462,0.11700613334635286,-1,54.857511239762175,54.59579194697299,0.5234385855783756,55.0,,,54.3340726541838,,54.449087147793385,,54.595791946972994,,54.7424967461526,,54.857511239762175,
1134.0,16.000931098696462,16.000931098696462,0.1168397865607114,-1,54.847811660835596,54.60171577832731,0.49219176501659234,55.0,,,54.355619895819004,,54.46228304657262,,54.60171577832731,,54.741148510081985,,54.847811660835596,
1135.0,16.000931098696462,16.000931098696462,0.11668741131790848,-1,54.83842287452273,54.60770819978684,0.4614293494717856,55.0,,,54.37699352505094,,54.47554513585843,,54.60770819978684,,54.739871263715244,,54.83842287452273,
1136.0,16.000931098696462,16.000931098696462,0.11654858603023031,-1,54.82933022683777,54.61376214526299,0.43113616314956715,55.0,,,54.3981940636882,,54.488861876474914,,54.61376214526299,,54.73866241405106,,54.82933022683777,
1137.0,16.000931098696462,16.000931098696462,0.11642289498309762,-1,54.820519635124874,54.619870770541255,0.40129772916726125,55.0,,,54.41922190595761,,54.502222301652544,,54.61987077054125,,54.73751923942995,,54.820519635124874,
1138.0,16.000931098696462,16.000931098696462,0.11630992841340453,-1,54.81197756651501,54.62602744985478,0.37190023332045996,55.0,,,54.44007733319455,,54.51561598982299,,54.62602744985479,,54.73643890988658,,54.81197756651501,
1139.0,16.000931098696462,16.000931098696462,0.11620928258213205,-1,54.803691017398464,54.6322257724501,0.34293048989673025,55.0,,,54.46076052750173,,54.52903303894557,,54.632225772450106,,54.735418505954634,,54.803691017398464,
1140.0,15.997672253258848,15.997672253258848,0.1161205598412756,-1,54.79564749385144,54.638459539145416,0.31437590941205684,55.0,,,54.481271584439384,,54.54246404226788,,54.63845953914542,,54.73445503602296,,54.79564749385144,
1141.0,15.978608007448791,15.978608007448791,0.11604224749038308,-1,54.78781988568673,54.64470765160986,0.2862244681537405,55.0,,,54.50159541753299,,54.55588495815694,,54.64470765160987,,54.7335303450628,,54.78781988568673,
1142.0,15.983659217877095,15.983659217877095,0.11596854502515358,-1,54.78012412531943,54.65089166322893,0.25846492418101263,55.0,,,54.52165920113842,,54.56921458119841,,54.65089166322893,,54.732568745259464,,54.78012412531943,
1143.0,15.99262104283054,15.99262104283054,0.11590749389164384,-1,54.772665080126096,54.65712122046434,0.23108771932351146,55.0,,,54.541577360802584,,54.58255973213965,,54.65712122046435,,54.731682708789045,,54.772665080126096,
1144.0,15.96964618249535,15.96964618249535,0.11586003362682373,-1,54.7654490231736,54.66340806272628,0.2040819208946303,55.0,,,54.56136710227897,,54.59593000171969,,54.6634080627263,,54.7308861237329,,54.7654490231736,
1145.0,15.99522811918063,15.99522811918063,0.11581475400548245,-1,54.75831568044053,54.66959728982513,0.17743678123082418,55.0,,,54.58087889920971,,54.60916861001261,,54.669597289825134,,54.730025969637644,,54.75831568044053,
1146.0,15.981052141527002,15.981052141527002,0.11578814709317298,-1,54.75148528572282,54.67591309008195,0.15114439128174695,55.0,,,54.600340894441075,,54.62249744810798,,54.67591309008196,,54.72932873205593,,54.75148528572282,
1147.0,15.981215083798883,15.981215083798883,0.11576601547451762,-1,54.744758403365125,54.68216160865306,0.12519358942414271,55.0,,,54.61956481394098,,54.63572145341083,,54.68216160865307,,54.728601763895284,,54.744758403365125,
1148.0,15.968342644320298,15.968342644320298,0.11575303735014833,-1,54.738195552975604,54.68840723940608,0.0995766271390579,55.0,,,54.638618925836546,,54.64890321801106,,54.68840723940609,,54.7279112608011,,54.738195552975604,
1149.0,15.969483240223466,15.969483240223466,0.11574438761443992,-1,54.73172754240009,54.6945850265148,0.07428503177058587,55.0,,,54.6574425106295,,54.66197640603224,,54.69458502651481,,54.72719364699735,,54.73172754240009,
1150.0,16.000931098696462,16.000931098696462,0.1157446356108066,-1,54.72651334476595,54.70075790844102,0.051510872649856765,55.0,,,54.67610208406155,,54.67500247211609,,54.700757908441034,,54.72651334476595,,54.72541373282049,
1151.0,16.000931098696462,16.000931098696462,0.1157638704227888,-1,54.72600748566797,54.707061926023094,0.037891119289739095,55.0,,,54.69473762710915,,54.68811636637823,,54.707061926023115,,54.72600748566797,,54.719386224937054,
1152.0,16.000931098696462,16.000931098696462,0.11579074558878986,-1,54.725520951996614,54.713341546410525,0.024358811172177752,55.0,,,54.713198493140325,,54.70116214082444,,54.71334154641054,,54.725520951996614,,54.713484599680726,
1153.0,16.000931098696462,16.000931098696462,0.11582494542661698,-1,54.73148445801767,54.719593008892346,0.023782898250665596,55.0,,,54.73148445801767,,54.71413513496918,,54.719593008892346,,54.72505088281549,,54.707701559767,
1154.0,16.000931098696462,16.000931098696462,0.11586616075538134,-1,54.74959531483059,54.725812716325365,0.04756519701044226,55.0,,,54.74959531483059,,54.727030953424055,,54.72581271632538,,54.72459447922669,,54.70203011782015,
1155.0,16.000931098696462,16.000931098696462,0.11591408888554648,-1,54.76753087746055,54.73199723169604,0.07106729152903313,55.0,,,54.76753087746055,,54.73984545496976,,54.73199723169604,,54.72414900842231,,54.69646358593152,
1156.0,16.000931098696462,16.000931098696462,0.11596843360469945,-1,54.78529098379515,54.73814327469387,0.09429541820256304,55.0,,,54.78529098379515,,54.75257474214205,,54.738143274693876,,54.723711807245685,,54.69099556559259,
1157.0,16.000931098696462,16.000931098696462,0.11602890515917003,-1,54.80287549861335,54.7442477182984,0.11725556062990705,55.0,,,54.80287549861335,,54.765215151300815,,54.74424771829841,,54.723280285295985,,54.68561993798345,
1158.0,16.000931098696462,16.000931098696462,0.11609522023161828,-1,54.820284316162564,54.75030758538063,0.13995346156387,55.0,,,54.820284316162564,,54.77776324315368,,54.75030758538064,,54.72285192760758,,54.680330854598694,
1159.0,16.000931098696462,16.000931098696462,0.11616710191472239,-1,54.83751736244729,54.75632004532059,0.1623946342533884,55.0,,,54.83751736244729,,54.79021579370728,,54.7563200453206,,54.72242429693391,,54.6751227281939,
1160.0,16.000931098696462,16.000931098696462,0.11624427968109086,-1,54.85457459724791,54.7622824106424,0.18458437321102394,55.0,,,54.85457459724791,,54.80256978562124,,54.762282410642406,,54.72199503566357,,54.66999022403689,
1161.0,16.000931098696462,16.000931098696462,0.11632648934952786,-1,54.871456015887034,54.768192133668116,0.20652776443783694,55.0,,,54.871456015887034,,54.81482239994138,,54.76819213366812,,54.72156186739486,,54.6649282514492,
1162.0,16.000931098696462,16.000931098696462,0.11641347304778579,-1,54.888161650759876,54.774046803191894,0.22822969513597968,55.0,,,54.888161650759876,,54.82697100819046,,54.774046803191894,,54.72112259819332,,54.6599319556239,
1163.0,16.000931098696462,16.000931098696462,0.11650497917193195,-1,54.9046915726443,54.77984414117564,0.24969486293734633,55.0,,,54.9046915726443,,54.839013164795944,,54.77984414117564,,54.72067511755533,,54.65499670970696,
1164.0,16.000931098696462,16.000931098696462,0.11660076234246182,-1,54.921045891805086,54.78558199946765,0.2709277846748819,55.0,,,54.921045891805086,,54.85094659983573,,54.78558199946765,,54.720217399099575,,54.650118107130204,
1165.0,16.000931098696462,16.000931098696462,0.11670058335728904,-1,54.9372247589063,54.79125835654541,0.2919328047217604,55.0,,,54.9372247589063,,54.86276921208421,,54.79125835654543,,54.71974750100664,,54.645291954184536,
1166.0,16.000931098696462,16.000931098696462,0.11680420914174432,-1,54.95322836574486,54.79687131428394,0.3127141029218663,55.0,,,54.95322836574486,,54.87447906234185,,54.79687131428394,,54.71926356622603,,54.640514262823,
1167.0,15.971438547486038,15.971438547486038,0.11691141269571519,-1,54.96905694581762,54.802419094750725,0.333275702133804,55.0,,,54.96905694581762,,54.88607436703288,,54.802419094750725,,54.71876382246857,,54.635781243683816,
1168.0,15.97225325884544,15.97225325884544,0.117011828441525,-1,54.984574084992396,54.8077633472878,0.35362147540919153,55.0,,,54.984574084992396,,54.897416802315576,,54.8077633472878,,54.71810989226003,,54.630952609583204,
1169.0,16.000931098696462,16.000931098696462,0.11711586251344912,-1,54.99992493181123,54.81304839700256,0.37375306961734367,55.0,,,54.99992493181123,,54.90865022926664,,54.81304839700256,,54.71744656473849,,54.626171862193885,
1170.0,16.000931098696462,16.000931098696462,0.11723288466998405,-1,55.015238795553174,54.81840168928547,0.3936742125354158,55.0,,,55.015238795553174,,54.9199022049878,,54.81840168928547,,54.716901173583146,,54.62156458301776,
1171.0,16.000931098696462,16.000931098696462,0.11735263594752314,-1,55.03037884395291,54.823683614862,0.41339045818182996,55.0,,,55.03037884395291,,54.931033745872675,,54.823683614862,,54.71633348385132,,54.61698838577108,
1172.0,16.000931098696462,16.000931098696462,0.11747491854660287,-1,55.04534552154572,54.828892950198316,0.43290514269481406,55.0,,,55.04534552154572,,54.94204375963886,,54.828892950198316,,54.715742140757776,,54.612440378850906,
1173.0,16.000931098696462,16.000931098696462,0.11759954038369176,-1,55.06013931523823,54.8340285734939,0.4522214834886569,55.0,,,55.06013931523823,,54.952931276179775,,54.8340285734939,,54.71512587080804,,54.607917831749575,
1174.0,16.000931098696462,16.000931098696462,0.11772631502169917,-1,55.074760753995236,54.83908946169013,0.4713425846102055,55.0,,,55.074760753995236,,54.96369544268046,,54.839089461690136,,54.71448348069981,,54.60341816938503,
1175.0,16.000931098696462,16.000931098696462,0.11785506159863235,-1,55.08921040843687,54.844074687514365,0.49027144184501026,55.0,,,55.08921040843687,,54.97433551890877,,54.84407468751437,,54.71381385611997,,54.59893896659186,
1176.0,16.000931098696462,16.000931098696462,0.1179856047545241,-1,55.10348889035335,54.84898341656043,0.5090109475858426,55.0,,,55.10348889035335,,54.98485087267352,,54.84898341656043,,54.71311596044734,,54.594477942767504,
1177.0,16.000931098696462,16.000931098696462,0.11811777455675113,-1,55.11759685214418,54.85381490440636,0.5275638954756303,55.0,,,55.11759685214418,,54.99524097544185,,54.85381490440637,,54.71238883337089,,54.59003295666855,
1178.0,16.000931098696462,16.000931098696462,0.11825140642385165,-1,55.131534986188456,54.85856849377028,0.5459329848363623,55.0,,,55.131534986188456,,55.005505398108255,,54.85856849377028,,54.7116315894323,,54.58560200135209,
1179.0,16.000931098696462,16.000931098696462,0.11838634104796648,-1,55.1453040241522,54.863243611704945,0.5641208248945233,55.0,,,55.1453040241522,,55.0156438069085,,54.863243611704945,,54.71084341650139,,54.58118319925768,
1180.0,16.000931098696462,16.000931098696462,0.1185224243160078,1,55.158904736238746,54.867839766832084,0.5821299388133312,55.0,,,55.158904736238746,,55.02565595947196,,54.867839766832084,,54.710023574192206,,54.576774797425415,
1181.0,16.000931098696462,16.000931098696462,0.11865950722966939,1,55.14715092524768,54.8723565466168,0.5495887572617661,55.0,,,55.14715092524768,,55.02294819843643,,54.8723565466168,,54.72176489479717,,54.59756216798591,
1182.0,16.000931098696462,16.000931098696462,0.11879744582438287,1,55.13554333612451,54.87679361468291,0.5174994428831994,55.0,,,55.13554333612451,,55.020129633596916,,54.87679361468292,,54.73345759576891,,54.618043893241314,
1183.0,16.000931098696462,16.000931098696462,0.11893610108732665,1,55.12407541164283,54.88115070816978,0.4858494069461017,55.0,,,55.12407541164283,,55.017206510116786,,54.88115070816978,,54.74509490622276,,54.638226004696726,
1184.0,16.000931098696462,16.000931098696462,0.11907533887458922,1,55.112740981246,54.88542763513103,0.4546266922299367,55.0,,,55.112740981246,,55.014184705112385,,54.88542763513103,,54.75667056514967,,54.65811428901606,
1185.0,16.000931098696462,16.000931098696462,0.11921502982758476,1,55.101534240187405,54.889624271975904,0.4238199364230084,55.0,,,55.101534240187405,,55.01106975241403,,54.889624271975904,,54.76817879153777,,54.6777143037644,
1186.0,16.000931098696462,16.000931098696462,0.11935504928882017,1,55.09044972979694,54.89374056095342,0.39341833768704504,55.0,,,55.09044972979694,,55.00786686568645,,54.89374056095342,,54.77961425622038,,54.69703139210989,
1187.0,16.000931098696462,16.000931098696462,0.11949527721710734,1,55.07948231880921,54.89777650767994,0.3634116222585462,55.0,,,55.07948231880921,,55.004580960012426,,54.89777650767994,,54.79097205534745,,54.716070696550666,
1188.0,16.000931098696462,16.000931098696462,0.11963559810231038,1,55.06862718569292,54.90173217871044,0.33379001396496477,55.0,,,55.06862718569292,,55.00121667203713,,54.90173217871044,,54.80224768538374,,54.73483717172795,
1189.0,16.000931098696462,16.000931098696462,0.11977590087972029,1,55.05787980192433,54.905607699153734,0.3045442055411911,55.0,,,55.05787980192433,,54.997778378764714,,54.90560769915374,,54.813437019542754,,54.75333559638314,
1190.0,16.000931098696462,16.000931098696462,0.11991607884413857,1,55.04723591615145,54.90940325033208,0.2756653316387414,55.0,,,55.04723591615145,,54.994270215092826,,54.90940325033208,,54.824536285571334,,54.77157058451271,
1191.0,15.99881284916201,15.99881284916201,0.1200560295637585,1,55.03669153919843,54.913119067485184,0.24714494342648408,55.0,,,55.03669153919843,,54.99069609016566,,54.91311906748519,,54.83554204480471,,54.789546595771945,
1192.0,15.977467411545623,15.977467411545623,0.12019492601400089,1,55.02623311017843,54.91674561783442,0.21897498468803178,55.0,,,55.02623311017843,,54.98704988293647,,54.91674561783442,,54.84644135273237,,54.8072581254904,
1193.0,16.000931098696462,16.000931098696462,0.12032607467097847,1,55.01576847883356,54.92019451511949,0.19114792742814046,55.0,,,55.01576847883356,,54.98324641287756,,54.92019451511949,,54.85714261736142,,54.82462055140542,
1194.0,16.000931098696462,16.000931098696462,0.1204649429022369,1,55.00550676613133,54.92367775754133,0.16365801718000483,55.0,,,55.00550676613133,,54.979501012172484,,54.923677757541334,,54.867854502910184,,54.84184874895133,
1195.0,16.000931098696462,16.000931098696462,0.12060321500809183,1,54.99533082299718,54.927082604386406,0.13649643722155247,55.0,,,54.99533082299718,,54.975703209786325,,54.927082604386406,,54.878461998986495,,54.85883438577563,
1196.0,16.000931098696462,16.000931098696462,0.1207408085031608,1,54.98523777342087,54.93040952786608,0.10965649110958253,55.0,,,54.98523777342087,,54.97185599519454,,54.93040952786608,,54.88896306053763,,54.87558128231129,
1197.0,16.000931098696462,16.000931098696462,0.12087764466394864,1,54.97522492883759,54.93365904134104,0.0831317749931273,55.0,,,54.97522492883759,,54.96796220943933,,54.93365904134103,,54.899355873242726,,54.89209315384446,
1198.0,16.000931098696462,16.000931098696462,0.12101364844328971,1,54.96528977783473,54.936831697337155,0.05691616099514363,55.0,,,54.96528977783473,,54.96402455508032,,54.936831697337155,,54.90963883959399,,54.90837361683958,
1199.0,16.000931098696462,16.000931098696462,0.12114874838515131,1,54.960045605452315,54.93992808560648,0.040235039691651764,55.0,,,54.955429976390775,,54.960045605452315,,54.93992808560649,,54.91981056576066,,54.924426194822196,
1200.0,16.000931098696462,16.000931098696462,0.12114874838515131,1,54.95602781327543,54.94294883123289,0.026157964085079755,55.0,,,54.94564333861745,,54.95602781327543,,54.94294883123289,,54.929869849190354,,54.94025432384832,
