curve,data_x,data_y
experiment_current_A,0.0,9.972067039106147
experiment_current_A,0.823045267489712,10.00465549348231
experiment_current_A,1.646090534979424,9.972067039106147
experiment_current_A,2.4691358024691357,10.037243947858475
experiment_current_A,3.292181069958848,9.939478584729983
experiment_current_A,4.11522633744856,9.906890130353819
experiment_current_A,4.938271604938271,9.906890130353819
experiment_current_A,5.761316872427984,9.906890130353819
experiment_current_A,6.584362139917696,9.906890130353819
experiment_current_A,7.407407407407407,9.906890130353819
experiment_current_A,8.23045267489712,9.906890130353819
experiment_current_A,9.053497942386832,9.890595903165735
experiment_current_A,9.876543209876543,9.874301675977655
experiment_current_A,10.699588477366255,9.906890130353819
experiment_current_A,11.522633744855968,9.939478584729983
experiment_current_A,12.345679012345679,9.939478584729983
experiment_current_A,13.168724279835391,9.939478584729983
experiment_current_A,13.991769547325102,9.939478584729983
experiment_current_A,14.814814814814815,9.906890130353819
experiment_current_A,15.637860082304528,9.906890130353819
experiment_current_A,16.46090534979424,9.906890130353819
experiment_current_A,17.28395061728395,9.939478584729983
experiment_current_A,18.106995884773664,9.972067039106147
experiment_current_A,18.930041152263374,10.00465549348231
experiment_current_A,19.753086419753085,10.037243947858475
experiment_current_A,20.5761316872428,10.102420856610802
experiment_current_A,21.39917695473251,10.00465549348231
experiment_current_A,22.22222222222222,9.906890130353819
experiment_current_A,23.045267489711936,9.874301675977655
experiment_current_A,23.868312757201647,9.841713221601491
experiment_current_A,24.691358024691358,9.385474860335197
experiment_current_A,25.51440329218107,9.418063314711361
experiment_current_A,26.337448559670783,9.385474860335197
experiment_current_A,27.160493827160494,9.385474860335197
experiment_current_A,27.983539094650205,9.32029795158287
experiment_current_A,28.80658436213992,9.287709497206706
experiment_current_A,29.62962962962963,9.32029795158287
experiment_current_A,30.45267489711934,9.287709497206706
experiment_current_A,31.275720164609055,9.287709497206706
experiment_current_A,32.098765432098766,9.32029795158287
experiment_current_A,32.92181069958848,9.385474860335197
experiment_current_A,33.74485596707819,9.874301675977655
experiment_current_A,34.5679012345679,9.939478584729983
experiment_current_A,35.390946502057616,9.972067039106147
experiment_current_A,36.21399176954733,9.972067039106147
experiment_current_A,37.03703703703704,9.972067039106147
experiment_current_A,37.86008230452675,9.972067039106147
experiment_current_A,38.68312757201646,10.069832402234638
experiment_current_A,39.50617283950617,9.972067039106147
experiment_current_A,40.32921810699588,9.939478584729983
experiment_current_A,41.1522633744856,9.939478584729983
experiment_current_A,41.97530864197531,9.972067039106147
experiment_current_A,42.79835390946502,10.00465549348231
experiment_current_A,43.62139917695473,10.102420856610802
experiment_current_A,44.44444444444444,10.069832402234638
experiment_current_A,45.267489711934154,10.102420856610802
experiment_current_A,46.09053497942387,10.037243947858475
experiment_current_A,46.91358024691358,10.037243947858475
experiment_current_A,47.73662551440329,10.037243947858475
experiment_current_A,48.559670781893004,10.00465549348231
experiment_current_A,49.382716049382715,10.102420856610802
experiment_current_A,50.205761316872426,10.135009310986966
experiment_current_A,51.02880658436214,10.069832402234638
experiment_current_A,51.851851851851855,10.069832402234638
experiment_current_A,52.674897119341566,10.069832402234638
experiment_current_A,53.49794238683128,9.906890130353819
experiment_current_A,54.32098765432099,9.385474860335197
experiment_current_A,55.1440329218107,9.418063314711361
experiment_current_A,55.96707818930041,9.939478584729983
experiment_current_A,56.79012345679013,9.939478584729983
experiment_current_A,57.61316872427984,9.972067039106147
experiment_current_A,58.43621399176955,9.972067039106147
experiment_current_A,59.25925925925926,10.00465549348231
experiment_current_A,60.08230452674897,10.069832402234638
experiment_current_A,60.90534979423868,10.069832402234638
experiment_current_A,61.72839506172839,10.037243947858475
experiment_current_A,62.55144032921811,10.00465549348231
experiment_current_A,63.37448559670782,10.037243947858475
experiment_current_A,64.19753086419753,10.037243947858475
experiment_current_A,65.02057613168725,10.00465549348231
experiment_current_A,65.84362139917695,9.972067039106147
experiment_current_A,66.66666666666667,10.00465549348231
experiment_current_A,67.48971193415638,10.00465549348231
experiment_current_A,68.3127572016461,10.00465549348231
experiment_current_A,69.1358024691358,10.037243947858475
experiment_current_A,69.95884773662551,9.678770949720672
experiment_current_A,70.78189300411523,9.32029795158287
experiment_current_A,71.60493827160494,9.352886405959033
experiment_current_A,72.42798353909465,9.385474860335197
experiment_current_A,73.25102880658436,9.418063314711361
experiment_current_A,74.07407407407408,9.385474860335197
experiment_current_A,74.89711934156378,9.352886405959033
experiment_current_A,75.7201646090535,9.352886405959033
experiment_current_A,76.54320987654322,9.352886405959033
experiment_current_A,77.36625514403292,9.352886405959033
experiment_current_A,78.18930041152264,9.352886405959033
experiment_current_A,79.01234567901234,9.352886405959033
experiment_current_A,79.83539094650206,9.352886405959033
experiment_current_A,80.65843621399176,9.352886405959033
experiment_current_A,81.48148148148148,9.352886405959033
experiment_current_A,82.3045267489712,9.352886405959033
experiment_current_A,83.1275720164609,9.352886405959033
experiment_current_A,83.95061728395062,9.385474860335197
experiment_current_A,84.77366255144032,9.418063314711361
experiment_current_A,85.59670781893004,9.841713221601491
experiment_current_A,86.41975308641975,9.874301675977655
experiment_current_A,87.24279835390946,9.874301675977655
experiment_current_A,88.06584362139918,9.906890130353819
experiment_current_A,88.88888888888889,9.939478584729983
experiment_current_A,89.7119341563786,9.939478584729983
experiment_current_A,90.53497942386831,9.972067039106147
experiment_current_A,91.35802469135803,9.972067039106147
experiment_current_A,92.18106995884774,9.972067039106147
experiment_current_A,93.00411522633745,9.906890130353819
experiment_current_A,93.82716049382717,9.352886405959033
experiment_current_A,94.65020576131687,9.287709497206706
experiment_current_A,95.47325102880659,9.287709497206706
experiment_current_A,96.29629629629629,9.32029795158287
experiment_current_A,97.11934156378601,9.255121042830542
experiment_current_A,97.94238683127573,9.287709497206706
experiment_current_A,98.76543209876543,9.255121042830542
experiment_current_A,99.58847736625515,9.287709497206706
experiment_current_A,100.41152263374485,9.32029795158287
experiment_current_A,101.23456790123457,9.255121042830542
experiment_current_A,102.05761316872427,9.222532588454378
experiment_current_A,102.88065843621399,9.222532588454378
experiment_current_A,103.70370370370371,9.189944134078214
experiment_current_A,104.52674897119341,9.189944134078214
experiment_current_A,105.34979423868313,9.222532588454378
experiment_current_A,106.17283950617283,9.189944134078214
experiment_current_A,106.99588477366255,9.15735567970205
experiment_current_A,107.81893004115226,9.15735567970205
experiment_current_A,108.64197530864197,9.124767225325886
experiment_current_A,109.46502057613169,9.124767225325886
experiment_current_A,110.2880658436214,9.124767225325886
experiment_current_A,111.11111111111111,9.15735567970205
experiment_current_A,111.93415637860082,9.189944134078214
experiment_current_A,112.75720164609054,9.189944134078214
experiment_current_A,113.58024691358025,9.189944134078214
experiment_current_A,114.40329218106996,9.189944134078214
experiment_current_A,115.22633744855968,9.124767225325886
experiment_current_A,116.04938271604938,9.124767225325886
experiment_current_A,116.8724279835391,9.092178770949722
experiment_current_A,117.6954732510288,9.092178770949722
experiment_current_A,118.51851851851852,9.092178770949722
experiment_current_A,119.34156378600824,9.092178770949722
experiment_current_A,120.16460905349794,9.059590316573559
experiment_current_A,120.98765432098766,9.483240223463689
experiment_current_A,121.81069958847736,9.515828677839853
experiment_current_A,122.63374485596708,9.515828677839853
experiment_current_A,123.45679012345678,9.515828677839853
experiment_current_A,124.2798353909465,9.483240223463689
experiment_current_A,125.10288065843622,9.483240223463689
experiment_current_A,125.92592592592592,9.450651769087525
experiment_current_A,126.74897119341564,8.929236499068903
experiment_current_A,127.57201646090535,8.929236499068903
experiment_current_A,128.39506172839506,9.450651769087525
experiment_current_A,129.21810699588477,9.450651769087525
experiment_current_A,130.0411522633745,8.929236499068903
experiment_current_A,130.8641975308642,8.864059590316575
experiment_current_A,131.6872427983539,8.831471135940411
experiment_current_A,132.5102880658436,8.831471135940411
experiment_current_A,133.33333333333334,8.864059590316575
experiment_current_A,134.15637860082305,8.864059590316575
experiment_current_A,134.97942386831275,8.831471135940411
experiment_current_A,135.80246913580248,8.831471135940411
experiment_current_A,136.6255144032922,8.831471135940411
experiment_current_A,137.4485596707819,8.831471135940411
experiment_current_A,138.2716049382716,8.798882681564248
experiment_current_A,139.09465020576133,8.798882681564248
experiment_current_A,139.91769547325103,8.733705772811916
experiment_current_A,140.74074074074073,8.701117318435752
experiment_current_A,141.56378600823047,8.701117318435752
experiment_current_A,142.38683127572017,8.733705772811916
experiment_current_A,143.20987654320987,8.733705772811916
experiment_current_A,144.03292181069958,8.701117318435752
experiment_current_A,144.8559670781893,8.60335195530726
experiment_current_A,145.679012345679,8.60335195530726
experiment_current_A,146.50205761316872,8.570763500931097
experiment_current_A,147.32510288065845,8.50558659217877
experiment_current_A,148.14814814814815,8.50558659217877
experiment_current_A,148.97119341563786,9.092178770949722
experiment_current_A,149.79423868312756,9.092178770949722
experiment_current_A,150.6172839506173,9.059590316573559
experiment_current_A,151.440329218107,9.027001862197395
experiment_current_A,152.2633744855967,8.99441340782123
experiment_current_A,153.08641975308643,8.99441340782123
experiment_current_A,153.90946502057614,8.99441340782123
experiment_current_A,154.73251028806584,8.99441340782123
experiment_current_A,155.55555555555554,8.99441340782123
experiment_current_A,156.37860082304528,8.99441340782123
experiment_current_A,157.20164609053498,8.472998137802605
experiment_current_A,158.02469135802468,8.244878957169458
experiment_current_A,158.84773662551441,8.310055865921786
experiment_current_A,159.67078189300412,8.375232774674114
experiment_current_A,160.49382716049382,8.277467411545622
experiment_current_A,161.31687242798353,8.277467411545622
experiment_current_A,162.13991769547326,8.244878957169458
experiment_current_A,162.96296296296296,8.34264432029795
experiment_current_A,163.78600823045267,8.831471135940411
experiment_current_A,164.6090534979424,8.864059590316575
experiment_current_A,165.4320987654321,8.864059590316575
experiment_current_A,166.2551440329218,8.864059590316575
experiment_current_A,167.0781893004115,8.89664804469274
experiment_current_A,167.90123456790124,8.929236499068903
experiment_current_A,168.72427983539094,8.929236499068903
experiment_current_A,169.54732510288065,8.89664804469274
experiment_current_A,170.37037037037038,8.89664804469274
experiment_current_A,171.19341563786008,8.733705772811916
experiment_current_A,172.0164609053498,8.75
experiment_current_A,172.8395061728395,8.766294227188084
experiment_current_A,173.66255144032922,8.701117318435752
experiment_current_A,174.48559670781893,8.668528864059589
experiment_current_A,175.30864197530863,8.668528864059589
experiment_current_A,176.13168724279836,8.635940409683425
experiment_current_A,176.95473251028807,8.635940409683425
experiment_current_A,177.77777777777777,8.60335195530726
experiment_current_A,178.6008230452675,8.60335195530726
experiment_current_A,179.4238683127572,8.60335195530726
experiment_current_A,180.2469135802469,8.60335195530726
experiment_current_A,181.06995884773661,8.733705772811916
experiment_current_A,181.89300411522635,8.733705772811916
experiment_current_A,182.71604938271605,8.635940409683425
experiment_current_A,183.53909465020575,7.984171322160147
experiment_current_A,184.3621399176955,7.984171322160147
experiment_current_A,185.1851851851852,7.91899441340782
experiment_current_A,186.0082304526749,7.9515828677839835
experiment_current_A,186.8312757201646,7.9515828677839835
experiment_current_A,187.65432098765433,7.886405959031656
experiment_current_A,188.47736625514403,7.853817504655492
experiment_current_A,189.30041152263374,7.853817504655492
experiment_current_A,190.12345679012347,7.853817504655492
experiment_current_A,190.94650205761317,7.853817504655492
experiment_current_A,191.76954732510288,7.853817504655492
experiment_current_A,192.59259259259258,7.821229050279328
experiment_current_A,193.4156378600823,7.756052141527
experiment_current_A,194.23868312757202,7.756052141527
experiment_current_A,195.06172839506172,7.723463687150836
experiment_current_A,195.88477366255145,7.821229050279328
experiment_current_A,196.70781893004116,8.34264432029795
experiment_current_A,197.53086419753086,8.310055865921786
experiment_current_A,198.35390946502056,8.310055865921786
experiment_current_A,199.1769547325103,8.277467411545622
experiment_current_A,200.0,8.244878957169458
experiment_current_A,200.8230452674897,8.244878957169458
experiment_current_A,201.64609053497944,8.244878957169458
experiment_current_A,202.46913580246914,8.244878957169458
experiment_current_A,203.29218106995884,8.244878957169458
experiment_current_A,204.11522633744855,8.244878957169458
experiment_current_A,204.93827160493828,8.244878957169458
experiment_current_A,205.76131687242798,8.244878957169458
experiment_current_A,206.5843621399177,8.212290502793294
experiment_current_A,207.40740740740742,7.788640595903164
experiment_current_A,208.23045267489712,7.788640595903164
experiment_current_A,209.05349794238683,7.756052141527
experiment_current_A,209.87654320987653,7.625698324022345
experiment_current_A,210.69958847736626,7.364990689013034
experiment_current_A,211.52263374485597,7.397579143389198
experiment_current_A,212.34567901234567,7.430167597765362
experiment_current_A,213.1687242798354,7.560521415270017
experiment_current_A,213.9917695473251,7.658286778398509
experiment_current_A,214.8148148148148,7.756052141527
experiment_current_A,215.6378600823045,7.788640595903164
experiment_current_A,216.46090534979425,7.821229050279328
experiment_current_A,217.28395061728395,8.277467411545622
experiment_current_A,218.10699588477365,8.310055865921786
experiment_current_A,218.93004115226339,8.310055865921786
experiment_current_A,219.7530864197531,8.375232774674114
experiment_current_A,220.5761316872428,8.375232774674114
experiment_current_A,221.3991769547325,8.34264432029795
experiment_current_A,222.22222222222223,8.34264432029795
experiment_current_A,223.04526748971193,7.756052141527
experiment_current_A,223.86831275720164,7.6908752327746726
experiment_current_A,224.69135802469137,7.658286778398509
experiment_current_A,225.51440329218107,7.658286778398509
experiment_current_A,226.33744855967078,7.6908752327746726
experiment_current_A,227.1604938271605,7.756052141527
experiment_current_A,227.9835390946502,8.310055865921786
experiment_current_A,228.80658436213992,8.277467411545622
experiment_current_A,229.62962962962962,8.440409683426441
experiment_current_A,230.45267489711935,8.375232774674114
experiment_current_A,231.27572016460906,8.244878957169458
experiment_current_A,232.09876543209876,8.07107386716325
experiment_current_A,232.9218106995885,7.897268777157045
experiment_current_A,233.7448559670782,7.723463687150836
experiment_current_A,234.5679012345679,7.723463687150836
experiment_current_A,235.3909465020576,7.6908752327746726
experiment_current_A,236.21399176954733,7.723463687150836
experiment_current_A,237.03703703703704,7.723463687150836
experiment_current_A,237.86008230452674,7.723463687150836
experiment_current_A,238.68312757201647,8.277467411545622
experiment_current_A,239.50617283950618,8.310055865921786
experiment_current_A,240.32921810699588,8.310055865921786
experiment_current_A,241.15226337448559,8.310055865921786
experiment_current_A,241.97530864197532,8.310055865921786
experiment_current_A,242.79835390946502,8.277467411545622
experiment_current_A,243.62139917695472,8.277467411545622
experiment_current_A,244.44444444444446,8.277467411545622
experiment_current_A,245.26748971193416,8.310055865921786
experiment_current_A,246.09053497942386,8.310055865921786
experiment_current_A,246.91358024691357,8.310055865921786
experiment_current_A,247.7366255144033,8.34264432029795
experiment_current_A,248.559670781893,8.310055865921786
experiment_current_A,249.3827160493827,8.310055865921786
experiment_current_A,250.20576131687244,8.310055865921786
experiment_current_A,251.02880658436214,8.310055865921786
experiment_current_A,251.85185185185185,7.788640595903164
experiment_current_A,252.67489711934155,7.756052141527
experiment_current_A,253.49794238683128,7.788640595903164
experiment_current_A,254.320987654321,7.821229050279328
experiment_current_A,255.1440329218107,7.821229050279328
experiment_current_A,255.96707818930042,7.804934823091248
experiment_current_A,256.7901234567901,7.788640595903164
experiment_current_A,257.61316872427983,7.788640595903164
experiment_current_A,258.43621399176953,7.756052141527
experiment_current_A,259.25925925925924,7.625698324022345
experiment_current_A,260.082304526749,7.6908752327746726
experiment_current_A,260.9053497942387,7.593109869646181
experiment_current_A,261.7283950617284,7.723463687150836
experiment_current_A,262.5514403292181,7.756052141527
experiment_current_A,263.3744855967078,8.212290502793294
experiment_current_A,264.1975308641975,8.244878957169458
experiment_current_A,265.0205761316872,7.756052141527
experiment_current_A,265.843621399177,7.723463687150836
experiment_current_A,266.6666666666667,7.756052141527
experiment_current_A,267.4897119341564,7.756052141527
experiment_current_A,268.3127572016461,7.788640595903164
experiment_current_A,269.1358024691358,7.788640595903164
experiment_current_A,269.9588477366255,7.821229050279328
experiment_current_A,270.7818930041152,7.821229050279328
experiment_current_A,271.60493827160496,8.033054003724395
experiment_current_A,272.42798353909467,8.244878957169458
experiment_current_A,273.2510288065844,8.244878957169458
experiment_current_A,274.0740740740741,7.756052141527
experiment_current_A,274.8971193415638,7.756052141527
experiment_current_A,275.7201646090535,7.658286778398509
experiment_current_A,276.5432098765432,7.756052141527
experiment_current_A,277.36625514403295,7.821229050279328
experiment_current_A,278.18930041152265,7.756052141527
experiment_current_A,279.01234567901236,7.756052141527
experiment_current_A,279.83539094650206,7.756052141527
experiment_current_A,280.65843621399176,7.756052141527
experiment_current_A,281.48148148148147,7.723463687150836
experiment_current_A,282.30452674897117,7.723463687150836
experiment_current_A,283.12757201646093,7.756052141527
experiment_current_A,283.95061728395063,7.756052141527
experiment_current_A,284.77366255144034,7.756052141527
experiment_current_A,285.59670781893004,7.756052141527
experiment_current_A,286.41975308641975,7.756052141527
experiment_current_A,287.24279835390945,7.756052141527
experiment_current_A,288.06584362139915,7.788640595903164
experiment_current_A,288.8888888888889,7.788640595903164
experiment_current_A,289.7119341563786,7.788640595903164
experiment_current_A,290.5349794238683,7.788640595903164
experiment_current_A,291.358024691358,7.788640595903164
experiment_current_A,292.18106995884773,7.756052141527
experiment_current_A,293.00411522633743,7.756052141527
experiment_current_A,293.82716049382714,7.756052141527
experiment_current_A,294.6502057613169,7.821229050279328
experiment_current_A,295.4732510288066,8.212290502793294
experiment_current_A,296.2962962962963,8.212290502793294
experiment_current_A,297.119341563786,8.244878957169458
experiment_current_A,297.9423868312757,8.244878957169458
experiment_current_A,298.7654320987654,7.788640595903164
experiment_current_A,299.5884773662551,7.821229050279328
experiment_current_A,300.4115226337449,7.853817504655492
experiment_current_A,301.2345679012346,8.34264432029795
experiment_current_A,302.0576131687243,8.472998137802605
experiment_current_A,302.880658436214,8.440409683426441
experiment_current_A,303.7037037037037,8.472998137802605
experiment_current_A,304.5267489711934,8.472998137802605
experiment_current_A,305.3497942386831,8.472998137802605
experiment_current_A,306.17283950617286,8.50558659217877
experiment_current_A,306.99588477366257,8.50558659217877
experiment_current_A,307.81893004115227,8.50558659217877
experiment_current_A,308.641975308642,8.50558659217877
experiment_current_A,309.4650205761317,8.50558659217877
experiment_current_A,310.2880658436214,8.50558659217877
experiment_current_A,311.1111111111111,8.570763500931097
experiment_current_A,311.93415637860085,8.570763500931097
experiment_current_A,312.75720164609055,8.60335195530726
experiment_current_A,313.58024691358025,8.60335195530726
experiment_current_A,314.40329218106996,8.635940409683425
experiment_current_A,315.22633744855966,8.668528864059589
experiment_current_A,316.04938271604937,8.668528864059589
experiment_current_A,316.87242798353907,8.668528864059589
experiment_current_A,317.69547325102883,8.668528864059589
experiment_current_A,318.51851851851853,8.17970204841713
experiment_current_A,319.34156378600824,8.114525139664803
experiment_current_A,320.16460905349794,8.114525139664803
experiment_current_A,320.98765432098764,8.114525139664803
experiment_current_A,321.81069958847735,8.114525139664803
experiment_current_A,322.63374485596705,8.147113594040967
experiment_current_A,323.4567901234568,8.17970204841713
experiment_current_A,324.2798353909465,8.17970204841713
experiment_current_A,325.1028806584362,8.212290502793294
experiment_current_A,325.9259259259259,8.212290502793294
experiment_current_A,326.7489711934156,8.244878957169458
experiment_current_A,327.57201646090533,8.277467411545622
experiment_current_A,328.39506172839504,8.34264432029795
experiment_current_A,329.2181069958848,8.310055865921786
experiment_current_A,330.0411522633745,8.310055865921786
experiment_current_A,330.8641975308642,8.34264432029795
experiment_current_A,331.6872427983539,8.375232774674114
experiment_current_A,332.5102880658436,8.407821229050278
experiment_current_A,333.3333333333333,8.375232774674114
experiment_current_A,334.156378600823,8.375232774674114
experiment_current_A,334.9794238683128,8.407821229050278
experiment_current_A,335.8024691358025,8.375232774674114
experiment_current_A,336.6255144032922,8.375232774674114
experiment_current_A,337.4485596707819,8.440409683426441
experiment_current_A,338.2716049382716,8.472998137802605
experiment_current_A,339.0946502057613,8.50558659217877
experiment_current_A,339.917695473251,8.538175046554933
experiment_current_A,340.74074074074076,8.570763500931097
experiment_current_A,341.56378600823047,8.635940409683425
experiment_current_A,342.38683127572017,8.60335195530726
experiment_current_A,343.2098765432099,8.58705772811918
experiment_current_A,344.0329218106996,8.570763500931097
experiment_current_A,344.8559670781893,8.570763500931097
experiment_current_A,345.679012345679,8.880353817504655
experiment_current_A,346.50205761316874,9.189944134078214
experiment_current_A,347.32510288065845,9.189944134078214
experiment_current_A,348.14814814814815,9.287709497206706
experiment_current_A,348.97119341563786,9.287709497206706
experiment_current_A,349.79423868312756,8.831471135940411
experiment_current_A,350.61728395061726,8.798882681564248
experiment_current_A,351.440329218107,8.766294227188084
experiment_current_A,352.2633744855967,8.766294227188084
experiment_current_A,353.08641975308643,8.766294227188084
experiment_current_A,353.90946502057614,8.766294227188084
experiment_current_A,354.73251028806584,8.766294227188084
experiment_current_A,355.55555555555554,8.798882681564248
experiment_current_A,356.37860082304525,8.831471135940411
experiment_current_A,357.201646090535,8.89664804469274
experiment_current_A,358.0246913580247,8.929236499068903
experiment_current_A,358.8477366255144,8.929236499068903
experiment_current_A,359.6707818930041,8.89664804469274
experiment_current_A,360.4938271604938,8.99441340782123
experiment_current_A,361.3168724279835,9.58100558659218
experiment_current_A,362.13991769547323,9.646182495344508
experiment_current_A,362.962962962963,9.678770949720672
experiment_current_A,363.7860082304527,9.678770949720672
experiment_current_A,364.6090534979424,9.646182495344508
experiment_current_A,365.4320987654321,9.646182495344508
experiment_current_A,366.2551440329218,9.678770949720672
experiment_current_A,367.0781893004115,9.678770949720672
experiment_current_A,367.9012345679012,9.678770949720672
experiment_current_A,368.724279835391,9.678770949720672
experiment_current_A,369.5473251028807,9.678770949720672
experiment_current_A,370.3703703703704,9.711359404096836
experiment_current_A,371.1934156378601,9.776536312849164
experiment_current_A,372.0164609053498,9.743947858473
experiment_current_A,372.8395061728395,9.743947858473
experiment_current_A,373.6625514403292,9.776536312849164
experiment_current_A,374.48559670781896,9.743947858473
experiment_current_A,375.30864197530866,9.287709497206706
experiment_current_A,376.13168724279836,9.255121042830542
experiment_current_A,376.95473251028807,9.255121042830542
experiment_current_A,377.77777777777777,9.255121042830542
experiment_current_A,378.6008230452675,9.255121042830542
experiment_current_A,379.4238683127572,9.255121042830542
experiment_current_A,380.24691358024694,9.287709497206706
experiment_current_A,381.06995884773664,9.287709497206706
experiment_current_A,381.89300411522635,9.287709497206706
experiment_current_A,382.71604938271605,9.32029795158287
experiment_current_A,383.53909465020575,9.385474860335197
experiment_current_A,384.36213991769546,9.418063314711361
experiment_current_A,385.18518518518516,9.450651769087525
experiment_current_A,386.0082304526749,9.483240223463689
experiment_current_A,386.8312757201646,9.483240223463689
experiment_current_A,387.65432098765433,9.483240223463689
experiment_current_A,388.47736625514403,9.515828677839853
experiment_current_A,389.30041152263374,9.548417132216017
experiment_current_A,390.12345679012344,9.58100558659218
experiment_current_A,390.94650205761315,9.58100558659218
experiment_current_A,391.7695473251029,9.613594040968344
experiment_current_A,392.5925925925926,9.646182495344508
experiment_current_A,393.4156378600823,9.678770949720672
experiment_current_A,394.238683127572,9.678770949720672
experiment_current_A,395.0617283950617,9.972067039106147
experiment_current_A,395.8847736625514,10.265363128491622
experiment_current_A,396.7078189300411,10.297951582867785
experiment_current_A,397.5308641975309,10.297951582867785
experiment_current_A,398.3539094650206,10.33054003724395
experiment_current_A,399.1769547325103,10.363128491620113
experiment_current_A,400.0,10.363128491620113
experiment_current_A,400.8230452674897,10.363128491620113
experiment_current_A,401.6460905349794,10.395716945996277
experiment_current_A,402.4691358024691,10.395716945996277
experiment_current_A,403.2921810699589,10.395716945996277
experiment_current_A,404.1152263374486,10.395716945996277
experiment_current_A,404.9382716049383,10.428305400372441
experiment_current_A,405.761316872428,10.460893854748605
experiment_current_A,406.5843621399177,10.460893854748605
experiment_current_A,407.4074074074074,10.460893854748605
experiment_current_A,408.2304526748971,10.493482309124769
experiment_current_A,409.05349794238685,10.493482309124769
experiment_current_A,409.87654320987656,10.493482309124769
experiment_current_A,410.69958847736626,10.493482309124769
experiment_current_A,411.52263374485597,10.526070763500933
experiment_current_A,412.34567901234567,10.526070763500933
experiment_current_A,413.1687242798354,10.526070763500933
experiment_current_A,413.9917695473251,9.939478584729983
experiment_current_A,414.81481481481484,9.972067039106147
experiment_current_A,415.63786008230454,10.037243947858475
experiment_current_A,416.46090534979425,10.069832402234638
experiment_current_A,417.28395061728395,10.102420856610802
experiment_current_A,418.10699588477365,10.102420856610802
experiment_current_A,418.93004115226336,10.102420856610802
experiment_current_A,419.75308641975306,10.102420856610802
experiment_current_A,420.5761316872428,10.102420856610802
experiment_current_A,421.3991769547325,10.102420856610802
experiment_current_A,422.22222222222223,10.102420856610802
experiment_current_A,423.04526748971193,10.102420856610802
experiment_current_A,423.86831275720164,10.200186219739294
experiment_current_A,424.69135802469134,10.249068901303538
experiment_current_A,425.51440329218104,10.297951582867785
experiment_current_A,426.3374485596708,10.297951582867785
experiment_current_A,427.1604938271605,10.265363128491622
experiment_current_A,427.9835390946502,10.265363128491622
experiment_current_A,428.8065843621399,10.297951582867785
experiment_current_A,429.6296296296296,10.33054003724395
experiment_current_A,430.4526748971193,10.265363128491622
experiment_current_A,431.275720164609,10.297951582867785
experiment_current_A,432.0987654320988,10.33054003724395
experiment_current_A,432.9218106995885,10.395716945996277
experiment_current_A,433.7448559670782,10.460893854748605
experiment_current_A,434.5679012345679,10.493482309124769
experiment_current_A,435.3909465020576,10.493482309124769
experiment_current_A,436.2139917695473,10.493482309124769
experiment_current_A,437.037037037037,10.493482309124769
experiment_current_A,437.86008230452677,10.493482309124769
experiment_current_A,438.6831275720165,10.526070763500933
experiment_current_A,439.5061728395062,10.526070763500933
experiment_current_A,440.3292181069959,11.112662942271882
experiment_current_A,441.1522633744856,11.112662942271882
experiment_current_A,441.9753086419753,11.145251396648046
experiment_current_A,442.798353909465,11.17783985102421
experiment_current_A,443.62139917695475,11.17783985102421
experiment_current_A,444.44444444444446,11.17783985102421
experiment_current_A,445.26748971193416,11.210428305400374
experiment_current_A,446.09053497942386,11.210428305400374
experiment_current_A,446.91358024691357,11.308193668528865
experiment_current_A,447.7366255144033,11.405959031657357
experiment_current_A,448.559670781893,11.471135940409685
experiment_current_A,449.38271604938274,11.405959031657357
experiment_current_A,450.20576131687244,11.34078212290503
experiment_current_A,451.02880658436214,10.786778398510243
experiment_current_A,451.85185185185185,10.75418994413408
experiment_current_A,452.67489711934155,10.786778398510243
experiment_current_A,453.49794238683126,10.786778398510243
experiment_current_A,454.320987654321,10.75418994413408
experiment_current_A,455.1440329218107,10.721601489757916
experiment_current_A,455.9670781893004,11.43854748603352
experiment_current_A,456.7901234567901,11.471135940409685
experiment_current_A,457.61316872427983,11.471135940409685
experiment_current_A,458.43621399176953,11.503724394785849
experiment_current_A,459.25925925925924,11.634078212290504
experiment_current_A,460.082304526749,11.862197392923651
experiment_current_A,460.9053497942387,11.862197392923651
experiment_current_A,461.7283950617284,11.78072625698324
experiment_current_A,462.5514403292181,11.699255121042832
experiment_current_A,463.3744855967078,11.634078212290504
experiment_current_A,464.1975308641975,11.634078212290504
experiment_current_A,465.0205761316872,11.634078212290504
experiment_current_A,465.843621399177,11.666666666666668
experiment_current_A,466.6666666666667,11.666666666666668
experiment_current_A,467.4897119341564,11.666666666666668
experiment_current_A,468.3127572016461,11.634078212290504
experiment_current_A,469.1358024691358,11.17783985102421
experiment_current_A,469.9588477366255,11.112662942271882
experiment_current_A,470.7818930041152,11.112662942271882
experiment_current_A,471.60493827160496,11.210428305400374
experiment_current_A,472.42798353909467,11.797020484171323
experiment_current_A,473.2510288065844,11.829608938547487
experiment_current_A,474.0740740740741,11.992551210428307
experiment_current_A,474.8971193415638,11.927374301675979
experiment_current_A,475.7201646090535,11.894785847299815
experiment_current_A,476.5432098765432,11.862197392923651
experiment_current_A,477.36625514403295,11.829608938547487
experiment_current_A,478.18930041152265,11.275605214152701
experiment_current_A,479.01234567901236,11.373370577281193
experiment_current_A,479.83539094650206,11.34078212290503
experiment_current_A,480.65843621399176,11.894785847299815
experiment_current_A,481.48148148148147,11.862197392923651
experiment_current_A,482.30452674897117,11.373370577281193
experiment_current_A,483.12757201646093,11.275605214152701
experiment_current_A,483.95061728395063,11.243016759776538
experiment_current_A,484.77366255144034,11.308193668528865
experiment_current_A,485.59670781893004,11.373370577281193
experiment_current_A,486.41975308641975,11.405959031657357
experiment_current_A,487.24279835390945,11.43854748603352
experiment_current_A,488.06584362139915,11.471135940409685
experiment_current_A,488.8888888888889,11.471135940409685
experiment_current_A,489.7119341563786,11.536312849162012
experiment_current_A,490.5349794238683,11.568901303538176
experiment_current_A,491.358024691358,11.60148975791434
experiment_current_A,492.18106995884773,11.60148975791434
experiment_current_A,493.00411522633743,11.60148975791434
experiment_current_A,493.82716049382714,11.634078212290504
experiment_current_A,494.6502057613169,11.666666666666668
experiment_current_A,495.4732510288066,12.18808193668529
experiment_current_A,496.2962962962963,12.220670391061454
experiment_current_A,497.119341563786,12.253258845437617
experiment_current_A,497.9423868312757,12.253258845437617
experiment_current_A,498.7654320987654,12.285847299813781
experiment_current_A,499.5884773662551,12.318435754189945
experiment_current_A,500.4115226337449,12.318435754189945
experiment_current_A,501.2345679012346,12.318435754189945
experiment_current_A,502.0576131687243,12.318435754189945
experiment_current_A,502.880658436214,12.285847299813781
experiment_current_A,503.7037037037037,12.253258845437617
experiment_current_A,504.5267489711934,12.220670391061454
experiment_current_A,505.3497942386831,12.220670391061454
experiment_current_A,506.17283950617286,12.220670391061454
experiment_current_A,506.99588477366257,12.220670391061454
experiment_current_A,507.81893004115227,11.829608938547487
experiment_current_A,508.641975308642,11.797020484171323
experiment_current_A,509.4650205761317,12.220670391061454
experiment_current_A,510.2880658436214,12.253258845437617
experiment_current_A,511.1111111111111,12.253258845437617
experiment_current_A,511.93415637860085,12.285847299813781
experiment_current_A,512.7572016460905,12.285847299813781
experiment_current_A,513.5802469135803,12.318435754189945
experiment_current_A,514.40329218107,12.318435754189945
experiment_current_A,515.2263374485597,12.318435754189945
experiment_current_A,516.0493827160494,12.351024208566109
experiment_current_A,516.8724279835391,12.383612662942273
experiment_current_A,517.6954732510288,12.4487895716946
experiment_current_A,518.5185185185185,12.4487895716946
experiment_current_A,519.3415637860082,12.481378026070765
experiment_current_A,520.164609053498,12.416201117318437
experiment_current_A,520.9876543209876,12.383612662942273
experiment_current_A,521.8106995884774,12.285847299813781
experiment_current_A,522.633744855967,11.731843575418996
experiment_current_A,523.4567901234568,11.699255121042832
experiment_current_A,524.2798353909465,11.666666666666668
experiment_current_A,525.1028806584362,11.666666666666668
experiment_current_A,525.925925925926,11.699255121042832
experiment_current_A,526.7489711934156,11.699255121042832
experiment_current_A,527.5720164609054,11.76443202979516
experiment_current_A,528.395061728395,12.383612662942273
experiment_current_A,529.2181069958848,12.318435754189945
experiment_current_A,530.0411522633744,12.318435754189945
experiment_current_A,530.8641975308642,12.351024208566109
experiment_current_A,531.687242798354,12.318435754189945
experiment_current_A,532.5102880658436,12.318435754189945
experiment_current_A,533.3333333333334,12.318435754189945
experiment_current_A,534.156378600823,12.285847299813781
experiment_current_A,534.9794238683128,12.318435754189945
experiment_current_A,535.8024691358024,12.318435754189945
experiment_current_A,536.6255144032922,12.318435754189945
experiment_current_A,537.448559670782,12.285847299813781
experiment_current_A,538.2716049382716,12.318435754189945
experiment_current_A,539.0946502057614,12.253258845437617
experiment_current_A,539.917695473251,12.318435754189945
experiment_current_A,540.7407407407408,12.351024208566109
experiment_current_A,541.5637860082304,12.285847299813781
experiment_current_A,542.3868312757202,12.285847299813781
experiment_current_A,543.2098765432099,12.285847299813781
experiment_current_A,544.0329218106996,12.318435754189945
experiment_current_A,544.8559670781893,12.318435754189945
experiment_current_A,545.679012345679,12.318435754189945
experiment_current_A,546.5020576131687,12.318435754189945
experiment_current_A,547.3251028806584,12.318435754189945
experiment_current_A,548.1481481481482,12.285847299813781
experiment_current_A,548.9711934156379,12.285847299813781
experiment_current_A,549.7942386831276,11.76443202979516
experiment_current_A,550.6172839506173,11.634078212290504
experiment_current_A,551.440329218107,11.568901303538176
experiment_current_A,552.2633744855967,11.60148975791434
experiment_current_A,553.0864197530864,11.699255121042832
experiment_current_A,553.9094650205761,11.699255121042832
experiment_current_A,554.7325102880659,11.731843575418996
experiment_current_A,555.5555555555555,11.76443202979516
experiment_current_A,556.3786008230453,11.76443202979516
experiment_current_A,557.201646090535,12.318435754189945
experiment_current_A,558.0246913580247,12.416201117318437
experiment_current_A,558.8477366255144,12.416201117318437
experiment_current_A,559.6707818930041,12.416201117318437
experiment_current_A,560.4938271604939,12.416201117318437
experiment_current_A,561.3168724279835,12.416201117318437
experiment_current_A,562.1399176954733,12.416201117318437
experiment_current_A,562.9629629629629,12.383612662942273
experiment_current_A,563.7860082304527,12.383612662942273
experiment_current_A,564.6090534979423,12.351024208566109
experiment_current_A,565.4320987654321,12.253258845437617
experiment_current_A,566.2551440329219,11.797020484171323
experiment_current_A,567.0781893004115,11.797020484171323
experiment_current_A,567.9012345679013,11.797020484171323
experiment_current_A,568.7242798353909,11.797020484171323
experiment_current_A,569.5473251028807,11.797020484171323
experiment_current_A,570.3703703703703,11.797020484171323
experiment_current_A,571.1934156378601,11.797020484171323
experiment_current_A,572.0164609053498,11.797020484171323
experiment_current_A,572.8395061728395,12.220670391061454
experiment_current_A,573.6625514403293,12.253258845437617
experiment_current_A,574.4855967078189,12.285847299813781
experiment_current_A,575.3086419753087,12.285847299813781
experiment_current_A,576.1316872427983,12.285847299813781
experiment_current_A,576.9547325102881,12.318435754189945
experiment_current_A,577.7777777777778,12.318435754189945
experiment_current_A,578.6008230452675,12.318435754189945
experiment_current_A,579.4238683127572,12.318435754189945
experiment_current_A,580.2469135802469,12.36731843575419
experiment_current_A,581.0699588477366,12.416201117318437
experiment_current_A,581.8930041152263,12.4487895716946
experiment_current_A,582.716049382716,12.481378026070765
experiment_current_A,583.5390946502058,12.481378026070765
experiment_current_A,584.3621399176955,12.4487895716946
experiment_current_A,585.1851851851852,12.416201117318437
experiment_current_A,586.0082304526749,12.416201117318437
experiment_current_A,586.8312757201646,12.416201117318437
experiment_current_A,587.6543209876543,12.481378026070765
experiment_current_A,588.477366255144,12.481378026070765
experiment_current_A,589.3004115226338,12.351024208566109
experiment_current_A,590.1234567901234,12.318435754189945
experiment_current_A,590.9465020576132,12.351024208566109
experiment_current_A,591.7695473251028,12.383612662942273
experiment_current_A,592.5925925925926,12.253258845437617
experiment_current_A,593.4156378600823,11.943668528864059
experiment_current_A,594.238683127572,11.634078212290504
experiment_current_A,595.0617283950618,11.76443202979516
experiment_current_A,595.8847736625514,11.78072625698324
experiment_current_A,596.7078189300412,11.797020484171323
experiment_current_A,597.5308641975308,11.731843575418996
experiment_current_A,598.3539094650206,11.731843575418996
experiment_current_A,599.1769547325102,11.731843575418996
experiment_current_A,600.0,11.699255121042832
experiment_current_A,600.8230452674898,11.666666666666668
experiment_current_A,601.6460905349794,11.666666666666668
experiment_current_A,602.4691358024692,11.61235257603973
experiment_current_A,603.2921810699588,11.558038485412787
experiment_current_A,604.1152263374486,11.503724394785849
experiment_current_A,604.9382716049382,11.471135940409685
experiment_current_A,605.761316872428,11.78072625698324
experiment_current_A,606.5843621399177,12.090316573556798
experiment_current_A,607.4074074074074,12.155493482309126
experiment_current_A,608.2304526748972,12.155493482309126
experiment_current_A,609.0534979423868,12.122905027932962
experiment_current_A,609.8765432098766,12.090316573556798
experiment_current_A,610.6995884773662,11.275605214152701
experiment_current_A,611.522633744856,11.145251396648046
experiment_current_A,612.3456790123457,11.01489757914339
experiment_current_A,613.1687242798354,10.982309124767227
experiment_current_A,613.9917695473251,10.982309124767227
experiment_current_A,614.8148148148148,10.949720670391063
experiment_current_A,615.6378600823045,10.949720670391063
experiment_current_A,616.4609053497942,11.666666666666668
experiment_current_A,617.283950617284,11.634078212290504
experiment_current_A,618.1069958847737,11.60148975791434
experiment_current_A,618.9300411522634,11.60148975791434
experiment_current_A,619.7530864197531,11.536312849162012
experiment_current_A,620.5761316872428,11.503724394785849
experiment_current_A,621.3991769547325,11.405959031657357
experiment_current_A,622.2222222222222,11.373370577281193
experiment_current_A,623.0452674897119,10.851955307262571
experiment_current_A,623.8683127572017,10.75418994413408
experiment_current_A,624.6913580246913,10.721601489757916
experiment_current_A,625.5144032921811,11.275605214152701
experiment_current_A,626.3374485596707,11.275605214152701
experiment_current_A,627.1604938271605,11.243016759776538
experiment_current_A,627.9835390946502,11.243016759776538
experiment_current_A,628.8065843621399,11.210428305400374
experiment_current_A,629.6296296296297,11.17783985102421
experiment_current_A,630.4526748971193,11.145251396648046
experiment_current_A,631.2757201646091,11.112662942271882
experiment_current_A,632.0987654320987,11.112662942271882
experiment_current_A,632.9218106995885,11.047486033519554
experiment_current_A,633.7448559670781,10.982309124767227
experiment_current_A,634.5679012345679,10.949720670391063
experiment_current_A,635.3909465020577,10.297951582867785
experiment_current_A,636.2139917695473,10.265363128491622
experiment_current_A,637.0370370370371,10.16759776536313
experiment_current_A,637.8600823045267,10.135009310986966
experiment_current_A,638.6831275720165,10.135009310986966
experiment_current_A,639.5061728395061,10.102420856610802
experiment_current_A,640.3292181069959,10.102420856610802
experiment_current_A,641.1522633744856,10.037243947858475
experiment_current_A,641.9753086419753,9.906890130353819
experiment_current_A,642.798353909465,9.874301675977655
experiment_current_A,643.6213991769547,9.841713221601491
experiment_current_A,644.4444444444445,9.841713221601491
experiment_current_A,645.2674897119341,9.809124767225327
experiment_current_A,646.0905349794239,9.809124767225327
experiment_current_A,646.9135802469136,9.809124767225327
experiment_current_A,647.7366255144033,9.809124767225327
experiment_current_A,648.559670781893,10.428305400372441
experiment_current_A,649.3827160493827,10.428305400372441
experiment_current_A,650.2057613168724,10.395716945996277
experiment_current_A,651.0288065843621,10.297951582867785
experiment_current_A,651.8518518518518,9.678770949720672
experiment_current_A,652.6748971193416,9.613594040968344
experiment_current_A,653.4979423868313,9.515828677839853
experiment_current_A,654.320987654321,9.483240223463689
experiment_current_A,655.1440329218107,9.450651769087525
experiment_current_A,655.9670781893004,9.418063314711361
experiment_current_A,656.7901234567901,10.069832402234638
experiment_current_A,657.6131687242798,10.037243947858475
experiment_current_A,658.4362139917696,10.00465549348231
experiment_current_A,659.2592592592592,9.972067039106147
experiment_current_A,660.082304526749,9.972067039106147
experiment_current_A,660.9053497942386,9.939478584729983
experiment_current_A,661.7283950617284,9.939478584729983
experiment_current_A,662.551440329218,9.874301675977655
experiment_current_A,663.3744855967078,9.841713221601491
experiment_current_A,664.1975308641976,9.711359404096836
experiment_current_A,665.0205761316872,9.743947858473
experiment_current_A,665.843621399177,9.711359404096836
experiment_current_A,666.6666666666666,9.711359404096836
experiment_current_A,667.4897119341564,9.678770949720672
experiment_current_A,668.312757201646,9.548417132216017
experiment_current_A,669.1358024691358,9.613594040968344
experiment_current_A,669.9588477366256,9.515828677839853
experiment_current_A,670.7818930041152,8.831471135940411
experiment_current_A,671.604938271605,8.798882681564248
experiment_current_A,672.4279835390946,8.766294227188084
experiment_current_A,673.2510288065844,8.733705772811916
experiment_current_A,674.074074074074,8.701117318435752
experiment_current_A,674.8971193415638,8.668528864059589
experiment_current_A,675.7201646090535,8.635940409683425
experiment_current_A,676.5432098765432,8.60335195530726
experiment_current_A,677.366255144033,8.538175046554933
experiment_current_A,678.1893004115226,8.50558659217877
experiment_current_A,679.0123456790124,8.50558659217877
experiment_current_A,679.835390946502,8.472998137802605
experiment_current_A,680.6584362139918,8.472998137802605
experiment_current_A,681.4814814814815,8.440409683426441
experiment_current_A,682.3045267489712,8.440409683426441
experiment_current_A,683.1275720164609,9.027001862197395
experiment_current_A,683.9506172839506,8.99441340782123
experiment_current_A,684.7736625514403,8.961824953445067
experiment_current_A,685.59670781893,8.929236499068903
experiment_current_A,686.4197530864197,8.89664804469274
experiment_current_A,687.2427983539095,8.864059590316575
experiment_current_A,688.0658436213992,8.831471135940411
experiment_current_A,688.8888888888889,8.766294227188084
experiment_current_A,689.7119341563786,8.081936685288639
experiment_current_A,690.5349794238683,8.049348230912475
experiment_current_A,691.358024691358,8.016759776536311
experiment_current_A,692.1810699588477,7.984171322160147
experiment_current_A,693.0041152263375,8.016759776536311
experiment_current_A,693.8271604938271,8.570763500931097
experiment_current_A,694.6502057613169,8.668528864059589
experiment_current_A,695.4732510288065,8.668528864059589
experiment_current_A,696.2962962962963,8.570763500931097
experiment_current_A,697.119341563786,8.50558659217877
experiment_current_A,697.9423868312757,8.375232774674114
experiment_current_A,698.7654320987655,7.756052141527
experiment_current_A,699.5884773662551,7.723463687150836
experiment_current_A,700.4115226337449,7.723463687150836
experiment_current_A,701.2345679012345,7.756052141527
experiment_current_A,702.0576131687243,7.821229050279328
experiment_current_A,702.880658436214,7.756052141527
experiment_current_A,703.7037037037037,7.756052141527
experiment_current_A,704.5267489711935,7.723463687150836
experiment_current_A,705.3497942386831,7.593109869646181
experiment_current_A,706.1728395061729,7.625698324022345
experiment_current_A,706.9958847736625,7.625698324022345
experiment_current_A,707.8189300411523,7.560521415270017
experiment_current_A,708.641975308642,7.658286778398509
experiment_current_A,709.4650205761317,8.244878957169458
experiment_current_A,710.2880658436214,8.277467411545622
experiment_current_A,711.1111111111111,8.277467411545622
experiment_current_A,711.9341563786008,8.310055865921786
experiment_current_A,712.7572016460905,8.310055865921786
experiment_current_A,713.5802469135803,8.310055865921786
experiment_current_A,714.40329218107,8.34264432029795
experiment_current_A,715.2263374485597,8.375232774674114
experiment_current_A,716.0493827160494,8.375232774674114
experiment_current_A,716.8724279835391,8.34264432029795
experiment_current_A,717.6954732510288,8.310055865921786
experiment_current_A,718.5185185185185,8.277467411545622
experiment_current_A,719.3415637860082,7.788640595903164
experiment_current_A,720.164609053498,7.788640595903164
experiment_current_A,720.9876543209876,7.6908752327746726
experiment_current_A,721.8106995884774,7.6908752327746726
experiment_current_A,722.633744855967,7.723463687150836
experiment_current_A,723.4567901234568,7.723463687150836
experiment_current_A,724.2798353909465,7.756052141527
experiment_current_A,725.1028806584362,7.756052141527
experiment_current_A,725.925925925926,7.723463687150836
experiment_current_A,726.7489711934156,7.723463687150836
experiment_current_A,727.5720164609054,7.6908752327746726
experiment_current_A,728.395061728395,7.6908752327746726
experiment_current_A,729.2181069958848,7.6908752327746726
experiment_current_A,730.0411522633744,7.723463687150836
experiment_current_A,730.8641975308642,7.723463687150836
experiment_current_A,731.687242798354,7.723463687150836
experiment_current_A,732.5102880658436,7.756052141527
experiment_current_A,733.3333333333334,8.016759776536311
experiment_current_A,734.156378600823,8.277467411545622
experiment_current_A,734.9794238683128,8.310055865921786
experiment_current_A,735.8024691358024,8.310055865921786
experiment_current_A,736.6255144032922,7.723463687150836
experiment_current_A,737.448559670782,8.310055865921786
experiment_current_A,738.2716049382716,7.6908752327746726
experiment_current_A,739.0946502057614,7.658286778398509
experiment_current_A,739.917695473251,7.723463687150836
experiment_current_A,740.7407407407408,7.756052141527
experiment_current_A,741.5637860082304,7.756052141527
experiment_current_A,742.3868312757202,7.788640595903164
experiment_current_A,743.2098765432099,8.277467411545622
experiment_current_A,744.0329218106996,8.407821229050278
experiment_current_A,744.8559670781893,8.34264432029795
experiment_current_A,745.679012345679,8.310055865921786
experiment_current_A,746.5020576131687,8.310055865921786
experiment_current_A,747.3251028806584,8.375232774674114
experiment_current_A,748.1481481481482,8.375232774674114
experiment_current_A,748.9711934156379,8.375232774674114
experiment_current_A,749.7942386831276,8.375232774674114
experiment_current_A,750.6172839506173,8.375232774674114
experiment_current_A,751.440329218107,8.375232774674114
experiment_current_A,752.2633744855967,8.375232774674114
experiment_current_A,753.0864197530864,8.34264432029795
experiment_current_A,753.9094650205761,8.375232774674114
experiment_current_A,754.7325102880659,8.375232774674114
experiment_current_A,755.5555555555555,8.375232774674114
experiment_current_A,756.3786008230453,8.375232774674114
experiment_current_A,757.201646090535,8.407821229050278
experiment_current_A,758.0246913580247,8.375232774674114
experiment_current_A,758.8477366255144,8.407821229050278
experiment_current_A,759.6707818930041,8.375232774674114
experiment_current_A,760.4938271604939,8.375232774674114
experiment_current_A,761.3168724279835,8.34264432029795
experiment_current_A,762.1399176954733,8.310055865921786
experiment_current_A,762.9629629629629,8.277467411545622
experiment_current_A,763.7860082304527,8.244878957169458
experiment_current_A,764.6090534979423,8.244878957169458
experiment_current_A,765.4320987654321,8.244878957169458
experiment_current_A,766.2551440329219,8.244878957169458
experiment_current_A,767.0781893004115,8.244878957169458
experiment_current_A,767.9012345679013,8.277467411545622
experiment_current_A,768.7242798353909,8.277467411545622
experiment_current_A,769.5473251028807,8.277467411545622
experiment_current_A,770.3703703703703,8.244878957169458
experiment_current_A,771.1934156378601,8.244878957169458
experiment_current_A,772.0164609053498,7.788640595903164
experiment_current_A,772.8395061728395,7.756052141527
experiment_current_A,773.6625514403293,7.756052141527
experiment_current_A,774.4855967078189,7.723463687150836
experiment_current_A,775.3086419753087,7.6908752327746726
experiment_current_A,776.1316872427983,7.6908752327746726
experiment_current_A,776.9547325102881,7.6908752327746726
experiment_current_A,777.7777777777778,7.6908752327746726
experiment_current_A,778.6008230452675,7.723463687150836
experiment_current_A,779.4238683127572,7.756052141527
experiment_current_A,780.2469135802469,8.244878957169458
experiment_current_A,781.0699588477366,8.277467411545622
experiment_current_A,781.8930041152263,8.34264432029795
experiment_current_A,782.716049382716,8.375232774674114
experiment_current_A,783.5390946502058,8.375232774674114
experiment_current_A,784.3621399176955,8.310055865921786
experiment_current_A,785.1851851851852,7.723463687150836
experiment_current_A,786.0082304526749,7.593109869646181
experiment_current_A,786.8312757201646,7.593109869646181
experiment_current_A,787.6543209876543,7.625698324022345
experiment_current_A,788.477366255144,7.625698324022345
experiment_current_A,789.3004115226338,7.625698324022345
experiment_current_A,790.1234567901234,7.527932960893853
experiment_current_A,790.9465020576132,7.495344506517689
experiment_current_A,791.7695473251028,7.4627560521415255
experiment_current_A,792.5925925925926,7.4627560521415255
experiment_current_A,793.4156378600823,7.495344506517689
experiment_current_A,794.238683127572,7.625698324022345
experiment_current_A,795.0617283950618,7.723463687150836
experiment_current_A,795.8847736625514,7.756052141527
experiment_current_A,796.7078189300412,7.788640595903164
experiment_current_A,797.5308641975308,7.788640595903164
experiment_current_A,798.3539094650206,7.788640595903164
experiment_current_A,799.1769547325102,7.821229050279328
experiment_current_A,800.0,7.821229050279328
experiment_current_A,800.8230452674898,7.821229050279328
experiment_current_A,801.6460905349794,7.853817504655492
experiment_current_A,802.4691358024692,7.821229050279328
experiment_current_A,803.2921810699588,7.9459641687536084
experiment_current_A,804.1152263374486,8.070699287227896
experiment_current_A,804.9382716049382,8.195434405702176
experiment_current_A,805.761316872428,8.320169524176457
experiment_current_A,806.5843621399177,8.444904642650744
experiment_current_A,807.4074074074074,8.569639761125025
experiment_current_A,808.2304526748972,8.694374879599305
experiment_current_A,809.0534979423868,8.81910999807359
experiment_current_A,809.8765432098766,8.94384511654787
experiment_current_A,810.6995884773662,9.06858023502215
experiment_current_A,811.522633744856,9.193315353496438
experiment_current_A,812.3456790123457,9.318050471970718
experiment_current_A,813.1687242798354,9.442785590444998
experiment_current_A,813.9917695473251,9.567520708919286
experiment_current_A,814.8148148148148,9.692255827393566
experiment_current_A,815.6378600823045,9.81699094586785
experiment_current_A,816.4609053497942,9.94172606434213
experiment_current_A,817.283950617284,10.066461182816411
experiment_current_A,818.1069958847737,10.191196301290692
experiment_current_A,818.9300411522634,10.31593141976498
experiment_current_A,819.7530864197531,10.44066653823926
experiment_current_A,820.5761316872428,10.565401656713547
experiment_current_A,821.3991769547325,10.690136775187824
experiment_current_A,822.2222222222222,10.814871893662104
experiment_current_A,823.0452674897119,10.939607012136392
experiment_current_A,823.8683127572017,11.064342130610672
experiment_current_A,824.6913580246913,11.189077249084953
experiment_current_A,825.5144032921811,11.31381236755924
experiment_current_A,826.3374485596707,11.43854748603352
experiment_current_A,827.1604938271605,11.576421716086521
experiment_current_A,827.9835390946502,11.714295946139522
experiment_current_A,828.8065843621399,11.852170176192523
experiment_current_A,829.6296296296297,11.990044406245524
experiment_current_A,830.4526748971193,12.127918636298528
experiment_current_A,831.2757201646091,12.265792866351525
experiment_current_A,832.0987654320987,12.403667096404526
experiment_current_A,832.9218106995885,12.541541326457526
experiment_current_A,833.7448559670781,12.67941555651053
experiment_current_A,834.5679012345679,12.817289786563528
experiment_current_A,835.3909465020577,12.955164016616528
experiment_current_A,836.2139917695473,13.09303824666953
experiment_current_A,837.0370370370371,13.230912476722533
experiment_current_A,837.8600823045267,13.580074487895718
experiment_current_A,838.6831275720165,13.929236499068903
experiment_current_A,839.5061728395061,14.278398510242084
experiment_current_A,840.3292181069959,14.627560521415269
experiment_current_A,841.1522633744856,14.976722532588454
experiment_current_A,841.9753086419753,15.325884543761635
experiment_current_A,842.798353909465,15.675046554934823
experiment_current_A,843.6213991769547,14.371508379888269
experiment_current_A,844.4444444444445,14.436685288640597
experiment_current_A,845.2674897119341,14.46927374301676
experiment_current_A,846.0905349794239,14.631092275091504
experiment_current_A,846.9135802469136,14.792910807166248
experiment_current_A,847.7366255144033,14.954729339240991
experiment_current_A,848.559670781893,15.116547871315738
experiment_current_A,849.3827160493827,15.278366403390482
experiment_current_A,850.2057613168724,15.440184935465226
experiment_current_A,851.0288065843621,15.60200346753997
experiment_current_A,851.8518518518518,15.76382199961472
experiment_current_A,852.6748971193416,15.925640531689464
experiment_current_A,853.4979423868313,16.08745906376421
experiment_current_A,854.320987654321,16.249277595838954
experiment_current_A,855.1440329218107,16.411096127913698
experiment_current_A,855.9670781893004,16.57291465998844
experiment_current_A,856.7901234567901,16.734733192063185
experiment_current_A,857.6131687242798,16.896551724137932
experiment_current_A,858.4362139917696,17.058370256212676
experiment_current_A,859.2592592592592,17.22018878828742
experiment_current_A,860.082304526749,17.382007320362163
experiment_current_A,860.9053497942386,17.543825852436907
experiment_current_A,861.7283950617284,17.70564438451165
experiment_current_A,862.551440329218,17.867462916586405
experiment_current_A,863.3744855967078,18.02928144866115
experiment_current_A,864.1975308641976,18.191099980735892
experiment_current_A,865.0205761316872,18.352918512810636
experiment_current_A,865.843621399177,18.51473704488538
experiment_current_A,866.6666666666666,18.676555576960126
experiment_current_A,867.4897119341564,18.83837410903487
experiment_current_A,868.312757201646,19.000192641109614
experiment_current_A,869.1358024691358,19.162011173184357
experiment_current_A,869.9588477366256,19.3238297052591
experiment_current_A,870.7818930041152,19.485648237333848
experiment_current_A,871.604938271605,19.647466769408588
experiment_current_A,872.4279835390946,19.809285301483335
experiment_current_A,873.2510288065844,19.971103833558082
experiment_current_A,874.074074074074,20.132922365632826
experiment_current_A,874.8971193415638,20.29474089770757
experiment_current_A,875.7201646090535,20.456559429782317
experiment_current_A,876.5432098765432,20.61837796185706
experiment_current_A,877.366255144033,20.780196493931804
experiment_current_A,878.1893004115226,20.94201502600655
experiment_current_A,879.0123456790124,21.1038335580813
experiment_current_A,879.835390946502,21.26565209015604
experiment_current_A,880.6584362139918,21.427470622230786
experiment_current_A,881.4814814814815,21.58928915430553
experiment_current_A,882.3045267489712,21.751107686380273
experiment_current_A,883.1275720164609,21.912926218455016
experiment_current_A,883.9506172839506,22.07474475052976
experiment_current_A,884.7736625514403,22.236563282604507
experiment_current_A,885.59670781893,22.398381814679254
experiment_current_A,886.4197530864197,22.560200346753998
experiment_current_A,887.2427983539095,22.72201887882874
experiment_current_A,888.0658436213992,22.88383741090349
experiment_current_A,888.8888888888889,23.04565594297823
experiment_current_A,889.7119341563786,23.207474475052976
experiment_current_A,890.5349794238683,23.369293007127723
experiment_current_A,891.358024691358,23.531111539202467
experiment_current_A,892.1810699588477,23.69293007127721
experiment_current_A,893.0041152263375,23.854748603351958
experiment_current_A,893.8271604938271,23.887337057728118
experiment_current_A,894.6502057613169,22.518621973929235
experiment_current_A,895.4732510288065,22.486033519553075
experiment_current_A,896.2962962962963,23.333333333333336
experiment_current_A,897.119341563786,24.180633147113596
experiment_current_A,897.9423868312757,24.180633147113596
experiment_current_A,898.7654320987655,24.213221601489757
experiment_current_A,899.5884773662551,24.245810055865924
experiment_current_A,900.4115226337449,24.278398510242084
experiment_current_A,901.2345679012345,24.343575418994412
experiment_current_A,902.0576131687243,24.343575418994412
experiment_current_A,902.880658436214,24.37616387337058
experiment_current_A,903.7037037037037,24.506517690875235
experiment_current_A,904.5267489711935,24.506517690875235
experiment_current_A,905.3497942386831,24.441340782122907
experiment_current_A,906.1728395061729,24.441340782122907
experiment_current_A,906.9958847736625,24.343575418994412
experiment_current_A,907.8189300411523,24.343575418994412
experiment_current_A,908.641975308642,23.756983240223462
experiment_current_A,909.4650205761317,24.180633147113596
experiment_current_A,910.2880658436214,23.78957169459963
experiment_current_A,911.1111111111111,23.756983240223462
experiment_current_A,911.9341563786008,23.756983240223462
experiment_current_A,912.7572016460905,23.82216014897579
experiment_current_A,913.5802469135803,24.180633147113596
experiment_current_A,914.40329218107,24.180633147113596
experiment_current_A,915.2263374485597,24.180633147113596
experiment_current_A,916.0493827160494,24.180633147113596
experiment_current_A,916.8724279835391,23.78957169459963
experiment_current_A,917.6954732510288,23.691806331471135
experiment_current_A,918.5185185185185,23.756983240223462
experiment_current_A,919.3415637860082,23.756983240223462
experiment_current_A,920.164609053498,23.78957169459963
experiment_current_A,920.9876543209876,24.180633147113596
experiment_current_A,921.8106995884774,24.213221601489757
experiment_current_A,922.633744855967,24.213221601489757
experiment_current_A,923.4567901234568,24.245810055865924
experiment_current_A,924.2798353909465,24.245810055865924
experiment_current_A,925.1028806584362,24.245810055865924
experiment_current_A,925.925925925926,24.245810055865924
experiment_current_A,926.7489711934156,24.278398510242084
experiment_current_A,927.5720164609054,23.756983240223462
experiment_current_A,928.395061728395,23.691806331471135
experiment_current_A,929.2181069958848,23.691806331471135
experiment_current_A,930.0411522633744,24.180633147113596
experiment_current_A,930.8641975308642,24.245810055865924
experiment_current_A,931.687242798354,24.31098696461825
experiment_current_A,932.5102880658436,24.245810055865924
experiment_current_A,933.3333333333334,24.180633147113596
experiment_current_A,934.156378600823,23.756983240223462
experiment_current_A,934.9794238683128,23.691806331471135
experiment_current_A,935.8024691358024,23.691806331471135
experiment_current_A,936.6255144032922,23.659217877094974
experiment_current_A,937.448559670782,23.691806331471135
experiment_current_A,938.2716049382716,23.756983240223462
experiment_current_A,939.0946502057614,23.82216014897579
experiment_current_A,939.917695473251,24.213221601489757
experiment_current_A,940.7407407407408,24.278398510242084
experiment_current_A,941.5637860082304,24.278398510242084
experiment_current_A,942.3868312757202,24.31098696461825
experiment_current_A,943.2098765432099,24.343575418994412
experiment_current_A,944.0329218106996,24.278398510242084
experiment_current_A,944.8559670781893,24.245810055865924
experiment_current_A,945.679012345679,24.213221601489757
experiment_current_A,946.5020576131687,24.213221601489757
experiment_current_A,947.3251028806584,24.213221601489757
experiment_current_A,948.1481481481482,24.22951582867784
experiment_current_A,948.9711934156379,24.245810055865924
experiment_current_A,949.7942386831276,24.245810055865924
experiment_current_A,950.6172839506173,24.245810055865924
experiment_current_A,951.440329218107,24.278398510242084
experiment_current_A,952.2633744855967,24.31098696461825
experiment_current_A,953.0864197530864,24.278398510242084
experiment_current_A,953.9094650205761,24.278398510242084
experiment_current_A,954.7325102880659,24.278398510242084
experiment_current_A,955.5555555555555,24.343575418994412
experiment_current_A,956.3786008230453,24.31098696461825
experiment_current_A,957.201646090535,24.278398510242084
experiment_current_A,958.0246913580247,24.245810055865924
experiment_current_A,958.8477366255144,24.245810055865924
experiment_current_A,959.6707818930041,24.245810055865924
experiment_current_A,960.4938271604939,24.278398510242084
experiment_current_A,961.3168724279835,24.37616387337058
experiment_current_A,962.1399176954733,24.31098696461825
experiment_current_A,962.9629629629629,24.213221601489757
experiment_current_A,963.7860082304527,24.213221601489757
experiment_current_A,964.6090534979423,24.213221601489757
experiment_current_A,965.4320987654321,24.213221601489757
experiment_current_A,966.2551440329219,24.213221601489757
experiment_current_A,967.0781893004115,24.213221601489757
experiment_current_A,967.9012345679013,24.213221601489757
experiment_current_A,968.7242798353909,24.245810055865924
experiment_current_A,969.5473251028807,24.245810055865924
experiment_current_A,970.3703703703703,24.213221601489757
experiment_current_A,971.1934156378601,24.245810055865924
experiment_current_A,972.0164609053498,24.31098696461825
experiment_current_A,972.8395061728395,24.31098696461825
experiment_current_A,973.6625514403293,24.343575418994412
experiment_current_A,974.4855967078189,24.343575418994412
experiment_current_A,975.3086419753087,24.37616387337058
experiment_current_A,976.1316872427983,24.37616387337058
experiment_current_A,976.9547325102881,24.343575418994412
experiment_current_A,977.7777777777778,23.756983240223462
experiment_current_A,978.6008230452675,23.724394785847302
experiment_current_A,979.4238683127572,23.78957169459963
experiment_current_A,980.2469135802469,23.756983240223462
experiment_current_A,981.0699588477366,23.659217877094974
experiment_current_A,981.8930041152263,24.213221601489757
experiment_current_A,982.716049382716,24.213221601489757
experiment_current_A,983.5390946502058,24.245810055865924
experiment_current_A,984.3621399176955,24.245810055865924
experiment_current_A,985.1851851851852,24.245810055865924
experiment_current_A,986.0082304526749,24.245810055865924
experiment_current_A,986.8312757201646,24.213221601489757
experiment_current_A,987.6543209876543,24.278398510242084
experiment_current_A,988.477366255144,24.343575418994412
experiment_current_A,989.3004115226338,24.278398510242084
experiment_current_A,990.1234567901234,24.213221601489757
experiment_current_A,990.9465020576132,24.245810055865924
experiment_current_A,991.7695473251028,24.213221601489757
experiment_current_A,992.5925925925926,24.245810055865924
experiment_current_A,993.4156378600823,24.245810055865924
experiment_current_A,994.238683127572,24.245810055865924
experiment_current_A,995.0617283950618,24.245810055865924
experiment_current_A,995.8847736625514,24.278398510242084
experiment_current_A,996.7078189300412,24.278398510242084
experiment_current_A,997.5308641975308,24.278398510242084
experiment_current_A,998.3539094650206,24.245810055865924
experiment_current_A,999.1769547325102,24.245810055865924
experiment_current_A,1000.0,24.245810055865924
experiment_current_A,1000.8230452674898,24.213221601489757
experiment_current_A,1001.6460905349794,24.213221601489757
experiment_current_A,1002.4691358024692,23.84388578522657
experiment_current_A,1003.2921810699588,23.474549968963377
experiment_current_A,1004.1152263374486,23.105214152700185
experiment_current_A,1004.9382716049382,23.072625698324025
experiment_current_A,1005.761316872428,23.919925512104285
experiment_current_A,1006.5843621399177,23.919925512104285
experiment_current_A,1007.4074074074074,23.854748603351958
experiment_current_A,1008.2304526748972,23.854748603351958
experiment_current_A,1009.0534979423868,23.756983240223462
experiment_current_A,1009.8765432098766,23.626629422718807
experiment_current_A,1010.6995884773662,23.56145251396648
experiment_current_A,1011.522633744856,23.49627560521415
experiment_current_A,1012.3456790123457,23.414804469273744
experiment_current_A,1013.1687242798354,23.333333333333336
experiment_current_A,1013.9917695473251,23.264535485205876
experiment_current_A,1014.8148148148148,23.19573763707842
experiment_current_A,1015.6378600823045,23.126939788950963
experiment_current_A,1016.4609053497942,23.058141940823504
experiment_current_A,1017.283950617284,22.98934409269605
experiment_current_A,1018.1069958847737,22.92054624456859
experiment_current_A,1018.9300411522634,22.85174839644113
experiment_current_A,1019.7530864197531,22.78295054831368
experiment_current_A,1020.5761316872428,22.71415270018622
experiment_current_A,1021.3991769547325,22.71415270018622
experiment_current_A,1022.2222222222222,22.68156424581006
experiment_current_A,1023.0452674897119,22.61638733705773
experiment_current_A,1023.8683127572017,22.61638733705773
experiment_current_A,1024.6913580246915,21.443202979515828
experiment_current_A,1025.514403292181,21.345437616387336
experiment_current_A,1026.3374485596707,21.312849162011172
experiment_current_A,1027.1604938271605,21.28026070763501
experiment_current_A,1027.9835390946503,21.247672253258845
experiment_current_A,1028.80658436214,21.084729981378025
experiment_current_A,1029.6296296296296,21.05214152700186
experiment_current_A,1030.4526748971193,21.019553072625698
experiment_current_A,1031.275720164609,20.921787709497206
experiment_current_A,1032.0987654320988,20.824022346368714
experiment_current_A,1032.9218106995884,20.79143389199255
experiment_current_A,1033.7448559670781,20.758845437616387
experiment_current_A,1034.567901234568,21.63873370577281
experiment_current_A,1035.3909465020577,21.63873370577281
experiment_current_A,1036.2139917695474,21.606145251396647
experiment_current_A,1037.037037037037,21.63873370577281
experiment_current_A,1037.8600823045267,21.671322160148975
experiment_current_A,1038.6831275720165,21.53010552451893
experiment_current_A,1039.5061728395062,21.388888888888886
experiment_current_A,1040.329218106996,21.247672253258845
experiment_current_A,1041.1522633744855,21.182495344506517
experiment_current_A,1041.9753086419753,20.612197392923647
experiment_current_A,1042.798353909465,20.04189944134078
experiment_current_A,1043.6213991769548,20.009310986964618
experiment_current_A,1044.4444444444443,19.976722532588454
experiment_current_A,1045.267489711934,19.553072625698324
experiment_current_A,1046.0905349794239,19.585661080074487
experiment_current_A,1046.9135802469136,19.585661080074487
experiment_current_A,1047.7366255144034,19.553072625698324
experiment_current_A,1048.559670781893,19.553072625698324
experiment_current_A,1049.3827160493827,20.563314711359403
experiment_current_A,1050.2057613168724,20.563314711359403
experiment_current_A,1051.0288065843622,20.465549348230912
experiment_current_A,1051.851851851852,20.400372439478584
experiment_current_A,1052.6748971193415,20.400372439478584
experiment_current_A,1053.4979423868313,20.335195530726256
experiment_current_A,1054.320987654321,20.18854748603352
experiment_current_A,1055.1440329218108,20.04189944134078
experiment_current_A,1055.9670781893003,20.04189944134078
experiment_current_A,1056.79012345679,19.43901303538175
experiment_current_A,1057.6131687242798,18.83612662942272
experiment_current_A,1058.4362139917696,18.77094972067039
experiment_current_A,1059.2592592592594,18.77094972067039
experiment_current_A,1060.0823045267489,18.705772811918063
experiment_current_A,1060.9053497942386,18.93389199255121
experiment_current_A,1061.7283950617284,19.162011173184357
experiment_current_A,1062.5514403292182,19.390130353817504
experiment_current_A,1063.374485596708,19.390130353817504
experiment_current_A,1064.1975308641975,19.324953445065177
experiment_current_A,1065.0205761316872,19.292364990689013
experiment_current_A,1065.843621399177,19.292364990689013
experiment_current_A,1066.6666666666667,19.324953445065177
experiment_current_A,1067.4897119341563,19.2163252638113
experiment_current_A,1068.312757201646,19.107697082557415
experiment_current_A,1069.1358024691358,18.999068901303538
experiment_current_A,1069.9588477366256,18.89044072004966
experiment_current_A,1070.7818930041153,18.78181253879578
experiment_current_A,1071.6049382716049,18.6731843575419
experiment_current_A,1072.4279835390946,18.60800744878957
experiment_current_A,1073.2510288065844,18.542830540037244
experiment_current_A,1074.0740740740741,18.477653631284916
experiment_current_A,1074.897119341564,18.41247672253259
experiment_current_A,1075.7201646090534,18.34729981378026
experiment_current_A,1076.5432098765432,18.169873784398924
experiment_current_A,1077.366255144033,17.992447755017587
experiment_current_A,1078.1893004115227,17.81502172563625
experiment_current_A,1079.0123456790122,17.637595696254913
experiment_current_A,1079.835390946502,17.46016966687358
experiment_current_A,1080.6584362139918,17.282743637492242
experiment_current_A,1081.4814814814815,17.105317608110905
experiment_current_A,1082.3045267489713,16.927891578729568
experiment_current_A,1083.1275720164608,16.75046554934823
experiment_current_A,1083.9506172839506,16.75046554934823
experiment_current_A,1084.7736625514403,16.717877094972067
experiment_current_A,1085.59670781893,16.685288640595903
experiment_current_A,1086.4197530864199,16.571229050279328
experiment_current_A,1087.2427983539094,16.457169459962756
experiment_current_A,1088.0658436213992,16.34310986964618
experiment_current_A,1088.888888888889,16.22905027932961
experiment_current_A,1089.7119341563787,16.22905027932961
experiment_current_A,1090.5349794238682,16.196461824953445
experiment_current_A,1091.358024691358,16.16387337057728
experiment_current_A,1092.1810699588477,16.112662942271882
experiment_current_A,1093.0041152263375,16.06145251396648
experiment_current_A,1093.8271604938273,16.01024208566108
experiment_current_A,1094.6502057613168,15.95903165735568
experiment_current_A,1095.4732510288065,15.907821229050278
experiment_current_A,1096.2962962962963,15.856610800744878
experiment_current_A,1097.119341563786,15.805400372439479
experiment_current_A,1097.9423868312758,15.805400372439479
experiment_current_A,1098.7654320987654,15.805400372439479
experiment_current_A,1099.5884773662551,16.48975791433892
experiment_current_A,1100.4115226337449,16.424581005586592
experiment_current_A,1101.2345679012346,16.457169459962756
experiment_current_A,1102.0576131687242,16.457169459962756
experiment_current_A,1102.880658436214,16.39199255121043
experiment_current_A,1103.7037037037037,16.359404096834265
experiment_current_A,1104.5267489711935,16.359404096834265
experiment_current_A,1105.3497942386832,15.805400372439479
experiment_current_A,1106.1728395061727,15.772811918063315
experiment_current_A,1106.9958847736625,15.772811918063315
experiment_current_A,1107.8189300411523,15.707635009310987
experiment_current_A,1108.641975308642,15.707635009310987
experiment_current_A,1109.4650205761318,15.740223463687151
experiment_current_A,1110.2880658436213,15.675046554934823
experiment_current_A,1111.111111111111,15.707635009310987
experiment_current_A,1111.9341563786008,15.772811918063315
experiment_current_A,1112.7572016460906,15.772811918063315
experiment_current_A,1113.5802469135801,16.22905027932961
experiment_current_A,1114.40329218107,16.261638733705773
experiment_current_A,1115.2263374485597,16.261638733705773
experiment_current_A,1116.0493827160494,16.261638733705773
experiment_current_A,1116.8724279835392,16.261638733705773
experiment_current_A,1117.6954732510287,16.261638733705773
experiment_current_A,1118.5185185185185,16.261638733705773
experiment_current_A,1119.3415637860082,16.294227188081937
experiment_current_A,1120.164609053498,16.359404096834265
experiment_current_A,1120.9876543209878,16.294227188081937
experiment_current_A,1121.8106995884773,16.261638733705773
experiment_current_A,1122.633744855967,16.261638733705773
experiment_current_A,1123.4567901234568,16.294227188081937
experiment_current_A,1124.2798353909466,16.359404096834265
experiment_current_A,1125.102880658436,16.3268156424581
experiment_current_A,1125.9259259259259,16.359404096834265
experiment_current_A,1126.7489711934156,16.3268156424581
experiment_current_A,1127.5720164609054,16.3268156424581
experiment_current_A,1128.3950617283951,16.3268156424581
experiment_current_A,1129.2181069958847,16.3268156424581
experiment_current_A,1130.0411522633744,16.3268156424581
experiment_current_A,1130.8641975308642,16.3268156424581
experiment_current_A,1131.687242798354,16.3268156424581
experiment_current_A,1132.5102880658437,16.39199255121043
experiment_current_A,1133.3333333333333,16.359404096834265
experiment_current_A,1134.156378600823,16.261638733705773
experiment_current_A,1134.9794238683128,16.261638733705773
experiment_current_A,1135.8024691358025,16.196461824953445
experiment_current_A,1136.625514403292,16.261638733705773
experiment_current_A,1137.4485596707818,16.261638733705773
experiment_current_A,1138.2716049382716,16.294227188081937
experiment_current_A,1139.0946502057614,16.3268156424581
experiment_current_A,1139.9176954732511,16.3268156424581
experiment_current_A,1140.7407407407406,16.3268156424581
experiment_current_A,1141.5637860082304,16.3268156424581
experiment_current_A,1142.3868312757202,16.294227188081937
experiment_current_A,1143.20987654321,16.196461824953445
experiment_current_A,1144.0329218106997,15.772811918063315
experiment_current_A,1144.8559670781892,15.772811918063315
experiment_current_A,1145.679012345679,15.772811918063315
experiment_current_A,1146.5020576131687,16.261638733705773
experiment_current_A,1147.3251028806585,16.261638733705773
experiment_current_A,1148.148148148148,16.3268156424581
experiment_current_A,1148.9711934156378,16.3268156424581
experiment_current_A,1149.7942386831276,16.3268156424581
experiment_current_A,1150.6172839506173,16.172020484171323
experiment_current_A,1151.440329218107,16.017225325884542
experiment_current_A,1152.2633744855966,15.862430167597765
experiment_current_A,1153.0864197530864,15.707635009310987
experiment_current_A,1153.9094650205761,15.707635009310987
experiment_current_A,1154.732510288066,15.707635009310987
experiment_current_A,1155.5555555555557,15.707635009310987
experiment_current_A,1156.3786008230452,15.707635009310987
experiment_current_A,1157.201646090535,15.707635009310987
experiment_current_A,1158.0246913580247,15.707635009310987
experiment_current_A,1158.8477366255145,15.772811918063315
experiment_current_A,1159.670781893004,15.772811918063315
experiment_current_A,1160.4938271604938,15.772811918063315
experiment_current_A,1161.3168724279835,16.294227188081937
experiment_current_A,1162.1399176954733,16.22905027932961
experiment_current_A,1162.962962962963,16.22905027932961
experiment_current_A,1163.7860082304526,16.3268156424581
experiment_current_A,1164.6090534979423,16.3268156424581
experiment_current_A,1165.432098765432,16.3268156424581
experiment_current_A,1166.2551440329219,16.3268156424581
experiment_current_A,1167.0781893004116,16.3268156424581
experiment_current_A,1167.9012345679012,16.294227188081937
experiment_current_A,1168.724279835391,16.261638733705773
experiment_current_A,1169.5473251028807,16.3268156424581
experiment_current_A,1170.3703703703704,16.261638733705773
experiment_current_A,1171.19341563786,16.261638733705773
experiment_current_A,1172.0164609053497,15.772811918063315
experiment_current_A,1172.8395061728395,15.707635009310987
experiment_current_A,1173.6625514403293,15.740223463687151
experiment_current_A,1174.485596707819,15.707635009310987
experiment_current_A,1175.3086419753085,16.261638733705773
experiment_current_A,1176.1316872427983,16.261638733705773
experiment_current_A,1176.954732510288,15.772811918063315
experiment_current_A,1177.7777777777778,16.196461824953445
experiment_current_A,1178.6008230452676,16.196461824953445
experiment_current_A,1179.4238683127571,15.772811918063315
experiment_current_A,1180.2469135802469,15.772811918063315
experiment_current_A,1181.0699588477366,15.740223463687151
experiment_current_A,1181.8930041152264,15.740223463687151
experiment_current_A,1182.716049382716,15.772811918063315
experiment_current_A,1183.5390946502057,15.740223463687151
experiment_current_A,1184.3621399176955,15.772811918063315
experiment_current_A,1185.1851851851852,15.740223463687151
experiment_current_A,1186.008230452675,15.772811918063315
experiment_current_A,1186.8312757201645,16.22905027932961
experiment_current_A,1187.6543209876543,16.261638733705773
experiment_current_A,1188.477366255144,16.294227188081937
experiment_current_A,1189.3004115226338,16.261638733705773
experiment_current_A,1190.1234567901236,16.294227188081937
experiment_current_A,1190.946502057613,16.294227188081937
experiment_current_A,1191.7695473251028,16.261638733705773
experiment_current_A,1192.5925925925926,16.294227188081937
experiment_current_A,1193.4156378600824,16.424581005586592
experiment_current_A,1194.238683127572,16.424581005586592
experiment_current_A,1195.0617283950617,16.424581005586592
experiment_current_A,1195.8847736625514,16.359404096834265
experiment_current_A,1196.7078189300412,16.359404096834265
experiment_current_A,1197.530864197531,16.3268156424581
experiment_current_A,1198.3539094650205,16.3268156424581
experiment_current_A,1199.1769547325102,16.3268156424581
experiment_current_A,1200.0,16.3268156424581
paper_simulation_current_A,0.0,6.32216014897579
paper_simulation_current_A,0.823045267489712,6.419925512104282
paper_simulation_current_A,1.646090534979424,9.613594040968344
paper_simulation_current_A,2.4691358024691357,9.613594040968344
paper_simulation_current_A,3.292181069958848,9.613594040968344
paper_simulation_current_A,4.11522633744856,9.613594040968344
paper_simulation_current_A,4.938271604938271,9.613594040968344
paper_simulation_current_A,5.761316872427984,9.613594040968344
paper_simulation_current_A,6.584362139917696,9.613594040968344
paper_simulation_current_A,7.407407407407407,9.613594040968344
paper_simulation_current_A,8.23045267489712,9.613594040968344
paper_simulation_current_A,9.053497942386832,9.613594040968344
paper_simulation_current_A,9.876543209876543,9.613594040968344
paper_simulation_current_A,10.699588477366255,9.613594040968344
paper_simulation_current_A,11.522633744855968,9.646182495344508
paper_simulation_current_A,12.345679012345679,9.613594040968344
paper_simulation_current_A,13.168724279835391,9.646182495344508
paper_simulation_current_A,13.991769547325102,9.613594040968344
paper_simulation_current_A,14.814814814814815,9.613594040968344
paper_simulation_current_A,15.637860082304528,9.613594040968344
paper_simulation_current_A,16.46090534979424,9.613594040968344
paper_simulation_current_A,17.28395061728395,9.613594040968344
paper_simulation_current_A,18.106995884773664,9.646182495344508
paper_simulation_current_A,18.930041152263374,9.613594040968344
paper_simulation_current_A,19.753086419753085,9.613594040968344
paper_simulation_current_A,20.5761316872428,9.613594040968344
paper_simulation_current_A,21.39917695473251,9.613594040968344
paper_simulation_current_A,22.22222222222222,9.613594040968344
paper_simulation_current_A,23.045267489711936,9.613594040968344
paper_simulation_current_A,23.868312757201647,9.613594040968344
paper_simulation_current_A,24.691358024691358,9.613594040968344
paper_simulation_current_A,25.51440329218107,9.613594040968344
paper_simulation_current_A,26.337448559670783,9.613594040968344
paper_simulation_current_A,27.160493827160494,9.613594040968344
paper_simulation_current_A,27.983539094650205,9.613594040968344
paper_simulation_current_A,28.80658436213992,9.613594040968344
paper_simulation_current_A,29.62962962962963,9.613594040968344
paper_simulation_current_A,30.45267489711934,9.613594040968344
paper_simulation_current_A,31.275720164609055,9.613594040968344
paper_simulation_current_A,32.098765432098766,9.613594040968344
paper_simulation_current_A,32.92181069958848,9.613594040968344
paper_simulation_current_A,33.74485596707819,9.613594040968344
paper_simulation_current_A,34.5679012345679,9.613594040968344
paper_simulation_current_A,35.390946502057616,9.613594040968344
paper_simulation_current_A,36.21399176954733,9.613594040968344
paper_simulation_current_A,37.03703703703704,9.613594040968344
paper_simulation_current_A,37.86008230452675,9.613594040968344
paper_simulation_current_A,38.68312757201646,9.613594040968344
paper_simulation_current_A,39.50617283950617,9.613594040968344
paper_simulation_current_A,40.32921810699588,9.646182495344508
paper_simulation_current_A,41.1522633744856,9.613594040968344
paper_simulation_current_A,41.97530864197531,9.613594040968344
paper_simulation_current_A,42.79835390946502,9.613594040968344
paper_simulation_current_A,43.62139917695473,9.613594040968344
paper_simulation_current_A,44.44444444444444,9.613594040968344
paper_simulation_current_A,45.267489711934154,9.613594040968344
paper_simulation_current_A,46.09053497942387,9.613594040968344
paper_simulation_current_A,46.91358024691358,9.613594040968344
paper_simulation_current_A,47.73662551440329,9.613594040968344
paper_simulation_current_A,48.559670781893004,9.613594040968344
paper_simulation_current_A,49.382716049382715,9.613594040968344
paper_simulation_current_A,50.205761316872426,9.613594040968344
paper_simulation_current_A,51.02880658436214,9.613594040968344
paper_simulation_current_A,51.851851851851855,9.613594040968344
paper_simulation_current_A,52.674897119341566,9.613594040968344
paper_simulation_current_A,53.49794238683128,9.613594040968344
paper_simulation_current_A,54.32098765432099,9.613594040968344
paper_simulation_current_A,55.1440329218107,9.613594040968344
paper_simulation_current_A,55.96707818930041,9.613594040968344
paper_simulation_current_A,56.79012345679013,9.613594040968344
paper_simulation_current_A,57.61316872427984,9.613594040968344
paper_simulation_current_A,58.43621399176955,9.613594040968344
paper_simulation_current_A,59.25925925925926,9.613594040968344
paper_simulation_current_A,60.08230452674897,9.613594040968344
paper_simulation_current_A,60.90534979423868,9.613594040968344
paper_simulation_current_A,61.72839506172839,9.613594040968344
paper_simulation_current_A,62.55144032921811,9.613594040968344
paper_simulation_current_A,63.37448559670782,9.613594040968344
paper_simulation_current_A,64.19753086419753,9.613594040968344
paper_simulation_current_A,65.02057613168725,9.613594040968344
paper_simulation_current_A,65.84362139917695,9.613594040968344
paper_simulation_current_A,66.66666666666667,9.613594040968344
paper_simulation_current_A,67.48971193415638,9.613594040968344
paper_simulation_current_A,68.3127572016461,9.613594040968344
paper_simulation_current_A,69.1358024691358,9.613594040968344
paper_simulation_current_A,69.95884773662551,9.613594040968344
paper_simulation_current_A,70.78189300411523,9.613594040968344
paper_simulation_current_A,71.60493827160494,9.613594040968344
paper_simulation_current_A,72.42798353909465,9.613594040968344
paper_simulation_current_A,73.25102880658436,9.613594040968344
paper_simulation_current_A,74.07407407407408,9.613594040968344
paper_simulation_current_A,74.89711934156378,9.613594040968344
paper_simulation_current_A,75.7201646090535,9.613594040968344
paper_simulation_current_A,76.54320987654322,9.613594040968344
paper_simulation_current_A,77.36625514403292,9.613594040968344
paper_simulation_current_A,78.18930041152264,9.613594040968344
paper_simulation_current_A,79.01234567901234,9.613594040968344
paper_simulation_current_A,79.83539094650206,9.613594040968344
paper_simulation_current_A,80.65843621399176,9.58100558659218
paper_simulation_current_A,81.48148148148148,9.58100558659218
paper_simulation_current_A,82.3045267489712,9.58100558659218
paper_simulation_current_A,83.1275720164609,9.613594040968344
paper_simulation_current_A,83.95061728395062,9.613594040968344
paper_simulation_current_A,84.77366255144032,9.613594040968344
paper_simulation_current_A,85.59670781893004,9.613594040968344
paper_simulation_current_A,86.41975308641975,9.613594040968344
paper_simulation_current_A,87.24279835390946,9.613594040968344
paper_simulation_current_A,88.06584362139918,9.613594040968344
paper_simulation_current_A,88.88888888888889,9.613594040968344
paper_simulation_current_A,89.7119341563786,9.613594040968344
paper_simulation_current_A,90.53497942386831,9.613594040968344
paper_simulation_current_A,91.35802469135803,9.613594040968344
paper_simulation_current_A,92.18106995884774,9.613594040968344
paper_simulation_current_A,93.00411522633745,9.613594040968344
paper_simulation_current_A,93.82716049382717,9.613594040968344
paper_simulation_current_A,94.65020576131687,9.613594040968344
paper_simulation_current_A,95.47325102880659,9.613594040968344
paper_simulation_current_A,96.29629629629629,9.646182495344508
paper_simulation_current_A,97.11934156378601,9.646182495344508
paper_simulation_current_A,97.94238683127573,9.646182495344508
paper_simulation_current_A,98.76543209876543,9.613594040968344
paper_simulation_current_A,99.58847736625515,9.613594040968344
paper_simulation_current_A,100.41152263374485,9.613594040968344
paper_simulation_current_A,101.23456790123457,9.613594040968344
paper_simulation_current_A,102.05761316872427,9.58100558659218
paper_simulation_current_A,102.88065843621399,9.58100558659218
paper_simulation_current_A,103.70370370370371,9.548417132216017
paper_simulation_current_A,104.52674897119341,9.548417132216017
paper_simulation_current_A,105.34979423868313,9.515828677839853
paper_simulation_current_A,106.17283950617283,9.515828677839853
paper_simulation_current_A,106.99588477366255,9.515828677839853
paper_simulation_current_A,107.81893004115226,9.515828677839853
paper_simulation_current_A,108.64197530864197,9.515828677839853
paper_simulation_current_A,109.46502057613169,9.483240223463689
paper_simulation_current_A,110.2880658436214,9.483240223463689
paper_simulation_current_A,111.11111111111111,9.450651769087525
paper_simulation_current_A,111.93415637860082,9.418063314711361
paper_simulation_current_A,112.75720164609054,9.418063314711361
paper_simulation_current_A,113.58024691358025,9.418063314711361
paper_simulation_current_A,114.40329218106996,9.385474860335197
paper_simulation_current_A,115.22633744855968,9.385474860335197
paper_simulation_current_A,116.04938271604938,9.352886405959033
paper_simulation_current_A,116.8724279835391,9.352886405959033
paper_simulation_current_A,117.6954732510288,9.352886405959033
paper_simulation_current_A,118.51851851851852,9.32029795158287
paper_simulation_current_A,119.34156378600824,9.32029795158287
paper_simulation_current_A,120.16460905349794,9.32029795158287
paper_simulation_current_A,120.98765432098766,9.287709497206706
paper_simulation_current_A,121.81069958847736,9.255121042830542
paper_simulation_current_A,122.63374485596708,9.255121042830542
paper_simulation_current_A,123.45679012345678,9.255121042830542
paper_simulation_current_A,124.2798353909465,9.222532588454378
paper_simulation_current_A,125.10288065843622,9.222532588454378
paper_simulation_current_A,125.92592592592592,9.222532588454378
paper_simulation_current_A,126.74897119341564,9.189944134078214
paper_simulation_current_A,127.57201646090535,9.189944134078214
paper_simulation_current_A,128.39506172839506,9.189944134078214
paper_simulation_current_A,129.21810699588477,9.15735567970205
paper_simulation_current_A,130.0411522633745,9.15735567970205
paper_simulation_current_A,130.8641975308642,9.124767225325886
paper_simulation_current_A,131.6872427983539,9.092178770949722
paper_simulation_current_A,132.5102880658436,9.092178770949722
paper_simulation_current_A,133.33333333333334,9.092178770949722
paper_simulation_current_A,134.15637860082305,9.059590316573559
paper_simulation_current_A,134.97942386831275,9.027001862197395
paper_simulation_current_A,135.80246913580248,9.027001862197395
paper_simulation_current_A,136.6255144032922,9.027001862197395
paper_simulation_current_A,137.4485596707819,9.027001862197395
paper_simulation_current_A,138.2716049382716,9.027001862197395
paper_simulation_current_A,139.09465020576133,8.99441340782123
paper_simulation_current_A,139.91769547325103,8.99441340782123
paper_simulation_current_A,140.74074074074073,8.961824953445067
paper_simulation_current_A,141.56378600823047,8.961824953445067
paper_simulation_current_A,142.38683127572017,8.929236499068903
paper_simulation_current_A,143.20987654320987,8.89664804469274
paper_simulation_current_A,144.03292181069958,8.89664804469274
paper_simulation_current_A,144.8559670781893,8.89664804469274
paper_simulation_current_A,145.679012345679,8.864059590316575
paper_simulation_current_A,146.50205761316872,8.89664804469274
paper_simulation_current_A,147.32510288065845,8.864059590316575
paper_simulation_current_A,148.14814814814815,8.864059590316575
paper_simulation_current_A,148.97119341563786,8.864059590316575
paper_simulation_current_A,149.79423868312756,8.831471135940411
paper_simulation_current_A,150.6172839506173,8.798882681564248
paper_simulation_current_A,151.440329218107,8.798882681564248
paper_simulation_current_A,152.2633744855967,8.798882681564248
paper_simulation_current_A,153.08641975308643,8.798882681564248
paper_simulation_current_A,153.90946502057614,8.766294227188084
paper_simulation_current_A,154.73251028806584,8.766294227188084
paper_simulation_current_A,155.55555555555554,8.766294227188084
paper_simulation_current_A,156.37860082304528,8.766294227188084
paper_simulation_current_A,157.20164609053498,8.733705772811916
paper_simulation_current_A,158.02469135802468,8.733705772811916
paper_simulation_current_A,158.84773662551441,8.701117318435752
paper_simulation_current_A,159.67078189300412,8.701117318435752
paper_simulation_current_A,160.49382716049382,8.668528864059589
paper_simulation_current_A,161.31687242798353,8.635940409683425
paper_simulation_current_A,162.13991769547326,8.60335195530726
paper_simulation_current_A,162.96296296296296,8.60335195530726
paper_simulation_current_A,163.78600823045267,8.570763500931097
paper_simulation_current_A,164.6090534979424,8.570763500931097
paper_simulation_current_A,165.4320987654321,8.570763500931097
paper_simulation_current_A,166.2551440329218,8.570763500931097
paper_simulation_current_A,167.0781893004115,8.570763500931097
paper_simulation_current_A,167.90123456790124,8.570763500931097
paper_simulation_current_A,168.72427983539094,8.538175046554933
paper_simulation_current_A,169.54732510288065,8.538175046554933
paper_simulation_current_A,170.37037037037038,8.50558659217877
paper_simulation_current_A,171.19341563786008,8.472998137802605
paper_simulation_current_A,172.0164609053498,8.472998137802605
paper_simulation_current_A,172.8395061728395,8.472998137802605
paper_simulation_current_A,173.66255144032922,8.472998137802605
paper_simulation_current_A,174.48559670781893,8.440409683426441
paper_simulation_current_A,175.30864197530863,8.407821229050278
paper_simulation_current_A,176.13168724279836,8.407821229050278
paper_simulation_current_A,176.95473251028807,8.407821229050278
paper_simulation_current_A,177.77777777777777,8.407821229050278
paper_simulation_current_A,178.6008230452675,8.375232774674114
paper_simulation_current_A,179.4238683127572,8.34264432029795
paper_simulation_current_A,180.2469135802469,8.34264432029795
paper_simulation_current_A,181.06995884773661,8.34264432029795
paper_simulation_current_A,181.89300411522635,8.310055865921786
paper_simulation_current_A,182.71604938271605,8.310055865921786
paper_simulation_current_A,183.53909465020575,8.277467411545622
paper_simulation_current_A,184.3621399176955,8.277467411545622
paper_simulation_current_A,185.1851851851852,8.277467411545622
paper_simulation_current_A,186.0082304526749,8.244878957169458
paper_simulation_current_A,186.8312757201646,8.244878957169458
paper_simulation_current_A,187.65432098765433,8.212290502793294
paper_simulation_current_A,188.47736625514403,8.212290502793294
paper_simulation_current_A,189.30041152263374,8.17970204841713
paper_simulation_current_A,190.12345679012347,8.17970204841713
paper_simulation_current_A,190.94650205761317,8.17970204841713
paper_simulation_current_A,191.76954732510288,8.17970204841713
paper_simulation_current_A,192.59259259259258,8.147113594040967
paper_simulation_current_A,193.4156378600823,8.147113594040967
paper_simulation_current_A,194.23868312757202,8.114525139664803
paper_simulation_current_A,195.06172839506172,8.114525139664803
paper_simulation_current_A,195.88477366255145,8.081936685288639
paper_simulation_current_A,196.70781893004116,8.081936685288639
paper_simulation_current_A,197.53086419753086,8.049348230912475
paper_simulation_current_A,198.35390946502056,8.049348230912475
paper_simulation_current_A,199.1769547325103,8.049348230912475
paper_simulation_current_A,200.0,8.049348230912475
paper_simulation_current_A,200.8230452674897,8.016759776536311
paper_simulation_current_A,201.64609053497944,8.016759776536311
paper_simulation_current_A,202.46913580246914,8.016759776536311
paper_simulation_current_A,203.29218106995884,8.016759776536311
paper_simulation_current_A,204.11522633744855,8.049348230912475
paper_simulation_current_A,204.93827160493828,8.016759776536311
paper_simulation_current_A,205.76131687242798,7.984171322160147
paper_simulation_current_A,206.5843621399177,8.016759776536311
paper_simulation_current_A,207.40740740740742,8.049348230912475
paper_simulation_current_A,208.23045267489712,8.049348230912475
paper_simulation_current_A,209.05349794238683,8.049348230912475
paper_simulation_current_A,209.87654320987653,8.049348230912475
paper_simulation_current_A,210.69958847736626,8.049348230912475
paper_simulation_current_A,211.52263374485597,8.049348230912475
paper_simulation_current_A,212.34567901234567,8.049348230912475
paper_simulation_current_A,213.1687242798354,8.016759776536311
paper_simulation_current_A,213.9917695473251,8.016759776536311
paper_simulation_current_A,214.8148148148148,8.049348230912475
paper_simulation_current_A,215.6378600823045,8.049348230912475
paper_simulation_current_A,216.46090534979425,8.049348230912475
paper_simulation_current_A,217.28395061728395,8.016759776536311
paper_simulation_current_A,218.10699588477365,8.049348230912475
paper_simulation_current_A,218.93004115226339,8.016759776536311
paper_simulation_current_A,219.7530864197531,8.016759776536311
paper_simulation_current_A,220.5761316872428,8.016759776536311
paper_simulation_current_A,221.3991769547325,8.016759776536311
paper_simulation_current_A,222.22222222222223,8.016759776536311
paper_simulation_current_A,223.04526748971193,8.016759776536311
paper_simulation_current_A,223.86831275720164,8.016759776536311
paper_simulation_current_A,224.69135802469137,8.016759776536311
paper_simulation_current_A,225.51440329218107,8.049348230912475
paper_simulation_current_A,226.33744855967078,8.049348230912475
paper_simulation_current_A,227.1604938271605,8.016759776536311
paper_simulation_current_A,227.9835390946502,8.049348230912475
paper_simulation_current_A,228.80658436213992,8.016759776536311
paper_simulation_current_A,229.62962962962962,8.049348230912475
paper_simulation_current_A,230.45267489711935,8.016759776536311
paper_simulation_current_A,231.27572016460906,8.016759776536311
paper_simulation_current_A,232.09876543209876,8.049348230912475
paper_simulation_current_A,232.9218106995885,8.049348230912475
paper_simulation_current_A,233.7448559670782,8.016759776536311
paper_simulation_current_A,234.5679012345679,8.016759776536311
paper_simulation_current_A,235.3909465020576,8.016759776536311
paper_simulation_current_A,236.21399176954733,8.016759776536311
paper_simulation_current_A,237.03703703703704,8.016759776536311
paper_simulation_current_A,237.86008230452674,8.016759776536311
paper_simulation_current_A,238.68312757201647,8.049348230912475
paper_simulation_current_A,239.50617283950618,8.049348230912475
paper_simulation_current_A,240.32921810699588,8.049348230912475
paper_simulation_current_A,241.15226337448559,8.049348230912475
paper_simulation_current_A,241.97530864197532,8.016759776536311
paper_simulation_current_A,242.79835390946502,8.016759776536311
paper_simulation_current_A,243.62139917695472,8.016759776536311
paper_simulation_current_A,244.44444444444446,8.049348230912475
paper_simulation_current_A,245.26748971193416,8.016759776536311
paper_simulation_current_A,246.09053497942386,8.016759776536311
paper_simulation_current_A,246.91358024691357,8.016759776536311
paper_simulation_current_A,247.7366255144033,8.016759776536311
paper_simulation_current_A,248.559670781893,8.016759776536311
paper_simulation_current_A,249.3827160493827,8.016759776536311
paper_simulation_current_A,250.20576131687244,8.016759776536311
paper_simulation_current_A,251.02880658436214,8.016759776536311
paper_simulation_current_A,251.85185185185185,8.016759776536311
paper_simulation_current_A,252.67489711934155,8.016759776536311
paper_simulation_current_A,253.49794238683128,8.016759776536311
paper_simulation_current_A,254.320987654321,8.016759776536311
paper_simulation_current_A,255.1440329218107,8.016759776536311
paper_simulation_current_A,255.96707818930042,8.016759776536311
paper_simulation_current_A,256.7901234567901,8.016759776536311
paper_simulation_current_A,257.61316872427983,8.016759776536311
paper_simulation_current_A,258.43621399176953,8.016759776536311
paper_simulation_current_A,259.25925925925924,8.016759776536311
paper_simulation_current_A,260.082304526749,8.016759776536311
paper_simulation_current_A,260.9053497942387,8.016759776536311
paper_simulation_current_A,261.7283950617284,8.016759776536311
paper_simulation_current_A,262.5514403292181,8.016759776536311
paper_simulation_current_A,263.3744855967078,8.016759776536311
paper_simulation_current_A,264.1975308641975,8.016759776536311
paper_simulation_current_A,265.0205761316872,8.016759776536311
paper_simulation_current_A,265.843621399177,8.016759776536311
paper_simulation_current_A,266.6666666666667,8.016759776536311
paper_simulation_current_A,267.4897119341564,8.016759776536311
paper_simulation_current_A,268.3127572016461,8.016759776536311
paper_simulation_current_A,269.1358024691358,8.016759776536311
paper_simulation_current_A,269.9588477366255,8.016759776536311
paper_simulation_current_A,270.7818930041152,8.016759776536311
paper_simulation_current_A,271.60493827160496,8.016759776536311
paper_simulation_current_A,272.42798353909467,8.016759776536311
paper_simulation_current_A,273.2510288065844,8.016759776536311
paper_simulation_current_A,274.0740740740741,8.016759776536311
paper_simulation_current_A,274.8971193415638,8.016759776536311
paper_simulation_current_A,275.7201646090535,8.016759776536311
paper_simulation_current_A,276.5432098765432,8.016759776536311
paper_simulation_current_A,277.36625514403295,8.016759776536311
paper_simulation_current_A,278.18930041152265,8.049348230912475
paper_simulation_current_A,279.01234567901236,8.016759776536311
paper_simulation_current_A,279.83539094650206,8.016759776536311
paper_simulation_current_A,280.65843621399176,8.049348230912475
paper_simulation_current_A,281.48148148148147,8.049348230912475
paper_simulation_current_A,282.30452674897117,8.049348230912475
paper_simulation_current_A,283.12757201646093,8.049348230912475
paper_simulation_current_A,283.95061728395063,8.049348230912475
paper_simulation_current_A,284.77366255144034,8.016759776536311
paper_simulation_current_A,285.59670781893004,8.016759776536311
paper_simulation_current_A,286.41975308641975,8.016759776536311
paper_simulation_current_A,287.24279835390945,8.016759776536311
paper_simulation_current_A,288.06584362139915,8.016759776536311
paper_simulation_current_A,288.8888888888889,8.016759776536311
paper_simulation_current_A,289.7119341563786,8.016759776536311
paper_simulation_current_A,290.5349794238683,8.016759776536311
paper_simulation_current_A,291.358024691358,8.016759776536311
paper_simulation_current_A,292.18106995884773,8.016759776536311
paper_simulation_current_A,293.00411522633743,8.016759776536311
paper_simulation_current_A,293.82716049382714,8.016759776536311
paper_simulation_current_A,294.6502057613169,8.049348230912475
paper_simulation_current_A,295.4732510288066,8.049348230912475
paper_simulation_current_A,296.2962962962963,8.016759776536311
paper_simulation_current_A,297.119341563786,8.049348230912475
paper_simulation_current_A,297.9423868312757,8.049348230912475
paper_simulation_current_A,298.7654320987654,8.049348230912475
paper_simulation_current_A,299.5884773662551,8.049348230912475
paper_simulation_current_A,300.4115226337449,8.049348230912475
paper_simulation_current_A,301.2345679012346,8.081936685288639
paper_simulation_current_A,302.0576131687243,8.081936685288639
paper_simulation_current_A,302.880658436214,8.081936685288639
paper_simulation_current_A,303.7037037037037,8.114525139664803
paper_simulation_current_A,304.5267489711934,8.147113594040967
paper_simulation_current_A,305.3497942386831,8.147113594040967
paper_simulation_current_A,306.17283950617286,8.17970204841713
paper_simulation_current_A,306.99588477366257,8.17970204841713
paper_simulation_current_A,307.81893004115227,8.17970204841713
paper_simulation_current_A,308.641975308642,8.212290502793294
paper_simulation_current_A,309.4650205761317,8.212290502793294
paper_simulation_current_A,310.2880658436214,8.244878957169458
paper_simulation_current_A,311.1111111111111,8.277467411545622
paper_simulation_current_A,311.93415637860085,8.277467411545622
paper_simulation_current_A,312.75720164609055,8.310055865921786
paper_simulation_current_A,313.58024691358025,8.310055865921786
paper_simulation_current_A,314.40329218106996,8.34264432029795
paper_simulation_current_A,315.22633744855966,8.34264432029795
paper_simulation_current_A,316.04938271604937,8.375232774674114
paper_simulation_current_A,316.87242798353907,8.375232774674114
paper_simulation_current_A,317.69547325102883,8.407821229050278
paper_simulation_current_A,318.51851851851853,8.407821229050278
paper_simulation_current_A,319.34156378600824,8.440409683426441
paper_simulation_current_A,320.16460905349794,8.440409683426441
paper_simulation_current_A,320.98765432098764,8.472998137802605
paper_simulation_current_A,321.81069958847735,8.50558659217877
paper_simulation_current_A,322.63374485596705,8.50558659217877
paper_simulation_current_A,323.4567901234568,8.538175046554933
paper_simulation_current_A,324.2798353909465,8.60335195530726
paper_simulation_current_A,325.1028806584362,8.570763500931097
paper_simulation_current_A,325.9259259259259,8.60335195530726
paper_simulation_current_A,326.7489711934156,8.60335195530726
paper_simulation_current_A,327.57201646090533,8.635940409683425
paper_simulation_current_A,328.39506172839504,8.635940409683425
paper_simulation_current_A,329.2181069958848,8.668528864059589
paper_simulation_current_A,330.0411522633745,8.668528864059589
paper_simulation_current_A,330.8641975308642,8.701117318435752
paper_simulation_current_A,331.6872427983539,8.701117318435752
paper_simulation_current_A,332.5102880658436,8.701117318435752
paper_simulation_current_A,333.3333333333333,8.733705772811916
paper_simulation_current_A,334.156378600823,8.701117318435752
paper_simulation_current_A,334.9794238683128,8.766294227188084
paper_simulation_current_A,335.8024691358025,8.766294227188084
paper_simulation_current_A,336.6255144032922,8.798882681564248
paper_simulation_current_A,337.4485596707819,8.798882681564248
paper_simulation_current_A,338.2716049382716,8.798882681564248
paper_simulation_current_A,339.0946502057613,8.798882681564248
paper_simulation_current_A,339.917695473251,8.798882681564248
paper_simulation_current_A,340.74074074074076,8.831471135940411
paper_simulation_current_A,341.56378600823047,8.864059590316575
paper_simulation_current_A,342.38683127572017,8.89664804469274
paper_simulation_current_A,343.2098765432099,8.929236499068903
paper_simulation_current_A,344.0329218106996,8.929236499068903
paper_simulation_current_A,344.8559670781893,8.89664804469274
paper_simulation_current_A,345.679012345679,8.929236499068903
paper_simulation_current_A,346.50205761316874,8.961824953445067
paper_simulation_current_A,347.32510288065845,8.99441340782123
paper_simulation_current_A,348.14814814814815,8.99441340782123
paper_simulation_current_A,348.97119341563786,9.027001862197395
paper_simulation_current_A,349.79423868312756,9.059590316573559
paper_simulation_current_A,350.61728395061726,9.059590316573559
paper_simulation_current_A,351.440329218107,9.059590316573559
paper_simulation_current_A,352.2633744855967,9.092178770949722
paper_simulation_current_A,353.08641975308643,9.124767225325886
paper_simulation_current_A,353.90946502057614,9.124767225325886
paper_simulation_current_A,354.73251028806584,9.15735567970205
paper_simulation_current_A,355.55555555555554,9.189944134078214
paper_simulation_current_A,356.37860082304525,9.15735567970205
paper_simulation_current_A,357.201646090535,9.189944134078214
paper_simulation_current_A,358.0246913580247,9.189944134078214
paper_simulation_current_A,358.8477366255144,9.222532588454378
paper_simulation_current_A,359.6707818930041,9.222532588454378
paper_simulation_current_A,360.4938271604938,9.222532588454378
paper_simulation_current_A,361.3168724279835,9.255121042830542
paper_simulation_current_A,362.13991769547323,9.287709497206706
paper_simulation_current_A,362.962962962963,9.287709497206706
paper_simulation_current_A,363.7860082304527,9.32029795158287
paper_simulation_current_A,364.6090534979424,9.32029795158287
paper_simulation_current_A,365.4320987654321,9.352886405959033
paper_simulation_current_A,366.2551440329218,9.352886405959033
paper_simulation_current_A,367.0781893004115,9.385474860335197
paper_simulation_current_A,367.9012345679012,9.385474860335197
paper_simulation_current_A,368.724279835391,9.418063314711361
paper_simulation_current_A,369.5473251028807,9.450651769087525
paper_simulation_current_A,370.3703703703704,9.450651769087525
paper_simulation_current_A,371.1934156378601,9.450651769087525
paper_simulation_current_A,372.0164609053498,9.483240223463689
paper_simulation_current_A,372.8395061728395,9.483240223463689
paper_simulation_current_A,373.6625514403292,9.515828677839853
paper_simulation_current_A,374.48559670781896,9.548417132216017
paper_simulation_current_A,375.30864197530866,9.548417132216017
paper_simulation_current_A,376.13168724279836,9.548417132216017
paper_simulation_current_A,376.95473251028807,9.548417132216017
paper_simulation_current_A,377.77777777777777,9.58100558659218
paper_simulation_current_A,378.6008230452675,9.58100558659218
paper_simulation_current_A,379.4238683127572,9.646182495344508
paper_simulation_current_A,380.24691358024694,9.646182495344508
paper_simulation_current_A,381.06995884773664,9.678770949720672
paper_simulation_current_A,381.89300411522635,9.678770949720672
paper_simulation_current_A,382.71604938271605,9.678770949720672
paper_simulation_current_A,383.53909465020575,9.711359404096836
paper_simulation_current_A,384.36213991769546,9.678770949720672
paper_simulation_current_A,385.18518518518516,9.743947858473
paper_simulation_current_A,386.0082304526749,9.743947858473
paper_simulation_current_A,386.8312757201646,9.776536312849164
paper_simulation_current_A,387.65432098765433,9.809124767225327
paper_simulation_current_A,388.47736625514403,9.809124767225327
paper_simulation_current_A,389.30041152263374,9.841713221601491
paper_simulation_current_A,390.12345679012344,9.841713221601491
paper_simulation_current_A,390.94650205761315,9.874301675977655
paper_simulation_current_A,391.7695473251029,9.874301675977655
paper_simulation_current_A,392.5925925925926,9.874301675977655
paper_simulation_current_A,393.4156378600823,9.906890130353819
paper_simulation_current_A,394.238683127572,9.939478584729983
paper_simulation_current_A,395.0617283950617,9.939478584729983
paper_simulation_current_A,395.8847736625514,9.972067039106147
paper_simulation_current_A,396.7078189300411,9.972067039106147
paper_simulation_current_A,397.5308641975309,10.00465549348231
paper_simulation_current_A,398.3539094650206,10.00465549348231
paper_simulation_current_A,399.1769547325103,10.037243947858475
paper_simulation_current_A,400.0,10.037243947858475
paper_simulation_current_A,400.8230452674897,10.069832402234638
paper_simulation_current_A,401.6460905349794,10.069832402234638
paper_simulation_current_A,402.4691358024691,10.102420856610802
paper_simulation_current_A,403.2921810699589,10.102420856610802
paper_simulation_current_A,404.1152263374486,10.135009310986966
paper_simulation_current_A,404.9382716049383,10.135009310986966
paper_simulation_current_A,405.761316872428,10.16759776536313
paper_simulation_current_A,406.5843621399177,10.16759776536313
paper_simulation_current_A,407.4074074074074,10.200186219739294
paper_simulation_current_A,408.2304526748971,10.200186219739294
paper_simulation_current_A,409.05349794238685,10.200186219739294
paper_simulation_current_A,409.87654320987656,10.232774674115458
paper_simulation_current_A,410.69958847736626,10.265363128491622
paper_simulation_current_A,411.52263374485597,10.265363128491622
paper_simulation_current_A,412.34567901234567,10.297951582867785
paper_simulation_current_A,413.1687242798354,10.297951582867785
paper_simulation_current_A,413.9917695473251,10.33054003724395
paper_simulation_current_A,414.81481481481484,10.33054003724395
paper_simulation_current_A,415.63786008230454,10.363128491620113
paper_simulation_current_A,416.46090534979425,10.363128491620113
paper_simulation_current_A,417.28395061728395,10.395716945996277
paper_simulation_current_A,418.10699588477365,10.395716945996277
paper_simulation_current_A,418.93004115226336,10.428305400372441
paper_simulation_current_A,419.75308641975306,10.460893854748605
paper_simulation_current_A,420.5761316872428,10.493482309124769
paper_simulation_current_A,421.3991769547325,10.493482309124769
paper_simulation_current_A,422.22222222222223,10.493482309124769
paper_simulation_current_A,423.04526748971193,10.526070763500933
paper_simulation_current_A,423.86831275720164,10.526070763500933
paper_simulation_current_A,424.69135802469134,10.526070763500933
paper_simulation_current_A,425.51440329218104,10.558659217877096
paper_simulation_current_A,426.3374485596708,10.59124767225326
paper_simulation_current_A,427.1604938271605,10.59124767225326
paper_simulation_current_A,427.9835390946502,10.623836126629424
paper_simulation_current_A,428.8065843621399,10.623836126629424
paper_simulation_current_A,429.6296296296296,10.656424581005588
paper_simulation_current_A,430.4526748971193,10.656424581005588
paper_simulation_current_A,431.275720164609,10.656424581005588
paper_simulation_current_A,432.0987654320988,10.689013035381752
paper_simulation_current_A,432.9218106995885,10.689013035381752
paper_simulation_current_A,433.7448559670782,10.721601489757916
paper_simulation_current_A,434.5679012345679,10.721601489757916
paper_simulation_current_A,435.3909465020576,10.75418994413408
paper_simulation_current_A,436.2139917695473,10.786778398510243
paper_simulation_current_A,437.037037037037,10.786778398510243
paper_simulation_current_A,437.86008230452677,10.786778398510243
paper_simulation_current_A,438.6831275720165,10.819366852886407
paper_simulation_current_A,439.5061728395062,10.819366852886407
paper_simulation_current_A,440.3292181069959,10.851955307262571
paper_simulation_current_A,441.1522633744856,10.884543761638735
paper_simulation_current_A,441.9753086419753,10.884543761638735
paper_simulation_current_A,442.798353909465,10.884543761638735
paper_simulation_current_A,443.62139917695475,10.884543761638735
paper_simulation_current_A,444.44444444444446,10.917132216014899
paper_simulation_current_A,445.26748971193416,10.949720670391063
paper_simulation_current_A,446.09053497942386,10.982309124767227
paper_simulation_current_A,446.91358024691357,10.982309124767227
paper_simulation_current_A,447.7366255144033,10.982309124767227
paper_simulation_current_A,448.559670781893,11.01489757914339
paper_simulation_current_A,449.38271604938274,11.01489757914339
paper_simulation_current_A,450.20576131687244,11.047486033519554
paper_simulation_current_A,451.02880658436214,11.047486033519554
paper_simulation_current_A,451.85185185185185,11.047486033519554
paper_simulation_current_A,452.67489711934155,11.080074487895718
paper_simulation_current_A,453.49794238683126,11.080074487895718
paper_simulation_current_A,454.320987654321,11.112662942271882
paper_simulation_current_A,455.1440329218107,11.145251396648046
paper_simulation_current_A,455.9670781893004,11.145251396648046
paper_simulation_current_A,456.7901234567901,11.17783985102421
paper_simulation_current_A,457.61316872427983,11.210428305400374
paper_simulation_current_A,458.43621399176953,11.210428305400374
paper_simulation_current_A,459.25925925925924,11.210428305400374
paper_simulation_current_A,460.082304526749,11.243016759776538
paper_simulation_current_A,460.9053497942387,11.243016759776538
paper_simulation_current_A,461.7283950617284,11.275605214152701
paper_simulation_current_A,462.5514403292181,11.275605214152701
paper_simulation_current_A,463.3744855967078,11.34078212290503
paper_simulation_current_A,464.1975308641975,11.34078212290503
paper_simulation_current_A,465.0205761316872,11.34078212290503
paper_simulation_current_A,465.843621399177,11.34078212290503
paper_simulation_current_A,466.6666666666667,11.34078212290503
paper_simulation_current_A,467.4897119341564,11.373370577281193
paper_simulation_current_A,468.3127572016461,11.373370577281193
paper_simulation_current_A,469.1358024691358,11.405959031657357
paper_simulation_current_A,469.9588477366255,11.405959031657357
paper_simulation_current_A,470.7818930041152,11.43854748603352
paper_simulation_current_A,471.60493827160496,11.471135940409685
paper_simulation_current_A,472.42798353909467,11.471135940409685
paper_simulation_current_A,473.2510288065844,11.503724394785849
paper_simulation_current_A,474.0740740740741,11.503724394785849
paper_simulation_current_A,474.8971193415638,11.536312849162012
paper_simulation_current_A,475.7201646090535,11.568901303538176
paper_simulation_current_A,476.5432098765432,11.60148975791434
paper_simulation_current_A,477.36625514403295,11.60148975791434
paper_simulation_current_A,478.18930041152265,11.60148975791434
paper_simulation_current_A,479.01234567901236,11.60148975791434
paper_simulation_current_A,479.83539094650206,11.634078212290504
paper_simulation_current_A,480.65843621399176,11.666666666666668
paper_simulation_current_A,481.48148148148147,11.699255121042832
paper_simulation_current_A,482.30452674897117,11.699255121042832
paper_simulation_current_A,483.12757201646093,11.699255121042832
paper_simulation_current_A,483.95061728395063,11.731843575418996
paper_simulation_current_A,484.77366255144034,11.731843575418996
paper_simulation_current_A,485.59670781893004,11.76443202979516
paper_simulation_current_A,486.41975308641975,11.76443202979516
paper_simulation_current_A,487.24279835390945,11.797020484171323
paper_simulation_current_A,488.06584362139915,11.797020484171323
paper_simulation_current_A,488.8888888888889,11.829608938547487
paper_simulation_current_A,489.7119341563786,11.829608938547487
paper_simulation_current_A,490.5349794238683,11.862197392923651
paper_simulation_current_A,491.358024691358,11.862197392923651
paper_simulation_current_A,492.18106995884773,11.894785847299815
paper_simulation_current_A,493.00411522633743,11.894785847299815
paper_simulation_current_A,493.82716049382714,11.927374301675979
paper_simulation_current_A,494.6502057613169,11.927374301675979
paper_simulation_current_A,495.4732510288066,11.959962756052143
paper_simulation_current_A,496.2962962962963,11.959962756052143
paper_simulation_current_A,497.119341563786,11.959962756052143
paper_simulation_current_A,497.9423868312757,11.992551210428307
paper_simulation_current_A,498.7654320987654,11.992551210428307
paper_simulation_current_A,499.5884773662551,12.02513966480447
paper_simulation_current_A,500.4115226337449,12.02513966480447
paper_simulation_current_A,501.2345679012346,12.02513966480447
paper_simulation_current_A,502.0576131687243,12.02513966480447
paper_simulation_current_A,502.880658436214,12.02513966480447
paper_simulation_current_A,503.7037037037037,12.02513966480447
paper_simulation_current_A,504.5267489711934,12.02513966480447
paper_simulation_current_A,505.3497942386831,12.02513966480447
paper_simulation_current_A,506.17283950617286,12.02513966480447
paper_simulation_current_A,506.99588477366257,12.02513966480447
paper_simulation_current_A,507.81893004115227,12.02513966480447
paper_simulation_current_A,508.641975308642,11.992551210428307
paper_simulation_current_A,509.4650205761317,11.992551210428307
paper_simulation_current_A,510.2880658436214,11.992551210428307
paper_simulation_current_A,511.1111111111111,11.992551210428307
paper_simulation_current_A,511.93415637860085,11.992551210428307
paper_simulation_current_A,512.7572016460905,11.992551210428307
paper_simulation_current_A,513.5802469135803,11.992551210428307
paper_simulation_current_A,514.40329218107,12.02513966480447
paper_simulation_current_A,515.2263374485597,11.992551210428307
paper_simulation_current_A,516.0493827160494,11.992551210428307
paper_simulation_current_A,516.8724279835391,11.992551210428307
paper_simulation_current_A,517.6954732510288,11.992551210428307
paper_simulation_current_A,518.5185185185185,11.992551210428307
paper_simulation_current_A,519.3415637860082,12.02513966480447
paper_simulation_current_A,520.164609053498,12.02513966480447
paper_simulation_current_A,520.9876543209876,12.02513966480447
paper_simulation_current_A,521.8106995884774,12.02513966480447
paper_simulation_current_A,522.633744855967,12.02513966480447
paper_simulation_current_A,523.4567901234568,12.057728119180634
paper_simulation_current_A,524.2798353909465,12.057728119180634
paper_simulation_current_A,525.1028806584362,12.057728119180634
paper_simulation_current_A,525.925925925926,12.057728119180634
paper_simulation_current_A,526.7489711934156,12.057728119180634
paper_simulation_current_A,527.5720164609054,12.02513966480447
paper_simulation_current_A,528.395061728395,11.992551210428307
paper_simulation_current_A,529.2181069958848,11.992551210428307
paper_simulation_current_A,530.0411522633744,11.992551210428307
paper_simulation_current_A,530.8641975308642,11.992551210428307
paper_simulation_current_A,531.687242798354,12.02513966480447
paper_simulation_current_A,532.5102880658436,12.02513966480447
paper_simulation_current_A,533.3333333333334,12.02513966480447
paper_simulation_current_A,534.156378600823,12.02513966480447
paper_simulation_current_A,534.9794238683128,12.02513966480447
paper_simulation_current_A,535.8024691358024,12.02513966480447
paper_simulation_current_A,536.6255144032922,12.02513966480447
paper_simulation_current_A,537.448559670782,12.02513966480447
paper_simulation_current_A,538.2716049382716,12.02513966480447
paper_simulation_current_A,539.0946502057614,12.02513966480447
paper_simulation_current_A,539.917695473251,12.02513966480447
paper_simulation_current_A,540.7407407407408,12.02513966480447
paper_simulation_current_A,541.5637860082304,12.02513966480447
paper_simulation_current_A,542.3868312757202,12.02513966480447
paper_simulation_current_A,543.2098765432099,12.02513966480447
paper_simulation_current_A,544.0329218106996,12.02513966480447
paper_simulation_current_A,544.8559670781893,12.02513966480447
paper_simulation_current_A,545.679012345679,12.02513966480447
paper_simulation_current_A,546.5020576131687,12.02513966480447
paper_simulation_current_A,547.3251028806584,12.02513966480447
paper_simulation_current_A,548.1481481481482,11.992551210428307
paper_simulation_current_A,548.9711934156379,12.02513966480447
paper_simulation_current_A,549.7942386831276,12.02513966480447
paper_simulation_current_A,550.6172839506173,12.02513966480447
paper_simulation_current_A,551.440329218107,12.02513966480447
paper_simulation_current_A,552.2633744855967,12.02513966480447
paper_simulation_current_A,553.0864197530864,12.02513966480447
paper_simulation_current_A,553.9094650205761,12.02513966480447
paper_simulation_current_A,554.7325102880659,12.02513966480447
paper_simulation_current_A,555.5555555555555,12.02513966480447
paper_simulation_current_A,556.3786008230453,12.02513966480447
paper_simulation_current_A,557.201646090535,12.02513966480447
paper_simulation_current_A,558.0246913580247,12.02513966480447
paper_simulation_current_A,558.8477366255144,12.02513966480447
paper_simulation_current_A,559.6707818930041,12.02513966480447
paper_simulation_current_A,560.4938271604939,12.02513966480447
paper_simulation_current_A,561.3168724279835,12.02513966480447
paper_simulation_current_A,562.1399176954733,12.02513966480447
paper_simulation_current_A,562.9629629629629,12.02513966480447
paper_simulation_current_A,563.7860082304527,12.02513966480447
paper_simulation_current_A,564.6090534979423,12.02513966480447
paper_simulation_current_A,565.4320987654321,12.02513966480447
paper_simulation_current_A,566.2551440329219,12.02513966480447
paper_simulation_current_A,567.0781893004115,12.02513966480447
paper_simulation_current_A,567.9012345679013,11.992551210428307
paper_simulation_current_A,568.7242798353909,11.992551210428307
paper_simulation_current_A,569.5473251028807,11.992551210428307
paper_simulation_current_A,570.3703703703703,11.992551210428307
paper_simulation_current_A,571.1934156378601,11.992551210428307
paper_simulation_current_A,572.0164609053498,12.02513966480447
paper_simulation_current_A,572.8395061728395,12.02513966480447
paper_simulation_current_A,573.6625514403293,12.02513966480447
paper_simulation_current_A,574.4855967078189,12.02513966480447
paper_simulation_current_A,575.3086419753087,12.02513966480447
paper_simulation_current_A,576.1316872427983,12.02513966480447
paper_simulation_current_A,576.9547325102881,12.02513966480447
paper_simulation_current_A,577.7777777777778,12.02513966480447
paper_simulation_current_A,578.6008230452675,12.02513966480447
paper_simulation_current_A,579.4238683127572,11.992551210428307
paper_simulation_current_A,580.2469135802469,11.992551210428307
paper_simulation_current_A,581.0699588477366,11.992551210428307
paper_simulation_current_A,581.8930041152263,11.992551210428307
paper_simulation_current_A,582.716049382716,12.02513966480447
paper_simulation_current_A,583.5390946502058,12.02513966480447
paper_simulation_current_A,584.3621399176955,12.02513966480447
paper_simulation_current_A,585.1851851851852,12.02513966480447
paper_simulation_current_A,586.0082304526749,12.02513966480447
paper_simulation_current_A,586.8312757201646,11.992551210428307
paper_simulation_current_A,587.6543209876543,12.02513966480447
paper_simulation_current_A,588.477366255144,12.02513966480447
paper_simulation_current_A,589.3004115226338,12.02513966480447
paper_simulation_current_A,590.1234567901234,12.02513966480447
paper_simulation_current_A,590.9465020576132,12.02513966480447
paper_simulation_current_A,591.7695473251028,12.02513966480447
paper_simulation_current_A,592.5925925925926,12.02513966480447
paper_simulation_current_A,593.4156378600823,12.02513966480447
paper_simulation_current_A,594.238683127572,11.992551210428307
paper_simulation_current_A,595.0617283950618,11.992551210428307
paper_simulation_current_A,595.8847736625514,11.992551210428307
paper_simulation_current_A,596.7078189300412,11.992551210428307
paper_simulation_current_A,597.5308641975308,11.992551210428307
paper_simulation_current_A,598.3539094650206,11.992551210428307
paper_simulation_current_A,599.1769547325102,11.992551210428307
paper_simulation_current_A,600.0,11.959962756052143
paper_simulation_current_A,600.8230452674898,11.959962756052143
paper_simulation_current_A,601.6460905349794,11.959962756052143
paper_simulation_current_A,602.4691358024692,11.927374301675979
paper_simulation_current_A,603.2921810699588,11.862197392923651
paper_simulation_current_A,604.1152263374486,11.829608938547487
paper_simulation_current_A,604.9382716049382,11.797020484171323
paper_simulation_current_A,605.761316872428,11.76443202979516
paper_simulation_current_A,606.5843621399177,11.699255121042832
paper_simulation_current_A,607.4074074074074,11.699255121042832
paper_simulation_current_A,608.2304526748972,11.731843575418996
paper_simulation_current_A,609.0534979423868,11.666666666666668
paper_simulation_current_A,609.8765432098766,11.634078212290504
paper_simulation_current_A,610.6995884773662,11.60148975791434
paper_simulation_current_A,611.522633744856,11.568901303538176
paper_simulation_current_A,612.3456790123457,11.503724394785849
paper_simulation_current_A,613.1687242798354,11.503724394785849
paper_simulation_current_A,613.9917695473251,11.471135940409685
paper_simulation_current_A,614.8148148148148,11.43854748603352
paper_simulation_current_A,615.6378600823045,11.405959031657357
paper_simulation_current_A,616.4609053497942,11.373370577281193
paper_simulation_current_A,617.283950617284,11.308193668528865
paper_simulation_current_A,618.1069958847737,11.275605214152701
paper_simulation_current_A,618.9300411522634,11.243016759776538
paper_simulation_current_A,619.7530864197531,11.243016759776538
paper_simulation_current_A,620.5761316872428,11.17783985102421
paper_simulation_current_A,621.3991769547325,11.145251396648046
paper_simulation_current_A,622.2222222222222,11.112662942271882
paper_simulation_current_A,623.0452674897119,11.112662942271882
paper_simulation_current_A,623.8683127572017,11.080074487895718
paper_simulation_current_A,624.6913580246913,11.047486033519554
paper_simulation_current_A,625.5144032921811,11.01489757914339
paper_simulation_current_A,626.3374485596707,10.949720670391063
paper_simulation_current_A,627.1604938271605,10.917132216014899
paper_simulation_current_A,627.9835390946502,10.884543761638735
paper_simulation_current_A,628.8065843621399,10.884543761638735
paper_simulation_current_A,629.6296296296297,10.851955307262571
paper_simulation_current_A,630.4526748971193,10.819366852886407
paper_simulation_current_A,631.2757201646091,10.75418994413408
paper_simulation_current_A,632.0987654320987,10.721601489757916
paper_simulation_current_A,632.9218106995885,10.689013035381752
paper_simulation_current_A,633.7448559670781,10.656424581005588
paper_simulation_current_A,634.5679012345679,10.623836126629424
paper_simulation_current_A,635.3909465020577,10.623836126629424
paper_simulation_current_A,636.2139917695473,10.59124767225326
paper_simulation_current_A,637.0370370370371,10.558659217877096
paper_simulation_current_A,637.8600823045267,10.526070763500933
paper_simulation_current_A,638.6831275720165,10.493482309124769
paper_simulation_current_A,639.5061728395061,10.460893854748605
paper_simulation_current_A,640.3292181069959,10.428305400372441
paper_simulation_current_A,641.1522633744856,10.363128491620113
paper_simulation_current_A,641.9753086419753,10.33054003724395
paper_simulation_current_A,642.798353909465,10.33054003724395
paper_simulation_current_A,643.6213991769547,10.265363128491622
paper_simulation_current_A,644.4444444444445,10.232774674115458
paper_simulation_current_A,645.2674897119341,10.200186219739294
paper_simulation_current_A,646.0905349794239,10.200186219739294
paper_simulation_current_A,646.9135802469136,10.135009310986966
paper_simulation_current_A,647.7366255144033,10.102420856610802
paper_simulation_current_A,648.559670781893,10.069832402234638
paper_simulation_current_A,649.3827160493827,10.037243947858475
paper_simulation_current_A,650.2057613168724,10.037243947858475
paper_simulation_current_A,651.0288065843621,10.00465549348231
paper_simulation_current_A,651.8518518518518,9.972067039106147
paper_simulation_current_A,652.6748971193416,9.939478584729983
paper_simulation_current_A,653.4979423868313,9.874301675977655
paper_simulation_current_A,654.320987654321,9.841713221601491
paper_simulation_current_A,655.1440329218107,9.809124767225327
paper_simulation_current_A,655.9670781893004,9.776536312849164
paper_simulation_current_A,656.7901234567901,9.743947858473
paper_simulation_current_A,657.6131687242798,9.711359404096836
paper_simulation_current_A,658.4362139917696,9.678770949720672
paper_simulation_current_A,659.2592592592592,9.646182495344508
paper_simulation_current_A,660.082304526749,9.613594040968344
paper_simulation_current_A,660.9053497942386,9.58100558659218
paper_simulation_current_A,661.7283950617284,9.548417132216017
paper_simulation_current_A,662.551440329218,9.515828677839853
paper_simulation_current_A,663.3744855967078,9.483240223463689
paper_simulation_current_A,664.1975308641976,9.450651769087525
paper_simulation_current_A,665.0205761316872,9.450651769087525
paper_simulation_current_A,665.843621399177,9.385474860335197
paper_simulation_current_A,666.6666666666666,9.32029795158287
paper_simulation_current_A,667.4897119341564,9.287709497206706
paper_simulation_current_A,668.312757201646,9.287709497206706
paper_simulation_current_A,669.1358024691358,9.255121042830542
paper_simulation_current_A,669.9588477366256,9.189944134078214
paper_simulation_current_A,670.7818930041152,9.15735567970205
paper_simulation_current_A,671.604938271605,9.15735567970205
paper_simulation_current_A,672.4279835390946,9.092178770949722
paper_simulation_current_A,673.2510288065844,9.059590316573559
paper_simulation_current_A,674.074074074074,9.059590316573559
paper_simulation_current_A,674.8971193415638,9.027001862197395
paper_simulation_current_A,675.7201646090535,8.99441340782123
paper_simulation_current_A,676.5432098765432,8.929236499068903
paper_simulation_current_A,677.366255144033,8.89664804469274
paper_simulation_current_A,678.1893004115226,8.864059590316575
paper_simulation_current_A,679.0123456790124,8.831471135940411
paper_simulation_current_A,679.835390946502,8.831471135940411
paper_simulation_current_A,680.6584362139918,8.798882681564248
paper_simulation_current_A,681.4814814814815,8.766294227188084
paper_simulation_current_A,682.3045267489712,8.701117318435752
paper_simulation_current_A,683.1275720164609,8.668528864059589
paper_simulation_current_A,683.9506172839506,8.668528864059589
paper_simulation_current_A,684.7736625514403,8.635940409683425
paper_simulation_current_A,685.59670781893,8.635940409683425
paper_simulation_current_A,686.4197530864197,8.570763500931097
paper_simulation_current_A,687.2427983539095,8.50558659217877
paper_simulation_current_A,688.0658436213992,8.50558659217877
paper_simulation_current_A,688.8888888888889,8.472998137802605
paper_simulation_current_A,689.7119341563786,8.440409683426441
paper_simulation_current_A,690.5349794238683,8.407821229050278
paper_simulation_current_A,691.358024691358,8.375232774674114
paper_simulation_current_A,692.1810699588477,8.310055865921786
paper_simulation_current_A,693.0041152263375,8.277467411545622
paper_simulation_current_A,693.8271604938271,8.244878957169458
paper_simulation_current_A,694.6502057613169,8.212290502793294
paper_simulation_current_A,695.4732510288065,8.212290502793294
paper_simulation_current_A,696.2962962962963,8.17970204841713
paper_simulation_current_A,697.119341563786,8.147113594040967
paper_simulation_current_A,697.9423868312757,8.114525139664803
paper_simulation_current_A,698.7654320987655,8.114525139664803
paper_simulation_current_A,699.5884773662551,8.081936685288639
paper_simulation_current_A,700.4115226337449,8.081936685288639
paper_simulation_current_A,701.2345679012345,8.049348230912475
paper_simulation_current_A,702.0576131687243,8.049348230912475
paper_simulation_current_A,702.880658436214,8.049348230912475
paper_simulation_current_A,703.7037037037037,8.016759776536311
paper_simulation_current_A,704.5267489711935,8.016759776536311
paper_simulation_current_A,705.3497942386831,8.016759776536311
paper_simulation_current_A,706.1728395061729,8.049348230912475
paper_simulation_current_A,706.9958847736625,8.049348230912475
paper_simulation_current_A,707.8189300411523,8.016759776536311
paper_simulation_current_A,708.641975308642,8.049348230912475
paper_simulation_current_A,709.4650205761317,8.049348230912475
paper_simulation_current_A,710.2880658436214,8.016759776536311
paper_simulation_current_A,711.1111111111111,8.049348230912475
paper_simulation_current_A,711.9341563786008,8.049348230912475
paper_simulation_current_A,712.7572016460905,8.049348230912475
paper_simulation_current_A,713.5802469135803,8.049348230912475
paper_simulation_current_A,714.40329218107,8.049348230912475
paper_simulation_current_A,715.2263374485597,8.049348230912475
paper_simulation_current_A,716.0493827160494,8.016759776536311
paper_simulation_current_A,716.8724279835391,8.016759776536311
paper_simulation_current_A,717.6954732510288,8.016759776536311
paper_simulation_current_A,718.5185185185185,8.016759776536311
paper_simulation_current_A,719.3415637860082,8.049348230912475
paper_simulation_current_A,720.164609053498,8.049348230912475
paper_simulation_current_A,720.9876543209876,8.016759776536311
paper_simulation_current_A,721.8106995884774,8.016759776536311
paper_simulation_current_A,722.633744855967,8.016759776536311
paper_simulation_current_A,723.4567901234568,8.016759776536311
paper_simulation_current_A,724.2798353909465,8.049348230912475
paper_simulation_current_A,725.1028806584362,8.016759776536311
paper_simulation_current_A,725.925925925926,8.016759776536311
paper_simulation_current_A,726.7489711934156,8.016759776536311
paper_simulation_current_A,727.5720164609054,8.016759776536311
paper_simulation_current_A,728.395061728395,8.016759776536311
paper_simulation_current_A,729.2181069958848,8.016759776536311
paper_simulation_current_A,730.0411522633744,8.016759776536311
paper_simulation_current_A,730.8641975308642,8.016759776536311
paper_simulation_current_A,731.687242798354,8.016759776536311
paper_simulation_current_A,732.5102880658436,8.016759776536311
paper_simulation_current_A,733.3333333333334,8.016759776536311
paper_simulation_current_A,734.156378600823,8.016759776536311
paper_simulation_current_A,734.9794238683128,8.016759776536311
paper_simulation_current_A,735.8024691358024,8.016759776536311
paper_simulation_current_A,736.6255144032922,8.016759776536311
paper_simulation_current_A,737.448559670782,8.049348230912475
paper_simulation_current_A,738.2716049382716,8.049348230912475
paper_simulation_current_A,739.0946502057614,8.016759776536311
paper_simulation_current_A,739.917695473251,8.016759776536311
paper_simulation_current_A,740.7407407407408,8.016759776536311
paper_simulation_current_A,741.5637860082304,8.016759776536311
paper_simulation_current_A,742.3868312757202,8.016759776536311
paper_simulation_current_A,743.2098765432099,8.016759776536311
paper_simulation_current_A,744.0329218106996,8.016759776536311
paper_simulation_current_A,744.8559670781893,8.016759776536311
paper_simulation_current_A,745.679012345679,8.049348230912475
paper_simulation_current_A,746.5020576131687,8.049348230912475
paper_simulation_current_A,747.3251028806584,8.049348230912475
paper_simulation_current_A,748.1481481481482,8.049348230912475
paper_simulation_current_A,748.9711934156379,8.049348230912475
paper_simulation_current_A,749.7942386831276,8.049348230912475
paper_simulation_current_A,750.6172839506173,8.049348230912475
paper_simulation_current_A,751.440329218107,8.049348230912475
paper_simulation_current_A,752.2633744855967,8.049348230912475
paper_simulation_current_A,753.0864197530864,8.049348230912475
paper_simulation_current_A,753.9094650205761,8.049348230912475
paper_simulation_current_A,754.7325102880659,8.049348230912475
paper_simulation_current_A,755.5555555555555,8.049348230912475
paper_simulation_current_A,756.3786008230453,8.049348230912475
paper_simulation_current_A,757.201646090535,8.049348230912475
paper_simulation_current_A,758.0246913580247,8.049348230912475
paper_simulation_current_A,758.8477366255144,8.016759776536311
paper_simulation_current_A,759.6707818930041,8.049348230912475
paper_simulation_current_A,760.4938271604939,8.016759776536311
paper_simulation_current_A,761.3168724279835,8.016759776536311
paper_simulation_current_A,762.1399176954733,8.016759776536311
paper_simulation_current_A,762.9629629629629,8.016759776536311
paper_simulation_current_A,763.7860082304527,8.016759776536311
paper_simulation_current_A,764.6090534979423,8.016759776536311
paper_simulation_current_A,765.4320987654321,8.049348230912475
paper_simulation_current_A,766.2551440329219,8.049348230912475
paper_simulation_current_A,767.0781893004115,8.049348230912475
paper_simulation_current_A,767.9012345679013,8.049348230912475
paper_simulation_current_A,768.7242798353909,8.049348230912475
paper_simulation_current_A,769.5473251028807,8.049348230912475
paper_simulation_current_A,770.3703703703703,8.049348230912475
paper_simulation_current_A,771.1934156378601,8.016759776536311
paper_simulation_current_A,772.0164609053498,8.049348230912475
paper_simulation_current_A,772.8395061728395,8.016759776536311
paper_simulation_current_A,773.6625514403293,8.016759776536311
paper_simulation_current_A,774.4855967078189,8.016759776536311
paper_simulation_current_A,775.3086419753087,8.016759776536311
paper_simulation_current_A,776.1316872427983,8.016759776536311
paper_simulation_current_A,776.9547325102881,8.016759776536311
paper_simulation_current_A,777.7777777777778,8.016759776536311
paper_simulation_current_A,778.6008230452675,8.016759776536311
paper_simulation_current_A,779.4238683127572,8.016759776536311
paper_simulation_current_A,780.2469135802469,8.016759776536311
paper_simulation_current_A,781.0699588477366,8.016759776536311
paper_simulation_current_A,781.8930041152263,8.049348230912475
paper_simulation_current_A,782.716049382716,8.016759776536311
paper_simulation_current_A,783.5390946502058,8.049348230912475
paper_simulation_current_A,784.3621399176955,8.049348230912475
paper_simulation_current_A,785.1851851851852,8.049348230912475
paper_simulation_current_A,786.0082304526749,8.049348230912475
paper_simulation_current_A,786.8312757201646,8.049348230912475
paper_simulation_current_A,787.6543209876543,8.049348230912475
paper_simulation_current_A,788.477366255144,8.049348230912475
paper_simulation_current_A,789.3004115226338,8.049348230912475
paper_simulation_current_A,790.1234567901234,8.049348230912475
paper_simulation_current_A,790.9465020576132,8.049348230912475
paper_simulation_current_A,791.7695473251028,8.016759776536311
paper_simulation_current_A,792.5925925925926,8.016759776536311
paper_simulation_current_A,793.4156378600823,8.049348230912475
paper_simulation_current_A,794.238683127572,8.049348230912475
paper_simulation_current_A,795.0617283950618,8.016759776536311
paper_simulation_current_A,795.8847736625514,8.049348230912475
paper_simulation_current_A,796.7078189300412,8.049348230912475
paper_simulation_current_A,797.5308641975308,8.049348230912475
paper_simulation_current_A,798.3539094650206,8.081936685288639
paper_simulation_current_A,799.1769547325102,8.147113594040967
paper_simulation_current_A,800.0,8.17970204841713
paper_simulation_current_A,800.8230452674898,8.277467411545622
paper_simulation_current_A,801.6460905349794,8.440409683426441
paper_simulation_current_A,802.4691358024692,8.570763500931097
paper_simulation_current_A,803.2921810699588,8.668528864059589
paper_simulation_current_A,804.1152263374486,8.864059590316575
paper_simulation_current_A,804.9382716049382,8.929236499068903
paper_simulation_current_A,805.761316872428,9.027001862197395
paper_simulation_current_A,806.5843621399177,9.092178770949722
paper_simulation_current_A,807.4074074074074,9.352886405959033
paper_simulation_current_A,808.2304526748972,9.450651769087525
paper_simulation_current_A,809.0534979423868,9.548417132216017
paper_simulation_current_A,809.8765432098766,9.678770949720672
paper_simulation_current_A,810.6995884773662,9.841713221601491
paper_simulation_current_A,811.522633744856,10.00465549348231
paper_simulation_current_A,812.3456790123457,10.102420856610802
paper_simulation_current_A,813.1687242798354,10.232774674115458
paper_simulation_current_A,813.9917695473251,10.297951582867785
paper_simulation_current_A,814.8148148148148,10.460893854748605
paper_simulation_current_A,815.6378600823045,10.623836126629424
paper_simulation_current_A,816.4609053497942,10.75418994413408
paper_simulation_current_A,817.283950617284,10.884543761638735
paper_simulation_current_A,818.1069958847737,10.982309124767227
paper_simulation_current_A,818.9300411522634,11.080074487895718
paper_simulation_current_A,819.7530864197531,11.275605214152701
paper_simulation_current_A,820.5761316872428,11.405959031657357
paper_simulation_current_A,821.3991769547325,11.568901303538176
paper_simulation_current_A,822.2222222222222,11.731843575418996
paper_simulation_current_A,823.0452674897119,11.797020484171323
paper_simulation_current_A,823.8683127572017,11.829608938547487
paper_simulation_current_A,824.6913580246913,11.959962756052143
paper_simulation_current_A,825.5144032921811,12.155493482309126
paper_simulation_current_A,826.3374485596707,12.253258845437617
paper_simulation_current_A,827.1604938271605,12.4487895716946
paper_simulation_current_A,827.9835390946502,12.61173184357542
paper_simulation_current_A,828.8065843621399,12.742085661080075
paper_simulation_current_A,829.6296296296297,12.905027932960895
paper_simulation_current_A,830.4526748971193,13.002793296089386
paper_simulation_current_A,831.2757201646091,13.165735567970206
paper_simulation_current_A,832.0987654320987,13.263500931098697
paper_simulation_current_A,832.9218106995885,13.393854748603353
paper_simulation_current_A,833.7448559670781,13.491620111731844
paper_simulation_current_A,834.5679012345679,13.589385474860336
paper_simulation_current_A,835.3909465020577,13.78491620111732
paper_simulation_current_A,836.2139917695473,13.850093109869647
paper_simulation_current_A,837.0370370370371,14.078212290502794
paper_simulation_current_A,837.8600823045267,14.175977653631286
paper_simulation_current_A,838.6831275720165,14.273743016759777
paper_simulation_current_A,839.5061728395061,14.46927374301676
paper_simulation_current_A,840.3292181069959,14.567039106145252
paper_simulation_current_A,841.1522633744856,14.729981378026071
paper_simulation_current_A,841.9753086419753,14.762569832402235
paper_simulation_current_A,842.798353909465,14.958100558659218
paper_simulation_current_A,843.6213991769547,15.121042830540038
paper_simulation_current_A,844.4444444444445,15.088454376163874
paper_simulation_current_A,845.2674897119341,15.316573556797021
paper_simulation_current_A,846.0905349794239,15.47951582867784
paper_simulation_current_A,846.9135802469136,15.609869646182496
paper_simulation_current_A,847.7366255144033,15.740223463687151
paper_simulation_current_A,848.559670781893,15.837988826815643
paper_simulation_current_A,849.3827160493827,16.06610800744879
paper_simulation_current_A,850.2057613168724,16.196461824953445
paper_simulation_current_A,851.0288065843621,16.294227188081937
paper_simulation_current_A,851.8518518518518,16.3268156424581
paper_simulation_current_A,852.6748971193416,16.457169459962756
paper_simulation_current_A,853.4979423868313,16.65270018621974
paper_simulation_current_A,854.320987654321,16.783054003724395
paper_simulation_current_A,855.1440329218107,16.945996275605214
paper_simulation_current_A,855.9670781893004,17.043761638733706
paper_simulation_current_A,856.7901234567901,17.17411545623836
paper_simulation_current_A,857.6131687242798,17.271880819366853
paper_simulation_current_A,858.4362139917696,17.434823091247672
paper_simulation_current_A,859.2592592592592,17.532588454376164
paper_simulation_current_A,860.082304526749,17.76070763500931
paper_simulation_current_A,860.9053497942386,17.858472998137803
paper_simulation_current_A,861.7283950617284,17.956238361266294
paper_simulation_current_A,862.551440329218,18.151769087523277
paper_simulation_current_A,863.3744855967078,18.24953445065177
paper_simulation_current_A,864.1975308641976,18.314711359404097
paper_simulation_current_A,865.0205761316872,18.445065176908752
paper_simulation_current_A,865.843621399177,18.6731843575419
paper_simulation_current_A,866.6666666666666,18.77094972067039
paper_simulation_current_A,867.4897119341564,18.868715083798882
paper_simulation_current_A,868.312757201646,18.999068901303538
paper_simulation_current_A,869.1358024691358,19.129422718808193
paper_simulation_current_A,869.9588477366256,19.25977653631285
paper_simulation_current_A,870.7818930041152,19.390130353817504
paper_simulation_current_A,871.604938271605,19.52048417132216
paper_simulation_current_A,872.4279835390946,19.650837988826815
paper_simulation_current_A,873.2510288065844,19.813780260707635
paper_simulation_current_A,874.074074074074,19.94413407821229
paper_simulation_current_A,874.8971193415638,20.04189944134078
paper_simulation_current_A,875.7201646090535,20.27001862197393
paper_simulation_current_A,876.5432098765432,20.36778398510242
paper_simulation_current_A,877.366255144033,20.53072625698324
paper_simulation_current_A,878.1893004115226,20.563314711359403
paper_simulation_current_A,879.0123456790124,20.69366852886406
paper_simulation_current_A,879.835390946502,20.79143389199255
paper_simulation_current_A,880.6584362139918,20.95437616387337
paper_simulation_current_A,881.4814814814815,21.05214152700186
paper_simulation_current_A,882.3045267489712,21.11731843575419
paper_simulation_current_A,883.1275720164609,21.28026070763501
paper_simulation_current_A,883.9506172839506,21.443202979515828
paper_simulation_current_A,884.7736625514403,21.671322160148975
paper_simulation_current_A,885.59670781893,21.769087523277467
paper_simulation_current_A,886.4197530864197,21.932029795158286
paper_simulation_current_A,887.2427983539095,22.09497206703911
paper_simulation_current_A,888.0658436213992,22.225325884543764
paper_simulation_current_A,888.8888888888889,22.290502793296092
paper_simulation_current_A,889.7119341563786,22.453445065176908
paper_simulation_current_A,890.5349794238683,22.583798882681563
paper_simulation_current_A,891.358024691358,22.746741154562386
paper_simulation_current_A,892.1810699588477,22.87709497206704
paper_simulation_current_A,893.0041152263375,22.97486033519553
paper_simulation_current_A,893.8271604938271,23.072625698324025
paper_simulation_current_A,894.6502057613169,23.23556797020484
paper_simulation_current_A,895.4732510288065,23.365921787709496
paper_simulation_current_A,896.2962962962963,23.431098696461824
paper_simulation_current_A,897.119341563786,23.626629422718807
paper_simulation_current_A,897.9423868312757,23.691806331471135
paper_simulation_current_A,898.7654320987655,23.756983240223462
paper_simulation_current_A,899.5884773662551,23.887337057728118
paper_simulation_current_A,900.4115226337449,23.952513966480446
paper_simulation_current_A,901.2345679012345,23.985102420856613
paper_simulation_current_A,902.0576131687243,23.985102420856613
paper_simulation_current_A,902.880658436214,23.985102420856613
paper_simulation_current_A,903.7037037037037,23.985102420856613
paper_simulation_current_A,904.5267489711935,23.985102420856613
paper_simulation_current_A,905.3497942386831,23.985102420856613
paper_simulation_current_A,906.1728395061729,23.985102420856613
paper_simulation_current_A,906.9958847736625,23.985102420856613
paper_simulation_current_A,907.8189300411523,23.985102420856613
paper_simulation_current_A,908.641975308642,24.017690875232773
paper_simulation_current_A,909.4650205761317,24.017690875232773
paper_simulation_current_A,910.2880658436214,23.985102420856613
paper_simulation_current_A,911.1111111111111,23.985102420856613
paper_simulation_current_A,911.9341563786008,23.985102420856613
paper_simulation_current_A,912.7572016460905,23.985102420856613
paper_simulation_current_A,913.5802469135803,23.985102420856613
paper_simulation_current_A,914.40329218107,23.985102420856613
paper_simulation_current_A,915.2263374485597,24.017690875232773
paper_simulation_current_A,916.0493827160494,24.017690875232773
paper_simulation_current_A,916.8724279835391,23.985102420856613
paper_simulation_current_A,917.6954732510288,23.985102420856613
paper_simulation_current_A,918.5185185185185,23.985102420856613
paper_simulation_current_A,919.3415637860082,23.985102420856613
paper_simulation_current_A,920.164609053498,23.985102420856613
paper_simulation_current_A,920.9876543209876,23.985102420856613
paper_simulation_current_A,921.8106995884774,23.985102420856613
paper_simulation_current_A,922.633744855967,23.985102420856613
paper_simulation_current_A,923.4567901234568,24.017690875232773
paper_simulation_current_A,924.2798353909465,23.985102420856613
paper_simulation_current_A,925.1028806584362,24.017690875232773
paper_simulation_current_A,925.925925925926,24.017690875232773
paper_simulation_current_A,926.7489711934156,24.017690875232773
paper_simulation_current_A,927.5720164609054,24.017690875232773
paper_simulation_current_A,928.395061728395,24.017690875232773
paper_simulation_current_A,929.2181069958848,24.017690875232773
paper_simulation_current_A,930.0411522633744,24.017690875232773
paper_simulation_current_A,930.8641975308642,23.985102420856613
paper_simulation_current_A,931.687242798354,23.985102420856613
paper_simulation_current_A,932.5102880658436,23.985102420856613
paper_simulation_current_A,933.3333333333334,24.017690875232773
paper_simulation_current_A,934.156378600823,23.985102420856613
paper_simulation_current_A,934.9794238683128,24.017690875232773
paper_simulation_current_A,935.8024691358024,23.985102420856613
paper_simulation_current_A,936.6255144032922,23.985102420856613
paper_simulation_current_A,937.448559670782,23.985102420856613
paper_simulation_current_A,938.2716049382716,23.985102420856613
paper_simulation_current_A,939.0946502057614,23.985102420856613
paper_simulation_current_A,939.917695473251,23.985102420856613
paper_simulation_current_A,940.7407407407408,23.985102420856613
paper_simulation_current_A,941.5637860082304,24.017690875232773
paper_simulation_current_A,942.3868312757202,24.017690875232773
paper_simulation_current_A,943.2098765432099,24.017690875232773
paper_simulation_current_A,944.0329218106996,24.017690875232773
paper_simulation_current_A,944.8559670781893,24.017690875232773
paper_simulation_current_A,945.679012345679,23.985102420856613
paper_simulation_current_A,946.5020576131687,23.985102420856613
paper_simulation_current_A,947.3251028806584,23.985102420856613
paper_simulation_current_A,948.1481481481482,23.985102420856613
paper_simulation_current_A,948.9711934156379,23.985102420856613
paper_simulation_current_A,949.7942386831276,23.985102420856613
paper_simulation_current_A,950.6172839506173,23.985102420856613
paper_simulation_current_A,951.440329218107,23.985102420856613
paper_simulation_current_A,952.2633744855967,23.985102420856613
paper_simulation_current_A,953.0864197530864,23.985102420856613
paper_simulation_current_A,953.9094650205761,23.985102420856613
paper_simulation_current_A,954.7325102880659,23.985102420856613
paper_simulation_current_A,955.5555555555555,23.985102420856613
paper_simulation_current_A,956.3786008230453,24.017690875232773
paper_simulation_current_A,957.201646090535,24.017690875232773
paper_simulation_current_A,958.0246913580247,24.017690875232773
paper_simulation_current_A,958.8477366255144,24.017690875232773
paper_simulation_current_A,959.6707818930041,24.017690875232773
paper_simulation_current_A,960.4938271604939,23.985102420856613
paper_simulation_current_A,961.3168724279835,23.985102420856613
paper_simulation_current_A,962.1399176954733,23.985102420856613
paper_simulation_current_A,962.9629629629629,24.017690875232773
paper_simulation_current_A,963.7860082304527,24.017690875232773
paper_simulation_current_A,964.6090534979423,24.017690875232773
paper_simulation_current_A,965.4320987654321,24.017690875232773
paper_simulation_current_A,966.2551440329219,23.985102420856613
paper_simulation_current_A,967.0781893004115,23.985102420856613
paper_simulation_current_A,967.9012345679013,23.985102420856613
paper_simulation_current_A,968.7242798353909,23.985102420856613
paper_simulation_current_A,969.5473251028807,23.985102420856613
paper_simulation_current_A,970.3703703703703,24.017690875232773
paper_simulation_current_A,971.1934156378601,23.985102420856613
paper_simulation_current_A,972.0164609053498,23.985102420856613
paper_simulation_current_A,972.8395061728395,24.017690875232773
paper_simulation_current_A,973.6625514403293,24.017690875232773
paper_simulation_current_A,974.4855967078189,24.017690875232773
paper_simulation_current_A,975.3086419753087,24.017690875232773
paper_simulation_current_A,976.1316872427983,24.017690875232773
paper_simulation_current_A,976.9547325102881,24.017690875232773
paper_simulation_current_A,977.7777777777778,24.017690875232773
paper_simulation_current_A,978.6008230452675,24.017690875232773
paper_simulation_current_A,979.4238683127572,24.017690875232773
paper_simulation_current_A,980.2469135802469,24.017690875232773
paper_simulation_current_A,981.0699588477366,24.017690875232773
paper_simulation_current_A,981.8930041152263,23.985102420856613
paper_simulation_current_A,982.716049382716,23.985102420856613
paper_simulation_current_A,983.5390946502058,23.985102420856613
paper_simulation_current_A,984.3621399176955,23.985102420856613
paper_simulation_current_A,985.1851851851852,23.985102420856613
paper_simulation_current_A,986.0082304526749,23.985102420856613
paper_simulation_current_A,986.8312757201646,23.985102420856613
paper_simulation_current_A,987.6543209876543,23.985102420856613
paper_simulation_current_A,988.477366255144,23.985102420856613
paper_simulation_current_A,989.3004115226338,23.985102420856613
paper_simulation_current_A,990.1234567901234,23.985102420856613
paper_simulation_current_A,990.9465020576132,23.985102420856613
paper_simulation_current_A,991.7695473251028,23.985102420856613
paper_simulation_current_A,992.5925925925926,23.985102420856613
paper_simulation_current_A,993.4156378600823,23.985102420856613
paper_simulation_current_A,994.238683127572,23.985102420856613
paper_simulation_current_A,995.0617283950618,23.985102420856613
paper_simulation_current_A,995.8847736625514,24.017690875232773
paper_simulation_current_A,996.7078189300412,23.985102420856613
paper_simulation_current_A,997.5308641975308,23.985102420856613
paper_simulation_current_A,998.3539094650206,23.952513966480446
paper_simulation_current_A,999.1769547325102,23.952513966480446
paper_simulation_current_A,1000.0,23.919925512104285
paper_simulation_current_A,1000.8230452674898,23.887337057728118
paper_simulation_current_A,1001.6460905349794,23.854748603351958
paper_simulation_current_A,1002.4691358024692,23.78957169459963
paper_simulation_current_A,1003.2921810699588,23.724394785847302
paper_simulation_current_A,1004.1152263374486,23.594040968342647
paper_simulation_current_A,1004.9382716049382,23.52886405959032
paper_simulation_current_A,1005.761316872428,23.49627560521415
paper_simulation_current_A,1006.5843621399177,23.431098696461824
paper_simulation_current_A,1007.4074074074074,23.398510242085663
paper_simulation_current_A,1008.2304526748972,23.333333333333336
paper_simulation_current_A,1009.0534979423868,23.268156424581008
paper_simulation_current_A,1009.8765432098766,23.137802607076353
paper_simulation_current_A,1010.6995884773662,23.072625698324025
paper_simulation_current_A,1011.522633744856,23.040037243947857
paper_simulation_current_A,1012.3456790123457,22.97486033519553
paper_simulation_current_A,1013.1687242798354,22.94227188081937
paper_simulation_current_A,1013.9917695473251,22.87709497206704
paper_simulation_current_A,1014.8148148148148,22.746741154562386
paper_simulation_current_A,1015.6378600823045,22.68156424581006
paper_simulation_current_A,1016.4609053497942,22.64897579143389
paper_simulation_current_A,1017.283950617284,22.61638733705773
paper_simulation_current_A,1018.1069958847737,22.518621973929235
paper_simulation_current_A,1018.9300411522634,22.486033519553075
paper_simulation_current_A,1019.7530864197531,22.38826815642458
paper_simulation_current_A,1020.5761316872428,22.290502793296092
paper_simulation_current_A,1021.3991769547325,22.225325884543764
paper_simulation_current_A,1022.2222222222222,22.192737430167597
paper_simulation_current_A,1023.0452674897119,22.09497206703911
paper_simulation_current_A,1023.8683127572017,22.09497206703911
paper_simulation_current_A,1024.6913580246915,21.997206703910614
paper_simulation_current_A,1025.514403292181,21.932029795158286
paper_simulation_current_A,1026.3374485596707,21.866852886405958
paper_simulation_current_A,1027.1604938271605,21.80167597765363
paper_simulation_current_A,1027.9835390946503,21.769087523277467
paper_simulation_current_A,1028.80658436214,21.70391061452514
paper_simulation_current_A,1029.6296296296296,21.606145251396647
paper_simulation_current_A,1030.4526748971193,21.508379888268156
paper_simulation_current_A,1031.275720164609,21.47579143389199
paper_simulation_current_A,1032.0987654320988,21.410614525139664
paper_simulation_current_A,1032.9218106995884,21.345437616387336
paper_simulation_current_A,1033.7448559670781,21.28026070763501
paper_simulation_current_A,1034.567901234568,21.21508379888268
paper_simulation_current_A,1035.3909465020577,21.149906890130353
paper_simulation_current_A,1036.2139917695474,21.084729981378025
paper_simulation_current_A,1037.037037037037,21.019553072625698
paper_simulation_current_A,1037.8600823045267,20.986964618249534
paper_simulation_current_A,1038.6831275720165,20.921787709497206
paper_simulation_current_A,1039.5061728395062,20.79143389199255
paper_simulation_current_A,1040.329218106996,20.726256983240223
paper_simulation_current_A,1041.1522633744855,20.69366852886406
paper_simulation_current_A,1041.9753086419753,20.62849162011173
paper_simulation_current_A,1042.798353909465,20.53072625698324
paper_simulation_current_A,1043.6213991769548,20.465549348230912
paper_simulation_current_A,1044.4444444444443,20.400372439478584
paper_simulation_current_A,1045.267489711934,20.335195530726256
paper_simulation_current_A,1046.0905349794239,20.27001862197393
paper_simulation_current_A,1046.9135802469136,20.237430167597765
paper_simulation_current_A,1047.7366255144034,20.10707635009311
paper_simulation_current_A,1048.559670781893,20.074487895716945
paper_simulation_current_A,1049.3827160493827,20.04189944134078
paper_simulation_current_A,1050.2057613168724,19.976722532588454
paper_simulation_current_A,1051.0288065843622,19.94413407821229
paper_simulation_current_A,1051.851851851852,19.813780260707635
paper_simulation_current_A,1052.6748971193415,19.748603351955307
paper_simulation_current_A,1053.4979423868313,19.68342644320298
paper_simulation_current_A,1054.320987654321,19.61824953445065
paper_simulation_current_A,1055.1440329218108,19.553072625698324
paper_simulation_current_A,1055.9670781893003,19.52048417132216
paper_simulation_current_A,1056.79012345679,19.455307262569832
paper_simulation_current_A,1057.6131687242798,19.35754189944134
paper_simulation_current_A,1058.4362139917696,19.292364990689013
paper_simulation_current_A,1059.2592592592594,19.25977653631285
paper_simulation_current_A,1060.0823045267489,19.162011173184357
paper_simulation_current_A,1060.9053497942386,19.09683426443203
paper_simulation_current_A,1061.7283950617284,19.0316573556797
paper_simulation_current_A,1062.5514403292182,18.966480446927374
paper_simulation_current_A,1063.374485596708,18.901303538175046
paper_simulation_current_A,1064.1975308641975,18.83612662942272
paper_simulation_current_A,1065.0205761316872,18.77094972067039
paper_simulation_current_A,1065.843621399177,18.705772811918063
paper_simulation_current_A,1066.6666666666667,18.640595903165735
paper_simulation_current_A,1067.4897119341563,18.575418994413408
paper_simulation_current_A,1068.312757201646,18.542830540037244
paper_simulation_current_A,1069.1358024691358,18.477653631284916
paper_simulation_current_A,1069.9588477366256,18.34729981378026
paper_simulation_current_A,1070.7818930041153,18.314711359404097
paper_simulation_current_A,1071.6049382716049,18.24953445065177
paper_simulation_current_A,1072.4279835390946,18.18435754189944
paper_simulation_current_A,1073.2510288065844,18.08659217877095
paper_simulation_current_A,1074.0740740740741,18.021415270018622
paper_simulation_current_A,1074.897119341564,18.021415270018622
paper_simulation_current_A,1075.7201646090534,17.891061452513966
paper_simulation_current_A,1076.5432098765432,17.858472998137803
paper_simulation_current_A,1077.366255144033,17.82588454376164
paper_simulation_current_A,1078.1893004115227,17.695530726256983
paper_simulation_current_A,1079.0123456790122,17.59776536312849
paper_simulation_current_A,1079.835390946502,17.59776536312849
paper_simulation_current_A,1080.6584362139918,17.5
paper_simulation_current_A,1081.4814814814815,17.467411545623836
paper_simulation_current_A,1082.3045267489713,17.40223463687151
paper_simulation_current_A,1083.1275720164608,17.33705772811918
paper_simulation_current_A,1083.9506172839506,17.23929236499069
paper_simulation_current_A,1084.7736625514403,17.206703910614525
paper_simulation_current_A,1085.59670781893,17.108938547486034
paper_simulation_current_A,1086.4197530864199,17.043761638733706
paper_simulation_current_A,1087.2427983539094,16.978584729981378
paper_simulation_current_A,1088.0658436213992,16.978584729981378
paper_simulation_current_A,1088.888888888889,16.880819366852887
paper_simulation_current_A,1089.7119341563787,16.783054003724395
paper_simulation_current_A,1090.5349794238682,16.717877094972067
paper_simulation_current_A,1091.358024691358,16.65270018621974
paper_simulation_current_A,1092.1810699588477,16.554934823091248
paper_simulation_current_A,1093.0041152263375,16.522346368715084
paper_simulation_current_A,1093.8271604938273,16.48975791433892
paper_simulation_current_A,1094.6502057613168,16.424581005586592
paper_simulation_current_A,1095.4732510288065,16.359404096834265
paper_simulation_current_A,1096.2962962962963,16.294227188081937
paper_simulation_current_A,1097.119341563786,16.22905027932961
paper_simulation_current_A,1097.9423868312758,16.16387337057728
paper_simulation_current_A,1098.7654320987654,16.131284916201118
paper_simulation_current_A,1099.5884773662551,16.098696461824954
paper_simulation_current_A,1100.4115226337449,16.06610800744879
paper_simulation_current_A,1101.2345679012346,16.000931098696462
paper_simulation_current_A,1102.0576131687242,15.968342644320298
paper_simulation_current_A,1102.880658436214,15.968342644320298
paper_simulation_current_A,1103.7037037037037,15.968342644320298
paper_simulation_current_A,1104.5267489711935,15.968342644320298
paper_simulation_current_A,1105.3497942386832,16.000931098696462
paper_simulation_current_A,1106.1728395061727,16.000931098696462
paper_simulation_current_A,1106.9958847736625,16.000931098696462
paper_simulation_current_A,1107.8189300411523,16.000931098696462
paper_simulation_current_A,1108.641975308642,16.000931098696462
paper_simulation_current_A,1109.4650205761318,16.000931098696462
paper_simulation_current_A,1110.2880658436213,16.000931098696462
paper_simulation_current_A,1111.111111111111,16.000931098696462
paper_simulation_current_A,1111.9341563786008,16.000931098696462
paper_simulation_current_A,1112.7572016460906,16.000931098696462
paper_simulation_current_A,1113.5802469135801,16.000931098696462
paper_simulation_current_A,1114.40329218107,16.000931098696462
paper_simulation_current_A,1115.2263374485597,16.000931098696462
paper_simulation_current_A,1116.0493827160494,16.000931098696462
paper_simulation_current_A,1116.8724279835392,16.000931098696462
paper_simulation_current_A,1117.6954732510287,16.000931098696462
paper_simulation_current_A,1118.5185185185185,16.000931098696462
paper_simulation_current_A,1119.3415637860082,16.000931098696462
paper_simulation_current_A,1120.164609053498,16.000931098696462
paper_simulation_current_A,1120.9876543209878,16.000931098696462
paper_simulation_current_A,1121.8106995884773,16.000931098696462
paper_simulation_current_A,1122.633744855967,16.000931098696462
paper_simulation_current_A,1123.4567901234568,16.000931098696462
paper_simulation_current_A,1124.2798353909466,15.968342644320298
paper_simulation_current_A,1125.102880658436,15.968342644320298
paper_simulation_current_A,1125.9259259259259,16.000931098696462
paper_simulation_current_A,1126.7489711934156,16.000931098696462
paper_simulation_current_A,1127.5720164609054,15.968342644320298
paper_simulation_current_A,1128.3950617283951,15.968342644320298
paper_simulation_current_A,1129.2181069958847,16.000931098696462
paper_simulation_current_A,1130.0411522633744,16.000931098696462
paper_simulation_current_A,1130.8641975308642,16.000931098696462
paper_simulation_current_A,1131.687242798354,15.968342644320298
paper_simulation_current_A,1132.5102880658437,16.000931098696462
paper_simulation_current_A,1133.3333333333333,16.000931098696462
paper_simulation_current_A,1134.156378600823,16.000931098696462
paper_simulation_current_A,1134.9794238683128,16.000931098696462
paper_simulation_current_A,1135.8024691358025,16.000931098696462
paper_simulation_current_A,1136.625514403292,16.000931098696462
paper_simulation_current_A,1137.4485596707818,16.000931098696462
paper_simulation_current_A,1138.2716049382716,16.000931098696462
paper_simulation_current_A,1139.0946502057614,16.000931098696462
paper_simulation_current_A,1139.9176954732511,16.000931098696462
paper_simulation_current_A,1140.7407407407406,15.968342644320298
paper_simulation_current_A,1141.5637860082304,16.000931098696462
paper_simulation_current_A,1142.3868312757202,15.968342644320298
paper_simulation_current_A,1143.20987654321,16.000931098696462
paper_simulation_current_A,1144.0329218106997,15.968342644320298
paper_simulation_current_A,1144.8559670781892,16.000931098696462
paper_simulation_current_A,1145.679012345679,15.968342644320298
paper_simulation_current_A,1146.5020576131687,16.000931098696462
paper_simulation_current_A,1147.3251028806585,15.968342644320298
paper_simulation_current_A,1148.148148148148,15.968342644320298
paper_simulation_current_A,1148.9711934156378,15.968342644320298
paper_simulation_current_A,1149.7942386831276,16.000931098696462
paper_simulation_current_A,1150.6172839506173,16.000931098696462
paper_simulation_current_A,1151.440329218107,16.000931098696462
paper_simulation_current_A,1152.2633744855966,16.000931098696462
paper_simulation_current_A,1153.0864197530864,16.000931098696462
paper_simulation_current_A,1153.9094650205761,16.000931098696462
paper_simulation_current_A,1154.732510288066,16.000931098696462
paper_simulation_current_A,1155.5555555555557,16.000931098696462
paper_simulation_current_A,1156.3786008230452,16.000931098696462
paper_simulation_current_A,1157.201646090535,16.000931098696462
paper_simulation_current_A,1158.0246913580247,16.000931098696462
paper_simulation_current_A,1158.8477366255145,16.000931098696462
paper_simulation_current_A,1159.670781893004,16.000931098696462
paper_simulation_current_A,1160.4938271604938,16.000931098696462
paper_simulation_current_A,1161.3168724279835,16.000931098696462
paper_simulation_current_A,1162.1399176954733,16.000931098696462
paper_simulation_current_A,1162.962962962963,16.000931098696462
paper_simulation_current_A,1163.7860082304526,16.000931098696462
paper_simulation_current_A,1164.6090534979423,16.000931098696462
paper_simulation_current_A,1165.432098765432,16.000931098696462
paper_simulation_current_A,1166.2551440329219,16.000931098696462
paper_simulation_current_A,1167.0781893004116,15.968342644320298
paper_simulation_current_A,1167.9012345679012,15.968342644320298
paper_simulation_current_A,1168.724279835391,16.000931098696462
paper_simulation_current_A,1169.5473251028807,16.000931098696462
paper_simulation_current_A,1170.3703703703704,16.000931098696462
paper_simulation_current_A,1171.19341563786,16.000931098696462
paper_simulation_current_A,1172.0164609053497,16.000931098696462
paper_simulation_current_A,1172.8395061728395,16.000931098696462
paper_simulation_current_A,1173.6625514403293,16.000931098696462
paper_simulation_current_A,1174.485596707819,16.000931098696462
paper_simulation_current_A,1175.3086419753085,16.000931098696462
paper_simulation_current_A,1176.1316872427983,16.000931098696462
paper_simulation_current_A,1176.954732510288,16.000931098696462
paper_simulation_current_A,1177.7777777777778,16.000931098696462
paper_simulation_current_A,1178.6008230452676,16.000931098696462
paper_simulation_current_A,1179.4238683127571,16.000931098696462
paper_simulation_current_A,1180.2469135802469,16.000931098696462
paper_simulation_current_A,1181.0699588477366,16.000931098696462
paper_simulation_current_A,1181.8930041152264,16.000931098696462
paper_simulation_current_A,1182.716049382716,16.000931098696462
paper_simulation_current_A,1183.5390946502057,16.000931098696462
paper_simulation_current_A,1184.3621399176955,16.000931098696462
paper_simulation_current_A,1185.1851851851852,16.000931098696462
paper_simulation_current_A,1186.008230452675,16.000931098696462
paper_simulation_current_A,1186.8312757201645,16.000931098696462
paper_simulation_current_A,1187.6543209876543,16.000931098696462
paper_simulation_current_A,1188.477366255144,16.000931098696462
paper_simulation_current_A,1189.3004115226338,16.000931098696462
paper_simulation_current_A,1190.1234567901236,16.000931098696462
paper_simulation_current_A,1190.946502057613,16.000931098696462
paper_simulation_current_A,1191.7695473251028,15.968342644320298
paper_simulation_current_A,1192.5925925925926,16.000931098696462
paper_simulation_current_A,1193.4156378600824,16.000931098696462
paper_simulation_current_A,1194.238683127572,16.000931098696462
paper_simulation_current_A,1195.0617283950617,16.000931098696462
paper_simulation_current_A,1195.8847736625514,16.000931098696462
paper_simulation_current_A,1196.7078189300412,16.000931098696462
paper_simulation_current_A,1197.530864197531,16.000931098696462
paper_simulation_current_A,1198.3539094650205,16.000931098696462
paper_simulation_current_A,1199.1769547325102,16.000931098696462
paper_simulation_current_A,1200.0,16.000931098696462
