curve,data_x,data_y
experiment_T1_C,0.0,53.40167753960857
experiment_T1_C,0.8207934336525308,53.40167753960857
experiment_T1_C,1.6415868673050615,53.40167753960857
experiment_T1_C,2.462380300957592,53.40167753960857
experiment_T1_C,3.283173734610123,53.40167753960857
experiment_T1_C,4.1039671682626535,53.40167753960857
experiment_T1_C,4.924760601915184,53.40167753960857
experiment_T1_C,5.745554035567715,53.40167753960857
experiment_T1_C,6.566347469220246,53.42031686859273
experiment_T1_C,7.387140902872777,53.42031686859273
experiment_T1_C,8.207934336525307,53.513513513513516
experiment_T1_C,9.028727770177838,53.606710158434296
experiment_T1_C,9.849521203830369,53.606710158434296
experiment_T1_C,10.6703146374829,53.64398881640261
experiment_T1_C,11.49110807113543,53.58807082945014
experiment_T1_C,12.311901504787961,53.58807082945014
experiment_T1_C,13.132694938440492,53.606710158434296
experiment_T1_C,13.953488372093023,53.625349487418454
experiment_T1_C,14.774281805745554,53.65796831314073
experiment_T1_C,15.595075239398085,53.690587138863
experiment_T1_C,16.415868673050614,53.723205964585276
experiment_T1_C,17.236662106703147,53.75582479030755
experiment_T1_C,18.057455540355676,53.77446411929171
experiment_T1_C,18.87824897400821,53.793103448275865
experiment_T1_C,19.699042407660738,53.81174277726002
experiment_T1_C,20.51983584131327,53.77819198508854
experiment_T1_C,21.3406292749658,53.74464119291706
experiment_T1_C,22.161422708618332,53.711090400745576
experiment_T1_C,22.98221614227086,53.677539608574094
experiment_T1_C,23.803009575923394,53.64398881640261
experiment_T1_C,24.623803009575923,53.64398881640261
experiment_T1_C,25.444596443228455,53.68126747437093
experiment_T1_C,26.265389876880985,54.054054054054056
experiment_T1_C,27.086183310533517,54.14725069897484
experiment_T1_C,27.906976744186046,54.091332712022364
experiment_T1_C,28.72777017783858,54.11463187325256
experiment_T1_C,29.548563611491108,54.13793103448276
experiment_T1_C,30.369357045143637,54.16123019571295
experiment_T1_C,31.19015047879617,54.18452935694315
experiment_T1_C,32.0109439124487,54.20316868592731
experiment_T1_C,32.83173734610123,54.22180801491146
experiment_T1_C,33.65253077975376,54.2497670083877
experiment_T1_C,34.47332421340629,54.27772600186393
experiment_T1_C,35.294117647058826,54.333643988816405
experiment_T1_C,36.11491108071135,54.333643988816405
experiment_T1_C,36.935704514363884,54.352283317800556
experiment_T1_C,37.75649794801642,54.38257222739981
experiment_T1_C,38.57729138166895,54.41286113699907
experiment_T1_C,39.398084815321475,54.44315004659832
experiment_T1_C,40.21887824897401,54.473438956197576
experiment_T1_C,41.03967168262654,54.50372786579683
experiment_T1_C,41.86046511627907,54.53401677539608
experiment_T1_C,42.6812585499316,54.56430568499534
experiment_T1_C,43.50205198358413,54.5945945945946
experiment_T1_C,44.322845417236664,54.68779123951538
experiment_T1_C,45.14363885088919,54.72506989748369
experiment_T1_C,45.96443228454172,54.72506989748369
experiment_T1_C,46.785225718194255,54.61634047840944
experiment_T1_C,47.60601915184679,54.5076110593352
experiment_T1_C,48.42681258549931,54.39888164026095
experiment_T1_C,49.247606019151846,54.2901522211867
experiment_T1_C,50.06839945280438,54.18142280211246
experiment_T1_C,50.88919288645691,54.072693383038214
experiment_T1_C,51.70998632010944,54.0950605778192
experiment_T1_C,52.53077975376197,54.11742777260019
experiment_T1_C,53.3515731874145,54.13979496738118
experiment_T1_C,54.172366621067034,54.16216216216216
experiment_T1_C,54.99316005471956,54.18452935694315
experiment_T1_C,55.81395348837209,54.24044734389562
experiment_T1_C,56.634746922024625,54.27772600186393
experiment_T1_C,57.45554035567716,54.31500465983225
experiment_T1_C,58.276333789329684,54.4641192917055
experiment_T1_C,59.097127222982216,54.4641192917055
experiment_T1_C,59.91792065663475,54.48275862068965
experiment_T1_C,60.738714090287274,54.4641192917055
experiment_T1_C,61.55950752393981,54.44547996272134
experiment_T1_C,62.38030095759234,54.44547996272134
experiment_T1_C,63.20109439124487,54.352283317800556
experiment_T1_C,64.0218878248974,54.38956197576887
experiment_T1_C,64.84268125854993,54.38956197576887
experiment_T1_C,65.66347469220246,54.37092264678471
experiment_T1_C,66.484268125855,54.333643988816405
experiment_T1_C,67.30506155950752,54.37092264678471
experiment_T1_C,68.12585499316006,54.426840633737186
experiment_T1_C,68.94664842681259,54.4641192917055
experiment_T1_C,69.76744186046511,54.72506989748369
experiment_T1_C,70.58823529411765,54.74370922646785
experiment_T1_C,71.40902872777018,54.72506989748369
experiment_T1_C,72.2298221614227,54.706430568499535
experiment_T1_C,73.05061559507524,54.68779123951538
experiment_T1_C,73.87140902872777,54.66915191053122
experiment_T1_C,74.6922024623803,54.68779123951538
experiment_T1_C,75.51299589603283,54.44547996272134
experiment_T1_C,76.33378932968536,54.333643988816405
experiment_T1_C,77.1545827633379,54.37092264678471
experiment_T1_C,77.97537619699042,54.352283317800556
experiment_T1_C,78.79616963064295,54.333643988816405
experiment_T1_C,79.61696306429549,54.63187325256291
experiment_T1_C,80.43775649794802,54.65051258154706
experiment_T1_C,81.25854993160054,54.40820130475303
experiment_T1_C,82.07934336525308,54.259086672879775
experiment_T1_C,82.9001367989056,54.27772600186393
experiment_T1_C,83.72093023255815,54.24044734389562
experiment_T1_C,84.54172366621067,54.31500465983225
experiment_T1_C,85.3625170998632,54.38956197576887
experiment_T1_C,86.18331053351574,54.613233923578754
experiment_T1_C,87.00410396716826,54.613233923578754
experiment_T1_C,87.82489740082079,54.63187325256291
experiment_T1_C,88.64569083447333,54.706430568499535
experiment_T1_C,89.46648426812585,54.72506989748369
experiment_T1_C,90.28727770177838,54.63187325256291
experiment_T1_C,91.10807113543092,54.65051258154706
experiment_T1_C,91.92886456908344,54.5945945945946
experiment_T1_C,92.74965800273598,54.259086672879775
experiment_T1_C,93.57045143638851,54.22180801491146
experiment_T1_C,94.39124487004104,54.20316868592731
experiment_T1_C,95.21203830369357,54.18452935694315
experiment_T1_C,96.0328317373461,54.20316868592731
experiment_T1_C,96.85362517099863,54.20316868592731
experiment_T1_C,97.67441860465117,54.24044734389562
experiment_T1_C,98.49521203830369,54.426840633737186
experiment_T1_C,99.31600547195623,54.44547996272134
experiment_T1_C,100.13679890560876,54.44547996272134
experiment_T1_C,100.95759233926128,54.520037278657966
experiment_T1_C,101.77838577291382,54.538676607642124
experiment_T1_C,102.59917920656635,54.48275862068965
experiment_T1_C,103.41997264021887,54.40820130475303
experiment_T1_C,104.24076607387141,54.37092264678471
experiment_T1_C,105.06155950752394,54.14725069897484
experiment_T1_C,105.88235294117646,54.10997204100652
experiment_T1_C,106.703146374829,54.054054054054056
experiment_T1_C,107.52393980848153,54.01677539608574
experiment_T1_C,108.34473324213407,54.01677539608574
experiment_T1_C,109.1655266757866,54.55731593662628
experiment_T1_C,109.98632010943912,54.50139794967381
experiment_T1_C,110.80711354309166,54.55731593662628
experiment_T1_C,111.62790697674419,54.473438956197576
experiment_T1_C,112.44870041039671,54.38956197576887
experiment_T1_C,113.26949384404925,54.31500465983225
experiment_T1_C,114.09028727770178,54.29636533084809
experiment_T1_C,114.91108071135432,54.31500465983225
experiment_T1_C,115.73187414500684,54.29636533084809
experiment_T1_C,116.55266757865937,54.22180801491146
experiment_T1_C,117.3734610123119,54.27772600186393
experiment_T1_C,118.19425444596443,54.27772600186393
experiment_T1_C,119.01504787961696,54.01677539608574
experiment_T1_C,119.8358413132695,53.9049394221808
experiment_T1_C,120.65663474692202,53.886300093196645
experiment_T1_C,121.47742818057455,53.84902143522833
experiment_T1_C,122.29822161422709,53.86766076421249
experiment_T1_C,123.11901504787961,53.9049394221808
experiment_T1_C,123.93980848153215,53.86766076421249
experiment_T1_C,124.76060191518468,53.84902143522833
experiment_T1_C,125.5813953488372,54.18452935694315
experiment_T1_C,126.40218878248974,54.24044734389562
experiment_T1_C,127.22298221614227,54.24044734389562
experiment_T1_C,128.0437756497948,54.24044734389562
experiment_T1_C,128.86456908344732,54.27772600186393
experiment_T1_C,129.68536251709986,54.27772600186393
experiment_T1_C,130.5061559507524,54.259086672879775
experiment_T1_C,131.3269493844049,54.22180801491146
experiment_T1_C,132.14774281805745,54.20316868592731
experiment_T1_C,132.96853625171,54.165890027958994
experiment_T1_C,133.7893296853625,53.92357875116496
experiment_T1_C,134.61012311901504,53.86766076421249
experiment_T1_C,135.43091655266758,53.86766076421249
experiment_T1_C,136.25170998632012,54.14725069897484
experiment_T1_C,137.07250341997263,54.22180801491146
experiment_T1_C,137.89329685362517,53.86766076421249
experiment_T1_C,138.7140902872777,53.718546132339235
experiment_T1_C,139.53488372093022,53.718546132339235
experiment_T1_C,140.35567715458276,53.84902143522833
experiment_T1_C,141.1764705882353,54.10997204100652
experiment_T1_C,141.99726402188782,54.12861136999068
experiment_T1_C,142.81805745554036,54.10997204100652
experiment_T1_C,143.6388508891929,54.165890027958994
experiment_T1_C,144.4596443228454,54.165890027958994
experiment_T1_C,145.28043775649795,54.12861136999068
experiment_T1_C,146.1012311901505,53.84902143522833
experiment_T1_C,146.922024623803,53.793103448275865
experiment_T1_C,147.74281805745554,53.793103448275865
experiment_T1_C,148.56361149110808,53.83038210624417
experiment_T1_C,149.3844049247606,53.83038210624417
experiment_T1_C,150.20519835841313,53.81174277726002
experiment_T1_C,151.02599179206567,53.81174277726002
experiment_T1_C,151.8467852257182,54.14725069897484
experiment_T1_C,152.66757865937072,54.24044734389562
experiment_T1_C,153.48837209302326,54.22180801491146
experiment_T1_C,154.3091655266758,54.10997204100652
experiment_T1_C,155.1299589603283,53.9049394221808
experiment_T1_C,155.95075239398085,53.96085740913327
experiment_T1_C,156.7715458276334,54.01677539608574
experiment_T1_C,157.5923392612859,54.072693383038214
experiment_T1_C,158.41313269493844,54.12861136999068
experiment_T1_C,159.23392612859098,54.10997204100652
experiment_T1_C,160.0547195622435,54.12861136999068
experiment_T1_C,160.87551299589603,54.091332712022364
experiment_T1_C,161.69630642954857,53.83038210624417
experiment_T1_C,162.51709986320108,53.83038210624417
experiment_T1_C,163.33789329685362,53.9049394221808
experiment_T1_C,164.15868673050616,54.12861136999068
experiment_T1_C,164.97948016415867,54.12861136999068
experiment_T1_C,165.8002735978112,54.165890027958994
experiment_T1_C,166.62106703146375,54.12861136999068
experiment_T1_C,167.4418604651163,54.18452935694315
experiment_T1_C,168.2626538987688,54.22180801491146
experiment_T1_C,169.08344733242134,54.044734389561974
experiment_T1_C,169.90424076607388,53.86766076421249
experiment_T1_C,170.7250341997264,53.793103448275865
experiment_T1_C,171.54582763337893,53.84902143522833
experiment_T1_C,172.36662106703147,53.87698042870457
experiment_T1_C,173.18741450068399,53.9049394221808
experiment_T1_C,174.00820793433653,53.9049394221808
experiment_T1_C,174.82900136798906,53.92357875116496
experiment_T1_C,175.64979480164158,54.165890027958994
experiment_T1_C,176.47058823529412,54.24044734389562
experiment_T1_C,177.29138166894666,54.24044734389562
experiment_T1_C,178.11217510259917,54.20316868592731
experiment_T1_C,178.9329685362517,54.165890027958994
experiment_T1_C,179.75376196990425,54.12861136999068
experiment_T1_C,180.57455540355676,54.18452935694315
experiment_T1_C,181.3953488372093,54.18452935694315
experiment_T1_C,182.21614227086184,54.18452935694315
experiment_T1_C,183.03693570451438,53.94221808014912
experiment_T1_C,183.8577291381669,53.84902143522833
experiment_T1_C,184.67852257181943,53.793103448275865
experiment_T1_C,185.49931600547197,53.73718546132339
experiment_T1_C,186.32010943912448,53.83038210624417
experiment_T1_C,187.14090287277702,53.886300093196645
experiment_T1_C,187.96169630642956,53.83038210624417
experiment_T1_C,188.78248974008207,53.84902143522833
experiment_T1_C,189.6032831737346,53.84902143522833
experiment_T1_C,190.42407660738715,53.92357875116496
experiment_T1_C,191.24487004103966,54.22180801491146
experiment_T1_C,192.0656634746922,54.24044734389562
experiment_T1_C,192.88645690834474,54.24044734389562
experiment_T1_C,193.70725034199725,53.96085740913327
experiment_T1_C,194.5280437756498,53.979496738117426
experiment_T1_C,195.34883720930233,53.979496738117426
experiment_T1_C,196.16963064295484,53.99813606710158
experiment_T1_C,196.99042407660738,53.979496738117426
experiment_T1_C,197.81121751025992,53.94221808014912
experiment_T1_C,198.63201094391246,53.92357875116496
experiment_T1_C,199.45280437756497,53.96085740913327
experiment_T1_C,200.2735978112175,53.99813606710158
experiment_T1_C,201.09439124487005,53.99813606710158
experiment_T1_C,201.91518467852256,53.96085740913327
experiment_T1_C,202.7359781121751,53.92357875116496
experiment_T1_C,203.55677154582764,53.9049394221808
experiment_T1_C,204.37756497948016,53.9049394221808
experiment_T1_C,205.1983584131327,53.94221808014912
experiment_T1_C,206.01915184678523,53.94221808014912
experiment_T1_C,206.83994528043775,53.92357875116496
experiment_T1_C,207.6607387140903,53.94221808014912
experiment_T1_C,208.48153214774283,53.96085740913327
experiment_T1_C,209.30232558139534,53.99813606710158
experiment_T1_C,210.12311901504788,54.24044734389562
experiment_T1_C,210.94391244870042,54.27772600186393
experiment_T1_C,211.76470588235293,54.29636533084809
experiment_T1_C,212.58549931600547,54.31500465983225
experiment_T1_C,213.406292749658,54.31500465983225
experiment_T1_C,214.22708618331055,54.29636533084809
experiment_T1_C,215.04787961696306,54.27772600186393
experiment_T1_C,215.8686730506156,54.27772600186393
experiment_T1_C,216.68946648426814,54.27772600186393
experiment_T1_C,217.51025991792065,54.29636533084809
experiment_T1_C,218.3310533515732,54.29636533084809
experiment_T1_C,219.15184678522573,54.29636533084809
experiment_T1_C,219.97264021887824,54.31500465983225
experiment_T1_C,220.79343365253078,54.24044734389562
experiment_T1_C,221.61422708618332,54.01677539608574
experiment_T1_C,222.43502051983583,53.99813606710158
experiment_T1_C,223.25581395348837,53.99813606710158
experiment_T1_C,224.0766073871409,54.24044734389562
experiment_T1_C,224.89740082079342,54.27772600186393
experiment_T1_C,225.71819425444596,54.27772600186393
experiment_T1_C,226.5389876880985,54.27772600186393
experiment_T1_C,227.359781121751,54.27772600186393
experiment_T1_C,228.18057455540355,54.27772600186393
experiment_T1_C,229.0013679890561,54.27772600186393
experiment_T1_C,229.82216142270863,54.259086672879775
experiment_T1_C,230.64295485636114,54.24044734389562
experiment_T1_C,231.46374829001368,54.22180801491146
experiment_T1_C,232.28454172366622,54.4641192917055
experiment_T1_C,233.10533515731873,54.4641192917055
experiment_T1_C,233.92612859097127,54.44547996272134
experiment_T1_C,234.7469220246238,54.44547996272134
experiment_T1_C,235.56771545827633,54.426840633737186
experiment_T1_C,236.38850889192886,54.38956197576887
experiment_T1_C,237.2093023255814,54.40820130475303
experiment_T1_C,238.03009575923392,54.40820130475303
experiment_T1_C,238.85088919288646,54.38956197576887
experiment_T1_C,239.671682626539,54.37092264678471
experiment_T1_C,240.4924760601915,53.979496738117426
experiment_T1_C,241.31326949384405,53.96085740913327
experiment_T1_C,242.1340629274966,53.886300093196645
experiment_T1_C,242.9548563611491,53.96085740913327
experiment_T1_C,243.77564979480164,54.01677539608574
experiment_T1_C,244.59644322845418,54.15657036346691
experiment_T1_C,245.41723666210672,54.29636533084809
experiment_T1_C,246.23803009575923,54.27772600186393
experiment_T1_C,247.05882352941177,54.259086672879775
experiment_T1_C,247.8796169630643,54.259086672879775
experiment_T1_C,248.70041039671682,54.259086672879775
experiment_T1_C,249.52120383036936,54.259086672879775
experiment_T1_C,250.3419972640219,54.29636533084809
experiment_T1_C,251.1627906976744,54.29636533084809
experiment_T1_C,251.98358413132695,54.259086672879775
experiment_T1_C,252.8043775649795,54.26529978254116
experiment_T1_C,253.625170998632,54.27151289220255
experiment_T1_C,254.44596443228454,54.27772600186393
experiment_T1_C,255.26675786593708,54.28393911152532
experiment_T1_C,256.0875512995896,54.2901522211867
experiment_T1_C,256.90834473324213,54.29636533084809
experiment_T1_C,257.72913816689464,54.333643988816405
experiment_T1_C,258.5499316005472,54.352283317800556
experiment_T1_C,259.3707250341997,54.352283317800556
experiment_T1_C,260.19151846785223,54.31500465983225
experiment_T1_C,261.0123119015048,54.29636533084809
experiment_T1_C,261.8331053351573,54.259086672879775
experiment_T1_C,262.6538987688098,53.96085740913327
experiment_T1_C,263.4746922024624,53.81174277726002
experiment_T1_C,264.2954856361149,53.84902143522833
experiment_T1_C,265.1162790697674,53.94221808014912
experiment_T1_C,265.93707250342,54.24044734389562
experiment_T1_C,266.7578659370725,54.29636533084809
experiment_T1_C,267.578659370725,54.29636533084809
experiment_T1_C,268.3994528043776,54.29636533084809
experiment_T1_C,269.2202462380301,54.31500465983225
experiment_T1_C,270.04103967168265,54.29636533084809
experiment_T1_C,270.86183310533517,54.29636533084809
experiment_T1_C,271.6826265389877,54.31500465983225
experiment_T1_C,272.50341997264024,54.31500465983225
experiment_T1_C,273.32421340629276,54.27772600186393
experiment_T1_C,274.14500683994527,53.99813606710158
experiment_T1_C,274.96580027359784,53.979496738117426
experiment_T1_C,275.78659370725035,53.94221808014912
experiment_T1_C,276.60738714090286,53.9049394221808
experiment_T1_C,277.4281805745554,53.9049394221808
experiment_T1_C,278.24897400820794,53.92357875116496
experiment_T1_C,279.06976744186045,53.99813606710158
experiment_T1_C,279.890560875513,54.259086672879775
experiment_T1_C,280.71135430916553,54.259086672879775
experiment_T1_C,281.53214774281804,54.27772600186393
experiment_T1_C,282.3529411764706,54.31500465983225
experiment_T1_C,283.1737346101231,54.38956197576887
experiment_T1_C,283.99452804377563,54.40820130475303
experiment_T1_C,284.8153214774282,54.37092264678471
experiment_T1_C,285.6361149110807,54.38956197576887
experiment_T1_C,286.4569083447332,54.38956197576887
experiment_T1_C,287.2777017783858,54.426840633737186
experiment_T1_C,288.0984952120383,54.426840633737186
experiment_T1_C,288.9192886456908,54.352283317800556
experiment_T1_C,289.7400820793434,54.29636533084809
experiment_T1_C,290.5608755129959,53.979496738117426
experiment_T1_C,291.3816689466484,53.979496738117426
experiment_T1_C,292.202462380301,53.979496738117426
experiment_T1_C,293.0232558139535,53.99813606710158
experiment_T1_C,293.844049247606,54.01677539608574
experiment_T1_C,294.66484268125856,54.22180801491146
experiment_T1_C,295.4856361149111,54.22180801491146
experiment_T1_C,296.3064295485636,54.22180801491146
experiment_T1_C,297.12722298221615,53.979496738117426
experiment_T1_C,297.94801641586866,53.94221808014912
experiment_T1_C,298.7688098495212,53.94221808014912
experiment_T1_C,299.58960328317374,53.96085740913327
experiment_T1_C,300.41039671682626,54.27772600186393
experiment_T1_C,301.2311901504788,54.37092264678471
experiment_T1_C,302.05198358413134,54.38956197576887
experiment_T1_C,302.87277701778385,54.37092264678471
experiment_T1_C,303.6935704514364,54.22180801491146
experiment_T1_C,304.5143638850889,54.20316868592731
experiment_T1_C,305.33515731874144,53.96085740913327
experiment_T1_C,306.155950752394,53.886300093196645
experiment_T1_C,306.9767441860465,53.81174277726002
experiment_T1_C,307.797537619699,53.886300093196645
experiment_T1_C,308.6183310533516,53.94221808014912
experiment_T1_C,309.4391244870041,53.96085740913327
experiment_T1_C,310.2599179206566,53.979496738117426
experiment_T1_C,311.0807113543092,53.94221808014912
experiment_T1_C,311.9015047879617,53.979496738117426
experiment_T1_C,312.7222982216142,54.24044734389562
experiment_T1_C,313.5430916552668,54.37092264678471
experiment_T1_C,314.3638850889193,54.34296365330848
experiment_T1_C,315.1846785225718,54.31500465983225
experiment_T1_C,316.00547195622437,54.20316868592731
experiment_T1_C,316.8262653898769,53.886300093196645
experiment_T1_C,317.6470588235294,53.793103448275865
experiment_T1_C,318.46785225718196,53.793103448275865
experiment_T1_C,319.28864569083447,53.84902143522833
experiment_T1_C,320.109439124487,53.9049394221808
experiment_T1_C,320.93023255813955,53.96085740913327
experiment_T1_C,321.75102599179206,54.27772600186393
experiment_T1_C,322.5718194254446,54.333643988816405
experiment_T1_C,323.39261285909714,54.31500465983225
experiment_T1_C,324.21340629274965,54.27772600186393
experiment_T1_C,325.03419972640216,54.259086672879775
experiment_T1_C,325.85499316005473,53.979496738117426
experiment_T1_C,326.67578659370724,53.96085740913327
experiment_T1_C,327.49658002735976,53.94221808014912
experiment_T1_C,328.3173734610123,53.96085740913327
experiment_T1_C,329.13816689466483,53.99813606710158
experiment_T1_C,329.95896032831735,54.259086672879775
experiment_T1_C,330.7797537619699,54.38956197576887
experiment_T1_C,331.6005471956224,54.44547996272134
experiment_T1_C,332.421340629275,54.426840633737186
experiment_T1_C,333.2421340629275,54.24044734389562
experiment_T1_C,334.06292749658,53.94221808014912
experiment_T1_C,334.8837209302326,53.9049394221808
experiment_T1_C,335.7045143638851,53.94221808014912
experiment_T1_C,336.5253077975376,53.9049394221808
experiment_T1_C,337.3461012311902,53.86766076421249
experiment_T1_C,338.1668946648427,53.84902143522833
experiment_T1_C,338.9876880984952,53.83038210624417
experiment_T1_C,339.80848153214777,53.886300093196645
experiment_T1_C,340.6292749658003,53.886300093196645
experiment_T1_C,341.4500683994528,53.84902143522833
experiment_T1_C,342.27086183310536,53.84902143522833
experiment_T1_C,343.09165526675787,53.84902143522833
experiment_T1_C,343.9124487004104,53.86766076421249
experiment_T1_C,344.73324213406295,53.84902143522833
experiment_T1_C,345.55403556771546,53.86766076421249
experiment_T1_C,346.37482900136797,53.84902143522833
experiment_T1_C,347.19562243502054,54.24044734389562
experiment_T1_C,348.01641586867305,54.31500465983225
experiment_T1_C,348.83720930232556,54.31500465983225
experiment_T1_C,349.65800273597813,54.27772600186393
experiment_T1_C,350.47879616963064,54.27772600186393
experiment_T1_C,351.29958960328315,54.27772600186393
experiment_T1_C,352.1203830369357,54.27772600186393
experiment_T1_C,352.94117647058823,54.259086672879775
experiment_T1_C,353.76196990424074,54.259086672879775
experiment_T1_C,354.5827633378933,54.24044734389562
experiment_T1_C,355.4035567715458,54.22180801491146
experiment_T1_C,356.22435020519833,54.24044734389562
experiment_T1_C,357.0451436388509,54.259086672879775
experiment_T1_C,357.8659370725034,54.259086672879775
experiment_T1_C,358.6867305061559,54.259086672879775
experiment_T1_C,359.5075239398085,54.24044734389562
experiment_T1_C,360.328317373461,54.18452935694315
experiment_T1_C,361.1491108071135,53.979496738117426
experiment_T1_C,361.9699042407661,53.96085740913327
experiment_T1_C,362.7906976744186,53.94221808014912
experiment_T1_C,363.61149110807116,53.96085740913327
experiment_T1_C,364.4322845417237,53.94221808014912
experiment_T1_C,365.2530779753762,53.9049394221808
experiment_T1_C,366.07387140902875,53.886300093196645
experiment_T1_C,366.89466484268127,53.94221808014912
experiment_T1_C,367.7154582763338,53.94221808014912
experiment_T1_C,368.53625170998635,53.94221808014912
experiment_T1_C,369.35704514363886,53.92357875116496
experiment_T1_C,370.17783857729137,53.886300093196645
experiment_T1_C,370.99863201094394,53.9049394221808
experiment_T1_C,371.81942544459645,53.94221808014912
experiment_T1_C,372.64021887824896,53.94687791239515
experiment_T1_C,373.4610123119015,53.95153774464119
experiment_T1_C,374.28180574555404,53.956197576887234
experiment_T1_C,375.10259917920655,53.96085740913327
experiment_T1_C,375.9233926128591,53.9049394221808
experiment_T1_C,376.74418604651163,53.92357875116496
experiment_T1_C,377.56497948016414,53.9049394221808
experiment_T1_C,378.3857729138167,53.96085740913327
experiment_T1_C,379.2065663474692,54.22180801491146
experiment_T1_C,380.02735978112173,54.22180801491146
experiment_T1_C,380.8481532147743,54.22180801491146
experiment_T1_C,381.6689466484268,53.96085740913327
experiment_T1_C,382.4897400820793,53.92357875116496
experiment_T1_C,383.3105335157319,53.886300093196645
experiment_T1_C,384.1313269493844,53.92357875116496
experiment_T1_C,384.9521203830369,54.24044734389562
experiment_T1_C,385.7729138166895,54.24044734389562
experiment_T1_C,386.593707250342,54.24044734389562
experiment_T1_C,387.4145006839945,54.24044734389562
experiment_T1_C,388.2352941176471,54.259086672879775
experiment_T1_C,389.0560875512996,54.27772600186393
experiment_T1_C,389.8768809849521,54.24044734389562
experiment_T1_C,390.69767441860466,54.27772600186393
experiment_T1_C,391.5184678522572,54.27772600186393
experiment_T1_C,392.3392612859097,54.27772600186393
experiment_T1_C,393.16005471956225,54.0354147250699
experiment_T1_C,393.98084815321477,53.99813606710158
experiment_T1_C,394.80164158686733,53.979496738117426
experiment_T1_C,395.62243502051984,53.979496738117426
experiment_T1_C,396.44322845417236,53.979496738117426
experiment_T1_C,397.2640218878249,53.979496738117426
experiment_T1_C,398.08481532147744,54.20316868592731
experiment_T1_C,398.90560875512995,54.22180801491146
experiment_T1_C,399.7264021887825,54.259086672879775
experiment_T1_C,400.547195622435,54.259086672879775
experiment_T1_C,401.36798905608754,54.20316868592731
experiment_T1_C,402.1887824897401,54.259086672879775
experiment_T1_C,403.0095759233926,54.259086672879775
experiment_T1_C,403.83036935704513,54.27772600186393
experiment_T1_C,404.6511627906977,54.24044734389562
experiment_T1_C,405.4719562243502,54.27772600186393
experiment_T1_C,406.2927496580027,54.37092264678471
experiment_T1_C,407.1135430916553,54.259086672879775
experiment_T1_C,407.9343365253078,54.22180801491146
experiment_T1_C,408.7551299589603,54.22180801491146
experiment_T1_C,409.5759233926129,54.22180801491146
experiment_T1_C,410.3967168262654,54.20316868592731
experiment_T1_C,411.2175102599179,54.24044734389562
experiment_T1_C,412.03830369357047,54.259086672879775
experiment_T1_C,412.859097127223,54.20316868592731
experiment_T1_C,413.6798905608755,53.94221808014912
experiment_T1_C,414.50068399452806,53.92357875116496
experiment_T1_C,415.3214774281806,53.94221808014912
experiment_T1_C,416.1422708618331,53.979496738117426
experiment_T1_C,416.96306429548565,53.99813606710158
experiment_T1_C,417.78385772913816,54.01677539608574
experiment_T1_C,418.6046511627907,54.24044734389562
experiment_T1_C,419.42544459644324,54.259086672879775
experiment_T1_C,420.24623803009575,54.24044734389562
experiment_T1_C,421.06703146374826,54.24044734389562
experiment_T1_C,421.88782489740083,54.24044734389562
experiment_T1_C,422.70861833105334,54.22180801491146
experiment_T1_C,423.52941176470586,54.22180801491146
experiment_T1_C,424.3502051983584,54.22180801491146
experiment_T1_C,425.17099863201094,53.99813606710158
experiment_T1_C,425.99179206566345,53.99813606710158
experiment_T1_C,426.812585499316,53.96085740913327
experiment_T1_C,427.6333789329685,53.94221808014912
experiment_T1_C,428.4541723666211,53.9049394221808
experiment_T1_C,429.2749658002736,53.9049394221808
experiment_T1_C,430.0957592339261,53.979496738117426
experiment_T1_C,430.9165526675787,54.259086672879775
experiment_T1_C,431.7373461012312,54.31500465983225
experiment_T1_C,432.5581395348837,54.37092264678471
experiment_T1_C,433.3789329685363,54.333643988816405
experiment_T1_C,434.1997264021888,53.99813606710158
experiment_T1_C,435.0205198358413,53.9049394221808
experiment_T1_C,435.84131326949387,53.96085740913327
experiment_T1_C,436.6621067031464,54.01677539608574
experiment_T1_C,437.4829001367989,54.007455731593666
experiment_T1_C,438.30369357045146,53.99813606710158
experiment_T1_C,439.12448700410397,53.886300093196645
experiment_T1_C,439.9452804377565,53.83038210624417
experiment_T1_C,440.76607387140905,53.793103448275865
experiment_T1_C,441.58686730506156,53.886300093196645
experiment_T1_C,442.40766073871407,53.94221808014912
experiment_T1_C,443.22845417236664,53.96085740913327
experiment_T1_C,444.04924760601915,53.979496738117426
experiment_T1_C,444.87004103967166,53.979496738117426
experiment_T1_C,445.69083447332423,53.99813606710158
experiment_T1_C,446.51162790697674,54.259086672879775
experiment_T1_C,447.33242134062925,54.27772600186393
experiment_T1_C,448.1532147742818,54.27772600186393
experiment_T1_C,448.97400820793433,54.27772600186393
experiment_T1_C,449.79480164158684,54.27772600186393
experiment_T1_C,450.6155950752394,54.24044734389562
experiment_T1_C,451.4363885088919,54.141037589313456
experiment_T1_C,452.25718194254443,54.04162783473128
experiment_T1_C,453.077975376197,53.94221808014912
experiment_T1_C,453.8987688098495,53.94221808014912
experiment_T1_C,454.719562243502,53.94221808014912
experiment_T1_C,455.5403556771546,53.96085740913327
experiment_T1_C,456.3611491108071,54.01677539608574
experiment_T1_C,457.1819425444596,54.259086672879775
experiment_T1_C,458.0027359781122,54.22180801491146
experiment_T1_C,458.8235294117647,53.99813606710158
experiment_T1_C,459.64432284541726,53.99813606710158
experiment_T1_C,460.4651162790698,53.99813606710158
experiment_T1_C,461.2859097127223,53.99440820130475
experiment_T1_C,462.10670314637485,53.990680335507925
experiment_T1_C,462.92749658002737,53.98695246971109
experiment_T1_C,463.7482900136799,53.98322460391426
experiment_T1_C,464.56908344733245,53.979496738117426
experiment_T1_C,465.38987688098496,53.99813606710158
experiment_T1_C,466.21067031463747,54.10065237651445
experiment_T1_C,467.03146374829004,54.20316868592731
experiment_T1_C,467.85225718194255,54.24044734389562
experiment_T1_C,468.67305061559506,54.24044734389562
experiment_T1_C,469.4938440492476,54.24044734389562
experiment_T1_C,470.31463748290014,54.01677539608574
experiment_T1_C,471.13543091655265,53.86766076421249
experiment_T1_C,471.9562243502052,53.75582479030755
experiment_T1_C,472.77701778385773,53.75582479030755
experiment_T1_C,473.59781121751024,53.886300093196645
experiment_T1_C,474.4186046511628,54.259086672879775
experiment_T1_C,475.2393980848153,54.259086672879775
experiment_T1_C,476.06019151846783,54.27772600186393
experiment_T1_C,476.8809849521204,54.31500465983225
experiment_T1_C,477.7017783857729,54.29636533084809
experiment_T1_C,478.5225718194254,54.333643988816405
experiment_T1_C,479.343365253078,54.38956197576887
experiment_T1_C,480.1641586867305,54.37092264678471
experiment_T1_C,480.984952120383,54.333643988816405
experiment_T1_C,481.8057455540356,54.333643988816405
experiment_T1_C,482.6265389876881,54.22180801491146
experiment_T1_C,483.4473324213406,53.96085740913327
experiment_T1_C,484.2681258549932,53.92357875116496
experiment_T1_C,485.0889192886457,53.94221808014912
experiment_T1_C,485.9097127222982,53.92357875116496
experiment_T1_C,486.73050615595076,53.94221808014912
experiment_T1_C,487.5512995896033,53.96085740913327
experiment_T1_C,488.3720930232558,53.96085740913327
experiment_T1_C,489.19288645690835,53.979496738117426
experiment_T1_C,490.01367989056087,54.27772600186393
experiment_T1_C,490.83447332421343,54.40820130475303
experiment_T1_C,491.65526675786595,54.352283317800556
experiment_T1_C,492.47606019151846,54.31500465983225
experiment_T1_C,493.296853625171,54.01677539608574
experiment_T1_C,494.11764705882354,53.92357875116496
experiment_T1_C,494.93844049247605,53.9049394221808
experiment_T1_C,495.7592339261286,53.9049394221808
experiment_T1_C,496.5800273597811,53.94221808014912
experiment_T1_C,497.40082079343364,53.94221808014912
experiment_T1_C,498.2216142270862,53.9049394221808
experiment_T1_C,499.0424076607387,53.84902143522833
experiment_T1_C,499.86320109439123,53.86766076421249
experiment_T1_C,500.6839945280438,54.24044734389562
experiment_T1_C,501.5047879616963,54.259086672879775
experiment_T1_C,502.3255813953488,53.99813606710158
experiment_T1_C,503.1463748290014,53.92357875116496
experiment_T1_C,503.9671682626539,53.92357875116496
experiment_T1_C,504.7879616963064,53.92357875116496
experiment_T1_C,505.608755129959,53.94221808014912
experiment_T1_C,506.4295485636115,53.979496738117426
experiment_T1_C,507.250341997264,53.99813606710158
experiment_T1_C,508.07113543091657,53.99813606710158
experiment_T1_C,508.8919288645691,53.99813606710158
experiment_T1_C,509.7127222982216,53.979496738117426
experiment_T1_C,510.53351573187416,53.99813606710158
experiment_T1_C,511.3543091655267,53.99813606710158
experiment_T1_C,512.1751025991792,54.20316868592731
experiment_T1_C,512.9958960328318,54.20316868592731
experiment_T1_C,513.8166894664843,53.99813606710158
experiment_T1_C,514.6374829001368,53.979496738117426
experiment_T1_C,515.4582763337893,53.96085740913327
experiment_T1_C,516.2790697674419,53.94221808014912
experiment_T1_C,517.0998632010944,53.979496738117426
experiment_T1_C,517.9206566347469,54.37092264678471
experiment_T1_C,518.7414500683994,54.31500465983225
experiment_T1_C,519.562243502052,54.29636533084809
experiment_T1_C,520.3830369357045,54.259086672879775
experiment_T1_C,521.2038303693571,54.259086672879775
experiment_T1_C,522.0246238030096,54.29636533084809
experiment_T1_C,522.8454172366621,54.27772600186393
experiment_T1_C,523.6662106703146,54.27772600186393
experiment_T1_C,524.4870041039671,54.259086672879775
experiment_T1_C,525.3077975376196,54.259086672879775
experiment_T1_C,526.1285909712723,54.27772600186393
experiment_T1_C,526.9493844049248,54.259086672879775
experiment_T1_C,527.7701778385773,54.259086672879775
experiment_T1_C,528.5909712722298,54.259086672879775
experiment_T1_C,529.4117647058823,54.259086672879775
experiment_T1_C,530.2325581395348,54.31500465983225
experiment_T1_C,531.0533515731875,54.31500465983225
experiment_T1_C,531.87414500684,54.31500465983225
experiment_T1_C,532.6949384404925,54.37092264678471
experiment_T1_C,533.515731874145,54.4175209692451
experiment_T1_C,534.3365253077975,54.4641192917055
experiment_T1_C,535.15731874145,54.36160298229264
experiment_T1_C,535.9781121751026,54.259086672879775
experiment_T1_C,536.7989056087551,54.24044734389562
experiment_T1_C,537.6196990424077,54.259086672879775
experiment_T1_C,538.4404924760602,54.27772600186393
experiment_T1_C,539.2612859097127,54.27772600186393
experiment_T1_C,540.0820793433653,54.27772600186393
experiment_T1_C,540.9028727770178,54.18452935694315
experiment_T1_C,541.7236662106703,54.22180801491146
experiment_T1_C,542.5444596443228,54.259086672879775
experiment_T1_C,543.3652530779754,54.29636533084809
experiment_T1_C,544.1860465116279,54.38956197576887
experiment_T1_C,545.0068399452805,54.38956197576887
experiment_T1_C,545.827633378933,54.31500465983225
experiment_T1_C,546.6484268125855,54.27772600186393
experiment_T1_C,547.469220246238,54.13793103448276
experiment_T1_C,548.2900136798905,53.99813606710158
experiment_T1_C,549.110807113543,54.259086672879775
experiment_T1_C,549.9316005471957,54.22180801491146
experiment_T1_C,550.7523939808482,54.24044734389562
experiment_T1_C,551.5731874145007,54.259086672879775
experiment_T1_C,552.3939808481532,54.259086672879775
experiment_T1_C,553.2147742818057,54.259086672879775
experiment_T1_C,554.0355677154582,54.259086672879775
experiment_T1_C,554.8563611491109,54.22180801491146
experiment_T1_C,555.6771545827634,53.886300093196645
experiment_T1_C,556.4979480164159,53.86766076421249
experiment_T1_C,557.3187414500684,53.86766076421249
experiment_T1_C,558.1395348837209,54.24044734389562
experiment_T1_C,558.9603283173734,54.31500465983225
experiment_T1_C,559.781121751026,54.44547996272134
experiment_T1_C,560.6019151846785,54.37092264678471
experiment_T1_C,561.4227086183311,54.40820130475303
experiment_T1_C,562.2435020519836,54.40820130475303
experiment_T1_C,563.0642954856361,54.29636533084809
experiment_T1_C,563.8850889192886,54.259086672879775
experiment_T1_C,564.7058823529412,54.24044734389562
experiment_T1_C,565.5266757865937,54.22180801491146
experiment_T1_C,566.3474692202462,54.22180801491146
experiment_T1_C,567.1682626538988,54.22180801491146
experiment_T1_C,567.9890560875513,54.18452935694315
experiment_T1_C,568.8098495212039,54.18452935694315
experiment_T1_C,569.6306429548564,54.18452935694315
experiment_T1_C,570.4514363885089,54.20316868592731
experiment_T1_C,571.2722298221614,54.27772600186393
experiment_T1_C,572.0930232558139,54.27772600186393
experiment_T1_C,572.9138166894664,54.27772600186393
experiment_T1_C,573.7346101231191,54.29636533084809
experiment_T1_C,574.5554035567716,54.31500465983225
experiment_T1_C,575.3761969904241,54.29636533084809
experiment_T1_C,576.1969904240766,54.27772600186393
experiment_T1_C,577.0177838577291,54.259086672879775
experiment_T1_C,577.8385772913816,54.27772600186393
experiment_T1_C,578.6593707250343,54.259086672879775
experiment_T1_C,579.4801641586868,54.259086672879775
experiment_T1_C,580.3009575923393,54.29636533084809
experiment_T1_C,581.1217510259918,54.29636533084809
experiment_T1_C,581.9425444596443,53.979496738117426
experiment_T1_C,582.7633378932968,53.96085740913327
experiment_T1_C,583.5841313269494,53.886300093196645
experiment_T1_C,584.404924760602,53.94221808014912
experiment_T1_C,585.2257181942545,53.99813606710158
experiment_T1_C,586.046511627907,54.20316868592731
experiment_T1_C,586.8673050615595,54.22180801491146
experiment_T1_C,587.688098495212,54.01677539608574
experiment_T1_C,588.5088919288646,53.979496738117426
experiment_T1_C,589.3296853625171,53.96085740913327
experiment_T1_C,590.1504787961696,53.96085740913327
experiment_T1_C,590.9712722298221,53.979496738117426
experiment_T1_C,591.7920656634747,54.091332712022364
experiment_T1_C,592.6128590971272,54.20316868592731
experiment_T1_C,593.4336525307798,54.259086672879775
experiment_T1_C,594.2544459644323,54.333643988816405
experiment_T1_C,595.0752393980848,54.01677539608574
experiment_T1_C,595.8960328317373,54.22180801491146
experiment_T1_C,596.7168262653898,54.01677539608574
experiment_T1_C,597.5376196990424,53.99813606710158
experiment_T1_C,598.358413132695,53.979496738117426
experiment_T1_C,599.1792065663475,53.96085740913327
experiment_T1_C,600.0,53.96085740913327
experiment_T1_C,600.8207934336525,53.96085740913327
experiment_T1_C,601.641586867305,53.96085740913327
experiment_T1_C,602.4623803009576,53.96085740913327
experiment_T1_C,603.2831737346102,53.979496738117426
experiment_T1_C,604.1039671682627,53.96085740913327
experiment_T1_C,604.9247606019152,53.92357875116496
experiment_T1_C,605.7455540355677,53.96085740913327
experiment_T1_C,606.5663474692202,54.18452935694315
experiment_T1_C,607.3871409028728,54.24044734389562
experiment_T1_C,608.2079343365253,53.92357875116496
experiment_T1_C,609.0287277701779,53.979496738117426
experiment_T1_C,609.8495212038304,53.9049394221808
experiment_T1_C,610.6703146374829,53.92357875116496
experiment_T1_C,611.4911080711354,53.94221808014912
experiment_T1_C,612.311901504788,53.99813606710158
experiment_T1_C,613.1326949384405,54.352283317800556
experiment_T1_C,613.953488372093,54.352283317800556
experiment_T1_C,614.7742818057455,54.27772600186393
experiment_T1_C,615.595075239398,53.94221808014912
experiment_T1_C,616.4158686730506,53.886300093196645
experiment_T1_C,617.2366621067032,53.83038210624417
experiment_T1_C,618.0574555403557,53.92357875116496
experiment_T1_C,618.8782489740082,53.886300093196645
experiment_T1_C,619.6990424076607,53.84902143522833
experiment_T1_C,620.5198358413132,53.886300093196645
experiment_T1_C,621.3406292749657,53.886300093196645
experiment_T1_C,622.1614227086184,53.84902143522833
experiment_T1_C,622.9822161422709,53.886300093196645
experiment_T1_C,623.8030095759234,53.96085740913327
experiment_T1_C,624.6238030095759,54.27772600186393
experiment_T1_C,625.4445964432284,54.27772600186393
experiment_T1_C,626.2653898768809,54.24044734389562
experiment_T1_C,627.0861833105336,53.979496738117426
experiment_T1_C,627.9069767441861,53.94221808014912
experiment_T1_C,628.7277701778386,53.979496738117426
experiment_T1_C,629.5485636114911,53.979496738117426
experiment_T1_C,630.3693570451436,54.22180801491146
experiment_T1_C,631.1901504787961,54.29636533084809
experiment_T1_C,632.0109439124487,54.27772600186393
experiment_T1_C,632.8317373461012,54.24044734389562
experiment_T1_C,633.6525307797538,53.99813606710158
experiment_T1_C,634.4733242134063,53.979496738117426
experiment_T1_C,635.2941176470588,53.96085740913327
experiment_T1_C,636.1149110807114,53.96085740913327
experiment_T1_C,636.9357045143639,53.92357875116496
experiment_T1_C,637.7564979480164,53.92357875116496
experiment_T1_C,638.5772913816689,53.84902143522833
experiment_T1_C,639.3980848153215,53.92357875116496
experiment_T1_C,640.218878248974,53.96085740913327
experiment_T1_C,641.0396716826266,53.99813606710158
experiment_T1_C,641.8604651162791,53.979496738117426
experiment_T1_C,642.6812585499316,53.92357875116496
experiment_T1_C,643.5020519835841,53.92357875116496
experiment_T1_C,644.3228454172366,53.94221808014912
experiment_T1_C,645.1436388508891,54.01677539608574
experiment_T1_C,645.9644322845418,54.22180801491146
experiment_T1_C,646.7852257181943,54.22180801491146
experiment_T1_C,647.6060191518468,54.22180801491146
experiment_T1_C,648.4268125854993,54.22180801491146
experiment_T1_C,649.2476060191518,54.27772600186393
experiment_T1_C,650.0683994528043,54.38956197576887
experiment_T1_C,650.889192886457,54.37092264678471
experiment_T1_C,651.7099863201095,54.01677539608574
experiment_T1_C,652.530779753762,53.92357875116496
experiment_T1_C,653.3515731874145,53.886300093196645
experiment_T1_C,654.172366621067,53.86766076421249
experiment_T1_C,654.9931600547195,53.86766076421249
experiment_T1_C,655.8139534883721,53.979496738117426
experiment_T1_C,656.6347469220246,54.29636533084809
experiment_T1_C,657.4555403556772,54.352283317800556
experiment_T1_C,658.2763337893297,53.99813606710158
experiment_T1_C,659.0971272229822,53.99813606710158
experiment_T1_C,659.9179206566347,54.10065237651445
experiment_T1_C,660.7387140902873,54.20316868592731
experiment_T1_C,661.5595075239398,54.20316868592731
experiment_T1_C,662.3803009575923,54.20316868592731
experiment_T1_C,663.2010943912449,54.15843429636533
experiment_T1_C,664.0218878248974,54.113699906803355
experiment_T1_C,664.84268125855,54.06896551724138
experiment_T1_C,665.6634746922025,54.0242311276794
experiment_T1_C,666.484268125855,53.979496738117426
experiment_T1_C,667.3050615595075,53.979496738117426
experiment_T1_C,668.12585499316,53.979496738117426
experiment_T1_C,668.9466484268125,53.94221808014912
experiment_T1_C,669.7674418604652,53.92357875116496
experiment_T1_C,670.5882352941177,53.86766076421249
experiment_T1_C,671.4090287277702,53.83038210624417
experiment_T1_C,672.2298221614227,53.83038210624417
experiment_T1_C,673.0506155950752,53.86766076421249
experiment_T1_C,673.8714090287277,53.94221808014912
experiment_T1_C,674.6922024623804,53.979496738117426
experiment_T1_C,675.5129958960329,53.979496738117426
experiment_T1_C,676.3337893296854,54.259086672879775
experiment_T1_C,677.1545827633379,54.333643988816405
experiment_T1_C,677.9753761969904,54.22180801491146
experiment_T1_C,678.7961696306429,53.96085740913327
experiment_T1_C,679.6169630642955,53.94221808014912
experiment_T1_C,680.437756497948,53.92357875116496
experiment_T1_C,681.2585499316006,53.979496738117426
experiment_T1_C,682.0793433652531,54.18452935694315
experiment_T1_C,682.9001367989056,54.24044734389562
experiment_T1_C,683.7209302325581,53.96085740913327
experiment_T1_C,684.5417236662107,53.979496738117426
experiment_T1_C,685.3625170998632,53.979496738117426
experiment_T1_C,686.1833105335157,54.20316868592731
experiment_T1_C,687.0041039671682,54.24044734389562
experiment_T1_C,687.8248974008208,54.20316868592731
experiment_T1_C,688.6456908344733,53.94221808014912
experiment_T1_C,689.4664842681259,53.9049394221808
experiment_T1_C,690.2872777017784,53.9049394221808
experiment_T1_C,691.1080711354309,53.9049394221808
experiment_T1_C,691.9288645690834,53.94221808014912
experiment_T1_C,692.7496580027359,53.96085740913327
experiment_T1_C,693.5704514363885,53.979496738117426
experiment_T1_C,694.3912448700411,53.979496738117426
experiment_T1_C,695.2120383036936,54.20316868592731
experiment_T1_C,696.0328317373461,54.24044734389562
experiment_T1_C,696.8536251709986,54.24044734389562
experiment_T1_C,697.6744186046511,54.22180801491146
experiment_T1_C,698.4952120383037,54.20316868592731
experiment_T1_C,699.3160054719563,53.9049394221808
experiment_T1_C,700.1367989056088,53.83038210624417
experiment_T1_C,700.9575923392613,53.83038210624417
experiment_T1_C,701.7783857729138,53.9049394221808
experiment_T1_C,702.5991792065663,54.259086672879775
experiment_T1_C,703.4199726402189,54.27772600186393
experiment_T1_C,704.2407660738714,54.29636533084809
experiment_T1_C,705.061559507524,54.31500465983225
experiment_T1_C,705.8823529411765,54.37092264678471
experiment_T1_C,706.703146374829,54.352283317800556
experiment_T1_C,707.5239398084815,54.31500465983225
experiment_T1_C,708.3447332421341,54.352283317800556
experiment_T1_C,709.1655266757866,54.352283317800556
experiment_T1_C,709.9863201094391,54.333643988816405
experiment_T1_C,710.8071135430916,54.31500465983225
experiment_T1_C,711.6279069767442,54.29636533084809
experiment_T1_C,712.4487004103967,54.29636533084809
experiment_T1_C,713.2694938440493,54.29636533084809
experiment_T1_C,714.0902872777018,54.259086672879775
experiment_T1_C,714.9110807113543,54.24044734389562
experiment_T1_C,715.7318741450068,54.24044734389562
experiment_T1_C,716.5526675786593,54.24044734389562
experiment_T1_C,717.3734610123119,54.259086672879775
experiment_T1_C,718.1942544459645,54.24044734389562
experiment_T1_C,719.015047879617,54.24044734389562
experiment_T1_C,719.8358413132695,54.24044734389562
experiment_T1_C,720.656634746922,54.259086672879775
experiment_T1_C,721.4774281805745,54.29636533084809
experiment_T1_C,722.298221614227,54.29636533084809
experiment_T1_C,723.1190150478797,54.31500465983225
experiment_T1_C,723.9398084815322,54.31500465983225
experiment_T1_C,724.7606019151847,54.4641192917055
experiment_T1_C,725.5813953488372,54.4641192917055
experiment_T1_C,726.4021887824897,54.31500465983225
experiment_T1_C,727.2229822161423,53.99813606710158
experiment_T1_C,728.0437756497948,54.01677539608574
experiment_T1_C,728.8645690834473,54.22180801491146
experiment_T1_C,729.6853625170999,54.20316868592731
experiment_T1_C,730.5061559507524,54.18452935694315
experiment_T1_C,731.3269493844049,54.19384902143523
experiment_T1_C,732.1477428180575,54.20316868592731
experiment_T1_C,732.96853625171,54.27772600186393
experiment_T1_C,733.7893296853625,54.333643988816405
experiment_T1_C,734.610123119015,54.29636533084809
experiment_T1_C,735.4309165526676,53.96085740913327
experiment_T1_C,736.2517099863201,53.979496738117426
experiment_T1_C,737.0725034199727,54.22180801491146
experiment_T1_C,737.8932968536252,54.29636533084809
experiment_T1_C,738.7140902872777,54.29636533084809
experiment_T1_C,739.5348837209302,54.259086672879775
experiment_T1_C,740.3556771545827,54.18452935694315
experiment_T1_C,741.1764705882352,54.01677539608574
experiment_T1_C,741.9972640218879,53.96085740913327
experiment_T1_C,742.8180574555404,53.92357875116496
experiment_T1_C,743.6388508891929,53.886300093196645
experiment_T1_C,744.4596443228454,53.886300093196645
experiment_T1_C,745.2804377564979,53.886300093196645
experiment_T1_C,746.1012311901504,53.86766076421249
experiment_T1_C,746.922024623803,53.77446411929171
experiment_T1_C,747.7428180574556,53.77446411929171
experiment_T1_C,748.5636114911081,53.99813606710158
experiment_T1_C,749.3844049247606,54.24044734389562
experiment_T1_C,750.2051983584131,54.24044734389562
experiment_T1_C,751.0259917920656,54.01677539608574
experiment_T1_C,751.8467852257182,53.94221808014912
experiment_T1_C,752.6675786593707,53.92357875116496
experiment_T1_C,753.4883720930233,53.94221808014912
experiment_T1_C,754.3091655266758,53.96085740913327
experiment_T1_C,755.1299589603283,54.01677539608574
experiment_T1_C,755.9507523939808,54.37092264678471
experiment_T1_C,756.7715458276334,54.31500465983225
experiment_T1_C,757.5923392612859,54.333643988816405
experiment_T1_C,758.4131326949384,54.29636533084809
experiment_T1_C,759.233926128591,54.20316868592731
experiment_T1_C,760.0547195622435,54.20316868592731
experiment_T1_C,760.8755129958961,54.18452935694315
experiment_T1_C,761.6963064295486,54.21559490525008
experiment_T1_C,762.5170998632011,54.246660453557006
experiment_T1_C,763.3378932968536,54.27772600186393
experiment_T1_C,764.1586867305061,54.259086672879775
experiment_T1_C,764.9794801641586,54.27772600186393
experiment_T1_C,765.8002735978113,54.27772600186393
experiment_T1_C,766.6210670314638,54.27772600186393
experiment_T1_C,767.4418604651163,54.31500465983225
experiment_T1_C,768.2626538987688,54.31500465983225
experiment_T1_C,769.0834473324213,54.37092264678471
experiment_T1_C,769.9042407660738,54.37092264678471
experiment_T1_C,770.7250341997265,54.352283317800556
experiment_T1_C,771.545827633379,54.31500465983225
experiment_T1_C,772.3666210670315,53.886300093196645
experiment_T1_C,773.187414500684,53.92357875116496
experiment_T1_C,774.0082079343365,54.22180801491146
experiment_T1_C,774.829001367989,54.29636533084809
experiment_T1_C,775.6497948016416,54.37092264678471
experiment_T1_C,776.4705882352941,54.333643988816405
experiment_T1_C,777.2913816689467,53.96085740913327
experiment_T1_C,778.1121751025992,53.96085740913327
experiment_T1_C,778.9329685362517,53.92357875116496
experiment_T1_C,779.7537619699042,53.9049394221808
experiment_T1_C,780.5745554035568,53.92357875116496
experiment_T1_C,781.3953488372093,53.99813606710158
experiment_T1_C,782.2161422708618,53.979496738117426
experiment_T1_C,783.0369357045143,53.96085740913327
experiment_T1_C,783.8577291381669,53.793103448275865
experiment_T1_C,784.6785225718194,53.793103448275865
experiment_T1_C,785.499316005472,53.9049394221808
experiment_T1_C,786.3201094391245,53.92357875116496
experiment_T1_C,787.140902872777,53.92357875116496
experiment_T1_C,787.9616963064295,53.92357875116496
experiment_T1_C,788.782489740082,53.9049394221808
experiment_T1_C,789.6032831737347,53.886300093196645
experiment_T1_C,790.4240766073872,53.92357875116496
experiment_T1_C,791.2448700410397,54.333643988816405
experiment_T1_C,792.0656634746922,54.37092264678471
experiment_T1_C,792.8864569083447,54.333643988816405
experiment_T1_C,793.7072503419972,54.29636533084809
experiment_T1_C,794.5280437756498,54.20316868592731
experiment_T1_C,795.3488372093024,53.83038210624417
experiment_T1_C,796.1696306429549,53.886300093196645
experiment_T1_C,796.9904240766074,53.94221808014912
experiment_T1_C,797.8112175102599,53.99813606710158
experiment_T1_C,798.6320109439124,53.99813606710158
experiment_T1_C,799.452804377565,53.96085740913327
experiment_T1_C,800.2735978112175,53.84902143522833
experiment_T1_C,801.09439124487,53.84902143522833
experiment_T1_C,801.9151846785226,53.9049394221808
experiment_T1_C,802.7359781121751,53.99813606710158
experiment_T1_C,803.5567715458276,54.259086672879775
experiment_T1_C,804.3775649794802,54.24044734389562
experiment_T1_C,805.1983584131327,53.979496738117426
experiment_T1_C,806.0191518467852,53.96085740913327
experiment_T1_C,806.8399452804377,53.96085740913327
experiment_T1_C,807.6607387140903,53.96085740913327
experiment_T1_C,808.4815321477428,54.18452935694315
experiment_T1_C,809.3023255813954,54.24044734389562
experiment_T1_C,810.1231190150479,54.24044734389562
experiment_T1_C,810.9439124487004,54.259086672879775
experiment_T1_C,811.7647058823529,54.31500465983225
experiment_T1_C,812.5854993160054,54.37092264678471
experiment_T1_C,813.406292749658,54.38956197576887
experiment_T1_C,814.2270861833106,54.40820130475303
experiment_T1_C,815.0478796169631,54.38956197576887
experiment_T1_C,815.8686730506156,54.29636533084809
experiment_T1_C,816.6894664842681,54.31500465983225
experiment_T1_C,817.5102599179206,54.259086672879775
experiment_T1_C,818.3310533515731,54.24044734389562
experiment_T1_C,819.1518467852258,54.212488350419385
experiment_T1_C,819.9726402188783,54.18452935694315
experiment_T1_C,820.7934336525308,54.27772600186393
experiment_T1_C,821.6142270861833,54.29636533084809
experiment_T1_C,822.4350205198358,54.31500465983225
experiment_T1_C,823.2558139534884,54.352283317800556
experiment_T1_C,824.0766073871409,54.27772600186393
experiment_T1_C,824.8974008207935,54.27772600186393
experiment_T1_C,825.718194254446,54.27772600186393
experiment_T1_C,826.5389876880985,54.31500465983225
experiment_T1_C,827.359781121751,54.259086672879775
experiment_T1_C,828.1805745554036,53.96085740913327
experiment_T1_C,829.0013679890561,53.96085740913327
experiment_T1_C,829.8221614227086,53.94221808014912
experiment_T1_C,830.6429548563611,53.99813606710158
experiment_T1_C,831.4637482900137,54.29636533084809
experiment_T1_C,832.2845417236662,54.31500465983225
experiment_T1_C,833.1053351573188,54.31500465983225
experiment_T1_C,833.9261285909713,54.27772600186393
experiment_T1_C,834.7469220246238,54.27772600186393
experiment_T1_C,835.5677154582763,54.29636533084809
experiment_T1_C,836.3885088919288,54.38956197576887
experiment_T1_C,837.2093023255813,54.37092264678471
experiment_T1_C,838.030095759234,54.352283317800556
experiment_T1_C,838.8508891928865,53.99813606710158
experiment_T1_C,839.671682626539,53.979496738117426
experiment_T1_C,840.4924760601915,53.96085740913327
experiment_T1_C,841.313269493844,53.96085740913327
experiment_T1_C,842.1340629274965,53.96085740913327
experiment_T1_C,842.9548563611492,53.979496738117426
experiment_T1_C,843.7756497948017,53.99813606710158
experiment_T1_C,844.5964432284542,53.96085740913327
experiment_T1_C,845.4172366621067,53.9049394221808
experiment_T1_C,846.2380300957592,53.92357875116496
experiment_T1_C,847.0588235294117,53.9049394221808
experiment_T1_C,847.8796169630643,53.9049394221808
experiment_T1_C,848.7004103967168,54.259086672879775
experiment_T1_C,849.5212038303694,54.4641192917055
experiment_T1_C,850.3419972640219,54.44547996272134
experiment_T1_C,851.1627906976744,54.31500465983225
experiment_T1_C,851.9835841313269,53.92357875116496
experiment_T1_C,852.8043775649795,53.96085740913327
experiment_T1_C,853.625170998632,53.99813606710158
experiment_T1_C,854.4459644322845,53.94221808014912
experiment_T1_C,855.266757865937,53.96085740913327
experiment_T1_C,856.0875512995896,53.94221808014912
experiment_T1_C,856.9083447332422,53.96085740913327
experiment_T1_C,857.7291381668947,53.979496738117426
experiment_T1_C,858.5499316005472,53.99813606710158
experiment_T1_C,859.3707250341997,54.22180801491146
experiment_T1_C,860.1915184678522,54.24044734389562
experiment_T1_C,861.0123119015047,54.24044734389562
experiment_T1_C,861.8331053351574,54.259086672879775
experiment_T1_C,862.6538987688099,54.259086672879775
experiment_T1_C,863.4746922024624,54.22180801491146
experiment_T1_C,864.2954856361149,54.20316868592731
experiment_T1_C,865.1162790697674,54.20316868592731
experiment_T1_C,865.9370725034199,54.20316868592731
experiment_T1_C,866.7578659370726,54.091332712022364
experiment_T1_C,867.5786593707251,53.979496738117426
experiment_T1_C,868.3994528043776,53.979496738117426
experiment_T1_C,869.2202462380301,53.96085740913327
experiment_T1_C,870.0410396716826,53.94221808014912
experiment_T1_C,870.8618331053351,53.83038210624417
experiment_T1_C,871.6826265389877,53.86766076421249
experiment_T1_C,872.5034199726402,53.81174277726002
experiment_T1_C,873.3242134062928,53.81174277726002
experiment_T1_C,874.1450068399453,53.9049394221808
experiment_T1_C,874.9658002735978,54.24044734389562
experiment_T1_C,875.7865937072503,54.29636533084809
experiment_T1_C,876.6073871409029,54.27772600186393
experiment_T1_C,877.4281805745554,54.29636533084809
experiment_T1_C,878.2489740082079,54.29636533084809
experiment_T1_C,879.0697674418604,54.31500465983225
experiment_T1_C,879.890560875513,54.352283317800556
experiment_T1_C,880.7113543091655,54.31500465983225
experiment_T1_C,881.5321477428181,54.29636533084809
experiment_T1_C,882.3529411764706,54.01677539608574
experiment_T1_C,883.1737346101231,53.92357875116496
experiment_T1_C,883.9945280437756,53.86766076421249
experiment_T1_C,884.8153214774281,53.886300093196645
experiment_T1_C,885.6361149110808,53.96085740913327
experiment_T1_C,886.4569083447333,54.01677539608574
experiment_T1_C,887.2777017783858,54.22180801491146
experiment_T1_C,888.0984952120383,54.22180801491146
experiment_T1_C,888.9192886456908,54.24044734389562
experiment_T1_C,889.7400820793433,54.24044734389562
experiment_T1_C,890.560875512996,54.29636533084809
experiment_T1_C,891.3816689466485,54.352283317800556
experiment_T1_C,892.202462380301,54.333643988816405
experiment_T1_C,893.0232558139535,54.31500465983225
experiment_T1_C,893.844049247606,54.24044734389562
experiment_T1_C,894.6648426812585,54.20316868592731
experiment_T1_C,895.4856361149111,53.96085740913327
experiment_T1_C,896.3064295485636,53.96085740913327
experiment_T1_C,897.1272229822162,53.96085740913327
experiment_T1_C,897.9480164158687,53.98881640260951
experiment_T1_C,898.7688098495212,54.01677539608574
experiment_T1_C,899.5896032831737,54.20316868592731
experiment_T1_C,900.4103967168263,53.94221808014912
experiment_T1_C,901.2311901504788,53.94221808014912
experiment_T1_C,902.0519835841313,54.259086672879775
experiment_T1_C,902.8727770177838,54.27772600186393
experiment_T1_C,903.6935704514364,54.20316868592731
experiment_T1_C,904.5143638850889,54.091332712022364
experiment_T1_C,905.3351573187415,53.979496738117426
experiment_T1_C,906.155950752394,53.979496738117426
experiment_T1_C,906.9767441860465,53.979496738117426
experiment_T1_C,907.797537619699,53.99813606710158
experiment_T1_C,908.6183310533515,53.99813606710158
experiment_T1_C,909.439124487004,53.979496738117426
experiment_T1_C,910.2599179206567,53.96085740913327
experiment_T1_C,911.0807113543092,53.94221808014912
experiment_T1_C,911.9015047879617,53.96085740913327
experiment_T1_C,912.7222982216142,53.96085740913327
experiment_T1_C,913.5430916552667,53.9049394221808
experiment_T1_C,914.3638850889192,53.92357875116496
experiment_T1_C,915.1846785225719,53.92357875116496
experiment_T1_C,916.0054719562244,53.94221808014912
experiment_T1_C,916.8262653898769,53.94221808014912
experiment_T1_C,917.6470588235294,53.96085740913327
experiment_T1_C,918.4678522571819,53.94221808014912
experiment_T1_C,919.2886456908345,53.9049394221808
experiment_T1_C,920.109439124487,53.9049394221808
experiment_T1_C,920.9302325581396,53.92357875116496
experiment_T1_C,921.7510259917921,53.92357875116496
experiment_T1_C,922.5718194254446,53.92357875116496
experiment_T1_C,923.3926128590971,53.92357875116496
experiment_T1_C,924.2134062927497,53.92357875116496
experiment_T1_C,925.0341997264022,53.96085740913327
experiment_T1_C,925.8549931600547,53.96085740913327
experiment_T1_C,926.6757865937072,54.04162783473128
experiment_T1_C,927.4965800273598,54.1223982603293
experiment_T1_C,928.3173734610123,54.20316868592731
experiment_T1_C,929.1381668946649,54.24044734389562
experiment_T1_C,929.9589603283174,54.259086672879775
experiment_T1_C,930.7797537619699,53.99813606710158
experiment_T1_C,931.6005471956224,53.9049394221808
experiment_T1_C,932.4213406292749,53.92357875116496
experiment_T1_C,933.2421340629274,53.96085740913327
experiment_T1_C,934.0629274965801,53.9049394221808
experiment_T1_C,934.8837209302326,53.81174277726002
experiment_T1_C,935.7045143638851,53.793103448275865
experiment_T1_C,936.5253077975376,53.92357875116496
experiment_T1_C,937.3461012311901,53.94221808014912
experiment_T1_C,938.1668946648426,53.9049394221808
experiment_T1_C,938.9876880984953,53.9049394221808
experiment_T1_C,939.8084815321478,53.886300093196645
experiment_T1_C,940.6292749658003,53.94221808014912
experiment_T1_C,941.4500683994528,54.29636533084809
experiment_T1_C,942.2708618331053,54.31500465983225
experiment_T1_C,943.0916552667578,54.31500465983225
experiment_T1_C,943.9124487004104,54.38956197576887
experiment_T1_C,944.733242134063,54.38956197576887
experiment_T1_C,945.5540355677155,54.352283317800556
experiment_T1_C,946.374829001368,54.333643988816405
experiment_T1_C,947.1956224350205,54.333643988816405
experiment_T1_C,948.0164158686731,54.29636533084809
experiment_T1_C,948.8372093023256,54.01677539608574
experiment_T1_C,949.6580027359781,53.99813606710158
experiment_T1_C,950.4787961696306,53.979496738117426
experiment_T1_C,951.2995896032832,53.99813606710158
experiment_T1_C,952.1203830369357,53.99813606710158
experiment_T1_C,952.9411764705883,53.99813606710158
experiment_T1_C,953.7619699042408,54.119291705498604
experiment_T1_C,954.5827633378933,54.24044734389562
experiment_T1_C,955.4035567715458,54.24044734389562
experiment_T1_C,956.2243502051983,54.24044734389562
experiment_T1_C,957.0451436388508,54.31500465983225
experiment_T1_C,957.8659370725035,54.29636533084809
experiment_T1_C,958.686730506156,54.29636533084809
experiment_T1_C,959.5075239398085,54.24044734389562
experiment_T1_C,960.328317373461,54.259086672879775
experiment_T1_C,961.1491108071135,54.27772600186393
experiment_T1_C,961.969904240766,54.259086672879775
experiment_T1_C,962.7906976744187,53.92357875116496
experiment_T1_C,963.6114911080712,53.9049394221808
experiment_T1_C,964.4322845417237,53.886300093196645
experiment_T1_C,965.2530779753762,53.84902143522833
experiment_T1_C,966.0738714090287,53.94221808014912
experiment_T1_C,966.8946648426812,54.352283317800556
experiment_T1_C,967.7154582763338,54.426840633737186
experiment_T1_C,968.5362517099863,54.38956197576887
experiment_T1_C,969.3570451436389,54.352283317800556
experiment_T1_C,970.1778385772914,54.352283317800556
experiment_T1_C,970.9986320109439,54.29636533084809
experiment_T1_C,971.8194254445964,54.259086672879775
experiment_T1_C,972.640218878249,54.259086672879775
experiment_T1_C,973.4610123119015,54.24044734389562
experiment_T1_C,974.281805745554,54.259086672879775
experiment_T1_C,975.1025991792065,54.20316868592731
experiment_T1_C,975.9233926128591,53.92357875116496
experiment_T1_C,976.7441860465116,53.84902143522833
experiment_T1_C,977.5649794801642,53.86766076421249
experiment_T1_C,978.3857729138167,53.94221808014912
experiment_T1_C,979.2065663474692,53.979496738117426
experiment_T1_C,980.0273597811217,53.979496738117426
experiment_T1_C,980.8481532147742,53.979496738117426
experiment_T1_C,981.6689466484269,53.979496738117426
experiment_T1_C,982.4897400820794,53.979496738117426
experiment_T1_C,983.3105335157319,54.259086672879775
experiment_T1_C,984.1313269493844,54.27772600186393
experiment_T1_C,984.9521203830369,54.24044734389562
experiment_T1_C,985.7729138166894,53.94221808014912
experiment_T1_C,986.593707250342,53.96085740913327
experiment_T1_C,987.4145006839946,53.979496738117426
experiment_T1_C,988.2352941176471,54.29636533084809
experiment_T1_C,989.0560875512996,54.333643988816405
experiment_T1_C,989.8768809849521,54.27772600186393
experiment_T1_C,990.6976744186046,54.24044734389562
experiment_T1_C,991.5184678522572,54.24044734389562
experiment_T1_C,992.3392612859097,54.20316868592731
experiment_T1_C,993.1600547195623,53.9049394221808
experiment_T1_C,993.9808481532148,53.86766076421249
experiment_T1_C,994.8016415868673,53.86766076421249
experiment_T1_C,995.6224350205198,53.86766076421249
experiment_T1_C,996.4432284541724,53.92357875116496
experiment_T1_C,997.2640218878249,53.979496738117426
experiment_T1_C,998.0848153214774,54.22180801491146
experiment_T1_C,998.90560875513,54.24044734389562
experiment_T1_C,999.7264021887825,54.24044734389562
experiment_T1_C,1000.547195622435,53.92357875116496
experiment_T1_C,1001.3679890560876,53.92357875116496
experiment_T1_C,1002.1887824897401,53.886300093196645
experiment_T1_C,1003.0095759233926,54.22180801491146
experiment_T1_C,1003.8303693570451,54.24044734389562
experiment_T1_C,1004.6511627906976,54.259086672879775
experiment_T1_C,1005.4719562243502,54.29636533084809
experiment_T1_C,1006.2927496580028,54.333643988816405
experiment_T1_C,1007.1135430916553,54.333643988816405
experiment_T1_C,1007.9343365253078,54.27772600186393
experiment_T1_C,1008.7551299589603,53.979496738117426
experiment_T1_C,1009.5759233926128,53.86766076421249
experiment_T1_C,1010.3967168262653,53.92357875116496
experiment_T1_C,1011.217510259918,53.96085740913327
experiment_T1_C,1012.0383036935705,54.18452935694315
experiment_T1_C,1012.859097127223,54.22180801491146
experiment_T1_C,1013.6798905608755,54.20316868592731
experiment_T1_C,1014.500683994528,53.979496738117426
experiment_T1_C,1015.3214774281806,53.979496738117426
experiment_T1_C,1016.1422708618331,54.20316868592731
experiment_T1_C,1016.9630642954857,54.22180801491146
experiment_T1_C,1017.7838577291382,54.14725069897484
experiment_T1_C,1018.6046511627907,54.072693383038214
experiment_T1_C,1019.4254445964432,53.99813606710158
experiment_T1_C,1020.2462380300958,53.99813606710158
experiment_T1_C,1021.0670314637483,53.96085740913327
experiment_T1_C,1021.8878248974008,53.94221808014912
experiment_T1_C,1022.7086183310533,53.94221808014912
experiment_T1_C,1023.5294117647059,53.99813606710158
experiment_T1_C,1024.3502051983585,54.27772600186393
experiment_T1_C,1025.1709986320109,54.29636533084809
experiment_T1_C,1025.9917920656635,54.352283317800556
experiment_T1_C,1026.812585499316,54.426840633737186
experiment_T1_C,1027.6333789329685,54.44547996272134
experiment_T1_C,1028.4541723666212,54.38956197576887
experiment_T1_C,1029.2749658002735,54.37092264678471
experiment_T1_C,1030.0957592339262,54.520037278657966
experiment_T1_C,1030.9165526675786,54.538676607642124
experiment_T1_C,1031.7373461012312,54.48275862068965
experiment_T1_C,1032.5581395348838,54.37092264678471
experiment_T1_C,1033.3789329685362,54.20316868592731
experiment_T1_C,1034.1997264021888,53.9049394221808
experiment_T1_C,1035.0205198358412,53.94221808014912
experiment_T1_C,1035.8413132694939,53.92357875116496
experiment_T1_C,1036.6621067031463,53.86766076421249
experiment_T1_C,1037.482900136799,53.9049394221808
experiment_T1_C,1038.3036935704515,53.96085740913327
experiment_T1_C,1039.124487004104,53.99813606710158
experiment_T1_C,1039.9452804377565,53.96085740913327
experiment_T1_C,1040.766073871409,53.92357875116496
experiment_T1_C,1041.5868673050616,53.92357875116496
experiment_T1_C,1042.4076607387142,54.27772600186393
experiment_T1_C,1043.2284541723666,54.27772600186393
experiment_T1_C,1044.0492476060192,54.29636533084809
experiment_T1_C,1044.8700410396716,54.259086672879775
experiment_T1_C,1045.6908344733242,54.24044734389562
experiment_T1_C,1046.5116279069769,54.22180801491146
experiment_T1_C,1047.3324213406293,54.20316868592731
experiment_T1_C,1048.1532147742819,54.18452935694315
experiment_T1_C,1048.9740082079343,54.20316868592731
experiment_T1_C,1049.794801641587,54.18452935694315
experiment_T1_C,1050.6155950752393,54.22180801491146
experiment_T1_C,1051.436388508892,54.259086672879775
experiment_T1_C,1052.2571819425445,54.259086672879775
experiment_T1_C,1053.077975376197,53.96085740913327
experiment_T1_C,1053.8987688098496,53.86766076421249
experiment_T1_C,1054.719562243502,53.99813606710158
experiment_T1_C,1055.5403556771546,53.979496738117426
experiment_T1_C,1056.3611491108072,54.24044734389562
experiment_T1_C,1057.1819425444596,54.24044734389562
experiment_T1_C,1058.0027359781122,54.259086672879775
experiment_T1_C,1058.8235294117646,54.27772600186393
experiment_T1_C,1059.6443228454173,54.259086672879775
experiment_T1_C,1060.4651162790697,54.31500465983225
experiment_T1_C,1061.2859097127223,54.4641192917055
experiment_T1_C,1062.106703146375,54.4641192917055
experiment_T1_C,1062.9274965800273,53.979496738117426
experiment_T1_C,1063.74829001368,53.9049394221808
experiment_T1_C,1064.5690834473323,53.9049394221808
experiment_T1_C,1065.389876880985,53.9049394221808
experiment_T1_C,1066.2106703146376,53.9049394221808
experiment_T1_C,1067.03146374829,53.9049394221808
experiment_T1_C,1067.8522571819426,53.86766076421249
experiment_T1_C,1068.673050615595,53.83038210624417
experiment_T1_C,1069.4938440492476,53.92357875116496
experiment_T1_C,1070.3146374829,53.92357875116496
experiment_T1_C,1071.1354309165527,54.27772600186393
experiment_T1_C,1071.9562243502053,54.29636533084809
experiment_T1_C,1072.7770177838577,54.31500465983225
experiment_T1_C,1073.5978112175103,54.259086672879775
experiment_T1_C,1074.4186046511627,54.27772600186393
experiment_T1_C,1075.2393980848153,54.31500465983225
experiment_T1_C,1076.060191518468,54.333643988816405
experiment_T1_C,1076.8809849521203,54.333643988816405
experiment_T1_C,1077.701778385773,54.29636533084809
experiment_T1_C,1078.5225718194254,54.22180801491146
experiment_T1_C,1079.343365253078,54.22180801491146
experiment_T1_C,1080.1641586867306,54.20316868592731
experiment_T1_C,1080.984952120383,54.165890027958994
experiment_T1_C,1081.8057455540356,54.12861136999068
experiment_T1_C,1082.626538987688,54.091332712022364
experiment_T1_C,1083.4473324213407,54.054054054054056
experiment_T1_C,1084.268125854993,54.01677539608574
experiment_T1_C,1085.0889192886457,53.92357875116496
experiment_T1_C,1085.9097127222983,53.92357875116496
experiment_T1_C,1086.7305061559507,53.886300093196645
experiment_T1_C,1087.5512995896033,53.94221808014912
experiment_T1_C,1088.3720930232557,53.92357875116496
experiment_T1_C,1089.1928864569084,54.24044734389562
experiment_T1_C,1090.013679890561,54.31500465983225
experiment_T1_C,1090.8344733242134,54.29636533084809
experiment_T1_C,1091.655266757866,54.37092264678471
experiment_T1_C,1092.4760601915184,54.352283317800556
experiment_T1_C,1093.296853625171,54.333643988816405
experiment_T1_C,1094.1176470588234,54.259086672879775
experiment_T1_C,1094.938440492476,54.24044734389562
experiment_T1_C,1095.7592339261287,54.24044734389562
experiment_T1_C,1096.580027359781,54.24044734389562
experiment_T1_C,1097.4008207934337,54.27772600186393
experiment_T1_C,1098.221614227086,54.24044734389562
experiment_T1_C,1099.0424076607387,54.22180801491146
experiment_T1_C,1099.8632010943913,54.27772600186393
experiment_T1_C,1100.6839945280437,53.99813606710158
experiment_T1_C,1101.5047879616964,53.96085740913327
experiment_T1_C,1102.3255813953488,53.886300093196645
experiment_T1_C,1103.1463748290014,53.886300093196645
experiment_T1_C,1103.9671682626538,53.9049394221808
experiment_T1_C,1104.7879616963064,53.96085740913327
experiment_T1_C,1105.608755129959,53.94221808014912
experiment_T1_C,1106.4295485636114,53.9049394221808
experiment_T1_C,1107.250341997264,53.92357875116496
experiment_T1_C,1108.0711354309165,53.92357875116496
experiment_T1_C,1108.891928864569,53.979496738117426
experiment_T1_C,1109.7127222982217,53.979496738117426
experiment_T1_C,1110.533515731874,53.99813606710158
experiment_T1_C,1111.3543091655267,53.979496738117426
experiment_T1_C,1112.1751025991791,53.979496738117426
experiment_T1_C,1112.9958960328318,53.99813606710158
experiment_T1_C,1113.8166894664844,54.259086672879775
experiment_T1_C,1114.6374829001368,54.31500465983225
experiment_T1_C,1115.4582763337894,54.24044734389562
experiment_T1_C,1116.2790697674418,54.01677539608574
experiment_T1_C,1117.0998632010944,53.99813606710158
experiment_T1_C,1117.9206566347468,53.979496738117426
experiment_T1_C,1118.7414500683994,54.01677539608574
experiment_T1_C,1119.562243502052,53.99813606710158
experiment_T1_C,1120.3830369357045,53.94221808014912
experiment_T1_C,1121.203830369357,53.96085740913327
experiment_T1_C,1122.0246238030095,53.96085740913327
experiment_T1_C,1122.8454172366621,53.99813606710158
experiment_T1_C,1123.6662106703147,53.99813606710158
experiment_T1_C,1124.4870041039671,53.99813606710158
experiment_T1_C,1125.3077975376198,53.99813606710158
experiment_T1_C,1126.1285909712722,53.9049394221808
experiment_T1_C,1126.9493844049248,53.9049394221808
experiment_T1_C,1127.7701778385772,53.84902143522833
experiment_T1_C,1128.5909712722298,53.886300093196645
experiment_T1_C,1129.4117647058824,53.92357875116496
experiment_T1_C,1130.2325581395348,53.94221808014912
experiment_T1_C,1131.0533515731875,53.92357875116496
experiment_T1_C,1131.8741450068399,53.92357875116496
experiment_T1_C,1132.6949384404925,53.86766076421249
experiment_T1_C,1133.515731874145,53.886300093196645
experiment_T1_C,1134.3365253077975,53.92357875116496
experiment_T1_C,1135.1573187414501,53.96085740913327
experiment_T1_C,1135.9781121751025,53.96085740913327
experiment_T1_C,1136.7989056087551,53.99813606710158
experiment_T1_C,1137.6196990424078,54.22180801491146
experiment_T1_C,1138.4404924760602,54.27772600186393
experiment_T1_C,1139.2612859097128,54.333643988816405
experiment_T1_C,1140.0820793433652,54.44547996272134
experiment_T1_C,1140.9028727770178,54.4641192917055
experiment_T1_C,1141.7236662106702,54.40820130475303
experiment_T1_C,1142.5444596443228,54.352283317800556
experiment_T1_C,1143.3652530779755,54.259086672879775
experiment_T1_C,1144.1860465116279,54.24044734389562
experiment_T1_C,1145.0068399452805,54.259086672879775
experiment_T1_C,1145.827633378933,54.259086672879775
experiment_T1_C,1146.6484268125855,54.24044734389562
experiment_T1_C,1147.4692202462381,54.24044734389562
experiment_T1_C,1148.2900136798905,54.22180801491146
experiment_T1_C,1149.1108071135432,54.22180801491146
experiment_T1_C,1149.9316005471956,54.18452935694315
experiment_T1_C,1150.7523939808482,54.20316868592731
experiment_T1_C,1151.5731874145006,54.29636533084809
experiment_T1_C,1152.3939808481532,54.29636533084809
experiment_T1_C,1153.2147742818058,54.29636533084809
experiment_T1_C,1154.0355677154582,54.29636533084809
experiment_T1_C,1154.8563611491109,54.31500465983225
experiment_T1_C,1155.6771545827633,54.29636533084809
experiment_T1_C,1156.4979480164159,54.29636533084809
experiment_T1_C,1157.3187414500685,54.24044734389562
experiment_T1_C,1158.139534883721,53.92357875116496
experiment_T1_C,1158.9603283173735,53.9049394221808
experiment_T1_C,1159.781121751026,53.86766076421249
experiment_T1_C,1160.6019151846785,53.81174277726002
experiment_T1_C,1161.422708618331,53.94221808014912
experiment_T1_C,1162.2435020519836,53.96085740913327
experiment_T1_C,1163.0642954856362,53.979496738117426
experiment_T1_C,1163.8850889192886,54.01677539608574
experiment_T1_C,1164.7058823529412,54.22180801491146
experiment_T1_C,1165.5266757865936,54.27772600186393
experiment_T1_C,1166.3474692202462,53.99813606710158
experiment_T1_C,1167.1682626538989,53.99813606710158
experiment_T1_C,1167.9890560875513,53.92357875116496
experiment_T1_C,1168.809849521204,53.92357875116496
experiment_T1_C,1169.6306429548563,53.99813606710158
experiment_T1_C,1170.451436388509,54.01677539608574
experiment_T1_C,1171.2722298221615,54.01677539608574
experiment_T1_C,1172.093023255814,53.99813606710158
experiment_T1_C,1172.9138166894666,54.20316868592731
experiment_T1_C,1173.734610123119,54.259086672879775
experiment_T1_C,1174.5554035567716,54.29636533084809
experiment_T1_C,1175.376196990424,54.29636533084809
experiment_T1_C,1176.1969904240766,54.29636533084809
experiment_T1_C,1177.0177838577292,54.27772600186393
experiment_T1_C,1177.8385772913816,53.9049394221808
experiment_T1_C,1178.6593707250343,53.77446411929171
experiment_T1_C,1179.4801641586866,53.77446411929171
experiment_T1_C,1180.3009575923393,53.77446411929171
experiment_T1_C,1181.121751025992,53.94221808014912
experiment_T1_C,1181.9425444596443,54.24044734389562
experiment_T1_C,1182.763337893297,54.27772600186393
experiment_T1_C,1183.5841313269493,54.29636533084809
experiment_T1_C,1184.404924760602,54.27772600186393
experiment_T1_C,1185.2257181942543,54.27772600186393
experiment_T1_C,1186.046511627907,54.27772600186393
experiment_T1_C,1186.8673050615596,54.27772600186393
experiment_T1_C,1187.688098495212,54.22180801491146
experiment_T1_C,1188.5088919288646,53.99813606710158
experiment_T1_C,1189.329685362517,53.99813606710158
experiment_T1_C,1190.1504787961696,53.979496738117426
experiment_T1_C,1190.9712722298223,53.979496738117426
experiment_T1_C,1191.7920656634747,53.99813606710158
experiment_T1_C,1192.6128590971273,53.92357875116496
experiment_T1_C,1193.4336525307797,53.886300093196645
experiment_T1_C,1194.2544459644323,53.83038210624417
experiment_T1_C,1195.0752393980847,53.86766076421249
experiment_T1_C,1195.8960328317373,53.886300093196645
experiment_T1_C,1196.71682626539,53.81174277726002
experiment_T1_C,1197.5376196990424,53.83038210624417
experiment_T1_C,1198.358413132695,53.73718546132339
experiment_T1_C,1199.1792065663474,53.73718546132339
experiment_T1_C,1200.0,53.73718546132339
experiment_T2_C,0.0,52.95433364398882
experiment_T2_C,0.8207934336525308,52.95433364398882
experiment_T2_C,1.6415868673050615,52.95433364398882
experiment_T2_C,2.462380300957592,52.95433364398882
experiment_T2_C,3.283173734610123,52.95433364398882
experiment_T2_C,4.1039671682626535,52.972972972972975
experiment_T2_C,4.924760601915184,52.972972972972975
experiment_T2_C,5.745554035567715,52.95433364398882
experiment_T2_C,6.566347469220246,52.972972972972975
experiment_T2_C,7.387140902872777,52.972972972972975
experiment_T2_C,8.207934336525307,52.99161230195713
experiment_T2_C,9.028727770177838,52.95433364398882
experiment_T2_C,9.849521203830369,52.87977632805219
experiment_T2_C,10.6703146374829,52.78036657347002
experiment_T2_C,11.49110807113543,52.68095681888785
experiment_T2_C,12.311901504787961,52.58154706430568
experiment_T2_C,13.132694938440492,52.60018639328984
experiment_T2_C,13.953488372093023,52.99161230195713
experiment_T2_C,14.774281805745554,53.15936626281454
experiment_T2_C,15.595075239398085,53.084808946877914
experiment_T2_C,16.415868673050614,53.14072693383038
experiment_T2_C,17.236662106703147,52.945013979496736
experiment_T2_C,18.057455540355676,52.74930102516309
experiment_T2_C,18.87824897400821,52.730661696178935
experiment_T2_C,19.699042407660738,52.67474370922647
experiment_T2_C,20.51983584131327,52.69338303821063
experiment_T2_C,21.3406292749658,52.712022367194784
experiment_T2_C,22.161422708618332,53.38303821062442
experiment_T2_C,22.98221614227086,53.40167753960857
experiment_T2_C,23.803009575923394,53.42031686859273
experiment_T2_C,24.623803009575923,53.45759552656104
experiment_T2_C,25.444596443228455,53.4762348555452
experiment_T2_C,26.265389876880985,53.4762348555452
experiment_T2_C,27.086183310533517,53.0475302889096
experiment_T2_C,27.906976744186046,53.066169617893756
experiment_T2_C,28.72777017783858,53.084808946877914
experiment_T2_C,29.548563611491108,53.718546132339235
experiment_T2_C,30.369357045143637,53.793103448275865
experiment_T2_C,31.19015047879617,53.83038210624417
experiment_T2_C,32.0109439124487,53.83038210624417
experiment_T2_C,32.83173734610123,53.86766076421249
experiment_T2_C,33.65253077975376,53.886300093196645
experiment_T2_C,34.47332421340629,53.92357875116496
experiment_T2_C,35.294117647058826,53.96085740913327
experiment_T2_C,36.11491108071135,53.99813606710158
experiment_T2_C,36.935704514363884,54.0354147250699
experiment_T2_C,37.75649794801642,54.0354147250699
experiment_T2_C,38.57729138166895,53.532152842497666
experiment_T2_C,39.398084815321475,53.532152842497666
experiment_T2_C,40.21887824897401,53.550792171481824
experiment_T2_C,41.03967168262654,53.68126747437093
experiment_T2_C,41.86046511627907,53.81174277726002
experiment_T2_C,42.6812585499316,53.94221808014912
experiment_T2_C,43.50205198358413,54.072693383038214
experiment_T2_C,44.322845417236664,54.20316868592731
experiment_T2_C,45.14363885088919,54.333643988816405
experiment_T2_C,45.96443228454172,54.4641192917055
experiment_T2_C,46.785225718194255,54.5945945945946
experiment_T2_C,47.60601915184679,54.63187325256291
experiment_T2_C,48.42681258549931,54.63187325256291
experiment_T2_C,49.247606019151846,54.426840633737186
experiment_T2_C,50.06839945280438,54.22180801491146
experiment_T2_C,50.88919288645691,54.24044734389562
experiment_T2_C,51.70998632010944,54.27772600186393
experiment_T2_C,52.53077975376197,54.31500465983225
experiment_T2_C,53.3515731874145,55.11649580615098
experiment_T2_C,54.172366621067034,55.13513513513514
experiment_T2_C,54.99316005471956,55.153774464119294
experiment_T2_C,55.81395348837209,55.172413793103445
experiment_T2_C,56.634746922024625,55.1910531220876
experiment_T2_C,57.45554035567716,55.20969245107176
experiment_T2_C,58.276333789329684,55.22833178005592
experiment_T2_C,59.097127222982216,55.246971109040075
experiment_T2_C,59.91792065663475,55.26561043802423
experiment_T2_C,60.738714090287274,55.28424976700839
experiment_T2_C,61.55950752393981,55.30288909599254
experiment_T2_C,62.38030095759234,55.3215284249767
experiment_T2_C,63.20109439124487,55.340167753960856
experiment_T2_C,64.0218878248974,55.35880708294501
experiment_T2_C,64.84268125854993,55.47064305684995
experiment_T2_C,65.66347469220246,55.47064305684995
experiment_T2_C,66.484268125855,55.526561043802424
experiment_T2_C,67.30506155950752,55.507921714818266
experiment_T2_C,68.12585499316006,55.54520037278658
experiment_T2_C,68.94664842681259,55.56383970177074
experiment_T2_C,69.76744186046511,55.56383970177074
experiment_T2_C,70.58823529411765,55.5824790307549
experiment_T2_C,71.40902872777018,55.5824790307549
experiment_T2_C,72.2298221614227,55.60111835973905
experiment_T2_C,73.05061559507524,55.26561043802423
experiment_T2_C,73.87140902872777,55.22833178005592
experiment_T2_C,74.6922024623803,55.246971109040075
experiment_T2_C,75.51299589603283,55.246971109040075
experiment_T2_C,76.33378932968536,55.26561043802423
experiment_T2_C,77.1545827633379,55.340167753960856
experiment_T2_C,77.97537619699042,55.3215284249767
experiment_T2_C,78.79616963064295,55.3215284249767
experiment_T2_C,79.61696306429549,55.43336439888164
experiment_T2_C,80.43775649794802,55.89934762348555
experiment_T2_C,81.25854993160054,55.84342963653309
experiment_T2_C,82.07934336525308,55.80615097856477
experiment_T2_C,82.9001367989056,55.73159366262814
experiment_T2_C,83.72093023255815,55.80615097856477
experiment_T2_C,84.54172366621067,55.76887232059646
experiment_T2_C,85.3625170998632,55.507921714818266
experiment_T2_C,86.18331053351574,55.507921714818266
experiment_T2_C,87.00410396716826,55.507921714818266
experiment_T2_C,87.82489740082079,55.73159366262814
experiment_T2_C,88.64569083447333,55.73159366262814
experiment_T2_C,89.46648426812585,55.73159366262814
experiment_T2_C,90.28727770177838,55.7502329916123
experiment_T2_C,91.10807113543092,55.76887232059646
experiment_T2_C,91.92886456908344,55.76887232059646
experiment_T2_C,92.74965800273598,55.76887232059646
experiment_T2_C,93.57045143638851,55.76887232059646
experiment_T2_C,94.39124487004104,55.7502329916123
experiment_T2_C,95.21203830369357,55.7502329916123
experiment_T2_C,96.0328317373461,55.787511649580615
experiment_T2_C,96.85362517099863,55.84342963653309
experiment_T2_C,97.67441860465117,55.86206896551724
experiment_T2_C,98.49521203830369,55.89934762348555
experiment_T2_C,99.31600547195623,55.880708294501396
experiment_T2_C,100.13679890560876,55.86206896551724
experiment_T2_C,100.95759233926128,55.86206896551724
experiment_T2_C,101.77838577291382,55.880708294501396
experiment_T2_C,102.59917920656635,55.84342963653309
experiment_T2_C,103.41997264021887,55.47064305684995
experiment_T2_C,104.24076607387141,55.452003727865794
experiment_T2_C,105.06155950752394,55.414725069897486
experiment_T2_C,105.88235294117646,55.39608574091333
experiment_T2_C,106.703146374829,55.37744641192917
experiment_T2_C,107.52393980848153,55.43336439888164
experiment_T2_C,108.34473324213407,55.42404473438956
experiment_T2_C,109.1655266757866,55.414725069897486
experiment_T2_C,109.98632010943912,55.35880708294501
experiment_T2_C,110.80711354309166,55.3215284249767
experiment_T2_C,111.62790697674419,55.30288909599254
experiment_T2_C,112.44870041039671,55.28424976700839
experiment_T2_C,113.26949384404925,55.28424976700839
experiment_T2_C,114.09028727770178,55.3215284249767
experiment_T2_C,114.91108071135432,55.29046287666977
experiment_T2_C,115.73187414500684,55.259397328362844
experiment_T2_C,116.55266757865937,55.22833178005592
experiment_T2_C,117.3734610123119,55.20969245107176
experiment_T2_C,118.19425444596443,55.20969245107176
experiment_T2_C,119.01504787961696,55.153774464119294
experiment_T2_C,119.8358413132695,55.13513513513514
experiment_T2_C,120.65663474692202,55.13513513513514
experiment_T2_C,121.47742818057455,55.153774464119294
experiment_T2_C,122.29822161422709,55.153774464119294
experiment_T2_C,123.11901504787961,55.13513513513514
experiment_T2_C,123.93980848153215,55.13513513513514
experiment_T2_C,124.76060191518468,55.13513513513514
experiment_T2_C,125.5813953488372,55.13513513513514
experiment_T2_C,126.40218878248974,55.11649580615098
experiment_T2_C,127.22298221614227,55.09785647716682
experiment_T2_C,128.0437756497948,55.22833178005592
experiment_T2_C,128.86456908344732,55.35880708294501
experiment_T2_C,129.68536251709986,55.37744641192917
experiment_T2_C,130.5061559507524,55.35880708294501
experiment_T2_C,131.3269493844049,55.35880708294501
experiment_T2_C,132.14774281805745,55.340167753960856
experiment_T2_C,132.96853625171,55.340167753960856
experiment_T2_C,133.7893296853625,55.340167753960856
experiment_T2_C,134.61012311901504,55.30288909599254
experiment_T2_C,135.43091655266758,55.28424976700839
experiment_T2_C,136.25170998632012,55.26561043802423
experiment_T2_C,137.07250341997263,55.25629077353215
experiment_T2_C,137.89329685362517,55.246971109040075
experiment_T2_C,138.7140902872777,55.20969245107176
experiment_T2_C,139.53488372093022,55.20969245107176
experiment_T2_C,140.35567715458276,55.172413793103445
experiment_T2_C,141.1764705882353,55.1910531220876
experiment_T2_C,141.99726402188782,55.22833178005592
experiment_T2_C,142.81805745554036,55.20969245107176
experiment_T2_C,143.6388508891929,55.153774464119294
experiment_T2_C,144.4596443228454,55.1910531220876
experiment_T2_C,145.28043775649795,55.153774464119294
experiment_T2_C,146.1012311901505,55.13513513513514
experiment_T2_C,146.922024623803,55.09785647716682
experiment_T2_C,147.74281805745554,55.079217148182664
experiment_T2_C,148.56361149110808,55.13513513513514
experiment_T2_C,149.3844049247606,55.26561043802423
experiment_T2_C,150.20519835841313,55.246971109040075
experiment_T2_C,151.02599179206567,55.30288909599254
experiment_T2_C,151.8467852257182,55.26561043802423
experiment_T2_C,152.66757865937072,55.20969245107176
experiment_T2_C,153.48837209302326,55.153774464119294
experiment_T2_C,154.3091655266758,55.02951227089158
experiment_T2_C,155.1299589603283,54.90525007766387
experiment_T2_C,155.95075239398085,54.78098788443616
experiment_T2_C,156.7715458276334,54.76234855545201
experiment_T2_C,157.5923392612859,54.76234855545201
experiment_T2_C,158.41313269493844,54.76234855545201
experiment_T2_C,159.23392612859098,54.74370922646785
experiment_T2_C,160.0547195622435,54.66915191053122
experiment_T2_C,160.87551299589603,54.63187325256291
experiment_T2_C,161.69630642954857,54.68779123951538
experiment_T2_C,162.51709986320108,54.706430568499535
experiment_T2_C,163.33789329685362,55.20969245107176
experiment_T2_C,164.15868673050616,55.20969245107176
experiment_T2_C,164.97948016415867,55.22833178005592
experiment_T2_C,165.8002735978112,55.1910531220876
experiment_T2_C,166.62106703146375,54.66915191053122
experiment_T2_C,167.4418604651163,54.57595526561044
experiment_T2_C,168.2626538987688,54.65051258154706
experiment_T2_C,169.08344733242134,54.65051258154706
experiment_T2_C,169.90424076607388,54.66915191053122
experiment_T2_C,170.7250341997264,54.66915191053122
experiment_T2_C,171.54582763337893,54.68779123951538
experiment_T2_C,172.36662106703147,54.66915191053122
experiment_T2_C,173.18741450068399,54.66915191053122
experiment_T2_C,174.00820793433653,54.68779123951538
experiment_T2_C,174.82900136798906,54.706430568499535
experiment_T2_C,175.64979480164158,54.66915191053122
experiment_T2_C,176.47058823529412,54.706430568499535
experiment_T2_C,177.29138166894666,54.94874184529357
experiment_T2_C,178.11217510259917,55.00465983224604
experiment_T2_C,178.9329685362517,54.986020503261884
experiment_T2_C,179.75376196990425,54.93010251630941
experiment_T2_C,180.57455540355676,54.72506989748369
experiment_T2_C,181.3953488372093,54.706430568499535
experiment_T2_C,182.21614227086184,54.66915191053122
experiment_T2_C,183.03693570451438,54.65051258154706
experiment_T2_C,183.8577291381669,54.66915191053122
experiment_T2_C,184.67852257181943,54.613233923578754
experiment_T2_C,185.49931600547197,54.63187325256291
experiment_T2_C,186.32010943912448,54.5945945945946
experiment_T2_C,187.14090287277702,54.5945945945946
experiment_T2_C,187.96169630642956,54.63187325256291
experiment_T2_C,188.78248974008207,54.65051258154706
experiment_T2_C,189.6032831737346,54.613233923578754
experiment_T2_C,190.42407660738715,54.66915191053122
experiment_T2_C,191.24487004103966,54.68779123951538
experiment_T2_C,192.0656634746922,54.986020503261884
experiment_T2_C,192.88645690834474,55.0232991612302
experiment_T2_C,193.70725034199725,55.04193849021435
experiment_T2_C,194.5280437756498,55.06057781919851
experiment_T2_C,195.34883720930233,55.06057781919851
experiment_T2_C,196.16963064295484,55.079217148182664
experiment_T2_C,196.99042407660738,55.0232991612302
experiment_T2_C,197.81121751025992,54.76234855545201
experiment_T2_C,198.63201094391246,54.74370922646785
experiment_T2_C,199.45280437756497,54.72506989748369
experiment_T2_C,200.2735978112175,54.706430568499535
experiment_T2_C,201.09439124487005,54.706430568499535
experiment_T2_C,201.91518467852256,54.74370922646785
experiment_T2_C,202.7359781121751,54.72506989748369
experiment_T2_C,203.55677154582764,54.74370922646785
experiment_T2_C,204.37756497948016,55.13513513513514
experiment_T2_C,205.1983584131327,55.153774464119294
experiment_T2_C,206.01915184678523,54.78098788443616
experiment_T2_C,206.83994528043775,54.74370922646785
experiment_T2_C,207.6607387140903,54.66915191053122
experiment_T2_C,208.48153214774283,54.68779123951538
experiment_T2_C,209.30232558139534,54.65051258154706
experiment_T2_C,210.12311901504788,54.613233923578754
experiment_T2_C,210.94391244870042,54.613233923578754
experiment_T2_C,211.76470588235293,54.66915191053122
experiment_T2_C,212.58549931600547,54.74370922646785
experiment_T2_C,213.406292749658,54.76234855545201
experiment_T2_C,214.22708618331055,54.74370922646785
experiment_T2_C,215.04787961696306,54.706430568499535
experiment_T2_C,215.8686730506156,54.78098788443616
experiment_T2_C,216.68946648426814,54.79030754892824
experiment_T2_C,217.51025991792065,54.799627213420315
experiment_T2_C,218.3310533515732,55.172413793103445
experiment_T2_C,219.15184678522573,55.30288909599254
experiment_T2_C,219.97264021887824,54.81826654240447
experiment_T2_C,220.79343365253078,54.78098788443616
experiment_T2_C,221.61422708618332,54.799627213420315
experiment_T2_C,222.43502051983583,54.83690587138863
experiment_T2_C,223.25581395348837,54.81826654240447
experiment_T2_C,224.0766073871409,54.81826654240447
experiment_T2_C,224.89740082079342,54.78098788443616
experiment_T2_C,225.71819425444596,54.81826654240447
experiment_T2_C,226.5389876880985,54.68779123951538
experiment_T2_C,227.359781121751,54.66915191053122
experiment_T2_C,228.18057455540355,54.706430568499535
experiment_T2_C,229.0013679890561,54.83690587138863
experiment_T2_C,229.82216142270863,54.83690587138863
experiment_T2_C,230.64295485636114,54.81826654240447
experiment_T2_C,231.46374829001368,54.799627213420315
experiment_T2_C,232.28454172366622,54.83690587138863
experiment_T2_C,233.10533515731873,54.83690587138863
experiment_T2_C,233.92612859097127,54.85554520037279
experiment_T2_C,234.7469220246238,54.85554520037279
experiment_T2_C,235.56771545827633,54.874184529356945
experiment_T2_C,236.38850889192886,54.8928238583411
experiment_T2_C,237.2093023255814,55.13513513513514
experiment_T2_C,238.03009575923392,55.153774464119294
experiment_T2_C,238.85088919288646,55.153774464119294
experiment_T2_C,239.671682626539,55.153774464119294
experiment_T2_C,240.4924760601915,55.22833178005592
experiment_T2_C,241.31326949384405,55.28424976700839
experiment_T2_C,242.1340629274966,55.28424976700839
experiment_T2_C,242.9548563611491,55.28424976700839
experiment_T2_C,243.77564979480164,55.26561043802423
experiment_T2_C,244.59644322845418,55.1910531220876
experiment_T2_C,245.41723666210672,55.172413793103445
experiment_T2_C,246.23803009575923,55.172413793103445
experiment_T2_C,247.05882352941177,54.81826654240447
experiment_T2_C,247.8796169630643,54.74370922646785
experiment_T2_C,248.70041039671682,54.85554520037279
experiment_T2_C,249.52120383036936,54.8928238583411
experiment_T2_C,250.3419972640219,54.8928238583411
experiment_T2_C,251.1627906976744,55.172413793103445
experiment_T2_C,251.98358413132695,55.20969245107176
experiment_T2_C,252.8043775649795,55.22833178005592
experiment_T2_C,253.625170998632,55.26561043802423
experiment_T2_C,254.44596443228454,55.22833178005592
experiment_T2_C,255.26675786593708,55.22833178005592
experiment_T2_C,256.0875512995896,54.874184529356945
experiment_T2_C,256.90834473324213,54.78098788443616
experiment_T2_C,257.72913816689464,54.78098788443616
experiment_T2_C,258.5499316005472,54.78098788443616
experiment_T2_C,259.3707250341997,54.8928238583411
experiment_T2_C,260.19151846785223,55.04193849021435
experiment_T2_C,261.0123119015048,55.1910531220876
experiment_T2_C,261.8331053351573,55.172413793103445
experiment_T2_C,262.6538987688098,55.10251630941286
experiment_T2_C,263.4746922024624,55.032618825722274
experiment_T2_C,264.2954856361149,54.962721342031685
experiment_T2_C,265.1162790697674,54.8928238583411
experiment_T2_C,265.93707250342,54.8928238583411
experiment_T2_C,266.7578659370725,54.8928238583411
experiment_T2_C,267.578659370725,54.8928238583411
experiment_T2_C,268.3994528043776,54.8928238583411
experiment_T2_C,269.2202462380301,54.8928238583411
experiment_T2_C,270.04103967168265,54.8928238583411
experiment_T2_C,270.86183310533517,55.20969245107176
experiment_T2_C,271.6826265389877,55.30288909599254
experiment_T2_C,272.50341997264024,55.26561043802423
experiment_T2_C,273.32421340629276,54.874184529356945
experiment_T2_C,274.14500683994527,54.83690587138863
experiment_T2_C,274.96580027359784,54.83690587138863
experiment_T2_C,275.78659370725035,54.874184529356945
experiment_T2_C,276.60738714090286,54.93010251630941
experiment_T2_C,277.4281805745554,54.93010251630941
experiment_T2_C,278.24897400820794,54.93010251630941
experiment_T2_C,279.06976744186045,54.93010251630941
experiment_T2_C,279.890560875513,55.1910531220876
experiment_T2_C,280.71135430916553,55.22833178005592
experiment_T2_C,281.53214774281804,55.20969245107176
experiment_T2_C,282.3529411764706,55.11649580615098
experiment_T2_C,283.1737346101231,54.874184529356945
experiment_T2_C,283.99452804377563,54.83690587138863
experiment_T2_C,284.8153214774282,54.81826654240447
experiment_T2_C,285.6361149110807,54.874184529356945
experiment_T2_C,286.4569083447332,55.153774464119294
experiment_T2_C,287.2777017783858,55.1910531220876
experiment_T2_C,288.0984952120383,55.3215284249767
experiment_T2_C,288.9192886456908,55.48928238583411
experiment_T2_C,289.7400820793434,55.43336439888164
experiment_T2_C,290.5608755129959,55.26561043802423
experiment_T2_C,291.3816689466484,55.20969245107176
experiment_T2_C,292.202462380301,55.1910531220876
experiment_T2_C,293.0232558139535,55.153774464119294
experiment_T2_C,293.844049247606,55.1910531220876
experiment_T2_C,294.66484268125856,55.172413793103445
experiment_T2_C,295.4856361149111,55.172413793103445
experiment_T2_C,296.3064295485636,55.20969245107176
experiment_T2_C,297.12722298221615,55.20969245107176
experiment_T2_C,297.94801641586866,55.22833178005592
experiment_T2_C,298.7688098495212,55.1910531220876
experiment_T2_C,299.58960328317374,54.91146318732525
experiment_T2_C,300.41039671682626,54.874184529356945
experiment_T2_C,301.2311901504788,55.246971109040075
experiment_T2_C,302.05198358413134,55.340167753960856
experiment_T2_C,302.87277701778385,55.28424976700839
experiment_T2_C,303.6935704514364,55.246971109040075
experiment_T2_C,304.5143638850889,55.1910531220876
experiment_T2_C,305.33515731874144,55.22833178005592
experiment_T2_C,306.155950752394,55.26561043802423
experiment_T2_C,306.9767441860465,55.26561043802423
experiment_T2_C,307.797537619699,55.246971109040075
experiment_T2_C,308.6183310533516,55.153774464119294
experiment_T2_C,309.4391244870041,54.85554520037279
experiment_T2_C,310.2599179206566,54.799627213420315
experiment_T2_C,311.0807113543092,54.81826654240447
experiment_T2_C,311.9015047879617,54.83690587138863
experiment_T2_C,312.7222982216142,54.8928238583411
experiment_T2_C,313.5430916552668,55.13513513513514
experiment_T2_C,314.3638850889193,55.246971109040075
experiment_T2_C,315.1846785225718,55.22833178005592
experiment_T2_C,316.00547195622437,55.172413793103445
experiment_T2_C,316.8262653898769,55.172413793103445
experiment_T2_C,317.6470588235294,55.172413793103445
experiment_T2_C,318.46785225718196,55.172413793103445
experiment_T2_C,319.28864569083447,55.153774464119294
experiment_T2_C,320.109439124487,55.13513513513514
experiment_T2_C,320.93023255813955,55.11649580615098
experiment_T2_C,321.75102599179206,55.13513513513514
experiment_T2_C,322.5718194254446,55.153774464119294
experiment_T2_C,323.39261285909714,55.13513513513514
experiment_T2_C,324.21340629274965,55.13513513513514
experiment_T2_C,325.03419972640216,54.85554520037279
experiment_T2_C,325.85499316005473,54.78098788443616
experiment_T2_C,326.67578659370724,54.81826654240447
experiment_T2_C,327.49658002735976,54.874184529356945
experiment_T2_C,328.3173734610123,55.11649580615098
experiment_T2_C,329.13816689466483,55.11649580615098
experiment_T2_C,329.95896032831735,55.11649580615098
experiment_T2_C,330.7797537619699,55.079217148182664
experiment_T2_C,331.6005471956224,55.153774464119294
experiment_T2_C,332.421340629275,55.172413793103445
experiment_T2_C,333.2421340629275,55.172413793103445
experiment_T2_C,334.06292749658,55.153774464119294
experiment_T2_C,334.8837209302326,55.06057781919851
experiment_T2_C,335.7045143638851,54.967381174277726
experiment_T2_C,336.5253077975376,54.874184529356945
experiment_T2_C,337.3461012311902,54.874184529356945
experiment_T2_C,338.1668946648427,54.874184529356945
experiment_T2_C,338.9876880984952,54.85554520037279
experiment_T2_C,339.80848153214777,54.874184529356945
experiment_T2_C,340.6292749658003,54.85554520037279
experiment_T2_C,341.4500683994528,54.83690587138863
experiment_T2_C,342.27086183310536,54.83690587138863
experiment_T2_C,343.09165526675787,54.85554520037279
experiment_T2_C,343.9124487004104,54.799627213420315
experiment_T2_C,344.73324213406295,54.799627213420315
experiment_T2_C,345.55403556771546,54.85554520037279
experiment_T2_C,346.37482900136797,55.13513513513514
experiment_T2_C,347.19562243502054,55.13513513513514
experiment_T2_C,348.01641586867305,55.11649580615098
experiment_T2_C,348.83720930232556,54.83690587138863
experiment_T2_C,349.65800273597813,54.83690587138863
experiment_T2_C,350.47879616963064,54.83690587138863
experiment_T2_C,351.29958960328315,54.81826654240447
experiment_T2_C,352.1203830369357,54.706430568499535
experiment_T2_C,352.94117647058823,54.76234855545201
experiment_T2_C,353.76196990424074,54.83690587138863
experiment_T2_C,354.5827633378933,54.874184529356945
experiment_T2_C,355.4035567715458,54.874184529356945
experiment_T2_C,356.22435020519833,55.11649580615098
experiment_T2_C,357.0451436388509,55.13513513513514
experiment_T2_C,357.8659370725034,55.13513513513514
experiment_T2_C,358.6867305061559,55.11649580615098
experiment_T2_C,359.5075239398085,55.11649580615098
experiment_T2_C,360.328317373461,55.13513513513514
experiment_T2_C,361.1491108071135,55.22833178005592
experiment_T2_C,361.9699042407661,55.26561043802423
experiment_T2_C,362.7906976744186,55.1910531220876
experiment_T2_C,363.61149110807116,55.22833178005592
experiment_T2_C,364.4322845417237,55.153774464119294
experiment_T2_C,365.2530779753762,54.8928238583411
experiment_T2_C,366.07387140902875,54.8928238583411
experiment_T2_C,366.89466484268127,55.172413793103445
experiment_T2_C,367.7154582763338,55.1910531220876
experiment_T2_C,368.53625170998635,55.20969245107176
experiment_T2_C,369.35704514363886,55.1910531220876
experiment_T2_C,370.17783857729137,55.20969245107176
experiment_T2_C,370.99863201094394,55.20969245107176
experiment_T2_C,371.81942544459645,55.28424976700839
experiment_T2_C,372.64021887824896,55.340167753960856
experiment_T2_C,373.4610123119015,55.246971109040075
experiment_T2_C,374.28180574555404,55.153774464119294
experiment_T2_C,375.10259917920655,54.85554520037279
experiment_T2_C,375.9233926128591,54.85554520037279
experiment_T2_C,376.74418604651163,54.85554520037279
experiment_T2_C,377.56497948016414,55.11649580615098
experiment_T2_C,378.3857729138167,55.153774464119294
experiment_T2_C,379.2065663474692,55.26561043802423
experiment_T2_C,380.02735978112173,55.172413793103445
experiment_T2_C,380.8481532147743,55.153774464119294
experiment_T2_C,381.6689466484268,54.78098788443616
experiment_T2_C,382.4897400820793,54.799627213420315
experiment_T2_C,383.3105335157319,54.83690587138863
experiment_T2_C,384.1313269493844,55.153774464119294
experiment_T2_C,384.9521203830369,55.246971109040075
experiment_T2_C,385.7729138166895,55.30288909599254
experiment_T2_C,386.593707250342,55.28424976700839
experiment_T2_C,387.4145006839945,55.26561043802423
experiment_T2_C,388.2352941176471,55.28424976700839
experiment_T2_C,389.0560875512996,55.28424976700839
experiment_T2_C,389.8768809849521,55.246971109040075
experiment_T2_C,390.69767441860466,55.246971109040075
experiment_T2_C,391.5184678522572,55.246971109040075
experiment_T2_C,392.3392612859097,55.246971109040075
experiment_T2_C,393.16005471956225,55.20969245107176
experiment_T2_C,393.98084815321477,55.20969245107176
experiment_T2_C,394.80164158686733,55.20969245107176
experiment_T2_C,395.62243502051984,55.30288909599254
experiment_T2_C,396.44322845417236,55.340167753960856
experiment_T2_C,397.2640218878249,55.28424976700839
experiment_T2_C,398.08481532147744,55.246971109040075
experiment_T2_C,398.90560875512995,55.20969245107176
experiment_T2_C,399.7264021887825,54.81826654240447
experiment_T2_C,400.547195622435,54.76234855545201
experiment_T2_C,401.36798905608754,54.72506989748369
experiment_T2_C,402.1887824897401,54.83690587138863
experiment_T2_C,403.0095759233926,55.013979496738116
experiment_T2_C,403.83036935704513,55.1910531220876
experiment_T2_C,404.6511627906977,55.13513513513514
experiment_T2_C,405.4719562243502,55.13513513513514
experiment_T2_C,406.2927496580027,55.13513513513514
experiment_T2_C,407.1135430916553,55.172413793103445
experiment_T2_C,407.9343365253078,55.246971109040075
experiment_T2_C,408.7551299589603,55.20969245107176
experiment_T2_C,409.5759233926129,55.1910531220876
experiment_T2_C,410.3967168262654,55.13513513513514
experiment_T2_C,411.2175102599179,55.153774464119294
experiment_T2_C,412.03830369357047,55.13513513513514
experiment_T2_C,412.859097127223,55.13513513513514
experiment_T2_C,413.6798905608755,54.8928238583411
experiment_T2_C,414.50068399452806,54.874184529356945
experiment_T2_C,415.3214774281806,54.874184529356945
experiment_T2_C,416.1422708618331,54.8928238583411
experiment_T2_C,416.96306429548565,55.172413793103445
experiment_T2_C,417.78385772913816,55.20969245107176
experiment_T2_C,418.6046511627907,55.1910531220876
experiment_T2_C,419.42544459644324,55.172413793103445
experiment_T2_C,420.24623803009575,55.13513513513514
experiment_T2_C,421.06703146374826,54.85554520037279
experiment_T2_C,421.88782489740083,54.85554520037279
experiment_T2_C,422.70861833105334,54.874184529356945
experiment_T2_C,423.52941176470586,54.83690587138863
experiment_T2_C,424.3502051983584,54.83690587138863
experiment_T2_C,425.17099863201094,54.81826654240447
experiment_T2_C,425.99179206566345,54.874184529356945
experiment_T2_C,426.812585499316,54.8928238583411
experiment_T2_C,427.6333789329685,55.09785647716682
experiment_T2_C,428.4541723666211,54.8928238583411
experiment_T2_C,429.2749658002736,55.153774464119294
experiment_T2_C,430.0957592339261,55.1910531220876
experiment_T2_C,430.9165526675787,55.153774464119294
experiment_T2_C,431.7373461012312,55.13513513513514
experiment_T2_C,432.5581395348837,55.153774464119294
experiment_T2_C,433.3789329685363,55.153774464119294
experiment_T2_C,434.1997264021888,55.20969245107176
experiment_T2_C,435.0205198358413,55.22833178005592
experiment_T2_C,435.84131326949387,55.153774464119294
experiment_T2_C,436.6621067031464,54.8928238583411
experiment_T2_C,437.4829001367989,54.8928238583411
experiment_T2_C,438.30369357045146,54.8928238583411
experiment_T2_C,439.12448700410397,55.20969245107176
experiment_T2_C,439.9452804377565,55.246971109040075
experiment_T2_C,440.76607387140905,55.30288909599254
experiment_T2_C,441.58686730506156,55.26561043802423
experiment_T2_C,442.40766073871407,55.26561043802423
experiment_T2_C,443.22845417236664,55.1910531220876
experiment_T2_C,444.04924760601915,55.172413793103445
experiment_T2_C,444.87004103967166,54.874184529356945
experiment_T2_C,445.69083447332423,54.85554520037279
experiment_T2_C,446.51162790697674,54.81826654240447
experiment_T2_C,447.33242134062925,54.76234855545201
experiment_T2_C,448.1532147742818,54.74370922646785
experiment_T2_C,448.97400820793433,54.76234855545201
experiment_T2_C,449.79480164158684,54.799627213420315
experiment_T2_C,450.6155950752394,54.874184529356945
experiment_T2_C,451.4363885088919,54.874184529356945
experiment_T2_C,452.25718194254443,54.85554520037279
experiment_T2_C,453.077975376197,54.83690587138863
experiment_T2_C,453.8987688098495,54.81826654240447
experiment_T2_C,454.719562243502,54.83690587138863
experiment_T2_C,455.5403556771546,54.83690587138863
experiment_T2_C,456.3611491108071,55.13513513513514
experiment_T2_C,457.1819425444596,55.172413793103445
experiment_T2_C,458.0027359781122,55.172413793103445
experiment_T2_C,458.8235294117647,55.153774464119294
experiment_T2_C,459.64432284541726,55.13513513513514
experiment_T2_C,460.4651162790698,55.20969245107176
experiment_T2_C,461.2859097127223,55.20969245107176
experiment_T2_C,462.10670314637485,54.874184529356945
experiment_T2_C,462.92749658002737,54.74370922646785
experiment_T2_C,463.7482900136799,54.74370922646785
experiment_T2_C,464.56908344733245,54.74370922646785
experiment_T2_C,465.38987688098496,54.74370922646785
experiment_T2_C,466.21067031463747,54.706430568499535
experiment_T2_C,467.03146374829004,54.74370922646785
experiment_T2_C,467.85225718194255,54.76234855545201
experiment_T2_C,468.67305061559506,54.74370922646785
experiment_T2_C,469.4938440492476,54.81826654240447
experiment_T2_C,470.31463748290014,54.83690587138863
experiment_T2_C,471.13543091655265,54.78098788443616
experiment_T2_C,471.9562243502052,54.76234855545201
experiment_T2_C,472.77701778385773,54.83690587138863
experiment_T2_C,473.59781121751024,55.13513513513514
experiment_T2_C,474.4186046511628,55.172413793103445
experiment_T2_C,475.2393980848153,55.1910531220876
experiment_T2_C,476.06019151846783,55.1910531220876
experiment_T2_C,476.8809849521204,55.11649580615098
experiment_T2_C,477.7017783857729,54.799627213420315
experiment_T2_C,478.5225718194254,54.78098788443616
experiment_T2_C,479.343365253078,54.78098788443616
experiment_T2_C,480.1641586867305,54.81826654240447
experiment_T2_C,480.984952120383,54.85554520037279
experiment_T2_C,481.8057455540356,55.013979496738116
experiment_T2_C,482.6265389876881,55.172413793103445
experiment_T2_C,483.4473324213406,55.153774464119294
experiment_T2_C,484.2681258549932,55.153774464119294
experiment_T2_C,485.0889192886457,55.153774464119294
experiment_T2_C,485.9097127222982,55.13513513513514
experiment_T2_C,486.73050615595076,55.153774464119294
experiment_T2_C,487.5512995896033,55.13513513513514
experiment_T2_C,488.3720930232558,54.8928238583411
experiment_T2_C,489.19288645690835,54.85554520037279
experiment_T2_C,490.01367989056087,54.874184529356945
experiment_T2_C,490.83447332421343,54.83690587138863
experiment_T2_C,491.65526675786595,54.85554520037279
experiment_T2_C,492.47606019151846,54.85554520037279
experiment_T2_C,493.296853625171,54.8928238583411
experiment_T2_C,494.11764705882354,55.11649580615098
experiment_T2_C,494.93844049247605,55.11649580615098
experiment_T2_C,495.7592339261286,55.09785647716682
experiment_T2_C,496.5800273597811,54.83690587138863
experiment_T2_C,497.40082079343364,54.74370922646785
experiment_T2_C,498.2216142270862,54.799627213420315
experiment_T2_C,499.0424076607387,54.83690587138863
experiment_T2_C,499.86320109439123,54.874184529356945
experiment_T2_C,500.6839945280438,55.13513513513514
experiment_T2_C,501.5047879616963,54.874184529356945
experiment_T2_C,502.3255813953488,55.22833178005592
experiment_T2_C,503.1463748290014,55.28424976700839
experiment_T2_C,503.9671682626539,55.28424976700839
experiment_T2_C,504.7879616963064,55.26561043802423
experiment_T2_C,505.608755129959,55.246971109040075
experiment_T2_C,506.4295485636115,55.246971109040075
experiment_T2_C,507.250341997264,55.246971109040075
experiment_T2_C,508.07113543091657,55.22833178005592
experiment_T2_C,508.8919288645691,55.153774464119294
experiment_T2_C,509.7127222982216,55.11649580615098
experiment_T2_C,510.53351573187416,55.172413793103445
experiment_T2_C,511.3543091655267,55.26561043802423
experiment_T2_C,512.1751025991792,55.3215284249767
experiment_T2_C,512.9958960328318,55.340167753960856
experiment_T2_C,513.8166894664843,55.28424976700839
experiment_T2_C,514.6374829001368,55.22833178005592
experiment_T2_C,515.4582763337893,55.246971109040075
experiment_T2_C,516.2790697674419,55.246971109040075
experiment_T2_C,517.0998632010944,55.20969245107176
experiment_T2_C,517.9206566347469,55.11649580615098
experiment_T2_C,518.7414500683994,54.83690587138863
experiment_T2_C,519.562243502052,54.799627213420315
experiment_T2_C,520.3830369357045,54.76234855545201
experiment_T2_C,521.2038303693571,54.72506989748369
experiment_T2_C,522.0246238030096,54.83690587138863
experiment_T2_C,522.8454172366621,55.22833178005592
experiment_T2_C,523.6662106703146,55.172413793103445
experiment_T2_C,524.4870041039671,54.83690587138863
experiment_T2_C,525.3077975376196,54.874184529356945
experiment_T2_C,526.1285909712723,55.13513513513514
experiment_T2_C,526.9493844049248,55.09785647716682
experiment_T2_C,527.7701778385773,55.09785647716682
experiment_T2_C,528.5909712722298,54.8928238583411
experiment_T2_C,529.4117647058823,54.874184529356945
experiment_T2_C,530.2325581395348,54.874184529356945
experiment_T2_C,531.0533515731875,54.874184529356945
experiment_T2_C,531.87414500684,54.874184529356945
experiment_T2_C,532.6949384404925,54.986020503261884
experiment_T2_C,533.515731874145,55.09785647716682
experiment_T2_C,534.3365253077975,55.09785647716682
experiment_T2_C,535.15731874145,55.11649580615098
experiment_T2_C,535.9781121751026,55.172413793103445
experiment_T2_C,536.7989056087551,55.20969245107176
experiment_T2_C,537.6196990424077,55.153774464119294
experiment_T2_C,538.4404924760602,55.14445479962721
experiment_T2_C,539.2612859097127,55.13513513513514
experiment_T2_C,540.0820793433653,55.1910531220876
experiment_T2_C,540.9028727770178,55.246971109040075
experiment_T2_C,541.7236662106703,55.1910531220876
experiment_T2_C,542.5444596443228,55.153774464119294
experiment_T2_C,543.3652530779754,54.874184529356945
experiment_T2_C,544.1860465116279,54.874184529356945
experiment_T2_C,545.0068399452805,54.85554520037279
experiment_T2_C,545.827633378933,54.83690587138863
experiment_T2_C,546.6484268125855,54.706430568499535
experiment_T2_C,547.469220246238,54.72506989748369
experiment_T2_C,548.2900136798905,54.78098788443616
experiment_T2_C,549.110807113543,55.172413793103445
experiment_T2_C,549.9316005471957,55.28424976700839
experiment_T2_C,550.7523939808482,55.28424976700839
experiment_T2_C,551.5731874145007,55.22833178005592
experiment_T2_C,552.3939808481532,55.06057781919851
experiment_T2_C,553.2147742818057,54.8928238583411
experiment_T2_C,554.0355677154582,54.8928238583411
experiment_T2_C,554.8563611491109,54.8928238583411
experiment_T2_C,555.6771545827634,54.874184529356945
experiment_T2_C,556.4979480164159,54.874184529356945
experiment_T2_C,557.3187414500684,54.799627213420315
experiment_T2_C,558.1395348837209,54.799627213420315
experiment_T2_C,558.9603283173734,55.11649580615098
experiment_T2_C,559.781121751026,55.1910531220876
experiment_T2_C,560.6019151846785,55.20969245107176
experiment_T2_C,561.4227086183311,55.1910531220876
experiment_T2_C,562.2435020519836,55.04193849021435
experiment_T2_C,563.0642954856361,54.8928238583411
experiment_T2_C,563.8850889192886,54.874184529356945
experiment_T2_C,564.7058823529412,54.8928238583411
experiment_T2_C,565.5266757865937,54.874184529356945
experiment_T2_C,566.3474692202462,54.86020503261882
experiment_T2_C,567.1682626538988,54.846225535880706
experiment_T2_C,567.9890560875513,54.83224603914259
experiment_T2_C,568.8098495212039,54.81826654240447
experiment_T2_C,569.6306429548564,54.78098788443616
experiment_T2_C,570.4514363885089,54.78098788443616
experiment_T2_C,571.2722298221614,54.78098788443616
experiment_T2_C,572.0930232558139,54.799627213420315
experiment_T2_C,572.9138166894664,54.799627213420315
experiment_T2_C,573.7346101231191,54.83690587138863
experiment_T2_C,574.5554035567716,54.83690587138863
experiment_T2_C,575.3761969904241,54.81826654240447
experiment_T2_C,576.1969904240766,54.85554520037279
experiment_T2_C,577.0177838577291,54.874184529356945
experiment_T2_C,577.8385772913816,54.874184529356945
experiment_T2_C,578.6593707250343,54.8928238583411
experiment_T2_C,579.4801641586868,54.874184529356945
experiment_T2_C,580.3009575923393,54.85554520037279
experiment_T2_C,581.1217510259918,54.74370922646785
experiment_T2_C,581.9425444596443,54.799627213420315
experiment_T2_C,582.7633378932968,55.11649580615098
experiment_T2_C,583.5841313269494,55.153774464119294
experiment_T2_C,584.404924760602,55.13513513513514
experiment_T2_C,585.2257181942545,54.874184529356945
experiment_T2_C,586.046511627907,54.8928238583411
experiment_T2_C,586.8673050615595,54.8928238583411
experiment_T2_C,587.688098495212,54.83690587138863
experiment_T2_C,588.5088919288646,54.81826654240447
experiment_T2_C,589.3296853625171,54.83690587138863
experiment_T2_C,590.1504787961696,54.85554520037279
experiment_T2_C,590.9712722298221,54.83690587138863
experiment_T2_C,591.7920656634747,54.81826654240447
experiment_T2_C,592.6128590971272,54.83690587138863
experiment_T2_C,593.4336525307798,54.78098788443616
experiment_T2_C,594.2544459644323,54.799627213420315
experiment_T2_C,595.0752393980848,54.83690587138863
experiment_T2_C,595.8960328317373,55.153774464119294
experiment_T2_C,596.7168262653898,55.172413793103445
experiment_T2_C,597.5376196990424,55.172413793103445
experiment_T2_C,598.358413132695,55.246971109040075
experiment_T2_C,599.1792065663475,55.172413793103445
experiment_T2_C,600.0,55.11649580615098
experiment_T2_C,600.8207934336525,55.172413793103445
experiment_T2_C,601.641586867305,55.22833178005592
experiment_T2_C,602.4623803009576,55.22833178005592
experiment_T2_C,603.2831737346102,55.1910531220876
experiment_T2_C,604.1039671682627,54.8928238583411
experiment_T2_C,604.9247606019152,54.85554520037279
experiment_T2_C,605.7455540355677,54.83690587138863
experiment_T2_C,606.5663474692202,54.874184529356945
experiment_T2_C,607.3871409028728,54.85554520037279
experiment_T2_C,608.2079343365253,54.874184529356945
experiment_T2_C,609.0287277701779,54.874184529356945
experiment_T2_C,609.8495212038304,54.874184529356945
experiment_T2_C,610.6703146374829,54.874184529356945
experiment_T2_C,611.4911080711354,54.93010251630941
experiment_T2_C,612.311901504788,54.986020503261884
experiment_T2_C,613.1326949384405,55.04193849021435
experiment_T2_C,613.953488372093,55.09785647716682
experiment_T2_C,614.7742818057455,55.153774464119294
experiment_T2_C,615.595075239398,55.20969245107176
experiment_T2_C,616.4158686730506,55.246971109040075
experiment_T2_C,617.2366621067032,55.22833178005592
experiment_T2_C,618.0574555403557,55.153774464119294
experiment_T2_C,618.8782489740082,54.8928238583411
experiment_T2_C,619.6990424076607,54.8928238583411
experiment_T2_C,620.5198358413132,55.13513513513514
experiment_T2_C,621.3406292749657,55.13513513513514
experiment_T2_C,622.1614227086184,55.153774464119294
experiment_T2_C,622.9822161422709,54.78098788443616
experiment_T2_C,623.8030095759234,54.74370922646785
experiment_T2_C,624.6238030095759,54.72506989748369
experiment_T2_C,625.4445964432284,54.706430568499535
experiment_T2_C,626.2653898768809,54.72506989748369
experiment_T2_C,627.0861833105336,54.74370922646785
experiment_T2_C,627.9069767441861,54.78098788443616
experiment_T2_C,628.7277701778386,54.85554520037279
experiment_T2_C,629.5485636114911,55.153774464119294
experiment_T2_C,630.3693570451436,55.172413793103445
experiment_T2_C,631.1901504787961,55.246971109040075
experiment_T2_C,632.0109439124487,55.3215284249767
experiment_T2_C,632.8317373461012,55.246971109040075
experiment_T2_C,633.6525307797538,55.13513513513514
experiment_T2_C,634.4733242134063,54.76234855545201
experiment_T2_C,635.2941176470588,54.81826654240447
experiment_T2_C,636.1149110807114,55.172413793103445
experiment_T2_C,636.9357045143639,55.28424976700839
experiment_T2_C,637.7564979480164,55.11649580615098
experiment_T2_C,638.5772913816689,54.81826654240447
experiment_T2_C,639.3980848153215,54.81826654240447
experiment_T2_C,640.218878248974,54.85554520037279
experiment_T2_C,641.0396716826266,55.11649580615098
experiment_T2_C,641.8604651162791,55.13513513513514
experiment_T2_C,642.6812585499316,54.8928238583411
experiment_T2_C,643.5020519835841,54.74370922646785
experiment_T2_C,644.3228454172366,54.81826654240447
experiment_T2_C,645.1436388508891,54.74370922646785
experiment_T2_C,645.9644322845418,55.153774464119294
experiment_T2_C,646.7852257181943,55.20969245107176
experiment_T2_C,647.6060191518468,55.1910531220876
experiment_T2_C,648.4268125854993,55.172413793103445
experiment_T2_C,649.2476060191518,55.1910531220876
experiment_T2_C,650.0683994528043,55.1910531220876
experiment_T2_C,650.889192886457,55.1910531220876
experiment_T2_C,651.7099863201095,55.153774464119294
experiment_T2_C,652.530779753762,54.8928238583411
experiment_T2_C,653.3515731874145,54.874184529356945
experiment_T2_C,654.172366621067,55.13513513513514
experiment_T2_C,654.9931600547195,55.153774464119294
experiment_T2_C,655.8139534883721,55.13513513513514
experiment_T2_C,656.6347469220246,54.85554520037279
experiment_T2_C,657.4555403556772,54.78098788443616
experiment_T2_C,658.2763337893297,54.76234855545201
experiment_T2_C,659.0971272229822,54.74370922646785
experiment_T2_C,659.9179206566347,54.81826654240447
experiment_T2_C,660.7387140902873,54.81826654240447
experiment_T2_C,661.5595075239398,54.874184529356945
experiment_T2_C,662.3803009575923,54.8928238583411
experiment_T2_C,663.2010943912449,54.8928238583411
experiment_T2_C,664.0218878248974,54.8928238583411
experiment_T2_C,664.84268125855,54.706430568499535
experiment_T2_C,665.6634746922025,54.50139794967381
experiment_T2_C,666.484268125855,54.50139794967381
experiment_T2_C,667.3050615595075,54.613233923578754
experiment_T2_C,668.12585499316,54.68779123951538
experiment_T2_C,668.9466484268125,54.799627213420315
experiment_T2_C,669.7674418604652,55.153774464119294
experiment_T2_C,670.5882352941177,55.22833178005592
experiment_T2_C,671.4090287277702,55.20969245107176
experiment_T2_C,672.2298221614227,55.172413793103445
experiment_T2_C,673.0506155950752,55.0232991612302
experiment_T2_C,673.8714090287277,54.874184529356945
experiment_T2_C,674.6922024623804,54.874184529356945
experiment_T2_C,675.5129958960329,54.83690587138863
experiment_T2_C,676.3337893296854,54.799627213420315
experiment_T2_C,677.1545827633379,54.76234855545201
experiment_T2_C,677.9753761969904,54.799627213420315
experiment_T2_C,678.7961696306429,54.76234855545201
experiment_T2_C,679.6169630642955,54.799627213420315
experiment_T2_C,680.437756497948,54.78098788443616
experiment_T2_C,681.2585499316006,54.81826654240447
experiment_T2_C,682.0793433652531,54.874184529356945
experiment_T2_C,682.9001367989056,54.874184529356945
experiment_T2_C,683.7209302325581,54.83690587138863
experiment_T2_C,684.5417236662107,55.22833178005592
experiment_T2_C,685.3625170998632,55.3215284249767
experiment_T2_C,686.1833105335157,55.26561043802423
experiment_T2_C,687.0041039671682,55.1910531220876
experiment_T2_C,687.8248974008208,55.153774464119294
experiment_T2_C,688.6456908344733,55.15004659832246
experiment_T2_C,689.4664842681259,55.14631873252563
experiment_T2_C,690.2872777017784,55.142590866728796
experiment_T2_C,691.1080711354309,55.13886300093196
experiment_T2_C,691.9288645690834,55.13513513513514
experiment_T2_C,692.7496580027359,55.11649580615098
experiment_T2_C,693.5704514363885,55.172413793103445
experiment_T2_C,694.3912448700411,55.20969245107176
experiment_T2_C,695.2120383036936,55.22833178005592
experiment_T2_C,696.0328317373461,54.874184529356945
experiment_T2_C,696.8536251709986,54.799627213420315
experiment_T2_C,697.6744186046511,54.85554520037279
experiment_T2_C,698.4952120383037,54.83690587138863
experiment_T2_C,699.3160054719563,55.13513513513514
experiment_T2_C,700.1367989056088,55.26561043802423
experiment_T2_C,700.9575923392613,55.26561043802423
experiment_T2_C,701.7783857729138,55.172413793103445
experiment_T2_C,702.5991792065663,54.874184529356945
experiment_T2_C,703.4199726402189,54.85554520037279
experiment_T2_C,704.2407660738714,54.874184529356945
experiment_T2_C,705.061559507524,54.961168064616345
experiment_T2_C,705.8823529411765,55.04815159987574
experiment_T2_C,706.703146374829,55.13513513513514
experiment_T2_C,707.5239398084815,55.153774464119294
experiment_T2_C,708.3447332421341,55.153774464119294
experiment_T2_C,709.1655266757866,55.13513513513514
experiment_T2_C,709.9863201094391,54.8928238583411
experiment_T2_C,710.8071135430916,54.81826654240447
experiment_T2_C,711.6279069767442,54.78098788443616
experiment_T2_C,712.4487004103967,54.72506989748369
experiment_T2_C,713.2694938440493,54.83690587138863
experiment_T2_C,714.0902872777018,55.013979496738116
experiment_T2_C,714.9110807113543,55.1910531220876
experiment_T2_C,715.7318741450068,55.153774464119294
experiment_T2_C,716.5526675786593,55.13513513513514
experiment_T2_C,717.3734610123119,54.81826654240447
experiment_T2_C,718.1942544459645,55.13513513513514
experiment_T2_C,719.015047879617,54.8928238583411
experiment_T2_C,719.8358413132695,54.83690587138863
experiment_T2_C,720.656634746922,54.799627213420315
experiment_T2_C,721.4774281805745,54.81826654240447
experiment_T2_C,722.298221614227,54.81826654240447
experiment_T2_C,723.1190150478797,54.81826654240447
experiment_T2_C,723.9398084815322,54.81826654240447
experiment_T2_C,724.7606019151847,54.85554520037279
experiment_T2_C,725.5813953488372,55.3215284249767
experiment_T2_C,726.4021887824897,55.414725069897486
experiment_T2_C,727.2229822161423,55.37744641192917
experiment_T2_C,728.0437756497948,55.39608574091333
experiment_T2_C,728.8645690834473,55.3215284249767
experiment_T2_C,729.6853625170999,55.246971109040075
experiment_T2_C,730.5061559507524,54.91146318732525
experiment_T2_C,731.3269493844049,54.874184529356945
experiment_T2_C,732.1477428180575,54.874184529356945
experiment_T2_C,732.96853625171,54.91146318732525
experiment_T2_C,733.7893296853625,55.11649580615098
experiment_T2_C,734.610123119015,55.153774464119294
experiment_T2_C,735.4309165526676,55.172413793103445
experiment_T2_C,736.2517099863201,55.172413793103445
experiment_T2_C,737.0725034199727,55.153774464119294
experiment_T2_C,737.8932968536252,55.153774464119294
experiment_T2_C,738.7140902872777,55.153774464119294
experiment_T2_C,739.5348837209302,55.13513513513514
experiment_T2_C,740.3556771545827,55.11649580615098
experiment_T2_C,741.1764705882352,55.11649580615098
experiment_T2_C,741.9972640218879,55.13513513513514
experiment_T2_C,742.8180574555404,55.153774464119294
experiment_T2_C,743.6388508891929,55.153774464119294
experiment_T2_C,744.4596443228454,55.11649580615098
experiment_T2_C,745.2804377564979,54.8928238583411
experiment_T2_C,746.1012311901504,54.8928238583411
experiment_T2_C,746.922024623803,54.874184529356945
experiment_T2_C,747.7428180574556,54.85554520037279
experiment_T2_C,748.5636114911081,54.85554520037279
experiment_T2_C,749.3844049247606,54.799627213420315
experiment_T2_C,750.2051983584131,54.66915191053122
experiment_T2_C,751.0259917920656,54.613233923578754
experiment_T2_C,751.8467852257182,54.613233923578754
experiment_T2_C,752.6675786593707,54.74370922646785
experiment_T2_C,753.4883720930233,54.81826654240447
experiment_T2_C,754.3091655266758,54.799627213420315
experiment_T2_C,755.1299589603283,54.8928238583411
experiment_T2_C,755.9507523939808,55.22833178005592
experiment_T2_C,756.7715458276334,55.172413793103445
experiment_T2_C,757.5923392612859,54.874184529356945
experiment_T2_C,758.4131326949384,54.8928238583411
experiment_T2_C,759.233926128591,55.172413793103445
experiment_T2_C,760.0547195622435,55.172413793103445
experiment_T2_C,760.8755129958961,55.172413793103445
experiment_T2_C,761.6963064295486,55.246971109040075
experiment_T2_C,762.5170998632011,55.30288909599254
experiment_T2_C,763.3378932968536,55.28424976700839
experiment_T2_C,764.1586867305061,55.28424976700839
experiment_T2_C,764.9794801641586,55.26561043802423
experiment_T2_C,765.8002735978113,55.11649580615098
experiment_T2_C,766.6210670314638,55.125815470643055
experiment_T2_C,767.4418604651163,55.13513513513514
experiment_T2_C,768.2626538987688,55.1910531220876
experiment_T2_C,769.0834473324213,55.1910531220876
experiment_T2_C,769.9042407660738,55.1910531220876
experiment_T2_C,770.7250341997265,55.1910531220876
experiment_T2_C,771.545827633379,55.172413793103445
experiment_T2_C,772.3666210670315,55.153774464119294
experiment_T2_C,773.187414500684,55.13513513513514
experiment_T2_C,774.0082079343365,55.13513513513514
experiment_T2_C,774.829001367989,55.11649580615098
experiment_T2_C,775.6497948016416,54.83690587138863
experiment_T2_C,776.4705882352941,54.83690587138863
experiment_T2_C,777.2913816689467,54.76234855545201
experiment_T2_C,778.1121751025992,54.81826654240447
experiment_T2_C,778.9329685362517,54.81826654240447
experiment_T2_C,779.7537619699042,54.85554520037279
experiment_T2_C,780.5745554035568,55.22833178005592
experiment_T2_C,781.3953488372093,55.20969245107176
experiment_T2_C,782.2161422708618,55.1910531220876
experiment_T2_C,783.0369357045143,55.13513513513514
experiment_T2_C,783.8577291381669,55.13513513513514
experiment_T2_C,784.6785225718194,55.13513513513514
experiment_T2_C,785.499316005472,55.1910531220876
experiment_T2_C,786.3201094391245,55.30288909599254
experiment_T2_C,787.140902872777,55.22833178005592
experiment_T2_C,787.9616963064295,55.1910531220876
experiment_T2_C,788.782489740082,55.153774464119294
experiment_T2_C,789.6032831737347,55.1910531220876
experiment_T2_C,790.4240766073872,55.30288909599254
experiment_T2_C,791.2448700410397,55.3215284249767
experiment_T2_C,792.0656634746922,55.340167753960856
experiment_T2_C,792.8864569083447,55.246971109040075
experiment_T2_C,793.7072503419972,55.04193849021435
experiment_T2_C,794.5280437756498,54.83690587138863
experiment_T2_C,795.3488372093024,54.846225535880706
experiment_T2_C,796.1696306429549,54.85554520037279
experiment_T2_C,796.9904240766074,54.83690587138863
experiment_T2_C,797.8112175102599,54.78098788443616
experiment_T2_C,798.6320109439124,54.78098788443616
experiment_T2_C,799.452804377565,54.81826654240447
experiment_T2_C,800.2735978112175,54.799627213420315
experiment_T2_C,801.09439124487,54.799627213420315
experiment_T2_C,801.9151846785226,54.799627213420315
experiment_T2_C,802.7359781121751,54.83690587138863
experiment_T2_C,803.5567715458276,54.85554520037279
experiment_T2_C,804.3775649794802,54.81826654240447
experiment_T2_C,805.1983584131327,54.78098788443616
experiment_T2_C,806.0191518467852,54.81826654240447
experiment_T2_C,806.8399452804377,54.846225535880706
experiment_T2_C,807.6607387140903,54.874184529356945
experiment_T2_C,808.4815321477428,55.00465983224604
experiment_T2_C,809.3023255813954,55.13513513513514
experiment_T2_C,810.1231190150479,55.22833178005592
experiment_T2_C,810.9439124487004,55.20969245107176
experiment_T2_C,811.7647058823529,55.1910531220876
experiment_T2_C,812.5854993160054,55.1910531220876
experiment_T2_C,813.406292749658,55.1910531220876
experiment_T2_C,814.2270861833106,55.22833178005592
experiment_T2_C,815.0478796169631,55.20969245107176
experiment_T2_C,815.8686730506156,55.13513513513514
experiment_T2_C,816.6894664842681,55.11649580615098
experiment_T2_C,817.5102599179206,54.8928238583411
experiment_T2_C,818.3310533515731,54.874184529356945
experiment_T2_C,819.1518467852258,54.874184529356945
experiment_T2_C,819.9726402188783,54.85554520037279
experiment_T2_C,820.7934336525308,54.85554520037279
experiment_T2_C,821.6142270861833,54.8928238583411
experiment_T2_C,822.4350205198358,55.153774464119294
experiment_T2_C,823.2558139534884,55.20969245107176
experiment_T2_C,824.0766073871409,55.22833178005592
experiment_T2_C,824.8974008207935,55.11649580615098
experiment_T2_C,825.718194254446,55.172413793103445
experiment_T2_C,826.5389876880985,55.11649580615098
experiment_T2_C,827.359781121751,54.8928238583411
experiment_T2_C,828.1805745554036,54.799627213420315
experiment_T2_C,829.0013679890561,54.81826654240447
experiment_T2_C,829.8221614227086,54.8928238583411
experiment_T2_C,830.6429548563611,55.1910531220876
experiment_T2_C,831.4637482900137,55.28424976700839
experiment_T2_C,832.2845417236662,55.22833178005592
experiment_T2_C,833.1053351573188,55.153774464119294
experiment_T2_C,833.9261285909713,55.13513513513514
experiment_T2_C,834.7469220246238,55.153774464119294
experiment_T2_C,835.5677154582763,54.91146318732525
experiment_T2_C,836.3885088919288,55.13513513513514
experiment_T2_C,837.2093023255813,54.91146318732525
experiment_T2_C,838.030095759234,54.874184529356945
experiment_T2_C,838.8508891928865,54.874184529356945
experiment_T2_C,839.671682626539,54.72506989748369
experiment_T2_C,840.4924760601915,54.613233923578754
experiment_T2_C,841.313269493844,54.63187325256291
experiment_T2_C,842.1340629274965,55.09785647716682
experiment_T2_C,842.9548563611492,55.1910531220876
experiment_T2_C,843.7756497948017,55.20969245107176
experiment_T2_C,844.5964432284542,54.85554520037279
experiment_T2_C,845.4172366621067,54.81826654240447
experiment_T2_C,846.2380300957592,54.799627213420315
experiment_T2_C,847.0588235294117,54.83690587138863
experiment_T2_C,847.8796169630643,54.81826654240447
experiment_T2_C,848.7004103967168,54.83690587138863
experiment_T2_C,849.5212038303694,54.78098788443616
experiment_T2_C,850.3419972640219,54.78098788443616
experiment_T2_C,851.1627906976744,54.799627213420315
experiment_T2_C,851.9835841313269,54.85554520037279
experiment_T2_C,852.8043775649795,55.13513513513514
experiment_T2_C,853.625170998632,55.11649580615098
experiment_T2_C,854.4459644322845,54.874184529356945
experiment_T2_C,855.266757865937,54.83690587138863
experiment_T2_C,856.0875512995896,54.81826654240447
experiment_T2_C,856.9083447332422,54.81826654240447
experiment_T2_C,857.7291381668947,54.81826654240447
experiment_T2_C,858.5499316005472,54.83690587138863
experiment_T2_C,859.3707250341997,54.83690587138863
experiment_T2_C,860.1915184678522,54.874184529356945
experiment_T2_C,861.0123119015047,54.874184529356945
experiment_T2_C,861.8331053351574,54.85554520037279
experiment_T2_C,862.6538987688099,55.11649580615098
experiment_T2_C,863.4746922024624,55.153774464119294
experiment_T2_C,864.2954856361149,55.153774464119294
experiment_T2_C,865.1162790697674,54.8928238583411
experiment_T2_C,865.9370725034199,54.85554520037279
experiment_T2_C,866.7578659370726,54.83690587138863
experiment_T2_C,867.5786593707251,54.83690587138863
experiment_T2_C,868.3994528043776,54.83690587138863
experiment_T2_C,869.2202462380301,54.85554520037279
experiment_T2_C,870.0410396716826,54.874184529356945
experiment_T2_C,870.8618331053351,55.13513513513514
experiment_T2_C,871.6826265389877,55.28424976700839
experiment_T2_C,872.5034199726402,55.26561043802423
experiment_T2_C,873.3242134062928,55.1910531220876
experiment_T2_C,874.1450068399453,55.11649580615098
experiment_T2_C,874.9658002735978,55.13513513513514
experiment_T2_C,875.7865937072503,55.26561043802423
experiment_T2_C,876.6073871409029,55.28424976700839
experiment_T2_C,877.4281805745554,55.13513513513514
experiment_T2_C,878.2489740082079,54.72506989748369
experiment_T2_C,879.0697674418604,54.799627213420315
experiment_T2_C,879.890560875513,54.799627213420315
experiment_T2_C,880.7113543091655,54.85554520037279
experiment_T2_C,881.5321477428181,54.85554520037279
experiment_T2_C,882.3529411764706,54.85554520037279
experiment_T2_C,883.1737346101231,54.83690587138863
experiment_T2_C,883.9945280437756,54.85554520037279
experiment_T2_C,884.8153214774281,54.85554520037279
experiment_T2_C,885.6361149110808,54.874184529356945
experiment_T2_C,886.4569083447333,55.13513513513514
experiment_T2_C,887.2777017783858,55.1910531220876
experiment_T2_C,888.0984952120383,55.172413793103445
experiment_T2_C,888.9192886456908,55.153774464119294
experiment_T2_C,889.7400820793433,55.13513513513514
experiment_T2_C,890.560875512996,54.91146318732525
experiment_T2_C,891.3816689466485,54.83690587138863
experiment_T2_C,892.202462380301,55.09785647716682
experiment_T2_C,893.0232558139535,55.153774464119294
experiment_T2_C,893.844049247606,55.22833178005592
experiment_T2_C,894.6648426812585,55.20969245107176
experiment_T2_C,895.4856361149111,55.153774464119294
experiment_T2_C,896.3064295485636,55.13513513513514
experiment_T2_C,897.1272229822162,55.153774464119294
experiment_T2_C,897.9480164158687,55.20969245107176
experiment_T2_C,898.7688098495212,55.26561043802423
experiment_T2_C,899.5896032831737,55.22833178005592
experiment_T2_C,900.4103967168263,55.1910531220876
experiment_T2_C,901.2311901504788,55.153774464119294
experiment_T2_C,902.0519835841313,55.153774464119294
experiment_T2_C,902.8727770177838,55.153774464119294
experiment_T2_C,903.6935704514364,54.874184529356945
experiment_T2_C,904.5143638850889,54.83690587138863
experiment_T2_C,905.3351573187415,54.83690587138863
experiment_T2_C,906.155950752394,54.83690587138863
experiment_T2_C,906.9767441860465,54.81826654240447
experiment_T2_C,907.797537619699,54.76234855545201
experiment_T2_C,908.6183310533515,54.81826654240447
experiment_T2_C,909.439124487004,55.172413793103445
experiment_T2_C,910.2599179206567,55.1910531220876
experiment_T2_C,911.0807113543092,55.1910531220876
experiment_T2_C,911.9015047879617,55.1910531220876
experiment_T2_C,912.7222982216142,55.153774464119294
experiment_T2_C,913.5430916552667,55.172413793103445
experiment_T2_C,914.3638850889192,54.85554520037279
experiment_T2_C,915.1846785225719,54.81826654240447
experiment_T2_C,916.0054719562244,54.74370922646785
experiment_T2_C,916.8262653898769,54.706430568499535
experiment_T2_C,917.6470588235294,54.706430568499535
experiment_T2_C,918.4678522571819,54.74370922646785
experiment_T2_C,919.2886456908345,54.74370922646785
experiment_T2_C,920.109439124487,54.76234855545201
experiment_T2_C,920.9302325581396,54.81826654240447
experiment_T2_C,921.7510259917921,54.83690587138863
experiment_T2_C,922.5718194254446,54.85554520037279
experiment_T2_C,923.3926128590971,54.874184529356945
experiment_T2_C,924.2134062927497,55.172413793103445
experiment_T2_C,925.0341997264022,55.28424976700839
experiment_T2_C,925.8549931600547,55.13513513513514
experiment_T2_C,926.6757865937072,54.799627213420315
experiment_T2_C,927.4965800273598,54.81826654240447
experiment_T2_C,928.3173734610123,54.81826654240447
experiment_T2_C,929.1381668946649,55.1910531220876
experiment_T2_C,929.9589603283174,55.3215284249767
experiment_T2_C,930.7797537619699,55.30288909599254
experiment_T2_C,931.6005471956224,55.28424976700839
experiment_T2_C,932.4213406292749,55.26561043802423
experiment_T2_C,933.2421340629274,55.172413793103445
experiment_T2_C,934.0629274965801,55.13513513513514
experiment_T2_C,934.8837209302326,55.172413793103445
experiment_T2_C,935.7045143638851,55.172413793103445
experiment_T2_C,936.5253077975376,55.1910531220876
experiment_T2_C,937.3461012311901,55.22833178005592
experiment_T2_C,938.1668946648426,55.20969245107176
experiment_T2_C,938.9876880984953,55.20969245107176
experiment_T2_C,939.8084815321478,55.22833178005592
experiment_T2_C,940.6292749658003,54.83690587138863
experiment_T2_C,941.4500683994528,54.83690587138863
experiment_T2_C,942.2708618331053,54.85554520037279
experiment_T2_C,943.0916552667578,55.172413793103445
experiment_T2_C,943.9124487004104,55.246971109040075
experiment_T2_C,944.733242134063,55.20969245107176
experiment_T2_C,945.5540355677155,55.3215284249767
experiment_T2_C,946.374829001368,55.26561043802423
experiment_T2_C,947.1956224350205,55.20969245107176
experiment_T2_C,948.0164158686731,54.85554520037279
experiment_T2_C,948.8372093023256,54.78098788443616
experiment_T2_C,949.6580027359781,54.78098788443616
experiment_T2_C,950.4787961696306,54.78098788443616
experiment_T2_C,951.2995896032832,54.799627213420315
experiment_T2_C,952.1203830369357,54.706430568499535
experiment_T2_C,952.9411764705883,54.706430568499535
experiment_T2_C,953.7619699042408,54.78098788443616
experiment_T2_C,954.5827633378933,54.83690587138863
experiment_T2_C,955.4035567715458,55.11649580615098
experiment_T2_C,956.2243502051983,55.13513513513514
experiment_T2_C,957.0451436388508,55.11649580615098
experiment_T2_C,957.8659370725035,54.799627213420315
experiment_T2_C,958.686730506156,54.78098788443616
experiment_T2_C,959.5075239398085,54.81826654240447
experiment_T2_C,960.328317373461,54.83690587138863
experiment_T2_C,961.1491108071135,54.83690587138863
experiment_T2_C,961.969904240766,54.83690587138863
experiment_T2_C,962.7906976744187,54.83690587138863
experiment_T2_C,963.6114911080712,54.81826654240447
experiment_T2_C,964.4322845417237,54.799627213420315
experiment_T2_C,965.2530779753762,54.78098788443616
experiment_T2_C,966.0738714090287,54.78098788443616
experiment_T2_C,966.8946648426812,54.81826654240447
experiment_T2_C,967.7154582763338,54.81826654240447
experiment_T2_C,968.5362517099863,54.81826654240447
experiment_T2_C,969.3570451436389,54.83690587138863
experiment_T2_C,970.1778385772914,54.83690587138863
experiment_T2_C,970.9986320109439,54.81826654240447
experiment_T2_C,971.8194254445964,54.799627213420315
experiment_T2_C,972.640218878249,54.799627213420315
experiment_T2_C,973.4610123119015,54.81826654240447
experiment_T2_C,974.281805745554,54.81826654240447
experiment_T2_C,975.1025991792065,54.799627213420315
experiment_T2_C,975.9233926128591,54.74370922646785
experiment_T2_C,976.7441860465116,54.65051258154706
experiment_T2_C,977.5649794801642,54.68779123951538
experiment_T2_C,978.3857729138167,54.72506989748369
experiment_T2_C,979.2065663474692,54.76234855545201
experiment_T2_C,980.0273597811217,54.874184529356945
experiment_T2_C,980.8481532147742,54.8928238583411
experiment_T2_C,981.6689466484269,55.11649580615098
experiment_T2_C,982.4897400820794,55.153774464119294
experiment_T2_C,983.3105335157319,55.172413793103445
experiment_T2_C,984.1313269493844,55.153774464119294
experiment_T2_C,984.9521203830369,55.172413793103445
experiment_T2_C,985.7729138166894,55.172413793103445
experiment_T2_C,986.593707250342,55.153774464119294
experiment_T2_C,987.4145006839946,55.20969245107176
experiment_T2_C,988.2352941176471,55.22833178005592
experiment_T2_C,989.0560875512996,55.13513513513514
experiment_T2_C,989.8768809849521,54.874184529356945
experiment_T2_C,990.6976744186046,54.85554520037279
experiment_T2_C,991.5184678522572,54.8928238583411
experiment_T2_C,992.3392612859097,54.91146318732525
experiment_T2_C,993.1600547195623,54.85554520037279
experiment_T2_C,993.9808481532148,54.799627213420315
experiment_T2_C,994.8016415868673,54.76234855545201
experiment_T2_C,995.6224350205198,54.706430568499535
experiment_T2_C,996.4432284541724,54.76234855545201
experiment_T2_C,997.2640218878249,54.78098788443616
experiment_T2_C,998.0848153214774,54.874184529356945
experiment_T2_C,998.90560875513,54.78098788443616
experiment_T2_C,999.7264021887825,54.78098788443616
experiment_T2_C,1000.547195622435,54.874184529356945
experiment_T2_C,1001.3679890560876,55.20969245107176
experiment_T2_C,1002.1887824897401,55.172413793103445
experiment_T2_C,1003.0095759233926,55.13513513513514
experiment_T2_C,1003.8303693570451,55.13513513513514
experiment_T2_C,1004.6511627906976,55.153774464119294
experiment_T2_C,1005.4719562243502,55.13513513513514
experiment_T2_C,1006.2927496580028,55.13513513513514
experiment_T2_C,1007.1135430916553,55.13513513513514
experiment_T2_C,1007.9343365253078,55.13513513513514
experiment_T2_C,1008.7551299589603,55.13513513513514
experiment_T2_C,1009.5759233926128,55.13513513513514
experiment_T2_C,1010.3967168262653,55.1910531220876
experiment_T2_C,1011.217510259918,55.20969245107176
experiment_T2_C,1012.0383036935705,55.153774464119294
experiment_T2_C,1012.859097127223,55.20969245107176
experiment_T2_C,1013.6798905608755,55.28424976700839
experiment_T2_C,1014.500683994528,55.246971109040075
experiment_T2_C,1015.3214774281806,55.246971109040075
experiment_T2_C,1016.1422708618331,55.1910531220876
experiment_T2_C,1016.9630642954857,55.153774464119294
experiment_T2_C,1017.7838577291382,55.153774464119294
experiment_T2_C,1018.6046511627907,55.153774464119294
experiment_T2_C,1019.4254445964432,55.13513513513514
experiment_T2_C,1020.2462380300958,55.153774464119294
experiment_T2_C,1021.0670314637483,55.172413793103445
experiment_T2_C,1021.8878248974008,55.032618825722274
experiment_T2_C,1022.7086183310533,54.8928238583411
experiment_T2_C,1023.5294117647059,54.8928238583411
experiment_T2_C,1024.3502051983585,54.874184529356945
experiment_T2_C,1025.1709986320109,54.85554520037279
experiment_T2_C,1025.9917920656635,54.85554520037279
experiment_T2_C,1026.812585499316,54.83690587138863
experiment_T2_C,1027.6333789329685,54.83690587138863
experiment_T2_C,1028.4541723666212,54.83690587138863
experiment_T2_C,1029.2749658002735,54.83690587138863
experiment_T2_C,1030.0957592339262,54.85554520037279
experiment_T2_C,1030.9165526675786,54.8928238583411
experiment_T2_C,1031.7373461012312,54.88350419384902
experiment_T2_C,1032.5581395348838,54.874184529356945
experiment_T2_C,1033.3789329685362,54.81826654240447
experiment_T2_C,1034.1997264021888,54.76234855545201
experiment_T2_C,1035.0205198358412,54.72506989748369
experiment_T2_C,1035.8413132694939,54.74370922646785
experiment_T2_C,1036.6621067031463,54.85554520037279
experiment_T2_C,1037.482900136799,55.1910531220876
experiment_T2_C,1038.3036935704515,55.246971109040075
experiment_T2_C,1039.124487004104,55.13513513513514
experiment_T2_C,1039.9452804377565,54.874184529356945
experiment_T2_C,1040.766073871409,54.76234855545201
experiment_T2_C,1041.5868673050616,54.76234855545201
experiment_T2_C,1042.4076607387142,54.78098788443616
experiment_T2_C,1043.2284541723666,54.85554520037279
experiment_T2_C,1044.0492476060192,54.83690587138863
experiment_T2_C,1044.8700410396716,54.874184529356945
experiment_T2_C,1045.6908344733242,55.153774464119294
experiment_T2_C,1046.5116279069769,55.22833178005592
experiment_T2_C,1047.3324213406293,55.20969245107176
experiment_T2_C,1048.1532147742819,55.172413793103445
experiment_T2_C,1048.9740082079343,55.11649580615098
experiment_T2_C,1049.794801641587,55.11649580615098
experiment_T2_C,1050.6155950752393,55.13513513513514
experiment_T2_C,1051.436388508892,55.13513513513514
experiment_T2_C,1052.2571819425445,55.13513513513514
experiment_T2_C,1053.077975376197,55.13513513513514
experiment_T2_C,1053.8987688098496,55.13513513513514
experiment_T2_C,1054.719562243502,55.13513513513514
experiment_T2_C,1055.5403556771546,55.153774464119294
experiment_T2_C,1056.3611491108072,55.13513513513514
experiment_T2_C,1057.1819425444596,55.13979496738118
experiment_T2_C,1058.0027359781122,55.14445479962721
experiment_T2_C,1058.8235294117646,55.14911463187325
experiment_T2_C,1059.6443228454173,55.153774464119294
experiment_T2_C,1060.4651162790697,55.172413793103445
experiment_T2_C,1061.2859097127223,55.1910531220876
experiment_T2_C,1062.106703146375,55.1910531220876
experiment_T2_C,1062.9274965800273,55.1910531220876
experiment_T2_C,1063.74829001368,55.153774464119294
experiment_T2_C,1064.5690834473323,55.153774464119294
experiment_T2_C,1065.389876880985,55.1910531220876
experiment_T2_C,1066.2106703146376,55.20969245107176
experiment_T2_C,1067.03146374829,55.153774464119294
experiment_T2_C,1067.8522571819426,55.13513513513514
experiment_T2_C,1068.673050615595,54.99534016775396
experiment_T2_C,1069.4938440492476,54.85554520037279
experiment_T2_C,1070.3146374829,54.85554520037279
experiment_T2_C,1071.1354309165527,54.83690587138863
experiment_T2_C,1071.9562243502053,54.874184529356945
experiment_T2_C,1072.7770177838577,54.8928238583411
experiment_T2_C,1073.5978112175103,55.09785647716682
experiment_T2_C,1074.4186046511627,55.09785647716682
experiment_T2_C,1075.2393980848153,55.172413793103445
experiment_T2_C,1076.060191518468,55.22833178005592
experiment_T2_C,1076.8809849521203,55.172413793103445
experiment_T2_C,1077.701778385773,54.8928238583411
experiment_T2_C,1078.5225718194254,54.85554520037279
experiment_T2_C,1079.343365253078,54.874184529356945
experiment_T2_C,1080.1641586867306,54.8928238583411
experiment_T2_C,1080.984952120383,54.91146318732525
experiment_T2_C,1081.8057455540356,54.8928238583411
experiment_T2_C,1082.626538987688,54.85554520037279
experiment_T2_C,1083.4473324213407,54.85554520037279
experiment_T2_C,1084.268125854993,54.874184529356945
experiment_T2_C,1085.0889192886457,54.85554520037279
experiment_T2_C,1085.9097127222983,54.799627213420315
experiment_T2_C,1086.7305061559507,54.68779123951538
experiment_T2_C,1087.5512995896033,54.753028890959925
experiment_T2_C,1088.3720930232557,54.81826654240447
experiment_T2_C,1089.1928864569084,54.85554520037279
experiment_T2_C,1090.013679890561,54.874184529356945
experiment_T2_C,1090.8344733242134,54.874184529356945
experiment_T2_C,1091.655266757866,54.874184529356945
experiment_T2_C,1092.4760601915184,54.85554520037279
experiment_T2_C,1093.296853625171,54.874184529356945
experiment_T2_C,1094.1176470588234,55.0232991612302
experiment_T2_C,1094.938440492476,55.172413793103445
experiment_T2_C,1095.7592339261287,55.1910531220876
experiment_T2_C,1096.580027359781,55.20969245107176
experiment_T2_C,1097.4008207934337,55.22833178005592
experiment_T2_C,1098.221614227086,55.26561043802423
experiment_T2_C,1099.0424076607387,55.246971109040075
experiment_T2_C,1099.8632010943913,55.1910531220876
experiment_T2_C,1100.6839945280437,55.13513513513514
experiment_T2_C,1101.5047879616964,54.85554520037279
experiment_T2_C,1102.3255813953488,54.85554520037279
experiment_T2_C,1103.1463748290014,54.83690587138863
experiment_T2_C,1103.9671682626538,54.85554520037279
experiment_T2_C,1104.7879616963064,54.76234855545201
experiment_T2_C,1105.608755129959,54.68779123951538
experiment_T2_C,1106.4295485636114,54.706430568499535
experiment_T2_C,1107.250341997264,54.76234855545201
experiment_T2_C,1108.0711354309165,54.83690587138863
experiment_T2_C,1108.891928864569,54.8928238583411
experiment_T2_C,1109.7127222982217,54.85554520037279
experiment_T2_C,1110.533515731874,54.81826654240447
experiment_T2_C,1111.3543091655267,54.81826654240447
experiment_T2_C,1112.1751025991791,54.81826654240447
experiment_T2_C,1112.9958960328318,54.81826654240447
experiment_T2_C,1113.8166894664844,54.78098788443616
experiment_T2_C,1114.6374829001368,54.799627213420315
experiment_T2_C,1115.4582763337894,55.20969245107176
experiment_T2_C,1116.2790697674418,55.30288909599254
experiment_T2_C,1117.0998632010944,55.28424976700839
experiment_T2_C,1117.9206566347468,54.91146318732525
experiment_T2_C,1118.7414500683994,54.81826654240447
experiment_T2_C,1119.562243502052,54.76234855545201
experiment_T2_C,1120.3830369357045,54.74370922646785
experiment_T2_C,1121.203830369357,54.74370922646785
experiment_T2_C,1122.0246238030095,54.85554520037279
experiment_T2_C,1122.8454172366621,55.11649580615098
experiment_T2_C,1123.6662106703147,55.13513513513514
experiment_T2_C,1124.4870041039671,55.13513513513514
experiment_T2_C,1125.3077975376198,55.13513513513514
experiment_T2_C,1126.1285909712722,55.13513513513514
experiment_T2_C,1126.9493844049248,54.8928238583411
experiment_T2_C,1127.7701778385772,54.799627213420315
experiment_T2_C,1128.5909712722298,54.799627213420315
experiment_T2_C,1129.4117647058824,54.78098788443616
experiment_T2_C,1130.2325581395348,55.13513513513514
experiment_T2_C,1131.0533515731875,55.153774464119294
experiment_T2_C,1131.8741450068399,55.13513513513514
experiment_T2_C,1132.6949384404925,55.13513513513514
experiment_T2_C,1133.515731874145,54.91146318732525
experiment_T2_C,1134.3365253077975,54.72506989748369
experiment_T2_C,1135.1573187414501,54.74370922646785
experiment_T2_C,1135.9781121751025,54.8928238583411
experiment_T2_C,1136.7989056087551,55.20969245107176
experiment_T2_C,1137.6196990424078,55.13513513513514
experiment_T2_C,1138.4404924760602,54.8928238583411
experiment_T2_C,1139.2612859097128,54.8928238583411
experiment_T2_C,1140.0820793433652,55.11649580615098
experiment_T2_C,1140.9028727770178,55.11649580615098
experiment_T2_C,1141.7236662106702,54.874184529356945
experiment_T2_C,1142.5444596443228,54.85554520037279
experiment_T2_C,1143.3652530779755,55.13513513513514
experiment_T2_C,1144.1860465116279,55.172413793103445
experiment_T2_C,1145.0068399452805,55.0232991612302
experiment_T2_C,1145.827633378933,54.874184529356945
experiment_T2_C,1146.6484268125855,54.99534016775396
experiment_T2_C,1147.4692202462381,55.11649580615098
experiment_T2_C,1148.2900136798905,54.99534016775396
experiment_T2_C,1149.1108071135432,54.874184529356945
experiment_T2_C,1149.9316005471956,55.153774464119294
experiment_T2_C,1150.7523939808482,55.22833178005592
experiment_T2_C,1151.5731874145006,55.153774464119294
experiment_T2_C,1152.3939808481532,54.74370922646785
experiment_T2_C,1153.2147742818058,54.74370922646785
experiment_T2_C,1154.0355677154582,54.74370922646785
experiment_T2_C,1154.8563611491109,54.81826654240447
experiment_T2_C,1155.6771545827633,54.85554520037279
experiment_T2_C,1156.4979480164159,55.172413793103445
experiment_T2_C,1157.3187414500685,55.20969245107176
experiment_T2_C,1158.139534883721,55.22833178005592
experiment_T2_C,1158.9603283173735,55.13513513513514
experiment_T2_C,1159.781121751026,54.874184529356945
experiment_T2_C,1160.6019151846785,54.8928238583411
experiment_T2_C,1161.422708618331,54.8928238583411
experiment_T2_C,1162.2435020519836,55.013979496738116
experiment_T2_C,1163.0642954856362,55.13513513513514
experiment_T2_C,1163.8850889192886,55.30288909599254
experiment_T2_C,1164.7058823529412,55.246971109040075
experiment_T2_C,1165.5266757865936,55.28424976700839
experiment_T2_C,1166.3474692202462,55.172413793103445
experiment_T2_C,1167.1682626538989,55.13513513513514
experiment_T2_C,1167.9890560875513,55.153774464119294
experiment_T2_C,1168.809849521204,55.172413793103445
experiment_T2_C,1169.6306429548563,55.20969245107176
experiment_T2_C,1170.451436388509,55.1910531220876
experiment_T2_C,1171.2722298221615,55.153774464119294
experiment_T2_C,1172.093023255814,54.8928238583411
experiment_T2_C,1172.9138166894666,54.8928238583411
experiment_T2_C,1173.734610123119,54.874184529356945
experiment_T2_C,1174.5554035567716,54.85554520037279
experiment_T2_C,1175.376196990424,54.83690587138863
experiment_T2_C,1176.1969904240766,54.76234855545201
experiment_T2_C,1177.0177838577292,54.72506989748369
experiment_T2_C,1177.8385772913816,54.799627213420315
experiment_T2_C,1178.6593707250343,55.13513513513514
experiment_T2_C,1179.4801641586866,55.20969245107176
experiment_T2_C,1180.3009575923393,55.20969245107176
experiment_T2_C,1181.121751025992,55.20969245107176
experiment_T2_C,1181.9425444596443,55.1910531220876
experiment_T2_C,1182.763337893297,55.172413793103445
experiment_T2_C,1183.5841313269493,55.1910531220876
experiment_T2_C,1184.404924760602,55.1910531220876
experiment_T2_C,1185.2257181942543,55.09785647716682
experiment_T2_C,1186.046511627907,54.85554520037279
experiment_T2_C,1186.8673050615596,54.81826654240447
experiment_T2_C,1187.688098495212,54.78098788443616
experiment_T2_C,1188.5088919288646,54.78098788443616
experiment_T2_C,1189.329685362517,54.78098788443616
experiment_T2_C,1190.1504787961696,54.76234855545201
experiment_T2_C,1190.9712722298223,54.68779123951538
experiment_T2_C,1191.7920656634747,54.72506989748369
experiment_T2_C,1192.6128590971273,54.799627213420315
experiment_T2_C,1193.4336525307797,54.874184529356945
experiment_T2_C,1194.2544459644323,54.874184529356945
experiment_T2_C,1195.0752393980847,55.13513513513514
experiment_T2_C,1195.8960328317373,55.153774464119294
experiment_T2_C,1196.71682626539,55.153774464119294
experiment_T2_C,1197.5376196990424,55.172413793103445
experiment_T2_C,1198.358413132695,55.172413793103445
experiment_T2_C,1199.1792065663474,55.172413793103445
experiment_T2_C,1200.0,55.172413793103445
experiment_T3_C,0.0,54.10997204100652
experiment_T3_C,0.8207934336525308,54.10997204100652
experiment_T3_C,1.6415868673050615,54.10997204100652
experiment_T3_C,2.462380300957592,54.10997204100652
experiment_T3_C,3.283173734610123,54.072693383038214
experiment_T3_C,4.1039671682626535,54.054054054054056
experiment_T3_C,4.924760601915184,53.718546132339235
experiment_T3_C,5.745554035567715,53.73718546132339
experiment_T3_C,6.566347469220246,53.84902143522833
experiment_T3_C,7.387140902872777,53.96085740913327
experiment_T3_C,8.207934336525307,54.072693383038214
experiment_T3_C,9.028727770177838,54.10997204100652
experiment_T3_C,9.849521203830369,54.14725069897484
experiment_T3_C,10.6703146374829,54.18452935694315
experiment_T3_C,11.49110807113543,54.20316868592731
experiment_T3_C,12.311901504787961,54.2497670083877
experiment_T3_C,13.132694938440492,54.29636533084809
experiment_T3_C,13.953488372093023,54.34296365330848
experiment_T3_C,14.774281805745554,54.38956197576887
experiment_T3_C,15.595075239398085,54.48275862068965
experiment_T3_C,16.415868673050614,54.50139794967381
experiment_T3_C,17.236662106703147,54.50139794967381
experiment_T3_C,18.057455540355676,54.352283317800556
experiment_T3_C,18.87824897400821,54.20316868592731
experiment_T3_C,19.699042407660738,54.054054054054056
experiment_T3_C,20.51983584131327,54.054054054054056
experiment_T3_C,21.3406292749658,54.072693383038214
experiment_T3_C,22.161422708618332,54.091332712022364
experiment_T3_C,22.98221614227086,54.10997204100652
experiment_T3_C,23.803009575923394,54.22387905146526
experiment_T3_C,24.623803009575923,54.33778606192399
experiment_T3_C,25.444596443228455,54.451693072382724
experiment_T3_C,26.265389876880985,54.56560008284146
experiment_T3_C,27.086183310533517,54.679507093300195
experiment_T3_C,27.906976744186046,54.793414103758934
experiment_T3_C,28.72777017783858,54.907321114217666
experiment_T3_C,29.548563611491108,55.0212281246764
experiment_T3_C,30.369357045143637,55.13513513513514
experiment_T3_C,31.19015047879617,55.13513513513514
experiment_T3_C,32.0109439124487,54.874184529356945
experiment_T3_C,32.83173734610123,54.613233923578754
experiment_T3_C,33.65253077975376,54.613233923578754
experiment_T3_C,34.47332421340629,54.65051258154706
experiment_T3_C,35.294117647058826,54.68779123951538
experiment_T3_C,36.11491108071135,55.48928238583411
experiment_T3_C,36.935704514363884,55.56383970177074
experiment_T3_C,37.75649794801642,55.5824790307549
experiment_T3_C,38.57729138166895,55.461323392357876
experiment_T3_C,39.398084815321475,55.340167753960856
experiment_T3_C,40.21887824897401,55.21901211556384
experiment_T3_C,41.03967168262654,55.09785647716682
experiment_T3_C,41.86046511627907,55.11649580615098
experiment_T3_C,42.6812585499316,55.13513513513514
experiment_T3_C,43.50205198358413,55.21590556073315
experiment_T3_C,44.322845417236664,55.29667598633116
experiment_T3_C,45.14363885088919,55.37744641192917
experiment_T3_C,45.96443228454172,55.71295433364399
experiment_T3_C,46.785225718194255,56.04846225535881
experiment_T3_C,47.60601915184679,56.067101584342964
experiment_T3_C,48.42681258549931,56.10438024231128
experiment_T3_C,49.247606019151846,56.14165890027959
experiment_T3_C,50.06839945280438,56.19757688723206
experiment_T3_C,50.88919288645691,56.234855545200375
experiment_T3_C,51.70998632010944,56.25349487418453
experiment_T3_C,52.53077975376197,55.76887232059646
experiment_T3_C,53.3515731874145,55.787511649580615
experiment_T3_C,54.172366621067034,55.80615097856477
experiment_T3_C,54.99316005471956,55.86206896551724
experiment_T3_C,55.81395348837209,55.91798695246971
experiment_T3_C,56.634746922024625,56.49580615097857
experiment_T3_C,57.45554035567716,56.53308480894688
experiment_T3_C,58.276333789329684,56.57036346691519
experiment_T3_C,59.097127222982216,56.55172413793103
experiment_T3_C,59.91792065663475,56.57036346691519
experiment_T3_C,60.738714090287274,56.58900279589935
experiment_T3_C,61.55950752393981,56.38397017707363
experiment_T3_C,62.38030095759234,56.1789375582479
experiment_T3_C,63.20109439124487,55.973904939422184
experiment_T3_C,64.0218878248974,55.76887232059646
experiment_T3_C,64.84268125854993,55.56383970177074
experiment_T3_C,65.66347469220246,55.35880708294501
experiment_T3_C,66.484268125855,56.36533084808947
experiment_T3_C,67.30506155950752,56.38397017707363
experiment_T3_C,68.12585499316006,56.34669151910531
experiment_T3_C,68.94664842681259,56.34669151910531
experiment_T3_C,69.76744186046511,56.439888164026094
experiment_T3_C,70.58823529411765,56.47716682199441
experiment_T3_C,71.40902872777018,56.96178937558248
experiment_T3_C,72.2298221614227,56.96178937558248
experiment_T3_C,73.05061559507524,56.96178937558248
experiment_T3_C,73.87140902872777,56.96178937558248
experiment_T3_C,74.6922024623803,57.03634669151911
experiment_T3_C,75.51299589603283,56.980428704566634
experiment_T3_C,76.33378932968536,56.980428704566634
experiment_T3_C,77.1545827633379,57.073625349487415
experiment_T3_C,77.97537619699042,57.11090400745573
experiment_T3_C,78.79616963064295,57.12954333643989
experiment_T3_C,79.61696306429549,57.073625349487415
experiment_T3_C,80.43775649794802,56.99906803355079
experiment_T3_C,81.25854993160054,56.99906803355079
experiment_T3_C,82.07934336525308,56.99906803355079
experiment_T3_C,82.9001367989056,56.99906803355079
experiment_T3_C,83.72093023255815,57.03634669151911
experiment_T3_C,84.54172366621067,56.99906803355079
experiment_T3_C,85.3625170998632,56.821994408201306
experiment_T3_C,86.18331053351574,56.64492078285182
experiment_T3_C,87.00410396716826,56.7381174277726
experiment_T3_C,87.82489740082079,56.775396085740915
experiment_T3_C,88.64569083447333,56.7381174277726
experiment_T3_C,89.46648426812585,56.700838769804285
experiment_T3_C,90.28727770177838,56.71947809878844
experiment_T3_C,91.10807113543092,56.700838769804285
experiment_T3_C,91.92886456908344,56.68219944082013
experiment_T3_C,92.74965800273598,56.700838769804285
experiment_T3_C,93.57045143638851,56.68219944082013
experiment_T3_C,94.39124487004104,56.68219944082013
experiment_T3_C,95.21203830369357,56.66356011183598
experiment_T3_C,96.0328317373461,56.66356011183598
experiment_T3_C,96.85362517099863,56.654240447343895
experiment_T3_C,97.67441860465117,56.64492078285182
experiment_T3_C,98.49521203830369,56.63560111835974
experiment_T3_C,99.31600547195623,56.62628145386766
experiment_T3_C,100.13679890560876,56.66356011183598
experiment_T3_C,100.95759233926128,56.62628145386766
experiment_T3_C,101.77838577291382,56.58900279589935
experiment_T3_C,102.59917920656635,56.58900279589935
experiment_T3_C,103.41997264021887,56.607642124883505
experiment_T3_C,104.24076607387141,56.92451071761417
experiment_T3_C,105.06155950752394,56.980428704566634
experiment_T3_C,105.88235294117646,56.980428704566634
experiment_T3_C,106.703146374829,56.980428704566634
experiment_T3_C,107.52393980848153,56.980428704566634
experiment_T3_C,108.34473324213407,56.514445479962724
experiment_T3_C,109.1655266757866,56.49580615097857
experiment_T3_C,109.98632010943912,56.514445479962724
experiment_T3_C,110.80711354309166,56.514445479962724
experiment_T3_C,111.62790697674419,56.83131407269338
experiment_T3_C,112.44870041039671,56.81267474370922
experiment_T3_C,113.26949384404925,56.81267474370922
experiment_T3_C,114.09028727770178,56.79403541472507
experiment_T3_C,114.91108071135432,56.727466382638795
experiment_T3_C,115.73187414500684,56.660897350552524
experiment_T3_C,116.55266757865937,56.594328318466246
experiment_T3_C,117.3734610123119,56.527759286379975
experiment_T3_C,118.19425444596443,56.461190254293705
experiment_T3_C,119.01504787961696,56.39462122220743
experiment_T3_C,119.8358413132695,56.328052190121156
experiment_T3_C,120.65663474692202,56.34669151910531
experiment_T3_C,121.47742818057455,56.36533084808947
experiment_T3_C,122.29822161422709,56.328052190121156
experiment_T3_C,123.11901504787961,56.607642124883505
experiment_T3_C,123.93980848153215,56.62628145386766
experiment_T3_C,124.76060191518468,56.62628145386766
experiment_T3_C,125.5813953488372,56.62628145386766
experiment_T3_C,126.40218878248974,56.57036346691519
experiment_T3_C,127.22298221614227,56.234855545200375
experiment_T3_C,128.0437756497948,56.234855545200375
experiment_T3_C,128.86456908344732,56.55172413793103
experiment_T3_C,129.68536251709986,56.66356011183598
experiment_T3_C,130.5061559507524,56.66356011183598
experiment_T3_C,131.3269493844049,56.7381174277726
experiment_T3_C,132.14774281805745,56.7381174277726
experiment_T3_C,132.96853625171,56.58900279589935
experiment_T3_C,133.7893296853625,56.47716682199441
experiment_T3_C,134.61012311901504,56.45852749301025
experiment_T3_C,135.43091655266758,56.45852749301025
experiment_T3_C,136.25170998632012,56.12301957129543
experiment_T3_C,137.07250341997263,56.12301957129543
experiment_T3_C,137.89329685362517,56.2224293258776
experiment_T3_C,138.7140902872777,56.32183908045977
experiment_T3_C,139.53488372093022,56.421248835041936
experiment_T3_C,140.35567715458276,56.439888164026094
experiment_T3_C,141.1764705882353,56.38397017707363
experiment_T3_C,141.99726402188782,56.40260950605778
experiment_T3_C,142.81805745554036,56.38397017707363
experiment_T3_C,143.6388508891929,56.38397017707363
experiment_T3_C,144.4596443228454,56.36533084808947
experiment_T3_C,145.28043775649795,56.29077353215284
experiment_T3_C,146.1012311901505,56.29077353215284
experiment_T3_C,146.922024623803,56.29077353215284
experiment_T3_C,147.74281805745554,55.955265610438026
experiment_T3_C,148.56361149110808,55.91798695246971
experiment_T3_C,149.3844049247606,55.93662628145387
experiment_T3_C,150.20519835841313,56.27213420316868
experiment_T3_C,151.02599179206567,56.309412861137
experiment_T3_C,151.8467852257182,56.34669151910531
experiment_T3_C,152.66757865937072,56.328052190121156
experiment_T3_C,153.48837209302326,56.29077353215284
experiment_T3_C,154.3091655266758,56.25349487418453
experiment_T3_C,155.1299589603283,56.21621621621622
experiment_T3_C,155.95075239398085,55.955265610438026
experiment_T3_C,156.7715458276334,55.93662628145387
experiment_T3_C,157.5923392612859,56.1789375582479
experiment_T3_C,158.41313269493844,56.27213420316868
experiment_T3_C,159.23392612859098,56.328052190121156
experiment_T3_C,160.0547195622435,56.29077353215284
experiment_T3_C,160.87551299589603,55.880708294501396
experiment_T3_C,161.69630642954857,55.84342963653309
experiment_T3_C,162.51709986320108,55.76887232059646
experiment_T3_C,163.33789329685362,55.73159366262814
experiment_T3_C,164.15868673050616,55.80615097856477
experiment_T3_C,164.97948016415867,55.98322460391426
experiment_T3_C,165.8002735978112,56.160298229263745
experiment_T3_C,166.62106703146375,56.1789375582479
experiment_T3_C,167.4418604651163,56.160298229263745
experiment_T3_C,168.2626538987688,56.1789375582479
experiment_T3_C,169.08344733242134,56.17427772600186
experiment_T3_C,169.90424076607388,56.16961789375583
experiment_T3_C,170.7250341997264,56.164958061509786
experiment_T3_C,171.54582763337893,56.160298229263745
experiment_T3_C,172.36662106703147,56.04846225535881
experiment_T3_C,173.18741450068399,55.93662628145387
experiment_T3_C,174.00820793433653,55.89934762348555
experiment_T3_C,174.82900136798906,55.86206896551724
experiment_T3_C,175.64979480164158,55.86206896551724
experiment_T3_C,176.47058823529412,56.19757688723206
experiment_T3_C,177.29138166894666,56.27213420316868
experiment_T3_C,178.11217510259917,56.25349487418453
experiment_T3_C,178.9329685362517,56.27213420316868
experiment_T3_C,179.75376196990425,56.21621621621622
experiment_T3_C,180.57455540355676,55.89934762348555
experiment_T3_C,181.3953488372093,55.91798695246971
experiment_T3_C,182.21614227086184,56.1789375582479
experiment_T3_C,183.03693570451438,56.21621621621622
experiment_T3_C,183.8577291381669,56.21621621621622
experiment_T3_C,184.67852257181943,56.19757688723206
experiment_T3_C,185.49931600547197,56.29077353215284
experiment_T3_C,186.32010943912448,56.309412861137
experiment_T3_C,187.14090287277702,56.29077353215284
experiment_T3_C,187.96169630642956,56.25349487418453
experiment_T3_C,188.78248974008207,56.10438024231128
experiment_T3_C,189.6032831737346,55.955265610438026
experiment_T3_C,190.42407660738715,55.973904939422184
experiment_T3_C,191.24487004103966,55.973904939422184
experiment_T3_C,192.0656634746922,55.973904939422184
experiment_T3_C,192.88645690834474,55.973904939422184
experiment_T3_C,193.70725034199725,56.25349487418453
experiment_T3_C,194.5280437756498,56.27213420316868
experiment_T3_C,195.34883720930233,56.234855545200375
experiment_T3_C,196.16963064295484,55.93662628145387
experiment_T3_C,196.99042407660738,55.880708294501396
experiment_T3_C,197.81121751025992,55.973904939422184
experiment_T3_C,198.63201094391246,56.25349487418453
experiment_T3_C,199.45280437756497,56.27213420316868
experiment_T3_C,200.2735978112175,56.27213420316868
experiment_T3_C,201.09439124487005,56.27213420316868
experiment_T3_C,201.91518467852256,56.27213420316868
experiment_T3_C,202.7359781121751,56.29077353215284
experiment_T3_C,203.55677154582764,56.29077353215284
experiment_T3_C,204.37756497948016,56.29077353215284
experiment_T3_C,205.1983584131327,56.309412861137
experiment_T3_C,206.01915184678523,56.328052190121156
experiment_T3_C,206.83994528043775,56.38397017707363
experiment_T3_C,207.6607387140903,56.29077353215284
experiment_T3_C,208.48153214774283,56.36533084808947
experiment_T3_C,209.30232558139534,56.45852749301025
experiment_T3_C,210.12311901504788,56.40260950605778
experiment_T3_C,210.94391244870042,56.067101584342964
experiment_T3_C,211.76470588235293,56.04846225535881
experiment_T3_C,212.58549931600547,56.02982292637465
experiment_T3_C,213.406292749658,55.992544268406334
experiment_T3_C,214.22708618331055,56.01118359739049
experiment_T3_C,215.04787961696306,56.38397017707363
experiment_T3_C,215.8686730506156,56.49580615097857
experiment_T3_C,216.68946648426814,56.514445479962724
experiment_T3_C,217.51025991792065,56.421248835041936
experiment_T3_C,218.3310533515732,56.40260950605778
experiment_T3_C,219.15184678522573,56.38397017707363
experiment_T3_C,219.97264021887824,56.36533084808947
experiment_T3_C,220.79343365253078,56.38397017707363
experiment_T3_C,221.61422708618332,56.40260950605778
experiment_T3_C,222.43502051983583,56.38397017707363
experiment_T3_C,223.25581395348837,56.34669151910531
experiment_T3_C,224.0766073871409,56.374650512581546
experiment_T3_C,224.89740082079342,56.40260950605778
experiment_T3_C,225.71819425444596,56.421248835041936
experiment_T3_C,226.5389876880985,56.40260950605778
experiment_T3_C,227.359781121751,56.26281453867661
experiment_T3_C,228.18057455540355,56.12301957129543
experiment_T3_C,229.0013679890561,56.08574091332712
experiment_T3_C,229.82216142270863,56.14165890027959
experiment_T3_C,230.64295485636114,56.14165890027959
experiment_T3_C,231.46374829001368,56.04846225535881
experiment_T3_C,232.28454172366622,55.992544268406334
experiment_T3_C,233.10533515731873,55.992544268406334
experiment_T3_C,233.92612859097127,56.067101584342964
experiment_T3_C,234.7469220246238,56.49580615097857
experiment_T3_C,235.56771545827633,56.55172413793103
experiment_T3_C,236.38850889192886,56.514445479962724
experiment_T3_C,237.2093023255814,56.514445479962724
experiment_T3_C,238.03009575923392,56.514445479962724
experiment_T3_C,238.85088919288646,56.514445479962724
experiment_T3_C,239.671682626539,56.36533084808947
experiment_T3_C,240.4924760601915,55.973904939422184
experiment_T3_C,241.31326949384405,56.01118359739049
experiment_T3_C,242.1340629274966,56.10438024231128
experiment_T3_C,242.9548563611491,56.36533084808947
experiment_T3_C,243.77564979480164,56.514445479962724
experiment_T3_C,244.59644322845418,56.47716682199441
experiment_T3_C,245.41723666210672,56.160298229263745
experiment_T3_C,246.23803009575923,56.160298229263745
experiment_T3_C,247.05882352941177,56.160298229263745
experiment_T3_C,247.8796169630643,56.160298229263745
experiment_T3_C,248.70041039671682,56.160298229263745
experiment_T3_C,249.52120383036936,56.08574091332712
experiment_T3_C,250.3419972640219,56.40260950605778
experiment_T3_C,251.1627906976744,56.49580615097857
experiment_T3_C,251.98358413132695,56.514445479962724
experiment_T3_C,252.8043775649795,56.160298229263745
experiment_T3_C,253.625170998632,56.160298229263745
experiment_T3_C,254.44596443228454,56.160298229263745
experiment_T3_C,255.26675786593708,56.14165890027959
experiment_T3_C,256.0875512995896,56.160298229263745
experiment_T3_C,256.90834473324213,56.160298229263745
experiment_T3_C,257.72913816689464,56.160298229263745
experiment_T3_C,258.5499316005472,56.160298229263745
experiment_T3_C,259.3707250341997,56.160298229263745
experiment_T3_C,260.19151846785223,56.10438024231128
experiment_T3_C,261.0123119015048,56.12301957129543
experiment_T3_C,261.8331053351573,56.10438024231128
experiment_T3_C,262.6538987688098,56.12301957129543
experiment_T3_C,263.4746922024624,56.21000310655483
experiment_T3_C,264.2954856361149,56.29698664181423
experiment_T3_C,265.1162790697674,56.38397017707363
experiment_T3_C,265.93707250342,56.160298229263745
experiment_T3_C,266.7578659370725,56.10438024231128
experiment_T3_C,267.578659370725,56.067101584342964
experiment_T3_C,268.3994528043776,56.08574091332712
experiment_T3_C,269.2202462380301,56.40260950605778
experiment_T3_C,270.04103967168265,56.55172413793103
experiment_T3_C,270.86183310533517,56.47716682199441
experiment_T3_C,271.6826265389877,56.421248835041936
experiment_T3_C,272.50341997264024,56.38397017707363
experiment_T3_C,273.32421340629276,56.45852749301025
experiment_T3_C,274.14500683994527,56.49580615097857
experiment_T3_C,274.96580027359784,56.607642124883505
experiment_T3_C,275.78659370725035,56.53308480894688
experiment_T3_C,276.60738714090286,56.49580615097857
experiment_T3_C,277.4281805745554,56.38397017707363
experiment_T3_C,278.24897400820794,56.421248835041936
experiment_T3_C,279.06976744186045,56.45852749301025
experiment_T3_C,279.890560875513,56.49580615097857
experiment_T3_C,280.71135430916553,56.49580615097857
experiment_T3_C,281.53214774281804,56.514445479962724
experiment_T3_C,282.3529411764706,56.514445479962724
experiment_T3_C,283.1737346101231,56.47716682199441
experiment_T3_C,283.99452804377563,56.49580615097857
experiment_T3_C,284.8153214774282,56.514445479962724
experiment_T3_C,285.6361149110807,56.514445479962724
experiment_T3_C,286.4569083447332,56.47716682199441
experiment_T3_C,287.2777017783858,56.514445479962724
experiment_T3_C,288.0984952120383,56.514445479962724
experiment_T3_C,288.9192886456908,56.421248835041936
experiment_T3_C,289.7400820793434,56.10438024231128
experiment_T3_C,290.5608755129959,56.08574091332712
experiment_T3_C,291.3816689466484,56.12301957129543
experiment_T3_C,292.202462380301,56.08574091332712
experiment_T3_C,293.0232558139535,56.02982292637465
experiment_T3_C,293.844049247606,56.04846225535881
experiment_T3_C,294.66484268125856,56.10438024231128
experiment_T3_C,295.4856361149111,56.439888164026094
experiment_T3_C,296.3064295485636,56.514445479962724
experiment_T3_C,297.12722298221615,56.439888164026094
experiment_T3_C,297.94801641586866,56.067101584342964
experiment_T3_C,298.7688098495212,56.08574091332712
experiment_T3_C,299.58960328317374,56.08574091332712
experiment_T3_C,300.41039671682626,56.08574091332712
experiment_T3_C,301.2311901504788,56.10438024231128
experiment_T3_C,302.05198358413134,56.439888164026094
experiment_T3_C,302.87277701778385,56.514445479962724
experiment_T3_C,303.6935704514364,56.439888164026094
experiment_T3_C,304.5143638850889,56.04846225535881
experiment_T3_C,305.33515731874144,55.992544268406334
experiment_T3_C,306.155950752394,55.955265610438026
experiment_T3_C,306.9767441860465,55.973904939422184
experiment_T3_C,307.797537619699,55.955265610438026
experiment_T3_C,308.6183310533516,55.93662628145387
experiment_T3_C,309.4391244870041,55.93662628145387
experiment_T3_C,310.2599179206566,55.992544268406334
experiment_T3_C,311.0807113543092,56.45852749301025
experiment_T3_C,311.9015047879617,56.57036346691519
experiment_T3_C,312.7222982216142,56.55172413793103
experiment_T3_C,313.5430916552668,56.53308480894688
experiment_T3_C,314.3638850889193,56.38397017707363
experiment_T3_C,315.1846785225718,56.40260950605778
experiment_T3_C,316.00547195622437,56.38397017707363
experiment_T3_C,316.8262653898769,56.328052190121156
experiment_T3_C,317.6470588235294,56.206896551724135
experiment_T3_C,318.46785225718196,56.08574091332712
experiment_T3_C,319.28864569083447,56.08574091332712
experiment_T3_C,320.109439124487,56.08574091332712
experiment_T3_C,320.93023255813955,56.08574091332712
experiment_T3_C,321.75102599179206,56.067101584342964
experiment_T3_C,322.5718194254446,56.04846225535881
experiment_T3_C,323.39261285909714,56.04846225535881
experiment_T3_C,324.21340629274965,56.02982292637465
experiment_T3_C,325.03419972640216,56.02982292637465
experiment_T3_C,325.85499316005473,56.36533084808947
experiment_T3_C,326.67578659370724,56.36533084808947
experiment_T3_C,327.49658002735976,56.328052190121156
experiment_T3_C,328.3173734610123,56.04846225535881
experiment_T3_C,329.13816689466483,55.955265610438026
experiment_T3_C,329.95896032831735,55.992544268406334
experiment_T3_C,330.7797537619699,56.04846225535881
experiment_T3_C,331.6005471956224,56.067101584342964
experiment_T3_C,332.421340629275,56.19757688723206
experiment_T3_C,333.2421340629275,56.328052190121156
experiment_T3_C,334.06292749658,56.34669151910531
experiment_T3_C,334.8837209302326,56.36533084808947
experiment_T3_C,335.7045143638851,56.36533084808947
experiment_T3_C,336.5253077975376,56.067101584342964
experiment_T3_C,337.3461012311902,56.02982292637465
experiment_T3_C,338.1668946648427,56.02982292637465
experiment_T3_C,338.9876880984952,56.04846225535881
experiment_T3_C,339.80848153214777,56.067101584342964
experiment_T3_C,340.6292749658003,56.08574091332712
experiment_T3_C,341.4500683994528,56.34669151910531
experiment_T3_C,342.27086183310536,56.36533084808947
experiment_T3_C,343.09165526675787,56.38397017707363
experiment_T3_C,343.9124487004104,56.421248835041936
experiment_T3_C,344.73324213406295,56.45852749301025
experiment_T3_C,345.55403556771546,56.40260950605778
experiment_T3_C,346.37482900136797,56.38397017707363
experiment_T3_C,347.19562243502054,56.36533084808947
experiment_T3_C,348.01641586867305,56.067101584342964
experiment_T3_C,348.83720930232556,56.02982292637465
experiment_T3_C,349.65800273597813,55.91798695246971
experiment_T3_C,350.47879616963064,55.91798695246971
experiment_T3_C,351.29958960328315,55.955265610438026
experiment_T3_C,352.1203830369357,56.36533084808947
experiment_T3_C,352.94117647058823,56.38397017707363
experiment_T3_C,353.76196990424074,56.421248835041936
experiment_T3_C,354.5827633378933,56.40260950605778
experiment_T3_C,355.4035567715458,56.40260950605778
experiment_T3_C,356.22435020519833,56.40260950605778
experiment_T3_C,357.0451436388509,56.40260950605778
experiment_T3_C,357.8659370725034,56.36533084808947
experiment_T3_C,358.6867305061559,56.36533084808947
experiment_T3_C,359.5075239398085,56.34669151910531
experiment_T3_C,360.328317373461,56.04846225535881
experiment_T3_C,361.1491108071135,56.01118359739049
experiment_T3_C,361.9699042407661,55.973904939422184
experiment_T3_C,362.7906976744186,55.992544268406334
experiment_T3_C,363.61149110807116,55.93662628145387
experiment_T3_C,364.4322845417237,56.01118359739049
experiment_T3_C,365.2530779753762,56.067101584342964
experiment_T3_C,366.07387140902875,56.421248835041936
experiment_T3_C,366.89466484268127,56.439888164026094
experiment_T3_C,367.7154582763338,56.47716682199441
experiment_T3_C,368.53625170998635,56.45852749301025
experiment_T3_C,369.35704514363886,56.47716682199441
experiment_T3_C,370.17783857729137,56.45852749301025
experiment_T3_C,370.99863201094394,56.45852749301025
experiment_T3_C,371.81942544459645,56.47716682199441
experiment_T3_C,372.64021887824896,56.47716682199441
experiment_T3_C,373.4610123119015,56.47716682199441
experiment_T3_C,374.28180574555404,56.36533084808947
experiment_T3_C,375.10259917920655,56.34669151910531
experiment_T3_C,375.9233926128591,56.34669151910531
experiment_T3_C,376.74418604651163,56.36533084808947
experiment_T3_C,377.56497948016414,56.36533084808947
experiment_T3_C,378.3857729138167,56.38397017707363
experiment_T3_C,379.2065663474692,56.34669151910531
experiment_T3_C,380.02735978112173,56.328052190121156
experiment_T3_C,380.8481532147743,56.328052190121156
experiment_T3_C,381.6689466484268,56.36533084808947
experiment_T3_C,382.4897400820793,56.34669151910531
experiment_T3_C,383.3105335157319,56.34669151910531
experiment_T3_C,384.1313269493844,56.36533084808947
experiment_T3_C,384.9521203830369,56.36533084808947
experiment_T3_C,385.7729138166895,56.38397017707363
experiment_T3_C,386.593707250342,56.38397017707363
experiment_T3_C,387.4145006839945,56.38397017707363
experiment_T3_C,388.2352941176471,56.36533084808947
experiment_T3_C,389.0560875512996,56.40260950605778
experiment_T3_C,389.8768809849521,56.47716682199441
experiment_T3_C,390.69767441860466,56.514445479962724
experiment_T3_C,391.5184678522572,56.45852749301025
experiment_T3_C,392.3392612859097,56.08574091332712
experiment_T3_C,393.16005471956225,56.067101584342964
experiment_T3_C,393.98084815321477,56.067101584342964
experiment_T3_C,394.80164158686733,56.08574091332712
experiment_T3_C,395.62243502051984,56.36533084808947
experiment_T3_C,396.44322845417236,56.38397017707363
experiment_T3_C,397.2640218878249,56.36533084808947
experiment_T3_C,398.08481532147744,56.12301957129543
experiment_T3_C,398.90560875512995,56.067101584342964
experiment_T3_C,399.7264021887825,56.01118359739049
experiment_T3_C,400.547195622435,55.973904939422184
experiment_T3_C,401.36798905608754,55.973904939422184
experiment_T3_C,402.1887824897401,55.992544268406334
experiment_T3_C,403.0095759233926,55.973904939422184
experiment_T3_C,403.83036935704513,55.93662628145387
experiment_T3_C,404.6511627906977,56.421248835041936
experiment_T3_C,405.4719562243502,56.514445479962724
experiment_T3_C,406.2927496580027,56.47716682199441
experiment_T3_C,407.1135430916553,56.12301957129543
experiment_T3_C,407.9343365253078,56.04846225535881
experiment_T3_C,408.7551299589603,56.04846225535881
experiment_T3_C,409.5759233926129,56.04846225535881
experiment_T3_C,410.3967168262654,56.12301957129543
experiment_T3_C,411.2175102599179,56.45852749301025
experiment_T3_C,412.03830369357047,56.49580615097857
experiment_T3_C,412.859097127223,56.47716682199441
experiment_T3_C,413.6798905608755,56.45852749301025
experiment_T3_C,414.50068399452806,56.40260950605778
experiment_T3_C,415.3214774281806,56.40260950605778
experiment_T3_C,416.1422708618331,56.40260950605778
experiment_T3_C,416.96306429548565,56.40260950605778
experiment_T3_C,417.78385772913816,56.36533084808947
experiment_T3_C,418.6046511627907,56.12301957129543
experiment_T3_C,419.42544459644324,56.10438024231128
experiment_T3_C,420.24623803009575,56.10438024231128
experiment_T3_C,421.06703146374826,56.10438024231128
experiment_T3_C,421.88782489740083,56.10438024231128
experiment_T3_C,422.70861833105334,56.10438024231128
experiment_T3_C,423.52941176470586,56.08574091332712
experiment_T3_C,424.3502051983584,56.08574091332712
experiment_T3_C,425.17099863201094,56.10438024231128
experiment_T3_C,425.99179206566345,56.04846225535881
experiment_T3_C,426.812585499316,55.955265610438026
experiment_T3_C,427.6333789329685,55.955265610438026
experiment_T3_C,428.4541723666211,56.439888164026094
experiment_T3_C,429.2749658002736,56.45852749301025
experiment_T3_C,430.0957592339261,56.38397017707363
experiment_T3_C,430.9165526675787,56.421248835041936
experiment_T3_C,431.7373461012312,56.45852749301025
experiment_T3_C,432.5581395348837,56.49580615097857
experiment_T3_C,433.3789329685363,56.49580615097857
experiment_T3_C,434.1997264021888,56.38397017707363
experiment_T3_C,435.0205198358413,56.38397017707363
experiment_T3_C,435.84131326949387,56.08574091332712
experiment_T3_C,436.6621067031464,56.08574091332712
experiment_T3_C,437.4829001367989,56.067101584342964
experiment_T3_C,438.30369357045146,56.02982292637465
experiment_T3_C,439.12448700410397,56.067101584342964
experiment_T3_C,439.9452804377565,56.36533084808947
experiment_T3_C,440.76607387140905,56.40260950605778
experiment_T3_C,441.58686730506156,56.421248835041936
experiment_T3_C,442.40766073871407,56.40260950605778
experiment_T3_C,443.22845417236664,56.47716682199441
experiment_T3_C,444.04924760601915,56.439888164026094
experiment_T3_C,444.87004103967166,56.439888164026094
experiment_T3_C,445.69083447332423,56.49580615097857
experiment_T3_C,446.51162790697674,56.421248835041936
experiment_T3_C,447.33242134062925,56.04846225535881
experiment_T3_C,448.1532147742818,55.992544268406334
experiment_T3_C,448.97400820793433,56.02982292637465
experiment_T3_C,449.79480164158684,56.01118359739049
experiment_T3_C,450.6155950752394,56.01118359739049
experiment_T3_C,451.4363885088919,56.01118359739049
experiment_T3_C,452.25718194254443,56.01118359739049
experiment_T3_C,453.077975376197,56.04846225535881
experiment_T3_C,453.8987688098495,56.04846225535881
experiment_T3_C,454.719562243502,56.02982292637465
experiment_T3_C,455.5403556771546,56.08574091332712
experiment_T3_C,456.3611491108071,56.40260950605778
experiment_T3_C,457.1819425444596,56.34669151910531
experiment_T3_C,458.0027359781122,56.067101584342964
experiment_T3_C,458.8235294117647,56.02982292637465
experiment_T3_C,459.64432284541726,56.10438024231128
experiment_T3_C,460.4651162790698,56.08574091332712
experiment_T3_C,461.2859097127223,56.10438024231128
experiment_T3_C,462.10670314637485,56.34669151910531
experiment_T3_C,462.92749658002737,56.36533084808947
experiment_T3_C,463.7482900136799,56.36533084808947
experiment_T3_C,464.56908344733245,56.34669151910531
experiment_T3_C,465.38987688098496,56.34669151910531
experiment_T3_C,466.21067031463747,56.34669151910531
experiment_T3_C,467.03146374829004,56.34669151910531
experiment_T3_C,467.85225718194255,56.36533084808947
experiment_T3_C,468.67305061559506,56.36533084808947
experiment_T3_C,469.4938440492476,56.36533084808947
experiment_T3_C,470.31463748290014,56.36533084808947
experiment_T3_C,471.13543091655265,56.10438024231128
experiment_T3_C,471.9562243502052,56.08574091332712
experiment_T3_C,472.77701778385773,56.10438024231128
experiment_T3_C,473.59781121751024,56.36533084808947
experiment_T3_C,474.4186046511628,56.38397017707363
experiment_T3_C,475.2393980848153,56.36533084808947
experiment_T3_C,476.06019151846783,56.01118359739049
experiment_T3_C,476.8809849521204,56.02982292637465
experiment_T3_C,477.7017783857729,56.07642124883504
experiment_T3_C,478.5225718194254,56.12301957129543
experiment_T3_C,479.343365253078,56.067101584342964
experiment_T3_C,480.1641586867305,56.04846225535881
experiment_T3_C,480.984952120383,56.067101584342964
experiment_T3_C,481.8057455540356,56.04846225535881
experiment_T3_C,482.6265389876881,56.02982292637465
experiment_T3_C,483.4473324213406,56.08574091332712
experiment_T3_C,484.2681258549932,56.38397017707363
experiment_T3_C,485.0889192886457,56.38397017707363
experiment_T3_C,485.9097127222982,56.36533084808947
experiment_T3_C,486.73050615595076,56.36533084808947
experiment_T3_C,487.5512995896033,56.38397017707363
experiment_T3_C,488.3720930232558,56.36533084808947
experiment_T3_C,489.19288645690835,56.36533084808947
experiment_T3_C,490.01367989056087,56.01118359739049
experiment_T3_C,490.83447332421343,55.91798695246971
experiment_T3_C,491.65526675786595,55.973904939422184
experiment_T3_C,492.47606019151846,56.01118359739049
experiment_T3_C,493.296853625171,56.02982292637465
experiment_T3_C,494.11764705882354,56.04846225535881
experiment_T3_C,494.93844049247605,56.067101584342964
experiment_T3_C,495.7592339261286,56.40260950605778
experiment_T3_C,496.5800273597811,56.40260950605778
experiment_T3_C,497.40082079343364,56.45852749301025
experiment_T3_C,498.2216142270862,56.45852749301025
experiment_T3_C,499.0424076607387,56.421248835041936
experiment_T3_C,499.86320109439123,56.421248835041936
experiment_T3_C,500.6839945280438,56.421248835041936
experiment_T3_C,501.5047879616963,56.439888164026094
experiment_T3_C,502.3255813953488,56.514445479962724
experiment_T3_C,503.1463748290014,56.55172413793103
experiment_T3_C,503.9671682626539,56.47716682199441
experiment_T3_C,504.7879616963064,56.439888164026094
experiment_T3_C,505.608755129959,56.26281453867661
experiment_T3_C,506.4295485636115,56.08574091332712
experiment_T3_C,507.250341997264,56.08574091332712
experiment_T3_C,508.07113543091657,56.08574091332712
experiment_T3_C,508.8919288645691,56.10438024231128
experiment_T3_C,509.7127222982216,56.160298229263745
experiment_T3_C,510.53351573187416,56.21621621621622
experiment_T3_C,511.3543091655267,56.27213420316868
experiment_T3_C,512.1751025991792,56.328052190121156
experiment_T3_C,512.9958960328318,56.40260950605778
experiment_T3_C,513.8166894664843,56.439888164026094
experiment_T3_C,514.6374829001368,56.421248835041936
experiment_T3_C,515.4582763337893,56.421248835041936
experiment_T3_C,516.2790697674419,56.38397017707363
experiment_T3_C,517.0998632010944,56.40260950605778
experiment_T3_C,517.9206566347469,56.36533084808947
experiment_T3_C,518.7414500683994,56.40260950605778
experiment_T3_C,519.562243502052,56.439888164026094
experiment_T3_C,520.3830369357045,56.45852749301025
experiment_T3_C,521.2038303693571,56.514445479962724
experiment_T3_C,522.0246238030096,56.53308480894688
experiment_T3_C,522.8454172366621,56.45852749301025
experiment_T3_C,523.6662106703146,56.47716682199441
experiment_T3_C,524.4870041039671,56.47716682199441
experiment_T3_C,525.3077975376196,56.514445479962724
experiment_T3_C,526.1285909712723,56.514445479962724
experiment_T3_C,526.9493844049248,56.55172413793103
experiment_T3_C,527.7701778385773,56.47716682199441
experiment_T3_C,528.5909712722298,56.34669151910531
experiment_T3_C,529.4117647058823,56.10438024231128
experiment_T3_C,530.2325581395348,56.10438024231128
experiment_T3_C,531.0533515731875,56.38397017707363
experiment_T3_C,531.87414500684,56.38397017707363
experiment_T3_C,532.6949384404925,56.38397017707363
experiment_T3_C,533.515731874145,56.38397017707363
experiment_T3_C,534.3365253077975,56.40260950605778
experiment_T3_C,535.15731874145,56.40260950605778
experiment_T3_C,535.9781121751026,56.36533084808947
experiment_T3_C,536.7989056087551,56.08574091332712
experiment_T3_C,537.6196990424077,56.067101584342964
experiment_T3_C,538.4404924760602,56.02982292637465
experiment_T3_C,539.2612859097127,55.91798695246971
experiment_T3_C,540.0820793433653,55.86206896551724
experiment_T3_C,540.9028727770178,55.89934762348555
experiment_T3_C,541.7236662106703,55.89934762348555
experiment_T3_C,542.5444596443228,55.955265610438026
experiment_T3_C,543.3652530779754,56.04846225535881
experiment_T3_C,544.1860465116279,56.04846225535881
experiment_T3_C,545.0068399452805,56.328052190121156
experiment_T3_C,545.827633378933,56.38397017707363
experiment_T3_C,546.6484268125855,56.328052190121156
experiment_T3_C,547.469220246238,55.93662628145387
experiment_T3_C,548.2900136798905,55.955265610438026
experiment_T3_C,549.110807113543,55.973904939422184
experiment_T3_C,549.9316005471957,55.955265610438026
experiment_T3_C,550.7523939808482,55.992544268406334
experiment_T3_C,551.5731874145007,55.91798695246971
experiment_T3_C,552.3939808481532,55.973904939422184
experiment_T3_C,553.2147742818057,56.04846225535881
experiment_T3_C,554.0355677154582,56.067101584342964
experiment_T3_C,554.8563611491109,56.36533084808947
experiment_T3_C,555.6771545827634,56.45852749301025
experiment_T3_C,556.4979480164159,56.45852749301025
experiment_T3_C,557.3187414500684,56.38397017707363
experiment_T3_C,558.1395348837209,56.36533084808947
experiment_T3_C,558.9603283173734,56.328052190121156
experiment_T3_C,559.781121751026,56.38397017707363
experiment_T3_C,560.6019151846785,56.40260950605778
experiment_T3_C,561.4227086183311,56.439888164026094
experiment_T3_C,562.2435020519836,56.421248835041936
experiment_T3_C,563.0642954856361,56.439888164026094
experiment_T3_C,563.8850889192886,56.38397017707363
experiment_T3_C,564.7058823529412,56.36533084808947
experiment_T3_C,565.5266757865937,56.40260950605778
experiment_T3_C,566.3474692202462,56.47716682199441
experiment_T3_C,567.1682626538988,56.40260950605778
experiment_T3_C,567.9890560875513,56.36533084808947
experiment_T3_C,568.8098495212039,56.02982292637465
experiment_T3_C,569.6306429548564,55.992544268406334
experiment_T3_C,570.4514363885089,55.992544268406334
experiment_T3_C,571.2722298221614,56.12301957129543
experiment_T3_C,572.0930232558139,56.08574091332712
experiment_T3_C,572.9138166894664,56.08574091332712
experiment_T3_C,573.7346101231191,56.08574091332712
experiment_T3_C,574.5554035567716,56.067101584342964
experiment_T3_C,575.3761969904241,56.08574091332712
experiment_T3_C,576.1969904240766,56.067101584342964
experiment_T3_C,577.0177838577291,56.12301957129543
experiment_T3_C,577.8385772913816,56.10438024231128
experiment_T3_C,578.6593707250343,56.02982292637465
experiment_T3_C,579.4801641586868,55.955265610438026
experiment_T3_C,580.3009575923393,55.955265610438026
experiment_T3_C,581.1217510259918,55.93662628145387
experiment_T3_C,581.9425444596443,55.973904939422184
experiment_T3_C,582.7633378932968,55.992544268406334
experiment_T3_C,583.5841313269494,56.01118359739049
experiment_T3_C,584.404924760602,56.067101584342964
experiment_T3_C,585.2257181942545,56.10438024231128
experiment_T3_C,586.046511627907,56.10438024231128
experiment_T3_C,586.8673050615595,56.08574091332712
experiment_T3_C,587.688098495212,56.04846225535881
experiment_T3_C,588.5088919288646,56.067101584342964
experiment_T3_C,589.3296853625171,56.36533084808947
experiment_T3_C,590.1504787961696,56.40260950605778
experiment_T3_C,590.9712722298221,56.47716682199441
experiment_T3_C,591.7920656634747,56.49580615097857
experiment_T3_C,592.6128590971272,56.45852749301025
experiment_T3_C,593.4336525307798,56.10438024231128
experiment_T3_C,594.2544459644323,55.992544268406334
experiment_T3_C,595.0752393980848,55.880708294501396
experiment_T3_C,595.8960328317373,55.80615097856477
experiment_T3_C,596.7168262653898,55.880708294501396
experiment_T3_C,597.5376196990424,56.36533084808947
experiment_T3_C,598.358413132695,56.40260950605778
experiment_T3_C,599.1792065663475,56.439888164026094
experiment_T3_C,600.0,56.514445479962724
experiment_T3_C,600.8207934336525,56.514445479962724
experiment_T3_C,601.641586867305,56.421248835041936
experiment_T3_C,602.4623803009576,56.36533084808947
experiment_T3_C,603.2831737346102,56.12301957129543
experiment_T3_C,604.1039671682627,56.02982292637465
experiment_T3_C,604.9247606019152,56.02982292637465
experiment_T3_C,605.7455540355677,56.04846225535881
experiment_T3_C,606.5663474692202,56.08574091332712
experiment_T3_C,607.3871409028728,56.04846225535881
experiment_T3_C,608.2079343365253,56.04846225535881
experiment_T3_C,609.0287277701779,56.08574091332712
experiment_T3_C,609.8495212038304,56.10438024231128
experiment_T3_C,610.6703146374829,56.08574091332712
experiment_T3_C,611.4911080711354,56.02982292637465
experiment_T3_C,612.311901504788,56.02982292637465
experiment_T3_C,613.1326949384405,56.01118359739049
experiment_T3_C,613.953488372093,56.10438024231128
experiment_T3_C,614.7742818057455,56.38397017707363
experiment_T3_C,615.595075239398,56.45852749301025
experiment_T3_C,616.4158686730506,56.53308480894688
experiment_T3_C,617.2366621067032,56.55172413793103
experiment_T3_C,618.0574555403557,56.38397017707363
experiment_T3_C,618.8782489740082,56.08574091332712
experiment_T3_C,619.6990424076607,56.04846225535881
experiment_T3_C,620.5198358413132,56.04846225535881
experiment_T3_C,621.3406292749657,56.01118359739049
experiment_T3_C,622.1614227086184,55.992544268406334
experiment_T3_C,622.9822161422709,56.08574091332712
experiment_T3_C,623.8030095759234,56.36533084808947
experiment_T3_C,624.6238030095759,56.36533084808947
experiment_T3_C,625.4445964432284,56.34669151910531
experiment_T3_C,626.2653898768809,56.36533084808947
experiment_T3_C,627.0861833105336,56.36533084808947
experiment_T3_C,627.9069767441861,56.40260950605778
experiment_T3_C,628.7277701778386,56.421248835041936
experiment_T3_C,629.5485636114911,56.45852749301025
experiment_T3_C,630.3693570451436,56.439888164026094
experiment_T3_C,631.1901504787961,56.40260950605778
experiment_T3_C,632.0109439124487,56.40260950605778
experiment_T3_C,632.8317373461012,56.36533084808947
experiment_T3_C,633.6525307797538,56.421248835041936
experiment_T3_C,634.4733242134063,56.38397017707363
experiment_T3_C,635.2941176470588,56.38397017707363
experiment_T3_C,636.1149110807114,56.40260950605778
experiment_T3_C,636.9357045143639,56.40260950605778
experiment_T3_C,637.7564979480164,56.36533084808947
experiment_T3_C,638.5772913816689,56.34669151910531
experiment_T3_C,639.3980848153215,56.34669151910531
experiment_T3_C,640.218878248974,56.34669151910531
experiment_T3_C,641.0396716826266,56.421248835041936
experiment_T3_C,641.8604651162791,56.439888164026094
experiment_T3_C,642.6812585499316,56.47716682199441
experiment_T3_C,643.5020519835841,56.12301957129543
experiment_T3_C,644.3228454172366,56.10438024231128
experiment_T3_C,645.1436388508891,56.328052190121156
experiment_T3_C,645.9644322845418,56.439888164026094
experiment_T3_C,646.7852257181943,56.45852749301025
experiment_T3_C,647.6060191518468,56.47716682199441
experiment_T3_C,648.4268125854993,56.38397017707363
experiment_T3_C,649.2476060191518,56.34669151910531
experiment_T3_C,650.0683994528043,56.34669151910531
experiment_T3_C,650.889192886457,56.34669151910531
experiment_T3_C,651.7099863201095,56.36533084808947
experiment_T3_C,652.530779753762,56.38397017707363
experiment_T3_C,653.3515731874145,56.38397017707363
experiment_T3_C,654.172366621067,56.36533084808947
experiment_T3_C,654.9931600547195,56.02982292637465
experiment_T3_C,655.8139534883721,55.992544268406334
experiment_T3_C,656.6347469220246,56.08574091332712
experiment_T3_C,657.4555403556772,56.36533084808947
experiment_T3_C,658.2763337893297,56.421248835041936
experiment_T3_C,659.0971272229822,56.47716682199441
experiment_T3_C,659.9179206566347,56.40260950605778
experiment_T3_C,660.7387140902873,56.067101584342964
experiment_T3_C,661.5595075239398,56.067101584342964
experiment_T3_C,662.3803009575923,56.34669151910531
experiment_T3_C,663.2010943912449,56.36533084808947
experiment_T3_C,664.0218878248974,56.421248835041936
experiment_T3_C,664.84268125855,56.40260950605778
experiment_T3_C,665.6634746922025,56.34669151910531
experiment_T3_C,666.484268125855,56.34669151910531
experiment_T3_C,667.3050615595075,56.38397017707363
experiment_T3_C,668.12585499316,56.40260950605778
experiment_T3_C,668.9466484268125,56.38397017707363
experiment_T3_C,669.7674418604652,56.34669151910531
experiment_T3_C,670.5882352941177,56.08574091332712
experiment_T3_C,671.4090287277702,56.08574091332712
experiment_T3_C,672.2298221614227,56.08574091332712
experiment_T3_C,673.0506155950752,56.10438024231128
experiment_T3_C,673.8714090287277,56.10438024231128
experiment_T3_C,674.6922024623804,56.10438024231128
experiment_T3_C,675.5129958960329,56.12301957129543
experiment_T3_C,676.3337893296854,56.08574091332712
experiment_T3_C,677.1545827633379,56.067101584342964
experiment_T3_C,677.9753761969904,56.10438024231128
experiment_T3_C,678.7961696306429,56.36533084808947
experiment_T3_C,679.6169630642955,56.38397017707363
experiment_T3_C,680.437756497948,56.34669151910531
experiment_T3_C,681.2585499316006,56.34669151910531
experiment_T3_C,682.0793433652531,56.34669151910531
experiment_T3_C,682.9001367989056,56.36533084808947
experiment_T3_C,683.7209302325581,56.38397017707363
experiment_T3_C,684.5417236662107,56.38397017707363
experiment_T3_C,685.3625170998632,56.38397017707363
experiment_T3_C,686.1833105335157,56.36533084808947
experiment_T3_C,687.0041039671682,56.08574091332712
experiment_T3_C,687.8248974008208,56.08574091332712
experiment_T3_C,688.6456908344733,56.40260950605778
experiment_T3_C,689.4664842681259,56.45852749301025
experiment_T3_C,690.2872777017784,56.45852749301025
experiment_T3_C,691.1080711354309,56.45852749301025
experiment_T3_C,691.9288645690834,56.45852749301025
experiment_T3_C,692.7496580027359,56.45852749301025
experiment_T3_C,693.5704514363885,56.439888164026094
experiment_T3_C,694.3912448700411,56.439888164026094
experiment_T3_C,695.2120383036936,56.04846225535881
experiment_T3_C,696.0328317373461,56.02982292637465
experiment_T3_C,696.8536251709986,56.01118359739049
experiment_T3_C,697.6744186046511,56.04846225535881
experiment_T3_C,698.4952120383037,56.08574091332712
experiment_T3_C,699.3160054719563,56.10438024231128
experiment_T3_C,700.1367989056088,56.439888164026094
experiment_T3_C,700.9575923392613,56.421248835041936
experiment_T3_C,701.7783857729138,56.49580615097857
experiment_T3_C,702.5991792065663,56.47716682199441
experiment_T3_C,703.4199726402189,56.49580615097857
experiment_T3_C,704.2407660738714,56.47716682199441
experiment_T3_C,705.061559507524,56.40260950605778
experiment_T3_C,705.8823529411765,56.36533084808947
experiment_T3_C,706.703146374829,56.421248835041936
experiment_T3_C,707.5239398084815,56.34669151910531
experiment_T3_C,708.3447332421341,56.328052190121156
experiment_T3_C,709.1655266757866,56.067101584342964
experiment_T3_C,709.9863201094391,56.067101584342964
experiment_T3_C,710.8071135430916,56.067101584342964
experiment_T3_C,711.6279069767442,56.01118359739049
experiment_T3_C,712.4487004103967,56.01118359739049
experiment_T3_C,713.2694938440493,56.02982292637465
experiment_T3_C,714.0902872777018,56.067101584342964
experiment_T3_C,714.9110807113543,56.38397017707363
experiment_T3_C,715.7318741450068,56.38397017707363
experiment_T3_C,716.5526675786593,56.36533084808947
experiment_T3_C,717.3734610123119,56.12301957129543
experiment_T3_C,718.1942544459645,56.10438024231128
experiment_T3_C,719.015047879617,56.08574091332712
experiment_T3_C,719.8358413132695,56.02982292637465
experiment_T3_C,720.656634746922,56.02982292637465
experiment_T3_C,721.4774281805745,56.04846225535881
experiment_T3_C,722.298221614227,56.10438024231128
experiment_T3_C,723.1190150478797,56.08574091332712
experiment_T3_C,723.9398084815322,56.067101584342964
experiment_T3_C,724.7606019151847,55.973904939422184
experiment_T3_C,725.5813953488372,55.89934762348555
experiment_T3_C,726.4021887824897,55.91798695246971
experiment_T3_C,727.2229822161423,56.04846225535881
experiment_T3_C,728.0437756497948,56.04846225535881
experiment_T3_C,728.8645690834473,56.234855545200375
experiment_T3_C,729.6853625170999,56.421248835041936
experiment_T3_C,730.5061559507524,56.45852749301025
experiment_T3_C,731.3269493844049,56.02982292637465
experiment_T3_C,732.1477428180575,55.880708294501396
experiment_T3_C,732.96853625171,56.04846225535881
experiment_T3_C,733.7893296853625,56.067101584342964
experiment_T3_C,734.610123119015,56.01118359739049
experiment_T3_C,735.4309165526676,55.91798695246971
experiment_T3_C,736.2517099863201,56.02982292637465
experiment_T3_C,737.0725034199727,56.02982292637465
experiment_T3_C,737.8932968536252,56.04846225535881
experiment_T3_C,738.7140902872777,56.04846225535881
experiment_T3_C,739.5348837209302,56.02982292637465
experiment_T3_C,740.3556771545827,56.04846225535881
experiment_T3_C,741.1764705882352,56.439888164026094
experiment_T3_C,741.9972640218879,56.439888164026094
experiment_T3_C,742.8180574555404,56.439888164026094
experiment_T3_C,743.6388508891929,56.57036346691519
experiment_T3_C,744.4596443228454,56.58900279589935
experiment_T3_C,745.2804377564979,56.514445479962724
experiment_T3_C,746.1012311901504,56.439888164026094
experiment_T3_C,746.922024623803,56.36533084808947
experiment_T3_C,747.7428180574556,56.10438024231128
experiment_T3_C,748.5636114911081,56.04846225535881
experiment_T3_C,749.3844049247606,56.02982292637465
experiment_T3_C,750.2051983584131,56.01118359739049
experiment_T3_C,751.0259917920656,56.04846225535881
experiment_T3_C,751.8467852257182,56.08574091332712
experiment_T3_C,752.6675786593707,56.08574091332712
experiment_T3_C,753.4883720930233,56.04846225535881
experiment_T3_C,754.3091655266758,56.067101584342964
experiment_T3_C,755.1299589603283,56.08574091332712
experiment_T3_C,755.9507523939808,56.40260950605778
experiment_T3_C,756.7715458276334,56.421248835041936
experiment_T3_C,757.5923392612859,56.36533084808947
experiment_T3_C,758.4131326949384,56.10438024231128
experiment_T3_C,759.233926128591,56.10438024231128
experiment_T3_C,760.0547195622435,56.10438024231128
experiment_T3_C,760.8755129958961,56.10438024231128
experiment_T3_C,761.6963064295486,56.10438024231128
experiment_T3_C,762.5170998632011,56.10438024231128
experiment_T3_C,763.3378932968536,56.10438024231128
experiment_T3_C,764.1586867305061,56.10438024231128
experiment_T3_C,764.9794801641586,56.10438024231128
experiment_T3_C,765.8002735978113,56.08574091332712
experiment_T3_C,766.6210670314638,56.02982292637465
experiment_T3_C,767.4418604651163,56.02982292637465
experiment_T3_C,768.2626538987688,56.04846225535881
experiment_T3_C,769.0834473324213,56.067101584342964
experiment_T3_C,769.9042407660738,56.04846225535881
experiment_T3_C,770.7250341997265,56.067101584342964
experiment_T3_C,771.545827633379,56.10438024231128
experiment_T3_C,772.3666210670315,56.067101584342964
experiment_T3_C,773.187414500684,56.01118359739049
experiment_T3_C,774.0082079343365,55.89934762348555
experiment_T3_C,774.829001367989,55.82479030754893
experiment_T3_C,775.6497948016416,55.93662628145387
experiment_T3_C,776.4705882352941,55.91798695246971
experiment_T3_C,777.2913816689467,55.84342963653309
experiment_T3_C,778.1121751025992,55.84342963653309
experiment_T3_C,778.9329685362517,55.91798695246971
experiment_T3_C,779.7537619699042,56.02982292637465
experiment_T3_C,780.5745554035568,56.34669151910531
experiment_T3_C,781.3953488372093,56.34669151910531
experiment_T3_C,782.2161422708618,56.34669151910531
experiment_T3_C,783.0369357045143,56.02982292637465
experiment_T3_C,783.8577291381669,56.020503261882574
experiment_T3_C,784.6785225718194,56.01118359739049
experiment_T3_C,785.499316005472,56.067101584342964
experiment_T3_C,786.3201094391245,56.21621621621622
experiment_T3_C,787.140902872777,56.36533084808947
experiment_T3_C,787.9616963064295,56.10438024231128
experiment_T3_C,788.782489740082,56.02982292637465
experiment_T3_C,789.6032831737347,56.02982292637465
experiment_T3_C,790.4240766073872,56.067101584342964
experiment_T3_C,791.2448700410397,56.08574091332712
experiment_T3_C,792.0656634746922,56.10438024231128
experiment_T3_C,792.8864569083447,56.12301957129543
experiment_T3_C,793.7072503419972,56.36533084808947
experiment_T3_C,794.5280437756498,56.34669151910531
experiment_T3_C,795.3488372093024,56.08574091332712
experiment_T3_C,796.1696306429549,56.067101584342964
experiment_T3_C,796.9904240766074,56.08574091332712
experiment_T3_C,797.8112175102599,56.08574091332712
experiment_T3_C,798.6320109439124,56.08574091332712
experiment_T3_C,799.452804377565,56.08574091332712
experiment_T3_C,800.2735978112175,56.10438024231128
experiment_T3_C,801.09439124487,56.113699906803355
experiment_T3_C,801.9151846785226,56.12301957129543
experiment_T3_C,802.7359781121751,56.067101584342964
experiment_T3_C,803.5567715458276,55.992544268406334
experiment_T3_C,804.3775649794802,55.880708294501396
experiment_T3_C,805.1983584131327,55.86206896551724
experiment_T3_C,806.0191518467852,55.973904939422184
experiment_T3_C,806.8399452804377,56.38397017707363
experiment_T3_C,807.6607387140903,56.47716682199441
experiment_T3_C,808.4815321477428,56.421248835041936
experiment_T3_C,809.3023255813954,56.36533084808947
experiment_T3_C,810.1231190150479,56.10438024231128
experiment_T3_C,810.9439124487004,56.12301957129543
experiment_T3_C,811.7647058823529,56.38397017707363
experiment_T3_C,812.5854993160054,56.421248835041936
experiment_T3_C,813.406292749658,56.38397017707363
experiment_T3_C,814.2270861833106,56.02982292637465
experiment_T3_C,815.0478796169631,56.01118359739049
experiment_T3_C,815.8686730506156,56.02982292637465
experiment_T3_C,816.6894664842681,56.01118359739049
experiment_T3_C,817.5102599179206,56.067101584342964
experiment_T3_C,818.3310533515731,56.10438024231128
experiment_T3_C,819.1518467852258,56.36533084808947
experiment_T3_C,819.9726402188783,56.34669151910531
experiment_T3_C,820.7934336525308,56.04846225535881
experiment_T3_C,821.6142270861833,55.89934762348555
experiment_T3_C,822.4350205198358,55.82479030754893
experiment_T3_C,823.2558139534884,55.80615097856477
experiment_T3_C,824.0766073871409,55.787511649580615
experiment_T3_C,824.8974008207935,55.93662628145387
experiment_T3_C,825.718194254446,56.02982292637465
experiment_T3_C,826.5389876880985,56.08574091332712
experiment_T3_C,827.359781121751,56.08574091332712
experiment_T3_C,828.1805745554036,56.08574091332712
experiment_T3_C,829.0013679890561,56.04846225535881
experiment_T3_C,829.8221614227086,56.04846225535881
experiment_T3_C,830.6429548563611,56.067101584342964
experiment_T3_C,831.4637482900137,56.067101584342964
experiment_T3_C,832.2845417236662,56.38397017707363
experiment_T3_C,833.1053351573188,56.439888164026094
experiment_T3_C,833.9261285909713,56.45852749301025
experiment_T3_C,834.7469220246238,56.34669151910531
experiment_T3_C,835.5677154582763,56.01118359739049
experiment_T3_C,836.3885088919288,56.067101584342964
experiment_T3_C,837.2093023255813,56.38397017707363
experiment_T3_C,838.030095759234,56.421248835041936
experiment_T3_C,838.8508891928865,56.421248835041936
experiment_T3_C,839.671682626539,56.08574091332712
experiment_T3_C,840.4924760601915,56.067101584342964
experiment_T3_C,841.313269493844,56.067101584342964
experiment_T3_C,842.1340629274965,56.10438024231128
experiment_T3_C,842.9548563611492,56.04846225535881
experiment_T3_C,843.7756497948017,56.04846225535881
experiment_T3_C,844.5964432284542,56.08574091332712
experiment_T3_C,845.4172366621067,56.47716682199441
experiment_T3_C,846.2380300957592,56.514445479962724
experiment_T3_C,847.0588235294117,56.47716682199441
experiment_T3_C,847.8796169630643,56.421248835041936
experiment_T3_C,848.7004103967168,56.38397017707363
experiment_T3_C,849.5212038303694,56.439888164026094
experiment_T3_C,850.3419972640219,56.421248835041936
experiment_T3_C,851.1627906976744,56.34669151910531
experiment_T3_C,851.9835841313269,56.08574091332712
experiment_T3_C,852.8043775649795,56.067101584342964
experiment_T3_C,853.625170998632,55.992544268406334
experiment_T3_C,854.4459644322845,55.973904939422184
experiment_T3_C,855.266757865937,55.91798695246971
experiment_T3_C,856.0875512995896,55.89934762348555
experiment_T3_C,856.9083447332422,55.89934762348555
experiment_T3_C,857.7291381668947,55.955265610438026
experiment_T3_C,858.5499316005472,56.04846225535881
experiment_T3_C,859.3707250341997,56.38397017707363
experiment_T3_C,860.1915184678522,56.47716682199441
experiment_T3_C,861.0123119015047,56.45852749301025
experiment_T3_C,861.8331053351574,56.514445479962724
experiment_T3_C,862.6538987688099,56.49580615097857
experiment_T3_C,863.4746922024624,56.53308480894688
experiment_T3_C,864.2954856361149,56.38397017707363
experiment_T3_C,865.1162790697674,56.328052190121156
experiment_T3_C,865.9370725034199,56.328052190121156
experiment_T3_C,866.7578659370726,56.47716682199441
experiment_T3_C,867.5786593707251,56.12301957129543
experiment_T3_C,868.3994528043776,56.067101584342964
experiment_T3_C,869.2202462380301,56.02982292637465
experiment_T3_C,870.0410396716826,56.02982292637465
experiment_T3_C,870.8618331053351,56.02982292637465
experiment_T3_C,871.6826265389877,56.08574091332712
experiment_T3_C,872.5034199726402,56.36533084808947
experiment_T3_C,873.3242134062928,56.24417520969245
experiment_T3_C,874.1450068399453,56.12301957129543
experiment_T3_C,874.9658002735978,56.067101584342964
experiment_T3_C,875.7865937072503,55.955265610438026
experiment_T3_C,876.6073871409029,55.880708294501396
experiment_T3_C,877.4281805745554,56.01118359739049
experiment_T3_C,878.2489740082079,56.04846225535881
experiment_T3_C,879.0697674418604,56.04846225535881
experiment_T3_C,879.890560875513,55.992544268406334
experiment_T3_C,880.7113543091655,56.01118359739049
experiment_T3_C,881.5321477428181,56.08574091332712
experiment_T3_C,882.3529411764706,56.067101584342964
experiment_T3_C,883.1737346101231,56.067101584342964
experiment_T3_C,883.9945280437756,56.04846225535881
experiment_T3_C,884.8153214774281,56.067101584342964
experiment_T3_C,885.6361149110808,56.067101584342964
experiment_T3_C,886.4569083447333,56.08574091332712
experiment_T3_C,887.2777017783858,56.08574091332712
experiment_T3_C,888.0984952120383,56.067101584342964
experiment_T3_C,888.9192886456908,56.067101584342964
experiment_T3_C,889.7400820793433,56.067101584342964
experiment_T3_C,890.560875512996,56.08574091332712
experiment_T3_C,891.3816689466485,56.10438024231128
experiment_T3_C,892.202462380301,56.10438024231128
experiment_T3_C,893.0232558139535,56.10438024231128
experiment_T3_C,893.844049247606,56.10438024231128
experiment_T3_C,894.6648426812585,56.22553588070829
experiment_T3_C,895.4856361149111,56.34669151910531
experiment_T3_C,896.3064295485636,56.35601118359739
experiment_T3_C,897.1272229822162,56.36533084808947
experiment_T3_C,897.9480164158687,56.34669151910531
experiment_T3_C,898.7688098495212,56.38397017707363
experiment_T3_C,899.5896032831737,56.34669151910531
experiment_T3_C,900.4103967168263,56.36533084808947
experiment_T3_C,901.2311901504788,56.439888164026094
experiment_T3_C,902.0519835841313,56.47716682199441
experiment_T3_C,902.8727770177838,56.47716682199441
experiment_T3_C,903.6935704514364,56.49580615097857
experiment_T3_C,904.5143638850889,56.47716682199441
experiment_T3_C,905.3351573187415,56.36533084808947
experiment_T3_C,906.155950752394,56.36533084808947
experiment_T3_C,906.9767441860465,56.36533084808947
experiment_T3_C,907.797537619699,56.10438024231128
experiment_T3_C,908.6183310533515,56.02982292637465
experiment_T3_C,909.439124487004,56.01118359739049
experiment_T3_C,910.2599179206567,55.992544268406334
experiment_T3_C,911.0807113543092,56.08574091332712
experiment_T3_C,911.9015047879617,56.38397017707363
experiment_T3_C,912.7222982216142,56.439888164026094
experiment_T3_C,913.5430916552667,56.514445479962724
experiment_T3_C,914.3638850889192,56.45852749301025
experiment_T3_C,915.1846785225719,56.38397017707363
experiment_T3_C,916.0054719562244,56.10438024231128
experiment_T3_C,916.8262653898769,56.10438024231128
experiment_T3_C,917.6470588235294,56.10438024231128
experiment_T3_C,918.4678522571819,56.08574091332712
experiment_T3_C,919.2886456908345,56.08574091332712
experiment_T3_C,920.109439124487,56.10438024231128
experiment_T3_C,920.9302325581396,56.34669151910531
experiment_T3_C,921.7510259917921,56.34669151910531
experiment_T3_C,922.5718194254446,56.40260950605778
experiment_T3_C,923.3926128590971,56.439888164026094
experiment_T3_C,924.2134062927497,56.439888164026094
experiment_T3_C,925.0341997264022,56.439888164026094
experiment_T3_C,925.8549931600547,56.439888164026094
experiment_T3_C,926.6757865937072,56.421248835041936
experiment_T3_C,927.4965800273598,56.40260950605778
experiment_T3_C,928.3173734610123,56.40260950605778
experiment_T3_C,929.1381668946649,56.38397017707363
experiment_T3_C,929.9589603283174,56.40260950605778
experiment_T3_C,930.7797537619699,56.421248835041936
experiment_T3_C,931.6005471956224,56.421248835041936
experiment_T3_C,932.4213406292749,56.421248835041936
experiment_T3_C,933.2421340629274,56.439888164026094
experiment_T3_C,934.0629274965801,56.57036346691519
experiment_T3_C,934.8837209302326,56.53308480894688
experiment_T3_C,935.7045143638851,56.49580615097857
experiment_T3_C,936.5253077975376,56.421248835041936
experiment_T3_C,937.3461012311901,56.36533084808947
experiment_T3_C,938.1668946648426,56.47716682199441
experiment_T3_C,938.9876880984953,56.514445479962724
experiment_T3_C,939.8084815321478,56.58900279589935
experiment_T3_C,940.6292749658003,56.49580615097857
experiment_T3_C,941.4500683994528,56.02982292637465
experiment_T3_C,942.2708618331053,56.01118359739049
experiment_T3_C,943.0916552667578,56.01118359739049
experiment_T3_C,943.9124487004104,56.04846225535881
experiment_T3_C,944.733242134063,56.01118359739049
experiment_T3_C,945.5540355677155,55.93662628145387
experiment_T3_C,946.374829001368,55.89934762348555
experiment_T3_C,947.1956224350205,55.973904939422184
experiment_T3_C,948.0164158686731,56.02982292637465
experiment_T3_C,948.8372093023256,56.12301957129543
experiment_T3_C,949.6580027359781,56.12301957129543
experiment_T3_C,950.4787961696306,56.10438024231128
experiment_T3_C,951.2995896032832,56.10438024231128
experiment_T3_C,952.1203830369357,56.08574091332712
experiment_T3_C,952.9411764705883,55.992544268406334
experiment_T3_C,953.7619699042408,56.01118359739049
experiment_T3_C,954.5827633378933,56.04846225535881
experiment_T3_C,955.4035567715458,56.08574091332712
experiment_T3_C,956.2243502051983,56.10438024231128
experiment_T3_C,957.0451436388508,56.10438024231128
experiment_T3_C,957.8659370725035,56.10438024231128
experiment_T3_C,958.686730506156,56.25349487418453
experiment_T3_C,959.5075239398085,56.40260950605778
experiment_T3_C,960.328317373461,56.38397017707363
experiment_T3_C,961.1491108071135,56.36533084808947
experiment_T3_C,961.969904240766,56.34669151910531
experiment_T3_C,962.7906976744187,56.47716682199441
experiment_T3_C,963.6114911080712,56.57036346691519
experiment_T3_C,964.4322845417237,56.514445479962724
experiment_T3_C,965.2530779753762,56.439888164026094
experiment_T3_C,966.0738714090287,56.40260950605778
experiment_T3_C,966.8946648426812,56.38397017707363
experiment_T3_C,967.7154582763338,56.34669151910531
experiment_T3_C,968.5362517099863,56.328052190121156
experiment_T3_C,969.3570451436389,56.206896551724135
experiment_T3_C,970.1778385772914,56.08574091332712
experiment_T3_C,970.9986320109439,56.10438024231128
experiment_T3_C,971.8194254445964,56.12301957129543
experiment_T3_C,972.640218878249,55.992544268406334
experiment_T3_C,973.4610123119015,55.955265610438026
experiment_T3_C,974.281805745554,56.01118359739049
experiment_T3_C,975.1025991792065,56.01118359739049
experiment_T3_C,975.9233926128591,56.01118359739049
experiment_T3_C,976.7441860465116,56.01118359739049
experiment_T3_C,977.5649794801642,56.10438024231128
experiment_T3_C,978.3857729138167,56.281453867660765
experiment_T3_C,979.2065663474692,56.45852749301025
experiment_T3_C,980.0273597811217,56.38397017707363
experiment_T3_C,980.8481532147742,56.35601118359739
experiment_T3_C,981.6689466484269,56.328052190121156
experiment_T3_C,982.4897400820794,56.36533084808947
experiment_T3_C,983.3105335157319,56.234855545200375
experiment_T3_C,984.1313269493844,56.10438024231128
experiment_T3_C,984.9521203830369,56.04846225535881
experiment_T3_C,985.7729138166894,55.973904939422184
experiment_T3_C,986.593707250342,55.93662628145387
experiment_T3_C,987.4145006839946,56.01118359739049
experiment_T3_C,988.2352941176471,56.08574091332712
experiment_T3_C,989.0560875512996,56.10438024231128
experiment_T3_C,989.8768809849521,56.04846225535881
experiment_T3_C,990.6976744186046,55.992544268406334
experiment_T3_C,991.5184678522572,55.992544268406334
experiment_T3_C,992.3392612859097,55.992544268406334
experiment_T3_C,993.1600547195623,56.067101584342964
experiment_T3_C,993.9808481532148,56.067101584342964
experiment_T3_C,994.8016415868673,56.38397017707363
experiment_T3_C,995.6224350205198,56.53308480894688
experiment_T3_C,996.4432284541724,56.57036346691519
experiment_T3_C,997.2640218878249,56.47716682199441
experiment_T3_C,998.0848153214774,56.439888164026094
experiment_T3_C,998.90560875513,56.439888164026094
experiment_T3_C,999.7264021887825,56.439888164026094
experiment_T3_C,1000.547195622435,56.439888164026094
experiment_T3_C,1001.3679890560876,56.38397017707363
experiment_T3_C,1002.1887824897401,56.36533084808947
experiment_T3_C,1003.0095759233926,56.067101584342964
experiment_T3_C,1003.8303693570451,56.067101584342964
experiment_T3_C,1004.6511627906976,56.10438024231128
experiment_T3_C,1005.4719562243502,56.421248835041936
experiment_T3_C,1006.2927496580028,56.439888164026094
experiment_T3_C,1007.1135430916553,56.38397017707363
experiment_T3_C,1007.9343365253078,56.38397017707363
experiment_T3_C,1008.7551299589603,56.421248835041936
experiment_T3_C,1009.5759233926128,56.36533084808947
experiment_T3_C,1010.3967168262653,56.10438024231128
experiment_T3_C,1011.217510259918,56.04846225535881
experiment_T3_C,1012.0383036935705,56.02982292637465
experiment_T3_C,1012.859097127223,56.01118359739049
experiment_T3_C,1013.6798905608755,56.04846225535881
experiment_T3_C,1014.500683994528,56.328052190121156
experiment_T3_C,1015.3214774281806,56.34669151910531
experiment_T3_C,1016.1422708618331,56.36533084808947
experiment_T3_C,1016.9630642954857,56.421248835041936
experiment_T3_C,1017.7838577291382,56.40260950605778
experiment_T3_C,1018.6046511627907,56.40260950605778
experiment_T3_C,1019.4254445964432,56.36533084808947
experiment_T3_C,1020.2462380300958,56.35601118359739
experiment_T3_C,1021.0670314637483,56.34669151910531
experiment_T3_C,1021.8878248974008,56.40260950605778
experiment_T3_C,1022.7086183310533,56.40260950605778
experiment_T3_C,1023.5294117647059,56.38397017707363
experiment_T3_C,1024.3502051983585,56.38397017707363
experiment_T3_C,1025.1709986320109,56.38397017707363
experiment_T3_C,1025.9917920656635,56.067101584342964
experiment_T3_C,1026.812585499316,56.04846225535881
experiment_T3_C,1027.6333789329685,56.04846225535881
experiment_T3_C,1028.4541723666212,56.067101584342964
experiment_T3_C,1029.2749658002735,56.08574091332712
experiment_T3_C,1030.0957592339262,56.10438024231128
experiment_T3_C,1030.9165526675786,56.10438024231128
experiment_T3_C,1031.7373461012312,56.10438024231128
experiment_T3_C,1032.5581395348838,56.21621621621622
experiment_T3_C,1033.3789329685362,56.328052190121156
experiment_T3_C,1034.1997264021888,56.328052190121156
experiment_T3_C,1035.0205198358412,56.36533084808947
experiment_T3_C,1035.8413132694939,56.38397017707363
experiment_T3_C,1036.6621067031463,56.439888164026094
experiment_T3_C,1037.482900136799,56.40260950605778
experiment_T3_C,1038.3036935704515,56.421248835041936
experiment_T3_C,1039.124487004104,56.40260950605778
experiment_T3_C,1039.9452804377565,56.067101584342964
experiment_T3_C,1040.766073871409,56.02982292637465
experiment_T3_C,1041.5868673050616,56.04846225535881
experiment_T3_C,1042.4076607387142,56.328052190121156
experiment_T3_C,1043.2284541723666,56.328052190121156
experiment_T3_C,1044.0492476060192,56.34669151910531
experiment_T3_C,1044.8700410396716,56.439888164026094
experiment_T3_C,1045.6908344733242,56.514445479962724
experiment_T3_C,1046.5116279069769,56.514445479962724
experiment_T3_C,1047.3324213406293,56.49580615097857
experiment_T3_C,1048.1532147742819,56.514445479962724
experiment_T3_C,1048.9740082079343,56.53308480894688
experiment_T3_C,1049.794801641587,56.53308480894688
experiment_T3_C,1050.6155950752393,56.58900279589935
experiment_T3_C,1051.436388508892,56.439888164026094
experiment_T3_C,1052.2571819425445,56.38397017707363
experiment_T3_C,1053.077975376197,56.40260950605778
experiment_T3_C,1053.8987688098496,56.36533084808947
experiment_T3_C,1054.719562243502,56.34669151910531
experiment_T3_C,1055.5403556771546,56.067101584342964
experiment_T3_C,1056.3611491108072,56.067101584342964
experiment_T3_C,1057.1819425444596,56.02982292637465
experiment_T3_C,1058.0027359781122,56.01118359739049
experiment_T3_C,1058.8235294117646,56.10438024231128
experiment_T3_C,1059.6443228454173,56.08574091332712
experiment_T3_C,1060.4651162790697,56.10438024231128
experiment_T3_C,1061.2859097127223,56.10438024231128
experiment_T3_C,1062.106703146375,56.36533084808947
experiment_T3_C,1062.9274965800273,56.38397017707363
experiment_T3_C,1063.74829001368,56.067101584342964
experiment_T3_C,1064.5690834473323,56.04846225535881
experiment_T3_C,1065.389876880985,56.04846225535881
experiment_T3_C,1066.2106703146376,56.04846225535881
experiment_T3_C,1067.03146374829,56.067101584342964
experiment_T3_C,1067.8522571819426,56.08574091332712
experiment_T3_C,1068.673050615595,56.10438024231128
experiment_T3_C,1069.4938440492476,56.10438024231128
experiment_T3_C,1070.3146374829,56.08574091332712
experiment_T3_C,1071.1354309165527,55.973904939422184
experiment_T3_C,1071.9562243502053,55.93662628145387
experiment_T3_C,1072.7770177838577,55.955265610438026
experiment_T3_C,1073.5978112175103,56.01118359739049
experiment_T3_C,1074.4186046511627,56.10438024231128
experiment_T3_C,1075.2393980848153,56.328052190121156
experiment_T3_C,1076.060191518468,56.421248835041936
experiment_T3_C,1076.8809849521203,56.439888164026094
experiment_T3_C,1077.701778385773,56.421248835041936
experiment_T3_C,1078.5225718194254,56.40260950605778
experiment_T3_C,1079.343365253078,56.38397017707363
experiment_T3_C,1080.1641586867306,56.36533084808947
experiment_T3_C,1080.984952120383,56.34669151910531
experiment_T3_C,1081.8057455540356,56.34669151910531
experiment_T3_C,1082.626538987688,56.36533084808947
experiment_T3_C,1083.4473324213407,56.47716682199441
experiment_T3_C,1084.268125854993,56.57036346691519
experiment_T3_C,1085.0889192886457,56.607642124883505
experiment_T3_C,1085.9097127222983,56.55172413793103
experiment_T3_C,1086.7305061559507,56.47716682199441
experiment_T3_C,1087.5512995896033,56.02982292637465
experiment_T3_C,1088.3720930232557,56.067101584342964
experiment_T3_C,1089.1928864569084,56.04846225535881
experiment_T3_C,1090.013679890561,56.10438024231128
experiment_T3_C,1090.8344733242134,56.10438024231128
experiment_T3_C,1091.655266757866,56.10438024231128
experiment_T3_C,1092.4760601915184,56.067101584342964
experiment_T3_C,1093.296853625171,56.04846225535881
experiment_T3_C,1094.1176470588234,56.01118359739049
experiment_T3_C,1094.938440492476,56.36533084808947
experiment_T3_C,1095.7592339261287,56.38397017707363
experiment_T3_C,1096.580027359781,56.34669151910531
experiment_T3_C,1097.4008207934337,56.34669151910531
experiment_T3_C,1098.221614227086,56.40260950605778
experiment_T3_C,1099.0424076607387,56.421248835041936
experiment_T3_C,1099.8632010943913,56.40260950605778
experiment_T3_C,1100.6839945280437,56.439888164026094
experiment_T3_C,1101.5047879616964,56.45852749301025
experiment_T3_C,1102.3255813953488,56.40260950605778
experiment_T3_C,1103.1463748290014,56.328052190121156
experiment_T3_C,1103.9671682626538,56.33737185461323
experiment_T3_C,1104.7879616963064,56.34669151910531
experiment_T3_C,1105.608755129959,56.40260950605778
experiment_T3_C,1106.4295485636114,56.34669151910531
experiment_T3_C,1107.250341997264,56.33737185461323
experiment_T3_C,1108.0711354309165,56.328052190121156
experiment_T3_C,1108.891928864569,56.34669151910531
experiment_T3_C,1109.7127222982217,56.10438024231128
experiment_T3_C,1110.533515731874,56.07642124883504
experiment_T3_C,1111.3543091655267,56.04846225535881
experiment_T3_C,1112.1751025991791,56.04846225535881
experiment_T3_C,1112.9958960328318,56.04846225535881
experiment_T3_C,1113.8166894664844,56.04846225535881
experiment_T3_C,1114.6374829001368,56.04846225535881
experiment_T3_C,1115.4582763337894,56.04846225535881
experiment_T3_C,1116.2790697674418,56.04846225535881
experiment_T3_C,1117.0998632010944,56.08574091332712
experiment_T3_C,1117.9206566347468,56.067101584342964
experiment_T3_C,1118.7414500683994,56.04846225535881
experiment_T3_C,1119.562243502052,55.992544268406334
experiment_T3_C,1120.3830369357045,56.02982292637465
experiment_T3_C,1121.203830369357,56.02982292637465
experiment_T3_C,1122.0246238030095,55.992544268406334
experiment_T3_C,1122.8454172366621,56.36533084808947
experiment_T3_C,1123.6662106703147,56.45852749301025
experiment_T3_C,1124.4870041039671,56.45852749301025
experiment_T3_C,1125.3077975376198,56.38397017707363
experiment_T3_C,1126.1285909712722,56.36533084808947
experiment_T3_C,1126.9493844049248,56.36533084808947
experiment_T3_C,1127.7701778385772,56.36533084808947
experiment_T3_C,1128.5909712722298,56.36533084808947
experiment_T3_C,1129.4117647058824,56.36533084808947
experiment_T3_C,1130.2325581395348,56.067101584342964
experiment_T3_C,1131.0533515731875,56.067101584342964
experiment_T3_C,1131.8741450068399,56.08574091332712
experiment_T3_C,1132.6949384404925,56.08574091332712
experiment_T3_C,1133.515731874145,56.067101584342964
experiment_T3_C,1134.3365253077975,56.04846225535881
experiment_T3_C,1135.1573187414501,56.067101584342964
experiment_T3_C,1135.9781121751025,56.08574091332712
experiment_T3_C,1136.7989056087551,56.45852749301025
experiment_T3_C,1137.6196990424078,56.47716682199441
experiment_T3_C,1138.4404924760602,56.55172413793103
experiment_T3_C,1139.2612859097128,56.55172413793103
experiment_T3_C,1140.0820793433652,56.53308480894688
experiment_T3_C,1140.9028727770178,56.58900279589935
experiment_T3_C,1141.7236662106702,56.514445479962724
experiment_T3_C,1142.5444596443228,56.45852749301025
experiment_T3_C,1143.3652530779755,56.40260950605778
experiment_T3_C,1144.1860465116279,56.40260950605778
experiment_T3_C,1145.0068399452805,56.40260950605778
experiment_T3_C,1145.827633378933,56.40260950605778
experiment_T3_C,1146.6484268125855,56.38397017707363
experiment_T3_C,1147.4692202462381,56.36533084808947
experiment_T3_C,1148.2900136798905,56.38397017707363
experiment_T3_C,1149.1108071135432,56.36533084808947
experiment_T3_C,1149.9316005471956,56.40260950605778
experiment_T3_C,1150.7523939808482,56.421248835041936
experiment_T3_C,1151.5731874145006,56.067101584342964
experiment_T3_C,1152.3939808481532,56.01118359739049
experiment_T3_C,1153.2147742818058,55.992544268406334
experiment_T3_C,1154.0355677154582,55.992544268406334
experiment_T3_C,1154.8563611491109,55.880708294501396
experiment_T3_C,1155.6771545827633,55.86206896551724
experiment_T3_C,1156.4979480164159,56.067101584342964
experiment_T3_C,1157.3187414500685,56.439888164026094
experiment_T3_C,1158.139534883721,56.34669151910531
experiment_T3_C,1158.9603283173735,56.04846225535881
experiment_T3_C,1159.781121751026,56.01118359739049
experiment_T3_C,1160.6019151846785,55.955265610438026
experiment_T3_C,1161.422708618331,55.973904939422184
experiment_T3_C,1162.2435020519836,56.01118359739049
experiment_T3_C,1163.0642954856362,56.328052190121156
experiment_T3_C,1163.8850889192886,56.439888164026094
experiment_T3_C,1164.7058823529412,56.47716682199441
experiment_T3_C,1165.5266757865936,56.514445479962724
experiment_T3_C,1166.3474692202462,56.45852749301025
experiment_T3_C,1167.1682626538989,56.421248835041936
experiment_T3_C,1167.9890560875513,56.38397017707363
experiment_T3_C,1168.809849521204,56.36533084808947
experiment_T3_C,1169.6306429548563,56.34669151910531
experiment_T3_C,1170.451436388509,56.04846225535881
experiment_T3_C,1171.2722298221615,56.01118359739049
experiment_T3_C,1172.093023255814,56.02982292637465
experiment_T3_C,1172.9138166894666,56.067101584342964
experiment_T3_C,1173.734610123119,56.08574091332712
experiment_T3_C,1174.5554035567716,56.08574091332712
experiment_T3_C,1175.376196990424,56.08574091332712
experiment_T3_C,1176.1969904240766,56.10438024231128
experiment_T3_C,1177.0177838577292,56.12301957129543
experiment_T3_C,1177.8385772913816,56.154972706696846
experiment_T3_C,1178.6593707250343,56.186925842098255
experiment_T3_C,1179.4801641586866,56.21887897749967
experiment_T3_C,1180.3009575923393,56.25083211290108
experiment_T3_C,1181.121751025992,56.28278524830249
experiment_T3_C,1181.9425444596443,56.3147383837039
experiment_T3_C,1182.763337893297,56.34669151910531
experiment_T3_C,1183.5841313269493,56.08574091332712
experiment_T3_C,1184.404924760602,56.04846225535881
experiment_T3_C,1185.2257181942543,55.992544268406334
experiment_T3_C,1186.046511627907,55.973904939422184
experiment_T3_C,1186.8673050615596,55.93662628145387
experiment_T3_C,1187.688098495212,55.955265610438026
experiment_T3_C,1188.5088919288646,55.992544268406334
experiment_T3_C,1189.329685362517,56.04846225535881
experiment_T3_C,1190.1504787961696,56.02982292637465
experiment_T3_C,1190.9712722298223,56.04846225535881
experiment_T3_C,1191.7920656634747,56.08574091332712
experiment_T3_C,1192.6128590971273,56.0950605778192
experiment_T3_C,1193.4336525307797,56.10438024231128
experiment_T3_C,1194.2544459644323,56.04846225535881
experiment_T3_C,1195.0752393980847,56.067101584342964
experiment_T3_C,1195.8960328317373,56.067101584342964
experiment_T3_C,1196.71682626539,56.08574091332712
experiment_T3_C,1197.5376196990424,56.08574091332712
experiment_T3_C,1198.358413132695,56.067101584342964
experiment_T3_C,1199.1792065663474,56.067101584342964
experiment_T3_C,1200.0,56.067101584342964
paper_simulation_T1_C,0.0,53.15936626281454
paper_simulation_T1_C,0.8207934336525308,53.15936626281454
paper_simulation_T1_C,1.6415868673050615,53.178005591798694
paper_simulation_T1_C,2.462380300957592,53.178005591798694
paper_simulation_T1_C,3.283173734610123,53.19664492078285
paper_simulation_T1_C,4.1039671682626535,53.21528424976701
paper_simulation_T1_C,4.924760601915184,53.252562907735324
paper_simulation_T1_C,5.745554035567715,53.28984156570363
paper_simulation_T1_C,6.566347469220246,53.28984156570363
paper_simulation_T1_C,7.387140902872777,53.28984156570363
paper_simulation_T1_C,8.207934336525307,53.28984156570363
paper_simulation_T1_C,9.028727770177838,53.345759552656105
paper_simulation_T1_C,9.849521203830369,53.345759552656105
paper_simulation_T1_C,10.6703146374829,53.42031686859273
paper_simulation_T1_C,11.49110807113543,53.45759552656104
paper_simulation_T1_C,12.311901504787961,53.45759552656104
paper_simulation_T1_C,13.132694938440492,53.438956197576886
paper_simulation_T1_C,13.953488372093023,53.4762348555452
paper_simulation_T1_C,14.774281805745554,53.49487418452936
paper_simulation_T1_C,15.595075239398085,53.532152842497666
paper_simulation_T1_C,16.415868673050614,53.550792171481824
paper_simulation_T1_C,17.236662106703147,53.56943150046598
paper_simulation_T1_C,18.057455540355676,53.606710158434296
paper_simulation_T1_C,18.87824897400821,53.68126747437093
paper_simulation_T1_C,19.699042407660738,53.66262814538677
paper_simulation_T1_C,20.51983584131327,53.69990680335508
paper_simulation_T1_C,21.3406292749658,53.69990680335508
paper_simulation_T1_C,22.161422708618332,53.718546132339235
paper_simulation_T1_C,22.98221614227086,53.77446411929171
paper_simulation_T1_C,23.803009575923394,53.81174277726002
paper_simulation_T1_C,24.623803009575923,53.81174277726002
paper_simulation_T1_C,25.444596443228455,53.86766076421249
paper_simulation_T1_C,26.265389876880985,53.9049394221808
paper_simulation_T1_C,27.086183310533517,53.92357875116496
paper_simulation_T1_C,27.906976744186046,53.96085740913327
paper_simulation_T1_C,28.72777017783858,53.96085740913327
paper_simulation_T1_C,29.548563611491108,53.99813606710158
paper_simulation_T1_C,30.369357045143637,54.0354147250699
paper_simulation_T1_C,31.19015047879617,54.01677539608574
paper_simulation_T1_C,32.0109439124487,54.072693383038214
paper_simulation_T1_C,32.83173734610123,54.072693383038214
paper_simulation_T1_C,33.65253077975376,54.091332712022364
paper_simulation_T1_C,34.47332421340629,54.12861136999068
paper_simulation_T1_C,35.294117647058826,54.14725069897484
paper_simulation_T1_C,36.11491108071135,54.165890027958994
paper_simulation_T1_C,36.935704514363884,54.18452935694315
paper_simulation_T1_C,37.75649794801642,54.18452935694315
paper_simulation_T1_C,38.57729138166895,54.24044734389562
paper_simulation_T1_C,39.398084815321475,54.259086672879775
paper_simulation_T1_C,40.21887824897401,54.27772600186393
paper_simulation_T1_C,41.03967168262654,54.333643988816405
paper_simulation_T1_C,41.86046511627907,54.333643988816405
paper_simulation_T1_C,42.6812585499316,54.37092264678471
paper_simulation_T1_C,43.50205198358413,54.426840633737186
paper_simulation_T1_C,44.322845417236664,54.4641192917055
paper_simulation_T1_C,45.14363885088919,54.41618958860338
paper_simulation_T1_C,45.96443228454172,54.36825988550127
paper_simulation_T1_C,46.785225718194255,54.32033018239915
paper_simulation_T1_C,47.60601915184679,54.27240047929703
paper_simulation_T1_C,48.42681258549931,54.22447077619491
paper_simulation_T1_C,49.247606019151846,54.17654107309279
paper_simulation_T1_C,50.06839945280438,54.12861136999068
paper_simulation_T1_C,50.88919288645691,54.20316868592731
paper_simulation_T1_C,51.70998632010944,54.27772600186393
paper_simulation_T1_C,52.53077975376197,54.352283317800556
paper_simulation_T1_C,53.3515731874145,54.426840633737186
paper_simulation_T1_C,54.172366621067034,54.44547996272134
paper_simulation_T1_C,54.99316005471956,54.48275862068965
paper_simulation_T1_C,55.81395348837209,54.50139794967381
paper_simulation_T1_C,56.634746922024625,54.520037278657966
paper_simulation_T1_C,57.45554035567716,54.538676607642124
paper_simulation_T1_C,58.276333789329684,54.538676607642124
paper_simulation_T1_C,59.097127222982216,54.55731593662628
paper_simulation_T1_C,59.91792065663475,54.57595526561044
paper_simulation_T1_C,60.738714090287274,54.57595526561044
paper_simulation_T1_C,61.55950752393981,54.55731593662628
paper_simulation_T1_C,62.38030095759234,54.55731593662628
paper_simulation_T1_C,63.20109439124487,54.5945945945946
paper_simulation_T1_C,64.0218878248974,54.613233923578754
paper_simulation_T1_C,64.84268125854993,54.57595526561044
paper_simulation_T1_C,65.66347469220246,54.5945945945946
paper_simulation_T1_C,66.484268125855,54.5945945945946
paper_simulation_T1_C,67.30506155950752,54.5945945945946
paper_simulation_T1_C,68.12585499316006,54.5945945945946
paper_simulation_T1_C,68.94664842681259,54.57595526561044
paper_simulation_T1_C,69.76744186046511,54.5945945945946
paper_simulation_T1_C,70.58823529411765,54.57595526561044
paper_simulation_T1_C,71.40902872777018,54.57595526561044
paper_simulation_T1_C,72.2298221614227,54.57595526561044
paper_simulation_T1_C,73.05061559507524,54.57595526561044
paper_simulation_T1_C,73.87140902872777,54.57595526561044
paper_simulation_T1_C,74.6922024623803,54.57595526561044
paper_simulation_T1_C,75.51299589603283,54.55731593662628
paper_simulation_T1_C,76.33378932968536,54.538676607642124
paper_simulation_T1_C,77.1545827633379,54.520037278657966
paper_simulation_T1_C,77.97537619699042,54.538676607642124
paper_simulation_T1_C,78.79616963064295,54.538676607642124
paper_simulation_T1_C,79.61696306429549,54.538676607642124
paper_simulation_T1_C,80.43775649794802,54.520037278657966
paper_simulation_T1_C,81.25854993160054,54.50139794967381
paper_simulation_T1_C,82.07934336525308,54.520037278657966
paper_simulation_T1_C,82.9001367989056,54.48275862068965
paper_simulation_T1_C,83.72093023255815,54.48275862068965
paper_simulation_T1_C,84.54172366621067,54.50139794967381
paper_simulation_T1_C,85.3625170998632,54.4641192917055
paper_simulation_T1_C,86.18331053351574,54.48275862068965
paper_simulation_T1_C,87.00410396716826,54.4641192917055
paper_simulation_T1_C,87.82489740082079,54.4641192917055
paper_simulation_T1_C,88.64569083447333,54.426840633737186
paper_simulation_T1_C,89.46648426812585,54.426840633737186
paper_simulation_T1_C,90.28727770177838,54.426840633737186
paper_simulation_T1_C,91.10807113543092,54.40820130475303
paper_simulation_T1_C,91.92886456908344,54.38956197576887
paper_simulation_T1_C,92.74965800273598,54.37092264678471
paper_simulation_T1_C,93.57045143638851,54.38956197576887
paper_simulation_T1_C,94.39124487004104,54.37092264678471
paper_simulation_T1_C,95.21203830369357,54.333643988816405
paper_simulation_T1_C,96.0328317373461,54.333643988816405
paper_simulation_T1_C,96.85362517099863,54.333643988816405
paper_simulation_T1_C,97.67441860465117,54.31500465983225
paper_simulation_T1_C,98.49521203830369,54.29636533084809
paper_simulation_T1_C,99.31600547195623,54.31500465983225
paper_simulation_T1_C,100.13679890560876,54.31500465983225
paper_simulation_T1_C,100.95759233926128,54.27772600186393
paper_simulation_T1_C,101.77838577291382,54.259086672879775
paper_simulation_T1_C,102.59917920656635,54.259086672879775
paper_simulation_T1_C,103.41997264021887,54.259086672879775
paper_simulation_T1_C,104.24076607387141,54.259086672879775
paper_simulation_T1_C,105.06155950752394,54.22180801491146
paper_simulation_T1_C,105.88235294117646,54.22180801491146
paper_simulation_T1_C,106.703146374829,54.20316868592731
paper_simulation_T1_C,107.52393980848153,54.22180801491146
paper_simulation_T1_C,108.34473324213407,54.22180801491146
paper_simulation_T1_C,109.1655266757866,54.18452935694315
paper_simulation_T1_C,109.98632010943912,54.18452935694315
paper_simulation_T1_C,110.80711354309166,54.165890027958994
paper_simulation_T1_C,111.62790697674419,54.14725069897484
paper_simulation_T1_C,112.44870041039671,54.165890027958994
paper_simulation_T1_C,113.26949384404925,54.165890027958994
paper_simulation_T1_C,114.09028727770178,54.12861136999068
paper_simulation_T1_C,114.91108071135432,54.14725069897484
paper_simulation_T1_C,115.73187414500684,54.12861136999068
paper_simulation_T1_C,116.55266757865937,54.10997204100652
paper_simulation_T1_C,117.3734610123119,54.10997204100652
paper_simulation_T1_C,118.19425444596443,54.12861136999068
paper_simulation_T1_C,119.01504787961696,54.091332712022364
paper_simulation_T1_C,119.8358413132695,54.072693383038214
paper_simulation_T1_C,120.65663474692202,54.072693383038214
paper_simulation_T1_C,121.47742818057455,54.072693383038214
paper_simulation_T1_C,122.29822161422709,54.091332712022364
paper_simulation_T1_C,123.11901504787961,54.054054054054056
paper_simulation_T1_C,123.93980848153215,54.054054054054056
paper_simulation_T1_C,124.76060191518468,54.054054054054056
paper_simulation_T1_C,125.5813953488372,54.054054054054056
paper_simulation_T1_C,126.40218878248974,54.054054054054056
paper_simulation_T1_C,127.22298221614227,54.0354147250699
paper_simulation_T1_C,128.0437756497948,54.054054054054056
paper_simulation_T1_C,128.86456908344732,54.054054054054056
paper_simulation_T1_C,129.68536251709986,54.0354147250699
paper_simulation_T1_C,130.5061559507524,54.0354147250699
paper_simulation_T1_C,131.3269493844049,54.0354147250699
paper_simulation_T1_C,132.14774281805745,54.0354147250699
paper_simulation_T1_C,132.96853625171,54.0354147250699
paper_simulation_T1_C,133.7893296853625,54.01677539608574
paper_simulation_T1_C,134.61012311901504,54.01677539608574
paper_simulation_T1_C,135.43091655266758,54.01677539608574
paper_simulation_T1_C,136.25170998632012,53.99813606710158
paper_simulation_T1_C,137.07250341997263,53.99813606710158
paper_simulation_T1_C,137.89329685362517,53.99813606710158
paper_simulation_T1_C,138.7140902872777,53.979496738117426
paper_simulation_T1_C,139.53488372093022,53.979496738117426
paper_simulation_T1_C,140.35567715458276,53.979496738117426
paper_simulation_T1_C,141.1764705882353,53.99813606710158
paper_simulation_T1_C,141.99726402188782,54.01677539608574
paper_simulation_T1_C,142.81805745554036,53.979496738117426
paper_simulation_T1_C,143.6388508891929,53.99813606710158
paper_simulation_T1_C,144.4596443228454,53.99813606710158
paper_simulation_T1_C,145.28043775649795,53.979496738117426
paper_simulation_T1_C,146.1012311901505,53.96085740913327
paper_simulation_T1_C,146.922024623803,53.96085740913327
paper_simulation_T1_C,147.74281805745554,53.979496738117426
paper_simulation_T1_C,148.56361149110808,53.979496738117426
paper_simulation_T1_C,149.3844049247606,53.979496738117426
paper_simulation_T1_C,150.20519835841313,53.96085740913327
paper_simulation_T1_C,151.02599179206567,54.01677539608574
paper_simulation_T1_C,151.8467852257182,53.99813606710158
paper_simulation_T1_C,152.66757865937072,53.979496738117426
paper_simulation_T1_C,153.48837209302326,53.979496738117426
paper_simulation_T1_C,154.3091655266758,53.979496738117426
paper_simulation_T1_C,155.1299589603283,53.979496738117426
paper_simulation_T1_C,155.95075239398085,53.99813606710158
paper_simulation_T1_C,156.7715458276334,53.99813606710158
paper_simulation_T1_C,157.5923392612859,53.99813606710158
paper_simulation_T1_C,158.41313269493844,54.01677539608574
paper_simulation_T1_C,159.23392612859098,53.99813606710158
paper_simulation_T1_C,160.0547195622435,53.979496738117426
paper_simulation_T1_C,160.87551299589603,53.99813606710158
paper_simulation_T1_C,161.69630642954857,53.979496738117426
paper_simulation_T1_C,162.51709986320108,53.979496738117426
paper_simulation_T1_C,163.33789329685362,53.979496738117426
paper_simulation_T1_C,164.15868673050616,53.99813606710158
paper_simulation_T1_C,164.97948016415867,54.01677539608574
paper_simulation_T1_C,165.8002735978112,54.0354147250699
paper_simulation_T1_C,166.62106703146375,54.01677539608574
paper_simulation_T1_C,167.4418604651163,53.99813606710158
paper_simulation_T1_C,168.2626538987688,54.01677539608574
paper_simulation_T1_C,169.08344733242134,54.01677539608574
paper_simulation_T1_C,169.90424076607388,54.01677539608574
paper_simulation_T1_C,170.7250341997264,54.01677539608574
paper_simulation_T1_C,171.54582763337893,54.0354147250699
paper_simulation_T1_C,172.36662106703147,54.0354147250699
paper_simulation_T1_C,173.18741450068399,54.01677539608574
paper_simulation_T1_C,174.00820793433653,54.0354147250699
paper_simulation_T1_C,174.82900136798906,54.0354147250699
paper_simulation_T1_C,175.64979480164158,54.0354147250699
paper_simulation_T1_C,176.47058823529412,54.0354147250699
paper_simulation_T1_C,177.29138166894666,54.0354147250699
paper_simulation_T1_C,178.11217510259917,54.054054054054056
paper_simulation_T1_C,178.9329685362517,54.054054054054056
paper_simulation_T1_C,179.75376196990425,54.054054054054056
paper_simulation_T1_C,180.57455540355676,54.072693383038214
paper_simulation_T1_C,181.3953488372093,54.0354147250699
paper_simulation_T1_C,182.21614227086184,54.0354147250699
paper_simulation_T1_C,183.03693570451438,54.054054054054056
paper_simulation_T1_C,183.8577291381669,54.072693383038214
paper_simulation_T1_C,184.67852257181943,54.072693383038214
paper_simulation_T1_C,185.49931600547197,54.072693383038214
paper_simulation_T1_C,186.32010943912448,54.072693383038214
paper_simulation_T1_C,187.14090287277702,54.091332712022364
paper_simulation_T1_C,187.96169630642956,54.072693383038214
paper_simulation_T1_C,188.78248974008207,54.091332712022364
paper_simulation_T1_C,189.6032831737346,54.091332712022364
paper_simulation_T1_C,190.42407660738715,54.10997204100652
paper_simulation_T1_C,191.24487004103966,54.10997204100652
paper_simulation_T1_C,192.0656634746922,54.10997204100652
paper_simulation_T1_C,192.88645690834474,54.10997204100652
paper_simulation_T1_C,193.70725034199725,54.091332712022364
paper_simulation_T1_C,194.5280437756498,54.091332712022364
paper_simulation_T1_C,195.34883720930233,54.091332712022364
paper_simulation_T1_C,196.16963064295484,54.091332712022364
paper_simulation_T1_C,196.99042407660738,54.091332712022364
paper_simulation_T1_C,197.81121751025992,54.091332712022364
paper_simulation_T1_C,198.63201094391246,54.091332712022364
paper_simulation_T1_C,199.45280437756497,54.10997204100652
paper_simulation_T1_C,200.2735978112175,54.10997204100652
paper_simulation_T1_C,201.09439124487005,54.12861136999068
paper_simulation_T1_C,201.91518467852256,54.10997204100652
paper_simulation_T1_C,202.7359781121751,54.12861136999068
paper_simulation_T1_C,203.55677154582764,54.12861136999068
paper_simulation_T1_C,204.37756497948016,54.10997204100652
paper_simulation_T1_C,205.1983584131327,54.10997204100652
paper_simulation_T1_C,206.01915184678523,54.10997204100652
paper_simulation_T1_C,206.83994528043775,54.12861136999068
paper_simulation_T1_C,207.6607387140903,54.12861136999068
paper_simulation_T1_C,208.48153214774283,54.12861136999068
paper_simulation_T1_C,209.30232558139534,54.12861136999068
paper_simulation_T1_C,210.12311901504788,54.10997204100652
paper_simulation_T1_C,210.94391244870042,54.12861136999068
paper_simulation_T1_C,211.76470588235293,54.12861136999068
paper_simulation_T1_C,212.58549931600547,54.14725069897484
paper_simulation_T1_C,213.406292749658,54.165890027958994
paper_simulation_T1_C,214.22708618331055,54.14725069897484
paper_simulation_T1_C,215.04787961696306,54.14725069897484
paper_simulation_T1_C,215.8686730506156,54.165890027958994
paper_simulation_T1_C,216.68946648426814,54.165890027958994
paper_simulation_T1_C,217.51025991792065,54.14725069897484
paper_simulation_T1_C,218.3310533515732,54.14725069897484
paper_simulation_T1_C,219.15184678522573,54.14725069897484
paper_simulation_T1_C,219.97264021887824,54.14725069897484
paper_simulation_T1_C,220.79343365253078,54.12861136999068
paper_simulation_T1_C,221.61422708618332,54.12861136999068
paper_simulation_T1_C,222.43502051983583,54.165890027958994
paper_simulation_T1_C,223.25581395348837,54.12861136999068
paper_simulation_T1_C,224.0766073871409,54.10997204100652
paper_simulation_T1_C,224.89740082079342,54.14725069897484
paper_simulation_T1_C,225.71819425444596,54.14725069897484
paper_simulation_T1_C,226.5389876880985,54.165890027958994
paper_simulation_T1_C,227.359781121751,54.14725069897484
paper_simulation_T1_C,228.18057455540355,54.165890027958994
paper_simulation_T1_C,229.0013679890561,54.14725069897484
paper_simulation_T1_C,229.82216142270863,54.165890027958994
paper_simulation_T1_C,230.64295485636114,54.14725069897484
paper_simulation_T1_C,231.46374829001368,54.14725069897484
paper_simulation_T1_C,232.28454172366622,54.14725069897484
paper_simulation_T1_C,233.10533515731873,54.18452935694315
paper_simulation_T1_C,233.92612859097127,54.165890027958994
paper_simulation_T1_C,234.7469220246238,54.14725069897484
paper_simulation_T1_C,235.56771545827633,54.165890027958994
paper_simulation_T1_C,236.38850889192886,54.14725069897484
paper_simulation_T1_C,237.2093023255814,54.10997204100652
paper_simulation_T1_C,238.03009575923392,54.12861136999068
paper_simulation_T1_C,238.85088919288646,54.12861136999068
paper_simulation_T1_C,239.671682626539,54.14725069897484
paper_simulation_T1_C,240.4924760601915,54.165890027958994
paper_simulation_T1_C,241.31326949384405,54.12861136999068
paper_simulation_T1_C,242.1340629274966,54.12861136999068
paper_simulation_T1_C,242.9548563611491,54.12861136999068
paper_simulation_T1_C,243.77564979480164,54.14725069897484
paper_simulation_T1_C,244.59644322845418,54.12861136999068
paper_simulation_T1_C,245.41723666210672,54.12861136999068
paper_simulation_T1_C,246.23803009575923,54.12861136999068
paper_simulation_T1_C,247.05882352941177,54.12861136999068
paper_simulation_T1_C,247.8796169630643,54.12861136999068
paper_simulation_T1_C,248.70041039671682,54.12861136999068
paper_simulation_T1_C,249.52120383036936,54.12861136999068
paper_simulation_T1_C,250.3419972640219,54.12861136999068
paper_simulation_T1_C,251.1627906976744,54.12861136999068
paper_simulation_T1_C,251.98358413132695,54.12861136999068
paper_simulation_T1_C,252.8043775649795,54.12861136999068
paper_simulation_T1_C,253.625170998632,54.10997204100652
paper_simulation_T1_C,254.44596443228454,54.10997204100652
paper_simulation_T1_C,255.26675786593708,54.12861136999068
paper_simulation_T1_C,256.0875512995896,54.12861136999068
paper_simulation_T1_C,256.90834473324213,54.165890027958994
paper_simulation_T1_C,257.72913816689464,54.165890027958994
paper_simulation_T1_C,258.5499316005472,54.14725069897484
paper_simulation_T1_C,259.3707250341997,54.12861136999068
paper_simulation_T1_C,260.19151846785223,54.12861136999068
paper_simulation_T1_C,261.0123119015048,54.12861136999068
paper_simulation_T1_C,261.8331053351573,54.12861136999068
paper_simulation_T1_C,262.6538987688098,54.12861136999068
paper_simulation_T1_C,263.4746922024624,54.12861136999068
paper_simulation_T1_C,264.2954856361149,54.12861136999068
paper_simulation_T1_C,265.1162790697674,54.12861136999068
paper_simulation_T1_C,265.93707250342,54.10997204100652
paper_simulation_T1_C,266.7578659370725,54.14725069897484
paper_simulation_T1_C,267.578659370725,54.12861136999068
paper_simulation_T1_C,268.3994528043776,54.12861136999068
paper_simulation_T1_C,269.2202462380301,54.10997204100652
paper_simulation_T1_C,270.04103967168265,54.10997204100652
paper_simulation_T1_C,270.86183310533517,54.10997204100652
paper_simulation_T1_C,271.6826265389877,54.12861136999068
paper_simulation_T1_C,272.50341997264024,54.12861136999068
paper_simulation_T1_C,273.32421340629276,54.10997204100652
paper_simulation_T1_C,274.14500683994527,54.12861136999068
paper_simulation_T1_C,274.96580027359784,54.10997204100652
paper_simulation_T1_C,275.78659370725035,54.10997204100652
paper_simulation_T1_C,276.60738714090286,54.10997204100652
paper_simulation_T1_C,277.4281805745554,54.12861136999068
paper_simulation_T1_C,278.24897400820794,54.12861136999068
paper_simulation_T1_C,279.06976744186045,54.12861136999068
paper_simulation_T1_C,279.890560875513,54.12861136999068
paper_simulation_T1_C,280.71135430916553,54.10997204100652
paper_simulation_T1_C,281.53214774281804,54.091332712022364
paper_simulation_T1_C,282.3529411764706,54.10997204100652
paper_simulation_T1_C,283.1737346101231,54.10997204100652
paper_simulation_T1_C,283.99452804377563,54.12861136999068
paper_simulation_T1_C,284.8153214774282,54.091332712022364
paper_simulation_T1_C,285.6361149110807,54.091332712022364
paper_simulation_T1_C,286.4569083447332,54.10997204100652
paper_simulation_T1_C,287.2777017783858,54.091332712022364
paper_simulation_T1_C,288.0984952120383,54.12861136999068
paper_simulation_T1_C,288.9192886456908,54.10997204100652
paper_simulation_T1_C,289.7400820793434,54.091332712022364
paper_simulation_T1_C,290.5608755129959,54.091332712022364
paper_simulation_T1_C,291.3816689466484,54.10997204100652
paper_simulation_T1_C,292.202462380301,54.10997204100652
paper_simulation_T1_C,293.0232558139535,54.091332712022364
paper_simulation_T1_C,293.844049247606,54.10997204100652
paper_simulation_T1_C,294.66484268125856,54.12861136999068
paper_simulation_T1_C,295.4856361149111,54.10997204100652
paper_simulation_T1_C,296.3064295485636,54.091332712022364
paper_simulation_T1_C,297.12722298221615,54.10997204100652
paper_simulation_T1_C,297.94801641586866,54.12861136999068
paper_simulation_T1_C,298.7688098495212,54.12861136999068
paper_simulation_T1_C,299.58960328317374,54.10997204100652
paper_simulation_T1_C,300.41039671682626,54.12861136999068
paper_simulation_T1_C,301.2311901504788,54.12861136999068
paper_simulation_T1_C,302.05198358413134,54.12861136999068
paper_simulation_T1_C,302.87277701778385,54.14725069897484
paper_simulation_T1_C,303.6935704514364,54.10997204100652
paper_simulation_T1_C,304.5143638850889,54.12861136999068
paper_simulation_T1_C,305.33515731874144,54.12861136999068
paper_simulation_T1_C,306.155950752394,54.10997204100652
paper_simulation_T1_C,306.9767441860465,54.091332712022364
paper_simulation_T1_C,307.797537619699,54.091332712022364
paper_simulation_T1_C,308.6183310533516,54.091332712022364
paper_simulation_T1_C,309.4391244870041,54.091332712022364
paper_simulation_T1_C,310.2599179206566,54.091332712022364
paper_simulation_T1_C,311.0807113543092,54.072693383038214
paper_simulation_T1_C,311.9015047879617,54.072693383038214
paper_simulation_T1_C,312.7222982216142,54.091332712022364
paper_simulation_T1_C,313.5430916552668,54.10997204100652
paper_simulation_T1_C,314.3638850889193,54.091332712022364
paper_simulation_T1_C,315.1846785225718,54.10997204100652
paper_simulation_T1_C,316.00547195622437,54.091332712022364
paper_simulation_T1_C,316.8262653898769,54.12861136999068
paper_simulation_T1_C,317.6470588235294,54.091332712022364
paper_simulation_T1_C,318.46785225718196,54.10997204100652
paper_simulation_T1_C,319.28864569083447,54.091332712022364
paper_simulation_T1_C,320.109439124487,54.091332712022364
paper_simulation_T1_C,320.93023255813955,54.091332712022364
paper_simulation_T1_C,321.75102599179206,54.10997204100652
paper_simulation_T1_C,322.5718194254446,54.091332712022364
paper_simulation_T1_C,323.39261285909714,54.091332712022364
paper_simulation_T1_C,324.21340629274965,54.10997204100652
paper_simulation_T1_C,325.03419972640216,54.12861136999068
paper_simulation_T1_C,325.85499316005473,54.12861136999068
paper_simulation_T1_C,326.67578659370724,54.091332712022364
paper_simulation_T1_C,327.49658002735976,54.091332712022364
paper_simulation_T1_C,328.3173734610123,54.10997204100652
paper_simulation_T1_C,329.13816689466483,54.091332712022364
paper_simulation_T1_C,329.95896032831735,54.091332712022364
paper_simulation_T1_C,330.7797537619699,54.091332712022364
paper_simulation_T1_C,331.6005471956224,54.091332712022364
paper_simulation_T1_C,332.421340629275,54.091332712022364
paper_simulation_T1_C,333.2421340629275,54.091332712022364
paper_simulation_T1_C,334.06292749658,54.091332712022364
paper_simulation_T1_C,334.8837209302326,54.091332712022364
paper_simulation_T1_C,335.7045143638851,54.12861136999068
paper_simulation_T1_C,336.5253077975376,54.10997204100652
paper_simulation_T1_C,337.3461012311902,54.10997204100652
paper_simulation_T1_C,338.1668946648427,54.10997204100652
paper_simulation_T1_C,338.9876880984952,54.10997204100652
paper_simulation_T1_C,339.80848153214777,54.091332712022364
paper_simulation_T1_C,340.6292749658003,54.091332712022364
paper_simulation_T1_C,341.4500683994528,54.091332712022364
paper_simulation_T1_C,342.27086183310536,54.10997204100652
paper_simulation_T1_C,343.09165526675787,54.10997204100652
paper_simulation_T1_C,343.9124487004104,54.10997204100652
paper_simulation_T1_C,344.73324213406295,54.10997204100652
paper_simulation_T1_C,345.55403556771546,54.091332712022364
paper_simulation_T1_C,346.37482900136797,54.091332712022364
paper_simulation_T1_C,347.19562243502054,54.091332712022364
paper_simulation_T1_C,348.01641586867305,54.12861136999068
paper_simulation_T1_C,348.83720930232556,54.12861136999068
paper_simulation_T1_C,349.65800273597813,54.14725069897484
paper_simulation_T1_C,350.47879616963064,54.12861136999068
paper_simulation_T1_C,351.29958960328315,54.10997204100652
paper_simulation_T1_C,352.1203830369357,54.14725069897484
paper_simulation_T1_C,352.94117647058823,54.12861136999068
paper_simulation_T1_C,353.76196990424074,54.12861136999068
paper_simulation_T1_C,354.5827633378933,54.10997204100652
paper_simulation_T1_C,355.4035567715458,54.10997204100652
paper_simulation_T1_C,356.22435020519833,54.091332712022364
paper_simulation_T1_C,357.0451436388509,54.12861136999068
paper_simulation_T1_C,357.8659370725034,54.12861136999068
paper_simulation_T1_C,358.6867305061559,54.12861136999068
paper_simulation_T1_C,359.5075239398085,54.12861136999068
paper_simulation_T1_C,360.328317373461,54.091332712022364
paper_simulation_T1_C,361.1491108071135,54.072693383038214
paper_simulation_T1_C,361.9699042407661,54.10997204100652
paper_simulation_T1_C,362.7906976744186,54.10997204100652
paper_simulation_T1_C,363.61149110807116,54.10997204100652
paper_simulation_T1_C,364.4322845417237,54.10997204100652
paper_simulation_T1_C,365.2530779753762,54.10997204100652
paper_simulation_T1_C,366.07387140902875,54.10997204100652
paper_simulation_T1_C,366.89466484268127,54.10997204100652
paper_simulation_T1_C,367.7154582763338,54.10997204100652
paper_simulation_T1_C,368.53625170998635,54.10997204100652
paper_simulation_T1_C,369.35704514363886,54.10997204100652
paper_simulation_T1_C,370.17783857729137,54.12861136999068
paper_simulation_T1_C,370.99863201094394,54.12861136999068
paper_simulation_T1_C,371.81942544459645,54.10997204100652
paper_simulation_T1_C,372.64021887824896,54.12861136999068
paper_simulation_T1_C,373.4610123119015,54.12861136999068
paper_simulation_T1_C,374.28180574555404,54.12861136999068
paper_simulation_T1_C,375.10259917920655,54.10997204100652
paper_simulation_T1_C,375.9233926128591,54.10997204100652
paper_simulation_T1_C,376.74418604651163,54.10997204100652
paper_simulation_T1_C,377.56497948016414,54.12861136999068
paper_simulation_T1_C,378.3857729138167,54.12861136999068
paper_simulation_T1_C,379.2065663474692,54.10997204100652
paper_simulation_T1_C,380.02735978112173,54.10997204100652
paper_simulation_T1_C,380.8481532147743,54.10997204100652
paper_simulation_T1_C,381.6689466484268,54.12861136999068
paper_simulation_T1_C,382.4897400820793,54.12861136999068
paper_simulation_T1_C,383.3105335157319,54.12861136999068
paper_simulation_T1_C,384.1313269493844,54.12861136999068
paper_simulation_T1_C,384.9521203830369,54.12861136999068
paper_simulation_T1_C,385.7729138166895,54.12861136999068
paper_simulation_T1_C,386.593707250342,54.12861136999068
paper_simulation_T1_C,387.4145006839945,54.12861136999068
paper_simulation_T1_C,388.2352941176471,54.10997204100652
paper_simulation_T1_C,389.0560875512996,54.10997204100652
paper_simulation_T1_C,389.8768809849521,54.10997204100652
paper_simulation_T1_C,390.69767441860466,54.10997204100652
paper_simulation_T1_C,391.5184678522572,54.12861136999068
paper_simulation_T1_C,392.3392612859097,54.12861136999068
paper_simulation_T1_C,393.16005471956225,54.12861136999068
paper_simulation_T1_C,393.98084815321477,54.12861136999068
paper_simulation_T1_C,394.80164158686733,54.10997204100652
paper_simulation_T1_C,395.62243502051984,54.10997204100652
paper_simulation_T1_C,396.44322845417236,54.10997204100652
paper_simulation_T1_C,397.2640218878249,54.10997204100652
paper_simulation_T1_C,398.08481532147744,54.12861136999068
paper_simulation_T1_C,398.90560875512995,54.12861136999068
paper_simulation_T1_C,399.7264021887825,54.12861136999068
paper_simulation_T1_C,400.547195622435,54.12861136999068
paper_simulation_T1_C,401.36798905608754,54.12861136999068
paper_simulation_T1_C,402.1887824897401,54.12861136999068
paper_simulation_T1_C,403.0095759233926,54.12861136999068
paper_simulation_T1_C,403.83036935704513,54.10997204100652
paper_simulation_T1_C,404.6511627906977,54.10997204100652
paper_simulation_T1_C,405.4719562243502,54.10997204100652
paper_simulation_T1_C,406.2927496580027,54.10997204100652
paper_simulation_T1_C,407.1135430916553,54.10997204100652
paper_simulation_T1_C,407.9343365253078,54.10997204100652
paper_simulation_T1_C,408.7551299589603,54.10997204100652
paper_simulation_T1_C,409.5759233926129,54.10997204100652
paper_simulation_T1_C,410.3967168262654,54.10997204100652
paper_simulation_T1_C,411.2175102599179,54.10997204100652
paper_simulation_T1_C,412.03830369357047,54.10997204100652
paper_simulation_T1_C,412.859097127223,54.10997204100652
paper_simulation_T1_C,413.6798905608755,54.10997204100652
paper_simulation_T1_C,414.50068399452806,54.10997204100652
paper_simulation_T1_C,415.3214774281806,54.10997204100652
paper_simulation_T1_C,416.1422708618331,54.10997204100652
paper_simulation_T1_C,416.96306429548565,54.10997204100652
paper_simulation_T1_C,417.78385772913816,54.10997204100652
paper_simulation_T1_C,418.6046511627907,54.10997204100652
paper_simulation_T1_C,419.42544459644324,54.12861136999068
paper_simulation_T1_C,420.24623803009575,54.12861136999068
paper_simulation_T1_C,421.06703146374826,54.12861136999068
paper_simulation_T1_C,421.88782489740083,54.12861136999068
paper_simulation_T1_C,422.70861833105334,54.10997204100652
paper_simulation_T1_C,423.52941176470586,54.10997204100652
paper_simulation_T1_C,424.3502051983584,54.091332712022364
paper_simulation_T1_C,425.17099863201094,54.10997204100652
paper_simulation_T1_C,425.99179206566345,54.10997204100652
paper_simulation_T1_C,426.812585499316,54.10997204100652
paper_simulation_T1_C,427.6333789329685,54.10997204100652
paper_simulation_T1_C,428.4541723666211,54.10997204100652
paper_simulation_T1_C,429.2749658002736,54.10997204100652
paper_simulation_T1_C,430.0957592339261,54.091332712022364
paper_simulation_T1_C,430.9165526675787,54.12861136999068
paper_simulation_T1_C,431.7373461012312,54.12861136999068
paper_simulation_T1_C,432.5581395348837,54.10997204100652
paper_simulation_T1_C,433.3789329685363,54.10997204100652
paper_simulation_T1_C,434.1997264021888,54.091332712022364
paper_simulation_T1_C,435.0205198358413,54.091332712022364
paper_simulation_T1_C,435.84131326949387,54.091332712022364
paper_simulation_T1_C,436.6621067031464,54.12861136999068
paper_simulation_T1_C,437.4829001367989,54.10997204100652
paper_simulation_T1_C,438.30369357045146,54.12861136999068
paper_simulation_T1_C,439.12448700410397,54.14725069897484
paper_simulation_T1_C,439.9452804377565,54.10997204100652
paper_simulation_T1_C,440.76607387140905,54.10997204100652
paper_simulation_T1_C,441.58686730506156,54.10997204100652
paper_simulation_T1_C,442.40766073871407,54.10997204100652
paper_simulation_T1_C,443.22845417236664,54.091332712022364
paper_simulation_T1_C,444.04924760601915,54.091332712022364
paper_simulation_T1_C,444.87004103967166,54.091332712022364
paper_simulation_T1_C,445.69083447332423,54.10997204100652
paper_simulation_T1_C,446.51162790697674,54.10997204100652
paper_simulation_T1_C,447.33242134062925,54.091332712022364
paper_simulation_T1_C,448.1532147742818,54.10997204100652
paper_simulation_T1_C,448.97400820793433,54.10997204100652
paper_simulation_T1_C,449.79480164158684,54.10997204100652
paper_simulation_T1_C,450.6155950752394,54.10997204100652
paper_simulation_T1_C,451.4363885088919,54.12861136999068
paper_simulation_T1_C,452.25718194254443,54.10997204100652
paper_simulation_T1_C,453.077975376197,54.091332712022364
paper_simulation_T1_C,453.8987688098495,54.091332712022364
paper_simulation_T1_C,454.719562243502,54.091332712022364
paper_simulation_T1_C,455.5403556771546,54.072693383038214
paper_simulation_T1_C,456.3611491108071,54.091332712022364
paper_simulation_T1_C,457.1819425444596,54.10997204100652
paper_simulation_T1_C,458.0027359781122,54.10997204100652
paper_simulation_T1_C,458.8235294117647,54.10997204100652
paper_simulation_T1_C,459.64432284541726,54.091332712022364
paper_simulation_T1_C,460.4651162790698,54.072693383038214
paper_simulation_T1_C,461.2859097127223,54.091332712022364
paper_simulation_T1_C,462.10670314637485,54.091332712022364
paper_simulation_T1_C,462.92749658002737,54.091332712022364
paper_simulation_T1_C,463.7482900136799,54.091332712022364
paper_simulation_T1_C,464.56908344733245,54.091332712022364
paper_simulation_T1_C,465.38987688098496,54.10997204100652
paper_simulation_T1_C,466.21067031463747,54.10997204100652
paper_simulation_T1_C,467.03146374829004,54.10997204100652
paper_simulation_T1_C,467.85225718194255,54.10997204100652
paper_simulation_T1_C,468.67305061559506,54.10997204100652
paper_simulation_T1_C,469.4938440492476,54.12861136999068
paper_simulation_T1_C,470.31463748290014,54.10997204100652
paper_simulation_T1_C,471.13543091655265,54.10997204100652
paper_simulation_T1_C,471.9562243502052,54.10997204100652
paper_simulation_T1_C,472.77701778385773,54.10997204100652
paper_simulation_T1_C,473.59781121751024,54.10997204100652
paper_simulation_T1_C,474.4186046511628,54.10997204100652
paper_simulation_T1_C,475.2393980848153,54.10997204100652
paper_simulation_T1_C,476.06019151846783,54.091332712022364
paper_simulation_T1_C,476.8809849521204,54.091332712022364
paper_simulation_T1_C,477.7017783857729,54.10997204100652
paper_simulation_T1_C,478.5225718194254,54.12861136999068
paper_simulation_T1_C,479.343365253078,54.12861136999068
paper_simulation_T1_C,480.1641586867305,54.10997204100652
paper_simulation_T1_C,480.984952120383,54.10997204100652
paper_simulation_T1_C,481.8057455540356,54.091332712022364
paper_simulation_T1_C,482.6265389876881,54.072693383038214
paper_simulation_T1_C,483.4473324213406,54.10997204100652
paper_simulation_T1_C,484.2681258549932,54.10997204100652
paper_simulation_T1_C,485.0889192886457,54.10997204100652
paper_simulation_T1_C,485.9097127222982,54.10997204100652
paper_simulation_T1_C,486.73050615595076,54.10997204100652
paper_simulation_T1_C,487.5512995896033,54.10997204100652
paper_simulation_T1_C,488.3720930232558,54.10997204100652
paper_simulation_T1_C,489.19288645690835,54.10997204100652
paper_simulation_T1_C,490.01367989056087,54.091332712022364
paper_simulation_T1_C,490.83447332421343,54.10997204100652
paper_simulation_T1_C,491.65526675786595,54.12861136999068
paper_simulation_T1_C,492.47606019151846,54.12861136999068
paper_simulation_T1_C,493.296853625171,54.10997204100652
paper_simulation_T1_C,494.11764705882354,54.091332712022364
paper_simulation_T1_C,494.93844049247605,54.10997204100652
paper_simulation_T1_C,495.7592339261286,54.12861136999068
paper_simulation_T1_C,496.5800273597811,54.10997204100652
paper_simulation_T1_C,497.40082079343364,54.10997204100652
paper_simulation_T1_C,498.2216142270862,54.12861136999068
paper_simulation_T1_C,499.0424076607387,54.12861136999068
paper_simulation_T1_C,499.86320109439123,54.12861136999068
paper_simulation_T1_C,500.6839945280438,54.10997204100652
paper_simulation_T1_C,501.5047879616963,54.10997204100652
paper_simulation_T1_C,502.3255813953488,54.10997204100652
paper_simulation_T1_C,503.1463748290014,54.12861136999068
paper_simulation_T1_C,503.9671682626539,54.10997204100652
paper_simulation_T1_C,504.7879616963064,54.10997204100652
paper_simulation_T1_C,505.608755129959,54.091332712022364
paper_simulation_T1_C,506.4295485636115,54.091332712022364
paper_simulation_T1_C,507.250341997264,54.091332712022364
paper_simulation_T1_C,508.07113543091657,54.091332712022364
paper_simulation_T1_C,508.8919288645691,54.091332712022364
paper_simulation_T1_C,509.7127222982216,54.10997204100652
paper_simulation_T1_C,510.53351573187416,54.10997204100652
paper_simulation_T1_C,511.3543091655267,54.10997204100652
paper_simulation_T1_C,512.1751025991792,54.10997204100652
paper_simulation_T1_C,512.9958960328318,54.10997204100652
paper_simulation_T1_C,513.8166894664843,54.10997204100652
paper_simulation_T1_C,514.6374829001368,54.10997204100652
paper_simulation_T1_C,515.4582763337893,54.10997204100652
paper_simulation_T1_C,516.2790697674419,54.091332712022364
paper_simulation_T1_C,517.0998632010944,54.10997204100652
paper_simulation_T1_C,517.9206566347469,54.12861136999068
paper_simulation_T1_C,518.7414500683994,54.12861136999068
paper_simulation_T1_C,519.562243502052,54.10997204100652
paper_simulation_T1_C,520.3830369357045,54.10997204100652
paper_simulation_T1_C,521.2038303693571,54.12861136999068
paper_simulation_T1_C,522.0246238030096,54.10997204100652
paper_simulation_T1_C,522.8454172366621,54.12861136999068
paper_simulation_T1_C,523.6662106703146,54.12861136999068
paper_simulation_T1_C,524.4870041039671,54.12861136999068
paper_simulation_T1_C,525.3077975376196,54.12861136999068
paper_simulation_T1_C,526.1285909712723,54.12861136999068
paper_simulation_T1_C,526.9493844049248,54.14725069897484
paper_simulation_T1_C,527.7701778385773,54.14725069897484
paper_simulation_T1_C,528.5909712722298,54.14725069897484
paper_simulation_T1_C,529.4117647058823,54.12861136999068
paper_simulation_T1_C,530.2325581395348,54.10997204100652
paper_simulation_T1_C,531.0533515731875,54.091332712022364
paper_simulation_T1_C,531.87414500684,54.10997204100652
paper_simulation_T1_C,532.6949384404925,54.10997204100652
paper_simulation_T1_C,533.515731874145,54.10997204100652
paper_simulation_T1_C,534.3365253077975,54.10997204100652
paper_simulation_T1_C,535.15731874145,54.10997204100652
paper_simulation_T1_C,535.9781121751026,54.10997204100652
paper_simulation_T1_C,536.7989056087551,54.10997204100652
paper_simulation_T1_C,537.6196990424077,54.10997204100652
paper_simulation_T1_C,538.4404924760602,54.10997204100652
paper_simulation_T1_C,539.2612859097127,54.12861136999068
paper_simulation_T1_C,540.0820793433653,54.12861136999068
paper_simulation_T1_C,540.9028727770178,54.12861136999068
paper_simulation_T1_C,541.7236662106703,54.12861136999068
paper_simulation_T1_C,542.5444596443228,54.12861136999068
paper_simulation_T1_C,543.3652530779754,54.12861136999068
paper_simulation_T1_C,544.1860465116279,54.14725069897484
paper_simulation_T1_C,545.0068399452805,54.12861136999068
paper_simulation_T1_C,545.827633378933,54.10997204100652
paper_simulation_T1_C,546.6484268125855,54.10997204100652
paper_simulation_T1_C,547.469220246238,54.10997204100652
paper_simulation_T1_C,548.2900136798905,54.10997204100652
paper_simulation_T1_C,549.110807113543,54.10997204100652
paper_simulation_T1_C,549.9316005471957,54.10997204100652
paper_simulation_T1_C,550.7523939808482,54.10997204100652
paper_simulation_T1_C,551.5731874145007,54.10997204100652
paper_simulation_T1_C,552.3939808481532,54.10997204100652
paper_simulation_T1_C,553.2147742818057,54.10997204100652
paper_simulation_T1_C,554.0355677154582,54.12861136999068
paper_simulation_T1_C,554.8563611491109,54.12861136999068
paper_simulation_T1_C,555.6771545827634,54.10997204100652
paper_simulation_T1_C,556.4979480164159,54.091332712022364
paper_simulation_T1_C,557.3187414500684,54.091332712022364
paper_simulation_T1_C,558.1395348837209,54.091332712022364
paper_simulation_T1_C,558.9603283173734,54.091332712022364
paper_simulation_T1_C,559.781121751026,54.10997204100652
paper_simulation_T1_C,560.6019151846785,54.10997204100652
paper_simulation_T1_C,561.4227086183311,54.091332712022364
paper_simulation_T1_C,562.2435020519836,54.091332712022364
paper_simulation_T1_C,563.0642954856361,54.10997204100652
paper_simulation_T1_C,563.8850889192886,54.12861136999068
paper_simulation_T1_C,564.7058823529412,54.091332712022364
paper_simulation_T1_C,565.5266757865937,54.091332712022364
paper_simulation_T1_C,566.3474692202462,54.10997204100652
paper_simulation_T1_C,567.1682626538988,54.091332712022364
paper_simulation_T1_C,567.9890560875513,54.10997204100652
paper_simulation_T1_C,568.8098495212039,54.10997204100652
paper_simulation_T1_C,569.6306429548564,54.10997204100652
paper_simulation_T1_C,570.4514363885089,54.091332712022364
paper_simulation_T1_C,571.2722298221614,54.10997204100652
paper_simulation_T1_C,572.0930232558139,54.10997204100652
paper_simulation_T1_C,572.9138166894664,54.12861136999068
paper_simulation_T1_C,573.7346101231191,54.12861136999068
paper_simulation_T1_C,574.5554035567716,54.12861136999068
paper_simulation_T1_C,575.3761969904241,54.12861136999068
paper_simulation_T1_C,576.1969904240766,54.12861136999068
paper_simulation_T1_C,577.0177838577291,54.10997204100652
paper_simulation_T1_C,577.8385772913816,54.091332712022364
paper_simulation_T1_C,578.6593707250343,54.10997204100652
paper_simulation_T1_C,579.4801641586868,54.12861136999068
paper_simulation_T1_C,580.3009575923393,54.12861136999068
paper_simulation_T1_C,581.1217510259918,54.12861136999068
paper_simulation_T1_C,581.9425444596443,54.10997204100652
paper_simulation_T1_C,582.7633378932968,54.10997204100652
paper_simulation_T1_C,583.5841313269494,54.12861136999068
paper_simulation_T1_C,584.404924760602,54.12861136999068
paper_simulation_T1_C,585.2257181942545,54.12861136999068
paper_simulation_T1_C,586.046511627907,54.10997204100652
paper_simulation_T1_C,586.8673050615595,54.12861136999068
paper_simulation_T1_C,587.688098495212,54.10997204100652
paper_simulation_T1_C,588.5088919288646,54.072693383038214
paper_simulation_T1_C,589.3296853625171,54.10997204100652
paper_simulation_T1_C,590.1504787961696,54.10997204100652
paper_simulation_T1_C,590.9712722298221,54.10997204100652
paper_simulation_T1_C,591.7920656634747,54.10997204100652
paper_simulation_T1_C,592.6128590971272,54.12861136999068
paper_simulation_T1_C,593.4336525307798,54.12861136999068
paper_simulation_T1_C,594.2544459644323,54.10997204100652
paper_simulation_T1_C,595.0752393980848,54.091332712022364
paper_simulation_T1_C,595.8960328317373,54.091332712022364
paper_simulation_T1_C,596.7168262653898,54.091332712022364
paper_simulation_T1_C,597.5376196990424,54.091332712022364
paper_simulation_T1_C,598.358413132695,54.10997204100652
paper_simulation_T1_C,599.1792065663475,54.10997204100652
paper_simulation_T1_C,600.0,54.10997204100652
paper_simulation_T1_C,600.8207934336525,54.10997204100652
paper_simulation_T1_C,601.641586867305,54.10997204100652
paper_simulation_T1_C,602.4623803009576,54.10997204100652
paper_simulation_T1_C,603.2831737346102,54.10997204100652
paper_simulation_T1_C,604.1039671682627,54.10997204100652
paper_simulation_T1_C,604.9247606019152,54.10997204100652
paper_simulation_T1_C,605.7455540355677,54.10997204100652
paper_simulation_T1_C,606.5663474692202,54.10997204100652
paper_simulation_T1_C,607.3871409028728,54.10997204100652
paper_simulation_T1_C,608.2079343365253,54.10997204100652
paper_simulation_T1_C,609.0287277701779,54.10997204100652
paper_simulation_T1_C,609.8495212038304,54.12861136999068
paper_simulation_T1_C,610.6703146374829,54.10997204100652
paper_simulation_T1_C,611.4911080711354,54.10997204100652
paper_simulation_T1_C,612.311901504788,54.12861136999068
paper_simulation_T1_C,613.1326949384405,54.10997204100652
paper_simulation_T1_C,613.953488372093,54.10997204100652
paper_simulation_T1_C,614.7742818057455,54.10997204100652
paper_simulation_T1_C,615.595075239398,54.12861136999068
paper_simulation_T1_C,616.4158686730506,54.10997204100652
paper_simulation_T1_C,617.2366621067032,54.10997204100652
paper_simulation_T1_C,618.0574555403557,54.10997204100652
paper_simulation_T1_C,618.8782489740082,54.10997204100652
paper_simulation_T1_C,619.6990424076607,54.10997204100652
paper_simulation_T1_C,620.5198358413132,54.12861136999068
paper_simulation_T1_C,621.3406292749657,54.10997204100652
paper_simulation_T1_C,622.1614227086184,54.10997204100652
paper_simulation_T1_C,622.9822161422709,54.10997204100652
paper_simulation_T1_C,623.8030095759234,54.10997204100652
paper_simulation_T1_C,624.6238030095759,54.10997204100652
paper_simulation_T1_C,625.4445964432284,54.10997204100652
paper_simulation_T1_C,626.2653898768809,54.10997204100652
paper_simulation_T1_C,627.0861833105336,54.12861136999068
paper_simulation_T1_C,627.9069767441861,54.10997204100652
paper_simulation_T1_C,628.7277701778386,54.12861136999068
paper_simulation_T1_C,629.5485636114911,54.10997204100652
paper_simulation_T1_C,630.3693570451436,54.10997204100652
paper_simulation_T1_C,631.1901504787961,54.10997204100652
paper_simulation_T1_C,632.0109439124487,54.10997204100652
paper_simulation_T1_C,632.8317373461012,54.10997204100652
paper_simulation_T1_C,633.6525307797538,54.10997204100652
paper_simulation_T1_C,634.4733242134063,54.12861136999068
paper_simulation_T1_C,635.2941176470588,54.12861136999068
paper_simulation_T1_C,636.1149110807114,54.10997204100652
paper_simulation_T1_C,636.9357045143639,54.10997204100652
paper_simulation_T1_C,637.7564979480164,54.10997204100652
paper_simulation_T1_C,638.5772913816689,54.091332712022364
paper_simulation_T1_C,639.3980848153215,54.091332712022364
paper_simulation_T1_C,640.218878248974,54.091332712022364
paper_simulation_T1_C,641.0396716826266,54.091332712022364
paper_simulation_T1_C,641.8604651162791,54.091332712022364
paper_simulation_T1_C,642.6812585499316,54.072693383038214
paper_simulation_T1_C,643.5020519835841,54.10997204100652
paper_simulation_T1_C,644.3228454172366,54.091332712022364
paper_simulation_T1_C,645.1436388508891,54.091332712022364
paper_simulation_T1_C,645.9644322845418,54.12861136999068
paper_simulation_T1_C,646.7852257181943,54.12861136999068
paper_simulation_T1_C,647.6060191518468,54.12861136999068
paper_simulation_T1_C,648.4268125854993,54.12861136999068
paper_simulation_T1_C,649.2476060191518,54.10997204100652
paper_simulation_T1_C,650.0683994528043,54.10997204100652
paper_simulation_T1_C,650.889192886457,54.10997204100652
paper_simulation_T1_C,651.7099863201095,54.091332712022364
paper_simulation_T1_C,652.530779753762,54.072693383038214
paper_simulation_T1_C,653.3515731874145,54.091332712022364
paper_simulation_T1_C,654.172366621067,54.091332712022364
paper_simulation_T1_C,654.9931600547195,54.10997204100652
paper_simulation_T1_C,655.8139534883721,54.10997204100652
paper_simulation_T1_C,656.6347469220246,54.10997204100652
paper_simulation_T1_C,657.4555403556772,54.10997204100652
paper_simulation_T1_C,658.2763337893297,54.10997204100652
paper_simulation_T1_C,659.0971272229822,54.10997204100652
paper_simulation_T1_C,659.9179206566347,54.10997204100652
paper_simulation_T1_C,660.7387140902873,54.12861136999068
paper_simulation_T1_C,661.5595075239398,54.091332712022364
paper_simulation_T1_C,662.3803009575923,54.10997204100652
paper_simulation_T1_C,663.2010943912449,54.10997204100652
paper_simulation_T1_C,664.0218878248974,54.10997204100652
paper_simulation_T1_C,664.84268125855,54.091332712022364
paper_simulation_T1_C,665.6634746922025,54.091332712022364
paper_simulation_T1_C,666.484268125855,54.10997204100652
paper_simulation_T1_C,667.3050615595075,54.10997204100652
paper_simulation_T1_C,668.12585499316,54.10997204100652
paper_simulation_T1_C,668.9466484268125,54.091332712022364
paper_simulation_T1_C,669.7674418604652,54.091332712022364
paper_simulation_T1_C,670.5882352941177,54.091332712022364
paper_simulation_T1_C,671.4090287277702,54.091332712022364
paper_simulation_T1_C,672.2298221614227,54.091332712022364
paper_simulation_T1_C,673.0506155950752,54.12861136999068
paper_simulation_T1_C,673.8714090287277,54.091332712022364
paper_simulation_T1_C,674.6922024623804,54.10997204100652
paper_simulation_T1_C,675.5129958960329,54.12861136999068
paper_simulation_T1_C,676.3337893296854,54.12861136999068
paper_simulation_T1_C,677.1545827633379,54.12861136999068
paper_simulation_T1_C,677.9753761969904,54.10997204100652
paper_simulation_T1_C,678.7961696306429,54.10997204100652
paper_simulation_T1_C,679.6169630642955,54.10997204100652
paper_simulation_T1_C,680.437756497948,54.10997204100652
paper_simulation_T1_C,681.2585499316006,54.10997204100652
paper_simulation_T1_C,682.0793433652531,54.12861136999068
paper_simulation_T1_C,682.9001367989056,54.12861136999068
paper_simulation_T1_C,683.7209302325581,54.10997204100652
paper_simulation_T1_C,684.5417236662107,54.10997204100652
paper_simulation_T1_C,685.3625170998632,54.10997204100652
paper_simulation_T1_C,686.1833105335157,54.12861136999068
paper_simulation_T1_C,687.0041039671682,54.10997204100652
paper_simulation_T1_C,687.8248974008208,54.12861136999068
paper_simulation_T1_C,688.6456908344733,54.12861136999068
paper_simulation_T1_C,689.4664842681259,54.10997204100652
paper_simulation_T1_C,690.2872777017784,54.10997204100652
paper_simulation_T1_C,691.1080711354309,54.10997204100652
paper_simulation_T1_C,691.9288645690834,54.10997204100652
paper_simulation_T1_C,692.7496580027359,54.10997204100652
paper_simulation_T1_C,693.5704514363885,54.12861136999068
paper_simulation_T1_C,694.3912448700411,54.10997204100652
paper_simulation_T1_C,695.2120383036936,54.10997204100652
paper_simulation_T1_C,696.0328317373461,54.10997204100652
paper_simulation_T1_C,696.8536251709986,54.12861136999068
paper_simulation_T1_C,697.6744186046511,54.12861136999068
paper_simulation_T1_C,698.4952120383037,54.12861136999068
paper_simulation_T1_C,699.3160054719563,54.12861136999068
paper_simulation_T1_C,700.1367989056088,54.10997204100652
paper_simulation_T1_C,700.9575923392613,54.14725069897484
paper_simulation_T1_C,701.7783857729138,54.12861136999068
paper_simulation_T1_C,702.5991792065663,54.12861136999068
paper_simulation_T1_C,703.4199726402189,54.10997204100652
paper_simulation_T1_C,704.2407660738714,54.12861136999068
paper_simulation_T1_C,705.061559507524,54.10997204100652
paper_simulation_T1_C,705.8823529411765,54.12861136999068
paper_simulation_T1_C,706.703146374829,54.14725069897484
paper_simulation_T1_C,707.5239398084815,54.14725069897484
paper_simulation_T1_C,708.3447332421341,54.14725069897484
paper_simulation_T1_C,709.1655266757866,54.14725069897484
paper_simulation_T1_C,709.9863201094391,54.14725069897484
paper_simulation_T1_C,710.8071135430916,54.12861136999068
paper_simulation_T1_C,711.6279069767442,54.12861136999068
paper_simulation_T1_C,712.4487004103967,54.12861136999068
paper_simulation_T1_C,713.2694938440493,54.12861136999068
paper_simulation_T1_C,714.0902872777018,54.12861136999068
paper_simulation_T1_C,714.9110807113543,54.12861136999068
paper_simulation_T1_C,715.7318741450068,54.12861136999068
paper_simulation_T1_C,716.5526675786593,54.12861136999068
paper_simulation_T1_C,717.3734610123119,54.10997204100652
paper_simulation_T1_C,718.1942544459645,54.12861136999068
paper_simulation_T1_C,719.015047879617,54.091332712022364
paper_simulation_T1_C,719.8358413132695,54.10997204100652
paper_simulation_T1_C,720.656634746922,54.10997204100652
paper_simulation_T1_C,721.4774281805745,54.10997204100652
paper_simulation_T1_C,722.298221614227,54.12861136999068
paper_simulation_T1_C,723.1190150478797,54.12861136999068
paper_simulation_T1_C,723.9398084815322,54.12861136999068
paper_simulation_T1_C,724.7606019151847,54.10997204100652
paper_simulation_T1_C,725.5813953488372,54.10997204100652
paper_simulation_T1_C,726.4021887824897,54.10997204100652
paper_simulation_T1_C,727.2229822161423,54.10997204100652
paper_simulation_T1_C,728.0437756497948,54.10997204100652
paper_simulation_T1_C,728.8645690834473,54.10997204100652
paper_simulation_T1_C,729.6853625170999,54.10997204100652
paper_simulation_T1_C,730.5061559507524,54.10997204100652
paper_simulation_T1_C,731.3269493844049,54.10997204100652
paper_simulation_T1_C,732.1477428180575,54.10997204100652
paper_simulation_T1_C,732.96853625171,54.10997204100652
paper_simulation_T1_C,733.7893296853625,54.10997204100652
paper_simulation_T1_C,734.610123119015,54.10997204100652
paper_simulation_T1_C,735.4309165526676,54.091332712022364
paper_simulation_T1_C,736.2517099863201,54.091332712022364
paper_simulation_T1_C,737.0725034199727,54.10997204100652
paper_simulation_T1_C,737.8932968536252,54.10997204100652
paper_simulation_T1_C,738.7140902872777,54.12861136999068
paper_simulation_T1_C,739.5348837209302,54.10997204100652
paper_simulation_T1_C,740.3556771545827,54.10997204100652
paper_simulation_T1_C,741.1764705882352,54.091332712022364
paper_simulation_T1_C,741.9972640218879,54.091332712022364
paper_simulation_T1_C,742.8180574555404,54.091332712022364
paper_simulation_T1_C,743.6388508891929,54.10997204100652
paper_simulation_T1_C,744.4596443228454,54.10997204100652
paper_simulation_T1_C,745.2804377564979,54.091332712022364
paper_simulation_T1_C,746.1012311901504,54.10997204100652
paper_simulation_T1_C,746.922024623803,54.10997204100652
paper_simulation_T1_C,747.7428180574556,54.10997204100652
paper_simulation_T1_C,748.5636114911081,54.12861136999068
paper_simulation_T1_C,749.3844049247606,54.14725069897484
paper_simulation_T1_C,750.2051983584131,54.10997204100652
paper_simulation_T1_C,751.0259917920656,54.10997204100652
paper_simulation_T1_C,751.8467852257182,54.10997204100652
paper_simulation_T1_C,752.6675786593707,54.10997204100652
paper_simulation_T1_C,753.4883720930233,54.10997204100652
paper_simulation_T1_C,754.3091655266758,54.10997204100652
paper_simulation_T1_C,755.1299589603283,54.12861136999068
paper_simulation_T1_C,755.9507523939808,54.10997204100652
paper_simulation_T1_C,756.7715458276334,54.12861136999068
paper_simulation_T1_C,757.5923392612859,54.12861136999068
paper_simulation_T1_C,758.4131326949384,54.12861136999068
paper_simulation_T1_C,759.233926128591,54.10997204100652
paper_simulation_T1_C,760.0547195622435,54.091332712022364
paper_simulation_T1_C,760.8755129958961,54.10997204100652
paper_simulation_T1_C,761.6963064295486,54.10997204100652
paper_simulation_T1_C,762.5170998632011,54.10997204100652
paper_simulation_T1_C,763.3378932968536,54.10997204100652
paper_simulation_T1_C,764.1586867305061,54.10997204100652
paper_simulation_T1_C,764.9794801641586,54.10997204100652
paper_simulation_T1_C,765.8002735978113,54.072693383038214
paper_simulation_T1_C,766.6210670314638,54.091332712022364
paper_simulation_T1_C,767.4418604651163,54.10997204100652
paper_simulation_T1_C,768.2626538987688,54.10997204100652
paper_simulation_T1_C,769.0834473324213,54.091332712022364
paper_simulation_T1_C,769.9042407660738,54.10997204100652
paper_simulation_T1_C,770.7250341997265,54.072693383038214
paper_simulation_T1_C,771.545827633379,54.072693383038214
paper_simulation_T1_C,772.3666210670315,54.12861136999068
paper_simulation_T1_C,773.187414500684,54.10997204100652
paper_simulation_T1_C,774.0082079343365,54.12861136999068
paper_simulation_T1_C,774.829001367989,54.10997204100652
paper_simulation_T1_C,775.6497948016416,54.10997204100652
paper_simulation_T1_C,776.4705882352941,54.10997204100652
paper_simulation_T1_C,777.2913816689467,54.10997204100652
paper_simulation_T1_C,778.1121751025992,54.10997204100652
paper_simulation_T1_C,778.9329685362517,54.091332712022364
paper_simulation_T1_C,779.7537619699042,54.10997204100652
paper_simulation_T1_C,780.5745554035568,54.10997204100652
paper_simulation_T1_C,781.3953488372093,54.12861136999068
paper_simulation_T1_C,782.2161422708618,54.12861136999068
paper_simulation_T1_C,783.0369357045143,54.12861136999068
paper_simulation_T1_C,783.8577291381669,54.10997204100652
paper_simulation_T1_C,784.6785225718194,54.10997204100652
paper_simulation_T1_C,785.499316005472,54.10997204100652
paper_simulation_T1_C,786.3201094391245,54.10997204100652
paper_simulation_T1_C,787.140902872777,54.10997204100652
paper_simulation_T1_C,787.9616963064295,54.12861136999068
paper_simulation_T1_C,788.782489740082,54.12861136999068
paper_simulation_T1_C,789.6032831737347,54.10997204100652
paper_simulation_T1_C,790.4240766073872,54.10997204100652
paper_simulation_T1_C,791.2448700410397,54.12861136999068
paper_simulation_T1_C,792.0656634746922,54.10997204100652
paper_simulation_T1_C,792.8864569083447,54.12861136999068
paper_simulation_T1_C,793.7072503419972,54.12861136999068
paper_simulation_T1_C,794.5280437756498,54.091332712022364
paper_simulation_T1_C,795.3488372093024,54.091332712022364
paper_simulation_T1_C,796.1696306429549,54.091332712022364
paper_simulation_T1_C,796.9904240766074,54.091332712022364
paper_simulation_T1_C,797.8112175102599,54.10997204100652
paper_simulation_T1_C,798.6320109439124,54.10997204100652
paper_simulation_T1_C,799.452804377565,54.12861136999068
paper_simulation_T1_C,800.2735978112175,54.12861136999068
paper_simulation_T1_C,801.09439124487,54.12861136999068
paper_simulation_T1_C,801.9151846785226,54.12861136999068
paper_simulation_T1_C,802.7359781121751,54.12861136999068
paper_simulation_T1_C,803.5567715458276,54.12861136999068
paper_simulation_T1_C,804.3775649794802,54.12861136999068
paper_simulation_T1_C,805.1983584131327,54.12861136999068
paper_simulation_T1_C,806.0191518467852,54.10997204100652
paper_simulation_T1_C,806.8399452804377,54.10997204100652
paper_simulation_T1_C,807.6607387140903,54.10997204100652
paper_simulation_T1_C,808.4815321477428,54.10997204100652
paper_simulation_T1_C,809.3023255813954,54.10997204100652
paper_simulation_T1_C,810.1231190150479,54.10997204100652
paper_simulation_T1_C,810.9439124487004,54.10997204100652
paper_simulation_T1_C,811.7647058823529,54.091332712022364
paper_simulation_T1_C,812.5854993160054,54.10997204100652
paper_simulation_T1_C,813.406292749658,54.10997204100652
paper_simulation_T1_C,814.2270861833106,54.10997204100652
paper_simulation_T1_C,815.0478796169631,54.10997204100652
paper_simulation_T1_C,815.8686730506156,54.10997204100652
paper_simulation_T1_C,816.6894664842681,54.10997204100652
paper_simulation_T1_C,817.5102599179206,54.10997204100652
paper_simulation_T1_C,818.3310533515731,54.12861136999068
paper_simulation_T1_C,819.1518467852258,54.10997204100652
paper_simulation_T1_C,819.9726402188783,54.10997204100652
paper_simulation_T1_C,820.7934336525308,54.091332712022364
paper_simulation_T1_C,821.6142270861833,54.091332712022364
paper_simulation_T1_C,822.4350205198358,54.12861136999068
paper_simulation_T1_C,823.2558139534884,54.12861136999068
paper_simulation_T1_C,824.0766073871409,54.12861136999068
paper_simulation_T1_C,824.8974008207935,54.12861136999068
paper_simulation_T1_C,825.718194254446,54.12861136999068
paper_simulation_T1_C,826.5389876880985,54.12861136999068
paper_simulation_T1_C,827.359781121751,54.12861136999068
paper_simulation_T1_C,828.1805745554036,54.12861136999068
paper_simulation_T1_C,829.0013679890561,54.10997204100652
paper_simulation_T1_C,829.8221614227086,54.10997204100652
paper_simulation_T1_C,830.6429548563611,54.091332712022364
paper_simulation_T1_C,831.4637482900137,54.14725069897484
paper_simulation_T1_C,832.2845417236662,54.12861136999068
paper_simulation_T1_C,833.1053351573188,54.10997204100652
paper_simulation_T1_C,833.9261285909713,54.10997204100652
paper_simulation_T1_C,834.7469220246238,54.10997204100652
paper_simulation_T1_C,835.5677154582763,54.12861136999068
paper_simulation_T1_C,836.3885088919288,54.12861136999068
paper_simulation_T1_C,837.2093023255813,54.12861136999068
paper_simulation_T1_C,838.030095759234,54.10997204100652
paper_simulation_T1_C,838.8508891928865,54.165890027958994
paper_simulation_T1_C,839.671682626539,54.091332712022364
paper_simulation_T1_C,840.4924760601915,54.072693383038214
paper_simulation_T1_C,841.313269493844,54.091332712022364
paper_simulation_T1_C,842.1340629274965,54.091332712022364
paper_simulation_T1_C,842.9548563611492,54.091332712022364
paper_simulation_T1_C,843.7756497948017,54.091332712022364
paper_simulation_T1_C,844.5964432284542,54.091332712022364
paper_simulation_T1_C,845.4172366621067,54.091332712022364
paper_simulation_T1_C,846.2380300957592,54.091332712022364
paper_simulation_T1_C,847.0588235294117,54.091332712022364
paper_simulation_T1_C,847.8796169630643,54.10997204100652
paper_simulation_T1_C,848.7004103967168,54.12861136999068
paper_simulation_T1_C,849.5212038303694,54.10997204100652
paper_simulation_T1_C,850.3419972640219,54.10997204100652
paper_simulation_T1_C,851.1627906976744,54.091332712022364
paper_simulation_T1_C,851.9835841313269,54.091332712022364
paper_simulation_T1_C,852.8043775649795,54.10997204100652
paper_simulation_T1_C,853.625170998632,54.10997204100652
paper_simulation_T1_C,854.4459644322845,54.10997204100652
paper_simulation_T1_C,855.266757865937,54.10997204100652
paper_simulation_T1_C,856.0875512995896,54.10997204100652
paper_simulation_T1_C,856.9083447332422,54.10997204100652
paper_simulation_T1_C,857.7291381668947,54.10997204100652
paper_simulation_T1_C,858.5499316005472,54.12861136999068
paper_simulation_T1_C,859.3707250341997,54.12861136999068
paper_simulation_T1_C,860.1915184678522,54.12861136999068
paper_simulation_T1_C,861.0123119015047,54.10997204100652
paper_simulation_T1_C,861.8331053351574,54.10997204100652
paper_simulation_T1_C,862.6538987688099,54.12861136999068
paper_simulation_T1_C,863.4746922024624,54.10997204100652
paper_simulation_T1_C,864.2954856361149,54.10997204100652
paper_simulation_T1_C,865.1162790697674,54.10997204100652
paper_simulation_T1_C,865.9370725034199,54.12861136999068
paper_simulation_T1_C,866.7578659370726,54.12861136999068
paper_simulation_T1_C,867.5786593707251,54.10997204100652
paper_simulation_T1_C,868.3994528043776,54.10997204100652
paper_simulation_T1_C,869.2202462380301,54.10997204100652
paper_simulation_T1_C,870.0410396716826,54.10997204100652
paper_simulation_T1_C,870.8618331053351,54.10997204100652
paper_simulation_T1_C,871.6826265389877,54.10997204100652
paper_simulation_T1_C,872.5034199726402,54.10997204100652
paper_simulation_T1_C,873.3242134062928,54.10997204100652
paper_simulation_T1_C,874.1450068399453,54.10997204100652
paper_simulation_T1_C,874.9658002735978,54.10997204100652
paper_simulation_T1_C,875.7865937072503,54.10997204100652
paper_simulation_T1_C,876.6073871409029,54.10997204100652
paper_simulation_T1_C,877.4281805745554,54.10997204100652
paper_simulation_T1_C,878.2489740082079,54.10997204100652
paper_simulation_T1_C,879.0697674418604,54.10997204100652
paper_simulation_T1_C,879.890560875513,54.12861136999068
paper_simulation_T1_C,880.7113543091655,54.12861136999068
paper_simulation_T1_C,881.5321477428181,54.12861136999068
paper_simulation_T1_C,882.3529411764706,54.10997204100652
paper_simulation_T1_C,883.1737346101231,54.10997204100652
paper_simulation_T1_C,883.9945280437756,54.12861136999068
paper_simulation_T1_C,884.8153214774281,54.12861136999068
paper_simulation_T1_C,885.6361149110808,54.12861136999068
paper_simulation_T1_C,886.4569083447333,54.12861136999068
paper_simulation_T1_C,887.2777017783858,54.12861136999068
paper_simulation_T1_C,888.0984952120383,54.12861136999068
paper_simulation_T1_C,888.9192886456908,54.12861136999068
paper_simulation_T1_C,889.7400820793433,54.12861136999068
paper_simulation_T1_C,890.560875512996,54.10997204100652
paper_simulation_T1_C,891.3816689466485,54.10997204100652
paper_simulation_T1_C,892.202462380301,54.12861136999068
paper_simulation_T1_C,893.0232558139535,54.12861136999068
paper_simulation_T1_C,893.844049247606,54.12861136999068
paper_simulation_T1_C,894.6648426812585,54.10997204100652
paper_simulation_T1_C,895.4856361149111,54.10997204100652
paper_simulation_T1_C,896.3064295485636,54.12861136999068
paper_simulation_T1_C,897.1272229822162,54.10997204100652
paper_simulation_T1_C,897.9480164158687,54.12861136999068
paper_simulation_T1_C,898.7688098495212,54.10997204100652
paper_simulation_T1_C,899.5896032831737,54.091332712022364
paper_simulation_T1_C,900.4103967168263,54.10997204100652
paper_simulation_T1_C,901.2311901504788,54.10997204100652
paper_simulation_T1_C,902.0519835841313,54.10997204100652
paper_simulation_T1_C,902.8727770177838,54.10997204100652
paper_simulation_T1_C,903.6935704514364,54.10997204100652
paper_simulation_T1_C,904.5143638850889,54.10997204100652
paper_simulation_T1_C,905.3351573187415,54.10997204100652
paper_simulation_T1_C,906.155950752394,54.10997204100652
paper_simulation_T1_C,906.9767441860465,54.10997204100652
paper_simulation_T1_C,907.797537619699,54.12861136999068
paper_simulation_T1_C,908.6183310533515,54.10997204100652
paper_simulation_T1_C,909.439124487004,54.12861136999068
paper_simulation_T1_C,910.2599179206567,54.10997204100652
paper_simulation_T1_C,911.0807113543092,54.10997204100652
paper_simulation_T1_C,911.9015047879617,54.12861136999068
paper_simulation_T1_C,912.7222982216142,54.12861136999068
paper_simulation_T1_C,913.5430916552667,54.12861136999068
paper_simulation_T1_C,914.3638850889192,54.10997204100652
paper_simulation_T1_C,915.1846785225719,54.10997204100652
paper_simulation_T1_C,916.0054719562244,54.10997204100652
paper_simulation_T1_C,916.8262653898769,54.10997204100652
paper_simulation_T1_C,917.6470588235294,54.10997204100652
paper_simulation_T1_C,918.4678522571819,54.10997204100652
paper_simulation_T1_C,919.2886456908345,54.12861136999068
paper_simulation_T1_C,920.109439124487,54.12861136999068
paper_simulation_T1_C,920.9302325581396,54.10997204100652
paper_simulation_T1_C,921.7510259917921,54.10997204100652
paper_simulation_T1_C,922.5718194254446,54.10997204100652
paper_simulation_T1_C,923.3926128590971,54.12861136999068
paper_simulation_T1_C,924.2134062927497,54.10997204100652
paper_simulation_T1_C,925.0341997264022,54.10997204100652
paper_simulation_T1_C,925.8549931600547,54.10997204100652
paper_simulation_T1_C,926.6757865937072,54.10997204100652
paper_simulation_T1_C,927.4965800273598,54.12861136999068
paper_simulation_T1_C,928.3173734610123,54.12861136999068
paper_simulation_T1_C,929.1381668946649,54.10997204100652
paper_simulation_T1_C,929.9589603283174,54.10997204100652
paper_simulation_T1_C,930.7797537619699,54.10997204100652
paper_simulation_T1_C,931.6005471956224,54.10997204100652
paper_simulation_T1_C,932.4213406292749,54.10997204100652
paper_simulation_T1_C,933.2421340629274,54.12861136999068
paper_simulation_T1_C,934.0629274965801,54.10997204100652
paper_simulation_T1_C,934.8837209302326,54.091332712022364
paper_simulation_T1_C,935.7045143638851,54.091332712022364
paper_simulation_T1_C,936.5253077975376,54.072693383038214
paper_simulation_T1_C,937.3461012311901,54.10997204100652
paper_simulation_T1_C,938.1668946648426,54.10997204100652
paper_simulation_T1_C,938.9876880984953,54.10997204100652
paper_simulation_T1_C,939.8084815321478,54.10997204100652
paper_simulation_T1_C,940.6292749658003,54.10997204100652
paper_simulation_T1_C,941.4500683994528,54.10997204100652
paper_simulation_T1_C,942.2708618331053,54.12861136999068
paper_simulation_T1_C,943.0916552667578,54.12861136999068
paper_simulation_T1_C,943.9124487004104,54.12861136999068
paper_simulation_T1_C,944.733242134063,54.14725069897484
paper_simulation_T1_C,945.5540355677155,54.12861136999068
paper_simulation_T1_C,946.374829001368,54.10997204100652
paper_simulation_T1_C,947.1956224350205,54.10997204100652
paper_simulation_T1_C,948.0164158686731,54.10997204100652
paper_simulation_T1_C,948.8372093023256,54.10997204100652
paper_simulation_T1_C,949.6580027359781,54.10997204100652
paper_simulation_T1_C,950.4787961696306,54.10997204100652
paper_simulation_T1_C,951.2995896032832,54.10997204100652
paper_simulation_T1_C,952.1203830369357,54.10997204100652
paper_simulation_T1_C,952.9411764705883,54.10997204100652
paper_simulation_T1_C,953.7619699042408,54.12861136999068
paper_simulation_T1_C,954.5827633378933,54.10997204100652
paper_simulation_T1_C,955.4035567715458,54.10997204100652
paper_simulation_T1_C,956.2243502051983,54.10997204100652
paper_simulation_T1_C,957.0451436388508,54.10997204100652
paper_simulation_T1_C,957.8659370725035,54.10997204100652
paper_simulation_T1_C,958.686730506156,54.10997204100652
paper_simulation_T1_C,959.5075239398085,54.10997204100652
paper_simulation_T1_C,960.328317373461,54.10997204100652
paper_simulation_T1_C,961.1491108071135,54.10997204100652
paper_simulation_T1_C,961.969904240766,54.10997204100652
paper_simulation_T1_C,962.7906976744187,54.12861136999068
paper_simulation_T1_C,963.6114911080712,54.12861136999068
paper_simulation_T1_C,964.4322845417237,54.12861136999068
paper_simulation_T1_C,965.2530779753762,54.12861136999068
paper_simulation_T1_C,966.0738714090287,54.10997204100652
paper_simulation_T1_C,966.8946648426812,54.10997204100652
paper_simulation_T1_C,967.7154582763338,54.10997204100652
paper_simulation_T1_C,968.5362517099863,54.12861136999068
paper_simulation_T1_C,969.3570451436389,54.10997204100652
paper_simulation_T1_C,970.1778385772914,54.12861136999068
paper_simulation_T1_C,970.9986320109439,54.12861136999068
paper_simulation_T1_C,971.8194254445964,54.12861136999068
paper_simulation_T1_C,972.640218878249,54.10997204100652
paper_simulation_T1_C,973.4610123119015,54.10997204100652
paper_simulation_T1_C,974.281805745554,54.12861136999068
paper_simulation_T1_C,975.1025991792065,54.10997204100652
paper_simulation_T1_C,975.9233926128591,54.12861136999068
paper_simulation_T1_C,976.7441860465116,54.12861136999068
paper_simulation_T1_C,977.5649794801642,54.10997204100652
paper_simulation_T1_C,978.3857729138167,54.10997204100652
paper_simulation_T1_C,979.2065663474692,54.10997204100652
paper_simulation_T1_C,980.0273597811217,54.12861136999068
paper_simulation_T1_C,980.8481532147742,54.10997204100652
paper_simulation_T1_C,981.6689466484269,54.10997204100652
paper_simulation_T1_C,982.4897400820794,54.10997204100652
paper_simulation_T1_C,983.3105335157319,54.10997204100652
paper_simulation_T1_C,984.1313269493844,54.10997204100652
paper_simulation_T1_C,984.9521203830369,54.10997204100652
paper_simulation_T1_C,985.7729138166894,54.10997204100652
paper_simulation_T1_C,986.593707250342,54.10997204100652
paper_simulation_T1_C,987.4145006839946,54.091332712022364
paper_simulation_T1_C,988.2352941176471,54.10997204100652
paper_simulation_T1_C,989.0560875512996,54.091332712022364
paper_simulation_T1_C,989.8768809849521,54.12861136999068
paper_simulation_T1_C,990.6976744186046,54.12861136999068
paper_simulation_T1_C,991.5184678522572,54.12861136999068
paper_simulation_T1_C,992.3392612859097,54.091332712022364
paper_simulation_T1_C,993.1600547195623,54.10997204100652
paper_simulation_T1_C,993.9808481532148,54.10997204100652
paper_simulation_T1_C,994.8016415868673,54.10997204100652
paper_simulation_T1_C,995.6224350205198,54.10997204100652
paper_simulation_T1_C,996.4432284541724,54.10997204100652
paper_simulation_T1_C,997.2640218878249,54.10997204100652
paper_simulation_T1_C,998.0848153214774,54.10997204100652
paper_simulation_T1_C,998.90560875513,54.12861136999068
paper_simulation_T1_C,999.7264021887825,54.12861136999068
paper_simulation_T1_C,1000.547195622435,54.12861136999068
paper_simulation_T1_C,1001.3679890560876,54.12861136999068
paper_simulation_T1_C,1002.1887824897401,54.091332712022364
paper_simulation_T1_C,1003.0095759233926,54.10997204100652
paper_simulation_T1_C,1003.8303693570451,54.12861136999068
paper_simulation_T1_C,1004.6511627906976,54.10997204100652
paper_simulation_T1_C,1005.4719562243502,54.10997204100652
paper_simulation_T1_C,1006.2927496580028,54.12861136999068
paper_simulation_T1_C,1007.1135430916553,54.10997204100652
paper_simulation_T1_C,1007.9343365253078,54.091332712022364
paper_simulation_T1_C,1008.7551299589603,54.12861136999068
paper_simulation_T1_C,1009.5759233926128,54.12861136999068
paper_simulation_T1_C,1010.3967168262653,54.10997204100652
paper_simulation_T1_C,1011.217510259918,54.10997204100652
paper_simulation_T1_C,1012.0383036935705,54.10997204100652
paper_simulation_T1_C,1012.859097127223,54.10997204100652
paper_simulation_T1_C,1013.6798905608755,54.10997204100652
paper_simulation_T1_C,1014.500683994528,54.10997204100652
paper_simulation_T1_C,1015.3214774281806,54.091332712022364
paper_simulation_T1_C,1016.1422708618331,54.10997204100652
paper_simulation_T1_C,1016.9630642954857,54.12861136999068
paper_simulation_T1_C,1017.7838577291382,54.12861136999068
paper_simulation_T1_C,1018.6046511627907,54.12861136999068
paper_simulation_T1_C,1019.4254445964432,54.091332712022364
paper_simulation_T1_C,1020.2462380300958,54.091332712022364
paper_simulation_T1_C,1021.0670314637483,54.10997204100652
paper_simulation_T1_C,1021.8878248974008,54.12861136999068
paper_simulation_T1_C,1022.7086183310533,54.10997204100652
paper_simulation_T1_C,1023.5294117647059,54.10997204100652
paper_simulation_T1_C,1024.3502051983585,54.10997204100652
paper_simulation_T1_C,1025.1709986320109,54.091332712022364
paper_simulation_T1_C,1025.9917920656635,54.10997204100652
paper_simulation_T1_C,1026.812585499316,54.12861136999068
paper_simulation_T1_C,1027.6333789329685,54.14725069897484
paper_simulation_T1_C,1028.4541723666212,54.12861136999068
paper_simulation_T1_C,1029.2749658002735,54.10997204100652
paper_simulation_T1_C,1030.0957592339262,54.12861136999068
paper_simulation_T1_C,1030.9165526675786,54.10997204100652
paper_simulation_T1_C,1031.7373461012312,54.10997204100652
paper_simulation_T1_C,1032.5581395348838,54.10997204100652
paper_simulation_T1_C,1033.3789329685362,54.14725069897484
paper_simulation_T1_C,1034.1997264021888,54.10997204100652
paper_simulation_T1_C,1035.0205198358412,54.10997204100652
paper_simulation_T1_C,1035.8413132694939,54.10997204100652
paper_simulation_T1_C,1036.6621067031463,54.10997204100652
paper_simulation_T1_C,1037.482900136799,54.10997204100652
paper_simulation_T1_C,1038.3036935704515,54.12861136999068
paper_simulation_T1_C,1039.124487004104,54.12861136999068
paper_simulation_T1_C,1039.9452804377565,54.12861136999068
paper_simulation_T1_C,1040.766073871409,54.12861136999068
paper_simulation_T1_C,1041.5868673050616,54.10997204100652
paper_simulation_T1_C,1042.4076607387142,54.10997204100652
paper_simulation_T1_C,1043.2284541723666,54.10997204100652
paper_simulation_T1_C,1044.0492476060192,54.12861136999068
paper_simulation_T1_C,1044.8700410396716,54.10997204100652
paper_simulation_T1_C,1045.6908344733242,54.10997204100652
paper_simulation_T1_C,1046.5116279069769,54.10997204100652
paper_simulation_T1_C,1047.3324213406293,54.10997204100652
paper_simulation_T1_C,1048.1532147742819,54.10997204100652
paper_simulation_T1_C,1048.9740082079343,54.10997204100652
paper_simulation_T1_C,1049.794801641587,54.10997204100652
paper_simulation_T1_C,1050.6155950752393,54.10997204100652
paper_simulation_T1_C,1051.436388508892,54.10997204100652
paper_simulation_T1_C,1052.2571819425445,54.10997204100652
paper_simulation_T1_C,1053.077975376197,54.10997204100652
paper_simulation_T1_C,1053.8987688098496,54.10997204100652
paper_simulation_T1_C,1054.719562243502,54.12861136999068
paper_simulation_T1_C,1055.5403556771546,54.12861136999068
paper_simulation_T1_C,1056.3611491108072,54.10997204100652
paper_simulation_T1_C,1057.1819425444596,54.10997204100652
paper_simulation_T1_C,1058.0027359781122,54.10997204100652
paper_simulation_T1_C,1058.8235294117646,54.10997204100652
paper_simulation_T1_C,1059.6443228454173,54.10997204100652
paper_simulation_T1_C,1060.4651162790697,54.10997204100652
paper_simulation_T1_C,1061.2859097127223,54.10997204100652
paper_simulation_T1_C,1062.106703146375,54.12861136999068
paper_simulation_T1_C,1062.9274965800273,54.12861136999068
paper_simulation_T1_C,1063.74829001368,54.14725069897484
paper_simulation_T1_C,1064.5690834473323,54.10997204100652
paper_simulation_T1_C,1065.389876880985,54.10997204100652
paper_simulation_T1_C,1066.2106703146376,54.10997204100652
paper_simulation_T1_C,1067.03146374829,54.10997204100652
paper_simulation_T1_C,1067.8522571819426,54.10997204100652
paper_simulation_T1_C,1068.673050615595,54.10997204100652
paper_simulation_T1_C,1069.4938440492476,54.10997204100652
paper_simulation_T1_C,1070.3146374829,54.10997204100652
paper_simulation_T1_C,1071.1354309165527,54.12861136999068
paper_simulation_T1_C,1071.9562243502053,54.10997204100652
paper_simulation_T1_C,1072.7770177838577,54.091332712022364
paper_simulation_T1_C,1073.5978112175103,54.10997204100652
paper_simulation_T1_C,1074.4186046511627,54.12861136999068
paper_simulation_T1_C,1075.2393980848153,54.12861136999068
paper_simulation_T1_C,1076.060191518468,54.14725069897484
paper_simulation_T1_C,1076.8809849521203,54.14725069897484
paper_simulation_T1_C,1077.701778385773,54.14725069897484
paper_simulation_T1_C,1078.5225718194254,54.12861136999068
paper_simulation_T1_C,1079.343365253078,54.12861136999068
paper_simulation_T1_C,1080.1641586867306,54.12861136999068
paper_simulation_T1_C,1080.984952120383,54.12861136999068
paper_simulation_T1_C,1081.8057455540356,54.12861136999068
paper_simulation_T1_C,1082.626538987688,54.12861136999068
paper_simulation_T1_C,1083.4473324213407,54.10997204100652
paper_simulation_T1_C,1084.268125854993,54.10997204100652
paper_simulation_T1_C,1085.0889192886457,54.10997204100652
paper_simulation_T1_C,1085.9097127222983,54.10997204100652
paper_simulation_T1_C,1086.7305061559507,54.12861136999068
paper_simulation_T1_C,1087.5512995896033,54.10997204100652
paper_simulation_T1_C,1088.3720930232557,54.12861136999068
paper_simulation_T1_C,1089.1928864569084,54.10997204100652
paper_simulation_T1_C,1090.013679890561,54.10997204100652
paper_simulation_T1_C,1090.8344733242134,54.12861136999068
paper_simulation_T1_C,1091.655266757866,54.12861136999068
paper_simulation_T1_C,1092.4760601915184,54.091332712022364
paper_simulation_T1_C,1093.296853625171,54.091332712022364
paper_simulation_T1_C,1094.1176470588234,54.10997204100652
paper_simulation_T1_C,1094.938440492476,54.10997204100652
paper_simulation_T1_C,1095.7592339261287,54.10997204100652
paper_simulation_T1_C,1096.580027359781,54.10997204100652
paper_simulation_T1_C,1097.4008207934337,54.10997204100652
paper_simulation_T1_C,1098.221614227086,54.10997204100652
paper_simulation_T1_C,1099.0424076607387,54.10997204100652
paper_simulation_T1_C,1099.8632010943913,54.10997204100652
paper_simulation_T1_C,1100.6839945280437,54.10997204100652
paper_simulation_T1_C,1101.5047879616964,54.12861136999068
paper_simulation_T1_C,1102.3255813953488,54.12861136999068
paper_simulation_T1_C,1103.1463748290014,54.10997204100652
paper_simulation_T1_C,1103.9671682626538,54.10997204100652
paper_simulation_T1_C,1104.7879616963064,54.10997204100652
paper_simulation_T1_C,1105.608755129959,54.091332712022364
paper_simulation_T1_C,1106.4295485636114,54.10997204100652
paper_simulation_T1_C,1107.250341997264,54.12861136999068
paper_simulation_T1_C,1108.0711354309165,54.12861136999068
paper_simulation_T1_C,1108.891928864569,54.10997204100652
paper_simulation_T1_C,1109.7127222982217,54.10997204100652
paper_simulation_T1_C,1110.533515731874,54.10997204100652
paper_simulation_T1_C,1111.3543091655267,54.10997204100652
paper_simulation_T1_C,1112.1751025991791,54.12861136999068
paper_simulation_T1_C,1112.9958960328318,54.10997204100652
paper_simulation_T1_C,1113.8166894664844,54.10997204100652
paper_simulation_T1_C,1114.6374829001368,54.10997204100652
paper_simulation_T1_C,1115.4582763337894,54.10997204100652
paper_simulation_T1_C,1116.2790697674418,54.10997204100652
paper_simulation_T1_C,1117.0998632010944,54.12861136999068
paper_simulation_T1_C,1117.9206566347468,54.10997204100652
paper_simulation_T1_C,1118.7414500683994,54.10997204100652
paper_simulation_T1_C,1119.562243502052,54.10997204100652
paper_simulation_T1_C,1120.3830369357045,54.12861136999068
paper_simulation_T1_C,1121.203830369357,54.12861136999068
paper_simulation_T1_C,1122.0246238030095,54.12861136999068
paper_simulation_T1_C,1122.8454172366621,54.12861136999068
paper_simulation_T1_C,1123.6662106703147,54.12861136999068
paper_simulation_T1_C,1124.4870041039671,54.12861136999068
paper_simulation_T1_C,1125.3077975376198,54.12861136999068
paper_simulation_T1_C,1126.1285909712722,54.12861136999068
paper_simulation_T1_C,1126.9493844049248,54.10997204100652
paper_simulation_T1_C,1127.7701778385772,54.10997204100652
paper_simulation_T1_C,1128.5909712722298,54.10997204100652
paper_simulation_T1_C,1129.4117647058824,54.12861136999068
paper_simulation_T1_C,1130.2325581395348,54.12861136999068
paper_simulation_T1_C,1131.0533515731875,54.12861136999068
paper_simulation_T1_C,1131.8741450068399,54.12861136999068
paper_simulation_T1_C,1132.6949384404925,54.12861136999068
paper_simulation_T1_C,1133.515731874145,54.10997204100652
paper_simulation_T1_C,1134.3365253077975,54.10997204100652
paper_simulation_T1_C,1135.1573187414501,54.10997204100652
paper_simulation_T1_C,1135.9781121751025,54.10997204100652
paper_simulation_T1_C,1136.7989056087551,54.10997204100652
paper_simulation_T1_C,1137.6196990424078,54.10997204100652
paper_simulation_T1_C,1138.4404924760602,54.10997204100652
paper_simulation_T1_C,1139.2612859097128,54.10997204100652
paper_simulation_T1_C,1140.0820793433652,54.12861136999068
paper_simulation_T1_C,1140.9028727770178,54.12861136999068
paper_simulation_T1_C,1141.7236662106702,54.12861136999068
paper_simulation_T1_C,1142.5444596443228,54.12861136999068
paper_simulation_T1_C,1143.3652530779755,54.12861136999068
paper_simulation_T1_C,1144.1860465116279,54.10997204100652
paper_simulation_T1_C,1145.0068399452805,54.10997204100652
paper_simulation_T1_C,1145.827633378933,54.10997204100652
paper_simulation_T1_C,1146.6484268125855,54.12861136999068
paper_simulation_T1_C,1147.4692202462381,54.12861136999068
paper_simulation_T1_C,1148.2900136798905,54.10997204100652
paper_simulation_T1_C,1149.1108071135432,54.10997204100652
paper_simulation_T1_C,1149.9316005471956,54.12861136999068
paper_simulation_T1_C,1150.7523939808482,54.10997204100652
paper_simulation_T1_C,1151.5731874145006,54.12861136999068
paper_simulation_T1_C,1152.3939808481532,54.12861136999068
paper_simulation_T1_C,1153.2147742818058,54.12861136999068
paper_simulation_T1_C,1154.0355677154582,54.12861136999068
paper_simulation_T1_C,1154.8563611491109,54.12861136999068
paper_simulation_T1_C,1155.6771545827633,54.10997204100652
paper_simulation_T1_C,1156.4979480164159,54.10997204100652
paper_simulation_T1_C,1157.3187414500685,54.10997204100652
paper_simulation_T1_C,1158.139534883721,54.10997204100652
paper_simulation_T1_C,1158.9603283173735,54.10997204100652
paper_simulation_T1_C,1159.781121751026,54.12861136999068
paper_simulation_T1_C,1160.6019151846785,54.10997204100652
paper_simulation_T1_C,1161.422708618331,54.091332712022364
paper_simulation_T1_C,1162.2435020519836,54.10997204100652
paper_simulation_T1_C,1163.0642954856362,54.10997204100652
paper_simulation_T1_C,1163.8850889192886,54.10997204100652
paper_simulation_T1_C,1164.7058823529412,54.10997204100652
paper_simulation_T1_C,1165.5266757865936,54.10997204100652
paper_simulation_T1_C,1166.3474692202462,54.10997204100652
paper_simulation_T1_C,1167.1682626538989,54.10997204100652
paper_simulation_T1_C,1167.9890560875513,54.10997204100652
paper_simulation_T1_C,1168.809849521204,54.10997204100652
paper_simulation_T1_C,1169.6306429548563,54.10997204100652
paper_simulation_T1_C,1170.451436388509,54.12861136999068
paper_simulation_T1_C,1171.2722298221615,54.12861136999068
paper_simulation_T1_C,1172.093023255814,54.10997204100652
paper_simulation_T1_C,1172.9138166894666,54.10997204100652
paper_simulation_T1_C,1173.734610123119,54.10997204100652
paper_simulation_T1_C,1174.5554035567716,54.091332712022364
paper_simulation_T1_C,1175.376196990424,54.10997204100652
paper_simulation_T1_C,1176.1969904240766,54.10997204100652
paper_simulation_T1_C,1177.0177838577292,54.10997204100652
paper_simulation_T1_C,1177.8385772913816,54.10997204100652
paper_simulation_T1_C,1178.6593707250343,54.10997204100652
paper_simulation_T1_C,1179.4801641586866,54.10997204100652
paper_simulation_T1_C,1180.3009575923393,54.10997204100652
paper_simulation_T1_C,1181.121751025992,54.10997204100652
paper_simulation_T1_C,1181.9425444596443,54.10997204100652
paper_simulation_T1_C,1182.763337893297,54.091332712022364
paper_simulation_T1_C,1183.5841313269493,54.091332712022364
paper_simulation_T1_C,1184.404924760602,54.10997204100652
paper_simulation_T1_C,1185.2257181942543,54.10997204100652
paper_simulation_T1_C,1186.046511627907,54.10997204100652
paper_simulation_T1_C,1186.8673050615596,54.10997204100652
paper_simulation_T1_C,1187.688098495212,54.10997204100652
paper_simulation_T1_C,1188.5088919288646,54.10997204100652
paper_simulation_T1_C,1189.329685362517,54.10997204100652
paper_simulation_T1_C,1190.1504787961696,54.10997204100652
paper_simulation_T1_C,1190.9712722298223,54.091332712022364
paper_simulation_T1_C,1191.7920656634747,54.091332712022364
paper_simulation_T1_C,1192.6128590971273,54.091332712022364
paper_simulation_T1_C,1193.4336525307797,54.10997204100652
paper_simulation_T1_C,1194.2544459644323,54.091332712022364
paper_simulation_T1_C,1195.0752393980847,54.091332712022364
paper_simulation_T1_C,1195.8960328317373,54.091332712022364
paper_simulation_T1_C,1196.71682626539,54.091332712022364
paper_simulation_T1_C,1197.5376196990424,54.091332712022364
paper_simulation_T1_C,1198.358413132695,54.091332712022364
paper_simulation_T1_C,1199.1792065663474,54.10997204100652
paper_simulation_T1_C,1200.0,54.10997204100652
paper_simulation_T2_C,0.0,52.78657968313141
paper_simulation_T2_C,0.8207934336525308,52.78657968313141
paper_simulation_T2_C,1.6415868673050615,52.76794035414725
paper_simulation_T2_C,2.462380300957592,52.78657968313141
paper_simulation_T2_C,3.283173734610123,52.76794035414725
paper_simulation_T2_C,4.1039671682626535,52.74930102516309
paper_simulation_T2_C,4.924760601915184,52.76794035414725
paper_simulation_T2_C,5.745554035567715,52.76794035414725
paper_simulation_T2_C,6.566347469220246,52.74930102516309
paper_simulation_T2_C,7.387140902872777,52.74930102516309
paper_simulation_T2_C,8.207934336525307,52.74930102516309
paper_simulation_T2_C,9.028727770177838,52.74930102516309
paper_simulation_T2_C,9.849521203830369,52.74930102516309
paper_simulation_T2_C,10.6703146374829,52.74930102516309
paper_simulation_T2_C,11.49110807113543,52.76794035414725
paper_simulation_T2_C,12.311901504787961,52.78657968313141
paper_simulation_T2_C,13.132694938440492,52.805219012115565
paper_simulation_T2_C,13.953488372093023,52.805219012115565
paper_simulation_T2_C,14.774281805745554,52.82385834109972
paper_simulation_T2_C,15.595075239398085,52.86113699906804
paper_simulation_T2_C,16.415868673050614,52.87977632805219
paper_simulation_T2_C,17.236662106703147,52.898415657036345
paper_simulation_T2_C,18.057455540355676,52.9170549860205
paper_simulation_T2_C,18.87824897400821,52.93569431500466
paper_simulation_T2_C,19.699042407660738,52.95433364398882
paper_simulation_T2_C,20.51983584131327,52.99161230195713
paper_simulation_T2_C,21.3406292749658,53.084808946877914
paper_simulation_T2_C,22.161422708618332,53.10344827586207
paper_simulation_T2_C,22.98221614227086,53.10344827586207
paper_simulation_T2_C,23.803009575923394,53.14072693383038
paper_simulation_T2_C,24.623803009575923,53.178005591798694
paper_simulation_T2_C,25.444596443228455,53.21528424976701
paper_simulation_T2_C,26.265389876880985,53.21528424976701
paper_simulation_T2_C,27.086183310533517,53.30848089468779
paper_simulation_T2_C,27.906976744186046,53.32712022367195
paper_simulation_T2_C,28.72777017783858,53.38303821062442
paper_simulation_T2_C,29.548563611491108,53.40167753960857
paper_simulation_T2_C,30.369357045143637,53.45759552656104
paper_simulation_T2_C,31.19015047879617,53.49487418452936
paper_simulation_T2_C,32.0109439124487,53.45759552656104
paper_simulation_T2_C,32.83173734610123,53.513513513513516
paper_simulation_T2_C,33.65253077975376,53.56943150046598
paper_simulation_T2_C,34.47332421340629,53.625349487418454
paper_simulation_T2_C,35.294117647058826,53.718546132339235
paper_simulation_T2_C,36.11491108071135,53.718546132339235
paper_simulation_T2_C,36.935704514363884,53.77446411929171
paper_simulation_T2_C,37.75649794801642,53.81174277726002
paper_simulation_T2_C,38.57729138166895,53.886300093196645
paper_simulation_T2_C,39.398084815321475,53.9049394221808
paper_simulation_T2_C,40.21887824897401,53.979496738117426
paper_simulation_T2_C,41.03967168262654,54.01677539608574
paper_simulation_T2_C,41.86046511627907,54.01677539608574
paper_simulation_T2_C,42.6812585499316,54.091332712022364
paper_simulation_T2_C,43.50205198358413,54.12861136999068
paper_simulation_T2_C,44.322845417236664,54.22180801491146
paper_simulation_T2_C,45.14363885088919,54.24044734389562
paper_simulation_T2_C,45.96443228454172,54.259086672879775
paper_simulation_T2_C,46.785225718194255,54.29636533084809
paper_simulation_T2_C,47.60601915184679,54.40820130475303
paper_simulation_T2_C,48.42681258549931,54.426840633737186
paper_simulation_T2_C,49.247606019151846,54.4641192917055
paper_simulation_T2_C,50.06839945280438,54.48275862068965
paper_simulation_T2_C,50.88919288645691,54.520037278657966
paper_simulation_T2_C,51.70998632010944,54.5945945945946
paper_simulation_T2_C,52.53077975376197,54.66915191053122
paper_simulation_T2_C,53.3515731874145,54.706430568499535
paper_simulation_T2_C,54.172366621067034,54.706430568499535
paper_simulation_T2_C,54.99316005471956,54.78098788443616
paper_simulation_T2_C,55.81395348837209,54.799627213420315
paper_simulation_T2_C,56.634746922024625,54.81826654240447
paper_simulation_T2_C,57.45554035567716,54.81826654240447
paper_simulation_T2_C,58.276333789329684,54.85554520037279
paper_simulation_T2_C,59.097127222982216,54.8928238583411
paper_simulation_T2_C,59.91792065663475,54.8928238583411
paper_simulation_T2_C,60.738714090287274,55.09785647716682
paper_simulation_T2_C,61.55950752393981,55.11649580615098
paper_simulation_T2_C,62.38030095759234,55.13513513513514
paper_simulation_T2_C,63.20109439124487,55.13513513513514
paper_simulation_T2_C,64.0218878248974,55.172413793103445
paper_simulation_T2_C,64.84268125854993,55.1910531220876
paper_simulation_T2_C,65.66347469220246,55.1910531220876
paper_simulation_T2_C,66.484268125855,55.22833178005592
paper_simulation_T2_C,67.30506155950752,55.246971109040075
paper_simulation_T2_C,68.12585499316006,55.30288909599254
paper_simulation_T2_C,68.94664842681259,55.30288909599254
paper_simulation_T2_C,69.76744186046511,55.30288909599254
paper_simulation_T2_C,70.58823529411765,55.35880708294501
paper_simulation_T2_C,71.40902872777018,55.39608574091333
paper_simulation_T2_C,72.2298221614227,55.414725069897486
paper_simulation_T2_C,73.05061559507524,55.414725069897486
paper_simulation_T2_C,73.87140902872777,55.43336439888164
paper_simulation_T2_C,74.6922024623803,55.47064305684995
paper_simulation_T2_C,75.51299589603283,55.47064305684995
paper_simulation_T2_C,76.33378932968536,55.47064305684995
paper_simulation_T2_C,77.1545827633379,55.47064305684995
paper_simulation_T2_C,77.97537619699042,55.48928238583411
paper_simulation_T2_C,78.79616963064295,55.507921714818266
paper_simulation_T2_C,79.61696306429549,55.54520037278658
paper_simulation_T2_C,80.43775649794802,55.54520037278658
paper_simulation_T2_C,81.25854993160054,55.5824790307549
paper_simulation_T2_C,82.07934336525308,55.5824790307549
paper_simulation_T2_C,82.9001367989056,55.5824790307549
paper_simulation_T2_C,83.72093023255815,55.5824790307549
paper_simulation_T2_C,84.54172366621067,55.60111835973905
paper_simulation_T2_C,85.3625170998632,55.60111835973905
paper_simulation_T2_C,86.18331053351574,55.60111835973905
paper_simulation_T2_C,87.00410396716826,55.619757688723205
paper_simulation_T2_C,87.82489740082079,55.619757688723205
paper_simulation_T2_C,88.64569083447333,55.619757688723205
paper_simulation_T2_C,89.46648426812585,55.619757688723205
paper_simulation_T2_C,90.28727770177838,55.63839701770736
paper_simulation_T2_C,91.10807113543092,55.63839701770736
paper_simulation_T2_C,91.92886456908344,55.63839701770736
paper_simulation_T2_C,92.74965800273598,55.63839701770736
paper_simulation_T2_C,93.57045143638851,55.63839701770736
paper_simulation_T2_C,94.39124487004104,55.63839701770736
paper_simulation_T2_C,95.21203830369357,55.63839701770736
paper_simulation_T2_C,96.0328317373461,55.63839701770736
paper_simulation_T2_C,96.85362517099863,55.63839701770736
paper_simulation_T2_C,97.67441860465117,55.619757688723205
paper_simulation_T2_C,98.49521203830369,55.619757688723205
paper_simulation_T2_C,99.31600547195623,55.60111835973905
paper_simulation_T2_C,100.13679890560876,55.60111835973905
paper_simulation_T2_C,100.95759233926128,55.619757688723205
paper_simulation_T2_C,101.77838577291382,55.60111835973905
paper_simulation_T2_C,102.59917920656635,55.60111835973905
paper_simulation_T2_C,103.41997264021887,55.60111835973905
paper_simulation_T2_C,104.24076607387141,55.5824790307549
paper_simulation_T2_C,105.06155950752394,55.56383970177074
paper_simulation_T2_C,105.88235294117646,55.54520037278658
paper_simulation_T2_C,106.703146374829,55.526561043802424
paper_simulation_T2_C,107.52393980848153,55.526561043802424
paper_simulation_T2_C,108.34473324213407,55.526561043802424
paper_simulation_T2_C,109.1655266757866,55.507921714818266
paper_simulation_T2_C,109.98632010943912,55.507921714818266
paper_simulation_T2_C,110.80711354309166,55.48928238583411
paper_simulation_T2_C,111.62790697674419,55.48928238583411
paper_simulation_T2_C,112.44870041039671,55.452003727865794
paper_simulation_T2_C,113.26949384404925,55.43336439888164
paper_simulation_T2_C,114.09028727770178,55.43336439888164
paper_simulation_T2_C,114.91108071135432,55.414725069897486
paper_simulation_T2_C,115.73187414500684,55.414725069897486
paper_simulation_T2_C,116.55266757865937,55.414725069897486
paper_simulation_T2_C,117.3734610123119,55.39608574091333
paper_simulation_T2_C,118.19425444596443,55.340167753960856
paper_simulation_T2_C,119.01504787961696,55.35880708294501
paper_simulation_T2_C,119.8358413132695,55.340167753960856
paper_simulation_T2_C,120.65663474692202,55.30288909599254
paper_simulation_T2_C,121.47742818057455,55.3215284249767
paper_simulation_T2_C,122.29822161422709,55.3215284249767
paper_simulation_T2_C,123.11901504787961,55.28424976700839
paper_simulation_T2_C,123.93980848153215,55.26561043802423
paper_simulation_T2_C,124.76060191518468,55.26561043802423
paper_simulation_T2_C,125.5813953488372,55.246971109040075
paper_simulation_T2_C,126.40218878248974,55.246971109040075
paper_simulation_T2_C,127.22298221614227,55.22833178005592
paper_simulation_T2_C,128.0437756497948,55.20969245107176
paper_simulation_T2_C,128.86456908344732,55.1910531220876
paper_simulation_T2_C,129.68536251709986,55.1910531220876
paper_simulation_T2_C,130.5061559507524,55.20969245107176
paper_simulation_T2_C,131.3269493844049,55.1910531220876
paper_simulation_T2_C,132.14774281805745,55.1910531220876
paper_simulation_T2_C,132.96853625171,55.153774464119294
paper_simulation_T2_C,133.7893296853625,55.153774464119294
paper_simulation_T2_C,134.61012311901504,55.11649580615098
paper_simulation_T2_C,135.43091655266758,55.11649580615098
paper_simulation_T2_C,136.25170998632012,55.09785647716682
paper_simulation_T2_C,137.07250341997263,55.079217148182664
paper_simulation_T2_C,137.89329685362517,55.079217148182664
paper_simulation_T2_C,138.7140902872777,55.06057781919851
paper_simulation_T2_C,139.53488372093022,55.04193849021435
paper_simulation_T2_C,140.35567715458276,55.04193849021435
paper_simulation_T2_C,141.1764705882353,55.0232991612302
paper_simulation_T2_C,141.99726402188782,55.0232991612302
paper_simulation_T2_C,142.81805745554036,55.00465983224604
paper_simulation_T2_C,143.6388508891929,55.00465983224604
paper_simulation_T2_C,144.4596443228454,55.00465983224604
paper_simulation_T2_C,145.28043775649795,54.94874184529357
paper_simulation_T2_C,146.1012311901505,54.94874184529357
paper_simulation_T2_C,146.922024623803,54.93010251630941
paper_simulation_T2_C,147.74281805745554,54.94874184529357
paper_simulation_T2_C,148.56361149110808,54.967381174277726
paper_simulation_T2_C,149.3844049247606,54.94874184529357
paper_simulation_T2_C,150.20519835841313,54.91146318732525
paper_simulation_T2_C,151.02599179206567,54.8928238583411
paper_simulation_T2_C,151.8467852257182,54.8928238583411
paper_simulation_T2_C,152.66757865937072,54.8928238583411
paper_simulation_T2_C,153.48837209302326,54.874184529356945
paper_simulation_T2_C,154.3091655266758,54.8928238583411
paper_simulation_T2_C,155.1299589603283,54.85554520037279
paper_simulation_T2_C,155.95075239398085,54.85554520037279
paper_simulation_T2_C,156.7715458276334,54.874184529356945
paper_simulation_T2_C,157.5923392612859,54.874184529356945
paper_simulation_T2_C,158.41313269493844,54.874184529356945
paper_simulation_T2_C,159.23392612859098,54.85554520037279
paper_simulation_T2_C,160.0547195622435,54.85554520037279
paper_simulation_T2_C,160.87551299589603,54.85554520037279
paper_simulation_T2_C,161.69630642954857,54.85554520037279
paper_simulation_T2_C,162.51709986320108,54.85554520037279
paper_simulation_T2_C,163.33789329685362,54.85554520037279
paper_simulation_T2_C,164.15868673050616,54.85554520037279
paper_simulation_T2_C,164.97948016415867,54.83690587138863
paper_simulation_T2_C,165.8002735978112,54.85554520037279
paper_simulation_T2_C,166.62106703146375,54.85554520037279
paper_simulation_T2_C,167.4418604651163,54.85554520037279
paper_simulation_T2_C,168.2626538987688,54.85554520037279
paper_simulation_T2_C,169.08344733242134,54.83690587138863
paper_simulation_T2_C,169.90424076607388,54.85554520037279
paper_simulation_T2_C,170.7250341997264,54.81826654240447
paper_simulation_T2_C,171.54582763337893,54.81826654240447
paper_simulation_T2_C,172.36662106703147,54.85554520037279
paper_simulation_T2_C,173.18741450068399,54.85554520037279
paper_simulation_T2_C,174.00820793433653,54.81826654240447
paper_simulation_T2_C,174.82900136798906,54.85554520037279
paper_simulation_T2_C,175.64979480164158,54.85554520037279
paper_simulation_T2_C,176.47058823529412,54.81826654240447
paper_simulation_T2_C,177.29138166894666,54.81826654240447
paper_simulation_T2_C,178.11217510259917,54.81826654240447
paper_simulation_T2_C,178.9329685362517,54.83690587138863
paper_simulation_T2_C,179.75376196990425,54.83690587138863
paper_simulation_T2_C,180.57455540355676,54.83690587138863
paper_simulation_T2_C,181.3953488372093,54.83690587138863
paper_simulation_T2_C,182.21614227086184,54.83690587138863
paper_simulation_T2_C,183.03693570451438,54.83690587138863
paper_simulation_T2_C,183.8577291381669,54.85554520037279
paper_simulation_T2_C,184.67852257181943,54.85554520037279
paper_simulation_T2_C,185.49931600547197,54.85554520037279
paper_simulation_T2_C,186.32010943912448,54.85554520037279
paper_simulation_T2_C,187.14090287277702,54.85554520037279
paper_simulation_T2_C,187.96169630642956,54.85554520037279
paper_simulation_T2_C,188.78248974008207,54.85554520037279
paper_simulation_T2_C,189.6032831737346,54.85554520037279
paper_simulation_T2_C,190.42407660738715,54.85554520037279
paper_simulation_T2_C,191.24487004103966,54.874184529356945
paper_simulation_T2_C,192.0656634746922,54.874184529356945
paper_simulation_T2_C,192.88645690834474,54.874184529356945
paper_simulation_T2_C,193.70725034199725,54.874184529356945
paper_simulation_T2_C,194.5280437756498,54.874184529356945
paper_simulation_T2_C,195.34883720930233,54.874184529356945
paper_simulation_T2_C,196.16963064295484,54.874184529356945
paper_simulation_T2_C,196.99042407660738,54.8928238583411
paper_simulation_T2_C,197.81121751025992,54.8928238583411
paper_simulation_T2_C,198.63201094391246,54.8928238583411
paper_simulation_T2_C,199.45280437756497,54.8928238583411
paper_simulation_T2_C,200.2735978112175,54.874184529356945
paper_simulation_T2_C,201.09439124487005,54.874184529356945
paper_simulation_T2_C,201.91518467852256,54.8928238583411
paper_simulation_T2_C,202.7359781121751,54.8928238583411
paper_simulation_T2_C,203.55677154582764,54.8928238583411
paper_simulation_T2_C,204.37756497948016,54.8928238583411
paper_simulation_T2_C,205.1983584131327,54.8928238583411
paper_simulation_T2_C,206.01915184678523,54.8928238583411
paper_simulation_T2_C,206.83994528043775,54.8928238583411
paper_simulation_T2_C,207.6607387140903,54.8928238583411
paper_simulation_T2_C,208.48153214774283,54.8928238583411
paper_simulation_T2_C,209.30232558139534,54.8928238583411
paper_simulation_T2_C,210.12311901504788,54.91146318732525
paper_simulation_T2_C,210.94391244870042,54.8928238583411
paper_simulation_T2_C,211.76470588235293,54.91146318732525
paper_simulation_T2_C,212.58549931600547,54.91146318732525
paper_simulation_T2_C,213.406292749658,54.91146318732525
paper_simulation_T2_C,214.22708618331055,54.91146318732525
paper_simulation_T2_C,215.04787961696306,54.91146318732525
paper_simulation_T2_C,215.8686730506156,54.91146318732525
paper_simulation_T2_C,216.68946648426814,54.91146318732525
paper_simulation_T2_C,217.51025991792065,54.91146318732525
paper_simulation_T2_C,218.3310533515732,54.93010251630941
paper_simulation_T2_C,219.15184678522573,54.91146318732525
paper_simulation_T2_C,219.97264021887824,54.91146318732525
paper_simulation_T2_C,220.79343365253078,55.079217148182664
paper_simulation_T2_C,221.61422708618332,55.079217148182664
paper_simulation_T2_C,222.43502051983583,55.00465983224604
paper_simulation_T2_C,223.25581395348837,54.93010251630941
paper_simulation_T2_C,224.0766073871409,54.94252873563219
paper_simulation_T2_C,224.89740082079342,54.95495495495496
paper_simulation_T2_C,225.71819425444596,54.967381174277726
paper_simulation_T2_C,226.5389876880985,55.00465983224604
paper_simulation_T2_C,227.359781121751,55.0232991612302
paper_simulation_T2_C,228.18057455540355,55.00465983224604
paper_simulation_T2_C,229.0013679890561,55.00465983224604
paper_simulation_T2_C,229.82216142270863,55.00465983224604
paper_simulation_T2_C,230.64295485636114,55.0232991612302
paper_simulation_T2_C,231.46374829001368,55.04193849021435
paper_simulation_T2_C,232.28454172366622,55.04193849021435
paper_simulation_T2_C,233.10533515731873,55.04193849021435
paper_simulation_T2_C,233.92612859097127,55.0232991612302
paper_simulation_T2_C,234.7469220246238,55.04193849021435
paper_simulation_T2_C,235.56771545827633,55.04193849021435
paper_simulation_T2_C,236.38850889192886,55.04193849021435
paper_simulation_T2_C,237.2093023255814,55.04193849021435
paper_simulation_T2_C,238.03009575923392,55.04193849021435
paper_simulation_T2_C,238.85088919288646,55.04193849021435
paper_simulation_T2_C,239.671682626539,55.06057781919851
paper_simulation_T2_C,240.4924760601915,55.04193849021435
paper_simulation_T2_C,241.31326949384405,55.04193849021435
paper_simulation_T2_C,242.1340629274966,55.06057781919851
paper_simulation_T2_C,242.9548563611491,55.04193849021435
paper_simulation_T2_C,243.77564979480164,55.04193849021435
paper_simulation_T2_C,244.59644322845418,55.04193849021435
paper_simulation_T2_C,245.41723666210672,55.079217148182664
paper_simulation_T2_C,246.23803009575923,55.079217148182664
paper_simulation_T2_C,247.05882352941177,55.04193849021435
paper_simulation_T2_C,247.8796169630643,55.06057781919851
paper_simulation_T2_C,248.70041039671682,55.06057781919851
paper_simulation_T2_C,249.52120383036936,55.079217148182664
paper_simulation_T2_C,250.3419972640219,55.09785647716682
paper_simulation_T2_C,251.1627906976744,55.09785647716682
paper_simulation_T2_C,251.98358413132695,55.09785647716682
paper_simulation_T2_C,252.8043775649795,55.09785647716682
paper_simulation_T2_C,253.625170998632,55.09785647716682
paper_simulation_T2_C,254.44596443228454,54.93010251630941
paper_simulation_T2_C,255.26675786593708,55.09785647716682
paper_simulation_T2_C,256.0875512995896,55.09785647716682
paper_simulation_T2_C,256.90834473324213,55.09785647716682
paper_simulation_T2_C,257.72913816689464,55.09785647716682
paper_simulation_T2_C,258.5499316005472,55.09785647716682
paper_simulation_T2_C,259.3707250341997,55.09785647716682
paper_simulation_T2_C,260.19151846785223,55.09785647716682
paper_simulation_T2_C,261.0123119015048,55.09785647716682
paper_simulation_T2_C,261.8331053351573,55.09785647716682
paper_simulation_T2_C,262.6538987688098,55.09785647716682
paper_simulation_T2_C,263.4746922024624,55.09785647716682
paper_simulation_T2_C,264.2954856361149,55.09785647716682
paper_simulation_T2_C,265.1162790697674,54.93010251630941
paper_simulation_T2_C,265.93707250342,54.93010251630941
paper_simulation_T2_C,266.7578659370725,54.93010251630941
paper_simulation_T2_C,267.578659370725,54.93010251630941
paper_simulation_T2_C,268.3994528043776,54.93010251630941
paper_simulation_T2_C,269.2202462380301,55.09785647716682
paper_simulation_T2_C,270.04103967168265,55.09785647716682
paper_simulation_T2_C,270.86183310533517,55.09785647716682
paper_simulation_T2_C,271.6826265389877,55.09785647716682
paper_simulation_T2_C,272.50341997264024,55.09785647716682
paper_simulation_T2_C,273.32421340629276,55.09785647716682
paper_simulation_T2_C,274.14500683994527,55.09785647716682
paper_simulation_T2_C,274.96580027359784,55.079217148182664
paper_simulation_T2_C,275.78659370725035,55.04193849021435
paper_simulation_T2_C,276.60738714090286,55.0232991612302
paper_simulation_T2_C,277.4281805745554,55.06057781919851
paper_simulation_T2_C,278.24897400820794,55.04193849021435
paper_simulation_T2_C,279.06976744186045,55.0232991612302
paper_simulation_T2_C,279.890560875513,55.0232991612302
paper_simulation_T2_C,280.71135430916553,55.0232991612302
paper_simulation_T2_C,281.53214774281804,55.04193849021435
paper_simulation_T2_C,282.3529411764706,55.04193849021435
paper_simulation_T2_C,283.1737346101231,55.04193849021435
paper_simulation_T2_C,283.99452804377563,55.04193849021435
paper_simulation_T2_C,284.8153214774282,55.0232991612302
paper_simulation_T2_C,285.6361149110807,55.0232991612302
paper_simulation_T2_C,286.4569083447332,55.0232991612302
paper_simulation_T2_C,287.2777017783858,55.04193849021435
paper_simulation_T2_C,288.0984952120383,55.04193849021435
paper_simulation_T2_C,288.9192886456908,55.0232991612302
paper_simulation_T2_C,289.7400820793434,55.0232991612302
paper_simulation_T2_C,290.5608755129959,55.04193849021435
paper_simulation_T2_C,291.3816689466484,55.0232991612302
paper_simulation_T2_C,292.202462380301,55.0232991612302
paper_simulation_T2_C,293.0232558139535,55.00465983224604
paper_simulation_T2_C,293.844049247606,55.00465983224604
paper_simulation_T2_C,294.66484268125856,55.0232991612302
paper_simulation_T2_C,295.4856361149111,55.0232991612302
paper_simulation_T2_C,296.3064295485636,55.00465983224604
paper_simulation_T2_C,297.12722298221615,55.0232991612302
paper_simulation_T2_C,297.94801641586866,55.0232991612302
paper_simulation_T2_C,298.7688098495212,55.06057781919851
paper_simulation_T2_C,299.58960328317374,55.079217148182664
paper_simulation_T2_C,300.41039671682626,55.079217148182664
paper_simulation_T2_C,301.2311901504788,54.93010251630941
paper_simulation_T2_C,302.05198358413134,54.93010251630941
paper_simulation_T2_C,302.87277701778385,54.93010251630941
paper_simulation_T2_C,303.6935704514364,54.93010251630941
paper_simulation_T2_C,304.5143638850889,55.079217148182664
paper_simulation_T2_C,305.33515731874144,55.079217148182664
paper_simulation_T2_C,306.155950752394,54.93010251630941
paper_simulation_T2_C,306.9767441860465,54.93010251630941
paper_simulation_T2_C,307.797537619699,54.93010251630941
paper_simulation_T2_C,308.6183310533516,54.93010251630941
paper_simulation_T2_C,309.4391244870041,55.079217148182664
paper_simulation_T2_C,310.2599179206566,54.93010251630941
paper_simulation_T2_C,311.0807113543092,55.079217148182664
paper_simulation_T2_C,311.9015047879617,54.93010251630941
paper_simulation_T2_C,312.7222982216142,54.93010251630941
paper_simulation_T2_C,313.5430916552668,54.93010251630941
paper_simulation_T2_C,314.3638850889193,54.93010251630941
paper_simulation_T2_C,315.1846785225718,54.93010251630941
paper_simulation_T2_C,316.00547195622437,54.93010251630941
paper_simulation_T2_C,316.8262653898769,54.93010251630941
paper_simulation_T2_C,317.6470588235294,54.93010251630941
paper_simulation_T2_C,318.46785225718196,54.93010251630941
paper_simulation_T2_C,319.28864569083447,54.93010251630941
paper_simulation_T2_C,320.109439124487,54.93010251630941
paper_simulation_T2_C,320.93023255813955,54.93010251630941
paper_simulation_T2_C,321.75102599179206,54.93010251630941
paper_simulation_T2_C,322.5718194254446,54.93010251630941
paper_simulation_T2_C,323.39261285909714,54.93010251630941
paper_simulation_T2_C,324.21340629274965,55.04193849021435
paper_simulation_T2_C,325.03419972640216,55.00465983224604
paper_simulation_T2_C,325.85499316005473,55.0232991612302
paper_simulation_T2_C,326.67578659370724,55.00465983224604
paper_simulation_T2_C,327.49658002735976,54.986020503261884
paper_simulation_T2_C,328.3173734610123,54.986020503261884
paper_simulation_T2_C,329.13816689466483,54.986020503261884
paper_simulation_T2_C,329.95896032831735,55.00465983224604
paper_simulation_T2_C,330.7797537619699,55.00465983224604
paper_simulation_T2_C,331.6005471956224,54.986020503261884
paper_simulation_T2_C,332.421340629275,54.986020503261884
paper_simulation_T2_C,333.2421340629275,55.00465983224604
paper_simulation_T2_C,334.06292749658,54.986020503261884
paper_simulation_T2_C,334.8837209302326,54.986020503261884
paper_simulation_T2_C,335.7045143638851,55.00465983224604
paper_simulation_T2_C,336.5253077975376,55.00465983224604
paper_simulation_T2_C,337.3461012311902,54.986020503261884
paper_simulation_T2_C,338.1668946648427,55.00465983224604
paper_simulation_T2_C,338.9876880984952,54.986020503261884
paper_simulation_T2_C,339.80848153214777,55.00465983224604
paper_simulation_T2_C,340.6292749658003,55.00465983224604
paper_simulation_T2_C,341.4500683994528,54.986020503261884
paper_simulation_T2_C,342.27086183310536,54.986020503261884
paper_simulation_T2_C,343.09165526675787,54.986020503261884
paper_simulation_T2_C,343.9124487004104,55.00465983224604
paper_simulation_T2_C,344.73324213406295,54.986020503261884
paper_simulation_T2_C,345.55403556771546,54.986020503261884
paper_simulation_T2_C,346.37482900136797,55.00465983224604
paper_simulation_T2_C,347.19562243502054,55.0232991612302
paper_simulation_T2_C,348.01641586867305,54.986020503261884
paper_simulation_T2_C,348.83720930232556,54.94874184529357
paper_simulation_T2_C,349.65800273597813,54.93010251630941
paper_simulation_T2_C,350.47879616963064,54.93010251630941
paper_simulation_T2_C,351.29958960328315,55.079217148182664
paper_simulation_T2_C,352.1203830369357,55.079217148182664
paper_simulation_T2_C,352.94117647058823,54.93010251630941
paper_simulation_T2_C,353.76196990424074,54.93010251630941
paper_simulation_T2_C,354.5827633378933,54.93010251630941
paper_simulation_T2_C,355.4035567715458,55.079217148182664
paper_simulation_T2_C,356.22435020519833,54.93010251630941
paper_simulation_T2_C,357.0451436388509,54.93010251630941
paper_simulation_T2_C,357.8659370725034,54.93010251630941
paper_simulation_T2_C,358.6867305061559,55.079217148182664
paper_simulation_T2_C,359.5075239398085,55.079217148182664
paper_simulation_T2_C,360.328317373461,55.00465983224604
paper_simulation_T2_C,361.1491108071135,54.93010251630941
paper_simulation_T2_C,361.9699042407661,55.079217148182664
paper_simulation_T2_C,362.7906976744186,54.93010251630941
paper_simulation_T2_C,363.61149110807116,55.079217148182664
paper_simulation_T2_C,364.4322845417237,55.079217148182664
paper_simulation_T2_C,365.2530779753762,54.93010251630941
paper_simulation_T2_C,366.07387140902875,55.079217148182664
paper_simulation_T2_C,366.89466484268127,54.93010251630941
paper_simulation_T2_C,367.7154582763338,55.079217148182664
paper_simulation_T2_C,368.53625170998635,55.079217148182664
paper_simulation_T2_C,369.35704514363886,55.079217148182664
paper_simulation_T2_C,370.17783857729137,55.079217148182664
paper_simulation_T2_C,370.99863201094394,55.079217148182664
paper_simulation_T2_C,371.81942544459645,55.079217148182664
paper_simulation_T2_C,372.64021887824896,55.079217148182664
paper_simulation_T2_C,373.4610123119015,55.06057781919851
paper_simulation_T2_C,374.28180574555404,54.986020503261884
paper_simulation_T2_C,375.10259917920655,54.986020503261884
paper_simulation_T2_C,375.9233926128591,55.00465983224604
paper_simulation_T2_C,376.74418604651163,55.00465983224604
paper_simulation_T2_C,377.56497948016414,54.986020503261884
paper_simulation_T2_C,378.3857729138167,55.00465983224604
paper_simulation_T2_C,379.2065663474692,55.0232991612302
paper_simulation_T2_C,380.02735978112173,55.0232991612302
paper_simulation_T2_C,380.8481532147743,55.0232991612302
paper_simulation_T2_C,381.6689466484268,55.0232991612302
paper_simulation_T2_C,382.4897400820793,55.0232991612302
paper_simulation_T2_C,383.3105335157319,55.00465983224604
paper_simulation_T2_C,384.1313269493844,55.00465983224604
paper_simulation_T2_C,384.9521203830369,55.00465983224604
paper_simulation_T2_C,385.7729138166895,55.0232991612302
paper_simulation_T2_C,386.593707250342,55.0232991612302
paper_simulation_T2_C,387.4145006839945,55.00465983224604
paper_simulation_T2_C,388.2352941176471,55.00465983224604
paper_simulation_T2_C,389.0560875512996,55.00465983224604
paper_simulation_T2_C,389.8768809849521,55.00465983224604
paper_simulation_T2_C,390.69767441860466,55.0232991612302
paper_simulation_T2_C,391.5184678522572,55.0232991612302
paper_simulation_T2_C,392.3392612859097,55.0232991612302
paper_simulation_T2_C,393.16005471956225,55.0232991612302
paper_simulation_T2_C,393.98084815321477,55.0232991612302
paper_simulation_T2_C,394.80164158686733,55.00465983224604
paper_simulation_T2_C,395.62243502051984,55.00465983224604
paper_simulation_T2_C,396.44322845417236,55.00465983224604
paper_simulation_T2_C,397.2640218878249,55.00465983224604
paper_simulation_T2_C,398.08481532147744,55.06057781919851
paper_simulation_T2_C,398.90560875512995,54.94874184529357
paper_simulation_T2_C,399.7264021887825,55.079217148182664
paper_simulation_T2_C,400.547195622435,55.079217148182664
paper_simulation_T2_C,401.36798905608754,55.079217148182664
paper_simulation_T2_C,402.1887824897401,54.93010251630941
paper_simulation_T2_C,403.0095759233926,55.079217148182664
paper_simulation_T2_C,403.83036935704513,55.079217148182664
paper_simulation_T2_C,404.6511627906977,54.93010251630941
paper_simulation_T2_C,405.4719562243502,54.93010251630941
paper_simulation_T2_C,406.2927496580027,55.079217148182664
paper_simulation_T2_C,407.1135430916553,54.93010251630941
paper_simulation_T2_C,407.9343365253078,55.079217148182664
paper_simulation_T2_C,408.7551299589603,55.079217148182664
paper_simulation_T2_C,409.5759233926129,55.079217148182664
paper_simulation_T2_C,410.3967168262654,54.93010251630941
paper_simulation_T2_C,411.2175102599179,54.93010251630941
paper_simulation_T2_C,412.03830369357047,54.93010251630941
paper_simulation_T2_C,412.859097127223,54.93010251630941
paper_simulation_T2_C,413.6798905608755,55.079217148182664
paper_simulation_T2_C,414.50068399452806,55.079217148182664
paper_simulation_T2_C,415.3214774281806,55.079217148182664
paper_simulation_T2_C,416.1422708618331,55.079217148182664
paper_simulation_T2_C,416.96306429548565,54.93010251630941
paper_simulation_T2_C,417.78385772913816,54.93010251630941
paper_simulation_T2_C,418.6046511627907,54.93010251630941
paper_simulation_T2_C,419.42544459644324,54.93010251630941
paper_simulation_T2_C,420.24623803009575,54.93010251630941
paper_simulation_T2_C,421.06703146374826,54.93010251630941
paper_simulation_T2_C,421.88782489740083,54.93010251630941
paper_simulation_T2_C,422.70861833105334,54.94874184529357
paper_simulation_T2_C,423.52941176470586,54.94874184529357
paper_simulation_T2_C,424.3502051983584,55.00465983224604
paper_simulation_T2_C,425.17099863201094,55.00465983224604
paper_simulation_T2_C,425.99179206566345,55.00465983224604
paper_simulation_T2_C,426.812585499316,54.986020503261884
paper_simulation_T2_C,427.6333789329685,54.986020503261884
paper_simulation_T2_C,428.4541723666211,54.986020503261884
paper_simulation_T2_C,429.2749658002736,55.00465983224604
paper_simulation_T2_C,430.0957592339261,55.00465983224604
paper_simulation_T2_C,430.9165526675787,55.00465983224604
paper_simulation_T2_C,431.7373461012312,55.0232991612302
paper_simulation_T2_C,432.5581395348837,55.04193849021435
paper_simulation_T2_C,433.3789329685363,55.0232991612302
paper_simulation_T2_C,434.1997264021888,55.04193849021435
paper_simulation_T2_C,435.0205198358413,55.00465983224604
paper_simulation_T2_C,435.84131326949387,55.00465983224604
paper_simulation_T2_C,436.6621067031464,55.00465983224604
paper_simulation_T2_C,437.4829001367989,55.04193849021435
paper_simulation_T2_C,438.30369357045146,55.00465983224604
paper_simulation_T2_C,439.12448700410397,55.00465983224604
paper_simulation_T2_C,439.9452804377565,55.00465983224604
paper_simulation_T2_C,440.76607387140905,55.0232991612302
paper_simulation_T2_C,441.58686730506156,55.0232991612302
paper_simulation_T2_C,442.40766073871407,55.00465983224604
paper_simulation_T2_C,443.22845417236664,55.00465983224604
paper_simulation_T2_C,444.04924760601915,54.986020503261884
paper_simulation_T2_C,444.87004103967166,55.00465983224604
paper_simulation_T2_C,445.69083447332423,55.0232991612302
paper_simulation_T2_C,446.51162790697674,55.00465983224604
paper_simulation_T2_C,447.33242134062925,55.00465983224604
paper_simulation_T2_C,448.1532147742818,54.93010251630941
paper_simulation_T2_C,448.97400820793433,54.93010251630941
paper_simulation_T2_C,449.79480164158684,55.079217148182664
paper_simulation_T2_C,450.6155950752394,54.93010251630941
paper_simulation_T2_C,451.4363885088919,55.079217148182664
paper_simulation_T2_C,452.25718194254443,55.079217148182664
paper_simulation_T2_C,453.077975376197,55.079217148182664
paper_simulation_T2_C,453.8987688098495,54.93010251630941
paper_simulation_T2_C,454.719562243502,54.93010251630941
paper_simulation_T2_C,455.5403556771546,55.079217148182664
paper_simulation_T2_C,456.3611491108071,55.079217148182664
paper_simulation_T2_C,457.1819425444596,54.93010251630941
paper_simulation_T2_C,458.0027359781122,54.93010251630941
paper_simulation_T2_C,458.8235294117647,54.93010251630941
paper_simulation_T2_C,459.64432284541726,55.079217148182664
paper_simulation_T2_C,460.4651162790698,55.079217148182664
paper_simulation_T2_C,461.2859097127223,55.079217148182664
paper_simulation_T2_C,462.10670314637485,55.079217148182664
paper_simulation_T2_C,462.92749658002737,54.93010251630941
paper_simulation_T2_C,463.7482900136799,54.93010251630941
paper_simulation_T2_C,464.56908344733245,55.079217148182664
paper_simulation_T2_C,465.38987688098496,54.93010251630941
paper_simulation_T2_C,466.21067031463747,54.93010251630941
paper_simulation_T2_C,467.03146374829004,54.93010251630941
paper_simulation_T2_C,467.85225718194255,55.079217148182664
paper_simulation_T2_C,468.67305061559506,54.93010251630941
paper_simulation_T2_C,469.4938440492476,55.079217148182664
paper_simulation_T2_C,470.31463748290014,55.079217148182664
paper_simulation_T2_C,471.13543091655265,54.93010251630941
paper_simulation_T2_C,471.9562243502052,54.94874184529357
paper_simulation_T2_C,472.77701778385773,54.94874184529357
paper_simulation_T2_C,473.59781121751024,55.00465983224604
paper_simulation_T2_C,474.4186046511628,55.00465983224604
paper_simulation_T2_C,475.2393980848153,55.0232991612302
paper_simulation_T2_C,476.06019151846783,54.986020503261884
paper_simulation_T2_C,476.8809849521204,55.00465983224604
paper_simulation_T2_C,477.7017783857729,55.00465983224604
paper_simulation_T2_C,478.5225718194254,55.00465983224604
paper_simulation_T2_C,479.343365253078,55.00465983224604
paper_simulation_T2_C,480.1641586867305,55.00465983224604
paper_simulation_T2_C,480.984952120383,55.00465983224604
paper_simulation_T2_C,481.8057455540356,54.986020503261884
paper_simulation_T2_C,482.6265389876881,55.00465983224604
paper_simulation_T2_C,483.4473324213406,55.00465983224604
paper_simulation_T2_C,484.2681258549932,55.00465983224604
paper_simulation_T2_C,485.0889192886457,55.00465983224604
paper_simulation_T2_C,485.9097127222982,55.00465983224604
paper_simulation_T2_C,486.73050615595076,55.00465983224604
paper_simulation_T2_C,487.5512995896033,54.986020503261884
paper_simulation_T2_C,488.3720930232558,55.00465983224604
paper_simulation_T2_C,489.19288645690835,54.986020503261884
paper_simulation_T2_C,490.01367989056087,54.986020503261884
paper_simulation_T2_C,490.83447332421343,55.00465983224604
paper_simulation_T2_C,491.65526675786595,55.00465983224604
paper_simulation_T2_C,492.47606019151846,55.00465983224604
paper_simulation_T2_C,493.296853625171,55.0232991612302
paper_simulation_T2_C,494.11764705882354,55.0232991612302
paper_simulation_T2_C,494.93844049247605,55.00465983224604
paper_simulation_T2_C,495.7592339261286,55.00465983224604
paper_simulation_T2_C,496.5800273597811,55.04193849021435
paper_simulation_T2_C,497.40082079343364,55.06057781919851
paper_simulation_T2_C,498.2216142270862,54.93010251630941
paper_simulation_T2_C,499.0424076607387,55.079217148182664
paper_simulation_T2_C,499.86320109439123,54.93010251630941
paper_simulation_T2_C,500.6839945280438,55.079217148182664
paper_simulation_T2_C,501.5047879616963,55.079217148182664
paper_simulation_T2_C,502.3255813953488,54.93010251630941
paper_simulation_T2_C,503.1463748290014,54.93010251630941
paper_simulation_T2_C,503.9671682626539,54.93010251630941
paper_simulation_T2_C,504.7879616963064,55.079217148182664
paper_simulation_T2_C,505.608755129959,55.079217148182664
paper_simulation_T2_C,506.4295485636115,55.079217148182664
paper_simulation_T2_C,507.250341997264,55.079217148182664
paper_simulation_T2_C,508.07113543091657,54.93010251630941
paper_simulation_T2_C,508.8919288645691,55.079217148182664
paper_simulation_T2_C,509.7127222982216,54.93010251630941
paper_simulation_T2_C,510.53351573187416,54.93010251630941
paper_simulation_T2_C,511.3543091655267,54.93010251630941
paper_simulation_T2_C,512.1751025991792,55.079217148182664
paper_simulation_T2_C,512.9958960328318,55.079217148182664
paper_simulation_T2_C,513.8166894664843,54.93010251630941
paper_simulation_T2_C,514.6374829001368,54.93010251630941
paper_simulation_T2_C,515.4582763337893,54.93010251630941
paper_simulation_T2_C,516.2790697674419,54.93010251630941
paper_simulation_T2_C,517.0998632010944,54.93010251630941
paper_simulation_T2_C,517.9206566347469,55.079217148182664
paper_simulation_T2_C,518.7414500683994,55.079217148182664
paper_simulation_T2_C,519.562243502052,55.079217148182664
paper_simulation_T2_C,520.3830369357045,54.93010251630941
paper_simulation_T2_C,521.2038303693571,54.93010251630941
paper_simulation_T2_C,522.0246238030096,54.94874184529357
paper_simulation_T2_C,522.8454172366621,54.986020503261884
paper_simulation_T2_C,523.6662106703146,55.00465983224604
paper_simulation_T2_C,524.4870041039671,55.00465983224604
paper_simulation_T2_C,525.3077975376196,55.00465983224604
paper_simulation_T2_C,526.1285909712723,55.00465983224604
paper_simulation_T2_C,526.9493844049248,55.00465983224604
paper_simulation_T2_C,527.7701778385773,54.986020503261884
paper_simulation_T2_C,528.5909712722298,55.00465983224604
paper_simulation_T2_C,529.4117647058823,55.00465983224604
paper_simulation_T2_C,530.2325581395348,55.00465983224604
paper_simulation_T2_C,531.0533515731875,55.00465983224604
paper_simulation_T2_C,531.87414500684,54.986020503261884
paper_simulation_T2_C,532.6949384404925,54.986020503261884
paper_simulation_T2_C,533.515731874145,55.00465983224604
paper_simulation_T2_C,534.3365253077975,54.986020503261884
paper_simulation_T2_C,535.15731874145,55.00465983224604
paper_simulation_T2_C,535.9781121751026,55.00465983224604
paper_simulation_T2_C,536.7989056087551,55.0232991612302
paper_simulation_T2_C,537.6196990424077,55.0232991612302
paper_simulation_T2_C,538.4404924760602,55.00465983224604
paper_simulation_T2_C,539.2612859097127,55.00465983224604
paper_simulation_T2_C,540.0820793433653,55.00465983224604
paper_simulation_T2_C,540.9028727770178,55.00465983224604
paper_simulation_T2_C,541.7236662106703,55.00465983224604
paper_simulation_T2_C,542.5444596443228,54.986020503261884
paper_simulation_T2_C,543.3652530779754,55.00465983224604
paper_simulation_T2_C,544.1860465116279,55.0232991612302
paper_simulation_T2_C,545.0068399452805,55.0232991612302
paper_simulation_T2_C,545.827633378933,55.00465983224604
paper_simulation_T2_C,546.6484268125855,54.967381174277726
paper_simulation_T2_C,547.469220246238,54.93010251630941
paper_simulation_T2_C,548.2900136798905,54.93010251630941
paper_simulation_T2_C,549.110807113543,55.079217148182664
paper_simulation_T2_C,549.9316005471957,54.93010251630941
paper_simulation_T2_C,550.7523939808482,54.93010251630941
paper_simulation_T2_C,551.5731874145007,54.93010251630941
paper_simulation_T2_C,552.3939808481532,55.079217148182664
paper_simulation_T2_C,553.2147742818057,55.079217148182664
paper_simulation_T2_C,554.0355677154582,55.079217148182664
paper_simulation_T2_C,554.8563611491109,55.079217148182664
paper_simulation_T2_C,555.6771545827634,55.079217148182664
paper_simulation_T2_C,556.4979480164159,55.079217148182664
paper_simulation_T2_C,557.3187414500684,55.079217148182664
paper_simulation_T2_C,558.1395348837209,54.93010251630941
paper_simulation_T2_C,558.9603283173734,54.93010251630941
paper_simulation_T2_C,559.781121751026,54.93010251630941
paper_simulation_T2_C,560.6019151846785,55.079217148182664
paper_simulation_T2_C,561.4227086183311,55.00465983224604
paper_simulation_T2_C,562.2435020519836,54.93010251630941
paper_simulation_T2_C,563.0642954856361,54.93010251630941
paper_simulation_T2_C,563.8850889192886,54.93010251630941
paper_simulation_T2_C,564.7058823529412,54.93010251630941
paper_simulation_T2_C,565.5266757865937,54.93010251630941
paper_simulation_T2_C,566.3474692202462,54.93010251630941
paper_simulation_T2_C,567.1682626538988,54.93010251630941
paper_simulation_T2_C,567.9890560875513,54.93010251630941
paper_simulation_T2_C,568.8098495212039,54.93010251630941
paper_simulation_T2_C,569.6306429548564,54.93010251630941
paper_simulation_T2_C,570.4514363885089,54.93010251630941
paper_simulation_T2_C,571.2722298221614,54.93010251630941
paper_simulation_T2_C,572.0930232558139,54.94874184529357
paper_simulation_T2_C,572.9138166894664,55.0232991612302
paper_simulation_T2_C,573.7346101231191,54.986020503261884
paper_simulation_T2_C,574.5554035567716,55.00465983224604
paper_simulation_T2_C,575.3761969904241,55.0232991612302
paper_simulation_T2_C,576.1969904240766,55.00465983224604
paper_simulation_T2_C,577.0177838577291,55.00465983224604
paper_simulation_T2_C,577.8385772913816,55.0232991612302
paper_simulation_T2_C,578.6593707250343,55.00465983224604
paper_simulation_T2_C,579.4801641586868,55.00465983224604
paper_simulation_T2_C,580.3009575923393,55.00465983224604
paper_simulation_T2_C,581.1217510259918,55.00465983224604
paper_simulation_T2_C,581.9425444596443,55.00465983224604
paper_simulation_T2_C,582.7633378932968,55.00465983224604
paper_simulation_T2_C,583.5841313269494,55.00465983224604
paper_simulation_T2_C,584.404924760602,55.00465983224604
paper_simulation_T2_C,585.2257181942545,55.00465983224604
paper_simulation_T2_C,586.046511627907,55.00465983224604
paper_simulation_T2_C,586.8673050615595,55.00465983224604
paper_simulation_T2_C,587.688098495212,55.00465983224604
paper_simulation_T2_C,588.5088919288646,55.00465983224604
paper_simulation_T2_C,589.3296853625171,55.00465983224604
paper_simulation_T2_C,590.1504787961696,55.00465983224604
paper_simulation_T2_C,590.9712722298221,55.00465983224604
paper_simulation_T2_C,591.7920656634747,55.00465983224604
paper_simulation_T2_C,592.6128590971272,55.00465983224604
paper_simulation_T2_C,593.4336525307798,55.00465983224604
paper_simulation_T2_C,594.2544459644323,55.00465983224604
paper_simulation_T2_C,595.0752393980848,55.00465983224604
paper_simulation_T2_C,595.8960328317373,54.94874184529357
paper_simulation_T2_C,596.7168262653898,54.94874184529357
paper_simulation_T2_C,597.5376196990424,55.079217148182664
paper_simulation_T2_C,598.358413132695,54.93010251630941
paper_simulation_T2_C,599.1792065663475,55.079217148182664
paper_simulation_T2_C,600.0,55.079217148182664
paper_simulation_T2_C,600.8207934336525,55.079217148182664
paper_simulation_T2_C,601.641586867305,54.93010251630941
paper_simulation_T2_C,602.4623803009576,54.93010251630941
paper_simulation_T2_C,603.2831737346102,55.079217148182664
paper_simulation_T2_C,604.1039671682627,55.079217148182664
paper_simulation_T2_C,604.9247606019152,55.079217148182664
paper_simulation_T2_C,605.7455540355677,55.079217148182664
paper_simulation_T2_C,606.5663474692202,55.079217148182664
paper_simulation_T2_C,607.3871409028728,55.079217148182664
paper_simulation_T2_C,608.2079343365253,55.079217148182664
paper_simulation_T2_C,609.0287277701779,55.079217148182664
paper_simulation_T2_C,609.8495212038304,54.93010251630941
paper_simulation_T2_C,610.6703146374829,54.93010251630941
paper_simulation_T2_C,611.4911080711354,54.93010251630941
paper_simulation_T2_C,612.311901504788,54.93010251630941
paper_simulation_T2_C,613.1326949384405,54.93010251630941
paper_simulation_T2_C,613.953488372093,54.93010251630941
paper_simulation_T2_C,614.7742818057455,55.079217148182664
paper_simulation_T2_C,615.595075239398,55.079217148182664
paper_simulation_T2_C,616.4158686730506,54.93010251630941
paper_simulation_T2_C,617.2366621067032,54.93010251630941
paper_simulation_T2_C,618.0574555403557,54.93010251630941
paper_simulation_T2_C,618.8782489740082,54.93010251630941
paper_simulation_T2_C,619.6990424076607,54.93010251630941
paper_simulation_T2_C,620.5198358413132,54.94874184529357
paper_simulation_T2_C,621.3406292749657,54.94874184529357
paper_simulation_T2_C,622.1614227086184,55.00465983224604
paper_simulation_T2_C,622.9822161422709,55.00465983224604
paper_simulation_T2_C,623.8030095759234,55.00465983224604
paper_simulation_T2_C,624.6238030095759,55.0232991612302
paper_simulation_T2_C,625.4445964432284,55.00465983224604
paper_simulation_T2_C,626.2653898768809,55.00465983224604
paper_simulation_T2_C,627.0861833105336,55.00465983224604
paper_simulation_T2_C,627.9069767441861,54.986020503261884
paper_simulation_T2_C,628.7277701778386,54.986020503261884
paper_simulation_T2_C,629.5485636114911,55.00465983224604
paper_simulation_T2_C,630.3693570451436,55.00465983224604
paper_simulation_T2_C,631.1901504787961,55.0232991612302
paper_simulation_T2_C,632.0109439124487,55.00465983224604
paper_simulation_T2_C,632.8317373461012,55.00465983224604
paper_simulation_T2_C,633.6525307797538,54.986020503261884
paper_simulation_T2_C,634.4733242134063,54.986020503261884
paper_simulation_T2_C,635.2941176470588,54.986020503261884
paper_simulation_T2_C,636.1149110807114,54.986020503261884
paper_simulation_T2_C,636.9357045143639,54.986020503261884
paper_simulation_T2_C,637.7564979480164,54.986020503261884
paper_simulation_T2_C,638.5772913816689,54.986020503261884
paper_simulation_T2_C,639.3980848153215,54.986020503261884
paper_simulation_T2_C,640.218878248974,54.986020503261884
paper_simulation_T2_C,641.0396716826266,55.00465983224604
paper_simulation_T2_C,641.8604651162791,55.00465983224604
paper_simulation_T2_C,642.6812585499316,55.0232991612302
paper_simulation_T2_C,643.5020519835841,55.0232991612302
paper_simulation_T2_C,644.3228454172366,55.0232991612302
paper_simulation_T2_C,645.1436388508891,55.00465983224604
paper_simulation_T2_C,645.9644322845418,54.94874184529357
paper_simulation_T2_C,646.7852257181943,54.93010251630941
paper_simulation_T2_C,647.6060191518468,55.079217148182664
paper_simulation_T2_C,648.4268125854993,55.079217148182664
paper_simulation_T2_C,649.2476060191518,55.079217148182664
paper_simulation_T2_C,650.0683994528043,55.079217148182664
paper_simulation_T2_C,650.889192886457,54.93010251630941
paper_simulation_T2_C,651.7099863201095,55.079217148182664
paper_simulation_T2_C,652.530779753762,55.079217148182664
paper_simulation_T2_C,653.3515731874145,54.93010251630941
paper_simulation_T2_C,654.172366621067,54.93010251630941
paper_simulation_T2_C,654.9931600547195,54.93010251630941
paper_simulation_T2_C,655.8139534883721,54.93010251630941
paper_simulation_T2_C,656.6347469220246,54.93010251630941
paper_simulation_T2_C,657.4555403556772,55.079217148182664
paper_simulation_T2_C,658.2763337893297,54.93010251630941
paper_simulation_T2_C,659.0971272229822,54.93010251630941
paper_simulation_T2_C,659.9179206566347,55.079217148182664
paper_simulation_T2_C,660.7387140902873,55.079217148182664
paper_simulation_T2_C,661.5595075239398,55.079217148182664
paper_simulation_T2_C,662.3803009575923,54.93010251630941
paper_simulation_T2_C,663.2010943912449,54.93010251630941
paper_simulation_T2_C,664.0218878248974,54.93010251630941
paper_simulation_T2_C,664.84268125855,54.93010251630941
paper_simulation_T2_C,665.6634746922025,54.93010251630941
paper_simulation_T2_C,666.484268125855,54.93010251630941
paper_simulation_T2_C,667.3050615595075,54.93010251630941
paper_simulation_T2_C,668.12585499316,54.93010251630941
paper_simulation_T2_C,668.9466484268125,54.93010251630941
paper_simulation_T2_C,669.7674418604652,54.93010251630941
paper_simulation_T2_C,670.5882352941177,54.94874184529357
paper_simulation_T2_C,671.4090287277702,55.0232991612302
paper_simulation_T2_C,672.2298221614227,55.00465983224604
paper_simulation_T2_C,673.0506155950752,55.00465983224604
paper_simulation_T2_C,673.8714090287277,55.0232991612302
paper_simulation_T2_C,674.6922024623804,55.00465983224604
paper_simulation_T2_C,675.5129958960329,55.0232991612302
paper_simulation_T2_C,676.3337893296854,55.00465983224604
paper_simulation_T2_C,677.1545827633379,55.00465983224604
paper_simulation_T2_C,677.9753761969904,55.0232991612302
paper_simulation_T2_C,678.7961696306429,55.0232991612302
paper_simulation_T2_C,679.6169630642955,55.0232991612302
paper_simulation_T2_C,680.437756497948,55.0232991612302
paper_simulation_T2_C,681.2585499316006,55.00465983224604
paper_simulation_T2_C,682.0793433652531,54.986020503261884
paper_simulation_T2_C,682.9001367989056,55.00465983224604
paper_simulation_T2_C,683.7209302325581,55.0232991612302
paper_simulation_T2_C,684.5417236662107,55.0232991612302
paper_simulation_T2_C,685.3625170998632,55.00465983224604
paper_simulation_T2_C,686.1833105335157,55.0232991612302
paper_simulation_T2_C,687.0041039671682,55.00465983224604
paper_simulation_T2_C,687.8248974008208,55.00465983224604
paper_simulation_T2_C,688.6456908344733,55.00465983224604
paper_simulation_T2_C,689.4664842681259,55.00465983224604
paper_simulation_T2_C,690.2872777017784,55.00465983224604
paper_simulation_T2_C,691.1080711354309,55.0232991612302
paper_simulation_T2_C,691.9288645690834,55.00465983224604
paper_simulation_T2_C,692.7496580027359,54.986020503261884
paper_simulation_T2_C,693.5704514363885,55.00465983224604
paper_simulation_T2_C,694.3912448700411,54.986020503261884
paper_simulation_T2_C,695.2120383036936,54.94874184529357
paper_simulation_T2_C,696.0328317373461,54.94874184529357
paper_simulation_T2_C,696.8536251709986,54.94874184529357
paper_simulation_T2_C,697.6744186046511,54.93010251630941
paper_simulation_T2_C,698.4952120383037,55.079217148182664
paper_simulation_T2_C,699.3160054719563,55.00465983224604
paper_simulation_T2_C,700.1367989056088,54.93010251630941
paper_simulation_T2_C,700.9575923392613,55.079217148182664
paper_simulation_T2_C,701.7783857729138,55.079217148182664
paper_simulation_T2_C,702.5991792065663,55.079217148182664
paper_simulation_T2_C,703.4199726402189,54.93010251630941
paper_simulation_T2_C,704.2407660738714,54.93010251630941
paper_simulation_T2_C,705.061559507524,54.93010251630941
paper_simulation_T2_C,705.8823529411765,55.00465983224604
paper_simulation_T2_C,706.703146374829,55.079217148182664
paper_simulation_T2_C,707.5239398084815,55.079217148182664
paper_simulation_T2_C,708.3447332421341,55.079217148182664
paper_simulation_T2_C,709.1655266757866,54.93010251630941
paper_simulation_T2_C,709.9863201094391,54.93010251630941
paper_simulation_T2_C,710.8071135430916,55.079217148182664
paper_simulation_T2_C,711.6279069767442,54.93010251630941
paper_simulation_T2_C,712.4487004103967,55.079217148182664
paper_simulation_T2_C,713.2694938440493,54.93010251630941
paper_simulation_T2_C,714.0902872777018,55.079217148182664
paper_simulation_T2_C,714.9110807113543,54.93010251630941
paper_simulation_T2_C,715.7318741450068,54.93010251630941
paper_simulation_T2_C,716.5526675786593,54.93010251630941
paper_simulation_T2_C,717.3734610123119,55.079217148182664
paper_simulation_T2_C,718.1942544459645,54.93010251630941
paper_simulation_T2_C,719.015047879617,54.93010251630941
paper_simulation_T2_C,719.8358413132695,54.94874184529357
paper_simulation_T2_C,720.656634746922,54.94874184529357
paper_simulation_T2_C,721.4774281805745,55.00465983224604
paper_simulation_T2_C,722.298221614227,55.0232991612302
paper_simulation_T2_C,723.1190150478797,55.00465983224604
paper_simulation_T2_C,723.9398084815322,55.0232991612302
paper_simulation_T2_C,724.7606019151847,55.00465983224604
paper_simulation_T2_C,725.5813953488372,55.00465983224604
paper_simulation_T2_C,726.4021887824897,55.00465983224604
paper_simulation_T2_C,727.2229822161423,55.00465983224604
paper_simulation_T2_C,728.0437756497948,55.0232991612302
paper_simulation_T2_C,728.8645690834473,55.00465983224604
paper_simulation_T2_C,729.6853625170999,54.986020503261884
paper_simulation_T2_C,730.5061559507524,54.986020503261884
paper_simulation_T2_C,731.3269493844049,54.986020503261884
paper_simulation_T2_C,732.1477428180575,55.0232991612302
paper_simulation_T2_C,732.96853625171,55.0232991612302
paper_simulation_T2_C,733.7893296853625,55.00465983224604
paper_simulation_T2_C,734.610123119015,55.00465983224604
paper_simulation_T2_C,735.4309165526676,55.00465983224604
paper_simulation_T2_C,736.2517099863201,55.0232991612302
paper_simulation_T2_C,737.0725034199727,55.0232991612302
paper_simulation_T2_C,737.8932968536252,55.0232991612302
paper_simulation_T2_C,738.7140902872777,55.00465983224604
paper_simulation_T2_C,739.5348837209302,55.0232991612302
paper_simulation_T2_C,740.3556771545827,55.0232991612302
paper_simulation_T2_C,741.1764705882352,55.00465983224604
paper_simulation_T2_C,741.9972640218879,55.00465983224604
paper_simulation_T2_C,742.8180574555404,54.986020503261884
paper_simulation_T2_C,743.6388508891929,55.00465983224604
paper_simulation_T2_C,744.4596443228454,54.967381174277726
paper_simulation_T2_C,745.2804377564979,55.06057781919851
paper_simulation_T2_C,746.1012311901504,55.079217148182664
paper_simulation_T2_C,746.922024623803,55.079217148182664
paper_simulation_T2_C,747.7428180574556,55.079217148182664
paper_simulation_T2_C,748.5636114911081,55.079217148182664
paper_simulation_T2_C,749.3844049247606,55.079217148182664
paper_simulation_T2_C,750.2051983584131,54.93010251630941
paper_simulation_T2_C,751.0259917920656,54.93010251630941
paper_simulation_T2_C,751.8467852257182,54.93010251630941
paper_simulation_T2_C,752.6675786593707,54.93010251630941
paper_simulation_T2_C,753.4883720930233,54.93010251630941
paper_simulation_T2_C,754.3091655266758,55.079217148182664
paper_simulation_T2_C,755.1299589603283,55.079217148182664
paper_simulation_T2_C,755.9507523939808,55.079217148182664
paper_simulation_T2_C,756.7715458276334,54.93010251630941
paper_simulation_T2_C,757.5923392612859,54.93010251630941
paper_simulation_T2_C,758.4131326949384,54.93010251630941
paper_simulation_T2_C,759.233926128591,54.93010251630941
paper_simulation_T2_C,760.0547195622435,54.93010251630941
paper_simulation_T2_C,760.8755129958961,54.93010251630941
paper_simulation_T2_C,761.6963064295486,54.93010251630941
paper_simulation_T2_C,762.5170998632011,54.93010251630941
paper_simulation_T2_C,763.3378932968536,54.93010251630941
paper_simulation_T2_C,764.1586867305061,54.93010251630941
paper_simulation_T2_C,764.9794801641586,54.93010251630941
paper_simulation_T2_C,765.8002735978113,54.93010251630941
paper_simulation_T2_C,766.6210670314638,54.93010251630941
paper_simulation_T2_C,767.4418604651163,54.93010251630941
paper_simulation_T2_C,768.2626538987688,54.93010251630941
paper_simulation_T2_C,769.0834473324213,54.94874184529357
paper_simulation_T2_C,769.9042407660738,54.94874184529357
paper_simulation_T2_C,770.7250341997265,55.00465983224604
paper_simulation_T2_C,771.545827633379,55.00465983224604
paper_simulation_T2_C,772.3666210670315,55.0232991612302
paper_simulation_T2_C,773.187414500684,55.00465983224604
paper_simulation_T2_C,774.0082079343365,55.0232991612302
paper_simulation_T2_C,774.829001367989,55.00465983224604
paper_simulation_T2_C,775.6497948016416,55.00465983224604
paper_simulation_T2_C,776.4705882352941,55.00465983224604
paper_simulation_T2_C,777.2913816689467,55.00465983224604
paper_simulation_T2_C,778.1121751025992,55.00465983224604
paper_simulation_T2_C,778.9329685362517,55.00465983224604
paper_simulation_T2_C,779.7537619699042,55.0232991612302
paper_simulation_T2_C,780.5745554035568,55.0232991612302
paper_simulation_T2_C,781.3953488372093,55.00465983224604
paper_simulation_T2_C,782.2161422708618,55.0232991612302
paper_simulation_T2_C,783.0369357045143,55.00465983224604
paper_simulation_T2_C,783.8577291381669,54.986020503261884
paper_simulation_T2_C,784.6785225718194,55.00465983224604
paper_simulation_T2_C,785.499316005472,55.00465983224604
paper_simulation_T2_C,786.3201094391245,54.986020503261884
paper_simulation_T2_C,787.140902872777,55.00465983224604
paper_simulation_T2_C,787.9616963064295,55.00465983224604
paper_simulation_T2_C,788.782489740082,55.00465983224604
paper_simulation_T2_C,789.6032831737347,55.00465983224604
paper_simulation_T2_C,790.4240766073872,54.986020503261884
paper_simulation_T2_C,791.2448700410397,55.00465983224604
paper_simulation_T2_C,792.0656634746922,55.0232991612302
paper_simulation_T2_C,792.8864569083447,55.00465983224604
paper_simulation_T2_C,793.7072503419972,55.00465983224604
paper_simulation_T2_C,794.5280437756498,54.94874184529357
paper_simulation_T2_C,795.3488372093024,54.93010251630941
paper_simulation_T2_C,796.1696306429549,54.93010251630941
paper_simulation_T2_C,796.9904240766074,55.079217148182664
paper_simulation_T2_C,797.8112175102599,55.079217148182664
paper_simulation_T2_C,798.6320109439124,54.93010251630941
paper_simulation_T2_C,799.452804377565,54.93010251630941
paper_simulation_T2_C,800.2735978112175,54.93010251630941
paper_simulation_T2_C,801.09439124487,54.93010251630941
paper_simulation_T2_C,801.9151846785226,54.93010251630941
paper_simulation_T2_C,802.7359781121751,54.93010251630941
paper_simulation_T2_C,803.5567715458276,54.93010251630941
paper_simulation_T2_C,804.3775649794802,54.93010251630941
paper_simulation_T2_C,805.1983584131327,54.93010251630941
paper_simulation_T2_C,806.0191518467852,54.93010251630941
paper_simulation_T2_C,806.8399452804377,55.079217148182664
paper_simulation_T2_C,807.6607387140903,55.079217148182664
paper_simulation_T2_C,808.4815321477428,55.079217148182664
paper_simulation_T2_C,809.3023255813954,55.079217148182664
paper_simulation_T2_C,810.1231190150479,55.079217148182664
paper_simulation_T2_C,810.9439124487004,55.079217148182664
paper_simulation_T2_C,811.7647058823529,55.079217148182664
paper_simulation_T2_C,812.5854993160054,54.93010251630941
paper_simulation_T2_C,813.406292749658,54.979807393600495
paper_simulation_T2_C,814.2270861833106,55.02951227089158
paper_simulation_T2_C,815.0478796169631,55.079217148182664
paper_simulation_T2_C,815.8686730506156,54.93010251630941
paper_simulation_T2_C,816.6894664842681,55.079217148182664
paper_simulation_T2_C,817.5102599179206,54.93010251630941
paper_simulation_T2_C,818.3310533515731,54.93010251630941
paper_simulation_T2_C,819.1518467852258,54.94874184529357
paper_simulation_T2_C,819.9726402188783,54.986020503261884
paper_simulation_T2_C,820.7934336525308,55.00465983224604
paper_simulation_T2_C,821.6142270861833,55.0232991612302
paper_simulation_T2_C,822.4350205198358,55.00465983224604
paper_simulation_T2_C,823.2558139534884,54.986020503261884
paper_simulation_T2_C,824.0766073871409,55.00465983224604
paper_simulation_T2_C,824.8974008207935,55.00465983224604
paper_simulation_T2_C,825.718194254446,55.00465983224604
paper_simulation_T2_C,826.5389876880985,55.00465983224604
paper_simulation_T2_C,827.359781121751,55.00465983224604
paper_simulation_T2_C,828.1805745554036,55.00465983224604
paper_simulation_T2_C,829.0013679890561,55.00465983224604
paper_simulation_T2_C,829.8221614227086,55.00465983224604
paper_simulation_T2_C,830.6429548563611,55.00465983224604
paper_simulation_T2_C,831.4637482900137,54.986020503261884
paper_simulation_T2_C,832.2845417236662,54.986020503261884
paper_simulation_T2_C,833.1053351573188,54.986020503261884
paper_simulation_T2_C,833.9261285909713,55.00465983224604
paper_simulation_T2_C,834.7469220246238,54.986020503261884
paper_simulation_T2_C,835.5677154582763,55.00465983224604
paper_simulation_T2_C,836.3885088919288,55.00465983224604
paper_simulation_T2_C,837.2093023255813,55.00465983224604
paper_simulation_T2_C,838.030095759234,55.00465983224604
paper_simulation_T2_C,838.8508891928865,54.986020503261884
paper_simulation_T2_C,839.671682626539,55.00465983224604
paper_simulation_T2_C,840.4924760601915,55.00465983224604
paper_simulation_T2_C,841.313269493844,55.00465983224604
paper_simulation_T2_C,842.1340629274965,54.986020503261884
paper_simulation_T2_C,842.9548563611492,55.00465983224604
paper_simulation_T2_C,843.7756497948017,55.04193849021435
paper_simulation_T2_C,844.5964432284542,54.93010251630941
paper_simulation_T2_C,845.4172366621067,54.93010251630941
paper_simulation_T2_C,846.2380300957592,54.93010251630941
paper_simulation_T2_C,847.0588235294117,54.93010251630941
paper_simulation_T2_C,847.8796169630643,54.93010251630941
paper_simulation_T2_C,848.7004103967168,55.079217148182664
paper_simulation_T2_C,849.5212038303694,55.079217148182664
paper_simulation_T2_C,850.3419972640219,55.079217148182664
paper_simulation_T2_C,851.1627906976744,54.93010251630941
paper_simulation_T2_C,851.9835841313269,54.93010251630941
paper_simulation_T2_C,852.8043775649795,54.93010251630941
paper_simulation_T2_C,853.625170998632,54.93010251630941
paper_simulation_T2_C,854.4459644322845,54.93010251630941
paper_simulation_T2_C,855.266757865937,55.079217148182664
paper_simulation_T2_C,856.0875512995896,54.93010251630941
paper_simulation_T2_C,856.9083447332422,54.93010251630941
paper_simulation_T2_C,857.7291381668947,55.079217148182664
paper_simulation_T2_C,858.5499316005472,54.93010251630941
paper_simulation_T2_C,859.3707250341997,54.93010251630941
paper_simulation_T2_C,860.1915184678522,54.93010251630941
paper_simulation_T2_C,861.0123119015047,54.93010251630941
paper_simulation_T2_C,861.8331053351574,55.079217148182664
paper_simulation_T2_C,862.6538987688099,55.079217148182664
paper_simulation_T2_C,863.4746922024624,55.079217148182664
paper_simulation_T2_C,864.2954856361149,55.079217148182664
paper_simulation_T2_C,865.1162790697674,55.079217148182664
paper_simulation_T2_C,865.9370725034199,55.079217148182664
paper_simulation_T2_C,866.7578659370726,55.079217148182664
paper_simulation_T2_C,867.5786593707251,55.079217148182664
paper_simulation_T2_C,868.3994528043776,54.94874184529357
paper_simulation_T2_C,869.2202462380301,54.94874184529357
paper_simulation_T2_C,870.0410396716826,55.0232991612302
paper_simulation_T2_C,870.8618331053351,55.0232991612302
paper_simulation_T2_C,871.6826265389877,55.0232991612302
paper_simulation_T2_C,872.5034199726402,55.0232991612302
paper_simulation_T2_C,873.3242134062928,55.0232991612302
paper_simulation_T2_C,874.1450068399453,55.00465983224604
paper_simulation_T2_C,874.9658002735978,55.00465983224604
paper_simulation_T2_C,875.7865937072503,54.986020503261884
paper_simulation_T2_C,876.6073871409029,54.986020503261884
paper_simulation_T2_C,877.4281805745554,54.986020503261884
paper_simulation_T2_C,878.2489740082079,55.00465983224604
paper_simulation_T2_C,879.0697674418604,55.0232991612302
paper_simulation_T2_C,879.890560875513,55.00465983224604
paper_simulation_T2_C,880.7113543091655,55.00465983224604
paper_simulation_T2_C,881.5321477428181,55.00465983224604
paper_simulation_T2_C,882.3529411764706,55.00465983224604
paper_simulation_T2_C,883.1737346101231,54.986020503261884
paper_simulation_T2_C,883.9945280437756,54.986020503261884
paper_simulation_T2_C,884.8153214774281,54.986020503261884
paper_simulation_T2_C,885.6361149110808,54.986020503261884
paper_simulation_T2_C,886.4569083447333,55.00465983224604
paper_simulation_T2_C,887.2777017783858,55.00465983224604
paper_simulation_T2_C,888.0984952120383,55.00465983224604
paper_simulation_T2_C,888.9192886456908,55.0232991612302
paper_simulation_T2_C,889.7400820793433,55.0232991612302
paper_simulation_T2_C,890.560875512996,55.00465983224604
paper_simulation_T2_C,891.3816689466485,55.0232991612302
paper_simulation_T2_C,892.202462380301,55.00465983224604
paper_simulation_T2_C,893.0232558139535,54.967381174277726
paper_simulation_T2_C,893.844049247606,55.06057781919851
paper_simulation_T2_C,894.6648426812585,55.079217148182664
paper_simulation_T2_C,895.4856361149111,55.079217148182664
paper_simulation_T2_C,896.3064295485636,55.079217148182664
paper_simulation_T2_C,897.1272229822162,55.079217148182664
paper_simulation_T2_C,897.9480164158687,55.079217148182664
paper_simulation_T2_C,898.7688098495212,55.079217148182664
paper_simulation_T2_C,899.5896032831737,55.079217148182664
paper_simulation_T2_C,900.4103967168263,55.079217148182664
paper_simulation_T2_C,901.2311901504788,55.00465983224604
paper_simulation_T2_C,902.0519835841313,54.93010251630941
paper_simulation_T2_C,902.8727770177838,55.079217148182664
paper_simulation_T2_C,903.6935704514364,55.079217148182664
paper_simulation_T2_C,904.5143638850889,55.079217148182664
paper_simulation_T2_C,905.3351573187415,54.93010251630941
paper_simulation_T2_C,906.155950752394,54.93010251630941
paper_simulation_T2_C,906.9767441860465,54.93010251630941
paper_simulation_T2_C,907.797537619699,54.93010251630941
paper_simulation_T2_C,908.6183310533515,54.93010251630941
paper_simulation_T2_C,909.439124487004,54.93010251630941
paper_simulation_T2_C,910.2599179206567,54.967381174277726
paper_simulation_T2_C,911.0807113543092,55.00465983224604
paper_simulation_T2_C,911.9015047879617,55.04193849021435
paper_simulation_T2_C,912.7222982216142,55.079217148182664
paper_simulation_T2_C,913.5430916552667,55.079217148182664
paper_simulation_T2_C,914.3638850889192,55.079217148182664
paper_simulation_T2_C,915.1846785225719,54.93010251630941
paper_simulation_T2_C,916.0054719562244,54.93010251630941
paper_simulation_T2_C,916.8262653898769,54.93010251630941
paper_simulation_T2_C,917.6470588235294,54.93010251630941
paper_simulation_T2_C,918.4678522571819,54.94874184529357
paper_simulation_T2_C,919.2886456908345,54.986020503261884
paper_simulation_T2_C,920.109439124487,55.0232991612302
paper_simulation_T2_C,920.9302325581396,55.0232991612302
paper_simulation_T2_C,921.7510259917921,55.00465983224604
paper_simulation_T2_C,922.5718194254446,55.00465983224604
paper_simulation_T2_C,923.3926128590971,55.00465983224604
paper_simulation_T2_C,924.2134062927497,55.0232991612302
paper_simulation_T2_C,925.0341997264022,55.00465983224604
paper_simulation_T2_C,925.8549931600547,55.00465983224604
paper_simulation_T2_C,926.6757865937072,55.00465983224604
paper_simulation_T2_C,927.4965800273598,55.00465983224604
paper_simulation_T2_C,928.3173734610123,55.00465983224604
paper_simulation_T2_C,929.1381668946649,55.0232991612302
paper_simulation_T2_C,929.9589603283174,55.00465983224604
paper_simulation_T2_C,930.7797537619699,55.00465983224604
paper_simulation_T2_C,931.6005471956224,55.00465983224604
paper_simulation_T2_C,932.4213406292749,55.00465983224604
paper_simulation_T2_C,933.2421340629274,55.00465983224604
paper_simulation_T2_C,934.0629274965801,55.00465983224604
paper_simulation_T2_C,934.8837209302326,55.0232991612302
paper_simulation_T2_C,935.7045143638851,55.0232991612302
paper_simulation_T2_C,936.5253077975376,55.00465983224604
paper_simulation_T2_C,937.3461012311901,55.00465983224604
paper_simulation_T2_C,938.1668946648426,55.00465983224604
paper_simulation_T2_C,938.9876880984953,55.00465983224604
paper_simulation_T2_C,939.8084815321478,55.00465983224604
paper_simulation_T2_C,940.6292749658003,54.986020503261884
paper_simulation_T2_C,941.4500683994528,55.00465983224604
paper_simulation_T2_C,942.2708618331053,54.967381174277726
paper_simulation_T2_C,943.0916552667578,54.94874184529357
paper_simulation_T2_C,943.9124487004104,54.93010251630941
paper_simulation_T2_C,944.733242134063,55.079217148182664
paper_simulation_T2_C,945.5540355677155,55.079217148182664
paper_simulation_T2_C,946.374829001368,55.079217148182664
paper_simulation_T2_C,947.1956224350205,55.079217148182664
paper_simulation_T2_C,948.0164158686731,55.079217148182664
paper_simulation_T2_C,948.8372093023256,55.079217148182664
paper_simulation_T2_C,949.6580027359781,55.079217148182664
paper_simulation_T2_C,950.4787961696306,55.079217148182664
paper_simulation_T2_C,951.2995896032832,54.93010251630941
paper_simulation_T2_C,952.1203830369357,54.93010251630941
paper_simulation_T2_C,952.9411764705883,54.93010251630941
paper_simulation_T2_C,953.7619699042408,54.93010251630941
paper_simulation_T2_C,954.5827633378933,55.079217148182664
paper_simulation_T2_C,955.4035567715458,55.079217148182664
paper_simulation_T2_C,956.2243502051983,55.079217148182664
paper_simulation_T2_C,957.0451436388508,54.93010251630941
paper_simulation_T2_C,957.8659370725035,54.93010251630941
paper_simulation_T2_C,958.686730506156,54.93010251630941
paper_simulation_T2_C,959.5075239398085,54.93010251630941
paper_simulation_T2_C,960.328317373461,54.93010251630941
paper_simulation_T2_C,961.1491108071135,54.93010251630941
paper_simulation_T2_C,961.969904240766,55.079217148182664
paper_simulation_T2_C,962.7906976744187,55.079217148182664
paper_simulation_T2_C,963.6114911080712,54.93010251630941
paper_simulation_T2_C,964.4322845417237,55.079217148182664
paper_simulation_T2_C,965.2530779753762,54.93010251630941
paper_simulation_T2_C,966.0738714090287,54.93010251630941
paper_simulation_T2_C,966.8946648426812,54.93010251630941
paper_simulation_T2_C,967.7154582763338,54.94874184529357
paper_simulation_T2_C,968.5362517099863,54.967381174277726
paper_simulation_T2_C,969.3570451436389,55.00465983224604
paper_simulation_T2_C,970.1778385772914,55.00465983224604
paper_simulation_T2_C,970.9986320109439,55.00465983224604
paper_simulation_T2_C,971.8194254445964,55.00465983224604
paper_simulation_T2_C,972.640218878249,54.986020503261884
paper_simulation_T2_C,973.4610123119015,54.986020503261884
paper_simulation_T2_C,974.281805745554,54.986020503261884
paper_simulation_T2_C,975.1025991792065,55.00465983224604
paper_simulation_T2_C,975.9233926128591,55.04193849021435
paper_simulation_T2_C,976.7441860465116,55.00465983224604
paper_simulation_T2_C,977.5649794801642,54.986020503261884
paper_simulation_T2_C,978.3857729138167,54.986020503261884
paper_simulation_T2_C,979.2065663474692,55.00465983224604
paper_simulation_T2_C,980.0273597811217,55.0232991612302
paper_simulation_T2_C,980.8481532147742,55.00465983224604
paper_simulation_T2_C,981.6689466484269,55.00465983224604
paper_simulation_T2_C,982.4897400820794,55.00465983224604
paper_simulation_T2_C,983.3105335157319,55.00465983224604
paper_simulation_T2_C,984.1313269493844,55.0232991612302
paper_simulation_T2_C,984.9521203830369,55.0232991612302
paper_simulation_T2_C,985.7729138166894,55.00465983224604
paper_simulation_T2_C,986.593707250342,54.986020503261884
paper_simulation_T2_C,987.4145006839946,54.986020503261884
paper_simulation_T2_C,988.2352941176471,55.00465983224604
paper_simulation_T2_C,989.0560875512996,54.986020503261884
paper_simulation_T2_C,989.8768809849521,55.00465983224604
paper_simulation_T2_C,990.6976744186046,55.00465983224604
paper_simulation_T2_C,991.5184678522572,55.00465983224604
paper_simulation_T2_C,992.3392612859097,54.94874184529357
paper_simulation_T2_C,993.1600547195623,54.94874184529357
paper_simulation_T2_C,993.9808481532148,54.93010251630941
paper_simulation_T2_C,994.8016415868673,54.93010251630941
paper_simulation_T2_C,995.6224350205198,54.93010251630941
paper_simulation_T2_C,996.4432284541724,54.93010251630941
paper_simulation_T2_C,997.2640218878249,54.93010251630941
paper_simulation_T2_C,998.0848153214774,54.93010251630941
paper_simulation_T2_C,998.90560875513,54.93010251630941
paper_simulation_T2_C,999.7264021887825,54.93010251630941
paper_simulation_T2_C,1000.547195622435,55.079217148182664
paper_simulation_T2_C,1001.3679890560876,55.079217148182664
paper_simulation_T2_C,1002.1887824897401,55.079217148182664
paper_simulation_T2_C,1003.0095759233926,55.079217148182664
paper_simulation_T2_C,1003.8303693570451,55.079217148182664
paper_simulation_T2_C,1004.6511627906976,55.079217148182664
paper_simulation_T2_C,1005.4719562243502,54.93010251630941
paper_simulation_T2_C,1006.2927496580028,55.079217148182664
paper_simulation_T2_C,1007.1135430916553,55.079217148182664
paper_simulation_T2_C,1007.9343365253078,55.079217148182664
paper_simulation_T2_C,1008.7551299589603,54.93010251630941
paper_simulation_T2_C,1009.5759233926128,54.93010251630941
paper_simulation_T2_C,1010.3967168262653,54.93010251630941
paper_simulation_T2_C,1011.217510259918,54.93010251630941
paper_simulation_T2_C,1012.0383036935705,54.93010251630941
paper_simulation_T2_C,1012.859097127223,54.93010251630941
paper_simulation_T2_C,1013.6798905608755,54.93010251630941
paper_simulation_T2_C,1014.500683994528,54.93010251630941
paper_simulation_T2_C,1015.3214774281806,54.93010251630941
paper_simulation_T2_C,1016.1422708618331,54.99534016775396
paper_simulation_T2_C,1016.9630642954857,55.06057781919851
paper_simulation_T2_C,1017.7838577291382,55.06057781919851
paper_simulation_T2_C,1018.6046511627907,55.00465983224604
paper_simulation_T2_C,1019.4254445964432,55.0232991612302
paper_simulation_T2_C,1020.2462380300958,55.00465983224604
paper_simulation_T2_C,1021.0670314637483,55.00465983224604
paper_simulation_T2_C,1021.8878248974008,55.00465983224604
paper_simulation_T2_C,1022.7086183310533,54.986020503261884
paper_simulation_T2_C,1023.5294117647059,55.0232991612302
paper_simulation_T2_C,1024.3502051983585,55.0232991612302
paper_simulation_T2_C,1025.1709986320109,55.0232991612302
paper_simulation_T2_C,1025.9917920656635,55.0232991612302
paper_simulation_T2_C,1026.812585499316,54.986020503261884
paper_simulation_T2_C,1027.6333789329685,54.986020503261884
paper_simulation_T2_C,1028.4541723666212,55.00465983224604
paper_simulation_T2_C,1029.2749658002735,55.00465983224604
paper_simulation_T2_C,1030.0957592339262,54.986020503261884
paper_simulation_T2_C,1030.9165526675786,55.00465983224604
paper_simulation_T2_C,1031.7373461012312,54.986020503261884
paper_simulation_T2_C,1032.5581395348838,54.986020503261884
paper_simulation_T2_C,1033.3789329685362,55.00465983224604
paper_simulation_T2_C,1034.1997264021888,55.00465983224604
paper_simulation_T2_C,1035.0205198358412,54.986020503261884
paper_simulation_T2_C,1035.8413132694939,54.986020503261884
paper_simulation_T2_C,1036.6621067031463,55.00465983224604
paper_simulation_T2_C,1037.482900136799,55.00465983224604
paper_simulation_T2_C,1038.3036935704515,55.00465983224604
paper_simulation_T2_C,1039.124487004104,54.986020503261884
paper_simulation_T2_C,1039.9452804377565,55.00465983224604
paper_simulation_T2_C,1040.766073871409,54.986020503261884
paper_simulation_T2_C,1041.5868673050616,54.967381174277726
paper_simulation_T2_C,1042.4076607387142,54.94874184529357
paper_simulation_T2_C,1043.2284541723666,54.93010251630941
paper_simulation_T2_C,1044.0492476060192,54.93010251630941
paper_simulation_T2_C,1044.8700410396716,55.079217148182664
paper_simulation_T2_C,1045.6908344733242,55.079217148182664
paper_simulation_T2_C,1046.5116279069769,54.93010251630941
paper_simulation_T2_C,1047.3324213406293,55.079217148182664
paper_simulation_T2_C,1048.1532147742819,55.079217148182664
paper_simulation_T2_C,1048.9740082079343,55.079217148182664
paper_simulation_T2_C,1049.794801641587,55.079217148182664
paper_simulation_T2_C,1050.6155950752393,55.079217148182664
paper_simulation_T2_C,1051.436388508892,55.079217148182664
paper_simulation_T2_C,1052.2571819425445,54.93010251630941
paper_simulation_T2_C,1053.077975376197,55.079217148182664
paper_simulation_T2_C,1053.8987688098496,54.93010251630941
paper_simulation_T2_C,1054.719562243502,54.93010251630941
paper_simulation_T2_C,1055.5403556771546,54.93010251630941
paper_simulation_T2_C,1056.3611491108072,55.079217148182664
paper_simulation_T2_C,1057.1819425444596,54.93010251630941
paper_simulation_T2_C,1058.0027359781122,55.09785647716682
paper_simulation_T2_C,1058.8235294117646,55.079217148182664
paper_simulation_T2_C,1059.6443228454173,55.079217148182664
paper_simulation_T2_C,1060.4651162790697,55.079217148182664
paper_simulation_T2_C,1061.2859097127223,55.04193849021435
paper_simulation_T2_C,1062.106703146375,55.00465983224604
paper_simulation_T2_C,1062.9274965800273,54.967381174277726
paper_simulation_T2_C,1063.74829001368,54.93010251630941
paper_simulation_T2_C,1064.5690834473323,54.93010251630941
paper_simulation_T2_C,1065.389876880985,54.93010251630941
paper_simulation_T2_C,1066.2106703146376,54.93010251630941
paper_simulation_T2_C,1067.03146374829,54.94874184529357
paper_simulation_T2_C,1067.8522571819426,55.0232991612302
paper_simulation_T2_C,1068.673050615595,55.00465983224604
paper_simulation_T2_C,1069.4938440492476,55.0232991612302
paper_simulation_T2_C,1070.3146374829,55.00465983224604
paper_simulation_T2_C,1071.1354309165527,54.986020503261884
paper_simulation_T2_C,1071.9562243502053,54.986020503261884
paper_simulation_T2_C,1072.7770177838577,55.00465983224604
paper_simulation_T2_C,1073.5978112175103,55.00465983224604
paper_simulation_T2_C,1074.4186046511627,55.00465983224604
paper_simulation_T2_C,1075.2393980848153,55.0232991612302
paper_simulation_T2_C,1076.060191518468,55.00465983224604
paper_simulation_T2_C,1076.8809849521203,55.00465983224604
paper_simulation_T2_C,1077.701778385773,55.0232991612302
paper_simulation_T2_C,1078.5225718194254,55.0232991612302
paper_simulation_T2_C,1079.343365253078,55.00465983224604
paper_simulation_T2_C,1080.1641586867306,55.00465983224604
paper_simulation_T2_C,1080.984952120383,55.00465983224604
paper_simulation_T2_C,1081.8057455540356,55.00465983224604
paper_simulation_T2_C,1082.626538987688,55.00465983224604
paper_simulation_T2_C,1083.4473324213407,55.00465983224604
paper_simulation_T2_C,1084.268125854993,55.00465983224604
paper_simulation_T2_C,1085.0889192886457,54.986020503261884
paper_simulation_T2_C,1085.9097127222983,55.00465983224604
paper_simulation_T2_C,1086.7305061559507,55.00465983224604
paper_simulation_T2_C,1087.5512995896033,54.986020503261884
paper_simulation_T2_C,1088.3720930232557,54.986020503261884
paper_simulation_T2_C,1089.1928864569084,55.00465983224604
paper_simulation_T2_C,1090.013679890561,55.00465983224604
paper_simulation_T2_C,1090.8344733242134,54.94874184529357
paper_simulation_T2_C,1091.655266757866,54.94874184529357
paper_simulation_T2_C,1092.4760601915184,54.93010251630941
paper_simulation_T2_C,1093.296853625171,55.079217148182664
paper_simulation_T2_C,1094.1176470588234,55.079217148182664
paper_simulation_T2_C,1094.938440492476,55.079217148182664
paper_simulation_T2_C,1095.7592339261287,55.079217148182664
paper_simulation_T2_C,1096.580027359781,55.079217148182664
paper_simulation_T2_C,1097.4008207934337,55.079217148182664
paper_simulation_T2_C,1098.221614227086,55.079217148182664
paper_simulation_T2_C,1099.0424076607387,55.079217148182664
paper_simulation_T2_C,1099.8632010943913,54.93010251630941
paper_simulation_T2_C,1100.6839945280437,54.93010251630941
paper_simulation_T2_C,1101.5047879616964,54.93010251630941
paper_simulation_T2_C,1102.3255813953488,54.93010251630941
paper_simulation_T2_C,1103.1463748290014,54.93010251630941
paper_simulation_T2_C,1103.9671682626538,54.93010251630941
paper_simulation_T2_C,1104.7879616963064,54.93010251630941
paper_simulation_T2_C,1105.608755129959,55.079217148182664
paper_simulation_T2_C,1106.4295485636114,55.079217148182664
paper_simulation_T2_C,1107.250341997264,54.93010251630941
paper_simulation_T2_C,1108.0711354309165,54.93010251630941
paper_simulation_T2_C,1108.891928864569,54.93010251630941
paper_simulation_T2_C,1109.7127222982217,54.93010251630941
paper_simulation_T2_C,1110.533515731874,55.079217148182664
paper_simulation_T2_C,1111.3543091655267,55.079217148182664
paper_simulation_T2_C,1112.1751025991791,54.93010251630941
paper_simulation_T2_C,1112.9958960328318,55.079217148182664
paper_simulation_T2_C,1113.8166894664844,55.079217148182664
paper_simulation_T2_C,1114.6374829001368,55.079217148182664
paper_simulation_T2_C,1115.4582763337894,54.93010251630941
paper_simulation_T2_C,1116.2790697674418,54.94874184529357
paper_simulation_T2_C,1117.0998632010944,54.967381174277726
paper_simulation_T2_C,1117.9206566347468,55.00465983224604
paper_simulation_T2_C,1118.7414500683994,55.00465983224604
paper_simulation_T2_C,1119.562243502052,54.986020503261884
paper_simulation_T2_C,1120.3830369357045,54.986020503261884
paper_simulation_T2_C,1121.203830369357,54.986020503261884
paper_simulation_T2_C,1122.0246238030095,55.00465983224604
paper_simulation_T2_C,1122.8454172366621,55.00465983224604
paper_simulation_T2_C,1123.6662106703147,55.00465983224604
paper_simulation_T2_C,1124.4870041039671,55.00465983224604
paper_simulation_T2_C,1125.3077975376198,55.00465983224604
paper_simulation_T2_C,1126.1285909712722,55.00465983224604
paper_simulation_T2_C,1126.9493844049248,54.986020503261884
paper_simulation_T2_C,1127.7701778385772,54.986020503261884
paper_simulation_T2_C,1128.5909712722298,55.00465983224604
paper_simulation_T2_C,1129.4117647058824,55.00465983224604
paper_simulation_T2_C,1130.2325581395348,55.00465983224604
paper_simulation_T2_C,1131.0533515731875,54.986020503261884
paper_simulation_T2_C,1131.8741450068399,55.00465983224604
paper_simulation_T2_C,1132.6949384404925,55.00465983224604
paper_simulation_T2_C,1133.515731874145,55.00465983224604
paper_simulation_T2_C,1134.3365253077975,54.986020503261884
paper_simulation_T2_C,1135.1573187414501,55.0232991612302
paper_simulation_T2_C,1135.9781121751025,55.0232991612302
paper_simulation_T2_C,1136.7989056087551,55.00465983224604
paper_simulation_T2_C,1137.6196990424078,55.0232991612302
paper_simulation_T2_C,1138.4404924760602,55.0232991612302
paper_simulation_T2_C,1139.2612859097128,55.00465983224604
paper_simulation_T2_C,1140.0820793433652,55.00465983224604
paper_simulation_T2_C,1140.9028727770178,54.967381174277726
paper_simulation_T2_C,1141.7236662106702,54.93010251630941
paper_simulation_T2_C,1142.5444596443228,54.93010251630941
paper_simulation_T2_C,1143.3652530779755,55.079217148182664
paper_simulation_T2_C,1144.1860465116279,55.079217148182664
paper_simulation_T2_C,1145.0068399452805,54.93010251630941
paper_simulation_T2_C,1145.827633378933,54.93010251630941
paper_simulation_T2_C,1146.6484268125855,54.93010251630941
paper_simulation_T2_C,1147.4692202462381,54.93010251630941
paper_simulation_T2_C,1148.2900136798905,54.93010251630941
paper_simulation_T2_C,1149.1108071135432,54.93010251630941
paper_simulation_T2_C,1149.9316005471956,54.93010251630941
paper_simulation_T2_C,1150.7523939808482,54.93010251630941
paper_simulation_T2_C,1151.5731874145006,54.93010251630941
paper_simulation_T2_C,1152.3939808481532,54.93010251630941
paper_simulation_T2_C,1153.2147742818058,55.079217148182664
paper_simulation_T2_C,1154.0355677154582,55.079217148182664
paper_simulation_T2_C,1154.8563611491109,55.09785647716682
paper_simulation_T2_C,1155.6771545827633,55.079217148182664
paper_simulation_T2_C,1156.4979480164159,54.93010251630941
paper_simulation_T2_C,1157.3187414500685,54.93010251630941
paper_simulation_T2_C,1158.139534883721,54.93010251630941
paper_simulation_T2_C,1158.9603283173735,55.079217148182664
paper_simulation_T2_C,1159.781121751026,55.079217148182664
paper_simulation_T2_C,1160.6019151846785,54.93010251630941
paper_simulation_T2_C,1161.422708618331,55.079217148182664
paper_simulation_T2_C,1162.2435020519836,55.079217148182664
paper_simulation_T2_C,1163.0642954856362,55.079217148182664
paper_simulation_T2_C,1163.8850889192886,54.93010251630941
paper_simulation_T2_C,1164.7058823529412,54.93010251630941
paper_simulation_T2_C,1165.5266757865936,54.986020503261884
paper_simulation_T2_C,1166.3474692202462,55.04193849021435
paper_simulation_T2_C,1167.1682626538989,54.986020503261884
paper_simulation_T2_C,1167.9890560875513,55.00465983224604
paper_simulation_T2_C,1168.809849521204,55.00465983224604
paper_simulation_T2_C,1169.6306429548563,55.0232991612302
paper_simulation_T2_C,1170.451436388509,55.0232991612302
paper_simulation_T2_C,1171.2722298221615,55.0232991612302
paper_simulation_T2_C,1172.093023255814,55.00465983224604
paper_simulation_T2_C,1172.9138166894666,54.986020503261884
paper_simulation_T2_C,1173.734610123119,54.986020503261884
paper_simulation_T2_C,1174.5554035567716,55.00465983224604
paper_simulation_T2_C,1175.376196990424,55.0232991612302
paper_simulation_T2_C,1176.1969904240766,55.0232991612302
paper_simulation_T2_C,1177.0177838577292,55.00465983224604
paper_simulation_T2_C,1177.8385772913816,55.00465983224604
paper_simulation_T2_C,1178.6593707250343,55.00465983224604
paper_simulation_T2_C,1179.4801641586866,55.00465983224604
paper_simulation_T2_C,1180.3009575923393,55.00465983224604
paper_simulation_T2_C,1181.121751025992,55.00465983224604
paper_simulation_T2_C,1181.9425444596443,55.00465983224604
paper_simulation_T2_C,1182.763337893297,55.00465983224604
paper_simulation_T2_C,1183.5841313269493,55.00465983224604
paper_simulation_T2_C,1184.404924760602,54.986020503261884
paper_simulation_T2_C,1185.2257181942543,55.0232991612302
paper_simulation_T2_C,1186.046511627907,55.00465983224604
paper_simulation_T2_C,1186.8673050615596,55.0232991612302
paper_simulation_T2_C,1187.688098495212,55.04193849021435
paper_simulation_T2_C,1188.5088919288646,55.00465983224604
paper_simulation_T2_C,1189.329685362517,55.00465983224604
paper_simulation_T2_C,1190.1504787961696,54.94874184529357
paper_simulation_T2_C,1190.9712722298223,54.93010251630941
paper_simulation_T2_C,1191.7920656634747,54.93010251630941
paper_simulation_T2_C,1192.6128590971273,54.93010251630941
paper_simulation_T2_C,1193.4336525307797,54.93010251630941
paper_simulation_T2_C,1194.2544459644323,55.079217148182664
paper_simulation_T2_C,1195.0752393980847,55.079217148182664
paper_simulation_T2_C,1195.8960328317373,55.079217148182664
paper_simulation_T2_C,1196.71682626539,55.079217148182664
paper_simulation_T2_C,1197.5376196990424,55.079217148182664
paper_simulation_T2_C,1198.358413132695,55.079217148182664
paper_simulation_T2_C,1199.1792065663474,55.079217148182664
paper_simulation_T2_C,1200.0,55.079217148182664
paper_simulation_T3_C,0.0,53.83038210624417
paper_simulation_T3_C,0.8207934336525308,53.83038210624417
paper_simulation_T3_C,1.6415868673050615,53.83038210624417
paper_simulation_T3_C,2.462380300957592,53.84902143522833
paper_simulation_T3_C,3.283173734610123,53.83038210624417
paper_simulation_T3_C,4.1039671682626535,53.84902143522833
paper_simulation_T3_C,4.924760601915184,53.83038210624417
paper_simulation_T3_C,5.745554035567715,53.86766076421249
paper_simulation_T3_C,6.566347469220246,53.886300093196645
paper_simulation_T3_C,7.387140902872777,53.86766076421249
paper_simulation_T3_C,8.207934336525307,53.886300093196645
paper_simulation_T3_C,9.028727770177838,53.9049394221808
paper_simulation_T3_C,9.849521203830369,53.9049394221808
paper_simulation_T3_C,10.6703146374829,53.94221808014912
paper_simulation_T3_C,11.49110807113543,53.979496738117426
paper_simulation_T3_C,12.311901504787961,53.99813606710158
paper_simulation_T3_C,13.132694938440492,53.979496738117426
paper_simulation_T3_C,13.953488372093023,54.054054054054056
paper_simulation_T3_C,14.774281805745554,54.072693383038214
paper_simulation_T3_C,15.595075239398085,54.091332712022364
paper_simulation_T3_C,16.415868673050614,54.10997204100652
paper_simulation_T3_C,17.236662106703147,54.14725069897484
paper_simulation_T3_C,18.057455540355676,54.14725069897484
paper_simulation_T3_C,18.87824897400821,54.259086672879775
paper_simulation_T3_C,19.699042407660738,54.259086672879775
paper_simulation_T3_C,20.51983584131327,54.352283317800556
paper_simulation_T3_C,21.3406292749658,54.333643988816405
paper_simulation_T3_C,22.161422708618332,54.352283317800556
paper_simulation_T3_C,22.98221614227086,54.38956197576887
paper_simulation_T3_C,23.803009575923394,54.426840633737186
paper_simulation_T3_C,24.623803009575923,54.426840633737186
paper_simulation_T3_C,25.444596443228455,54.538676607642124
paper_simulation_T3_C,26.265389876880985,54.55731593662628
paper_simulation_T3_C,27.086183310533517,54.5945945945946
paper_simulation_T3_C,27.906976744186046,54.613233923578754
paper_simulation_T3_C,28.72777017783858,54.706430568499535
paper_simulation_T3_C,29.548563611491108,54.68779123951538
paper_simulation_T3_C,30.369357045143637,54.81826654240447
paper_simulation_T3_C,31.19015047879617,54.874184529356945
paper_simulation_T3_C,32.0109439124487,54.91146318732525
paper_simulation_T3_C,32.83173734610123,54.874184529356945
paper_simulation_T3_C,33.65253077975376,54.986020503261884
paper_simulation_T3_C,34.47332421340629,54.986020503261884
paper_simulation_T3_C,35.294117647058826,55.13513513513514
paper_simulation_T3_C,36.11491108071135,55.13513513513514
paper_simulation_T3_C,36.935704514363884,55.153774464119294
paper_simulation_T3_C,37.75649794801642,55.172413793103445
paper_simulation_T3_C,38.57729138166895,55.26561043802423
paper_simulation_T3_C,39.398084815321475,55.26561043802423
paper_simulation_T3_C,40.21887824897401,55.37744641192917
paper_simulation_T3_C,41.03967168262654,55.39608574091333
paper_simulation_T3_C,41.86046511627907,55.48928238583411
paper_simulation_T3_C,42.6812585499316,55.507921714818266
paper_simulation_T3_C,43.50205198358413,55.526561043802424
paper_simulation_T3_C,44.322845417236664,55.56383970177074
paper_simulation_T3_C,45.14363885088919,55.67567567567568
paper_simulation_T3_C,45.96443228454172,55.67567567567568
paper_simulation_T3_C,46.785225718194255,55.65703634669152
paper_simulation_T3_C,47.60601915184679,55.7502329916123
paper_simulation_T3_C,48.42681258549931,55.82479030754893
paper_simulation_T3_C,49.247606019151846,55.787511649580615
paper_simulation_T3_C,50.06839945280438,55.91798695246971
paper_simulation_T3_C,50.88919288645691,55.91798695246971
paper_simulation_T3_C,51.70998632010944,55.955265610438026
paper_simulation_T3_C,52.53077975376197,56.04846225535881
paper_simulation_T3_C,53.3515731874145,56.04846225535881
paper_simulation_T3_C,54.172366621067034,56.04846225535881
paper_simulation_T3_C,54.99316005471956,56.12301957129543
paper_simulation_T3_C,55.81395348837209,56.160298229263745
paper_simulation_T3_C,56.634746922024625,56.21621621621622
paper_simulation_T3_C,57.45554035567716,56.1789375582479
paper_simulation_T3_C,58.276333789329684,56.29077353215284
paper_simulation_T3_C,59.097127222982216,56.309412861137
paper_simulation_T3_C,59.91792065663475,56.36533084808947
paper_simulation_T3_C,60.738714090287274,56.439888164026094
paper_simulation_T3_C,61.55950752393981,56.439888164026094
paper_simulation_T3_C,62.38030095759234,56.40260950605778
paper_simulation_T3_C,63.20109439124487,56.45852749301025
paper_simulation_T3_C,64.0218878248974,56.49580615097857
paper_simulation_T3_C,64.84268125854993,56.49580615097857
paper_simulation_T3_C,65.66347469220246,56.53308480894688
paper_simulation_T3_C,66.484268125855,56.55172413793103
paper_simulation_T3_C,67.30506155950752,56.57036346691519
paper_simulation_T3_C,68.12585499316006,56.64492078285182
paper_simulation_T3_C,68.94664842681259,56.64492078285182
paper_simulation_T3_C,69.76744186046511,56.68219944082013
paper_simulation_T3_C,70.58823529411765,56.68219944082013
paper_simulation_T3_C,71.40902872777018,56.71947809878844
paper_simulation_T3_C,72.2298221614227,56.7381174277726
paper_simulation_T3_C,73.05061559507524,56.75675675675676
paper_simulation_T3_C,73.87140902872777,56.75675675675676
paper_simulation_T3_C,74.6922024623803,56.75675675675676
paper_simulation_T3_C,75.51299589603283,56.75675675675676
paper_simulation_T3_C,76.33378932968536,56.79403541472507
paper_simulation_T3_C,77.1545827633379,56.81267474370922
paper_simulation_T3_C,77.97537619699042,56.81267474370922
paper_simulation_T3_C,78.79616963064295,56.81267474370922
paper_simulation_T3_C,79.61696306429549,56.84995340167754
paper_simulation_T3_C,80.43775649794802,56.868592730661696
paper_simulation_T3_C,81.25854993160054,56.84995340167754
paper_simulation_T3_C,82.07934336525308,56.84995340167754
paper_simulation_T3_C,82.9001367989056,56.868592730661696
paper_simulation_T3_C,83.72093023255815,56.868592730661696
paper_simulation_T3_C,84.54172366621067,56.868592730661696
paper_simulation_T3_C,85.3625170998632,56.868592730661696
paper_simulation_T3_C,86.18331053351574,56.868592730661696
paper_simulation_T3_C,87.00410396716826,56.868592730661696
paper_simulation_T3_C,87.82489740082079,56.868592730661696
paper_simulation_T3_C,88.64569083447333,56.868592730661696
paper_simulation_T3_C,89.46648426812585,56.868592730661696
paper_simulation_T3_C,90.28727770177838,56.868592730661696
paper_simulation_T3_C,91.10807113543092,56.887232059645854
paper_simulation_T3_C,91.92886456908344,56.887232059645854
paper_simulation_T3_C,92.74965800273598,56.868592730661696
paper_simulation_T3_C,93.57045143638851,56.868592730661696
paper_simulation_T3_C,94.39124487004104,56.868592730661696
paper_simulation_T3_C,95.21203830369357,56.868592730661696
paper_simulation_T3_C,96.0328317373461,56.81267474370922
paper_simulation_T3_C,96.85362517099863,56.81267474370922
paper_simulation_T3_C,97.67441860465117,56.83131407269338
paper_simulation_T3_C,98.49521203830369,56.81267474370922
paper_simulation_T3_C,99.31600547195623,56.81267474370922
paper_simulation_T3_C,100.13679890560876,56.83131407269338
paper_simulation_T3_C,100.95759233926128,56.81267474370922
paper_simulation_T3_C,101.77838577291382,56.84995340167754
paper_simulation_T3_C,102.59917920656635,56.79403541472507
paper_simulation_T3_C,103.41997264021887,56.75675675675676
paper_simulation_T3_C,104.24076607387141,56.7381174277726
paper_simulation_T3_C,105.06155950752394,56.79403541472507
paper_simulation_T3_C,105.88235294117646,56.775396085740915
paper_simulation_T3_C,106.703146374829,56.71947809878844
paper_simulation_T3_C,107.52393980848153,56.71947809878844
paper_simulation_T3_C,108.34473324213407,56.700838769804285
paper_simulation_T3_C,109.1655266757866,56.700838769804285
paper_simulation_T3_C,109.98632010943912,56.68219944082013
paper_simulation_T3_C,110.80711354309166,56.64492078285182
paper_simulation_T3_C,111.62790697674419,56.64492078285182
paper_simulation_T3_C,112.44870041039671,56.64492078285182
paper_simulation_T3_C,113.26949384404925,56.64492078285182
paper_simulation_T3_C,114.09028727770178,56.58900279589935
paper_simulation_T3_C,114.91108071135432,56.57036346691519
paper_simulation_T3_C,115.73187414500684,56.58900279589935
paper_simulation_T3_C,116.55266757865937,56.57036346691519
paper_simulation_T3_C,117.3734610123119,56.55172413793103
paper_simulation_T3_C,118.19425444596443,56.55172413793103
paper_simulation_T3_C,119.01504787961696,56.53308480894688
paper_simulation_T3_C,119.8358413132695,56.514445479962724
paper_simulation_T3_C,120.65663474692202,56.514445479962724
paper_simulation_T3_C,121.47742818057455,56.47716682199441
paper_simulation_T3_C,122.29822161422709,56.49580615097857
paper_simulation_T3_C,123.11901504787961,56.47716682199441
paper_simulation_T3_C,123.93980848153215,56.45852749301025
paper_simulation_T3_C,124.76060191518468,56.439888164026094
paper_simulation_T3_C,125.5813953488372,56.439888164026094
paper_simulation_T3_C,126.40218878248974,56.40260950605778
paper_simulation_T3_C,127.22298221614227,56.40260950605778
paper_simulation_T3_C,128.0437756497948,56.40260950605778
paper_simulation_T3_C,128.86456908344732,56.38397017707363
paper_simulation_T3_C,129.68536251709986,56.328052190121156
paper_simulation_T3_C,130.5061559507524,56.328052190121156
paper_simulation_T3_C,131.3269493844049,56.34669151910531
paper_simulation_T3_C,132.14774281805745,56.34669151910531
paper_simulation_T3_C,132.96853625171,56.309412861137
paper_simulation_T3_C,133.7893296853625,56.29077353215284
paper_simulation_T3_C,134.61012311901504,56.29077353215284
paper_simulation_T3_C,135.43091655266758,56.25349487418453
paper_simulation_T3_C,136.25170998632012,56.25349487418453
paper_simulation_T3_C,137.07250341997263,56.27213420316868
paper_simulation_T3_C,137.89329685362517,56.234855545200375
paper_simulation_T3_C,138.7140902872777,56.234855545200375
paper_simulation_T3_C,139.53488372093022,56.19757688723206
paper_simulation_T3_C,140.35567715458276,56.19757688723206
paper_simulation_T3_C,141.1764705882353,56.21621621621622
paper_simulation_T3_C,141.99726402188782,56.1789375582479
paper_simulation_T3_C,142.81805745554036,56.1789375582479
paper_simulation_T3_C,143.6388508891929,56.1789375582479
paper_simulation_T3_C,144.4596443228454,56.160298229263745
paper_simulation_T3_C,145.28043775649795,56.1789375582479
paper_simulation_T3_C,146.1012311901505,56.1789375582479
paper_simulation_T3_C,146.922024623803,56.14165890027959
paper_simulation_T3_C,147.74281805745554,56.14165890027959
paper_simulation_T3_C,148.56361149110808,56.12301957129543
paper_simulation_T3_C,149.3844049247606,56.12301957129543
paper_simulation_T3_C,150.20519835841313,56.12301957129543
paper_simulation_T3_C,151.02599179206567,56.10438024231128
paper_simulation_T3_C,151.8467852257182,56.067101584342964
paper_simulation_T3_C,152.66757865937072,56.10438024231128
paper_simulation_T3_C,153.48837209302326,56.08574091332712
paper_simulation_T3_C,154.3091655266758,56.08574091332712
paper_simulation_T3_C,155.1299589603283,56.067101584342964
paper_simulation_T3_C,155.95075239398085,56.067101584342964
paper_simulation_T3_C,156.7715458276334,56.08574091332712
paper_simulation_T3_C,157.5923392612859,56.08574091332712
paper_simulation_T3_C,158.41313269493844,56.067101584342964
paper_simulation_T3_C,159.23392612859098,56.04846225535881
paper_simulation_T3_C,160.0547195622435,56.08574091332712
paper_simulation_T3_C,160.87551299589603,56.08574091332712
paper_simulation_T3_C,161.69630642954857,56.067101584342964
paper_simulation_T3_C,162.51709986320108,56.08574091332712
paper_simulation_T3_C,163.33789329685362,56.04846225535881
paper_simulation_T3_C,164.15868673050616,56.02982292637465
paper_simulation_T3_C,164.97948016415867,56.04846225535881
paper_simulation_T3_C,165.8002735978112,56.08574091332712
paper_simulation_T3_C,166.62106703146375,56.067101584342964
paper_simulation_T3_C,167.4418604651163,56.02982292637465
paper_simulation_T3_C,168.2626538987688,56.04846225535881
paper_simulation_T3_C,169.08344733242134,56.04846225535881
paper_simulation_T3_C,169.90424076607388,56.067101584342964
paper_simulation_T3_C,170.7250341997264,56.067101584342964
paper_simulation_T3_C,171.54582763337893,56.067101584342964
paper_simulation_T3_C,172.36662106703147,56.067101584342964
paper_simulation_T3_C,173.18741450068399,56.01118359739049
paper_simulation_T3_C,174.00820793433653,56.04846225535881
paper_simulation_T3_C,174.82900136798906,56.04846225535881
paper_simulation_T3_C,175.64979480164158,56.067101584342964
paper_simulation_T3_C,176.47058823529412,56.067101584342964
paper_simulation_T3_C,177.29138166894666,56.067101584342964
paper_simulation_T3_C,178.11217510259917,56.067101584342964
paper_simulation_T3_C,178.9329685362517,56.067101584342964
paper_simulation_T3_C,179.75376196990425,56.067101584342964
paper_simulation_T3_C,180.57455540355676,56.067101584342964
paper_simulation_T3_C,181.3953488372093,56.067101584342964
paper_simulation_T3_C,182.21614227086184,56.04846225535881
paper_simulation_T3_C,183.03693570451438,56.04846225535881
paper_simulation_T3_C,183.8577291381669,56.04846225535881
paper_simulation_T3_C,184.67852257181943,56.04846225535881
paper_simulation_T3_C,185.49931600547197,56.04846225535881
paper_simulation_T3_C,186.32010943912448,56.067101584342964
paper_simulation_T3_C,187.14090287277702,56.067101584342964
paper_simulation_T3_C,187.96169630642956,56.08574091332712
paper_simulation_T3_C,188.78248974008207,56.10438024231128
paper_simulation_T3_C,189.6032831737346,56.08574091332712
paper_simulation_T3_C,190.42407660738715,56.12301957129543
paper_simulation_T3_C,191.24487004103966,56.10438024231128
paper_simulation_T3_C,192.0656634746922,56.10438024231128
paper_simulation_T3_C,192.88645690834474,56.10438024231128
paper_simulation_T3_C,193.70725034199725,56.10438024231128
paper_simulation_T3_C,194.5280437756498,56.10438024231128
paper_simulation_T3_C,195.34883720930233,56.10438024231128
paper_simulation_T3_C,196.16963064295484,56.10438024231128
paper_simulation_T3_C,196.99042407660738,56.10438024231128
paper_simulation_T3_C,197.81121751025992,56.14165890027959
paper_simulation_T3_C,198.63201094391246,56.14165890027959
paper_simulation_T3_C,199.45280437756497,56.12301957129543
paper_simulation_T3_C,200.2735978112175,56.12301957129543
paper_simulation_T3_C,201.09439124487005,56.12301957129543
paper_simulation_T3_C,201.91518467852256,56.14165890027959
paper_simulation_T3_C,202.7359781121751,56.12301957129543
paper_simulation_T3_C,203.55677154582764,56.160298229263745
paper_simulation_T3_C,204.37756497948016,56.160298229263745
paper_simulation_T3_C,205.1983584131327,56.14165890027959
paper_simulation_T3_C,206.01915184678523,56.160298229263745
paper_simulation_T3_C,206.83994528043775,56.19757688723206
paper_simulation_T3_C,207.6607387140903,56.160298229263745
paper_simulation_T3_C,208.48153214774283,56.160298229263745
paper_simulation_T3_C,209.30232558139534,56.1789375582479
paper_simulation_T3_C,210.12311901504788,56.1789375582479
paper_simulation_T3_C,210.94391244870042,56.1789375582479
paper_simulation_T3_C,211.76470588235293,56.1789375582479
paper_simulation_T3_C,212.58549931600547,56.19757688723206
paper_simulation_T3_C,213.406292749658,56.234855545200375
paper_simulation_T3_C,214.22708618331055,56.19757688723206
paper_simulation_T3_C,215.04787961696306,56.19757688723206
paper_simulation_T3_C,215.8686730506156,56.21621621621622
paper_simulation_T3_C,216.68946648426814,56.19757688723206
paper_simulation_T3_C,217.51025991792065,56.19757688723206
paper_simulation_T3_C,218.3310533515732,56.19757688723206
paper_simulation_T3_C,219.15184678522573,56.19757688723206
paper_simulation_T3_C,219.97264021887824,56.21621621621622
paper_simulation_T3_C,220.79343365253078,56.21621621621622
paper_simulation_T3_C,221.61422708618332,56.21621621621622
paper_simulation_T3_C,222.43502051983583,56.21621621621622
paper_simulation_T3_C,223.25581395348837,56.234855545200375
paper_simulation_T3_C,224.0766073871409,56.25349487418453
paper_simulation_T3_C,224.89740082079342,56.25349487418453
paper_simulation_T3_C,225.71819425444596,56.234855545200375
paper_simulation_T3_C,226.5389876880985,56.234855545200375
paper_simulation_T3_C,227.359781121751,56.234855545200375
paper_simulation_T3_C,228.18057455540355,56.234855545200375
paper_simulation_T3_C,229.0013679890561,56.25349487418453
paper_simulation_T3_C,229.82216142270863,56.25349487418453
paper_simulation_T3_C,230.64295485636114,56.234855545200375
paper_simulation_T3_C,231.46374829001368,56.234855545200375
paper_simulation_T3_C,232.28454172366622,56.234855545200375
paper_simulation_T3_C,233.10533515731873,56.234855545200375
paper_simulation_T3_C,233.92612859097127,56.234855545200375
paper_simulation_T3_C,234.7469220246238,56.234855545200375
paper_simulation_T3_C,235.56771545827633,56.25349487418453
paper_simulation_T3_C,236.38850889192886,56.234855545200375
paper_simulation_T3_C,237.2093023255814,56.21621621621622
paper_simulation_T3_C,238.03009575923392,56.25349487418453
paper_simulation_T3_C,238.85088919288646,56.27213420316868
paper_simulation_T3_C,239.671682626539,56.27213420316868
paper_simulation_T3_C,240.4924760601915,56.27213420316868
paper_simulation_T3_C,241.31326949384405,56.27213420316868
paper_simulation_T3_C,242.1340629274966,56.27213420316868
paper_simulation_T3_C,242.9548563611491,56.27213420316868
paper_simulation_T3_C,243.77564979480164,56.27213420316868
paper_simulation_T3_C,244.59644322845418,56.27213420316868
paper_simulation_T3_C,245.41723666210672,56.29077353215284
paper_simulation_T3_C,246.23803009575923,56.29077353215284
paper_simulation_T3_C,247.05882352941177,56.29077353215284
paper_simulation_T3_C,247.8796169630643,56.29077353215284
paper_simulation_T3_C,248.70041039671682,56.27213420316868
paper_simulation_T3_C,249.52120383036936,56.27213420316868
paper_simulation_T3_C,250.3419972640219,56.27213420316868
paper_simulation_T3_C,251.1627906976744,56.27213420316868
paper_simulation_T3_C,251.98358413132695,56.27213420316868
paper_simulation_T3_C,252.8043775649795,56.27213420316868
paper_simulation_T3_C,253.625170998632,56.27213420316868
paper_simulation_T3_C,254.44596443228454,56.29077353215284
paper_simulation_T3_C,255.26675786593708,56.27213420316868
paper_simulation_T3_C,256.0875512995896,56.27213420316868
paper_simulation_T3_C,256.90834473324213,56.27213420316868
paper_simulation_T3_C,257.72913816689464,56.27213420316868
paper_simulation_T3_C,258.5499316005472,56.27213420316868
paper_simulation_T3_C,259.3707250341997,56.29077353215284
paper_simulation_T3_C,260.19151846785223,56.27213420316868
paper_simulation_T3_C,261.0123119015048,56.27213420316868
paper_simulation_T3_C,261.8331053351573,56.25349487418453
paper_simulation_T3_C,262.6538987688098,56.27213420316868
paper_simulation_T3_C,263.4746922024624,56.29077353215284
paper_simulation_T3_C,264.2954856361149,56.27213420316868
paper_simulation_T3_C,265.1162790697674,56.27213420316868
paper_simulation_T3_C,265.93707250342,56.27213420316868
paper_simulation_T3_C,266.7578659370725,56.25349487418453
paper_simulation_T3_C,267.578659370725,56.234855545200375
paper_simulation_T3_C,268.3994528043776,56.25349487418453
paper_simulation_T3_C,269.2202462380301,56.25349487418453
paper_simulation_T3_C,270.04103967168265,56.27213420316868
paper_simulation_T3_C,270.86183310533517,56.25349487418453
paper_simulation_T3_C,271.6826265389877,56.27213420316868
paper_simulation_T3_C,272.50341997264024,56.27213420316868
paper_simulation_T3_C,273.32421340629276,56.29077353215284
paper_simulation_T3_C,274.14500683994527,56.27213420316868
paper_simulation_T3_C,274.96580027359784,56.25349487418453
paper_simulation_T3_C,275.78659370725035,56.25349487418453
paper_simulation_T3_C,276.60738714090286,56.25349487418453
paper_simulation_T3_C,277.4281805745554,56.25349487418453
paper_simulation_T3_C,278.24897400820794,56.25349487418453
paper_simulation_T3_C,279.06976744186045,56.234855545200375
paper_simulation_T3_C,279.890560875513,56.234855545200375
paper_simulation_T3_C,280.71135430916553,56.25349487418453
paper_simulation_T3_C,281.53214774281804,56.234855545200375
paper_simulation_T3_C,282.3529411764706,56.234855545200375
paper_simulation_T3_C,283.1737346101231,56.21621621621622
paper_simulation_T3_C,283.99452804377563,56.234855545200375
paper_simulation_T3_C,284.8153214774282,56.234855545200375
paper_simulation_T3_C,285.6361149110807,56.25349487418453
paper_simulation_T3_C,286.4569083447332,56.27213420316868
paper_simulation_T3_C,287.2777017783858,56.234855545200375
paper_simulation_T3_C,288.0984952120383,56.25349487418453
paper_simulation_T3_C,288.9192886456908,56.25349487418453
paper_simulation_T3_C,289.7400820793434,56.25349487418453
paper_simulation_T3_C,290.5608755129959,56.234855545200375
paper_simulation_T3_C,291.3816689466484,56.25349487418453
paper_simulation_T3_C,292.202462380301,56.234855545200375
paper_simulation_T3_C,293.0232558139535,56.234855545200375
paper_simulation_T3_C,293.844049247606,56.234855545200375
paper_simulation_T3_C,294.66484268125856,56.234855545200375
paper_simulation_T3_C,295.4856361149111,56.234855545200375
paper_simulation_T3_C,296.3064295485636,56.234855545200375
paper_simulation_T3_C,297.12722298221615,56.21621621621622
paper_simulation_T3_C,297.94801641586866,56.234855545200375
paper_simulation_T3_C,298.7688098495212,56.234855545200375
paper_simulation_T3_C,299.58960328317374,56.234855545200375
paper_simulation_T3_C,300.41039671682626,56.234855545200375
paper_simulation_T3_C,301.2311901504788,56.25349487418453
paper_simulation_T3_C,302.05198358413134,56.19757688723206
paper_simulation_T3_C,302.87277701778385,56.19757688723206
paper_simulation_T3_C,303.6935704514364,56.21621621621622
paper_simulation_T3_C,304.5143638850889,56.234855545200375
paper_simulation_T3_C,305.33515731874144,56.234855545200375
paper_simulation_T3_C,306.155950752394,56.21621621621622
paper_simulation_T3_C,306.9767441860465,56.19757688723206
paper_simulation_T3_C,307.797537619699,56.19757688723206
paper_simulation_T3_C,308.6183310533516,56.21621621621622
paper_simulation_T3_C,309.4391244870041,56.21621621621622
paper_simulation_T3_C,310.2599179206566,56.21621621621622
paper_simulation_T3_C,311.0807113543092,56.21621621621622
paper_simulation_T3_C,311.9015047879617,56.21621621621622
paper_simulation_T3_C,312.7222982216142,56.25349487418453
paper_simulation_T3_C,313.5430916552668,56.234855545200375
paper_simulation_T3_C,314.3638850889193,56.21621621621622
paper_simulation_T3_C,315.1846785225718,56.234855545200375
paper_simulation_T3_C,316.00547195622437,56.234855545200375
paper_simulation_T3_C,316.8262653898769,56.234855545200375
paper_simulation_T3_C,317.6470588235294,56.21621621621622
paper_simulation_T3_C,318.46785225718196,56.21621621621622
paper_simulation_T3_C,319.28864569083447,56.21621621621622
paper_simulation_T3_C,320.109439124487,56.21621621621622
paper_simulation_T3_C,320.93023255813955,56.19757688723206
paper_simulation_T3_C,321.75102599179206,56.19757688723206
paper_simulation_T3_C,322.5718194254446,56.19757688723206
paper_simulation_T3_C,323.39261285909714,56.19757688723206
paper_simulation_T3_C,324.21340629274965,56.19757688723206
paper_simulation_T3_C,325.03419972640216,56.19757688723206
paper_simulation_T3_C,325.85499316005473,56.21621621621622
paper_simulation_T3_C,326.67578659370724,56.21621621621622
paper_simulation_T3_C,327.49658002735976,56.21621621621622
paper_simulation_T3_C,328.3173734610123,56.21621621621622
paper_simulation_T3_C,329.13816689466483,56.21621621621622
paper_simulation_T3_C,329.95896032831735,56.21621621621622
paper_simulation_T3_C,330.7797537619699,56.21621621621622
paper_simulation_T3_C,331.6005471956224,56.21621621621622
paper_simulation_T3_C,332.421340629275,56.21621621621622
paper_simulation_T3_C,333.2421340629275,56.19757688723206
paper_simulation_T3_C,334.06292749658,56.21621621621622
paper_simulation_T3_C,334.8837209302326,56.19757688723206
paper_simulation_T3_C,335.7045143638851,56.19757688723206
paper_simulation_T3_C,336.5253077975376,56.21621621621622
paper_simulation_T3_C,337.3461012311902,56.21621621621622
paper_simulation_T3_C,338.1668946648427,56.21621621621622
paper_simulation_T3_C,338.9876880984952,56.19757688723206
paper_simulation_T3_C,339.80848153214777,56.19757688723206
paper_simulation_T3_C,340.6292749658003,56.21621621621622
paper_simulation_T3_C,341.4500683994528,56.21621621621622
paper_simulation_T3_C,342.27086183310536,56.19757688723206
paper_simulation_T3_C,343.09165526675787,56.19757688723206
paper_simulation_T3_C,343.9124487004104,56.19757688723206
paper_simulation_T3_C,344.73324213406295,56.21621621621622
paper_simulation_T3_C,345.55403556771546,56.25349487418453
paper_simulation_T3_C,346.37482900136797,56.234855545200375
paper_simulation_T3_C,347.19562243502054,56.19757688723206
paper_simulation_T3_C,348.01641586867305,56.21621621621622
paper_simulation_T3_C,348.83720930232556,56.25349487418453
paper_simulation_T3_C,349.65800273597813,56.25349487418453
paper_simulation_T3_C,350.47879616963064,56.21621621621622
paper_simulation_T3_C,351.29958960328315,56.19757688723206
paper_simulation_T3_C,352.1203830369357,56.19757688723206
paper_simulation_T3_C,352.94117647058823,56.21621621621622
paper_simulation_T3_C,353.76196990424074,56.21621621621622
paper_simulation_T3_C,354.5827633378933,56.21621621621622
paper_simulation_T3_C,355.4035567715458,56.21621621621622
paper_simulation_T3_C,356.22435020519833,56.21621621621622
paper_simulation_T3_C,357.0451436388509,56.234855545200375
paper_simulation_T3_C,357.8659370725034,56.25349487418453
paper_simulation_T3_C,358.6867305061559,56.21621621621622
paper_simulation_T3_C,359.5075239398085,56.19757688723206
paper_simulation_T3_C,360.328317373461,56.21621621621622
paper_simulation_T3_C,361.1491108071135,56.234855545200375
paper_simulation_T3_C,361.9699042407661,56.19757688723206
paper_simulation_T3_C,362.7906976744186,56.19757688723206
paper_simulation_T3_C,363.61149110807116,56.21621621621622
paper_simulation_T3_C,364.4322845417237,56.21621621621622
paper_simulation_T3_C,365.2530779753762,56.21621621621622
paper_simulation_T3_C,366.07387140902875,56.21621621621622
paper_simulation_T3_C,366.89466484268127,56.21621621621622
paper_simulation_T3_C,367.7154582763338,56.234855545200375
paper_simulation_T3_C,368.53625170998635,56.234855545200375
paper_simulation_T3_C,369.35704514363886,56.21621621621622
paper_simulation_T3_C,370.17783857729137,56.21621621621622
paper_simulation_T3_C,370.99863201094394,56.21621621621622
paper_simulation_T3_C,371.81942544459645,56.234855545200375
paper_simulation_T3_C,372.64021887824896,56.21621621621622
paper_simulation_T3_C,373.4610123119015,56.21621621621622
paper_simulation_T3_C,374.28180574555404,56.21621621621622
paper_simulation_T3_C,375.10259917920655,56.21621621621622
paper_simulation_T3_C,375.9233926128591,56.21621621621622
paper_simulation_T3_C,376.74418604651163,56.234855545200375
paper_simulation_T3_C,377.56497948016414,56.25349487418453
paper_simulation_T3_C,378.3857729138167,56.25349487418453
paper_simulation_T3_C,379.2065663474692,56.234855545200375
paper_simulation_T3_C,380.02735978112173,56.25349487418453
paper_simulation_T3_C,380.8481532147743,56.234855545200375
paper_simulation_T3_C,381.6689466484268,56.234855545200375
paper_simulation_T3_C,382.4897400820793,56.21621621621622
paper_simulation_T3_C,383.3105335157319,56.234855545200375
paper_simulation_T3_C,384.1313269493844,56.234855545200375
paper_simulation_T3_C,384.9521203830369,56.234855545200375
paper_simulation_T3_C,385.7729138166895,56.25349487418453
paper_simulation_T3_C,386.593707250342,56.234855545200375
paper_simulation_T3_C,387.4145006839945,56.25349487418453
paper_simulation_T3_C,388.2352941176471,56.234855545200375
paper_simulation_T3_C,389.0560875512996,56.21621621621622
paper_simulation_T3_C,389.8768809849521,56.234855545200375
paper_simulation_T3_C,390.69767441860466,56.234855545200375
paper_simulation_T3_C,391.5184678522572,56.25349487418453
paper_simulation_T3_C,392.3392612859097,56.234855545200375
paper_simulation_T3_C,393.16005471956225,56.234855545200375
paper_simulation_T3_C,393.98084815321477,56.234855545200375
paper_simulation_T3_C,394.80164158686733,56.234855545200375
paper_simulation_T3_C,395.62243502051984,56.234855545200375
paper_simulation_T3_C,396.44322845417236,56.234855545200375
paper_simulation_T3_C,397.2640218878249,56.234855545200375
paper_simulation_T3_C,398.08481532147744,56.234855545200375
paper_simulation_T3_C,398.90560875512995,56.234855545200375
paper_simulation_T3_C,399.7264021887825,56.25349487418453
paper_simulation_T3_C,400.547195622435,56.234855545200375
paper_simulation_T3_C,401.36798905608754,56.25349487418453
paper_simulation_T3_C,402.1887824897401,56.25349487418453
paper_simulation_T3_C,403.0095759233926,56.234855545200375
paper_simulation_T3_C,403.83036935704513,56.234855545200375
paper_simulation_T3_C,404.6511627906977,56.21621621621622
paper_simulation_T3_C,405.4719562243502,56.234855545200375
paper_simulation_T3_C,406.2927496580027,56.234855545200375
paper_simulation_T3_C,407.1135430916553,56.234855545200375
paper_simulation_T3_C,407.9343365253078,56.234855545200375
paper_simulation_T3_C,408.7551299589603,56.234855545200375
paper_simulation_T3_C,409.5759233926129,56.25349487418453
paper_simulation_T3_C,410.3967168262654,56.27213420316868
paper_simulation_T3_C,411.2175102599179,56.25349487418453
paper_simulation_T3_C,412.03830369357047,56.234855545200375
paper_simulation_T3_C,412.859097127223,56.25349487418453
paper_simulation_T3_C,413.6798905608755,56.25349487418453
paper_simulation_T3_C,414.50068399452806,56.25349487418453
paper_simulation_T3_C,415.3214774281806,56.234855545200375
paper_simulation_T3_C,416.1422708618331,56.234855545200375
paper_simulation_T3_C,416.96306429548565,56.234855545200375
paper_simulation_T3_C,417.78385772913816,56.234855545200375
paper_simulation_T3_C,418.6046511627907,56.21621621621622
paper_simulation_T3_C,419.42544459644324,56.234855545200375
paper_simulation_T3_C,420.24623803009575,56.234855545200375
paper_simulation_T3_C,421.06703146374826,56.25349487418453
paper_simulation_T3_C,421.88782489740083,56.234855545200375
paper_simulation_T3_C,422.70861833105334,56.234855545200375
paper_simulation_T3_C,423.52941176470586,56.234855545200375
paper_simulation_T3_C,424.3502051983584,56.21621621621622
paper_simulation_T3_C,425.17099863201094,56.19757688723206
paper_simulation_T3_C,425.99179206566345,56.234855545200375
paper_simulation_T3_C,426.812585499316,56.25349487418453
paper_simulation_T3_C,427.6333789329685,56.234855545200375
paper_simulation_T3_C,428.4541723666211,56.234855545200375
paper_simulation_T3_C,429.2749658002736,56.234855545200375
paper_simulation_T3_C,430.0957592339261,56.234855545200375
paper_simulation_T3_C,430.9165526675787,56.234855545200375
paper_simulation_T3_C,431.7373461012312,56.25349487418453
paper_simulation_T3_C,432.5581395348837,56.234855545200375
paper_simulation_T3_C,433.3789329685363,56.25349487418453
paper_simulation_T3_C,434.1997264021888,56.25349487418453
paper_simulation_T3_C,435.0205198358413,56.234855545200375
paper_simulation_T3_C,435.84131326949387,56.25349487418453
paper_simulation_T3_C,436.6621067031464,56.25349487418453
paper_simulation_T3_C,437.4829001367989,56.234855545200375
paper_simulation_T3_C,438.30369357045146,56.21621621621622
paper_simulation_T3_C,439.12448700410397,56.21621621621622
paper_simulation_T3_C,439.9452804377565,56.234855545200375
paper_simulation_T3_C,440.76607387140905,56.234855545200375
paper_simulation_T3_C,441.58686730506156,56.234855545200375
paper_simulation_T3_C,442.40766073871407,56.234855545200375
paper_simulation_T3_C,443.22845417236664,56.234855545200375
paper_simulation_T3_C,444.04924760601915,56.1789375582479
paper_simulation_T3_C,444.87004103967166,56.234855545200375
paper_simulation_T3_C,445.69083447332423,56.234855545200375
paper_simulation_T3_C,446.51162790697674,56.25349487418453
paper_simulation_T3_C,447.33242134062925,56.25349487418453
paper_simulation_T3_C,448.1532147742818,56.234855545200375
paper_simulation_T3_C,448.97400820793433,56.25349487418453
paper_simulation_T3_C,449.79480164158684,56.234855545200375
paper_simulation_T3_C,450.6155950752394,56.234855545200375
paper_simulation_T3_C,451.4363885088919,56.21621621621622
paper_simulation_T3_C,452.25718194254443,56.21621621621622
paper_simulation_T3_C,453.077975376197,56.21621621621622
paper_simulation_T3_C,453.8987688098495,56.21621621621622
paper_simulation_T3_C,454.719562243502,56.21621621621622
paper_simulation_T3_C,455.5403556771546,56.234855545200375
paper_simulation_T3_C,456.3611491108071,56.234855545200375
paper_simulation_T3_C,457.1819425444596,56.234855545200375
paper_simulation_T3_C,458.0027359781122,56.234855545200375
paper_simulation_T3_C,458.8235294117647,56.234855545200375
paper_simulation_T3_C,459.64432284541726,56.21621621621622
paper_simulation_T3_C,460.4651162790698,56.234855545200375
paper_simulation_T3_C,461.2859097127223,56.234855545200375
paper_simulation_T3_C,462.10670314637485,56.234855545200375
paper_simulation_T3_C,462.92749658002737,56.234855545200375
paper_simulation_T3_C,463.7482900136799,56.234855545200375
paper_simulation_T3_C,464.56908344733245,56.234855545200375
paper_simulation_T3_C,465.38987688098496,56.25349487418453
paper_simulation_T3_C,466.21067031463747,56.25349487418453
paper_simulation_T3_C,467.03146374829004,56.25349487418453
paper_simulation_T3_C,467.85225718194255,56.234855545200375
paper_simulation_T3_C,468.67305061559506,56.1789375582479
paper_simulation_T3_C,469.4938440492476,56.1789375582479
paper_simulation_T3_C,470.31463748290014,56.234855545200375
paper_simulation_T3_C,471.13543091655265,56.234855545200375
paper_simulation_T3_C,471.9562243502052,56.234855545200375
paper_simulation_T3_C,472.77701778385773,56.234855545200375
paper_simulation_T3_C,473.59781121751024,56.234855545200375
paper_simulation_T3_C,474.4186046511628,56.234855545200375
paper_simulation_T3_C,475.2393980848153,56.21621621621622
paper_simulation_T3_C,476.06019151846783,56.21621621621622
paper_simulation_T3_C,476.8809849521204,56.234855545200375
paper_simulation_T3_C,477.7017783857729,56.234855545200375
paper_simulation_T3_C,478.5225718194254,56.234855545200375
paper_simulation_T3_C,479.343365253078,56.234855545200375
paper_simulation_T3_C,480.1641586867305,56.25349487418453
paper_simulation_T3_C,480.984952120383,56.234855545200375
paper_simulation_T3_C,481.8057455540356,56.234855545200375
paper_simulation_T3_C,482.6265389876881,56.25349487418453
paper_simulation_T3_C,483.4473324213406,56.234855545200375
paper_simulation_T3_C,484.2681258549932,56.21621621621622
paper_simulation_T3_C,485.0889192886457,56.21621621621622
paper_simulation_T3_C,485.9097127222982,56.234855545200375
paper_simulation_T3_C,486.73050615595076,56.21621621621622
paper_simulation_T3_C,487.5512995896033,56.21621621621622
paper_simulation_T3_C,488.3720930232558,56.234855545200375
paper_simulation_T3_C,489.19288645690835,56.234855545200375
paper_simulation_T3_C,490.01367989056087,56.234855545200375
paper_simulation_T3_C,490.83447332421343,56.234855545200375
paper_simulation_T3_C,491.65526675786595,56.234855545200375
paper_simulation_T3_C,492.47606019151846,56.25349487418453
paper_simulation_T3_C,493.296853625171,56.25349487418453
paper_simulation_T3_C,494.11764705882354,56.25349487418453
paper_simulation_T3_C,494.93844049247605,56.234855545200375
paper_simulation_T3_C,495.7592339261286,56.21621621621622
paper_simulation_T3_C,496.5800273597811,56.21621621621622
paper_simulation_T3_C,497.40082079343364,56.19757688723206
paper_simulation_T3_C,498.2216142270862,56.1789375582479
paper_simulation_T3_C,499.0424076607387,56.19757688723206
paper_simulation_T3_C,499.86320109439123,56.25349487418453
paper_simulation_T3_C,500.6839945280438,56.25349487418453
paper_simulation_T3_C,501.5047879616963,56.21621621621622
paper_simulation_T3_C,502.3255813953488,56.21621621621622
paper_simulation_T3_C,503.1463748290014,56.234855545200375
paper_simulation_T3_C,503.9671682626539,56.234855545200375
paper_simulation_T3_C,504.7879616963064,56.234855545200375
paper_simulation_T3_C,505.608755129959,56.25349487418453
paper_simulation_T3_C,506.4295485636115,56.234855545200375
paper_simulation_T3_C,507.250341997264,56.21621621621622
paper_simulation_T3_C,508.07113543091657,56.21621621621622
paper_simulation_T3_C,508.8919288645691,56.234855545200375
paper_simulation_T3_C,509.7127222982216,56.25349487418453
paper_simulation_T3_C,510.53351573187416,56.234855545200375
paper_simulation_T3_C,511.3543091655267,56.19757688723206
paper_simulation_T3_C,512.1751025991792,56.234855545200375
paper_simulation_T3_C,512.9958960328318,56.19757688723206
paper_simulation_T3_C,513.8166894664843,56.21621621621622
paper_simulation_T3_C,514.6374829001368,56.25349487418453
paper_simulation_T3_C,515.4582763337893,56.25349487418453
paper_simulation_T3_C,516.2790697674419,56.234855545200375
paper_simulation_T3_C,517.0998632010944,56.234855545200375
paper_simulation_T3_C,517.9206566347469,56.234855545200375
paper_simulation_T3_C,518.7414500683994,56.234855545200375
paper_simulation_T3_C,519.562243502052,56.21621621621622
paper_simulation_T3_C,520.3830369357045,56.234855545200375
paper_simulation_T3_C,521.2038303693571,56.1789375582479
paper_simulation_T3_C,522.0246238030096,56.25349487418453
paper_simulation_T3_C,522.8454172366621,56.234855545200375
paper_simulation_T3_C,523.6662106703146,56.21621621621622
paper_simulation_T3_C,524.4870041039671,56.19757688723206
paper_simulation_T3_C,525.3077975376196,56.21621621621622
paper_simulation_T3_C,526.1285909712723,56.234855545200375
paper_simulation_T3_C,526.9493844049248,56.21621621621622
paper_simulation_T3_C,527.7701778385773,56.21621621621622
paper_simulation_T3_C,528.5909712722298,56.21621621621622
paper_simulation_T3_C,529.4117647058823,56.234855545200375
paper_simulation_T3_C,530.2325581395348,56.234855545200375
paper_simulation_T3_C,531.0533515731875,56.21621621621622
paper_simulation_T3_C,531.87414500684,56.21621621621622
paper_simulation_T3_C,532.6949384404925,56.21621621621622
paper_simulation_T3_C,533.515731874145,56.21621621621622
paper_simulation_T3_C,534.3365253077975,56.234855545200375
paper_simulation_T3_C,535.15731874145,56.234855545200375
paper_simulation_T3_C,535.9781121751026,56.25349487418453
paper_simulation_T3_C,536.7989056087551,56.25349487418453
paper_simulation_T3_C,537.6196990424077,56.25349487418453
paper_simulation_T3_C,538.4404924760602,56.25349487418453
paper_simulation_T3_C,539.2612859097127,56.234855545200375
paper_simulation_T3_C,540.0820793433653,56.234855545200375
paper_simulation_T3_C,540.9028727770178,56.234855545200375
paper_simulation_T3_C,541.7236662106703,56.234855545200375
paper_simulation_T3_C,542.5444596443228,56.21621621621622
paper_simulation_T3_C,543.3652530779754,56.21621621621622
paper_simulation_T3_C,544.1860465116279,56.21621621621622
paper_simulation_T3_C,545.0068399452805,56.21621621621622
paper_simulation_T3_C,545.827633378933,56.234855545200375
paper_simulation_T3_C,546.6484268125855,56.234855545200375
paper_simulation_T3_C,547.469220246238,56.21621621621622
paper_simulation_T3_C,548.2900136798905,56.21621621621622
paper_simulation_T3_C,549.110807113543,56.21621621621622
paper_simulation_T3_C,549.9316005471957,56.21621621621622
paper_simulation_T3_C,550.7523939808482,56.21621621621622
paper_simulation_T3_C,551.5731874145007,56.21621621621622
paper_simulation_T3_C,552.3939808481532,56.21621621621622
paper_simulation_T3_C,553.2147742818057,56.21621621621622
paper_simulation_T3_C,554.0355677154582,56.234855545200375
paper_simulation_T3_C,554.8563611491109,56.25349487418453
paper_simulation_T3_C,555.6771545827634,56.234855545200375
paper_simulation_T3_C,556.4979480164159,56.234855545200375
paper_simulation_T3_C,557.3187414500684,56.234855545200375
paper_simulation_T3_C,558.1395348837209,56.234855545200375
paper_simulation_T3_C,558.9603283173734,56.234855545200375
paper_simulation_T3_C,559.781121751026,56.234855545200375
paper_simulation_T3_C,560.6019151846785,56.21621621621622
paper_simulation_T3_C,561.4227086183311,56.234855545200375
paper_simulation_T3_C,562.2435020519836,56.234855545200375
paper_simulation_T3_C,563.0642954856361,56.234855545200375
paper_simulation_T3_C,563.8850889192886,56.234855545200375
paper_simulation_T3_C,564.7058823529412,56.234855545200375
paper_simulation_T3_C,565.5266757865937,56.234855545200375
paper_simulation_T3_C,566.3474692202462,56.25349487418453
paper_simulation_T3_C,567.1682626538988,56.234855545200375
paper_simulation_T3_C,567.9890560875513,56.21621621621622
paper_simulation_T3_C,568.8098495212039,56.234855545200375
paper_simulation_T3_C,569.6306429548564,56.234855545200375
paper_simulation_T3_C,570.4514363885089,56.234855545200375
paper_simulation_T3_C,571.2722298221614,56.25349487418453
paper_simulation_T3_C,572.0930232558139,56.25349487418453
paper_simulation_T3_C,572.9138166894664,56.25349487418453
paper_simulation_T3_C,573.7346101231191,56.234855545200375
paper_simulation_T3_C,574.5554035567716,56.234855545200375
paper_simulation_T3_C,575.3761969904241,56.234855545200375
paper_simulation_T3_C,576.1969904240766,56.234855545200375
paper_simulation_T3_C,577.0177838577291,56.234855545200375
paper_simulation_T3_C,577.8385772913816,56.25349487418453
paper_simulation_T3_C,578.6593707250343,56.25349487418453
paper_simulation_T3_C,579.4801641586868,56.25349487418453
paper_simulation_T3_C,580.3009575923393,56.25349487418453
paper_simulation_T3_C,581.1217510259918,56.234855545200375
paper_simulation_T3_C,581.9425444596443,56.25349487418453
paper_simulation_T3_C,582.7633378932968,56.234855545200375
paper_simulation_T3_C,583.5841313269494,56.234855545200375
paper_simulation_T3_C,584.404924760602,56.21621621621622
paper_simulation_T3_C,585.2257181942545,56.234855545200375
paper_simulation_T3_C,586.046511627907,56.21621621621622
paper_simulation_T3_C,586.8673050615595,56.234855545200375
paper_simulation_T3_C,587.688098495212,56.234855545200375
paper_simulation_T3_C,588.5088919288646,56.25349487418453
paper_simulation_T3_C,589.3296853625171,56.234855545200375
paper_simulation_T3_C,590.1504787961696,56.21621621621622
paper_simulation_T3_C,590.9712722298221,56.234855545200375
paper_simulation_T3_C,591.7920656634747,56.234855545200375
paper_simulation_T3_C,592.6128590971272,56.234855545200375
paper_simulation_T3_C,593.4336525307798,56.234855545200375
paper_simulation_T3_C,594.2544459644323,56.234855545200375
paper_simulation_T3_C,595.0752393980848,56.234855545200375
paper_simulation_T3_C,595.8960328317373,56.234855545200375
paper_simulation_T3_C,596.7168262653898,56.234855545200375
paper_simulation_T3_C,597.5376196990424,56.234855545200375
paper_simulation_T3_C,598.358413132695,56.25349487418453
paper_simulation_T3_C,599.1792065663475,56.234855545200375
paper_simulation_T3_C,600.0,56.234855545200375
paper_simulation_T3_C,600.8207934336525,56.21621621621622
paper_simulation_T3_C,601.641586867305,56.234855545200375
paper_simulation_T3_C,602.4623803009576,56.234855545200375
paper_simulation_T3_C,603.2831737346102,56.234855545200375
paper_simulation_T3_C,604.1039671682627,56.234855545200375
paper_simulation_T3_C,604.9247606019152,56.234855545200375
paper_simulation_T3_C,605.7455540355677,56.234855545200375
paper_simulation_T3_C,606.5663474692202,56.234855545200375
paper_simulation_T3_C,607.3871409028728,56.25349487418453
paper_simulation_T3_C,608.2079343365253,56.234855545200375
paper_simulation_T3_C,609.0287277701779,56.234855545200375
paper_simulation_T3_C,609.8495212038304,56.21621621621622
paper_simulation_T3_C,610.6703146374829,56.21621621621622
paper_simulation_T3_C,611.4911080711354,56.234855545200375
paper_simulation_T3_C,612.311901504788,56.234855545200375
paper_simulation_T3_C,613.1326949384405,56.234855545200375
paper_simulation_T3_C,613.953488372093,56.234855545200375
paper_simulation_T3_C,614.7742818057455,56.21621621621622
paper_simulation_T3_C,615.595075239398,56.234855545200375
paper_simulation_T3_C,616.4158686730506,56.234855545200375
paper_simulation_T3_C,617.2366621067032,56.234855545200375
paper_simulation_T3_C,618.0574555403557,56.21621621621622
paper_simulation_T3_C,618.8782489740082,56.21621621621622
paper_simulation_T3_C,619.6990424076607,56.21621621621622
paper_simulation_T3_C,620.5198358413132,56.234855545200375
paper_simulation_T3_C,621.3406292749657,56.21621621621622
paper_simulation_T3_C,622.1614227086184,56.21621621621622
paper_simulation_T3_C,622.9822161422709,56.234855545200375
paper_simulation_T3_C,623.8030095759234,56.25349487418453
paper_simulation_T3_C,624.6238030095759,56.234855545200375
paper_simulation_T3_C,625.4445964432284,56.234855545200375
paper_simulation_T3_C,626.2653898768809,56.234855545200375
paper_simulation_T3_C,627.0861833105336,56.25349487418453
paper_simulation_T3_C,627.9069767441861,56.25349487418453
paper_simulation_T3_C,628.7277701778386,56.1789375582479
paper_simulation_T3_C,629.5485636114911,56.21621621621622
paper_simulation_T3_C,630.3693570451436,56.234855545200375
paper_simulation_T3_C,631.1901504787961,56.25349487418453
paper_simulation_T3_C,632.0109439124487,56.25349487418453
paper_simulation_T3_C,632.8317373461012,56.25349487418453
paper_simulation_T3_C,633.6525307797538,56.25349487418453
paper_simulation_T3_C,634.4733242134063,56.19757688723206
paper_simulation_T3_C,635.2941176470588,56.21621621621622
paper_simulation_T3_C,636.1149110807114,56.25349487418453
paper_simulation_T3_C,636.9357045143639,56.234855545200375
paper_simulation_T3_C,637.7564979480164,56.234855545200375
paper_simulation_T3_C,638.5772913816689,56.234855545200375
paper_simulation_T3_C,639.3980848153215,56.234855545200375
paper_simulation_T3_C,640.218878248974,56.25349487418453
paper_simulation_T3_C,641.0396716826266,56.21621621621622
paper_simulation_T3_C,641.8604651162791,56.21621621621622
paper_simulation_T3_C,642.6812585499316,56.234855545200375
paper_simulation_T3_C,643.5020519835841,56.234855545200375
paper_simulation_T3_C,644.3228454172366,56.234855545200375
paper_simulation_T3_C,645.1436388508891,56.234855545200375
paper_simulation_T3_C,645.9644322845418,56.234855545200375
paper_simulation_T3_C,646.7852257181943,56.234855545200375
paper_simulation_T3_C,647.6060191518468,56.234855545200375
paper_simulation_T3_C,648.4268125854993,56.234855545200375
paper_simulation_T3_C,649.2476060191518,56.234855545200375
paper_simulation_T3_C,650.0683994528043,56.19757688723206
paper_simulation_T3_C,650.889192886457,56.19757688723206
paper_simulation_T3_C,651.7099863201095,56.21621621621622
paper_simulation_T3_C,652.530779753762,56.234855545200375
paper_simulation_T3_C,653.3515731874145,56.234855545200375
paper_simulation_T3_C,654.172366621067,56.25349487418453
paper_simulation_T3_C,654.9931600547195,56.234855545200375
paper_simulation_T3_C,655.8139534883721,56.234855545200375
paper_simulation_T3_C,656.6347469220246,56.234855545200375
paper_simulation_T3_C,657.4555403556772,56.234855545200375
paper_simulation_T3_C,658.2763337893297,56.234855545200375
paper_simulation_T3_C,659.0971272229822,56.234855545200375
paper_simulation_T3_C,659.9179206566347,56.234855545200375
paper_simulation_T3_C,660.7387140902873,56.21621621621622
paper_simulation_T3_C,661.5595075239398,56.19757688723206
paper_simulation_T3_C,662.3803009575923,56.21621621621622
paper_simulation_T3_C,663.2010943912449,56.21621621621622
paper_simulation_T3_C,664.0218878248974,56.19757688723206
paper_simulation_T3_C,664.84268125855,56.234855545200375
paper_simulation_T3_C,665.6634746922025,56.25349487418453
paper_simulation_T3_C,666.484268125855,56.21621621621622
paper_simulation_T3_C,667.3050615595075,56.234855545200375
paper_simulation_T3_C,668.12585499316,56.21621621621622
paper_simulation_T3_C,668.9466484268125,56.21621621621622
paper_simulation_T3_C,669.7674418604652,56.234855545200375
paper_simulation_T3_C,670.5882352941177,56.234855545200375
paper_simulation_T3_C,671.4090287277702,56.21621621621622
paper_simulation_T3_C,672.2298221614227,56.234855545200375
paper_simulation_T3_C,673.0506155950752,56.234855545200375
paper_simulation_T3_C,673.8714090287277,56.25349487418453
paper_simulation_T3_C,674.6922024623804,56.234855545200375
paper_simulation_T3_C,675.5129958960329,56.234855545200375
paper_simulation_T3_C,676.3337893296854,56.25349487418453
paper_simulation_T3_C,677.1545827633379,56.25349487418453
paper_simulation_T3_C,677.9753761969904,56.25349487418453
paper_simulation_T3_C,678.7961696306429,56.234855545200375
paper_simulation_T3_C,679.6169630642955,56.234855545200375
paper_simulation_T3_C,680.437756497948,56.25349487418453
paper_simulation_T3_C,681.2585499316006,56.234855545200375
paper_simulation_T3_C,682.0793433652531,56.234855545200375
paper_simulation_T3_C,682.9001367989056,56.234855545200375
paper_simulation_T3_C,683.7209302325581,56.21621621621622
paper_simulation_T3_C,684.5417236662107,56.1789375582479
paper_simulation_T3_C,685.3625170998632,56.21621621621622
paper_simulation_T3_C,686.1833105335157,56.234855545200375
paper_simulation_T3_C,687.0041039671682,56.234855545200375
paper_simulation_T3_C,687.8248974008208,56.234855545200375
paper_simulation_T3_C,688.6456908344733,56.21621621621622
paper_simulation_T3_C,689.4664842681259,56.21621621621622
paper_simulation_T3_C,690.2872777017784,56.19757688723206
paper_simulation_T3_C,691.1080711354309,56.234855545200375
paper_simulation_T3_C,691.9288645690834,56.234855545200375
paper_simulation_T3_C,692.7496580027359,56.21621621621622
paper_simulation_T3_C,693.5704514363885,56.19757688723206
paper_simulation_T3_C,694.3912448700411,56.21621621621622
paper_simulation_T3_C,695.2120383036936,56.234855545200375
paper_simulation_T3_C,696.0328317373461,56.234855545200375
paper_simulation_T3_C,696.8536251709986,56.234855545200375
paper_simulation_T3_C,697.6744186046511,56.25349487418453
paper_simulation_T3_C,698.4952120383037,56.25349487418453
paper_simulation_T3_C,699.3160054719563,56.21621621621622
paper_simulation_T3_C,700.1367989056088,56.234855545200375
paper_simulation_T3_C,700.9575923392613,56.234855545200375
paper_simulation_T3_C,701.7783857729138,56.21621621621622
paper_simulation_T3_C,702.5991792065663,56.21621621621622
paper_simulation_T3_C,703.4199726402189,56.19757688723206
paper_simulation_T3_C,704.2407660738714,56.21621621621622
paper_simulation_T3_C,705.061559507524,56.21621621621622
paper_simulation_T3_C,705.8823529411765,56.234855545200375
paper_simulation_T3_C,706.703146374829,56.234855545200375
paper_simulation_T3_C,707.5239398084815,56.21621621621622
paper_simulation_T3_C,708.3447332421341,56.19757688723206
paper_simulation_T3_C,709.1655266757866,56.21621621621622
paper_simulation_T3_C,709.9863201094391,56.21621621621622
paper_simulation_T3_C,710.8071135430916,56.21621621621622
paper_simulation_T3_C,711.6279069767442,56.25349487418453
paper_simulation_T3_C,712.4487004103967,56.234855545200375
paper_simulation_T3_C,713.2694938440493,56.21621621621622
paper_simulation_T3_C,714.0902872777018,56.19757688723206
paper_simulation_T3_C,714.9110807113543,56.21621621621622
paper_simulation_T3_C,715.7318741450068,56.21621621621622
paper_simulation_T3_C,716.5526675786593,56.234855545200375
paper_simulation_T3_C,717.3734610123119,56.21621621621622
paper_simulation_T3_C,718.1942544459645,56.21621621621622
paper_simulation_T3_C,719.015047879617,56.21621621621622
paper_simulation_T3_C,719.8358413132695,56.21621621621622
paper_simulation_T3_C,720.656634746922,56.21621621621622
paper_simulation_T3_C,721.4774281805745,56.21621621621622
paper_simulation_T3_C,722.298221614227,56.21621621621622
paper_simulation_T3_C,723.1190150478797,56.21621621621622
paper_simulation_T3_C,723.9398084815322,56.21621621621622
paper_simulation_T3_C,724.7606019151847,56.21621621621622
paper_simulation_T3_C,725.5813953488372,56.234855545200375
paper_simulation_T3_C,726.4021887824897,56.21621621621622
paper_simulation_T3_C,727.2229822161423,56.21621621621622
paper_simulation_T3_C,728.0437756497948,56.234855545200375
paper_simulation_T3_C,728.8645690834473,56.234855545200375
paper_simulation_T3_C,729.6853625170999,56.234855545200375
paper_simulation_T3_C,730.5061559507524,56.21621621621622
paper_simulation_T3_C,731.3269493844049,56.19757688723206
paper_simulation_T3_C,732.1477428180575,56.21621621621622
paper_simulation_T3_C,732.96853625171,56.21621621621622
paper_simulation_T3_C,733.7893296853625,56.21621621621622
paper_simulation_T3_C,734.610123119015,56.21621621621622
paper_simulation_T3_C,735.4309165526676,56.21621621621622
paper_simulation_T3_C,736.2517099863201,56.234855545200375
paper_simulation_T3_C,737.0725034199727,56.21621621621622
paper_simulation_T3_C,737.8932968536252,56.21621621621622
paper_simulation_T3_C,738.7140902872777,56.21621621621622
paper_simulation_T3_C,739.5348837209302,56.234855545200375
paper_simulation_T3_C,740.3556771545827,56.234855545200375
paper_simulation_T3_C,741.1764705882352,56.234855545200375
paper_simulation_T3_C,741.9972640218879,56.21621621621622
paper_simulation_T3_C,742.8180574555404,56.19757688723206
paper_simulation_T3_C,743.6388508891929,56.19757688723206
paper_simulation_T3_C,744.4596443228454,56.19757688723206
paper_simulation_T3_C,745.2804377564979,56.234855545200375
paper_simulation_T3_C,746.1012311901504,56.25349487418453
paper_simulation_T3_C,746.922024623803,56.234855545200375
paper_simulation_T3_C,747.7428180574556,56.21621621621622
paper_simulation_T3_C,748.5636114911081,56.234855545200375
paper_simulation_T3_C,749.3844049247606,56.234855545200375
paper_simulation_T3_C,750.2051983584131,56.25349487418453
paper_simulation_T3_C,751.0259917920656,56.234855545200375
paper_simulation_T3_C,751.8467852257182,56.234855545200375
paper_simulation_T3_C,752.6675786593707,56.234855545200375
paper_simulation_T3_C,753.4883720930233,56.234855545200375
paper_simulation_T3_C,754.3091655266758,56.234855545200375
paper_simulation_T3_C,755.1299589603283,56.234855545200375
paper_simulation_T3_C,755.9507523939808,56.234855545200375
paper_simulation_T3_C,756.7715458276334,56.234855545200375
paper_simulation_T3_C,757.5923392612859,56.234855545200375
paper_simulation_T3_C,758.4131326949384,56.234855545200375
paper_simulation_T3_C,759.233926128591,56.234855545200375
paper_simulation_T3_C,760.0547195622435,56.234855545200375
paper_simulation_T3_C,760.8755129958961,56.21621621621622
paper_simulation_T3_C,761.6963064295486,56.19757688723206
paper_simulation_T3_C,762.5170998632011,56.19757688723206
paper_simulation_T3_C,763.3378932968536,56.234855545200375
paper_simulation_T3_C,764.1586867305061,56.25349487418453
paper_simulation_T3_C,764.9794801641586,56.234855545200375
paper_simulation_T3_C,765.8002735978113,56.234855545200375
paper_simulation_T3_C,766.6210670314638,56.234855545200375
paper_simulation_T3_C,767.4418604651163,56.19757688723206
paper_simulation_T3_C,768.2626538987688,56.19757688723206
paper_simulation_T3_C,769.0834473324213,56.21621621621622
paper_simulation_T3_C,769.9042407660738,56.234855545200375
paper_simulation_T3_C,770.7250341997265,56.234855545200375
paper_simulation_T3_C,771.545827633379,56.234855545200375
paper_simulation_T3_C,772.3666210670315,56.21621621621622
paper_simulation_T3_C,773.187414500684,56.21621621621622
paper_simulation_T3_C,774.0082079343365,56.234855545200375
paper_simulation_T3_C,774.829001367989,56.234855545200375
paper_simulation_T3_C,775.6497948016416,56.234855545200375
paper_simulation_T3_C,776.4705882352941,56.234855545200375
paper_simulation_T3_C,777.2913816689467,56.234855545200375
paper_simulation_T3_C,778.1121751025992,56.234855545200375
paper_simulation_T3_C,778.9329685362517,56.21621621621622
paper_simulation_T3_C,779.7537619699042,56.21621621621622
paper_simulation_T3_C,780.5745554035568,56.234855545200375
paper_simulation_T3_C,781.3953488372093,56.234855545200375
paper_simulation_T3_C,782.2161422708618,56.21621621621622
paper_simulation_T3_C,783.0369357045143,56.234855545200375
paper_simulation_T3_C,783.8577291381669,56.234855545200375
paper_simulation_T3_C,784.6785225718194,56.21621621621622
paper_simulation_T3_C,785.499316005472,56.21621621621622
paper_simulation_T3_C,786.3201094391245,56.21621621621622
paper_simulation_T3_C,787.140902872777,56.234855545200375
paper_simulation_T3_C,787.9616963064295,56.25349487418453
paper_simulation_T3_C,788.782489740082,56.25349487418453
paper_simulation_T3_C,789.6032831737347,56.234855545200375
paper_simulation_T3_C,790.4240766073872,56.21621621621622
paper_simulation_T3_C,791.2448700410397,56.234855545200375
paper_simulation_T3_C,792.0656634746922,56.21621621621622
paper_simulation_T3_C,792.8864569083447,56.234855545200375
paper_simulation_T3_C,793.7072503419972,56.21621621621622
paper_simulation_T3_C,794.5280437756498,56.21621621621622
paper_simulation_T3_C,795.3488372093024,56.19757688723206
paper_simulation_T3_C,796.1696306429549,56.19757688723206
paper_simulation_T3_C,796.9904240766074,56.19757688723206
paper_simulation_T3_C,797.8112175102599,56.19757688723206
paper_simulation_T3_C,798.6320109439124,56.19757688723206
paper_simulation_T3_C,799.452804377565,56.21621621621622
paper_simulation_T3_C,800.2735978112175,56.21621621621622
paper_simulation_T3_C,801.09439124487,56.234855545200375
paper_simulation_T3_C,801.9151846785226,56.21621621621622
paper_simulation_T3_C,802.7359781121751,56.21621621621622
paper_simulation_T3_C,803.5567715458276,56.21621621621622
paper_simulation_T3_C,804.3775649794802,56.234855545200375
paper_simulation_T3_C,805.1983584131327,56.21621621621622
paper_simulation_T3_C,806.0191518467852,56.21621621621622
paper_simulation_T3_C,806.8399452804377,56.25349487418453
paper_simulation_T3_C,807.6607387140903,56.25349487418453
paper_simulation_T3_C,808.4815321477428,56.21621621621622
paper_simulation_T3_C,809.3023255813954,56.21621621621622
paper_simulation_T3_C,810.1231190150479,56.21621621621622
paper_simulation_T3_C,810.9439124487004,56.25349487418453
paper_simulation_T3_C,811.7647058823529,56.21621621621622
paper_simulation_T3_C,812.5854993160054,56.21621621621622
paper_simulation_T3_C,813.406292749658,56.21621621621622
paper_simulation_T3_C,814.2270861833106,56.21621621621622
paper_simulation_T3_C,815.0478796169631,56.27213420316868
paper_simulation_T3_C,815.8686730506156,56.21621621621622
paper_simulation_T3_C,816.6894664842681,56.21621621621622
paper_simulation_T3_C,817.5102599179206,56.234855545200375
paper_simulation_T3_C,818.3310533515731,56.21621621621622
paper_simulation_T3_C,819.1518467852258,56.21621621621622
paper_simulation_T3_C,819.9726402188783,56.21621621621622
paper_simulation_T3_C,820.7934336525308,56.21621621621622
paper_simulation_T3_C,821.6142270861833,56.234855545200375
paper_simulation_T3_C,822.4350205198358,56.21621621621622
paper_simulation_T3_C,823.2558139534884,56.25349487418453
paper_simulation_T3_C,824.0766073871409,56.21621621621622
paper_simulation_T3_C,824.8974008207935,56.234855545200375
paper_simulation_T3_C,825.718194254446,56.234855545200375
paper_simulation_T3_C,826.5389876880985,56.234855545200375
paper_simulation_T3_C,827.359781121751,56.25349487418453
paper_simulation_T3_C,828.1805745554036,56.21621621621622
paper_simulation_T3_C,829.0013679890561,56.21621621621622
paper_simulation_T3_C,829.8221614227086,56.234855545200375
paper_simulation_T3_C,830.6429548563611,56.234855545200375
paper_simulation_T3_C,831.4637482900137,56.234855545200375
paper_simulation_T3_C,832.2845417236662,56.21621621621622
paper_simulation_T3_C,833.1053351573188,56.21621621621622
paper_simulation_T3_C,833.9261285909713,56.234855545200375
paper_simulation_T3_C,834.7469220246238,56.234855545200375
paper_simulation_T3_C,835.5677154582763,56.19757688723206
paper_simulation_T3_C,836.3885088919288,56.19757688723206
paper_simulation_T3_C,837.2093023255813,56.21621621621622
paper_simulation_T3_C,838.030095759234,56.21621621621622
paper_simulation_T3_C,838.8508891928865,56.21621621621622
paper_simulation_T3_C,839.671682626539,56.21621621621622
paper_simulation_T3_C,840.4924760601915,56.21621621621622
paper_simulation_T3_C,841.313269493844,56.21621621621622
paper_simulation_T3_C,842.1340629274965,56.21621621621622
paper_simulation_T3_C,842.9548563611492,56.21621621621622
paper_simulation_T3_C,843.7756497948017,56.21621621621622
paper_simulation_T3_C,844.5964432284542,56.234855545200375
paper_simulation_T3_C,845.4172366621067,56.234855545200375
paper_simulation_T3_C,846.2380300957592,56.234855545200375
paper_simulation_T3_C,847.0588235294117,56.21621621621622
paper_simulation_T3_C,847.8796169630643,56.234855545200375
paper_simulation_T3_C,848.7004103967168,56.234855545200375
paper_simulation_T3_C,849.5212038303694,56.234855545200375
paper_simulation_T3_C,850.3419972640219,56.234855545200375
paper_simulation_T3_C,851.1627906976744,56.21621621621622
paper_simulation_T3_C,851.9835841313269,56.19757688723206
paper_simulation_T3_C,852.8043775649795,56.21621621621622
paper_simulation_T3_C,853.625170998632,56.234855545200375
paper_simulation_T3_C,854.4459644322845,56.234855545200375
paper_simulation_T3_C,855.266757865937,56.234855545200375
paper_simulation_T3_C,856.0875512995896,56.21621621621622
paper_simulation_T3_C,856.9083447332422,56.234855545200375
paper_simulation_T3_C,857.7291381668947,56.234855545200375
paper_simulation_T3_C,858.5499316005472,56.21621621621622
paper_simulation_T3_C,859.3707250341997,56.21621621621622
paper_simulation_T3_C,860.1915184678522,56.234855545200375
paper_simulation_T3_C,861.0123119015047,56.234855545200375
paper_simulation_T3_C,861.8331053351574,56.234855545200375
paper_simulation_T3_C,862.6538987688099,56.21621621621622
paper_simulation_T3_C,863.4746922024624,56.21621621621622
paper_simulation_T3_C,864.2954856361149,56.234855545200375
paper_simulation_T3_C,865.1162790697674,56.234855545200375
paper_simulation_T3_C,865.9370725034199,56.234855545200375
paper_simulation_T3_C,866.7578659370726,56.25349487418453
paper_simulation_T3_C,867.5786593707251,56.25349487418453
paper_simulation_T3_C,868.3994528043776,56.25349487418453
paper_simulation_T3_C,869.2202462380301,56.25349487418453
paper_simulation_T3_C,870.0410396716826,56.19757688723206
paper_simulation_T3_C,870.8618331053351,56.19757688723206
paper_simulation_T3_C,871.6826265389877,56.19757688723206
paper_simulation_T3_C,872.5034199726402,56.21621621621622
paper_simulation_T3_C,873.3242134062928,56.21621621621622
paper_simulation_T3_C,874.1450068399453,56.234855545200375
paper_simulation_T3_C,874.9658002735978,56.234855545200375
paper_simulation_T3_C,875.7865937072503,56.234855545200375
paper_simulation_T3_C,876.6073871409029,56.21621621621622
paper_simulation_T3_C,877.4281805745554,56.19757688723206
paper_simulation_T3_C,878.2489740082079,56.21621621621622
paper_simulation_T3_C,879.0697674418604,56.19757688723206
paper_simulation_T3_C,879.890560875513,56.19757688723206
paper_simulation_T3_C,880.7113543091655,56.19757688723206
paper_simulation_T3_C,881.5321477428181,56.19757688723206
paper_simulation_T3_C,882.3529411764706,56.21621621621622
paper_simulation_T3_C,883.1737346101231,56.21621621621622
paper_simulation_T3_C,883.9945280437756,56.21621621621622
paper_simulation_T3_C,884.8153214774281,56.27213420316868
paper_simulation_T3_C,885.6361149110808,56.21621621621622
paper_simulation_T3_C,886.4569083447333,56.234855545200375
paper_simulation_T3_C,887.2777017783858,56.234855545200375
paper_simulation_T3_C,888.0984952120383,56.234855545200375
paper_simulation_T3_C,888.9192886456908,56.21621621621622
paper_simulation_T3_C,889.7400820793433,56.21621621621622
paper_simulation_T3_C,890.560875512996,56.19757688723206
paper_simulation_T3_C,891.3816689466485,56.19757688723206
paper_simulation_T3_C,892.202462380301,56.25349487418453
paper_simulation_T3_C,893.0232558139535,56.21621621621622
paper_simulation_T3_C,893.844049247606,56.19757688723206
paper_simulation_T3_C,894.6648426812585,56.19757688723206
paper_simulation_T3_C,895.4856361149111,56.19757688723206
paper_simulation_T3_C,896.3064295485636,56.21621621621622
paper_simulation_T3_C,897.1272229822162,56.234855545200375
paper_simulation_T3_C,897.9480164158687,56.21621621621622
paper_simulation_T3_C,898.7688098495212,56.21621621621622
paper_simulation_T3_C,899.5896032831737,56.21621621621622
paper_simulation_T3_C,900.4103967168263,56.234855545200375
paper_simulation_T3_C,901.2311901504788,56.234855545200375
paper_simulation_T3_C,902.0519835841313,56.21621621621622
paper_simulation_T3_C,902.8727770177838,56.19757688723206
paper_simulation_T3_C,903.6935704514364,56.234855545200375
paper_simulation_T3_C,904.5143638850889,56.19757688723206
paper_simulation_T3_C,905.3351573187415,56.21621621621622
paper_simulation_T3_C,906.155950752394,56.21621621621622
paper_simulation_T3_C,906.9767441860465,56.21621621621622
paper_simulation_T3_C,907.797537619699,56.21621621621622
paper_simulation_T3_C,908.6183310533515,56.19757688723206
paper_simulation_T3_C,909.439124487004,56.21621621621622
paper_simulation_T3_C,910.2599179206567,56.21621621621622
paper_simulation_T3_C,911.0807113543092,56.21621621621622
paper_simulation_T3_C,911.9015047879617,56.21621621621622
paper_simulation_T3_C,912.7222982216142,56.234855545200375
paper_simulation_T3_C,913.5430916552667,56.21621621621622
paper_simulation_T3_C,914.3638850889192,56.21621621621622
paper_simulation_T3_C,915.1846785225719,56.21621621621622
paper_simulation_T3_C,916.0054719562244,56.234855545200375
paper_simulation_T3_C,916.8262653898769,56.21621621621622
paper_simulation_T3_C,917.6470588235294,56.234855545200375
paper_simulation_T3_C,918.4678522571819,56.234855545200375
paper_simulation_T3_C,919.2886456908345,56.234855545200375
paper_simulation_T3_C,920.109439124487,56.234855545200375
paper_simulation_T3_C,920.9302325581396,56.234855545200375
paper_simulation_T3_C,921.7510259917921,56.234855545200375
paper_simulation_T3_C,922.5718194254446,56.234855545200375
paper_simulation_T3_C,923.3926128590971,56.234855545200375
paper_simulation_T3_C,924.2134062927497,56.234855545200375
paper_simulation_T3_C,925.0341997264022,56.234855545200375
paper_simulation_T3_C,925.8549931600547,56.21621621621622
paper_simulation_T3_C,926.6757865937072,56.19757688723206
paper_simulation_T3_C,927.4965800273598,56.19757688723206
paper_simulation_T3_C,928.3173734610123,56.19757688723206
paper_simulation_T3_C,929.1381668946649,56.21621621621622
paper_simulation_T3_C,929.9589603283174,56.234855545200375
paper_simulation_T3_C,930.7797537619699,56.234855545200375
paper_simulation_T3_C,931.6005471956224,56.21621621621622
paper_simulation_T3_C,932.4213406292749,56.234855545200375
paper_simulation_T3_C,933.2421340629274,56.234855545200375
paper_simulation_T3_C,934.0629274965801,56.21621621621622
paper_simulation_T3_C,934.8837209302326,56.1789375582479
paper_simulation_T3_C,935.7045143638851,56.234855545200375
paper_simulation_T3_C,936.5253077975376,56.21621621621622
paper_simulation_T3_C,937.3461012311901,56.21621621621622
paper_simulation_T3_C,938.1668946648426,56.234855545200375
paper_simulation_T3_C,938.9876880984953,56.234855545200375
paper_simulation_T3_C,939.8084815321478,56.21621621621622
paper_simulation_T3_C,940.6292749658003,56.21621621621622
paper_simulation_T3_C,941.4500683994528,56.25349487418453
paper_simulation_T3_C,942.2708618331053,56.234855545200375
paper_simulation_T3_C,943.0916552667578,56.234855545200375
paper_simulation_T3_C,943.9124487004104,56.25349487418453
paper_simulation_T3_C,944.733242134063,56.25349487418453
paper_simulation_T3_C,945.5540355677155,56.25349487418453
paper_simulation_T3_C,946.374829001368,56.234855545200375
paper_simulation_T3_C,947.1956224350205,56.234855545200375
paper_simulation_T3_C,948.0164158686731,56.234855545200375
paper_simulation_T3_C,948.8372093023256,56.234855545200375
paper_simulation_T3_C,949.6580027359781,56.234855545200375
paper_simulation_T3_C,950.4787961696306,56.234855545200375
paper_simulation_T3_C,951.2995896032832,56.25349487418453
paper_simulation_T3_C,952.1203830369357,56.19757688723206
paper_simulation_T3_C,952.9411764705883,56.19757688723206
paper_simulation_T3_C,953.7619699042408,56.21621621621622
paper_simulation_T3_C,954.5827633378933,56.21621621621622
paper_simulation_T3_C,955.4035567715458,56.21621621621622
paper_simulation_T3_C,956.2243502051983,56.21621621621622
paper_simulation_T3_C,957.0451436388508,56.234855545200375
paper_simulation_T3_C,957.8659370725035,56.25349487418453
paper_simulation_T3_C,958.686730506156,56.234855545200375
paper_simulation_T3_C,959.5075239398085,56.21621621621622
paper_simulation_T3_C,960.328317373461,56.21621621621622
paper_simulation_T3_C,961.1491108071135,56.21621621621622
paper_simulation_T3_C,961.969904240766,56.21621621621622
paper_simulation_T3_C,962.7906976744187,56.21621621621622
paper_simulation_T3_C,963.6114911080712,56.21621621621622
paper_simulation_T3_C,964.4322845417237,56.234855545200375
paper_simulation_T3_C,965.2530779753762,56.234855545200375
paper_simulation_T3_C,966.0738714090287,56.21621621621622
paper_simulation_T3_C,966.8946648426812,56.21621621621622
paper_simulation_T3_C,967.7154582763338,56.21621621621622
paper_simulation_T3_C,968.5362517099863,56.234855545200375
paper_simulation_T3_C,969.3570451436389,56.234855545200375
paper_simulation_T3_C,970.1778385772914,56.25349487418453
paper_simulation_T3_C,970.9986320109439,56.234855545200375
paper_simulation_T3_C,971.8194254445964,56.19757688723206
paper_simulation_T3_C,972.640218878249,56.19757688723206
paper_simulation_T3_C,973.4610123119015,56.21621621621622
paper_simulation_T3_C,974.281805745554,56.19757688723206
paper_simulation_T3_C,975.1025991792065,56.19757688723206
paper_simulation_T3_C,975.9233926128591,56.21621621621622
paper_simulation_T3_C,976.7441860465116,56.21621621621622
paper_simulation_T3_C,977.5649794801642,56.234855545200375
paper_simulation_T3_C,978.3857729138167,56.21621621621622
paper_simulation_T3_C,979.2065663474692,56.234855545200375
paper_simulation_T3_C,980.0273597811217,56.234855545200375
paper_simulation_T3_C,980.8481532147742,56.234855545200375
paper_simulation_T3_C,981.6689466484269,56.234855545200375
paper_simulation_T3_C,982.4897400820794,56.21621621621622
paper_simulation_T3_C,983.3105335157319,56.234855545200375
paper_simulation_T3_C,984.1313269493844,56.234855545200375
paper_simulation_T3_C,984.9521203830369,56.25349487418453
paper_simulation_T3_C,985.7729138166894,56.25349487418453
paper_simulation_T3_C,986.593707250342,56.25349487418453
paper_simulation_T3_C,987.4145006839946,56.21621621621622
paper_simulation_T3_C,988.2352941176471,56.21621621621622
paper_simulation_T3_C,989.0560875512996,56.21621621621622
paper_simulation_T3_C,989.8768809849521,56.21621621621622
paper_simulation_T3_C,990.6976744186046,56.234855545200375
paper_simulation_T3_C,991.5184678522572,56.234855545200375
paper_simulation_T3_C,992.3392612859097,56.234855545200375
paper_simulation_T3_C,993.1600547195623,56.234855545200375
paper_simulation_T3_C,993.9808481532148,56.234855545200375
paper_simulation_T3_C,994.8016415868673,56.234855545200375
paper_simulation_T3_C,995.6224350205198,56.25349487418453
paper_simulation_T3_C,996.4432284541724,56.19757688723206
paper_simulation_T3_C,997.2640218878249,56.21621621621622
paper_simulation_T3_C,998.0848153214774,56.234855545200375
paper_simulation_T3_C,998.90560875513,56.21621621621622
paper_simulation_T3_C,999.7264021887825,56.21621621621622
paper_simulation_T3_C,1000.547195622435,56.21621621621622
paper_simulation_T3_C,1001.3679890560876,56.21621621621622
paper_simulation_T3_C,1002.1887824897401,56.234855545200375
paper_simulation_T3_C,1003.0095759233926,56.234855545200375
paper_simulation_T3_C,1003.8303693570451,56.234855545200375
paper_simulation_T3_C,1004.6511627906976,56.234855545200375
paper_simulation_T3_C,1005.4719562243502,56.234855545200375
paper_simulation_T3_C,1006.2927496580028,56.234855545200375
paper_simulation_T3_C,1007.1135430916553,56.234855545200375
paper_simulation_T3_C,1007.9343365253078,56.234855545200375
paper_simulation_T3_C,1008.7551299589603,56.21621621621622
paper_simulation_T3_C,1009.5759233926128,56.21621621621622
paper_simulation_T3_C,1010.3967168262653,56.21621621621622
paper_simulation_T3_C,1011.217510259918,56.21621621621622
paper_simulation_T3_C,1012.0383036935705,56.21621621621622
paper_simulation_T3_C,1012.859097127223,56.234855545200375
paper_simulation_T3_C,1013.6798905608755,56.234855545200375
paper_simulation_T3_C,1014.500683994528,56.234855545200375
paper_simulation_T3_C,1015.3214774281806,56.21621621621622
paper_simulation_T3_C,1016.1422708618331,56.1789375582479
paper_simulation_T3_C,1016.9630642954857,56.234855545200375
paper_simulation_T3_C,1017.7838577291382,56.234855545200375
paper_simulation_T3_C,1018.6046511627907,56.234855545200375
paper_simulation_T3_C,1019.4254445964432,56.21621621621622
paper_simulation_T3_C,1020.2462380300958,56.21621621621622
paper_simulation_T3_C,1021.0670314637483,56.21621621621622
paper_simulation_T3_C,1021.8878248974008,56.25349487418453
paper_simulation_T3_C,1022.7086183310533,56.25349487418453
paper_simulation_T3_C,1023.5294117647059,56.234855545200375
paper_simulation_T3_C,1024.3502051983585,56.234855545200375
paper_simulation_T3_C,1025.1709986320109,56.234855545200375
paper_simulation_T3_C,1025.9917920656635,56.234855545200375
paper_simulation_T3_C,1026.812585499316,56.234855545200375
paper_simulation_T3_C,1027.6333789329685,56.21621621621622
paper_simulation_T3_C,1028.4541723666212,56.25349487418453
paper_simulation_T3_C,1029.2749658002735,56.21621621621622
paper_simulation_T3_C,1030.0957592339262,56.234855545200375
paper_simulation_T3_C,1030.9165526675786,56.234855545200375
paper_simulation_T3_C,1031.7373461012312,56.234855545200375
paper_simulation_T3_C,1032.5581395348838,56.234855545200375
paper_simulation_T3_C,1033.3789329685362,56.234855545200375
paper_simulation_T3_C,1034.1997264021888,56.19757688723206
paper_simulation_T3_C,1035.0205198358412,56.21621621621622
paper_simulation_T3_C,1035.8413132694939,56.234855545200375
paper_simulation_T3_C,1036.6621067031463,56.234855545200375
paper_simulation_T3_C,1037.482900136799,56.234855545200375
paper_simulation_T3_C,1038.3036935704515,56.234855545200375
paper_simulation_T3_C,1039.124487004104,56.21621621621622
paper_simulation_T3_C,1039.9452804377565,56.234855545200375
paper_simulation_T3_C,1040.766073871409,56.21621621621622
paper_simulation_T3_C,1041.5868673050616,56.234855545200375
paper_simulation_T3_C,1042.4076607387142,56.25349487418453
paper_simulation_T3_C,1043.2284541723666,56.25349487418453
paper_simulation_T3_C,1044.0492476060192,56.25349487418453
paper_simulation_T3_C,1044.8700410396716,56.234855545200375
paper_simulation_T3_C,1045.6908344733242,56.234855545200375
paper_simulation_T3_C,1046.5116279069769,56.234855545200375
paper_simulation_T3_C,1047.3324213406293,56.234855545200375
paper_simulation_T3_C,1048.1532147742819,56.234855545200375
paper_simulation_T3_C,1048.9740082079343,56.234855545200375
paper_simulation_T3_C,1049.794801641587,56.21621621621622
paper_simulation_T3_C,1050.6155950752393,56.234855545200375
paper_simulation_T3_C,1051.436388508892,56.234855545200375
paper_simulation_T3_C,1052.2571819425445,56.21621621621622
paper_simulation_T3_C,1053.077975376197,56.21621621621622
paper_simulation_T3_C,1053.8987688098496,56.21621621621622
paper_simulation_T3_C,1054.719562243502,56.234855545200375
paper_simulation_T3_C,1055.5403556771546,56.234855545200375
paper_simulation_T3_C,1056.3611491108072,56.21621621621622
paper_simulation_T3_C,1057.1819425444596,56.21621621621622
paper_simulation_T3_C,1058.0027359781122,56.234855545200375
paper_simulation_T3_C,1058.8235294117646,56.25349487418453
paper_simulation_T3_C,1059.6443228454173,56.234855545200375
paper_simulation_T3_C,1060.4651162790697,56.234855545200375
paper_simulation_T3_C,1061.2859097127223,56.234855545200375
paper_simulation_T3_C,1062.106703146375,56.21621621621622
paper_simulation_T3_C,1062.9274965800273,56.21621621621622
paper_simulation_T3_C,1063.74829001368,56.21621621621622
paper_simulation_T3_C,1064.5690834473323,56.234855545200375
paper_simulation_T3_C,1065.389876880985,56.21621621621622
paper_simulation_T3_C,1066.2106703146376,56.234855545200375
paper_simulation_T3_C,1067.03146374829,56.234855545200375
paper_simulation_T3_C,1067.8522571819426,56.25349487418453
paper_simulation_T3_C,1068.673050615595,56.234855545200375
paper_simulation_T3_C,1069.4938440492476,56.234855545200375
paper_simulation_T3_C,1070.3146374829,56.21621621621622
paper_simulation_T3_C,1071.1354309165527,56.21621621621622
paper_simulation_T3_C,1071.9562243502053,56.234855545200375
paper_simulation_T3_C,1072.7770177838577,56.21621621621622
paper_simulation_T3_C,1073.5978112175103,56.21621621621622
paper_simulation_T3_C,1074.4186046511627,56.234855545200375
paper_simulation_T3_C,1075.2393980848153,56.234855545200375
paper_simulation_T3_C,1076.060191518468,56.21621621621622
paper_simulation_T3_C,1076.8809849521203,56.21621621621622
paper_simulation_T3_C,1077.701778385773,56.21621621621622
paper_simulation_T3_C,1078.5225718194254,56.21621621621622
paper_simulation_T3_C,1079.343365253078,56.234855545200375
paper_simulation_T3_C,1080.1641586867306,56.234855545200375
paper_simulation_T3_C,1080.984952120383,56.234855545200375
paper_simulation_T3_C,1081.8057455540356,56.234855545200375
paper_simulation_T3_C,1082.626538987688,56.21621621621622
paper_simulation_T3_C,1083.4473324213407,56.21621621621622
paper_simulation_T3_C,1084.268125854993,56.21621621621622
paper_simulation_T3_C,1085.0889192886457,56.19757688723206
paper_simulation_T3_C,1085.9097127222983,56.19757688723206
paper_simulation_T3_C,1086.7305061559507,56.21621621621622
paper_simulation_T3_C,1087.5512995896033,56.19757688723206
paper_simulation_T3_C,1088.3720930232557,56.19757688723206
paper_simulation_T3_C,1089.1928864569084,56.19757688723206
paper_simulation_T3_C,1090.013679890561,56.19757688723206
paper_simulation_T3_C,1090.8344733242134,56.19757688723206
paper_simulation_T3_C,1091.655266757866,56.21621621621622
paper_simulation_T3_C,1092.4760601915184,56.19757688723206
paper_simulation_T3_C,1093.296853625171,56.19757688723206
paper_simulation_T3_C,1094.1176470588234,56.25349487418453
paper_simulation_T3_C,1094.938440492476,56.25349487418453
paper_simulation_T3_C,1095.7592339261287,56.25349487418453
paper_simulation_T3_C,1096.580027359781,56.25349487418453
paper_simulation_T3_C,1097.4008207934337,56.25349487418453
paper_simulation_T3_C,1098.221614227086,56.25349487418453
paper_simulation_T3_C,1099.0424076607387,56.25349487418453
paper_simulation_T3_C,1099.8632010943913,56.25349487418453
paper_simulation_T3_C,1100.6839945280437,56.25349487418453
paper_simulation_T3_C,1101.5047879616964,56.25349487418453
paper_simulation_T3_C,1102.3255813953488,56.25349487418453
paper_simulation_T3_C,1103.1463748290014,56.25349487418453
paper_simulation_T3_C,1103.9671682626538,56.25349487418453
paper_simulation_T3_C,1104.7879616963064,56.25349487418453
paper_simulation_T3_C,1105.608755129959,56.25349487418453
paper_simulation_T3_C,1106.4295485636114,56.25349487418453
paper_simulation_T3_C,1107.250341997264,56.234855545200375
paper_simulation_T3_C,1108.0711354309165,56.21621621621622
paper_simulation_T3_C,1108.891928864569,56.234855545200375
paper_simulation_T3_C,1109.7127222982217,56.25349487418453
paper_simulation_T3_C,1110.533515731874,56.234855545200375
paper_simulation_T3_C,1111.3543091655267,56.21621621621622
paper_simulation_T3_C,1112.1751025991791,56.19757688723206
paper_simulation_T3_C,1112.9958960328318,56.19757688723206
paper_simulation_T3_C,1113.8166894664844,56.19757688723206
paper_simulation_T3_C,1114.6374829001368,56.21621621621622
paper_simulation_T3_C,1115.4582763337894,56.19757688723206
paper_simulation_T3_C,1116.2790697674418,56.21621621621622
paper_simulation_T3_C,1117.0998632010944,56.21621621621622
paper_simulation_T3_C,1117.9206566347468,56.21621621621622
paper_simulation_T3_C,1118.7414500683994,56.234855545200375
paper_simulation_T3_C,1119.562243502052,56.21621621621622
paper_simulation_T3_C,1120.3830369357045,56.21621621621622
paper_simulation_T3_C,1121.203830369357,56.21621621621622
paper_simulation_T3_C,1122.0246238030095,56.234855545200375
paper_simulation_T3_C,1122.8454172366621,56.234855545200375
paper_simulation_T3_C,1123.6662106703147,56.21621621621622
paper_simulation_T3_C,1124.4870041039671,56.21621621621622
paper_simulation_T3_C,1125.3077975376198,56.234855545200375
paper_simulation_T3_C,1126.1285909712722,56.25349487418453
paper_simulation_T3_C,1126.9493844049248,56.234855545200375
paper_simulation_T3_C,1127.7701778385772,56.234855545200375
paper_simulation_T3_C,1128.5909712722298,56.21621621621622
paper_simulation_T3_C,1129.4117647058824,56.21621621621622
paper_simulation_T3_C,1130.2325581395348,56.21621621621622
paper_simulation_T3_C,1131.0533515731875,56.21621621621622
paper_simulation_T3_C,1131.8741450068399,56.19757688723206
paper_simulation_T3_C,1132.6949384404925,56.21621621621622
paper_simulation_T3_C,1133.515731874145,56.21621621621622
paper_simulation_T3_C,1134.3365253077975,56.21621621621622
paper_simulation_T3_C,1135.1573187414501,56.27213420316868
paper_simulation_T3_C,1135.9781121751025,56.21621621621622
paper_simulation_T3_C,1136.7989056087551,56.21621621621622
paper_simulation_T3_C,1137.6196990424078,56.21621621621622
paper_simulation_T3_C,1138.4404924760602,56.21621621621622
paper_simulation_T3_C,1139.2612859097128,56.234855545200375
paper_simulation_T3_C,1140.0820793433652,56.234855545200375
paper_simulation_T3_C,1140.9028727770178,56.21621621621622
paper_simulation_T3_C,1141.7236662106702,56.234855545200375
paper_simulation_T3_C,1142.5444596443228,56.21621621621622
paper_simulation_T3_C,1143.3652530779755,56.21621621621622
paper_simulation_T3_C,1144.1860465116279,56.19757688723206
paper_simulation_T3_C,1145.0068399452805,56.21621621621622
paper_simulation_T3_C,1145.827633378933,56.21621621621622
paper_simulation_T3_C,1146.6484268125855,56.21621621621622
paper_simulation_T3_C,1147.4692202462381,56.21621621621622
paper_simulation_T3_C,1148.2900136798905,56.21621621621622
paper_simulation_T3_C,1149.1108071135432,56.21621621621622
paper_simulation_T3_C,1149.9316005471956,56.234855545200375
paper_simulation_T3_C,1150.7523939808482,56.234855545200375
paper_simulation_T3_C,1151.5731874145006,56.21621621621622
paper_simulation_T3_C,1152.3939808481532,56.21621621621622
paper_simulation_T3_C,1153.2147742818058,56.21621621621622
paper_simulation_T3_C,1154.0355677154582,56.19757688723206
paper_simulation_T3_C,1154.8563611491109,56.21621621621622
paper_simulation_T3_C,1155.6771545827633,56.21621621621622
paper_simulation_T3_C,1156.4979480164159,56.234855545200375
paper_simulation_T3_C,1157.3187414500685,56.21621621621622
paper_simulation_T3_C,1158.139534883721,56.234855545200375
paper_simulation_T3_C,1158.9603283173735,56.234855545200375
paper_simulation_T3_C,1159.781121751026,56.21621621621622
paper_simulation_T3_C,1160.6019151846785,56.21621621621622
paper_simulation_T3_C,1161.422708618331,56.234855545200375
paper_simulation_T3_C,1162.2435020519836,56.21621621621622
paper_simulation_T3_C,1163.0642954856362,56.21621621621622
paper_simulation_T3_C,1163.8850889192886,56.234855545200375
paper_simulation_T3_C,1164.7058823529412,56.21621621621622
paper_simulation_T3_C,1165.5266757865936,56.21621621621622
paper_simulation_T3_C,1166.3474692202462,56.234855545200375
paper_simulation_T3_C,1167.1682626538989,56.234855545200375
paper_simulation_T3_C,1167.9890560875513,56.21621621621622
paper_simulation_T3_C,1168.809849521204,56.21621621621622
paper_simulation_T3_C,1169.6306429548563,56.21621621621622
paper_simulation_T3_C,1170.451436388509,56.19757688723206
paper_simulation_T3_C,1171.2722298221615,56.21621621621622
paper_simulation_T3_C,1172.093023255814,56.234855545200375
paper_simulation_T3_C,1172.9138166894666,56.25349487418453
paper_simulation_T3_C,1173.734610123119,56.25349487418453
paper_simulation_T3_C,1174.5554035567716,56.25349487418453
paper_simulation_T3_C,1175.376196990424,56.25349487418453
paper_simulation_T3_C,1176.1969904240766,56.25349487418453
paper_simulation_T3_C,1177.0177838577292,56.25349487418453
paper_simulation_T3_C,1177.8385772913816,56.25349487418453
paper_simulation_T3_C,1178.6593707250343,56.25349487418453
paper_simulation_T3_C,1179.4801641586866,56.234855545200375
paper_simulation_T3_C,1180.3009575923393,56.234855545200375
paper_simulation_T3_C,1181.121751025992,56.234855545200375
paper_simulation_T3_C,1181.9425444596443,56.234855545200375
paper_simulation_T3_C,1182.763337893297,56.21621621621622
paper_simulation_T3_C,1183.5841313269493,56.21621621621622
paper_simulation_T3_C,1184.404924760602,56.234855545200375
paper_simulation_T3_C,1185.2257181942543,56.234855545200375
paper_simulation_T3_C,1186.046511627907,56.21621621621622
paper_simulation_T3_C,1186.8673050615596,56.21621621621622
paper_simulation_T3_C,1187.688098495212,56.234855545200375
paper_simulation_T3_C,1188.5088919288646,56.234855545200375
paper_simulation_T3_C,1189.329685362517,56.21621621621622
paper_simulation_T3_C,1190.1504787961696,56.234855545200375
paper_simulation_T3_C,1190.9712722298223,56.234855545200375
paper_simulation_T3_C,1191.7920656634747,56.21621621621622
paper_simulation_T3_C,1192.6128590971273,56.21621621621622
paper_simulation_T3_C,1193.4336525307797,56.21621621621622
paper_simulation_T3_C,1194.2544459644323,56.234855545200375
paper_simulation_T3_C,1195.0752393980847,56.25349487418453
paper_simulation_T3_C,1195.8960328317373,56.25349487418453
paper_simulation_T3_C,1196.71682626539,56.21621621621622
paper_simulation_T3_C,1197.5376196990424,56.21621621621622
paper_simulation_T3_C,1198.358413132695,56.25349487418453
paper_simulation_T3_C,1199.1792065663474,56.234855545200375
paper_simulation_T3_C,1200.0,56.234855545200375
reference_C,0.0,55.00465983224604
reference_C,0.8207934336525308,55.00465983224604
reference_C,1.6415868673050615,54.986020503261884
reference_C,2.462380300957592,55.00465983224604
reference_C,3.283173734610123,55.00465983224604
reference_C,4.1039671682626535,55.00465983224604
reference_C,4.924760601915184,55.00465983224604
reference_C,5.745554035567715,55.00465983224604
reference_C,6.566347469220246,55.00465983224604
reference_C,7.387140902872777,55.00465983224604
reference_C,8.207934336525307,55.00465983224604
reference_C,9.028727770177838,55.00465983224604
reference_C,9.849521203830369,55.00465983224604
reference_C,10.6703146374829,55.00465983224604
reference_C,11.49110807113543,55.00465983224604
reference_C,12.311901504787961,55.00465983224604
reference_C,13.132694938440492,55.00465983224604
reference_C,13.953488372093023,55.00465983224604
reference_C,14.774281805745554,55.00465983224604
reference_C,15.595075239398085,55.00465983224604
reference_C,16.415868673050614,55.0232991612302
reference_C,17.236662106703147,55.0232991612302
reference_C,18.057455540355676,55.04193849021435
reference_C,18.87824897400821,55.0232991612302
reference_C,19.699042407660738,55.00465983224604
reference_C,20.51983584131327,55.00465983224604
reference_C,21.3406292749658,55.00465983224604
reference_C,22.161422708618332,55.00465983224604
reference_C,22.98221614227086,55.00465983224604
reference_C,23.803009575923394,55.00465983224604
reference_C,24.623803009575923,54.986020503261884
reference_C,25.444596443228455,54.986020503261884
reference_C,26.265389876880985,54.98656871882024
reference_C,27.086183310533517,54.9871169343786
reference_C,27.906976744186046,54.98766514993695
reference_C,28.72777017783858,54.98821336549531
reference_C,29.548563611491108,54.988761581053666
reference_C,30.369357045143637,54.98930979661203
reference_C,31.19015047879617,54.98985801217039
reference_C,32.0109439124487,54.99040622772874
reference_C,32.83173734610123,54.9909544432871
reference_C,33.65253077975376,54.991502658845455
reference_C,34.47332421340629,54.992050874403816
reference_C,35.294117647058826,54.99259908996218
reference_C,36.11491108071135,54.99314730552053
reference_C,36.935704514363884,54.99369552107889
reference_C,37.75649794801642,54.994243736637245
reference_C,38.57729138166895,54.994791952195605
reference_C,39.398084815321475,54.99534016775396
reference_C,40.21887824897401,54.99588838331232
reference_C,41.03967168262654,54.99643659887067
reference_C,41.86046511627907,54.996984814429034
reference_C,42.6812585499316,54.997533029987395
reference_C,43.50205198358413,54.99808124554575
reference_C,44.322845417236664,54.99862946110411
reference_C,45.14363885088919,54.99917767666246
reference_C,45.96443228454172,54.99972589222082
reference_C,46.785225718194255,55.00027410777918
reference_C,47.60601915184679,55.00082232333754
reference_C,48.42681258549931,55.00137053889589
reference_C,49.247606019151846,55.00191875445425
reference_C,50.06839945280438,55.002466970012605
reference_C,50.88919288645691,55.003015185570966
reference_C,51.70998632010944,55.00356340112933
reference_C,52.53077975376197,55.00411161668768
reference_C,53.3515731874145,55.00465983224604
reference_C,54.172366621067034,55.00465983224604
reference_C,54.99316005471956,55.00465983224604
reference_C,55.81395348837209,55.00465983224604
reference_C,56.634746922024625,55.00465983224604
reference_C,57.45554035567716,55.00465983224604
reference_C,58.276333789329684,54.986020503261884
reference_C,59.097127222982216,54.986020503261884
reference_C,59.91792065663475,55.00465983224604
reference_C,60.738714090287274,55.00465983224604
reference_C,61.55950752393981,55.00465983224604
reference_C,62.38030095759234,55.0232991612302
reference_C,63.20109439124487,55.0232991612302
reference_C,64.0218878248974,55.0232991612302
reference_C,64.84268125854993,55.04193849021435
reference_C,65.66347469220246,55.0232991612302
reference_C,66.484268125855,55.0232991612302
reference_C,67.30506155950752,55.00465983224604
reference_C,68.12585499316006,55.00465983224604
reference_C,68.94664842681259,55.0232991612302
reference_C,69.76744186046511,55.00465983224604
reference_C,70.58823529411765,55.00465983224604
reference_C,71.40902872777018,55.00465983224604
reference_C,72.2298221614227,55.00465983224604
reference_C,73.05061559507524,55.00465983224604
reference_C,73.87140902872777,55.0232991612302
reference_C,74.6922024623803,55.00465983224604
reference_C,75.51299589603283,55.00465983224604
reference_C,76.33378932968536,55.00409500409501
reference_C,77.1545827633379,55.00353017594397
reference_C,77.97537619699042,55.00296534779294
reference_C,78.79616963064295,55.002400519641895
reference_C,79.61696306429549,55.00183569149087
reference_C,80.43775649794802,55.001270863339826
reference_C,81.25854993160054,55.00070603518879
reference_C,82.07934336525308,55.00014120703776
reference_C,82.9001367989056,54.99957637888672
reference_C,83.72093023255815,54.99901155073569
reference_C,84.54172366621067,54.99844672258465
reference_C,85.3625170998632,54.99788189443362
reference_C,86.18331053351574,54.997317066282584
reference_C,87.00410396716826,54.99675223813155
reference_C,87.82489740082079,54.996187409980514
reference_C,88.64569083447333,54.99562258182948
reference_C,89.46648426812585,54.995057753678445
reference_C,90.28727770177838,54.99449292552741
reference_C,91.10807113543092,54.993928097376376
reference_C,91.92886456908344,54.99336326922534
reference_C,92.74965800273598,54.99279844107431
reference_C,93.57045143638851,54.992233612923265
reference_C,94.39124487004104,54.99166878477223
reference_C,95.21203830369357,54.991103956621195
reference_C,96.0328317373461,54.99053912847016
reference_C,96.85362517099863,54.989974300319126
reference_C,97.67441860465117,54.98940947216809
reference_C,98.49521203830369,54.98884464401706
reference_C,99.31600547195623,54.98827981586602
reference_C,100.13679890560876,54.98771498771499
reference_C,100.95759233926128,54.98715015956395
reference_C,101.77838577291382,54.98658533141292
reference_C,102.59917920656635,54.986020503261884
reference_C,103.41997264021887,54.986020503261884
reference_C,104.24076607387141,54.986020503261884
reference_C,105.06155950752394,55.00465983224604
reference_C,105.88235294117646,55.00465983224604
reference_C,106.703146374829,55.0232991612302
reference_C,107.52393980848153,55.0232991612302
reference_C,108.34473324213407,55.0232991612302
reference_C,109.1655266757866,55.00465983224604
reference_C,109.98632010943912,55.00465983224604
reference_C,110.80711354309166,55.00465983224604
reference_C,111.62790697674419,55.00465983224604
reference_C,112.44870041039671,55.00465983224604
reference_C,113.26949384404925,55.0232991612302
reference_C,114.09028727770178,55.0232991612302
reference_C,114.91108071135432,55.0232991612302
reference_C,115.73187414500684,55.00465983224604
reference_C,116.55266757865937,55.0232991612302
reference_C,117.3734610123119,55.0232991612302
reference_C,118.19425444596443,55.0232991612302
reference_C,119.01504787961696,55.00465983224604
reference_C,119.8358413132695,55.00465983224604
reference_C,120.65663474692202,55.00465983224604
reference_C,121.47742818057455,55.00465983224604
reference_C,122.29822161422709,55.00465983224604
reference_C,123.11901504787961,55.00465983224604
reference_C,123.93980848153215,55.00465983224604
reference_C,124.76060191518468,55.00465983224604
reference_C,125.5813953488372,55.00465983224604
reference_C,126.40218878248974,55.00465983224604
reference_C,127.22298221614227,55.00465983224604
reference_C,128.0437756497948,55.00465983224604
reference_C,128.86456908344732,55.00465983224604
reference_C,129.68536251709986,55.00465983224604
reference_C,130.5061559507524,55.00465983224604
reference_C,131.3269493844049,55.00465983224604
reference_C,132.14774281805745,55.00465983224604
reference_C,132.96853625171,55.00465983224604
reference_C,133.7893296853625,55.00465983224604
reference_C,134.61012311901504,55.00465983224604
reference_C,135.43091655266758,55.00465983224604
reference_C,136.25170998632012,55.00465983224604
reference_C,137.07250341997263,55.00465983224604
reference_C,137.89329685362517,55.00465983224604
reference_C,138.7140902872777,55.00465983224604
reference_C,139.53488372093022,55.00465983224604
reference_C,140.35567715458276,55.00465983224604
reference_C,141.1764705882353,55.00465983224604
reference_C,141.99726402188782,55.00465983224604
reference_C,142.81805745554036,55.00465983224604
reference_C,143.6388508891929,55.00465983224604
reference_C,144.4596443228454,55.00465983224604
reference_C,145.28043775649795,55.00465983224604
reference_C,146.1012311901505,55.00465983224604
reference_C,146.922024623803,55.00465983224604
reference_C,147.74281805745554,55.00465983224604
reference_C,148.56361149110808,55.00465983224604
reference_C,149.3844049247606,55.00465983224604
reference_C,150.20519835841313,55.00465983224604
reference_C,151.02599179206567,55.00465983224604
reference_C,151.8467852257182,55.00465983224604
reference_C,152.66757865937072,54.986020503261884
reference_C,153.48837209302326,55.00465983224604
reference_C,154.3091655266758,55.00465983224604
reference_C,155.1299589603283,55.00465983224604
reference_C,155.95075239398085,54.986020503261884
reference_C,156.7715458276334,54.986020503261884
reference_C,157.5923392612859,54.986020503261884
reference_C,158.41313269493844,55.00465983224604
reference_C,159.23392612859098,55.0232991612302
reference_C,160.0547195622435,55.00465983224604
reference_C,160.87551299589603,55.00465983224604
reference_C,161.69630642954857,55.00465983224604
reference_C,162.51709986320108,55.00465983224604
reference_C,163.33789329685362,55.00465983224604
reference_C,164.15868673050616,55.00465983224604
reference_C,164.97948016415867,55.0232991612302
reference_C,165.8002735978112,55.00465983224604
reference_C,166.62106703146375,54.986020503261884
reference_C,167.4418604651163,55.00465983224604
reference_C,168.2626538987688,55.00465983224604
reference_C,169.08344733242134,55.00465983224604
reference_C,169.90424076607388,55.00465983224604
reference_C,170.7250341997264,55.00465983224604
reference_C,171.54582763337893,55.00465983224604
reference_C,172.36662106703147,55.00465983224604
reference_C,173.18741450068399,55.00465983224604
reference_C,174.00820793433653,55.00465983224604
reference_C,174.82900136798906,55.00465983224604
reference_C,175.64979480164158,55.00465983224604
reference_C,176.47058823529412,55.00465983224604
reference_C,177.29138166894666,55.00465983224604
reference_C,178.11217510259917,55.00465983224604
reference_C,178.9329685362517,55.00465983224604
reference_C,179.75376196990425,55.00465983224604
reference_C,180.57455540355676,55.00465983224604
reference_C,181.3953488372093,55.00465983224604
reference_C,182.21614227086184,55.00465983224604
reference_C,183.03693570451438,55.00465983224604
reference_C,183.8577291381669,55.00465983224604
reference_C,184.67852257181943,55.00465983224604
reference_C,185.49931600547197,55.00465983224604
reference_C,186.32010943912448,55.00465983224604
reference_C,187.14090287277702,55.00465983224604
reference_C,187.96169630642956,55.00465983224604
reference_C,188.78248974008207,55.00465983224604
reference_C,189.6032831737346,55.00465983224604
reference_C,190.42407660738715,55.00465983224604
reference_C,191.24487004103966,55.00465983224604
reference_C,192.0656634746922,55.00465983224604
reference_C,192.88645690834474,55.00465983224604
reference_C,193.70725034199725,55.00465983224604
reference_C,194.5280437756498,55.00465983224604
reference_C,195.34883720930233,55.00465983224604
reference_C,196.16963064295484,55.00465983224604
reference_C,196.99042407660738,55.00465983224604
reference_C,197.81121751025992,55.00465983224604
reference_C,198.63201094391246,55.00465983224604
reference_C,199.45280437756497,55.00465983224604
reference_C,200.2735978112175,55.00465983224604
reference_C,201.09439124487005,55.00465983224604
reference_C,201.91518467852256,55.00465983224604
reference_C,202.7359781121751,55.00465983224604
reference_C,203.55677154582764,55.00465983224604
reference_C,204.37756497948016,55.00465983224604
reference_C,205.1983584131327,54.986020503261884
reference_C,206.01915184678523,54.986020503261884
reference_C,206.83994528043775,54.986020503261884
reference_C,207.6607387140903,55.00465983224604
reference_C,208.48153214774283,55.00465983224604
reference_C,209.30232558139534,55.00465983224604
reference_C,210.12311901504788,55.00465983224604
reference_C,210.94391244870042,55.00465983224604
reference_C,211.76470588235293,55.0232991612302
reference_C,212.58549931600547,55.00465983224604
reference_C,213.406292749658,55.00465983224604
reference_C,214.22708618331055,55.00465983224604
reference_C,215.04787961696306,54.986020503261884
reference_C,215.8686730506156,54.986020503261884
reference_C,216.68946648426814,55.00465983224604
reference_C,217.51025991792065,55.00465983224604
reference_C,218.3310533515732,55.00465983224604
reference_C,219.15184678522573,55.00465983224604
reference_C,219.97264021887824,54.986020503261884
reference_C,220.79343365253078,55.00465983224604
reference_C,221.61422708618332,55.00465983224604
reference_C,222.43502051983583,55.00465983224604
reference_C,223.25581395348837,55.00465983224604
reference_C,224.0766073871409,55.00465983224604
reference_C,224.89740082079342,55.005242311276795
reference_C,225.71819425444596,55.00582479030755
reference_C,226.5389876880985,55.006407269338304
reference_C,227.359781121751,55.00698974836906
reference_C,228.18057455540355,55.00757222739981
reference_C,229.0013679890561,55.00815470643057
reference_C,229.82216142270863,55.00873718546132
reference_C,230.64295485636114,55.009319664492075
reference_C,231.46374829001368,55.00990214352284
reference_C,232.28454172366622,55.01048462255359
reference_C,233.10533515731873,55.011067101584345
reference_C,233.92612859097127,55.0116495806151
reference_C,234.7469220246238,55.012232059645854
reference_C,235.56771545827633,55.01281453867661
reference_C,236.38850889192886,55.01339701770736
reference_C,237.2093023255814,55.013979496738116
reference_C,238.03009575923392,55.01456197576887
reference_C,238.85088919288646,55.015144454799625
reference_C,239.671682626539,55.01572693383038
reference_C,240.4924760601915,55.01630941286113
reference_C,241.31326949384405,55.016891891891895
reference_C,242.1340629274966,55.01747437092265
reference_C,242.9548563611491,55.0180568499534
reference_C,243.77564979480164,55.01863932898416
reference_C,244.59644322845418,55.01922180801491
reference_C,245.41723666210672,55.019804287045666
reference_C,246.23803009575923,55.02038676607642
reference_C,247.05882352941177,55.020969245107175
reference_C,247.8796169630643,55.02155172413793
reference_C,248.70041039671682,55.02213420316868
reference_C,249.52120383036936,55.022716682199444
reference_C,250.3419972640219,55.0232991612302
reference_C,251.1627906976744,55.0232991612302
reference_C,251.98358413132695,55.00465983224604
reference_C,252.8043775649795,55.00465983224604
reference_C,253.625170998632,55.0232991612302
reference_C,254.44596443228454,55.00465983224604
reference_C,255.26675786593708,55.00465983224604
reference_C,256.0875512995896,55.00465983224604
reference_C,256.90834473324213,55.0232991612302
reference_C,257.72913816689464,55.0232991612302
reference_C,258.5499316005472,55.0232991612302
reference_C,259.3707250341997,55.04193849021435
reference_C,260.19151846785223,55.0232991612302
reference_C,261.0123119015048,55.0232991612302
reference_C,261.8331053351573,55.00465983224604
reference_C,262.6538987688098,54.986020503261884
reference_C,263.4746922024624,55.00465983224604
reference_C,264.2954856361149,55.00465983224604
reference_C,265.1162790697674,55.0232991612302
reference_C,265.93707250342,55.04193849021435
reference_C,266.7578659370725,55.0232991612302
reference_C,267.578659370725,55.04193849021435
reference_C,268.3994528043776,55.00465983224604
reference_C,269.2202462380301,55.00465983224604
reference_C,270.04103967168265,55.0232991612302
reference_C,270.86183310533517,55.00465983224604
reference_C,271.6826265389877,55.00465983224604
reference_C,272.50341997264024,55.00465983224604
reference_C,273.32421340629276,55.00465983224604
reference_C,274.14500683994527,55.0232991612302
reference_C,274.96580027359784,55.02269789255329
reference_C,275.78659370725035,55.02209662387638
reference_C,276.60738714090286,55.02149535519947
reference_C,277.4281805745554,55.02089408652256
reference_C,278.24897400820794,55.02029281784566
reference_C,279.06976744186045,55.01969154916875
reference_C,279.890560875513,55.01909028049184
reference_C,280.71135430916553,55.01848901181493
reference_C,281.53214774281804,55.01788774313802
reference_C,282.3529411764706,55.017286474461116
reference_C,283.1737346101231,55.016685205784206
reference_C,283.99452804377563,55.0160839371073
reference_C,284.8153214774282,55.01548266843039
reference_C,285.6361149110807,55.01488139975348
reference_C,286.4569083447332,55.014280131076575
reference_C,287.2777017783858,55.013678862399665
reference_C,288.0984952120383,55.013077593722755
reference_C,288.9192886456908,55.012476325045846
reference_C,289.7400820793434,55.011875056368936
reference_C,290.5608755129959,55.01127378769203
reference_C,291.3816689466484,55.010672519015124
reference_C,292.202462380301,55.010071250338214
reference_C,293.0232558139535,55.009469981661304
reference_C,293.844049247606,55.008868712984395
reference_C,294.66484268125856,55.00826744430749
reference_C,295.4856361149111,55.00766617563058
reference_C,296.3064295485636,55.00706490695367
reference_C,297.12722298221615,55.00646363827676
reference_C,297.94801641586866,55.00586236959985
reference_C,298.7688098495212,55.00526110092295
reference_C,299.58960328317374,55.00465983224604
reference_C,300.41039671682626,55.00465983224604
reference_C,301.2311901504788,55.00465983224604
reference_C,302.05198358413134,55.00465983224604
reference_C,302.87277701778385,55.00465983224604
reference_C,303.6935704514364,55.00465983224604
reference_C,304.5143638850889,55.04193849021435
reference_C,305.33515731874144,55.0232991612302
reference_C,306.155950752394,55.0232991612302
reference_C,306.9767441860465,55.00465983224604
reference_C,307.797537619699,55.00465983224604
reference_C,308.6183310533516,55.00465983224604
reference_C,309.4391244870041,54.986020503261884
reference_C,310.2599179206566,54.986020503261884
reference_C,311.0807113543092,54.986020503261884
reference_C,311.9015047879617,55.00465983224604
reference_C,312.7222982216142,55.00465983224604
reference_C,313.5430916552668,55.00465983224604
reference_C,314.3638850889193,55.00465983224604
reference_C,315.1846785225718,55.00465983224604
reference_C,316.00547195622437,55.00465983224604
reference_C,316.8262653898769,55.00465983224604
reference_C,317.6470588235294,55.00465983224604
reference_C,318.46785225718196,55.00465983224604
reference_C,319.28864569083447,55.00465983224604
reference_C,320.109439124487,55.00465983224604
reference_C,320.93023255813955,55.00465983224604
reference_C,321.75102599179206,55.00465983224604
reference_C,322.5718194254446,55.00465983224604
reference_C,323.39261285909714,55.00465983224604
reference_C,324.21340629274965,55.00465983224604
reference_C,325.03419972640216,55.00465983224604
reference_C,325.85499316005473,55.00465983224604
reference_C,326.67578659370724,55.00465983224604
reference_C,327.49658002735976,55.00465983224604
reference_C,328.3173734610123,55.00465983224604
reference_C,329.13816689466483,55.00465983224604
reference_C,329.95896032831735,55.00465983224604
reference_C,330.7797537619699,55.00465983224604
reference_C,331.6005471956224,55.00465983224604
reference_C,332.421340629275,55.00465983224604
reference_C,333.2421340629275,55.00465983224604
reference_C,334.06292749658,55.00465983224604
reference_C,334.8837209302326,55.00465983224604
reference_C,335.7045143638851,55.00465983224604
reference_C,336.5253077975376,55.00465983224604
reference_C,337.3461012311902,55.00465983224604
reference_C,338.1668946648427,55.00465983224604
reference_C,338.9876880984952,55.00465983224604
reference_C,339.80848153214777,55.00465983224604
reference_C,340.6292749658003,55.00465983224604
reference_C,341.4500683994528,55.00465983224604
reference_C,342.27086183310536,55.00465983224604
reference_C,343.09165526675787,55.00465983224604
reference_C,343.9124487004104,55.00465983224604
reference_C,344.73324213406295,55.00465983224604
reference_C,345.55403556771546,55.00465983224604
reference_C,346.37482900136797,55.00465983224604
reference_C,347.19562243502054,55.00465983224604
reference_C,348.01641586867305,55.00465983224604
reference_C,348.83720930232556,55.00465983224604
reference_C,349.65800273597813,55.00465983224604
reference_C,350.47879616963064,54.986020503261884
reference_C,351.29958960328315,55.00465983224604
reference_C,352.1203830369357,55.00465983224604
reference_C,352.94117647058823,55.00465983224604
reference_C,353.76196990424074,55.0232991612302
reference_C,354.5827633378933,55.0232991612302
reference_C,355.4035567715458,55.00465983224604
reference_C,356.22435020519833,54.986020503261884
reference_C,357.0451436388509,55.00465983224604
reference_C,357.8659370725034,55.00465983224604
reference_C,358.6867305061559,55.00465983224604
reference_C,359.5075239398085,55.00465983224604
reference_C,360.328317373461,55.00465983224604
reference_C,361.1491108071135,55.00465983224604
reference_C,361.9699042407661,55.00465983224604
reference_C,362.7906976744186,55.00465983224604
reference_C,363.61149110807116,55.00465983224604
reference_C,364.4322845417237,55.00465983224604
reference_C,365.2530779753762,55.00465983224604
reference_C,366.07387140902875,55.00465983224604
reference_C,366.89466484268127,55.00465983224604
reference_C,367.7154582763338,55.0232991612302
reference_C,368.53625170998635,55.00465983224604
reference_C,369.35704514363886,55.00465983224604
reference_C,370.17783857729137,55.00465983224604
reference_C,370.99863201094394,55.00465983224604
reference_C,371.81942544459645,55.00465983224604
reference_C,372.64021887824896,55.00465983224604
reference_C,373.4610123119015,55.00465983224604
reference_C,374.28180574555404,55.00465983224604
reference_C,375.10259917920655,55.00465983224604
reference_C,375.9233926128591,55.00465983224604
reference_C,376.74418604651163,55.00465983224604
reference_C,377.56497948016414,55.00465983224604
reference_C,378.3857729138167,55.00465983224604
reference_C,379.2065663474692,55.00465983224604
reference_C,380.02735978112173,55.00465983224604
reference_C,380.8481532147743,55.00465983224604
reference_C,381.6689466484268,55.00465983224604
reference_C,382.4897400820793,55.00465983224604
reference_C,383.3105335157319,55.00465983224604
reference_C,384.1313269493844,55.00465983224604
reference_C,384.9521203830369,55.00465983224604
reference_C,385.7729138166895,55.00465983224604
reference_C,386.593707250342,55.00465983224604
reference_C,387.4145006839945,55.00465983224604
reference_C,388.2352941176471,55.00465983224604
reference_C,389.0560875512996,55.00465983224604
reference_C,389.8768809849521,55.00465983224604
reference_C,390.69767441860466,55.00465983224604
reference_C,391.5184678522572,55.00465983224604
reference_C,392.3392612859097,55.00465983224604
reference_C,393.16005471956225,55.00465983224604
reference_C,393.98084815321477,55.00465983224604
reference_C,394.80164158686733,55.00465983224604
reference_C,395.62243502051984,55.00465983224604
reference_C,396.44322845417236,55.00465983224604
reference_C,397.2640218878249,55.00465983224604
reference_C,398.08481532147744,55.00465983224604
reference_C,398.90560875512995,55.00465983224604
reference_C,399.7264021887825,55.00465983224604
reference_C,400.547195622435,55.00465983224604
reference_C,401.36798905608754,55.00465983224604
reference_C,402.1887824897401,55.00465983224604
reference_C,403.0095759233926,55.00465983224604
reference_C,403.83036935704513,55.00465983224604
reference_C,404.6511627906977,55.00465983224604
reference_C,405.4719562243502,54.986020503261884
reference_C,406.2927496580027,55.0232991612302
reference_C,407.1135430916553,55.0232991612302
reference_C,407.9343365253078,55.0232991612302
reference_C,408.7551299589603,55.0232991612302
reference_C,409.5759233926129,55.0232991612302
reference_C,410.3967168262654,55.0232991612302
reference_C,411.2175102599179,55.00465983224604
reference_C,412.03830369357047,55.00465983224604
reference_C,412.859097127223,55.00465983224604
reference_C,413.6798905608755,55.00465983224604
reference_C,414.50068399452806,55.0232991612302
reference_C,415.3214774281806,55.04193849021435
reference_C,416.1422708618331,55.00465983224604
reference_C,416.96306429548565,54.986020503261884
reference_C,417.78385772913816,54.986020503261884
reference_C,418.6046511627907,55.00465983224604
reference_C,419.42544459644324,55.00465983224604
reference_C,420.24623803009575,55.0232991612302
reference_C,421.06703146374826,55.00465983224604
reference_C,421.88782489740083,55.00465983224604
reference_C,422.70861833105334,55.00465983224604
reference_C,423.52941176470586,55.00465983224604
reference_C,424.3502051983584,55.00465983224604
reference_C,425.17099863201094,55.00465983224604
reference_C,425.99179206566345,55.00465983224604
reference_C,426.812585499316,55.00465983224604
reference_C,427.6333789329685,55.00465983224604
reference_C,428.4541723666211,55.00465983224604
reference_C,429.2749658002736,55.00465983224604
reference_C,430.0957592339261,55.00465983224604
reference_C,430.9165526675787,55.00465983224604
reference_C,431.7373461012312,55.00465983224604
reference_C,432.5581395348837,55.00465983224604
reference_C,433.3789329685363,55.00465983224604
reference_C,434.1997264021888,55.00465983224604
reference_C,435.0205198358413,55.00465983224604
reference_C,435.84131326949387,55.00465983224604
reference_C,436.6621067031464,55.00465983224604
reference_C,437.4829001367989,55.00465983224604
reference_C,438.30369357045146,55.00465983224604
reference_C,439.12448700410397,55.00465983224604
reference_C,439.9452804377565,55.00465983224604
reference_C,440.76607387140905,55.00465983224604
reference_C,441.58686730506156,55.00465983224604
reference_C,442.40766073871407,55.00465983224604
reference_C,443.22845417236664,55.00465983224604
reference_C,444.04924760601915,55.00465983224604
reference_C,444.87004103967166,55.00465983224604
reference_C,445.69083447332423,55.00465983224604
reference_C,446.51162790697674,55.00465983224604
reference_C,447.33242134062925,55.00465983224604
reference_C,448.1532147742818,55.00465983224604
reference_C,448.97400820793433,55.00465983224604
reference_C,449.79480164158684,55.00465983224604
reference_C,450.6155950752394,54.986020503261884
reference_C,451.4363885088919,54.986020503261884
reference_C,452.25718194254443,54.986020503261884
reference_C,453.077975376197,55.00465983224604
reference_C,453.8987688098495,55.00465983224604
reference_C,454.719562243502,55.00465983224604
reference_C,455.5403556771546,55.00465983224604
reference_C,456.3611491108071,54.986020503261884
reference_C,457.1819425444596,55.00465983224604
reference_C,458.0027359781122,55.00465983224604
reference_C,458.8235294117647,55.00465983224604
reference_C,459.64432284541726,55.00465983224604
reference_C,460.4651162790698,55.00465983224604
reference_C,461.2859097127223,55.00465983224604
reference_C,462.10670314637485,54.986020503261884
reference_C,462.92749658002737,55.00465983224604
reference_C,463.7482900136799,54.986020503261884
reference_C,464.56908344733245,54.986020503261884
reference_C,465.38987688098496,55.00465983224604
reference_C,466.21067031463747,55.00465983224604
reference_C,467.03146374829004,55.00465983224604
reference_C,467.85225718194255,55.0232991612302
reference_C,468.67305061559506,55.00465983224604
reference_C,469.4938440492476,55.00465983224604
reference_C,470.31463748290014,55.00465983224604
reference_C,471.13543091655265,55.00465983224604
reference_C,471.9562243502052,55.00465983224604
reference_C,472.77701778385773,55.00465983224604
reference_C,473.59781121751024,55.00465983224604
reference_C,474.4186046511628,55.00465983224604
reference_C,475.2393980848153,55.00465983224604
reference_C,476.06019151846783,55.00465983224604
reference_C,476.8809849521204,55.00465983224604
reference_C,477.7017783857729,55.00465983224604
reference_C,478.5225718194254,55.00465983224604
reference_C,479.343365253078,55.00465983224604
reference_C,480.1641586867305,55.00465983224604
reference_C,480.984952120383,55.00465983224604
reference_C,481.8057455540356,55.00465983224604
reference_C,482.6265389876881,55.00465983224604
reference_C,483.4473324213406,55.00465983224604
reference_C,484.2681258549932,55.00465983224604
reference_C,485.0889192886457,55.00465983224604
reference_C,485.9097127222982,55.00465983224604
reference_C,486.73050615595076,55.00465983224604
reference_C,487.5512995896033,55.00465983224604
reference_C,488.3720930232558,55.00465983224604
reference_C,489.19288645690835,55.00465983224604
reference_C,490.01367989056087,55.00465983224604
reference_C,490.83447332421343,55.00465983224604
reference_C,491.65526675786595,55.00465983224604
reference_C,492.47606019151846,55.00465983224604
reference_C,493.296853625171,55.00465983224604
reference_C,494.11764705882354,55.00465983224604
reference_C,494.93844049247605,55.00465983224604
reference_C,495.7592339261286,55.00465983224604
reference_C,496.5800273597811,55.00465983224604
reference_C,497.40082079343364,55.00465983224604
reference_C,498.2216142270862,55.00465983224604
reference_C,499.0424076607387,55.00465983224604
reference_C,499.86320109439123,54.986020503261884
reference_C,500.6839945280438,55.00465983224604
reference_C,501.5047879616963,55.00465983224604
reference_C,502.3255813953488,55.00465983224604
reference_C,503.1463748290014,55.00465983224604
reference_C,503.9671682626539,55.0232991612302
reference_C,504.7879616963064,55.00465983224604
reference_C,505.608755129959,55.00465983224604
reference_C,506.4295485636115,55.0232991612302
reference_C,507.250341997264,55.00465983224604
reference_C,508.07113543091657,55.00465983224604
reference_C,508.8919288645691,55.0232991612302
reference_C,509.7127222982216,55.00465983224604
reference_C,510.53351573187416,55.00465983224604
reference_C,511.3543091655267,55.00465983224604
reference_C,512.1751025991792,55.00465983224604
reference_C,512.9958960328318,55.00465983224604
reference_C,513.8166894664843,55.00465983224604
reference_C,514.6374829001368,55.00465983224604
reference_C,515.4582763337893,55.00465983224604
reference_C,516.2790697674419,55.00465983224604
reference_C,517.0998632010944,54.986020503261884
reference_C,517.9206566347469,55.00465983224604
reference_C,518.7414500683994,55.00465983224604
reference_C,519.562243502052,55.00465983224604
reference_C,520.3830369357045,55.00465983224604
reference_C,521.2038303693571,55.00465983224604
reference_C,522.0246238030096,55.00465983224604
reference_C,522.8454172366621,55.00465983224604
reference_C,523.6662106703146,55.00465983224604
reference_C,524.4870041039671,55.00465983224604
reference_C,525.3077975376196,55.00465983224604
reference_C,526.1285909712723,55.00465983224604
reference_C,526.9493844049248,55.00465983224604
reference_C,527.7701778385773,55.00465983224604
reference_C,528.5909712722298,55.00465983224604
reference_C,529.4117647058823,55.00465983224604
reference_C,530.2325581395348,55.00465983224604
reference_C,531.0533515731875,55.00465983224604
reference_C,531.87414500684,55.00465983224604
reference_C,532.6949384404925,55.00465983224604
reference_C,533.515731874145,55.00465983224604
reference_C,534.3365253077975,55.00465983224604
reference_C,535.15731874145,55.00465983224604
reference_C,535.9781121751026,55.00465983224604
reference_C,536.7989056087551,55.00465983224604
reference_C,537.6196990424077,55.00465983224604
reference_C,538.4404924760602,55.00465983224604
reference_C,539.2612859097127,55.00465983224604
reference_C,540.0820793433653,55.00465983224604
reference_C,540.9028727770178,55.00465983224604
reference_C,541.7236662106703,55.00465983224604
reference_C,542.5444596443228,55.00465983224604
reference_C,543.3652530779754,55.00465983224604
reference_C,544.1860465116279,55.00465983224604
reference_C,545.0068399452805,55.00465983224604
reference_C,545.827633378933,55.00465983224604
reference_C,546.6484268125855,55.00465983224604
reference_C,547.469220246238,55.00465983224604
reference_C,548.2900136798905,55.00465983224604
reference_C,549.110807113543,55.0232991612302
reference_C,549.9316005471957,55.00465983224604
reference_C,550.7523939808482,55.00465983224604
reference_C,551.5731874145007,54.986020503261884
reference_C,552.3939808481532,55.00465983224604
reference_C,553.2147742818057,55.00465983224604
reference_C,554.0355677154582,55.00465983224604
reference_C,554.8563611491109,55.0232991612302
reference_C,555.6771545827634,55.00465983224604
reference_C,556.4979480164159,55.00465983224604
reference_C,557.3187414500684,55.00465983224604
reference_C,558.1395348837209,55.00465983224604
reference_C,558.9603283173734,55.00465983224604
reference_C,559.781121751026,55.00465983224604
reference_C,560.6019151846785,55.0232991612302
reference_C,561.4227086183311,55.0232991612302
reference_C,562.2435020519836,55.00465983224604
reference_C,563.0642954856361,55.0232991612302
reference_C,563.8850889192886,55.0232991612302
reference_C,564.7058823529412,55.00465983224604
reference_C,565.5266757865937,55.00465983224604
reference_C,566.3474692202462,55.00465983224604
reference_C,567.1682626538988,54.986020503261884
reference_C,567.9890560875513,54.986020503261884
reference_C,568.8098495212039,55.00465983224604
reference_C,569.6306429548564,55.00465983224604
reference_C,570.4514363885089,55.00465983224604
reference_C,571.2722298221614,55.00465983224604
reference_C,572.0930232558139,55.00405856356913
reference_C,572.9138166894664,55.00345729489222
reference_C,573.7346101231191,55.00285602621531
reference_C,574.5554035567716,55.00225475753841
reference_C,575.3761969904241,55.0016534888615
reference_C,576.1969904240766,55.00105222018459
reference_C,577.0177838577291,55.00045095150768
reference_C,577.8385772913816,54.99984968283077
reference_C,578.6593707250343,54.99924841415387
reference_C,579.4801641586868,54.99864714547696
reference_C,580.3009575923393,54.99804587680005
reference_C,581.1217510259918,54.99744460812314
reference_C,581.9425444596443,54.99684333944623
reference_C,582.7633378932968,54.99624207076933
reference_C,583.5841313269494,54.99564080209242
reference_C,584.404924760602,54.99503953341551
reference_C,585.2257181942545,54.9944382647386
reference_C,586.046511627907,54.99383699606169
reference_C,586.8673050615595,54.993235727384786
reference_C,587.688098495212,54.992634458707876
reference_C,588.5088919288646,54.992033190030966
reference_C,589.3296853625171,54.99143192135406
reference_C,590.1504787961696,54.99083065267715
reference_C,590.9712722298221,54.990229384000244
reference_C,591.7920656634747,54.989628115323335
reference_C,592.6128590971272,54.989026846646425
reference_C,593.4336525307798,54.988425577969515
reference_C,594.2544459644323,54.987824309292606
reference_C,595.0752393980848,54.987223040615696
reference_C,595.8960328317373,54.98662177193879
reference_C,596.7168262653898,54.986020503261884
reference_C,597.5376196990424,55.00465983224604
reference_C,598.358413132695,55.00465983224604
reference_C,599.1792065663475,55.00465983224604
reference_C,600.0,55.00465983224604
reference_C,600.8207934336525,55.00465983224604
reference_C,601.641586867305,55.0232991612302
reference_C,602.4623803009576,55.0232991612302
reference_C,603.2831737346102,55.00465983224604
reference_C,604.1039671682627,55.00465983224604
reference_C,604.9247606019152,55.00465983224604
reference_C,605.7455540355677,55.00465983224604
reference_C,606.5663474692202,55.00465983224604
reference_C,607.3871409028728,55.00465983224604
reference_C,608.2079343365253,55.00465983224604
reference_C,609.0287277701779,55.00465983224604
reference_C,609.8495212038304,55.00465983224604
reference_C,610.6703146374829,55.0232991612302
reference_C,611.4911080711354,55.00465983224604
reference_C,612.311901504788,55.00465983224604
reference_C,613.1326949384405,55.00465983224604
reference_C,613.953488372093,55.00465983224604
reference_C,614.7742818057455,55.00465983224604
reference_C,615.595075239398,55.0232991612302
reference_C,616.4158686730506,55.0232991612302
reference_C,617.2366621067032,55.00465983224604
reference_C,618.0574555403557,55.00465983224604
reference_C,618.8782489740082,55.00465983224604
reference_C,619.6990424076607,55.00465983224604
reference_C,620.5198358413132,55.00465983224604
reference_C,621.3406292749657,55.00407735321529
reference_C,622.1614227086184,55.003494874184526
reference_C,622.9822161422709,55.00291239515377
reference_C,623.8030095759234,55.00232991612302
reference_C,624.6238030095759,55.00174743709226
reference_C,625.4445964432284,55.00116495806151
reference_C,626.2653898768809,55.000582479030754
reference_C,627.0861833105336,55.0
reference_C,627.9069767441861,54.999417520969246
reference_C,628.7277701778386,54.99883504193849
reference_C,629.5485636114911,54.99825256290774
reference_C,630.3693570451436,54.99767008387698
reference_C,631.1901504787961,54.99708760484623
reference_C,632.0109439124487,54.996505125815474
reference_C,632.8317373461012,54.99592264678471
reference_C,633.6525307797538,54.99534016775396
reference_C,634.4733242134063,54.994757688723205
reference_C,635.2941176470588,54.99417520969245
reference_C,636.1149110807114,54.993592730661696
reference_C,636.9357045143639,54.99301025163094
reference_C,637.7564979480164,54.99242777260019
reference_C,638.5772913816689,54.99184529356943
reference_C,639.3980848153215,54.99126281453868
reference_C,640.218878248974,54.990680335507925
reference_C,641.0396716826266,54.99009785647716
reference_C,641.8604651162791,54.98951537744641
reference_C,642.6812585499316,54.988932898415655
reference_C,643.5020519835841,54.9883504193849
reference_C,644.3228454172366,54.987767940354146
reference_C,645.1436388508891,54.98718546132339
reference_C,645.9644322845418,54.98660298229264
reference_C,646.7852257181943,54.986020503261884
reference_C,647.6060191518468,55.00465983224604
reference_C,648.4268125854993,55.00465983224604
reference_C,649.2476060191518,55.00465983224604
reference_C,650.0683994528043,55.0232991612302
reference_C,650.889192886457,55.0232991612302
reference_C,651.7099863201095,55.00465983224604
reference_C,652.530779753762,55.00465983224604
reference_C,653.3515731874145,55.00465983224604
reference_C,654.172366621067,55.00465983224604
reference_C,654.9931600547195,55.00465983224604
reference_C,655.8139534883721,55.0232991612302
reference_C,656.6347469220246,55.0232991612302
reference_C,657.4555403556772,55.0232991612302
reference_C,658.2763337893297,55.0232991612302
reference_C,659.0971272229822,55.00465983224604
reference_C,659.9179206566347,55.00465983224604
reference_C,660.7387140902873,55.00465983224604
reference_C,661.5595075239398,55.00465983224604
reference_C,662.3803009575923,55.00465983224604
reference_C,663.2010943912449,54.986020503261884
reference_C,664.0218878248974,54.986020503261884
reference_C,664.84268125855,55.00465983224604
reference_C,665.6634746922025,55.00465983224604
reference_C,666.484268125855,54.986020503261884
reference_C,667.3050615595075,55.00465983224604
reference_C,668.12585499316,55.00465983224604
reference_C,668.9466484268125,55.00465983224604
reference_C,669.7674418604652,55.00465983224604
reference_C,670.5882352941177,55.00407735321529
reference_C,671.4090287277702,55.003494874184526
reference_C,672.2298221614227,55.00291239515377
reference_C,673.0506155950752,55.00232991612302
reference_C,673.8714090287277,55.00174743709226
reference_C,674.6922024623804,55.00116495806151
reference_C,675.5129958960329,55.000582479030754
reference_C,676.3337893296854,55.0
reference_C,677.1545827633379,54.999417520969246
reference_C,677.9753761969904,54.99883504193849
reference_C,678.7961696306429,54.99825256290774
reference_C,679.6169630642955,54.99767008387698
reference_C,680.437756497948,54.99708760484623
reference_C,681.2585499316006,54.996505125815474
reference_C,682.0793433652531,54.99592264678471
reference_C,682.9001367989056,54.99534016775396
reference_C,683.7209302325581,54.994757688723205
reference_C,684.5417236662107,54.99417520969245
reference_C,685.3625170998632,54.993592730661696
reference_C,686.1833105335157,54.99301025163094
reference_C,687.0041039671682,54.99242777260019
reference_C,687.8248974008208,54.99184529356943
reference_C,688.6456908344733,54.99126281453868
reference_C,689.4664842681259,54.990680335507925
reference_C,690.2872777017784,54.99009785647716
reference_C,691.1080711354309,54.98951537744641
reference_C,691.9288645690834,54.988932898415655
reference_C,692.7496580027359,54.9883504193849
reference_C,693.5704514363885,54.987767940354146
reference_C,694.3912448700411,54.98718546132339
reference_C,695.2120383036936,54.98660298229264
reference_C,696.0328317373461,54.986020503261884
reference_C,696.8536251709986,55.00465983224604
reference_C,697.6744186046511,55.00465983224604
reference_C,698.4952120383037,54.986020503261884
reference_C,699.3160054719563,55.00465983224604
reference_C,700.1367989056088,55.00465983224604
reference_C,700.9575923392613,55.00465983224604
reference_C,701.7783857729138,55.00465983224604
reference_C,702.5991792065663,55.0232991612302
reference_C,703.4199726402189,55.0232991612302
reference_C,704.2407660738714,55.00465983224604
reference_C,705.061559507524,54.986020503261884
reference_C,705.8823529411765,54.986020503261884
reference_C,706.703146374829,55.00465983224604
reference_C,707.5239398084815,55.00465983224604
reference_C,708.3447332421341,55.00465983224604
reference_C,709.1655266757866,55.00465983224604
reference_C,709.9863201094391,55.00465983224604
reference_C,710.8071135430916,55.00465983224604
reference_C,711.6279069767442,55.0232991612302
reference_C,712.4487004103967,55.0232991612302
reference_C,713.2694938440493,55.00465983224604
reference_C,714.0902872777018,55.00465983224604
reference_C,714.9110807113543,55.00465983224604
reference_C,715.7318741450068,55.0232991612302
reference_C,716.5526675786593,55.00465983224604
reference_C,717.3734610123119,55.00465983224604
reference_C,718.1942544459645,55.00465983224604
reference_C,719.015047879617,55.00465983224604
reference_C,719.8358413132695,55.00465983224604
reference_C,720.656634746922,55.00465983224604
reference_C,721.4774281805745,55.00465983224604
reference_C,722.298221614227,55.00465983224604
reference_C,723.1190150478797,55.00465983224604
reference_C,723.9398084815322,55.00465983224604
reference_C,724.7606019151847,55.00465983224604
reference_C,725.5813953488372,55.00465983224604
reference_C,726.4021887824897,55.00465983224604
reference_C,727.2229822161423,55.00465983224604
reference_C,728.0437756497948,55.00465983224604
reference_C,728.8645690834473,55.00465983224604
reference_C,729.6853625170999,55.00465983224604
reference_C,730.5061559507524,55.00465983224604
reference_C,731.3269493844049,55.00465983224604
reference_C,732.1477428180575,55.00465983224604
reference_C,732.96853625171,55.00465983224604
reference_C,733.7893296853625,55.00465983224604
reference_C,734.610123119015,55.00465983224604
reference_C,735.4309165526676,55.00465983224604
reference_C,736.2517099863201,55.00465983224604
reference_C,737.0725034199727,55.00465983224604
reference_C,737.8932968536252,55.00465983224604
reference_C,738.7140902872777,55.00465983224604
reference_C,739.5348837209302,55.00465983224604
reference_C,740.3556771545827,55.00465983224604
reference_C,741.1764705882352,55.00465983224604
reference_C,741.9972640218879,55.00465983224604
reference_C,742.8180574555404,55.00465983224604
reference_C,743.6388508891929,55.00465983224604
reference_C,744.4596443228454,55.00465983224604
reference_C,745.2804377564979,55.00465983224604
reference_C,746.1012311901504,55.00465983224604
reference_C,746.922024623803,55.00465983224604
reference_C,747.7428180574556,55.00465983224604
reference_C,748.5636114911081,55.00465983224604
reference_C,749.3844049247606,55.00465983224604
reference_C,750.2051983584131,55.00465983224604
reference_C,751.0259917920656,55.0232991612302
reference_C,751.8467852257182,55.00465983224604
reference_C,752.6675786593707,55.00465983224604
reference_C,753.4883720930233,55.00465983224604
reference_C,754.3091655266758,55.00465983224604
reference_C,755.1299589603283,55.00465983224604
reference_C,755.9507523939808,55.00465983224604
reference_C,756.7715458276334,55.00465983224604
reference_C,757.5923392612859,55.00465983224604
reference_C,758.4131326949384,55.00465983224604
reference_C,759.233926128591,55.00465983224604
reference_C,760.0547195622435,55.0232991612302
reference_C,760.8755129958961,55.00465983224604
reference_C,761.6963064295486,55.0232991612302
reference_C,762.5170998632011,55.00465983224604
reference_C,763.3378932968536,55.00465983224604
reference_C,764.1586867305061,55.00465983224604
reference_C,764.9794801641586,55.00465983224604
reference_C,765.8002735978113,54.986020503261884
reference_C,766.6210670314638,54.986020503261884
reference_C,767.4418604651163,55.00465983224604
reference_C,768.2626538987688,55.00465983224604
reference_C,769.0834473324213,55.00465983224604
reference_C,769.9042407660738,55.00465983224604
reference_C,770.7250341997265,55.00465983224604
reference_C,771.545827633379,55.00465983224604
reference_C,772.3666210670315,55.00465983224604
reference_C,773.187414500684,55.00465983224604
reference_C,774.0082079343365,55.00465983224604
reference_C,774.829001367989,55.00465983224604
reference_C,775.6497948016416,55.00465983224604
reference_C,776.4705882352941,55.00465983224604
reference_C,777.2913816689467,55.00465983224604
reference_C,778.1121751025992,55.00465983224604
reference_C,778.9329685362517,55.00465983224604
reference_C,779.7537619699042,55.00465983224604
reference_C,780.5745554035568,55.00465983224604
reference_C,781.3953488372093,55.00465983224604
reference_C,782.2161422708618,55.00465983224604
reference_C,783.0369357045143,55.00465983224604
reference_C,783.8577291381669,55.00465983224604
reference_C,784.6785225718194,55.00465983224604
reference_C,785.499316005472,55.00465983224604
reference_C,786.3201094391245,55.00465983224604
reference_C,787.140902872777,55.00465983224604
reference_C,787.9616963064295,55.00465983224604
reference_C,788.782489740082,55.00465983224604
reference_C,789.6032831737347,55.00465983224604
reference_C,790.4240766073872,55.00465983224604
reference_C,791.2448700410397,55.00465983224604
reference_C,792.0656634746922,55.00465983224604
reference_C,792.8864569083447,55.00465983224604
reference_C,793.7072503419972,55.00465983224604
reference_C,794.5280437756498,55.00465983224604
reference_C,795.3488372093024,55.00465983224604
reference_C,796.1696306429549,55.00465983224604
reference_C,796.9904240766074,55.0232991612302
reference_C,797.8112175102599,55.0232991612302
reference_C,798.6320109439124,55.0232991612302
reference_C,799.452804377565,55.00465983224604
reference_C,800.2735978112175,55.00465983224604
reference_C,801.09439124487,55.00465983224604
reference_C,801.9151846785226,55.00465983224604
reference_C,802.7359781121751,55.0232991612302
reference_C,803.5567715458276,55.0232991612302
reference_C,804.3775649794802,55.00465983224604
reference_C,805.1983584131327,55.00465983224604
reference_C,806.0191518467852,55.00465983224604
reference_C,806.8399452804377,55.00465983224604
reference_C,807.6607387140903,55.00465983224604
reference_C,808.4815321477428,55.0232991612302
reference_C,809.3023255813954,55.0232991612302
reference_C,810.1231190150479,54.986020503261884
reference_C,810.9439124487004,55.00465983224604
reference_C,811.7647058823529,54.986020503261884
reference_C,812.5854993160054,55.00465983224604
reference_C,813.406292749658,55.0232991612302
reference_C,814.2270861833106,55.0232991612302
reference_C,815.0478796169631,55.0232991612302
reference_C,815.8686730506156,55.0232991612302
reference_C,816.6894664842681,55.0232991612302
reference_C,817.5102599179206,55.00465983224604
reference_C,818.3310533515731,55.00465983224604
reference_C,819.1518467852258,55.00465983224604
reference_C,819.9726402188783,55.00465983224604
reference_C,820.7934336525308,55.00465983224604
reference_C,821.6142270861833,55.00465983224604
reference_C,822.4350205198358,55.00465983224604
reference_C,823.2558139534884,55.00465983224604
reference_C,824.0766073871409,55.00465983224604
reference_C,824.8974008207935,55.00465983224604
reference_C,825.718194254446,55.00465983224604
reference_C,826.5389876880985,55.00465983224604
reference_C,827.359781121751,55.00465983224604
reference_C,828.1805745554036,55.00465983224604
reference_C,829.0013679890561,55.00465983224604
reference_C,829.8221614227086,55.00465983224604
reference_C,830.6429548563611,55.00465983224604
reference_C,831.4637482900137,55.00465983224604
reference_C,832.2845417236662,55.00465983224604
reference_C,833.1053351573188,55.00465983224604
reference_C,833.9261285909713,55.00465983224604
reference_C,834.7469220246238,55.00465983224604
reference_C,835.5677154582763,55.00465983224604
reference_C,836.3885088919288,55.00465983224604
reference_C,837.2093023255813,55.00465983224604
reference_C,838.030095759234,55.00465983224604
reference_C,838.8508891928865,55.00465983224604
reference_C,839.671682626539,55.00465983224604
reference_C,840.4924760601915,55.00465983224604
reference_C,841.313269493844,55.00465983224604
reference_C,842.1340629274965,55.00465983224604
reference_C,842.9548563611492,55.00465983224604
reference_C,843.7756497948017,55.00465983224604
reference_C,844.5964432284542,55.00465983224604
reference_C,845.4172366621067,54.986020503261884
reference_C,846.2380300957592,55.00465983224604
reference_C,847.0588235294117,55.00465983224604
reference_C,847.8796169630643,55.00465983224604
reference_C,848.7004103967168,55.00465983224604
reference_C,849.5212038303694,55.00465983224604
reference_C,850.3419972640219,55.00465983224604
reference_C,851.1627906976744,55.00465983224604
reference_C,851.9835841313269,55.00465983224604
reference_C,852.8043775649795,55.00465983224604
reference_C,853.625170998632,55.00465983224604
reference_C,854.4459644322845,55.00465983224604
reference_C,855.266757865937,55.0232991612302
reference_C,856.0875512995896,55.0232991612302
reference_C,856.9083447332422,55.0232991612302
reference_C,857.7291381668947,55.0232991612302
reference_C,858.5499316005472,55.0232991612302
reference_C,859.3707250341997,55.00465983224604
reference_C,860.1915184678522,54.986020503261884
reference_C,861.0123119015047,55.00465983224604
reference_C,861.8331053351574,55.00465983224604
reference_C,862.6538987688099,55.00465983224604
reference_C,863.4746922024624,55.00465983224604
reference_C,864.2954856361149,55.00465983224604
reference_C,865.1162790697674,54.986020503261884
reference_C,865.9370725034199,55.00465983224604
reference_C,866.7578659370726,55.00465983224604
reference_C,867.5786593707251,55.00465983224604
reference_C,868.3994528043776,54.986020503261884
reference_C,869.2202462380301,54.98660298229264
reference_C,870.0410396716826,54.98718546132339
reference_C,870.8618331053351,54.987767940354146
reference_C,871.6826265389877,54.9883504193849
reference_C,872.5034199726402,54.988932898415655
reference_C,873.3242134062928,54.98951537744641
reference_C,874.1450068399453,54.99009785647716
reference_C,874.9658002735978,54.990680335507925
reference_C,875.7865937072503,54.99126281453868
reference_C,876.6073871409029,54.99184529356943
reference_C,877.4281805745554,54.99242777260019
reference_C,878.2489740082079,54.99301025163094
reference_C,879.0697674418604,54.993592730661696
reference_C,879.890560875513,54.99417520969245
reference_C,880.7113543091655,54.994757688723205
reference_C,881.5321477428181,54.99534016775396
reference_C,882.3529411764706,54.99592264678471
reference_C,883.1737346101231,54.996505125815474
reference_C,883.9945280437756,54.99708760484623
reference_C,884.8153214774281,54.99767008387698
reference_C,885.6361149110808,54.99825256290774
reference_C,886.4569083447333,54.99883504193849
reference_C,887.2777017783858,54.999417520969246
reference_C,888.0984952120383,55.0
reference_C,888.9192886456908,55.000582479030754
reference_C,889.7400820793433,55.00116495806151
reference_C,890.560875512996,55.00174743709226
reference_C,891.3816689466485,55.00232991612302
reference_C,892.202462380301,55.00291239515377
reference_C,893.0232558139535,55.003494874184526
reference_C,893.844049247606,55.00407735321529
reference_C,894.6648426812585,55.00465983224604
reference_C,895.4856361149111,55.00465983224604
reference_C,896.3064295485636,55.00465983224604
reference_C,897.1272229822162,55.00465983224604
reference_C,897.9480164158687,55.00465983224604
reference_C,898.7688098495212,55.00465983224604
reference_C,899.5896032831737,55.00465983224604
reference_C,900.4103967168263,55.00465983224604
reference_C,901.2311901504788,55.00465983224604
reference_C,902.0519835841313,55.00465983224604
reference_C,902.8727770177838,55.00465983224604
reference_C,903.6935704514364,55.00465983224604
reference_C,904.5143638850889,55.00465983224604
reference_C,905.3351573187415,55.00465983224604
reference_C,906.155950752394,55.00465983224604
reference_C,906.9767441860465,54.986020503261884
reference_C,907.797537619699,54.986020503261884
reference_C,908.6183310533515,55.00465983224604
reference_C,909.439124487004,55.00465983224604
reference_C,910.2599179206567,55.0232991612302
reference_C,911.0807113543092,55.00465983224604
reference_C,911.9015047879617,55.00465983224604
reference_C,912.7222982216142,55.00465983224604
reference_C,913.5430916552667,55.00465983224604
reference_C,914.3638850889192,55.00465983224604
reference_C,915.1846785225719,55.00465983224604
reference_C,916.0054719562244,54.986020503261884
reference_C,916.8262653898769,55.00465983224604
reference_C,917.6470588235294,55.00465983224604
reference_C,918.4678522571819,55.00465983224604
reference_C,919.2886456908345,55.00465983224604
reference_C,920.109439124487,55.00465983224604
reference_C,920.9302325581396,55.00465983224604
reference_C,921.7510259917921,55.00465983224604
reference_C,922.5718194254446,55.00465983224604
reference_C,923.3926128590971,55.00465983224604
reference_C,924.2134062927497,55.00465983224604
reference_C,925.0341997264022,55.00465983224604
reference_C,925.8549931600547,55.00465983224604
reference_C,926.6757865937072,55.00465983224604
reference_C,927.4965800273598,55.00465983224604
reference_C,928.3173734610123,55.00465983224604
reference_C,929.1381668946649,55.00465983224604
reference_C,929.9589603283174,55.00465983224604
reference_C,930.7797537619699,55.00465983224604
reference_C,931.6005471956224,55.00465983224604
reference_C,932.4213406292749,55.00465983224604
reference_C,933.2421340629274,55.00465983224604
reference_C,934.0629274965801,55.00465983224604
reference_C,934.8837209302326,55.00465983224604
reference_C,935.7045143638851,55.00465983224604
reference_C,936.5253077975376,55.00465983224604
reference_C,937.3461012311901,55.00465983224604
reference_C,938.1668946648426,55.00465983224604
reference_C,938.9876880984953,55.00465983224604
reference_C,939.8084815321478,55.00465983224604
reference_C,940.6292749658003,55.00465983224604
reference_C,941.4500683994528,55.00465983224604
reference_C,942.2708618331053,55.00465983224604
reference_C,943.0916552667578,55.00465983224604
reference_C,943.9124487004104,55.00465983224604
reference_C,944.733242134063,55.00465983224604
reference_C,945.5540355677155,55.00465983224604
reference_C,946.374829001368,55.00465983224604
reference_C,947.1956224350205,55.00465983224604
reference_C,948.0164158686731,55.0232991612302
reference_C,948.8372093023256,55.04193849021435
reference_C,949.6580027359781,55.0232991612302
reference_C,950.4787961696306,55.00465983224604
reference_C,951.2995896032832,55.00465983224604
reference_C,952.1203830369357,55.00465983224604
reference_C,952.9411764705883,55.00465983224604
reference_C,953.7619699042408,55.00465983224604
reference_C,954.5827633378933,55.00465983224604
reference_C,955.4035567715458,55.00465983224604
reference_C,956.2243502051983,55.00465983224604
reference_C,957.0451436388508,55.00465983224604
reference_C,957.8659370725035,55.00465983224604
reference_C,958.686730506156,55.00465983224604
reference_C,959.5075239398085,55.00465983224604
reference_C,960.328317373461,55.00465983224604
reference_C,961.1491108071135,55.00465983224604
reference_C,961.969904240766,55.0232991612302
reference_C,962.7906976744187,55.00465983224604
reference_C,963.6114911080712,55.00465983224604
reference_C,964.4322845417237,55.00465983224604
reference_C,965.2530779753762,55.00465983224604
reference_C,966.0738714090287,55.00465983224604
reference_C,966.8946648426812,55.00465983224604
reference_C,967.7154582763338,55.00407735321529
reference_C,968.5362517099863,55.003494874184526
reference_C,969.3570451436389,55.00291239515377
reference_C,970.1778385772914,55.00232991612302
reference_C,970.9986320109439,55.00174743709226
reference_C,971.8194254445964,55.00116495806151
reference_C,972.640218878249,55.000582479030754
reference_C,973.4610123119015,55.0
reference_C,974.281805745554,54.999417520969246
reference_C,975.1025991792065,54.99883504193849
reference_C,975.9233926128591,54.99825256290774
reference_C,976.7441860465116,54.99767008387698
reference_C,977.5649794801642,54.99708760484623
reference_C,978.3857729138167,54.996505125815474
reference_C,979.2065663474692,54.99592264678471
reference_C,980.0273597811217,54.99534016775396
reference_C,980.8481532147742,54.994757688723205
reference_C,981.6689466484269,54.99417520969245
reference_C,982.4897400820794,54.993592730661696
reference_C,983.3105335157319,54.99301025163094
reference_C,984.1313269493844,54.99242777260019
reference_C,984.9521203830369,54.99184529356943
reference_C,985.7729138166894,54.99126281453868
reference_C,986.593707250342,54.990680335507925
reference_C,987.4145006839946,54.99009785647716
reference_C,988.2352941176471,54.98951537744641
reference_C,989.0560875512996,54.988932898415655
reference_C,989.8768809849521,54.9883504193849
reference_C,990.6976744186046,54.987767940354146
reference_C,991.5184678522572,54.98718546132339
reference_C,992.3392612859097,54.98660298229264
reference_C,993.1600547195623,54.986020503261884
reference_C,993.9808481532148,55.00465983224604
reference_C,994.8016415868673,55.00465983224604
reference_C,995.6224350205198,55.00465983224604
reference_C,996.4432284541724,55.00465983224604
reference_C,997.2640218878249,55.00465983224604
reference_C,998.0848153214774,55.00465983224604
reference_C,998.90560875513,55.00465983224604
reference_C,999.7264021887825,55.00465983224604
reference_C,1000.547195622435,55.00465983224604
reference_C,1001.3679890560876,55.00465983224604
reference_C,1002.1887824897401,55.00465983224604
reference_C,1003.0095759233926,55.00465983224604
reference_C,1003.8303693570451,55.0232991612302
reference_C,1004.6511627906976,55.00465983224604
reference_C,1005.4719562243502,55.00465983224604
reference_C,1006.2927496580028,55.00465983224604
reference_C,1007.1135430916553,55.00465983224604
reference_C,1007.9343365253078,55.00465983224604
reference_C,1008.7551299589603,55.00465983224604
reference_C,1009.5759233926128,55.00465983224604
reference_C,1010.3967168262653,55.00465983224604
reference_C,1011.217510259918,55.00465983224604
reference_C,1012.0383036935705,55.00465983224604
reference_C,1012.859097127223,55.00465983224604
reference_C,1013.6798905608755,55.00465983224604
reference_C,1014.500683994528,55.00465983224604
reference_C,1015.3214774281806,54.986020503261884
reference_C,1016.1422708618331,55.00465983224604
reference_C,1016.9630642954857,54.986020503261884
reference_C,1017.7838577291382,54.98660298229264
reference_C,1018.6046511627907,54.98718546132339
reference_C,1019.4254445964432,54.987767940354146
reference_C,1020.2462380300958,54.9883504193849
reference_C,1021.0670314637483,54.988932898415655
reference_C,1021.8878248974008,54.98951537744641
reference_C,1022.7086183310533,54.99009785647716
reference_C,1023.5294117647059,54.990680335507925
reference_C,1024.3502051983585,54.99126281453868
reference_C,1025.1709986320109,54.99184529356943
reference_C,1025.9917920656635,54.99242777260019
reference_C,1026.812585499316,54.99301025163094
reference_C,1027.6333789329685,54.993592730661696
reference_C,1028.4541723666212,54.99417520969245
reference_C,1029.2749658002735,54.994757688723205
reference_C,1030.0957592339262,54.99534016775396
reference_C,1030.9165526675786,54.99592264678471
reference_C,1031.7373461012312,54.996505125815474
reference_C,1032.5581395348838,54.99708760484623
reference_C,1033.3789329685362,54.99767008387698
reference_C,1034.1997264021888,54.99825256290774
reference_C,1035.0205198358412,54.99883504193849
reference_C,1035.8413132694939,54.999417520969246
reference_C,1036.6621067031463,55.0
reference_C,1037.482900136799,55.000582479030754
reference_C,1038.3036935704515,55.00116495806151
reference_C,1039.124487004104,55.00174743709226
reference_C,1039.9452804377565,55.00232991612302
reference_C,1040.766073871409,55.00291239515377
reference_C,1041.5868673050616,55.003494874184526
reference_C,1042.4076607387142,55.00407735321529
reference_C,1043.2284541723666,55.00465983224604
reference_C,1044.0492476060192,55.00465983224604
reference_C,1044.8700410396716,55.00465983224604
reference_C,1045.6908344733242,55.00465983224604
reference_C,1046.5116279069769,55.00465983224604
reference_C,1047.3324213406293,55.00465983224604
reference_C,1048.1532147742819,55.00465983224604
reference_C,1048.9740082079343,55.00465983224604
reference_C,1049.794801641587,55.00465983224604
reference_C,1050.6155950752393,55.00465983224604
reference_C,1051.436388508892,55.00465983224604
reference_C,1052.2571819425445,55.00465983224604
reference_C,1053.077975376197,55.00465983224604
reference_C,1053.8987688098496,55.00465983224604
reference_C,1054.719562243502,55.00465983224604
reference_C,1055.5403556771546,54.986020503261884
reference_C,1056.3611491108072,55.00465983224604
reference_C,1057.1819425444596,55.00465983224604
reference_C,1058.0027359781122,55.00465983224604
reference_C,1058.8235294117646,55.00465983224604
reference_C,1059.6443228454173,55.00465983224604
reference_C,1060.4651162790697,55.00465983224604
reference_C,1061.2859097127223,55.0232991612302
reference_C,1062.106703146375,55.00465983224604
reference_C,1062.9274965800273,55.00465983224604
reference_C,1063.74829001368,55.00465983224604
reference_C,1064.5690834473323,55.00465983224604
reference_C,1065.389876880985,55.00465983224604
reference_C,1066.2106703146376,55.00465983224604
reference_C,1067.03146374829,55.00407735321529
reference_C,1067.8522571819426,55.003494874184526
reference_C,1068.673050615595,55.00291239515377
reference_C,1069.4938440492476,55.00232991612302
reference_C,1070.3146374829,55.00174743709226
reference_C,1071.1354309165527,55.00116495806151
reference_C,1071.9562243502053,55.000582479030754
reference_C,1072.7770177838577,55.0
reference_C,1073.5978112175103,54.999417520969246
reference_C,1074.4186046511627,54.99883504193849
reference_C,1075.2393980848153,54.99825256290774
reference_C,1076.060191518468,54.99767008387698
reference_C,1076.8809849521203,54.99708760484623
reference_C,1077.701778385773,54.996505125815474
reference_C,1078.5225718194254,54.99592264678471
reference_C,1079.343365253078,54.99534016775396
reference_C,1080.1641586867306,54.994757688723205
reference_C,1080.984952120383,54.99417520969245
reference_C,1081.8057455540356,54.993592730661696
reference_C,1082.626538987688,54.99301025163094
reference_C,1083.4473324213407,54.99242777260019
reference_C,1084.268125854993,54.99184529356943
reference_C,1085.0889192886457,54.99126281453868
reference_C,1085.9097127222983,54.990680335507925
reference_C,1086.7305061559507,54.99009785647716
reference_C,1087.5512995896033,54.98951537744641
reference_C,1088.3720930232557,54.988932898415655
reference_C,1089.1928864569084,54.9883504193849
reference_C,1090.013679890561,54.987767940354146
reference_C,1090.8344733242134,54.98718546132339
reference_C,1091.655266757866,54.98660298229264
reference_C,1092.4760601915184,54.986020503261884
reference_C,1093.296853625171,54.986020503261884
reference_C,1094.1176470588234,55.00465983224604
reference_C,1094.938440492476,55.00465983224604
reference_C,1095.7592339261287,54.986020503261884
reference_C,1096.580027359781,54.986020503261884
reference_C,1097.4008207934337,54.986020503261884
reference_C,1098.221614227086,55.00465983224604
reference_C,1099.0424076607387,55.00465983224604
reference_C,1099.8632010943913,55.00465983224604
reference_C,1100.6839945280437,55.0232991612302
reference_C,1101.5047879616964,55.00465983224604
reference_C,1102.3255813953488,55.00465983224604
reference_C,1103.1463748290014,55.00465983224604
reference_C,1103.9671682626538,55.00465983224604
reference_C,1104.7879616963064,55.00465983224604
reference_C,1105.608755129959,55.00465983224604
reference_C,1106.4295485636114,55.0232991612302
reference_C,1107.250341997264,55.00465983224604
reference_C,1108.0711354309165,55.00465983224604
reference_C,1108.891928864569,55.00465983224604
reference_C,1109.7127222982217,55.00465983224604
reference_C,1110.533515731874,55.0232991612302
reference_C,1111.3543091655267,55.0232991612302
reference_C,1112.1751025991791,55.0232991612302
reference_C,1112.9958960328318,55.00465983224604
reference_C,1113.8166894664844,55.00465983224604
reference_C,1114.6374829001368,54.986020503261884
reference_C,1115.4582763337894,55.00465983224604
reference_C,1116.2790697674418,54.986020503261884
reference_C,1117.0998632010944,54.98662177193879
reference_C,1117.9206566347468,54.987223040615696
reference_C,1118.7414500683994,54.987824309292606
reference_C,1119.562243502052,54.988425577969515
reference_C,1120.3830369357045,54.989026846646425
reference_C,1121.203830369357,54.989628115323335
reference_C,1122.0246238030095,54.990229384000244
reference_C,1122.8454172366621,54.99083065267715
reference_C,1123.6662106703147,54.99143192135406
reference_C,1124.4870041039671,54.992033190030966
reference_C,1125.3077975376198,54.992634458707876
reference_C,1126.1285909712722,54.993235727384786
reference_C,1126.9493844049248,54.99383699606169
reference_C,1127.7701778385772,54.9944382647386
reference_C,1128.5909712722298,54.99503953341551
reference_C,1129.4117647058824,54.99564080209242
reference_C,1130.2325581395348,54.99624207076933
reference_C,1131.0533515731875,54.99684333944623
reference_C,1131.8741450068399,54.99744460812314
reference_C,1132.6949384404925,54.99804587680005
reference_C,1133.515731874145,54.99864714547696
reference_C,1134.3365253077975,54.99924841415387
reference_C,1135.1573187414501,54.99984968283077
reference_C,1135.9781121751025,55.00045095150768
reference_C,1136.7989056087551,55.00105222018459
reference_C,1137.6196990424078,55.0016534888615
reference_C,1138.4404924760602,55.00225475753841
reference_C,1139.2612859097128,55.00285602621531
reference_C,1140.0820793433652,55.00345729489222
reference_C,1140.9028727770178,55.00405856356913
reference_C,1141.7236662106702,55.00465983224604
reference_C,1142.5444596443228,55.00465983224604
reference_C,1143.3652530779755,55.00465983224604
reference_C,1144.1860465116279,55.00465983224604
reference_C,1145.0068399452805,55.00465983224604
reference_C,1145.827633378933,55.00465983224604
reference_C,1146.6484268125855,55.00465983224604
reference_C,1147.4692202462381,55.0232991612302
reference_C,1148.2900136798905,55.0232991612302
reference_C,1149.1108071135432,55.0232991612302
reference_C,1149.9316005471956,55.0232991612302
reference_C,1150.7523939808482,55.00465983224604
reference_C,1151.5731874145006,55.00465983224604
reference_C,1152.3939808481532,55.00465983224604
reference_C,1153.2147742818058,55.0232991612302
reference_C,1154.0355677154582,55.0232991612302
reference_C,1154.8563611491109,55.00465983224604
reference_C,1155.6771545827633,55.00465983224604
reference_C,1156.4979480164159,54.986020503261884
reference_C,1157.3187414500685,54.986020503261884
reference_C,1158.139534883721,55.00465983224604
reference_C,1158.9603283173735,55.00465983224604
reference_C,1159.781121751026,55.0232991612302
reference_C,1160.6019151846785,55.0232991612302
reference_C,1161.422708618331,55.00465983224604
reference_C,1162.2435020519836,54.986020503261884
reference_C,1163.0642954856362,55.00465983224604
reference_C,1163.8850889192886,55.00465983224604
reference_C,1164.7058823529412,55.00465983224604
reference_C,1165.5266757865936,55.00465983224604
reference_C,1166.3474692202462,55.00465983224604
reference_C,1167.1682626538989,55.00465983224604
reference_C,1167.9890560875513,55.00465983224604
reference_C,1168.809849521204,55.00465983224604
reference_C,1169.6306429548563,55.00465983224604
reference_C,1170.451436388509,55.00465983224604
reference_C,1171.2722298221615,55.00465983224604
reference_C,1172.093023255814,55.00465983224604
reference_C,1172.9138166894666,55.00465983224604
reference_C,1173.734610123119,55.00465983224604
reference_C,1174.5554035567716,55.00465983224604
reference_C,1175.376196990424,55.00465983224604
reference_C,1176.1969904240766,55.00465983224604
reference_C,1177.0177838577292,55.00465983224604
reference_C,1177.8385772913816,55.00465983224604
reference_C,1178.6593707250343,55.00465983224604
reference_C,1179.4801641586866,55.00465983224604
reference_C,1180.3009575923393,55.00465983224604
reference_C,1181.121751025992,55.00465983224604
reference_C,1181.9425444596443,55.00465983224604
reference_C,1182.763337893297,55.00465983224604
reference_C,1183.5841313269493,55.00465983224604
reference_C,1184.404924760602,55.00465983224604
reference_C,1185.2257181942543,55.00465983224604
reference_C,1186.046511627907,55.00465983224604
reference_C,1186.8673050615596,55.00465983224604
reference_C,1187.688098495212,55.00465983224604
reference_C,1188.5088919288646,55.00465983224604
reference_C,1189.329685362517,55.00465983224604
reference_C,1190.1504787961696,55.00465983224604
reference_C,1190.9712722298223,55.00465983224604
reference_C,1191.7920656634747,55.00465983224604
reference_C,1192.6128590971273,55.00465983224604
reference_C,1193.4336525307797,54.986020503261884
reference_C,1194.2544459644323,55.00465983224604
reference_C,1195.0752393980847,55.00465983224604
reference_C,1195.8960328317373,55.00465983224604
reference_C,1196.71682626539,55.00465983224604
reference_C,1197.5376196990424,55.0232991612302
reference_C,1198.358413132695,55.00465983224604
reference_C,1199.1792065663474,55.00465983224604
reference_C,1200.0,55.00465983224604
