time_s,current_A,true_T1_C,EKF_T1_C,true_T2_C,EKF_T2_C,true_T3_C,EKF_T3_C,true_T4_C,EKF_T4_C,true_T5_C,EKF_T5_C,true_hotspot_C,EKF_hotspot_C
0.0,6.512357391280534,54.32986247765755,54.406041747596156,54.7620796216746,54.50208359511448,55.19429676569165,55.38190956464326,55.761620086171945,55.99676126526975,56.32894340665225,55.84118460948879,56.32894340665225,55.99676126526975
1.0,7.2283151906013785,54.34861866640623,54.42590519222392,54.774518707368344,54.724477607779505,55.20781799994261,55.39026860852038,55.77266920517302,55.783646876882806,56.33188326614331,55.848121849181055,56.33188326614331,55.848121849181055
2.0,7.862727466147609,54.369004182481774,54.437851489927105,54.78870648689509,54.71624938499106,55.22288374702989,55.40550462912707,55.785172513443236,55.83940272711503,56.33639480937171,55.8715661165855,56.33639480937171,55.8715661165855
3.0,8.415594217919224,54.39076558874588,54.493447952867385,54.80437763218348,54.78934315413438,55.23922802862138,55.44184031080966,55.79885874858639,55.8353792050633,56.342196215228476,55.87499152581313,56.342196215228476,55.87499152581313
4.0,8.886915445916225,54.413645009604274,54.559518843037296,54.82126352921267,54.84792167368204,55.25658220391017,55.50181105339085,55.8134548567029,55.852787373701894,56.34900497422165,55.895166623313635,56.34900497422165,55.895166623313635
5.0,9.27669115013861,54.43738180815131,54.53128288694523,54.83909395407692,54.84151761397552,55.2746766868864,55.47264548010239,55.82868773717766,55.86532199866024,56.35653963584829,55.913624864328504,56.35653963584829,55.913624864328504
6.0,9.584921330586381,54.46171407227367,54.50047556075562,54.857598552858825,54.84125102532573,55.293242460234325,55.46866135435627,55.84428577746047,55.8898607305582,56.36452134019504,55.96173733267967,56.36452134019504,55.96173733267967
7.0,9.811605987259588,54.48637998190552,54.52982812080871,54.87650819812554,54.864005211248376,55.312012459247754,55.460886406663754,55.8599802518253,55.89012250281175,56.37267520845134,55.94466501840386,56.37267520845134,55.94466501840386
8.0,9.865176023997963,54.51111909820395,54.512393334870765,54.89555626319008,54.87534819309532,55.33072286725776,55.495949973977304,55.87550662595311,55.921501220796834,56.380731634614506,56.023699937871356,56.380731634614506,56.023699937871356
9.0,9.745221241268368,54.53538989162763,54.54064226235487,54.91419613135787,54.89496851585923,55.348830640023714,55.47179301453717,55.89032208501128,55.916503202551084,56.38814379634979,55.98591706445061,56.38814379634979,55.98591706445061
10.0,9.615179373425399,54.55866016646028,54.547420920824045,54.9318925733753,54.91131644273592,55.36580588611368,55.49223949098811,55.90389894075419,55.932304751348006,56.394382054903474,56.02185830154997,56.394382054903474,56.02185830154997
11.0,9.61375506627237,54.58091636579418,54.60192069594452,54.94863099996159,54.94085572504031,55.38164111564709,55.5377050766617,55.9162338615303,55.945725917773174,56.39944313045754,56.040954821894395,56.39944313045754,56.040954821894395
12.0,9.613496275605264,54.602572917433115,54.63546107922783,54.96482501126618,54.972777519909684,55.39675700018341,55.65110203831674,55.92775176948475,55.99266166686539,56.40375213326023,56.169913818638804,56.40375213326023,56.169913818638804
13.0,9.613479981378077,54.62364209395027,54.63525017517532,54.98048478717909,54.97959018914827,55.41116926805568,55.59839290232551,55.93847118710505,55.97978249371462,56.407326387771164,56.11605641004607,56.407326387771164,56.11605641004607
14.0,9.613532624265915,54.64413333913087,54.601258307192865,54.99561779103273,54.98129745626422,55.42489080041931,55.587771295866574,55.94840777041256,55.990683171726054,56.410180401145595,56.149696069684104,56.410180401145595,56.149696069684104
15.0,9.613739435610995,54.664055634003816,54.69974474184757,55.010231139946654,55.02023707967575,55.43793401410399,55.62341776372805,55.9575766998533,55.99015602196841,56.41232826183747,56.114354157806794,56.41232826183747,56.114354157806794
16.0,9.613908644893334,54.683418298354816,54.67698278559378,55.02433240269213,55.01665472473617,55.4503116637079,55.56765170351714,55.965993482070296,55.97336213299641,56.413784440671286,56.068612057653866,56.413784440671286,56.068612057653866
17.0,9.614040252112929,54.70223012289095,54.725659515626894,55.03792872564095,55.04530760806773,55.462035968877636,55.616381725720764,55.973673074074256,55.9910884402164,56.41456291151917,56.1036229544356,56.41456291151917,56.1036229544356
18.0,9.614134257269782,54.720499965810134,54.77669225129948,55.05102742623364,55.06722465638849,55.473119212014005,55.61450663410378,55.98063048103031,55.9803897727946,56.41467774869841,56.06014770011855,56.41467774869841,56.06014770011855
19.0,9.614190660363896,54.738236744970344,54.79583001450065,55.06363598017194,55.08264523382775,55.48357372753443,55.62607687285153,55.98688074355182,55.98524739715609,56.41414311181119,56.06916066576297,56.41414311181119,56.06916066576297
20.0,9.614209461395266,54.75544943020341,54.80422550490782,55.07576200893843,55.09755015861586,55.49341189138705,55.65263972394875,55.99243892534811,56.00306184121677,56.41297323101383,56.11392175705819,56.41297323101383,56.11392175705819
21.0,9.614190660363896,54.7721470357806,54.814728947844976,55.08741326764524,55.11120077405592,55.5026461108238,55.67002364082084,55.99732010123096,56.01501903648448,56.41118239271925,56.14209903585972,56.41118239271925,56.14209903585972
22.0,9.614134257269782,54.78833861303631,54.82197484582139,55.0985976332132,55.120832236317334,55.51128881443882,55.673874082552466,56.00153934548367,56.01835500630392,56.40878492573574,56.1500693230557,56.40878492573574,56.1500693230557
23.0,9.614040252112929,54.804033243156,54.869553384039804,55.109323092882505,55.13839443019536,55.51935244247775,55.65716058887017,56.00511172059569,55.99168028106476,56.40579518784394,56.07911451967418,56.40579518784394,56.07911451967418
24.0,9.613908644893334,54.81924003013333,54.86358764217689,55.11959773305509,55.13919955184571,55.52684943742243,55.645406657478546,56.00805226636505,55.98451485305408,56.40222755281315,56.0694042987196,56.40222755281315,56.0694042987196
25.0,9.613739435610995,54.833968093901255,54.846689866343226,55.129429728468665,55.135589140740656,55.53379223485513,55.63499395411572,56.010375989369855,55.981202757707074,56.398096397857266,56.071882668681724,56.398096397857266,56.071882668681724
26.0,9.613532624265915,54.84822656364108,54.916584722779575,55.138827331701805,55.16795213797095,55.5401932546052,55.64788725985136,56.012097852809575,55.96955411914681,56.39341609152982,56.03568865128226,56.39341609152982,56.03568865128226
27.0,9.613479981378077,54.862024571272876,54.963261275486154,55.14779886300899,55.18772214976198,55.54606489218065,55.64167921855018,56.01323276671594,55.9455334868775,56.38820098205682,55.98160446661182,56.38820098205682,55.98160446661182
28.0,9.613496275605264,54.87537183617561,54.94686619670169,55.1563532915294,55.18553109837374,55.55142010153163,55.64306957166403,56.01379616957802,55.95321726039439,56.382465977150716,56.00749165447231,56.382465977150716,56.00749165447231
29.0,9.613594040968394,54.88827779154711,54.96062272771168,55.164499356309385,55.198984325122666,55.55627151554539,55.65957927221373,56.01380314568973,55.9683978002904,56.37622565758704,56.04012374850973,56.37622565758704,56.04012374850973
30.0,9.613594040968394,54.900751885939926,54.986199822104474,55.1722458655334,55.21398266900599,55.56063174769539,55.66425411818367,56.01326872678156,55.964450195212734,56.36949457811778,56.0330349255207,56.36949457811778,56.0330349255207
31.0,9.613594040968394,54.91280298558449,54.96500876589054,55.17960109564659,55.208499753551735,55.564512792495904,55.66726145389683,56.01220729145456,55.978569503144236,56.36228666519056,56.06917094915073,56.36228666519056,56.06917094915073
32.0,9.613594040968394,54.92444023551944,54.967433901984656,55.186573651372036,55.20766045241114,55.56792688885955,55.65373976982253,56.01063342967192,55.95759722901734,56.354616081804075,56.03651864244547,56.354616081804075,56.03651864244547
33.0,9.613594040968394,54.93567274584532,54.94309482278293,55.19317214809532,55.19323757116822,55.570886202823594,55.6378286456947,56.00856162365389,55.94376943839019,56.34649690586172,56.02255121262246,56.34649690586172,56.02255121262246
34.0,9.613594040968394,54.94650958656603,54.96218641280798,55.199405203981975,55.20583816949833,55.573402821034804,55.64382200024931,56.006006240675546,55.94733085787569,56.337943121543915,56.03062893960751,56.337943121543915,56.03062893960751
35.0,9.613594040968394,54.95695978262359,54.98666716884102,55.205281432403815,55.219849205585426,55.57548874451804,55.64553636105278,56.00298152621372,55.94113222114858,56.328968611087035,56.021206816538545,56.328968611087035,56.021206816538545
36.0,9.613594040968394,54.96703230912556,54.99142677267791,55.21080943466974,55.22474793536435,55.577155882725826,55.649503943297404,55.99950159743795,55.950203972517244,56.31958714696248,56.04012991734933,56.31958714696248,56.04012991734933
37.0,9.613594040968394,54.97673608676413,54.98607811599534,55.215997793056445,55.22238339013895,55.57841604786581,55.648255812036446,55.995580437040026,55.95456730853559,56.30981238444914,56.05244860229069,56.30981238444914,56.05244860229069
38.0,9.613594040968394,54.986079977425725,54.97703742027106,55.22085506413417,55.21525289159013,55.579280949502675,55.639947665900365,55.99123188739649,55.945401317394705,56.29965785459201,56.043686074197396,56.29965785459201,56.043686074197396
39.0,9.613594040968394,54.995072779989385,54.97887569289755,55.22538977238255,55.21309930943609,55.579762189430774,55.62931643571158,55.986469645057944,55.92444084885491,56.289136957539704,56.01542863680867,56.289136957539704,56.01542863680867
40.0,9.613594040968394,55.0037232263122,54.99827138327943,55.22961040409124,55.22396554355798,55.57987125681327,55.627265751738435,55.98130725555898,55.915655921763715,56.278262956253,56.0035932632979,56.278262956253,56.0035932632979
41.0,9.613594040968394,55.01203997739973,55.00355136132455,55.233525401540064,55.22701560007914,55.5796195235836,55.626753643697846,55.97575810854212,55.92029063602837,56.26704897057667,56.01321435393611,56.26704897057667,56.01321435393611
42.0,9.613594040968394,55.020031619759116,55.01753444760467,55.23714315745308,55.23594364531754,55.57901824010454,55.628003287090564,55.96983543318909,55.925881446645626,56.25550797166636,56.02283143943892,56.25550797166636,56.02283143943892
43.0,9.613594040968394,55.02770666193231,55.02148182103579,55.24047200972096,55.23594665367692,55.57807853108012,55.621355845596725,55.96355229395253,55.91418328431277,56.243652776762325,56.00885094459619,56.243652776762325,56.00885094459619
44.0,9.613594040968394,55.0350735312068,55.02792368275362,55.24352023638588,55.23602105165294,55.57681139171538,55.60981829517242,55.956921586581,55.885089381573685,56.23149604430148,55.970782045648086,56.23149604430148,55.970782045648086
45.0,9.613594040968394,55.042140570500976,55.007725384760285,55.24629605088318,55.21715594101008,55.57522768411869,55.595168166319546,55.94995603443011,55.86323720135006,56.219050269359336,55.94526235268024,56.219050269359336,55.94526235268024
46.0,9.613594040968394,55.04891603542106,54.997233125420564,55.248807597533656,55.20719161995613,55.573338133941405,55.58913884391235,55.942668185052554,55.86678172257012,56.20632777941308,55.95265443156976,56.20632777941308,55.95265443156976
47.0,9.613594040968394,55.05540809148645,54.99140947391446,55.251062947280694,55.19956301525269,55.57115332724933,55.58051148946893,55.93507040705944,55.85788942642038,56.19334073041708,55.943186516049536,56.19334073041708,55.943186516049536
48.0,9.613594040968394,55.06162481152025,55.025550320738645,55.253070093666075,55.22307786901961,55.56868370762035,55.579122871834066,55.92717488724568,55.849498555236224,56.180101103182096,55.93175693599537,56.180101103182096,55.93175693599537
49.0,9.613594040968394,55.067574173201514,55.04638505085471,55.254836949038356,55.23580595695866,55.56593957346264,55.57329248465118,55.91899362797171,55.83282925593516,56.16662070004934,55.910850823537245,56.16662070004934,55.910850823537245
50.0,9.613594040968394,55.07326405677577,55.04917556876478,55.25637134098778,55.23401848617904,55.56293107554761,55.56423452417932,55.9105384447942,55.816478983817134,56.15291114185055,55.89137238887437,56.15291114185055,55.89137238887437
51.0,9.613594040968394,55.0787022429202,55.04912613149996,55.25768100900155,55.230861833428634,55.5596682147518,55.55999318743127,55.90182096433798,55.8250312578025,56.13898386514531,55.901950110213576,56.13898386514531,55.901950110213576
52.0,9.613594040968394,55.08389641075988,55.02771806810194,55.258773601333296,55.209131555950414,55.556160840001894,55.55016691927434,55.8928526224018,55.8253812295915,56.12485011972681,55.903231772041885,56.12485011972681,55.903231772041885
53.0,9.613594040968394,55.088854136031294,55.04056182423696,55.25965667208072,55.216207184298895,55.552418646416854,55.542954889118484,55.883644662290244,55.81079620062566,56.11052096638724,55.88593863681292,56.11052096638724,55.88593863681292
54.0,9.613594040968394,55.093582889389495,55.026360248525265,55.26033767846522,55.19976192081496,55.548451173641396,55.532804045521594,55.87420813336442,55.80520579816753,56.09600727493423,55.87949032295253,56.09600727493423,55.87949032295253
55.0,9.613594040968394,55.09809003485496,55.02816298127517,55.26082397830746,55.19746150493076,55.54426780436476,55.52550257231208,55.86455388980378,55.80118806068283,56.08131972244955,55.87433452767565,56.08131972244955,55.87433452767565
56.0,9.613594040968394,55.10238282839647,55.03828805590332,55.26112282769287,55.202881051467216,55.539877763018985,55.52285337530258,55.85469258957188,55.81459838954301,56.06646879178168,55.888032745637894,56.06646879178168,55.888032745637894
57.0,9.613594040968394,55.106468416646045,55.04342390554251,55.261241378821126,55.203423282468954,55.535290114650756,55.512352142229666,55.84463469357855,55.78989564317531,56.051464770263664,55.86040947973141,56.051464770263664,55.86040947973141
58.0,9.613594040968394,55.1103538357422,55.05433524409848,55.26118667803352,55.209483704492975,55.530513763960926,55.505993459370565,55.83439046503126,55.78335158013164,56.03631774864796,55.85205662996113,56.03631774864796,55.85205662996113
59.0,9.613594040968394,55.114046010297606,55.08060359162714,55.26096566401258,55.23032788354254,55.525557454506,55.503682921756294,55.82396996896864,55.78452483152151,56.02103762025,55.851701868687044,56.02103762025,55.851701868687044
60.0,9.613594040968394,55.11755175248731,55.09049655919594,55.26058516614798,55.23526614183075,55.52042976805577,55.499870219337666,55.81338307196881,55.79216750686963,56.00563408029236,55.85769381411272,56.00563408029236,55.85769381411272
61.0,9.613594040968394,55.120877761253716,55.07813193658152,55.26005190306306,55.21852183166875,55.51513912410136,55.486968908497396,55.802639442025786,55.769315861659855,55.990116625441544,55.832514183670924,55.990116625441544,55.832514183670924
62.0,9.613594040968394,55.12403062162453,55.07111762877122,55.259372481296275,55.207059520025794,55.50969377950813,55.47551395085623,55.79174854858699,55.75109330200252,55.97449455352948,55.81196832075745,55.97449455352948,55.81196832075745
63.0,9.613594040968394,55.1270168041398,55.05996071270042,55.25855339413214,55.19102950557509,55.50410182830784,55.46551835465048,55.78071966274508,55.74694445747348,55.95877696345209,55.8049793660016,55.95877696345209,55.8049793660016
64.0,9.613594040968394,55.12984266438444,55.06383646188861,55.257601020576026,55.19133962865764,55.49837120162453,55.453327579325666,55.76956185757757,55.714421820490514,55.94297275523726,55.771060536399396,55.94297275523726,55.771060536399396
65.0,9.613594040968394,55.13251444262237,55.058601339411744,55.2565216244675,55.1813234916063,55.49250966772887,55.44358115381951,55.758284008627655,55.70751367320754,55.92709063027491,55.76105062410599,55.92709063027491,55.76105062410599
66.0,9.613594040968394,55.135038263528735,55.07770664456518,55.255321353727005,55.196827476696136,55.4865248322155,55.44195641054408,55.7468947945199,55.722328432718605,55.91113909170183,55.771882896169245,55.91113909170183,55.771882896169245
67.0,9.613594040968394,55.13742013601647,55.11842830571641,55.25400623973056,55.23686160492245,55.480424138298275,55.44091573800823,55.73540269770465,55.713660054470495,55.89512644493415,55.7618528008345,55.89512644493415,55.7618528008345
68.0,9.613594040968394,55.139665953153745,55.106814493639426,55.252582196807474,55.22029145189565,55.474214867218244,55.42450818075769,55.72381600532487,55.670467548218134,55.87906079834067,55.71871284992399,55.87906079834067,55.71871284992399
69.0,9.613594040968394,55.14178149216862,55.11221329763355,55.25105502185614,55.22206698064759,55.46790413875936,55.41447651904005,55.71214281019971,55.648438041240574,55.86295006405006,55.69501314684805,55.86295006405006,55.69501314684805
70.0,9.613594040968394,55.14377241453763,55.10948353848922,55.249430394072924,55.21447865145184,55.46149891186703,55.40337067472293,55.700391011918775,55.629997854168444,55.84680195888558,55.674068394210295,55.84680195888558,55.674068394210295
71.0,9.613594040968394,55.14564426615474,55.111489014486395,55.24771387478949,55.21144563304433,55.455005985364714,55.39687403665033,55.68856831804161,55.63408616141793,55.830624005420624,55.67270209200122,55.830624005420624,55.67270209200122
72.0,9.613594040968394,55.14740247757739,55.11577525502142,55.245910907413894,55.2120181240213,55.44843199876382,55.38805331153204,55.676682245396776,55.62035729585145,55.81442353314913,55.65627286457423,55.81442353314913,55.65627286457423
73.0,9.613594040968394,55.14905236434635,55.10560142309802,55.24402681747086,55.19638786243619,55.44178343316245,55.37291870992157,55.66474012147521,55.58686208244954,55.79820767976449,55.62255392210059,55.79820767976449,55.62255392210059
74.0,9.613594040968394,55.15059912737624,55.10384000280393,55.24206681273688,55.18980030855967,55.435066612228354,55.36321500193677,55.65274908591263,55.57696645767423,55.78198339254125,55.6087061103696,55.78198339254125,55.6087061103696
75.0,9.613594040968394,55.15204785341335,55.126281184033466,55.24003598346575,55.21280497775434,55.42828770326195,55.35925493493885,55.64071609205594,55.56967412858352,55.765757429813775,55.59820653699337,55.765757429813775,55.59820653699337
76.0,9.613594040968394,55.15340351555802,55.13750392544212,55.23793930270043,55.222404004163415,55.42145271833498,55.351649352760354,55.6286479086087,55.55343948514618,55.74953636254632,55.579869395177546,55.74953636254632,55.579869395177546
77.0,9.613594040968394,55.15467097384827,55.12492671498481,55.23578162666706,55.20246685627189,55.41456751550085,55.33773425954928,55.616551121350916,55.53110998079037,55.733326575989125,55.555362083435625,55.733326575989125,55.555362083435625
78.0,9.613594040968394,55.155854975901946,55.12090835224405,55.233567695247174,55.19129572376354,55.40763780007252,55.3326027779272,55.604432134928494,55.5498728816998,55.71713427141527,55.56348683822059,55.71713427141527,55.56348683822059
79.0,9.613594040968394,55.15696015761439,55.115429825259525,55.2313021325243,55.17957717839513,55.40066912596417,55.32393098002346,55.59229717470792,55.54825055327904,55.70096546793331,55.55586122018024,55.70096546793331,55.55586122018024
80.0,9.613594040968394,55.15799104390899,55.109871448782265,55.22898944740111,55.16791065660545,55.393666897092764,55.315299437194334,55.58015228869181,55.54649549989105,55.68482600437069,55.54815721861603,55.68482600437069,55.54815721861603
81.0,9.613594040968394,55.15895204953775,55.11664667206424,55.22663403428355,55.173550580725106,55.38663636883595,55.30716961135046,55.568003349491114,55.52983145958726,55.668721541223285,55.52994753619473,55.668721541223285,55.52994753619473
82.0,9.613594040968394,55.15984747992933,55.118201097607226,55.22424017382834,55.17257343107686,55.3795826495427,55.296777011061565,55.55585605635009,55.50720425957102,55.65265756266647,55.506930210748166,55.65265756266647,55.50720425957102
83.0,9.613594040968394,55.160681532081966,55.124367926915156,55.221812033750545,55.17765175374759,55.37251070209324,55.28821504710606,55.543715937219844,55.48851971425386,55.63663937862331,55.48701595009565,55.63663937862331,55.48851971425386
84.0,9.613594040968394,55.161458295498775,55.11360883797064,55.219353669687706,55.160159815842235,55.36542534550504,55.27351146075178,55.531588350877,55.45964999258867,55.62067212688562,55.45864180558847,55.62067212688562,55.45964999258867
85.0,9.613594040968394,55.162181753163004,55.11912908317618,55.21686902611751,55.16306544784173,55.35833125658155,55.26983694531771,55.51947848908363,55.469697941855976,55.60476077528382,55.45917377336553,55.60476077528382,55.469697941855976
86.0,9.613594040968394,55.16285578255092,55.122624346208084,55.21436193732578,55.164673413527936,55.35123297160065,55.26159811534571,55.50739137878506,55.455380642559426,55.588910123901556,55.44235202065469,55.588910123901556,55.455380642559426
87.0,9.613594040968394,55.163484156680006,55.127881430324,55.211836128421815,55.1677358815131,55.34413488803979,55.257307551520924,55.49533188434211,55.45957262127826,55.57312480733141,55.43863063361599,55.57312480733141,55.45957262127826
88.0,9.613594040968394,55.16407054519028,55.130699020313884,55.20929521639812,55.16879206894866,55.33704126633496,55.2482704909943,55.48330470979465,55.43989992885687,55.55740929696797,55.418228570935874,55.55740929696797,55.43989992885687
89.0,9.613594040968394,55.1646185154566,55.14163043693992,55.20674271123183,55.1809245774093,55.32995623167069,55.24376030101193,55.471314401153236,55.43212593425796,55.54176790333473,55.40643483236482,55.54176790333473,55.43212593425796
90.0,9.613594040968394,55.16513153372994,55.15491840639521,55.20418201702502,55.196677964349675,55.3228837757984,55.23954366665581,55.45936534871585,55.4208701282606,55.526204778441524,55.39238888542798,55.526204778441524,55.4208701282606
91.0,9.613594040968394,55.16561296630546,55.14186875240828,55.201616433181286,55.174636118044475,55.315827758880495,55.22396003341147,55.44746178940695,55.38906845227502,55.51072391816918,55.36292677833285,55.51072391816918,55.38906845227502
92.0,9.613594040968394,55.16606608071569,55.156959942499924,55.19904915561618,55.192373694998096,55.30879191135779,55.2245261303197,55.43560780913603,55.39984212745655,55.49532916467834,55.363442859410114,55.49532916467834,55.39984212745655
93.0,9.613594040968394,55.166494046946724,55.15349190255553,55.19648327799893,55.183807361345984,55.3017798358378,55.21424975176611,55.42380734517301,55.380639789133284,55.48002420883948,55.343194795390446,55.48002420883948,55.380639789133284
94.0,9.614416420199415,55.1668999386758,55.163716919878496,55.19392179302319,55.19663352311569,55.29479500900167,55.206641706799914,55.412064188538025,55.35362704626035,55.464812592681234,55.31856547583631,55.464812592681234,55.35362704626035
95.0,9.614881284916253,55.16728926908503,55.15447411879496,55.19137012826126,55.17814563664855,55.28784331808411,55.19749317504277,55.40038452095974,55.35011867571917,55.44970024641098,55.30799818276883,55.44970024641098,55.35011867571917
96.0,9.616793460400972,55.16766376015775,55.14994996853919,55.188829907821656,55.16776744575325,55.280926815250716,55.188128951103565,55.388770661783944,55.33758194706004,55.434689227630045,55.29201487197256,55.434689227630045,55.33758194706004
97.0,9.616911206468027,55.16803063107694,55.14802515404411,55.18630825203431,55.16138034819263,55.274053029340976,55.18051490002527,55.377230391708565,55.32963891789997,55.41978705648166,55.27914628893053,55.41978705648166,55.32963891789997
98.0,9.615630893096439,55.16838691146494,55.15880942759777,55.18380207382062,55.17534279608787,55.267219245500286,55.17656962405601,55.365761215445794,55.31862913760358,55.40499096129765,55.26507235829881,55.40499096129765,55.31862913760358
99.0,9.61080197721552,55.16873089718221,55.16110059841814,55.18130956513623,55.17705730711672,55.26042402343363,55.16455132200583,55.35436191184176,55.28026975987348,55.39029945965716,55.233407980264005,55.39029945965716,55.28026975987348
100.0,9.605462115658522,55.16905427207902,55.15843504766706,55.17882231462368,55.169813609882574,55.2536593115488,55.15433738360182,55.34302464435698,55.26032800190457,55.375704464725835,55.21273952530587,55.375704464725835,55.26032800190457
101.0,9.596131274383463,55.16935825839857,55.14689393971398,55.17634147770928,55.14830491001043,55.246926637861215,55.14107414445222,55.33175117276419,55.240708388031265,55.36120751681374,55.19182209920549,55.36120751681374,55.240708388031265
102.0,9.584842324123514,55.16963330529281,55.14443970965147,55.17385743606079,55.140785094422824,55.24021674050916,55.135696427564675,55.32053245443624,55.24510773856016,55.346799355336735,55.18606120603684,55.346799355336735,55.24510773856016
103.0,9.57209264432035,55.16987633764175,55.13404771222207,55.17136707864128,55.121050552087695,55.233526882286625,55.12500131140544,55.30936599241891,55.236178772367744,55.33247729939206,55.17204328807442,55.33247729939206,55.236178772367744
104.0,9.557654853088689,55.17008587104928,55.13094671721355,55.16886889692239,55.11394013757313,55.226855926428264,55.11594924964129,55.298250891564614,55.22271583510003,55.318240283921526,55.15574396710535,55.318240283921526,55.22271583510003
105.0,9.542337542236544,55.170259742291506,55.13981723459259,55.16636071033348,55.12642564756378,55.22020205752134,55.11367756281126,55.28718557477452,55.22094817493576,55.30408657090082,55.1470010781089,55.30408657090082,55.22094817493576
106.0,9.52588066769472,55.17039831610346,55.14983483789613,55.16384287489251,55.14113472117081,55.21356599252506,55.11007915287916,55.27617099631462,55.20944226602454,55.290016964502954,55.13261535218678,55.290016964502954,55.20944226602454
107.0,9.51028392190573,55.170501134310136,55.14351995662329,55.16131492456814,55.12802202087236,55.20694761470444,55.10030721821515,55.26520726818506,55.19660365858617,55.27603142962416,55.11674743305121,55.27603142962416,55.19660365858617
108.0,9.495117019304551,55.17057388807319,55.14495876729207,55.15878254583734,55.12815530400614,55.200352950956386,55.09460661079208,55.254300640134474,55.18936799134786,55.26213607421652,55.1045313555873,55.26213607421652,55.18936799134786
109.0,9.480552487002587,55.17062079003983,55.13637265667702,55.1562499312844,55.11117234241861,55.193786506901176,55.08482317146657,55.243455816067105,55.18029296092146,55.248335446992755,55.09093085445125,55.248335446992755,55.18029296092146
110.0,9.466551690723612,55.170646462858585,55.139267836987905,55.153721672458914,55.11319914699688,55.18725316437911,55.086065322910734,55.232677856119544,55.20210470055235,55.234634443873894,55.09570205231464,55.234634443873894,55.20210470055235
111.0,9.452149363398183,55.17065527831273,55.1522425342221,55.1512020976972,55.13458187576506,55.18075751818475,55.0818013694546,55.221971512224336,55.177954900752205,55.2210376422241,55.074849555853476,55.221971512224336,55.177954900752205
112.0,9.43694589094775,55.170648514348386,55.14800026753116,55.14869242982093,55.125596333735004,55.1743010346772,55.06938600190443,55.21133838756037,55.14719870881164,55.2075464609684,55.04946654433992,55.21133838756037,55.14800026753116
113.0,9.42192386688243,55.1706261689337,55.14274029868116,55.14619260913953,55.11406805112472,55.16788388432152,55.06177228240407,55.200778778601375,55.14131807868385,55.194161011838766,55.037999584908086,55.200778778601375,55.14274029868116
114.0,9.407789841334093,55.17059123718361,55.15033793877455,55.14370557428039,55.126030574271915,55.1615092266096,55.056501170213025,55.190295964070614,55.12226938615083,55.18088439204387,55.01967165831806,55.190295964070614,55.15033793877455
115.0,9.390333636677758,55.170548788587574,55.14344641923739,55.1412363303897,55.11240454659907,55.155182269428245,55.04159134263526,55.17989525536623,55.08592170087742,55.16772172558843,54.99114746694797,55.17989525536623,55.14344641923739
116.0,9.371845218534393,55.17049082070231,55.14112211764214,55.1387767965869,55.10663105233995,55.14889511041296,55.03202299591598,55.16956883172254,55.066590742885055,55.154664992140454,54.972048366524795,55.17049082070231,55.14112211764214
117.0,9.353332764562689,55.17041653461253,55.13650090605782,55.13632612018191,55.0966886849247,55.14264709071423,55.02220572156931,55.1593161336212,55.050648879846044,55.14171345943818,54.954747014233575,55.17041653461253,55.13650090605782
118.0,9.335336859711706,55.17032822407463,55.13502431826028,55.13388654427195,55.092897955938874,55.13644064128953,55.011374526405824,55.14913968761993,55.02447158647761,55.128869486402024,54.93193712989711,55.17032822407463,55.13502431826028
119.0,9.318055394052816,55.17022976361146,55.12546755863771,55.13146188657303,55.07305842112292,55.13027975266077,55.00841271200773,55.13904356693653,55.04892011534509,55.11613697437557,54.93654310718426,55.17022976361146,55.12546755863771
120.0,9.300473111891995,55.17012551714145,55.11693373393957,55.12905644330719,55.05670066821641,55.124168874209616,54.99615024712051,55.12903228607619,55.028670466540625,55.1035202569641,54.91735095727101,55.17012551714145,55.11693373393957
121.0,9.283321262755262,55.17001660631562,55.131776370647934,55.12667125605009,55.08253916598238,55.11810917967562,55.00574634894323,55.119107064919994,55.06105276436896,55.09102036260859,54.927202595043305,55.17001660631562,55.131776370647934
122.0,9.26652316792644,55.16990634178566,55.12353462673355,55.12430955254691,55.06619111168646,55.11210401778848,54.99531639274169,55.109271289156474,55.04635791438171,55.078640484605536,54.911665583679856,55.16990634178566,55.12353462673355
123.0,9.24980130943659,55.16979769308756,55.12689468242116,55.12197421006965,55.071208346670026,55.106156369252645,54.99618439388788,55.0995279608164,55.05919380410965,55.06638342505652,54.91118044750481,55.16979769308756,55.12689468242116
124.0,9.235055844856259,55.16969268118484,55.120317029742615,55.11966714892902,55.05809387467825,55.100268241400244,54.986623664432074,55.0898790940203,55.044185311978204,55.05425099157147,54.89595239059831,55.16969268118484,55.120317029742615
125.0,9.221432101418188,55.16959906740321,55.12634309923394,55.117396024167085,55.06873332041558,55.09444736284013,54.98485262397366,55.08033241254498,55.03899694769048,55.04225069758941,54.886196168416795,55.16959906740321,55.12634309923394
126.0,9.207532609520008,55.169521778409866,55.123871868859574,55.11516563358669,55.063184463956176,55.08869857453475,54.97763242405294,55.070892723841936,55.025929060320266,55.030387119332985,54.872229340937594,55.169521778409866,55.123871868859574
127.0,9.193395634790281,55.169461313880625,55.114951946215726,55.11297633377322,55.04547678939468,55.0830222542675,54.967272120645525,55.06156035193674,55.01182746974399,55.018660337093785,54.857666415732716,55.169461313880625,55.114951946215726
128.0,9.178452501327182,55.16941824715606,55.1143081700446,55.1108285537548,55.043769955110896,55.07741884353177,54.96220401764474,55.05233567754742,55.004650657648966,55.00707048840559,54.84690453019167,55.16941824715606,55.1143081700446
129.0,9.16289298895326,55.16939136737788,55.111816959146985,55.10872093687133,55.038485712484665,55.07188698935867,54.95703663614755,55.04321727982515,55.00028314550109,54.99561590949263,54.83769097586725,55.16939136737788,55.111816959146985
130.0,9.147252079172931,55.16938004293666,55.11971405893414,55.106652709412515,55.05328127793811,55.06642591841216,54.955780126821075,55.03420431587972,54.991925689454085,54.98429551998813,54.826649593137674,55.16938004293666,55.11971405893414
131.0,9.132199825998349,55.16938526268911,55.122453243765754,55.10462472007626,55.05775253439464,55.06103647494129,54.95194397043834,55.025297557176835,54.98214789241875,54.97310985753815,54.81487098913205,55.16938526268911,55.122453243765754
132.0,9.117017808842538,55.16941000844397,55.12246123797803,55.102639807654285,55.05685561815934,55.05572148386639,54.94462232325,55.01649974796869,54.96275712079112,54.962061431383106,54.798159062318064,55.16941000844397,55.12246123797803
133.0,9.101254802952601,55.16945496358658,55.1246364915774,55.10069850378671,55.06003730767124,55.05048144779871,54.94048123910725,55.00781129652192,54.95271183620155,54.95115040766433,54.78622298874649,55.16945496358658,55.1246364915774
134.0,9.083644134920885,55.169519385707744,55.138353710995204,55.098799912302255,55.08548276167618,55.04531543325117,54.94704370586697,54.99923116818241,54.964476271673114,54.94037550921092,54.785588967765364,55.169519385707744,55.138353710995204
135.0,9.066314597605315,55.169598652958236,55.13932727750528,55.096939259709735,55.085574533904015,55.0402186254751,54.940232344626686,54.9907544445322,54.94405900558555,54.92973157882933,54.76872111719515,55.169598652958236,55.13932727750528
136.0,9.049938530633618,55.169694724791874,55.13095939492519,55.09511836723413,55.0671855057245,55.03519281207973,54.935107797188834,54.98238281858782,54.949373896998914,54.91922008582113,54.76486296409054,55.169694724791874,55.13095939492519
137.0,9.033274181180902,55.16981153469351,55.132072804283496,55.093341024260006,55.06795588682895,55.03024173741741,54.93219305029984,54.974119930035215,54.94461269061176,54.90884444181802,54.75618657115987,55.16981153469351,55.132072804283496
138.0,9.017821207984749,55.16994910205829,55.12036732855828,55.09160709443882,55.04335899657779,55.02536520300328,54.92437390529015,54.96596545991325,54.94463410850449,54.898604089646156,54.75004205993324,55.16994910205829,55.12036732855828
139.0,8.99983370830073,55.17011198810274,55.12346579035007,55.08992098301446,55.04866699398775,55.02056754635674,54.91743031715444,54.95792362097125,54.91878620898523,54.88850300512761,54.731058128879134,55.17011198810274,55.12346579035007
140.0,8.98184104754928,55.17029319244632,55.12060745064249,55.08827552014855,55.04192207241892,55.01584151118527,54.91218479309102,54.94998701464432,54.91223322859852,54.878533540719516,54.72163482423871,55.17029319244632,55.12060745064249
141.0,8.964529647699267,55.17049356466925,55.12126097592355,55.08667140614524,55.04228126217322,55.01118772642233,54.906997973450835,54.942156143962976,54.89879587025867,54.868695972211405,54.70885506677485,55.17049356466925,55.12126097592355
142.0,8.948238812069786,55.17071599544475,55.12088919232107,55.085111379672306,55.04051173058235,55.00660885185285,54.90160823042817,54.9344335364904,54.88662502748339,54.858992598627616,54.69672232044634,55.17071599544475,55.12088919232107
143.0,8.933379361628672,55.17096430799377,55.12236062001877,55.08359910326978,55.04252730214555,55.00210845778441,54.902642026928795,54.92682261811242,54.896865211043966,54.84942661002499,54.69579270901904,55.17096430799377,55.12236062001877
144.0,8.91875555078074,55.171243451660004,55.10650492305935,55.08213935421998,55.009527749658034,54.997691213260886,54.88938196553445,54.9193278985614,54.88286857963324,54.84000227028083,54.68322149138661,55.171243451660004,55.10650492305935
145.0,8.903263648390219,55.17155458290336,55.10935132221964,55.08073310228352,55.01501725952967,54.9933579605579,54.88732338121551,54.911950042637685,54.87724454396257,54.83071998502478,54.67472903568814,55.17155458290336,55.10935132221964
146.0,8.889288509989349,55.171895438449916,55.10833765076635,55.07937789387203,55.01227626706718,54.98910611037858,54.87696074650118,54.904686276430105,54.84558839080366,54.82157671890555,54.65347684404491,55.171895438449916,55.10833765076635
147.0,8.873875719389654,55.172271032811864,55.11208767951724,55.0780785594749,55.019525482157555,54.9849403593038,54.88047990021783,54.89754111478699,54.860995413248766,54.81257673298374,54.65520896250914,55.172271032811864,55.11208767951724
148.0,8.857926915072051,55.1726772398734,55.10387040148139,55.07683077413173,55.002172862869614,54.98085622935756,54.87483277636278,54.89050987989969,54.86246198813923,54.803715082100624,54.650563466588984,55.1726772398734,55.10387040148139
149.0,8.84207034640247,55.17311274334153,55.103825152812526,55.07563303436929,55.0017138407432,54.97685207140103,54.870323921218166,54.88359073119044,54.85174370889087,54.794989671328906,54.64005470661129,55.17311274334153,55.103825152812526
150.0,8.826813493768851,55.17357813735646,55.09931798308101,55.07448575064311,54.992044008922775,54.97292814967865,54.8627976995164,54.876783741918885,54.837984290420366,54.78640032435633,54.62814419449073,55.17357813735646,55.09931798308101
151.0,8.81245687875499,55.17407551242898,55.109788458371405,55.073390827733185,55.013287668753485,54.9690862168472,54.866107192556775,54.870090468808286,54.83737272342768,54.77794834752832,54.62247963120968,55.17407551242898,55.109788458371405
152.0,8.799413386755699,55.1746077893848,55.12197194413732,55.07235099436093,55.03751819893786,54.96532883937345,54.87223064003475,54.863513273192346,54.84377479852873,54.76963584663182,54.62034632466899,55.1746077893848,55.12197194413732
153.0,8.78477180708988,55.17517903947458,55.125147557105535,55.07137012090876,55.04270034612005,54.961659712917545,54.875363898018186,54.85705563403623,54.85554045296043,54.76146603749831,54.62118023723875,55.17517903947458,55.125147557105535
154.0,8.770488847881275,55.17578436209762,55.12804402906285,55.07044309383681,55.0469730258692,54.9580735334714,54.87516084067455,54.850712015769645,54.85375699352639,54.75343311050035,54.61572985732803,55.17578436209762,55.12804402906285
155.0,8.755935743657203,55.17642488326441,55.126235892859704,55.06957084004311,55.04124902641091,54.95457104752672,54.870046208711024,54.84448294429497,54.841806195891856,54.74553733252255,54.60554670428908,55.17642488326441,55.126235892859704
156.0,8.739842429451416,55.17709976156454,55.12227466090799,55.068752315424895,55.03140143760275,54.95115102356116,54.86689967152651,54.83836696134153,54.84218116180082,54.73777698383022,54.60138636590318,55.17709976156454,55.12227466090799
157.0,8.725072486665535,55.177804291441745,55.11582809832595,55.06798261382559,55.016610407718595,54.94780836670654,54.86167126508291,54.83235874484636,54.83918060746788,54.73014648412028,54.59581038770015,55.177804291441745,55.11582809832595
158.0,8.707384033974618,55.17854253734436,55.11606132184369,55.067265612303906,55.01609692739002,54.944546775222534,54.861173411886725,54.82646177663358,54.84112195580835,54.72264907133223,54.59262529542396,55.17854253734436,55.11606132184369
159.0,8.688657469433888,55.179305572564246,55.12203805415695,55.06659218470907,55.02763685904023,54.94135692917748,54.865705405272436,54.82066650613317,54.8506820385194,54.71527494000529,54.59316736907235,55.179305572564246,55.12203805415695
160.0,8.671326604986694,55.18009036058059,55.127368351207885,55.065959120409474,55.036591929725205,54.93823544633447,54.858748838047,54.81496934347551,54.815895106970906,54.70802027185011,54.57260452084211,55.18009036058059,55.127368351207885
161.0,8.652866425255153,55.180901287638335,55.127499722414626,55.065370639891846,55.034540027129275,54.9351863812493,54.850975606117814,54.80937414203631,54.789548265661466,54.70088870124087,54.55588116578465,55.180901287638335,55.127499722414626
162.0,8.635989071176434,55.1817349573903,55.124996671786,55.064823168067555,55.02778612399291,54.93220597754664,54.85092968671243,54.80387692962676,54.799418138873655,54.69387602498888,54.55641105641149,55.1817349573903,55.124996671786
163.0,8.619234403043604,55.18259624296989,55.12979580555072,55.064321408718136,55.03576723699099,54.929298764529854,54.84736755740345,54.798482027290866,54.78011574701983,54.68698634355888,54.543065346578885,55.18259624296989,55.12979580555072
164.0,8.603717211422648,55.18348545130982,55.12431314066338,55.063865485071446,55.02224190623289,54.926464674362684,54.841019613398394,54.79318914303483,54.77135872108837,54.68021913097124,54.53489812536205,55.18348545130982,55.12431314066338
165.0,8.588603172897914,55.184406228081436,55.11824559831388,55.06345885786818,55.00760969490558,54.92370697308104,54.832158711438176,54.788001315791625,54.75424314841541,54.67357719191371,54.5227993535042,55.184406228081436,55.11824559831388
166.0,8.574887488729962,55.18535957773262,55.12198966890913,55.063102335836724,55.01445861537519,54.92102626164079,54.834791920810986,54.78291890701067,54.762058293163165,54.66706064372557,54.52230187061507,55.18535957773262,55.12198966890913
167.0,8.559873648643002,55.18634946173441,55.12734620445647,55.062799681531274,55.02330044493674,54.91842608923912,54.826893119009235,54.77794522146045,54.725226819293326,54.66067254479591,54.50070579420819,55.18634946173441,55.12734620445647
168.0,8.546507221281342,55.18737156198313,55.13045355484916,55.06254636627768,55.027924035212486,54.91590169991477,54.82623115211232,54.77307524545543,54.7219641593609,54.65440762429634,54.4948138179256,55.18737156198313,55.13045355484916
169.0,8.531466174996044,55.188430541327094,55.13399995841174,55.06234685442166,55.03383472633012,54.913457340251796,54.83090051970154,54.768312978038374,54.73807530352858,54.648269637128564,54.4982393730707,55.188430541327094,55.13399995841174
170.0,8.517912843263694,55.18952088023375,55.12260408059028,55.06219541429084,55.00734863684526,54.91108704508777,54.81987262429347,54.76365219138038,54.723388287690305,54.642252098537945,54.487799597142484,55.18952088023375,55.12260408059028
171.0,8.501973328867479,55.1798186832587,55.11535571901563,55.05668197229046,55.01078758465927,54.90879453887123,54.81509630125728,54.76451037943069,54.704687977623934,54.64718628044523,54.48484725805119,55.1798186832587,55.11535571901563
172.0,8.48375896340492,55.17027517490551,55.1131107075598,55.05124278159335,55.0248796768894,54.90657168944529,54.819852702276386,54.765434996738584,54.713183662205914,54.6521046230151,54.49431291150173,55.17027517490551,55.1131107075598
173.0,8.466375382340349,55.16088133477437,55.10650856415377,55.04587116319202,55.028536352355,54.9044109031117,54.81901322555591,54.76641750756548,54.70888764789659,54.657000889735166,54.497857968829216,55.16088133477437,55.10650856415377
174.0,8.451668035929501,55.151637781385496,55.09942101563817,55.04056998070214,55.03122389009591,54.90231415192439,54.823405760736556,54.7674589656511,54.72591427654375,54.661878338139374,54.511372085503844,55.151637781385496,55.09942101563817
175.0,8.436295280467197,55.14255061906139,55.08877750292545,55.03534751980323,55.02551997199594,54.90028888140354,54.82276280147279,54.76856595014911,54.73048387882253,54.66674568822307,54.51925168462341,55.14255061906139,55.08877750292545
176.0,8.421852254438564,55.133615585323845,55.078632422075074,55.03020165526995,55.02013563491577,54.89833219337648,54.818668609787096,54.769734764245115,54.72094877418463,54.671601340647676,54.52043365527993,55.133615585323845,55.078632422075074
177.0,8.404655430285612,55.12483331610242,55.066155680393955,55.02513508631557,55.009811119817954,54.89644604749886,54.81583364837512,54.770966602884705,54.72161514430975,54.676448514655185,54.526309359715704,55.12483331610242,55.066155680393955
178.0,8.386491422095315,55.116193251455314,55.05715713120016,55.02013925979929,55.00718760958907,54.89462119817206,54.81868767602577,54.77225150337077,54.73706231507877,54.68127921610723,54.53898910459627,55.116193251455314,55.05715713120016
179.0,8.368844257943877,55.107690535404046,55.03976019790211,55.0152112374216,54.985931813950984,54.89285402513194,54.81286485525604,54.77358513937527,54.73636140502034,54.686090998909485,54.54446338322812,55.107690535404046,55.03976019790211
180.0,8.352817521508005,55.099324901474205,55.03833444491977,55.010352600911666,54.9984711004515,54.891145454539966,54.81377532706194,54.774967757900704,54.72890062283325,54.690885921569645,54.546143121483574,55.099324901474205,55.03833444491977
181.0,8.336840699967185,55.091099360159376,55.02261995194816,55.0055681556969,54.980307113682976,54.88949967545856,54.810130244335916,54.776402908533825,54.73385152628173,54.695669292616145,54.55396628243085,55.091099360159376,55.02261995194816
182.0,8.322092949771275,55.083012024802954,55.0175322865999,55.000857768929464,54.98473138377589,54.88791598689586,54.811593848202,54.77788929948743,54.736515101289875,54.70044153875373,54.560356123915604,55.083012024802954,55.0175322865999
183.0,8.305697713120534,55.07506456613829,55.015028408285644,54.996224810835926,54.99447146489185,54.886397222802266,54.817271084779435,54.77942920625096,54.74988501842767,54.70520660033851,54.57164910848262,55.07506456613829,55.015028408285644
184.0,8.290582716111846,55.0672498757794,55.00922738020923,54.99166383102492,54.996372249360604,54.88493743823537,54.81986846425017,54.781016167591076,54.75798452379511,54.70995964016353,54.58067688107604,55.0672498757794,55.00922738020923
185.0,8.273883197671035,55.05956985021085,55.01216321994212,54.98717831716327,55.01606531024265,54.8835396395786,54.824635661091826,54.78265268733195,54.75625248849378,54.71470471995926,54.584800931617195,55.05956985021085,55.01606531024265
186.0,8.25866151402551,55.05201764170937,54.98848377165108,54.982762975256044,54.97899559064813,54.882198091413976,54.82073584641742,54.78433256778153,54.776578682012385,54.719437163117846,54.600128759762185,55.05201764170937,54.98848377165108
187.0,8.243670382635267,55.04459579982909,54.97562221511565,54.978421845869754,54.96496755304713,54.88091640455506,54.817345283725004,54.78605896959283,54.77635421313089,54.724161589324865,54.605652787276306,55.04459579982909,54.97562221511565
188.0,8.227615039139897,55.037302975797616,54.97391591765201,54.97415503891373,54.973942041161216,54.879694298677066,54.81444291731617,54.787831202203954,54.75542734158625,54.72887873532472,54.60098169467496,55.037302975797616,54.973942041161216
189.0,8.210420279413917,55.03013391975412,54.95668186546983,54.969958720488954,54.94920793836598,54.878527576239776,54.803377263156186,54.789644684838706,54.73661640556864,54.73358540554011,54.597514137782596,55.03013391975412,54.95668186546983
190.0,8.194156428794168,55.02308328826016,54.94295047148158,54.96582890986667,54.933315817865136,54.87741190632804,54.80145300409641,54.7914947172117,54.746119769084004,54.7382782322517,54.60687442642254,55.02308328826016,54.94295047148158
191.0,8.176274583533502,55.01615209522132,54.93765891081714,54.96176793143069,54.93544296176616,54.8763492750778,54.803479367087704,54.79338292842911,54.75307015287624,54.742960125507196,54.61479435109924,55.01615209522132,54.93765891081714
192.0,8.158677924113395,55.009333612949135,54.921109076056474,54.95777033648852,54.91184255514687,54.875333926013724,54.79043394305782,54.79530323582599,54.72642739380962,54.74762625266648,54.60744895062569,55.009333612949135,54.921109076056474
193.0,8.140859707441251,55.00262701784895,54.91395818225018,54.953836526599844,54.909598118488454,54.87436595863095,54.789353785581646,54.79725541881492,54.72676938105453,54.75227758991512,54.611951497948596,55.00262701784895,54.91395818225018
194.0,8.123315027343171,54.996029947295206,54.90913760909645,54.949965329638644,54.91262658804174,54.87344392151102,54.79353842568084,54.799237729030885,54.742220384305554,54.756913551557744,54.62337434306057,54.996029947295206,54.91262658804174
195.0,8.107068134516421,54.98954156106191,54.90228221607273,54.94615705773593,54.910876199406694,54.87256786469314,54.79648691201017,54.801249937127636,54.75675210281457,54.76153503332283,54.634596270540335,54.98954156106191,54.910876199406694
196.0,8.091838561810674,54.98316407319961,54.89605327466905,54.94241504494144,54.91003671202998,54.8717408811557,54.79872834772968,54.803294878067334,54.76697123440586,54.766145963419895,54.64391552918525,54.98316407319961,54.91003671202998
197.0,8.07744493457035,54.97689872896995,54.88444018175882,54.938741634609386,54.896992093974234,54.87096510286978,54.79537275398747,54.805374455826716,54.76709394205521,54.77074931767419,54.64881244939272,54.97689872896995,54.896992093974234
198.0,8.06536951136282,54.970746134744324,54.87855006558227,54.93513850751485,54.896755725902054,54.87024202539628,54.798593554866336,54.807489964470896,54.78033224932352,54.7753474388131,54.65955096564357,54.970746134744324,54.896755725902054
199.0,8.055365593164685,54.96471126399153,54.869242007173746,54.9316116870052,54.88869611346791,54.86957751049986,54.79863575471502,54.80964708822478,54.78838218165614,54.779947035694654,54.66812943458778,54.96471126399153,54.88869611346791
200.0,8.047245538309912,54.95879811852743,54.86111000617853,54.928166214594505,54.88270663336303,54.86897647458895,54.797032068409855,54.811850602741536,54.787802844348164,54.784553898894565,54.67268983369007,54.95879811852743,54.88270663336303
201.0,8.039900675783896,54.95300993626182,54.85989543731427,54.92480635589539,54.890380340887646,54.86844309138119,54.79303912305526,54.81410457449831,54.764347686923585,54.78917309828271,54.66622649646794,54.95300993626182,54.890380340887646
202.0,8.034633953925406,54.94734645685217,54.845801431363206,54.921532865035644,54.870219482117335,54.86797805365444,54.784098823122456,54.816409619877554,54.74990176553922,54.793806240862196,54.66412296020066,54.94734645685217,54.870219482117335
203.0,8.032862454393062,54.941811265378014,54.826373869875844,54.91835031875031,54.83934907727773,54.86758589626466,54.77519209065641,54.81877021711293,54.74736259493207,54.7984587731377,54.66757541610656,54.941811265378014,54.83934907727773
204.0,8.033807003463227,54.93641199628683,54.82632568342832,54.91526733289461,54.85077792262981,54.86727522388441,54.7785810885485,54.821194945238645,54.75126710637647,54.80314023260907,54.6731696933151,54.93641199628683,54.85077792262981
205.0,8.034982399706813,54.93115361073737,54.8224372671536,54.91228985303522,54.8540075274463,54.867052013701176,54.78446316479958,54.82368979888038,54.77221716719168,54.80785757578812,54.68689113527792,54.93115361073737,54.8540075274463
206.0,8.035434951591338,54.92603337659094,54.825254549171035,54.909416127417494,54.87050251551109,54.86691458021187,54.78983070722334,54.82625314487816,54.776782041302454,54.812610127800106,54.69294273471569,54.92603337659094,54.87050251551109
207.0,8.03580286196993,54.92104572117899,54.82755394904109,54.906641537440365,54.88515218714503,54.86685838205156,54.79545609155048,54.82888050547996,54.78323497837159,54.81739434330354,54.69990633603048,54.92104572117899,54.88515218714503
208.0,8.036728167631516,54.91618709980127,54.816515995428006,54.90396345830718,54.87007751282099,54.86688087334638,54.79118624488946,54.83156940039649,54.780090269717206,54.82220864069831,54.70301374958693,54.91618709980127,54.87007751282099
209.0,8.037873261036303,54.911455939227025,54.80240970859759,54.90138120927596,54.84842523876014,54.86698145934535,54.7842873647211,54.83431930780406,54.773855951709166,54.827053369861446,54.70474484172872,54.911455939227025,54.84842523876014
210.0,8.037830129258452,54.906849636492346,54.795605727008976,54.89889305905592,54.843736644263444,54.8671585071692,54.78739955706197,54.83712868043594,54.79035656052723,54.83192783482268,54.71663733151061,54.906849636492346,54.843736644263444
211.0,8.037501664180972,54.9023613901158,54.80153469725797,54.896493054599084,54.86496497457338,54.8674061709659,54.78999531250239,54.83999176709813,54.77835709598736,54.83682711285121,54.71488572445863,54.9023613901158,54.86496497457338
212.0,8.036887865803864,54.897987269883316,54.798762630008255,54.89417807886646,54.86683590538673,54.86772143636641,54.789211767348675,54.84290564381729,54.772154209187704,54.8417490735898,54.715988773317434,54.897987269883316,54.86683590538673
213.0,8.03581952484479,54.89372341643202,54.79629262824247,54.8919450595344,54.86957006622105,54.86810133709541,54.79189407433499,54.845867438344406,54.7785735465659,54.846691612663236,54.722823511549535,54.89372341643202,54.86957006622105
214.0,8.034371845429234,54.889565534474634,54.780083047537126,54.88979046296736,54.84308075438677,54.86854244854962,54.790332090923826,54.84887382333308,54.7973424823249,54.85165214559662,54.736065275748174,54.88979046296736,54.84308075438677
215.0,8.032533768126978,54.88550964250911,54.77242102558135,54.88771104313051,54.834622186522566,54.8690416347999,54.78823529209758,54.85192176142658,54.796210593716076,54.85662835209875,54.739895390519514,54.88771104313051,54.834622186522566
216.0,8.032087851900581,54.881551806217324,54.76243481653985,54.88570357640734,54.82112325510302,54.86959578375432,54.784487414160445,54.8550082407605,54.79399274091556,54.86161791297487,54.74326492182887,54.88570357640734,54.82112325510302
217.0,8.032225873589702,54.877693509878156,54.76175988951426,54.88377023361691,54.828043838932764,54.87020717874769,54.787683198903856,54.85813564611939,54.79872006261249,54.86662388187965,54.749376348331054,54.88377023361691,54.828043838932764
218.0,8.03305400372444,54.87393371001405,54.76017907781459,54.881910650346455,54.83287968617504,54.870875584685976,54.79222495099784,54.86130386087874,54.81022130762893,54.87164680392275,54.75869335886454,54.881910650346455,54.83287968617504
219.0,8.03305400372444,54.87027166068607,54.76436056416918,54.880124745249056,54.84928296585132,54.87160105852506,54.797464524867785,54.864513069664866,54.81218589782639,54.87668751133185,54.76341686979182,54.880124745249056,54.84928296585132
220.0,8.03305400372444,54.86670203911488,54.7512948608456,54.878407847041494,54.828765709710275,54.87237907682248,54.79778948758245,54.867758886455476,54.83134186106218,54.88174225292266,54.776889839219386,54.88174225292266,54.83134186106218
221.0,8.033077007339294,54.86322213272764,54.74584822504245,54.87675786833687,54.82500538584783,54.87320769547334,54.80219162534656,54.871039500222004,54.84954526617283,54.88680982653229,54.789796668290194,54.88680982653229,54.84954526617283
222.0,8.033443148209049,54.85982934004544,54.744984089204046,54.87517281466338,54.83023034411334,54.87408506598546,54.804604550434874,54.87435319845227,54.85053368440213,54.89188911065952,54.79467918713734,54.89188911065952,54.85053368440213
223.0,8.033491146136196,54.85652205804804,54.74343015201205,54.87365167254507,54.83483794648962,54.87501032347625,54.8137720768908,54.87769925505889,54.87804837522231,54.89697995308222,54.811877222780964,54.89697995308222,54.87804837522231
224.0,8.033270399909041,54.85329670978237,54.75215044063017,54.872191440460966,54.86002436697867,54.875980620230045,54.821817774263046,54.881074966529134,54.87951580453479,54.90208021034905,54.81679368487259,54.90208021034905,54.87951580453479
225.0,8.032444997767094,54.85014994261962,54.748465652197105,54.87078932159602,54.858241441801624,54.8769933122003,54.826336364040856,54.88447783217718,54.893427214440145,54.907187922524145,54.8280019308467,54.907187922524145,54.893427214440145
226.0,8.03177074117146,54.847077468966255,54.73911118417718,54.869441565531076,54.84372001944675,54.87804480092769,54.824843498569,54.88790439628595,54.89650904000535,54.912300156301015,54.83455730304605,54.912300156301015,54.89650904000535
227.0,8.031247630122142,54.8440773703363,54.73519668196314,54.868146769830346,54.841156069496634,54.87913383190674,54.82632563125474,54.89135354325009,54.89966218639376,54.917416297656764,54.840866656327705,54.917416297656764,54.89966218639376
228.0,8.030875664619138,54.84114775373376,54.72697123622452,54.8669035437355,54.828130400773155,54.88025916489645,54.81884676128431,54.89482417449584,54.87872891418145,54.922535736071964,54.83614599841318,54.922535736071964,54.87872891418145
229.0,8.030654844662447,54.838286751788125,54.711954080631436,54.865710508688636,54.801096651564706,54.881419574208756,54.80962017491745,54.898315208531145,54.86636788864016,54.92765786496252,54.83537640557318,54.92765786496252,54.86636788864016
230.0,8.030585170252072,54.835492522876706,54.70741268874026,54.86456629882978,54.79774424612789,54.88261384898151,54.80944002841497,54.90182558099047,54.86674429724837,54.932782082093965,54.83981615382153,54.932782082093965,54.86674429724837
231.0,8.030666641388013,54.83276325123391,54.7168667603246,54.86346956146961,54.82523093079038,54.883840793436256,54.822043930287954,54.90535424467403,54.88578432630755,54.93790778997866,54.85221431261757,54.93790778997866,54.88578432630755
232.0,8.030456438484332,54.830097147047596,54.70835286355287,54.86241895753789,54.81265131621066,54.88509922712109,54.8215573186661,54.90890016958152,54.89267874050798,54.94303439625615,54.85999720588666,54.94303439625615,54.89267874050798
233.0,8.030093541714109,54.82749112065195,54.70374699824009,54.8614118361175,54.80831578582367,54.886386659248004,54.82101638228916,54.912461017049374,54.891396840212224,54.9481599881663,54.86382749354729,54.9481599881663,54.891396840212224
234.0,8.030754748182083,54.82494257129436,54.70267630879799,54.8604460196093,54.812120949723756,54.88770106972365,54.82565781946963,54.91603491664568,54.90225571155938,54.95328310583972,54.87304823693398,54.95328310583972,54.90225571155938
235.0,8.032297022590773,54.8224524794229,54.698345116700175,54.859522897673116,54.80891979511038,54.889044004201104,54.82980024920883,54.91962356232879,54.91772886172304,54.958405840103666,54.88464935372683,54.958405840103666,54.91772886172304
236.0,8.035647882487805,54.82002133064147,54.68965837737061,54.858643361998816,54.795653735351145,54.89041651918581,54.8275661126729,54.9232281678805,54.91828508176477,54.96352979871908,54.88967089591034,54.96352979871908,54.91828508176477
237.0,8.037928263269254,54.81765233763206,54.7034387528682,54.857811027064706,54.83104437203816,54.891822401257805,54.83887231624298,54.926852684589775,54.92298282648495,54.96865932289697,54.895485174347485,54.96865932289697,54.92298282648495
238.0,8.03945107308076,54.8153399447914,54.708970778661055,54.85702074312171,54.84744839123132,54.893256688050464,54.84507899215695,54.930492330220076,54.9256272206086,54.97379002460369,54.90070766531446,54.97379002460369,54.9256272206086
239.0,8.040166913134016,54.81307969103133,54.708867868791,54.85626843341527,54.85107066282005,54.89471547957729,54.84761371635523,54.93414337444842,54.926331538598866,54.9789185464337,54.90524903556586,54.9789185464337,54.926331538598866
240.0,8.040782186101818,54.81086709067646,54.70434018297238,54.85554997840415,54.84456366590407,54.89619482521753,54.84521237834928,54.93780202861331,54.918119275075185,54.984041454671654,54.905788952100174,54.984041454671654,54.918119275075185
241.0,8.04091158143537,54.808699901156,54.703616550367066,54.85486348348676,54.846330716717155,54.89769299097217,54.84495996288554,54.94146671249745,54.91060773382981,54.989157506104846,54.906285510868045,54.989157506104846,54.91060773382981
242.0,8.040555099134671,54.80657477812732,54.7038894209275,54.8542059408424,54.85132373778388,54.89920712754131,54.852141222557414,54.9451347286357,54.92889531708929,54.99426432904019,54.918550053938,54.99426432904019,54.92889531708929
243.0,8.039712739199722,54.804488469629426,54.702452204769564,54.85357442048613,54.85154441295634,54.900734457881136,54.85331928564503,54.948803446372565,54.92810348537208,54.999359604260704,54.92220455438893,54.999359604260704,54.92810348537208
244.0,8.03838450163052,54.80243781530662,54.701524282154196,54.852966069876054,54.85278932923975,54.902272276772976,54.85478980397502,54.9524703013902,54.92760137771932,55.00444106493254,54.92588073842548,55.00444106493254,54.92760137771932
245.0,8.03657038642707,54.80041974560573,54.70361074021168,54.85237811348555,54.85948999126516,54.90381795036538,54.852835733418,54.956132795217385,54.90857299910692,55.009506496484626,54.920711406259855,55.009506496484626,54.920711406259855
246.0,8.034270393589367,54.79843128094784,54.69796367435717,54.85180785234189,54.84929332511225,54.90536891568995,54.84644113966831,54.95978849471991,54.8899195025853,55.01455373646156,54.91575022799318,55.01455373646156,54.91575022799318
247.0,8.032353130766747,54.79646953087534,54.68537564478835,54.85125266353217,54.82657884550533,54.90692268015183,54.848055302435924,54.9634350315729,54.91584247051267,55.019580674350564,54.93153504279877,55.019580674350564,54.93153504279877
248.0,8.031752382517297,54.794534294020195,54.6881182434291,54.85071260052257,54.83606710593074,54.9084794218405,54.85069380429242,54.96707270256047,54.913504963137655,55.024587852228116,54.933741281575,55.024587852228116,54.933741281575
249.0,8.031938328404031,54.79262816055342,54.6767761724654,54.850190503599265,54.81358280692589,54.91004210761187,54.83776876661075,54.970704595294094,54.88297722531484,55.029578598461626,54.923426346453105,55.029578598461626,54.923426346453105
250.0,8.03305400372444,54.790752031560004,54.67108084783635,54.84968752760384,54.807265677712,54.9116120289368,54.847227864081624,54.97433213216922,54.92457143606636,55.03455458001892,54.94589974178158,55.03455458001892,54.94589974178158
251.0,8.03305400372444,54.78890719083173,54.67194050860476,54.84920520899816,54.81318179887842,54.913190864110135,54.84933417514056,54.97795712771814,54.92436238227185,55.03951785509243,54.94914188345525,55.03951785509243,54.94914188345525
252.0,8.03305400372444,54.7870887374879,54.672898871922335,54.84873889978877,54.81845061433038,54.914774113290704,54.848154430443195,54.981575224763034,54.912013072137576,55.04446431055207,54.946661638659634,55.04446431055207,54.946661638659634
253.0,8.03305400372444,54.78529526716935,54.66888187704385,54.84828743076054,54.81389071587673,54.91636074363983,54.850199879778245,54.98518552146279,54.92226552977153,55.04939327103731,54.95469738181066,55.04939327103731,54.95469738181066
254.0,8.03305400372444,54.78352541236065,54.66619747397869,54.847849662053314,54.81268126372813,54.9179497497563,54.85520919552964,54.98878714160095,54.940469140021364,55.05430407949093,54.96644958429889,55.05430407949093,54.96644958429889
255.0,8.03305400372444,54.78177784202211,54.666137175443524,54.84742448299802,54.816967041673706,54.91954015347375,54.86095214204831,54.99237923434212,54.95548804088495,55.05919609711621,54.976781180264304,55.05919609711621,54.976781180264304
256.0,8.03305400372444,54.780051261213586,54.659827710794715,54.84701081193944,54.80776027891286,54.92113100364842,54.86366462439022,54.99596097398279,54.97174156976778,55.06406870332337,54.98813393573602,55.06406870332337,54.98813393573602
257.0,8.03305400372444,54.77834441071045,54.66781891105115,54.846607596045985,54.82828453591771,54.92272137593797,54.86778836554513,54.999531559696976,54.9635825030422,55.06892129566586,54.98758554472918,55.06892129566586,54.98758554472918
258.0,8.03305400372444,54.776656066612034,54.659804173518246,54.84621381110709,54.815250816318425,54.924310372571334,54.87100341579467,55.00309021527666,54.98517695139268,55.07375328976655,55.00146502483116,55.07375328976655,55.00146502483116
259.0,8.03305400372444,54.77498503994292,54.6564335205019,54.84582846131873,54.81253142231827,54.92589712211028,54.87664300058715,55.00663618886736,55.00564521749706,55.078564119234436,55.01482636790312,55.078564119234436,55.01482636790312
260.0,8.03305400372444,54.7733301762475,54.65172317339334,54.845450579057456,54.80695698036477,54.927480779202796,54.88128695259908,55.01016875269903,55.02465894333299,55.08335323557201,55.02778607290131,55.08335323557201,55.02778607290131
261.0,8.03305400372444,54.771690355177995,54.65083539939624,54.845079224643555,54.80891934704833,54.9290605243288,54.88361365161416,55.01368720281233,55.026905829930485,55.08812010807372,55.03294337900517,55.08812010807372,55.03294337900517
262.0,8.03305400372444,54.77006449007643,54.658369875077845,54.84471348609372,54.828480939921505,54.930635563538345,54.88861312486902,55.01719085878069,55.02189033435017,55.09286422371578,55.03424648414987,55.09286422371578,55.03424648414987
263.0,8.03305400372444,54.76845152755081,54.6503964864902,54.844352478863705,54.81409156658729,54.93220512818285,54.8846928254333,55.02067906342816,55.01613194512587,55.097585087037764,55.03580913244096,55.097585087037764,55.03580913244096
264.0,8.032749205827628,54.76685044704586,54.65136317258358,54.843995345581504,54.8186251476729,54.93376847463949,54.88217964183278,55.02415118254342,54.99778768194745,55.10228222001614,55.030920191565826,55.10228222001614,55.030920191565826
265.0,8.031853023332282,54.7652593477455,54.653015570031855,54.843640343108156,54.82517474870742,54.93532397136602,54.88406324009874,55.02760569192676,54.99502791872319,55.106954249267005,55.032907430678655,55.106954249267005,55.032907430678655
266.0,8.03187624813574,54.7636755347444,54.657678519690116,54.84328492620336,54.836815532818925,54.9368691799162,54.88142630227425,55.031040255754405,54.969780935409915,55.11159898190271,55.024169510785725,55.11159898190271,55.024169510785725
267.0,8.032671421168427,54.762100930225,54.65034286740847,54.842931156419326,54.822852219217374,54.93840626138009,54.87504531006151,55.03445713056398,54.956345316055504,55.11621880723244,55.021097888948475,55.11621880723244,55.021097888948475
268.0,8.035241264103451,54.760536948201306,54.6430001374313,54.842580590294276,54.81053960341307,54.93993687774427,54.87564411681961,55.03785807977688,54.96923980100836,55.1208156247267,55.03003589089526,55.1208156247267,55.03003589089526
269.0,8.037329653176313,54.75898795481908,54.64006409581485,54.84223773830921,54.80767515998946,54.94146564947564,54.87678869677592,55.041247829907896,54.97484173773707,55.125394298881794,55.035497554545486,55.125394298881794,55.035497554545486
270.0,8.038936588387012,54.757451405188306,54.637290213127464,54.84190021042908,54.80548781490141,54.94299030966362,54.8795342077894,55.044624233305235,54.985912983706534,55.129952830663285,55.043519067578025,55.129952830663285,55.043519067578025
271.0,8.040062069735546,54.755924837504146,54.62955176638595,54.841565690330384,54.79296518278433,54.944508658538325,54.88099761905867,55.047985202962266,55.002148144939845,55.134489272429335,55.0542893948161,55.134489272429335,55.0542893948161
272.0,8.040706097221916,54.754405872149405,54.632204318750276,54.84123193474588,54.802850100465236,54.94601856286792,54.88694647412246,55.05132871196596,55.01321594595757,55.13900172761886,55.06230717228868,55.13900172761886,55.06230717228868
273.0,8.039718490103436,54.752892210776096,54.633840931709365,54.84089677278441,54.81014346650683,54.94751795533518,54.89184725411342,55.0546527929286,55.02219643373148,55.14348835041908,55.069486008221105,55.14348835041908,55.069486008221105
274.0,8.03920791307503,54.75137819087804,54.643899024931244,54.840554660737865,54.83501974887186,54.949001389405026,54.90009667435955,55.05795209291445,55.026049731268024,55.14794390092403,55.073904076755156,55.14794390092403,55.073904076755156
275.0,8.039026907067127,54.74986466516804,54.63928154572496,54.840206551690294,54.827203751830375,54.95046989907549,54.89772096155368,55.061227723333,55.02080243331553,55.15236958526073,55.07479289080497,55.15236958526073,55.07479289080497
276.0,8.03902801301015,54.74835202101737,54.630791063219945,54.839852933755395,54.8110147677504,54.95192405548742,54.89160886412204,55.06448033491569,55.01017832243838,55.156766149355455,55.073238234356346,55.156766149355455,55.073238234356346
277.0,8.039132782679083,54.74684019602794,54.62358089712272,54.83949384438121,54.79883421639237,54.95336397992905,54.890521407491136,55.067710129419474,55.0160024781448,55.16113388936819,55.07906547386732,55.16113388936819,55.07906547386732
278.0,8.040148407020784,54.74532890009076,54.62401903934134,54.839129091171735,54.80348753009597,54.95478956337419,54.89411160857774,55.070917077880374,55.0233488713472,55.16547286870785,55.085241216425885,55.16547286870785,55.085241216425885
279.0,8.040552002494211,54.743820275583126,54.61766392219698,54.83876091147651,54.79391491283859,54.956203125398865,54.89665597831047,55.07410357885626,55.040567010673236,55.16978557566566,55.09638786999544,55.16978557566566,55.09638786999544
280.0,8.041736098822902,54.74231183429392,54.62071994293285,54.838386916404474,54.80409415813716,54.95760236514481,54.9005672843674,55.07726741633742,55.04314206373419,55.17406988841023,55.100430140118235,55.17406988841023,55.100430140118235
281.0,8.043002772230553,54.74080534890081,54.615052343749745,54.83800896900994,54.795663009950395,54.95898922634801,54.90196384235262,55.08041061161894,55.05430766891233,55.17832791357088,55.10887050499224,55.17832791357088,55.10887050499224
282.0,8.044499481786744,54.73930044511265,54.61500694929657,54.837626788740884,54.79823481649385,54.960363513827595,54.899487038379036,55.083533051826784,55.03958542262404,55.1825596270641,55.1050818153798,55.1825596270641,55.1050818153798
283.0,8.044117562796544,54.73779720716207,54.6130191382672,54.837240550821285,54.797675829820804,54.96172548682103,54.902174462274644,55.086635077205884,55.04844017650734,55.18676545527138,55.11208297501175,55.18676545527138,55.11208297501175
284.0,8.043007196002641,54.736289404883394,54.606179133371256,54.83684411469033,54.78663305152804,54.96306908870074,54.90170408246788,55.08971071211278,55.05544329889631,55.19093950739097,55.11852615301579,55.19093950739097,55.11852615301579
285.0,8.041168381405036,54.734774475320094,54.59633349606324,54.836434987410456,54.770168685908274,54.96439189231601,54.90333161603894,55.09275759229332,55.0762210510367,55.19507948451936,55.13156389323884,55.19507948451936,55.13156389323884
286.0,8.038601119003728,54.733249954627446,54.603297447043545,54.836010766022795,54.78919943349453,54.96569155242055,54.90861864080554,55.095773427379385,55.07556967170765,55.19918315259592,55.134013220082274,55.19918315259592,55.134013220082274
287.0,8.035546946754682,54.73171347682262,54.60461705504496,54.83556913654688,54.794152639670564,54.96696580478213,54.90337949697061,55.09875600010719,55.04793830693695,55.20324834186895,55.12410357934511,55.20324834186895,55.12410357934511
288.0,8.034727811623188,54.7301634957892,54.596376446719795,54.83510859623134,54.77986328606189,54.96821318854641,54.90064954107126,55.10170388879324,55.05016768115418,55.20727366961596,55.12810410763765,55.20727366961596,55.12810410763765
289.0,8.033506113231757,54.72860668562972,54.58902776286518,54.83463585623562,54.768541158550015,54.969440451098194,54.9018656010393,55.10462387437356,55.06515747473566,55.211265949509816,55.13797316593284,55.211265949509816,55.13797316593284
290.0,8.032176769719534,54.72704160444533,54.6004643853936,54.834149529098156,54.79662055439405,54.970646258855595,54.906972910155226,55.10751467451928,55.055689248845944,55.21522394941539,55.13566941502714,55.21522394941539,55.13566941502714
291.0,8.029804005830997,54.72546775504494,54.59381847984965,54.833649166279066,54.78594716179312,54.971830212115925,54.90695978259336,55.11037593578848,55.0646854991919,55.21914736037933,55.14265472494105,55.21914736037933,55.14265472494105
292.0,8.027733975412298,54.723881868012604,54.602198392430566,54.83313154393895,54.80689513166986,54.97298913342497,54.91031739903143,55.1132045245845,55.05521751357523,55.22303309029754,55.14035978601996,55.22303309029754,55.14035978601996
293.0,8.025429190154835,54.72228483203208,54.60113856517901,54.8325975852957,54.80891977170069,54.97412398200982,54.91906589488004,55.116001433665005,55.08513582452169,55.22688216245687,55.156649589621985,55.22688216245687,55.156649589621985
294.0,8.023480223632259,54.72067591068599,54.58939127075693,54.832046589326026,54.78586329408716,54.97523409408597,54.910438375385496,55.11876603405196,55.072207319179206,55.23069397934311,55.153910849436976,55.23069397934311,55.153910849436976
295.0,8.022830445242173,54.71905617618051,54.58561546473849,54.83147965986646,54.78114160229431,54.976320607393696,54.909250681572836,55.1214994950032,55.0710236795642,55.234469737988555,55.15599845585143,55.234469737988555,55.15599845585143
296.0,8.025394242355347,54.717429502483746,54.58911481188821,54.83090070395789,54.792660182516656,54.97738746462544,54.91489221773192,55.124205792521046,55.0802040053389,55.23821344368418,55.16246315802467,55.23821344368418,55.16246315802467
297.0,8.02923392906802,54.71580537332775,54.57690770594317,54.83031924795845,54.77022606057629,54.978444237552154,54.9123982887837,55.12689454149023,55.09133773187742,55.24193475022544,55.170702712088854,55.24193475022544,55.170702712088854
298.0,8.035587203080675,54.71418715056925,54.572522877236395,54.82973872216326,54.76568346320821,54.97949442779245,54.91672074241133,55.12956931259361,55.11131279180883,55.245637293082375,55.18277393167987,55.245637293082375,55.18277393167987
299.0,8.044492403751406,54.71258178831726,54.56838565894257,54.8291661576502,54.760473716490615,54.980545146916306,54.914209293446426,55.13223729567546,55.10513992388492,55.24932833548382,55.182906044597786,55.24932833548382,55.182906044597786
300.0,8.056610000252832,54.71099611451083,54.571061550927105,54.82860847830095,54.77090944805379,54.98160341884864,54.92057278621062,55.13490561252561,55.11795814722825,55.25301509164151,55.191390782902786,55.25301509164151,55.191390782902786
301.0,8.072535211119302,54.71821503087735,54.583692987158074,54.83246253230241,54.78338927776696,54.98267804312551,54.918011406999334,55.13319501188976,55.09355724658232,55.247930253302634,55.17464662862132,55.247930253302634,55.17464662862132
302.0,8.09141638649448,54.725416117226,54.596313423878094,54.83635088609169,54.796178460360814,54.98377934641857,54.91825701531684,55.131503578572286,55.080108222732335,55.242916888502215,55.162750164403576,55.242916888502215,55.162750164403576
303.0,8.110594544435783,54.73260785548335,54.606814603269726,54.840280372605356,54.80403211700529,54.98491479964924,54.91629170972428,55.12983941941414,55.063101036911185,55.23798145175288,55.14922350537755,55.23798145175288,55.14922350537755
304.0,8.129473507924917,54.73979055537653,54.61823466176883,54.84424968065746,54.81428300761239,54.986083674314855,54.91737682257825,55.12820238656769,55.05576798018186,55.23312217101534,55.14001884643943,55.23312217101534,55.14001884643943
305.0,8.149142262190697,54.746962717284624,54.618962823815934,54.848255741567364,54.80247622733987,54.98728345584464,54.91778977845721,55.126590517582834,55.067793528061145,55.22833551156425,55.140363004248016,55.22833551156425,55.140363004248016
306.0,8.1681464184299,54.75412612884567,54.629514062674794,54.85229882960442,54.811441371462614,54.98851495081527,54.918943027482044,55.12500514939327,55.06188636601123,55.22362129381195,55.13215673022889,55.22362129381195,55.13215673022889
307.0,8.188232850510254,54.761278159879055,54.64688570708662,54.85637484489405,54.83512481779398,54.98977456052606,54.92473213466217,55.123443182558994,55.05901149621286,55.2189749455316,55.12502859034848,55.2189749455316,55.12502859034848
308.0,8.208221664686548,54.768421471503096,54.65497333489408,54.8604850346286,54.838833668001065,54.99106401708875,54.92778870101536,55.121906832235645,55.064854958868075,55.214397264920905,55.12247472322407,55.214397264920905,55.12247472322407
309.0,8.23001641008793,54.77555511065053,54.65920927701859,54.864627069463985,54.83448955675028,54.99238144415339,54.92922035167788,55.12039467322722,55.07219008974887,55.20988544753207,55.12098989609526,55.20988544753207,55.12098989609526
310.0,8.250375493987928,54.7826838546063,54.66445264866262,54.868804397751845,54.83206008479496,54.99373072336459,54.92801555535608,55.11891101866686,55.06738899288294,55.20544247464772,55.11401606065746,55.20544247464772,55.11401606065746
311.0,8.268944056135606,54.78980261923936,54.68116101132381,54.87301063446169,54.854152770731275,54.995105866152066,54.93127959115414,55.11745027467336,55.05558786409172,55.20106144862375,55.10323001104032,55.20106144862375,55.10323001104032
312.0,8.2892403962015,54.796905353420954,54.674494588153834,54.87723848477046,54.82733167064183,54.99649996904562,54.930646335931016,55.11600592739389,55.07738182402574,55.196734609107075,55.10916007209008,55.196734609107075,55.10916007209008
313.0,8.310401509980919,54.80399671561509,54.698558319886885,54.88149142217496,54.86617687995364,54.997916895788954,54.940035064409564,55.11458222911854,55.07235048081306,55.192465020671214,55.10146289049967,55.192465020671214,55.10146289049967
314.0,8.330501508295672,54.81107865730465,54.69484943873642,54.885770237354976,54.84447835393769,54.99935779354945,54.93411639776574,55.11318068183312,55.067754589371084,55.188253021800115,55.09537143880439,55.188253021800115,55.09537143880439
315.0,8.352205050262524,54.81814728018206,54.70184230133173,54.89006990247659,54.846728616506894,55.000817966331034,54.93475503141003,55.11179691974174,55.06549988405712,55.184093114523606,55.089851890844955,55.184093114523606,55.089851890844955
316.0,8.372298781566819,54.82520679010831,54.70392011157328,54.89439354196961,54.83905278264324,55.002300864747724,54.93528628812371,55.110434718037425,55.07281532095872,55.17998799000803,55.089079138226396,55.17998799000803,55.089079138226396
317.0,8.391962153576559,54.832251610964384,54.71644226429259,54.898734520120115,54.852891291473945,55.00380014907744,54.934449992378326,55.10908803141438,55.053429782345084,55.175930540805076,55.075546040392496,55.175930540805076,55.075546040392496
318.0,8.41131689375368,54.83927983775266,54.728917792114935,54.9030899231821,54.868757539013345,55.005313202504624,54.94623156968881,55.107754538443515,55.08088958080827,55.17191743424076,55.083578011934605,55.17191743424076,55.083578011934605
319.0,8.431526822804802,54.84628996968154,54.7382542467976,54.90745727996394,54.87599106834379,55.00683784105647,54.94741275473333,55.106432340856934,55.07468009265035,55.16794579919908,55.0765644712209,55.16794579919908,55.0765644712209
320.0,8.450208633517914,54.85328404602861,54.74542895224053,54.91183769533293,54.879206838489765,55.008375446526486,54.95077254207017,55.10512309588967,55.08096149543313,55.16401635610399,55.075437788926706,55.16401635610399,55.08096149543313
321.0,8.469607095309161,54.860256865743594,54.74340443944182,54.9162250578714,54.86246731846658,55.00992016374558,54.947185581925964,55.10382120316437,55.080226514892445,55.160122591854936,55.07166484540139,55.160122591854936,55.080226514892445
322.0,8.490053843626022,54.86721011614728,54.7497885141125,54.920620189799614,54.865591992190446,55.011473073560595,54.95413232831146,55.102528000726615,55.10095817553733,55.156264977088014,55.07749538552931,55.156264977088014,55.10095817553733
323.0,8.51123928815192,54.87414644741024,54.757532590774474,54.92502489929567,54.87156175167901,55.013036224441976,54.960752810536825,55.10124577593816,55.116844221078345,55.152444954906834,55.081346593627245,55.152444954906834,55.116844221078345
324.0,8.530255019928088,54.88106751426368,54.75996017809664,54.92944001832743,54.865376555438004,55.01461066781343,54.960259898379384,55.09997579830357,55.11683204188077,55.14866296982907,55.07834863334999,55.14866296982907,55.11683204188077
325.0,8.550338650286118,54.88796614297701,54.77138756367616,54.93385757178961,54.87798201585072,55.01618863072145,54.95984830604709,55.09871049567195,55.098727028991114,55.14491064614727,55.066528829154066,55.14491064614727,55.098727028991114
326.0,8.572289112464974,54.89484510476977,54.781224790440724,54.9382795770415,54.88838132586043,55.01777234318905,54.96608824992358,55.09745230940811,55.10879744109476,55.141189669228176,55.06766098895138,55.141189669228176,55.10879744109476
327.0,8.593621647412775,54.901709526189194,54.788377990520914,54.94271042298044,54.89099079458078,55.019366387181606,54.960591757279765,55.09620601324806,55.080838663848915,55.1375040730597,55.051443596805406,55.1375040730597,55.080838663848915
328.0,8.615172421783546,54.90855690213873,54.79719325698585,54.94714687508893,54.89788417478871,55.020967694753324,54.959365198458144,55.09496870454385,55.06609965378877,55.13385022351282,55.040935725577086,55.13385022351282,55.06609965378877
329.0,8.637534589684654,54.91538731220838,54.803813744062296,54.95158831429213,54.90061964003182,55.02257581078728,54.96003365924301,55.09374009088739,55.06321529183142,55.13022712749441,55.0358869209168,55.13022712749441,55.06321529183142
330.0,8.657944399504585,54.92220262980348,54.80276634791897,54.9560359374213,54.88600001865952,55.02419208598552,54.95111677158626,55.09252167562608,55.04085585595067,55.126635609795976,55.022196046861815,55.126635609795976,55.04085585595067
331.0,8.677659308459141,54.92899631441369,54.81506459585766,54.960482543284506,54.901472734282784,55.02580945782396,54.954013836269304,55.091306533701186,55.03534880484025,55.123068082732345,55.01539998601682,55.123068082732345,55.03534880484025
332.0,8.698041174785388,54.93576578065578,54.808807360179,54.96492492659964,54.87763334868983,55.02742487074745,54.950967982031685,55.09009175810613,55.045965042402834,55.119521017492175,55.01700603405178,55.119521017492175,55.045965042402834
333.0,8.717356101013724,54.94251263096884,54.82058305055063,54.969364097920405,54.892465331775405,55.02903948449482,54.952746163552405,55.08887865660925,55.037042558822684,55.11599512808941,55.008833815314446,55.11599512808941,55.037042558822684
334.0,8.735492091980802,54.94923317702228,54.82231397567967,54.97379579164247,54.88645620221164,55.03064916967257,54.95433596679142,55.08766323489387,55.04808860970499,55.11248584109942,55.01036106993413,55.11248584109942,55.04808860970499
335.0,8.751987010962578,54.95592347575495,54.833943452904734,54.978215517463255,54.903057571088056,55.03224957576407,54.96659398100667,55.08644128111733,55.07753843178385,55.108988395639706,55.0201295834903,55.108988395639706,55.07753843178385
336.0,8.769595393378715,54.96257827430142,54.845832694684255,54.98261750542594,54.91853484344113,55.03383507739427,54.97149253461535,55.08520731339615,55.078208813873474,55.10549679097203,55.01695514848719,55.10549679097203,55.078208813873474
337.0,8.785899057947251,54.969200804739806,54.853713717561725,54.98700450399861,54.925395560836556,55.03540857685097,54.97556254077192,55.083964386769054,55.08387217554637,55.102013596796446,55.016331055730994,55.102013596796446,55.08387217554637
338.0,8.80333314374315,54.97578689196835,54.866012962107405,54.99137186165655,54.942019316581835,55.03696556014958,54.98349107079701,55.08270812374239,55.094368198262,55.09853395749925,55.01782271327207,55.09853395749925,55.094368198262
339.0,8.820556289340024,54.98233985786949,54.87136497848795,54.995722452909064,54.94228558871351,55.038509045905016,54.98142611891569,55.081441686007864,55.08191014361303,55.095060585734956,55.00917221161737,55.095060585734956,55.08191014361303
340.0,8.837881181694902,54.98885888277432,54.87685875101935,55.00005501654594,54.94388222978974,55.0400379010781,54.98388886956429,55.08016406768731,55.086208444986276,55.0915920324504,55.00813963866354,55.0915920324504,55.086208444986276
341.0,8.856731538124539,54.99534412324584,54.89420996821667,55.00436928542949,54.97032521308816,55.04155198357783,54.98868658565914,55.07887525074551,55.07463183435888,55.08812785430685,54.99921457764495,55.08812785430685,55.07463183435888
342.0,8.87639675337265,55.00180006861435,54.89920225259007,55.008669339577374,54.97011821927903,55.043055492650936,54.98936859520882,55.077579552685904,55.073483466085115,55.08467195792233,54.995606680658184,55.08467195792233,55.073483466085115
343.0,8.89690093699711,55.008228954273946,54.9052782525378,55.0129570059227,54.972865973198395,55.04455035569657,54.99284265447671,55.07627900041891,55.08037346326042,55.08122596020186,54.99568558077576,55.08122596020186,55.08037346326042
344.0,8.91702246433602,55.01463304537465,54.89997961874838,55.01723414836276,54.9500846540091,55.04603852528722,54.98353964635189,55.074975634255,55.06335715058414,55.077791498687205,54.98537554019506,55.077791498687205,55.06335715058414
345.0,8.936858658375304,55.02101084406935,54.90459700302506,55.02149887448369,54.94860596384241,55.047518185977744,54.97506265044607,55.07366771479783,55.029811347069725,55.07436643792725,54.966696628873336,55.07436643792725,55.029811347069725
346.0,8.958945225275377,55.02736118750281,54.90806598414873,55.0257496444415,54.94588256408604,55.04898787477319,54.97147499500448,55.07235385499911,55.017727860392554,55.070949012425274,54.95760202032201,55.07235385499911,55.017727860392554
347.0,8.979614120680552,55.0336906680035,54.91588604496803,55.02999268971259,54.95410865909542,55.050453899126964,54.97757024703863,55.071040437404,55.03261978226459,55.067545242442385,54.96067769130258,55.071040437404,55.03261978226459
348.0,8.999030056371545,55.0399945601479,54.923650167859215,55.03422291647008,54.96070738641601,55.051911217076395,54.97593755952546,55.069722471044486,55.01856952443039,55.06414976720057,54.950575077609585,55.069722471044486,55.01856952443039
349.0,9.017855344759354,55.046268750519204,54.93199672493638,55.038435868938116,54.96991510947222,55.05335543485925,54.982073326031575,55.06839562331938,55.032220906840955,55.06075791036055,54.953127272609706,55.06839562331938,55.032220906840955
350.0,9.038051560117005,55.05251124357354,54.93509255528819,55.042629233003765,54.96641486023895,55.05478430900646,54.97817535287416,55.06705772056757,55.01915225819828,55.057367178339845,54.943775309787796,55.06705772056757,55.01915225819828
351.0,9.05742900899084,55.05872607945316,54.94729802647458,55.04680674728785,54.98328855186662,55.05620165132056,54.98209216844554,55.065712646953266,55.01653577460478,55.05398115245479,54.938661324504956,55.065712646953266,55.01653577460478
352.0,9.076994763096522,55.064910534314365,54.959416589137,55.05096538504736,54.999784162106856,55.05760449280866,54.98673710693259,55.064357490428506,55.01667971497383,55.05059661645557,54.93481970166474,55.064910534314365,55.01667971497383
353.0,9.09610951363791,55.071065026581195,54.97147585523396,55.0551052803366,55.01518094898866,55.058993030279204,54.98784589113544,55.062992509766175,55.00378679661097,55.04721354346783,54.92496316114906,55.071065026581195,55.01518094898866
354.0,9.11489941184902,55.07718802120182,54.97869332050189,55.05922462252488,55.02044641163302,55.06036551164383,54.989308963022324,55.0616160106452,55.00241875851833,55.043829962337945,54.920541379076816,55.07718802120182,55.02044641163302
355.0,9.13508161859506,55.083278411058586,54.97902494694966,55.06332204321951,55.01004923085524,55.061720628858374,54.98221482441701,55.06022674460967,54.98368077801024,55.04044436210504,54.90843315893852,55.083278411058586,55.01004923085524
356.0,9.154170268881131,55.089340369556204,54.990780638416794,55.067401467255756,55.02559569035695,55.06306236782046,54.9861623464347,55.058828757873634,54.98274031160521,55.03706053920705,54.90377694995249,55.089340369556204,55.02559569035695
357.0,9.173747303605637,55.09537038661461,54.99200385571222,55.07145913264715,55.01833269683469,55.064387012652304,54.98499958181809,55.05741837993555,54.98445088748526,55.033674570051055,54.90090425321667,55.09537038661461,55.01833269683469
358.0,9.193202684597741,55.10136987616297,55.00658554643283,55.0754962207016,55.03884578797708,55.065695798866194,54.98388553760861,55.055996899793676,54.9588595503761,55.030287509851995,54.88476800873686,55.10136987616297,55.03884578797708
359.0,9.213560515095645,55.10733836321024,55.00485184279656,55.079512028134175,55.02471577382404,55.06698807096694,54.97870867827198,55.05456370903751,54.95249459767011,55.02689852076481,54.87804533702097,55.10733836321024,55.02471577382404
360.0,9.233796691861153,55.11327852568911,55.02086935769338,55.08350901426799,55.05024019732416,55.06826633538983,54.987876744470135,55.05312136052263,54.9626227285281,55.02350993591629,54.878026778084724,55.11327852568911,55.05024019732416
361.0,9.25364711570065,55.11918985505617,55.03216555671035,55.08748645200296,55.0640533866866,55.0695299021859,54.98927636842633,55.05166920077198,54.95325673718362,55.020120882173885,54.869389502758736,55.11918985505617,55.0640533866866
362.0,9.273618603436269,55.12507105336992,55.03171613265188,55.09144283412192,55.05336828866562,55.07077730088234,54.98962362729463,55.05020579539067,54.96425545142283,55.01672971478887,54.870688025010146,55.12507105336992,55.05336828866562
363.0,9.294417705199878,55.13092241259517,55.038701316538926,55.0953782546885,55.05925016533873,55.072008664362855,54.99425521981123,55.0487313154286,54.97529956424442,55.013336405852215,54.871831523900546,55.13092241259517,55.05925016533873
364.0,9.315875654086351,55.13674639184042,55.04419766110531,55.099294981325656,55.06171486511225,55.07322629655643,54.996839912411104,55.04724810047912,54.98134023529526,55.00994310243362,54.87092410970398,55.13674639184042,55.06171486511225
365.0,9.336719730866184,55.14254488590742,55.05165696718363,55.1031947171204,55.06881592295654,55.074431927991135,55.00208823432131,55.045757907881445,54.99282029919834,55.006551369138464,54.872555018831065,55.14254488590742,55.06881592295654
366.0,9.357331559611433,55.148315851473114,55.06315851554085,55.107075228274695,55.083025443488935,55.075623345155954,55.001149098292956,55.04425854379321,54.972755184410445,55.003158820649055,54.859563689184675,55.148315851473114,55.083025443488935
367.0,9.379402422120595,55.15405846917325,55.05590857831491,55.110935517638026,55.05828605183131,55.07679957577255,54.998925269923795,55.04274906020167,54.98701694419976,54.99976433018507,54.86316190076815,55.15405846917325,55.05828605183131
368.0,9.401750212762424,55.159777136591124,55.07019971418301,55.11477981385666,55.07958874994878,55.077964874466396,55.001658931129604,55.04123373711637,54.974856944175876,54.99637200785618,54.85368371129955,55.159777136591124,55.07958874994878
369.0,9.422877189767235,55.16547253094415,55.065768028075276,55.11860861844713,55.06077377820176,55.07911975449676,54.99782012157868,55.03971309895483,54.97720435894176,54.99298220143346,54.851725521052636,55.16547253094415,55.065768028075276
370.0,9.442793232892694,55.1711407205152,55.07820715376473,55.12241782804819,55.080177147932645,55.080260120986665,55.009292291125746,55.038183058750754,55.001144323405754,54.98959065137854,54.85897704597123,55.1711407205152,55.080177147932645
371.0,9.462916603469974,55.17677789926394,55.08795680732858,55.12620348244281,55.09189505392146,55.08138203264036,55.01126229894535,55.036639693567174,54.994628804567064,54.98619327966773,54.85262145320526,55.17677789926394,55.09189505392146
372.0,9.482925693268335,55.18238471459074,55.08905421532069,55.12996609174133,55.08502551923329,55.08248602874553,55.009726647977104,55.03508357131745,54.99311968270201,54.98279051603189,54.848947050606284,55.18238471459074,55.08905421532069
373.0,9.501796399049573,55.18796081968598,55.09418602488731,55.13370517541277,55.08659042126326,55.083571655243915,55.00695187144778,55.03351426387466,54.978832122956575,54.97938179774681,54.83916358011651,55.18796081968598,55.09418602488731
374.0,9.51844799329277,55.19350273478289,55.112526132797996,55.13741712629968,55.11863481415109,55.08463533172808,55.021576128850405,55.03192821705009,55.00185079947435,54.97596344237357,54.84578353647462,55.19350273478289,55.11863481415109
375.0,9.538119106903665,55.19900374351705,55.12482640265563,55.14109511602477,55.13505558878418,55.08567026614872,55.02298997416383,55.03031867460131,54.98764027909279,54.97252858081383,54.83581124321365,55.19900374351705,55.13505558878418
376.0,9.558591070721423,55.204473416537176,55.13462422129815,55.14474862792843,55.146810360615525,55.0866859974294,55.02861273407221,55.02869523052427,54.99444970746602,54.96908671892878,54.835496711308004,55.204473416537176,55.146810360615525
377.0,9.57855747111914,55.20991428860331,55.14154647688414,55.148380086137486,55.152560755660154,55.087684976916,55.03449676579552,55.02706036288178,55.00777960177444,54.96564022333566,54.83845247731735,55.20991428860331,55.152560755660154
378.0,9.597929906384609,55.21532482257656,55.149563933705586,55.151987840125024,55.160330712625004,55.0886655733776,55.03891600803637,55.02541245924592,55.01294082303476,54.96218736742098,54.837776061225654,55.21532482257656,55.160330712625004
379.0,9.617238565602488,55.22070325247941,55.157444957271224,55.15557001958654,55.16749798053816,55.089625939808954,55.04172916182235,55.02374969542708,55.01224936822466,54.958726221885655,54.83448154702058,55.22070325247941,55.16749798053816
380.0,9.635840895877095,55.22604949583042,55.15109721029252,55.159126447295186,55.143740793875715,55.09056592705233,55.035501617398666,55.02207194986213,55.007540041865646,54.95525656965346,54.83005290246977,55.22604949583042,55.15109721029252
381.0,9.656328637815298,55.23136150073294,55.153198714925644,55.162654981113484,55.1382894134606,55.09148342098097,55.02942982285039,55.02037713596938,54.986361610015486,54.95177623314851,54.81754745950193,55.23136150073294,55.153198714925644
382.0,9.679066162778014,55.236645265458,55.168092125587755,55.16616153920871,55.16280846580463,55.09238437352028,55.04136074217855,55.01867123897553,55.005892436947825,54.948291116754625,54.82292729561257,55.236645265458,55.168092125587755
383.0,9.699438001887529,55.24190778656774,55.180489141036794,55.169653024495474,55.18035134128394,55.0932757036802,55.04638818224927,55.016961193537064,55.00426718262703,54.94480806075473,54.81894176843464,55.24190778656774,55.180489141036794
384.0,9.720063765514855,55.247141663622784,55.1922478539262,55.17312192634855,55.196018084437846,55.094149896233105,55.05023257173829,55.01523947938308,54.99956014034192,54.941319433978705,54.81354687787498,55.247141663622784,55.196018084437846
385.0,9.740960337723454,55.25234775915832,55.19696907399036,55.176569022553025,55.19549236577159,55.095007745478014,55.046354865053296,55.01350690689435,54.98100248897969,54.93782596135808,54.802054877421874,55.25234775915832,55.19696907399036
386.0,9.76047595574548,55.2575269767363,55.20271142816438,55.179995133076055,55.19817374788777,55.095850085204205,55.04735976822543,55.01176432325815,54.97898711076985,54.93432840579909,54.79791188241926,55.2575269767363,55.20271142816438
387.0,9.77983209678376,55.262675103560184,55.19858235582928,55.183395962457766,55.17954767296235,55.09667263097879,55.04233409590542,55.01000745465227,54.975119011272,54.930822410142675,54.79340726890476,55.262675103560184,55.19858235582928
388.0,9.799092831804025,55.26779180663012,55.20209968210709,55.1867711107756,55.17939602862709,55.097475005990724,55.047983797232725,55.00823594696893,54.99501553199869,54.92730755269782,54.799464283745635,55.26779180663012,55.20209968210709
389.0,9.820742330021876,55.27287696812557,55.21171162281699,55.19012039759439,55.19140053369256,55.09825705389056,55.05050994570931,55.00644966754378,54.99011286729688,54.92378363753734,54.79406247843036,55.27287696812557,55.21171162281699
390.0,9.841160397549707,55.277938166536906,55.21716962064141,55.19345134236913,55.19425163496418,55.09902631860925,55.05085215323623,55.004656184390534,54.985807674335334,54.92025817300349,54.78909281553643,55.277938166536906,55.21716962064141
391.0,9.860345338608209,55.28297161460985,55.22017253849314,55.196760079909645,55.19116364030286,55.099778937560714,55.04598716365702,55.00285163714091,54.96751165060637,54.91672722016704,54.777751024421974,55.28297161460985,55.22017253849314
392.0,9.879018744154354,55.287973613157625,55.22361240510146,55.200042847183845,55.18955232996147,55.100511161157804,55.04286728602836,55.001032289273816,54.95540043242548,54.91318697804859,54.7690089410285,55.287973613157625,55.22361240510146
393.0,9.896594390657047,55.292942790357145,55.22060130203317,55.20329822223962,55.17502733275991,55.10122159161582,55.04056661181526,54.99919676680036,54.95998115336234,54.90963602192902,54.7681517159652,55.292942790357145,55.22060130203317
394.0,9.916172973701784,55.29787599963997,55.22820470397358,55.20652301522642,55.18259614726884,55.10190706738082,55.03630197119992,54.99734193609863,54.93533254065143,54.90607117431442,54.75337283541247,55.29787599963997,55.22820470397358
395.0,9.937540751367209,55.30277978420737,55.2320975477988,55.20972373796221,55.18389625543798,55.10257413787665,55.03993567676805,54.995474383840715,54.948184380551886,54.90249898991495,54.755758096288865,55.30277978420737,55.2320975477988
396.0,9.9601199052892,55.30765988581102,55.242906876914354,55.21290608452479,55.20025012607669,55.10322851627361,55.047296859838724,54.99359984193806,54.959935434788605,54.89892515239972,54.75749889187667,55.30765988581102,55.242906876914354
397.0,9.979462701281683,55.31252013190684,55.247567054697,55.216073820693296,55.201694867843855,55.10387397107567,55.0444794427577,54.99172208127433,54.946270859167925,54.89535337041721,54.74802219919558,55.31252013190684,55.247567054697
398.0,10.000683535984281,55.31735047199144,55.24552959532223,55.21921682578832,55.18953710096023,55.10450037333247,55.04214695717077,54.98983096428931,54.94862342544254,54.89177343568285,54.74610392419158,55.31735047199144,55.24552959532223
399.0,10.021028390084064,55.32215696151417,55.252416458645456,55.22234111667741,55.197810688716814,55.1051137604455,55.04800784858458,54.98793254858643,54.96266321144259,54.88819136668108,54.74919190802812,55.32215696151417,55.252416458645456
400.0,10.041888466172944,55.326936976858164,55.263497720022315,55.22544401605623,55.214109190376185,55.10571145851555,55.05107518461112,54.986024163345434,54.95713681578921,54.88460443837645,54.74326865840486,55.326936976858164,55.263497720022315
401.0,10.062985582716168,55.33169228135677,55.260445701773286,55.22852724350768,55.19931963330928,55.10629519814399,55.04552358242786,54.98410754986623,54.949050873253704,54.8810143478008,54.7368220680461,55.33169228135677,55.260445701773286
402.0,10.084092873935191,55.33642374130745,55.266535069451436,55.23159161876457,55.205024812712836,55.106865805220124,55.04569817414676,54.98218353988055,54.94353657341368,54.87742187961308,54.73102245274827,55.33642374130745,55.266535069451436
403.0,10.104578625175954,55.341131505025395,55.267796844001595,55.23463724329683,55.20052527881754,55.10742338504592,55.04474753419475,54.980252242214156,54.94392632402259,54.87382709529507,54.728137139164055,55.341131505025395,55.267796844001595
404.0,10.124442836438456,55.34581376011211,55.26992010343717,55.23766225959147,55.197593476372866,55.10796608366404,55.04121599396578,54.978311806162885,54.93296884997651,54.87022809853867,54.72002114872628,55.34581376011211,55.26992010343717
405.0,10.144352612553458,55.35046874231911,55.27692380417638,55.24066486560355,55.205635054112584,55.10849210792388,55.04143754236893,54.976360447173676,54.926116627939585,54.86662306651424,54.71342735106364,55.35046874231911,55.27692380417638
406.0,10.16265361021939,55.35509681052096,55.28317389558466,55.24364538951729,55.21237165565027,55.10900180017199,55.04365220439152,54.97439852146429,54.9282785246373,54.86301232427812,54.71095323862658,55.35509681052096,55.28317389558466
407.0,10.179986317904959,55.35969317480757,55.281359629713194,55.246599011658446,55.201053123044574,55.10949035417463,55.03859303391472,54.97242123595577,54.92006948799573,54.85939104852491,54.70416949211021,55.35969317480757,55.281359629713194
408.0,10.19881057407928,55.36425515744842,55.295109583382796,55.249523040208764,55.22356590122898,55.1099551054976,55.04023011281268,54.97042595331776,54.90470894200245,54.85575658738318,54.69322731236614,55.36425515744842,55.295109583382796
409.0,10.216441738921667,55.36878781189007,55.28755376207137,55.25242252404555,55.19888919228377,55.11040113847778,55.027629193910315,54.968417793071886,54.881186324117856,54.85211405536061,54.679415194655135,55.36878781189007,55.28755376207137
410.0,10.23517928916308,55.373287722621185,55.293152646247094,55.25529403033348,55.204907625431744,55.110825041919256,55.02943935479616,54.96639336539165,54.88452027955486,54.848460044869924,54.677020158370475,55.373287722621185,55.293152646247094
411.0,10.253133905474579,55.36595929182276,55.28344766810508,55.252241672880665,55.202024409958,55.111230678780316,55.03449050991876,54.97025628212076,54.908937623673616,54.85659787895352,54.695370301646015,55.36595929182276,55.28344766810508
412.0,10.273532360946154,55.35865827315612,55.25917742218723,55.24915377470985,55.1667688078292,55.11161592433954,55.02791513394871,54.974113970533594,54.919923701969275,54.86466755382653,54.708488918528495,55.35865827315612,55.25917742218723
413.0,10.293593798714213,55.351391922937786,55.26102884090161,55.24603943889256,55.18803526728125,55.11198878658632,55.03084457029005,54.97797334328237,54.91205612934835,54.872677828483404,54.711659945144824,55.351391922937786,55.26102884090161
414.0,10.315517349612872,55.344158581263,55.25062424468658,55.24289881221849,55.182046277638406,55.11234838083262,55.02831290592814,54.98183248395061,54.90978324895398,54.88062859279659,54.71777042961439,55.344158581263,55.25062424468658
415.0,10.338067380368619,55.33696351368785,55.23733625241033,55.2397389013813,55.16999791111717,55.11270071682753,55.025683901256876,54.985696405096924,54.91346019670302,54.88852660006435,54.72661256089891,55.33696351368785,55.23733625241033
416.0,10.36089905794726,55.32980795088752,55.23751500847958,55.23656263629754,55.18867359970865,55.113047782425554,55.038095722562815,54.989566152272175,54.94492648929738,54.896374594688034,54.74748704212985,55.32980795088752,55.23751500847958
417.0,10.383533287831735,55.32269200506883,55.226693414323016,55.23337177611132,55.18257871667666,55.11339043591452,55.04383329813893,54.9934416826708,54.973468787062984,54.90417418041569,54.76787847324728,55.32269200506883,55.226693414323016
418.0,10.406144661560427,55.31561428754827,55.218251533948155,55.23016652529569,55.18141652631545,55.11372801740875,55.04982047214969,54.997321471815646,54.99725998204079,54.91192542555018,54.786238333726295,55.31561428754827,55.218251533948155
419.0,10.428585720063761,55.308574002795645,55.20933659549231,55.2269476249479,55.17792228814411,55.11406043421372,55.04952567753798,55.00120459299208,54.99828411074043,54.91962893963486,54.79435896164889,55.308574002795645,55.20933659549231
420.0,10.449400452488746,55.30156992163586,55.20260970229842,55.223715329640335,55.180991654625444,55.114387138264185,55.06087674405064,55.005089695273156,55.038025386039955,54.92728485512773,54.820033563529925,55.30156992163586,55.20260970229842
421.0,10.469869024747904,55.294596303595355,55.19917965513606,55.22046533018447,55.188327564883345,55.114703046338164,55.06004708240894,55.008970921183604,55.02485568622797,54.93488874548286,54.82164732852032,55.294596303595355,55.19917965513606
422.0,10.489844936255608,55.287651614398825,55.195944873521434,55.217197458877195,55.19591641018781,55.11500723002215,55.06085341406303,55.012846581383954,55.0181136787173,54.94244028758421,54.825868380419536,55.287651614398825,55.195944873521434
423.0,10.50997015007126,55.28073391932696,55.18365015987202,55.21391109736867,55.18420045370082,55.115298335289914,55.06099743088294,55.01671458596011,55.02820329392166,54.94993870754495,54.83803548186358,55.28073391932696,55.18420045370082
424.0,10.5303110965057,55.27384336652004,55.17485583518787,55.210607660292325,55.17982498102157,55.115577063764874,55.06079494005679,55.02057492331798,55.029786438753995,54.95738525992844,54.84613067099257,55.27384336652004,55.17982498102157
425.0,10.54953850577624,55.26698031335344,55.166028115857166,55.20728872954534,55.17534112645032,55.1158443123785,55.06076887956076,55.024427805219695,55.03237193414299,54.96478138068911,54.854576093910886,55.26698031335344,55.17534112645032
426.0,10.568308791931099,55.260140945744595,55.16002897175596,55.20395167572465,55.175502236238806,55.116096794513375,55.05460542575488,55.02826928763361,55.00670270023577,54.97212431015148,54.84981434745351,55.260140945744595,55.175502236238806
427.0,10.585532011257504,55.25332364559087,55.15509938686427,55.200596014201544,55.17847750444568,55.11633338222615,55.05292531585338,55.03209759910575,54.99661357169664,54.97941341001832,54.85165952211497,55.25332364559087,55.17847750444568
428.0,10.603249955762337,55.246523442292855,55.13760004132944,55.19721786467524,55.154438371672775,55.11654957149026,55.04746071581936,55.03590761169142,54.99920048777659,54.9866446423324,54.85968762733333,55.246523442292855,55.154438371672775
429.0,10.622313759195185,55.23974195166908,55.129875042166205,55.19381988112154,55.151804376377065,55.116747400807334,55.045386691530446,55.03970074822951,54.99435338331669,54.993820467784744,54.86374451864685,55.23974195166908,55.151804376377065
430.0,10.640363634065631,55.23298341545988,55.12654822832625,55.19040731260981,55.15822767013924,55.116931531268655,55.04379140254186,55.043481081648075,54.98259317297916,55.0009459663329,54.86422932243322,55.23298341545988,55.15822767013924
431.0,10.660072644657404,55.226244532512254,55.11556039601332,55.1869778437799,55.148096859729286,55.11709909444776,55.04071361317109,55.047245190272534,54.98184609735003,55.008018701800964,54.869872405255464,55.226244532512254,55.148096859729286
432.0,10.678990832259046,55.219530515439885,55.10680208444259,55.183537629788326,55.143479936614405,55.117255703568624,55.04191135628397,55.050998145216,54.99254832554682,55.01504468755633,54.88054595379913,55.219530515439885,55.143479936614405
433.0,10.697370130690924,55.21283871063143,55.092522165022764,55.18008494333345,55.12702913766019,55.11739912581751,55.04127021731824,55.05473720797747,55.007723508060096,55.02202211112433,54.893597074143806,55.21283871063143,55.12702913766019
434.0,10.7175354533735,55.20616735367913,55.08542628358488,55.17661890738447,55.12482769872987,55.117527990471125,55.03554548867894,55.05846051396932,54.98897996272596,55.02894999501629,54.89085482570412,55.20616735367913,55.12482769872987
435.0,10.736865346697398,55.199522054110616,55.066328695866396,55.173145983635514,55.09758223281351,55.117648279230956,55.029802898218946,55.0621735647319,54.995944578230024,55.0358346926663,54.900140396142106,55.199522054110616,55.09758223281351
436.0,10.757969172628284,55.19289999316933,55.05826170858067,55.16966419366728,55.09491138021547,55.11775756923816,55.029936035796226,55.06587349280122,55.001810008314834,55.04267417667976,54.908384261904985,55.19289999316933,55.09491138021547
437.0,10.778983269715336,55.18630665859589,55.05126174988264,55.166179829309385,55.09461293788616,55.11786171730374,55.03173501786398,55.069565719807265,55.01157459803048,55.0494746725129,54.91835106006611,55.18630665859589,55.09461293788616
438.0,10.799470495546794,55.17974148933028,55.05001633801116,55.162693123402114,55.105772176779496,55.117960555298176,55.03214732359599,55.07324967649121,55.00409607741849,55.0562364045491,54.92017133830305,55.17974148933028,55.105772176779496
439.0,10.81964355983052,55.173202568614485,55.035995331872826,55.15920292566721,55.088563322138725,55.118052547265734,55.02554645707239,55.076923441063336,54.997599372228514,55.062958217225166,54.92287986966766,55.173202568614485,55.088563322138725
440.0,10.838970651432097,55.16668871662821,55.03056535197904,55.15570879214337,55.09190211983538,55.118136874108515,55.03199990340034,55.0805858191356,55.02200289689387,55.06963965176364,54.93913624919046,55.16668871662821,55.09190211983538
441.0,10.85704987065739,55.16019712187877,55.02140489799486,55.152208619632226,55.084356959189115,55.11821106960432,55.02311646808395,55.08423398131136,54.99673062948938,55.07627858681845,54.933081104040276,55.16019712187877,55.084356959189115
442.0,10.87572040075168,55.15372380767102,55.0047994182449,55.148699108068264,55.06173703360648,55.11827147720044,55.01624096822174,55.08786391440293,54.99547775835794,55.08287168559249,54.93795665157403,55.15372380767102,55.06173703360648
443.0,10.895475492302698,55.14727073600901,54.99551860689776,55.14518286166311,55.0558493776082,55.118320346928805,55.01506709920974,55.091477514117706,55.00040217857108,55.08942148576628,54.945203114615026,55.14727073600901,55.0558493776082
444.0,10.9157555381414,55.140841362466354,54.989783858310645,55.141663962328806,55.05770687025865,55.11836142611995,55.016212195381485,55.09507819306242,55.006509759415295,55.09593202605487,54.952803449228,55.141663962328806,55.05770687025865
445.0,10.936875953217617,55.134437263134764,54.989736881502125,55.138144601913886,55.07145539860839,55.118396595800775,55.01933130049715,55.098667521302744,55.00799530791152,55.10240549205477,54.95800557401639,55.138144601913886,55.07145539860839
446.0,10.9554903014064,55.12806095662756,54.97784368847192,55.134627899377676,55.05944621345227,55.11842868191725,55.01963819901863,55.10224803163419,55.023681884095524,55.10884501668575,54.97023366466971,55.134627899377676,55.05944621345227
447.0,10.974404286424559,55.12170431587574,54.96249429020804,55.13110631615511,55.039960104556435,55.11844987319104,55.01735034298675,55.10581163993059,55.03658517581268,55.11524310410784,54.98150384816498,55.13110631615511,55.039960104556435
448.0,10.994999157376807,55.11536835214529,54.95734053625982,55.12758140904198,55.042746607562634,55.118461441574944,55.01883531878699,55.10935933316992,55.042040929761924,55.12160128661548,54.98896036874244,55.12758140904198,55.042746607562634
449.0,11.01289220952676,55.109058407671,54.96057593326385,55.1240590506335,55.0632406323869,55.118468989347114,55.0234828002709,55.112896443183836,55.041696742664136,55.127925426191354,54.993331869886006,55.127925426191354,55.0632406323869
450.0,11.033947668882828,55.102765800052794,54.96548803163121,55.12053108731773,55.0868379321797,55.118464119801914,55.03055519126814,55.11641433004591,55.04689809845244,55.134207411491545,55.000046154884735,55.134207411491545,55.0868379321797
451.0,11.053063525367234,55.096500677456696,54.95012236083691,55.11700815335678,55.06541542288773,55.11845720907989,55.02697565659599,55.11992311165061,55.054701573260964,55.14045784630506,55.008943733009325,55.14045784630506,55.06541542288773
452.0,11.072944694422738,55.090256715341184,54.93680848256501,55.11348442414652,55.04841789277791,55.11844221509292,55.02162771409001,55.12341652830337,55.051719169908665,55.146670970676716,55.012843789544306,55.146670970676716,55.051719169908665
453.0,11.092567072811136,55.08403635985497,54.93229839396612,55.10996281135979,55.0518260331267,55.11842182349488,55.02586868622147,55.12689703951914,55.06626790780227,55.152849709451424,55.02419874118786,55.152849709451424,55.06626790780227
454.0,11.111540041457125,55.07783873592289,54.921632746152575,55.1064428975341,55.04172595310324,55.11839540781751,55.02778174740555,55.130363809706125,55.08460995681459,55.158993684459496,55.03771230053148,55.158993684459496,55.08460995681459
455.0,11.129584239153392,55.071661764068146,54.92141496484869,55.10292304361219,55.054819307676475,55.118361126881645,55.03685124334501,55.133814795447684,55.10724665120536,55.16510129251685,55.05283557396359,55.16510129251685,55.10724665120536
456.0,11.149876745283478,55.065502554749145,54.91697926511626,55.099400780197726,55.058011879808234,55.1183163120776,55.04282357715972,55.13724712880743,55.126488220579546,55.17117008564897,55.06683033357319,55.17117008564897,55.126488220579546
457.0,11.173584182276322,55.059368380147106,54.89878495404118,55.095883777388636,55.02974264099029,55.11826843434629,55.034810088858364,55.140668081458095,55.12211828249246,55.177207733265405,55.070901681313885,55.177207733265405,55.12211828249246
458.0,11.197571349124155,55.05326995892584,54.887370175669616,55.09238316005768,55.017261388566965,55.11822844926284,55.03226845689938,55.144088439567945,55.124430853311914,55.18322542756668,55.077552570042045,55.18322542756668,55.124430853311914
459.0,11.219048541419207,55.0472077033743,54.87810662886857,55.088899765827115,55.00948064595893,55.11819706539562,55.02997676297252,55.14750878254415,55.12338159482846,55.1892241731196,55.082514684488565,55.1892241731196,55.12338159482846
460.0,11.238986703405104,55.04117315932143,54.88310470231216,55.08542555520507,55.03294161970138,55.118166124156645,55.03593906305348,55.15092083259727,55.12347288202899,55.19519610664347,55.08718202445167,55.19519610664347,55.12347288202899
461.0,11.25911449775447,55.03516123468432,54.87862378547569,55.081955814388216,55.03473716315454,55.118130776041426,55.036339564070666,55.15431960441848,55.12278518547477,55.2011366209421,55.091864121819455,55.2011366209421,55.12278518547477
462.0,11.278552478576366,55.029172493877354,54.871970985488616,55.078491459819,55.031715232677065,55.11809179439415,55.03637095587926,55.15770572815251,55.12547504880379,55.20704669802456,55.098096712974304,55.20704669802456,55.12547504880379
463.0,11.297251394541549,55.023204691507715,54.86726257690013,55.075030588843966,55.03360432519078,55.118047142257666,55.04143628419076,55.16107703243926,55.14285947025505,55.2129245091095,55.11088758958886,55.2129245091095,55.14285947025505
464.0,11.31836067645801,55.017255503742106,54.869381430426735,55.07157120320536,55.04963525538423,55.117994687348734,55.04719647686706,55.1644312508726,55.148150284044085,55.21876811320876,55.11796697260056,55.21876811320876,55.148150284044085
465.0,11.336874015184133,55.011332688237204,54.864918254237914,55.06812136906307,55.04968317409434,55.11794236148331,55.04418676253933,55.167776180829065,55.13463396678367,55.22458561604754,55.11677092873174,55.22458561604754,55.13463396678367
466.0,11.35525331361601,55.0054278352102,54.85607735157181,55.064672998009414,55.04136923773552,55.11788197094921,55.0460906449905,55.17110352319814,55.14914592602651,55.230369039738655,55.128299028774826,55.230369039738655,55.14914592602651
467.0,11.373665790338546,54.999540646264414,54.85304333922551,55.06122607893934,55.04538837555316,55.11781338100804,55.04857448780285,55.17441301951612,55.15342635699982,55.236118412961254,55.134987787554486,55.236118412961254,55.15342635699982
468.0,11.39108734211353,54.99367136811331,54.84978972172451,55.05778113571725,55.04883435765524,55.11773699671488,55.051836954593846,55.177704955938594,55.16108286887722,55.241834298875894,55.14319334029719,55.241834298875894,55.16108286887722
469.0,11.40862568147162,54.987816986668406,54.84809849685488,55.054335423179,55.05532427487953,55.11764996030124,55.05519675657211,55.180976362004195,55.16576428532425,55.247513995802336,55.14997581812227,55.247513995802336,55.16576428532425
470.0,11.43051214641428,54.98197811866493,54.83710600373394,55.0508898095253,55.04113857601413,55.1175530238254,55.05331120011317,55.18422787354194,55.170433961383125,55.253158390894654,55.157187705437224,55.253158390894654,55.170433961383125
471.0,11.453840761057387,54.97616882453203,54.811848580315484,55.04745860004623,54.99601281715827,55.117460383169075,55.04328657604972,55.18747357694003,55.17483392513635,55.25878181526411,55.164983560650136,55.25878181526411,55.17483392513635
472.0,11.475560302333289,54.97039343333088,54.78457335406196,55.04404640166191,54.94634684439519,55.11737658175124,55.02482771694032,55.190717952032514,55.15251200399134,55.264389026468194,55.160715827242065,55.264389026468194,55.160715827242065
473.0,11.49641470124799,54.96464640357293,54.78225480728828,55.04064795592833,54.95415476626868,55.11729631573707,55.02864329317199,55.19395564951153,55.16189594181418,55.2699749581105,55.169290603823384,55.2699749581105,55.169290603823384
474.0,11.516961205625417,54.95892474496673,54.77049689935984,55.037260532361095,54.94006686440831,55.11721679864256,55.022868531964626,55.197183826812825,55.15520026333537,55.27553702730341,55.171064855147364,55.27553702730341,55.171064855147364
475.0,11.53777556940273,54.95322734037387,54.77362930791441,55.033883257968014,54.959024573249835,55.117137097816396,55.02662489974238,55.200401491546934,55.15320753753223,55.28107448567575,55.17407850353675,55.28107448567575,55.17407850353675
476.0,11.55838865155007,54.94755494259924,54.780780238224054,55.03051711968221,54.98633657050442,55.117058141993034,55.034478356145506,55.20360951417209,55.1581010494819,55.286588437688536,55.179916945771694,55.286588437688536,55.179916945771694
477.0,11.579503979288386,54.94190677962596,54.775963751416036,55.027161575259115,54.98740945749205,55.11697933740646,55.04092877487096,55.20680724932474,55.182569515014684,55.2920784676274,55.19524871681493,55.2920784676274,55.19524871681493
478.0,11.599933327435034,54.93628434620389,54.769873405004944,55.023818340687356,54.983787338785504,55.11690235067117,55.0372967740444,55.209996314170596,55.1716023355445,55.29754641377603,55.19477693773623,55.29754641377603,55.19477693773623
479.0,11.620408682811393,54.930685291064506,54.762261747323,55.02048528419971,54.97743263362528,55.11682500917659,55.03635085880723,55.21317449518249,55.174364741971644,55.30299028199005,55.200406195365126,55.30299028199005,55.200406195365126
480.0,11.640549158640745,54.925109676151415,54.747667605161865,55.01716267459888,54.955661268126406,55.11674753822789,55.0306191411461,55.21634197409623,55.17407030443461,55.30841046074811,55.20496429723052,55.30841046074811,55.20496429723052
481.0,11.6603855001391,54.91955634243909,54.737203023852665,55.0138495542332,54.94420460613824,55.1166689407322,55.03127867170503,55.21949771430722,55.1891132947485,55.31380611470542,55.216235519653054,55.31380611470542,55.216235519653054
482.0,11.677311589440311,54.91402426639807,54.731744487235424,55.01054509213254,54.94312146812717,55.11658834668568,55.03043935142137,55.222640806708796,55.18780148238609,55.319176527202785,55.219959009138016,55.319176527202785,55.219959009138016
483.0,11.696640524280252,54.908504132403884,54.72531805710074,55.00724015698156,54.94011947218339,55.116496586349456,55.03083428241327,55.225762043070695,55.193295990012075,55.32451267420934,55.226731473679614,55.32451267420934,55.226731473679614
484.0,11.717863128491684,54.90300392644792,54.72323151179302,55.00394288701951,54.9457945758747,55.11640173609442,55.02952334781649,55.22886943782902,55.18337004804068,55.3298227223015,55.22627751939865,55.3298227223015,55.22627751939865
485.0,11.738599117773518,54.89752973491069,54.71098553101278,55.000659538770854,54.93017982615505,55.116310016254495,55.029766639244436,55.2319691750619,55.20090477466252,55.33511302559577,55.238613829120894,55.33511302559577,55.238613829120894
486.0,11.758958791509793,54.89207982044467,54.70329274487209,54.99738855780416,54.923248264814006,55.11621985677225,55.02374469664444,55.23505966902177,55.18528718235107,55.34038218115692,55.235832229688555,55.34038218115692,55.235832229688555
487.0,11.780044406245587,54.88665285332805,54.70032132262284,54.99412878783301,54.92795863687108,55.11613008409248,55.02719528604228,55.2381397288218,55.19566537398748,55.3456291714318,55.24435581371798,55.3456291714318,55.24435581371798
488.0,11.802174326112116,54.88125107310222,54.685848725561016,54.99088263365649,54.906924743747844,55.11604308506999,55.0230661884506,55.241211723310805,55.20170045505739,55.350856530427144,55.25155811214626,55.350856530427144,55.25155811214626
489.0,11.824302329010742,54.875877657495685,54.68503099796309,54.9876534404913,54.916432017746146,55.11596219634192,55.02718496935614,55.244278980485845,55.20978137197349,55.356067753530276,55.259043902975876,55.356067753530276,55.259043902975876
490.0,11.844509530069073,54.87053231835098,54.683436945518864,54.9844410928055,54.9226355560246,55.11588730587368,55.02474670326128,55.247341391750304,55.19496123247196,55.361262904673964,55.25620203269573,55.361262904673964,55.25620203269573
491.0,11.864917496650635,54.86520862207502,54.67956200933582,54.981239325031424,54.924219550822365,55.115812153865306,55.02511869362468,55.25039270301362,55.19598405593384,55.366435897698786,55.26039833251801,55.366435897698786,55.26039833251801
492.0,11.883880069432223,54.859907149707894,54.67068458940458,54.97804886412582,54.91534614227231,55.11573745768656,55.0266125037183,55.25343362200146,55.21170208160646,55.371587586154654,55.27147403434396,55.371587586154654,55.27147403434396
493.0,11.902984866486412,54.85462318205165,54.67309935477764,54.974865134821485,54.93195335383498,55.115658636654544,55.03743132876778,55.25645956255917,55.23796096587873,55.37671352772698,55.28693415884506,55.37671352772698,55.28693415884506
494.0,11.920908074016094,54.84935725193271,54.67413624781155,54.97168879684112,54.94361869392249,55.11557633412672,55.04052516473342,55.25947115162406,55.23754394361403,55.38181447616045,55.29062848226353,55.38181447616045,55.29062848226353
495.0,11.938520806474783,54.84410562745792,54.66895341423067,54.96851624322084,54.94168633588855,55.115486930398745,55.043071651584356,55.26246475669741,55.24824260875196,55.386886923798414,55.29959194906251,55.386886923798414,55.29959194906251
496.0,11.954911398164832,54.83886750183094,54.66252478143855,54.9653467780553,54.93653522886029,55.11538970830787,55.04255190625099,55.26543963930623,55.24997800934001,55.391930242973345,55.3046197613395,55.391930242973345,55.3046197613395
497.0,11.97129889321442,54.8336391730632,54.66020800865434,54.96217680460838,54.94035550877091,55.11528104935082,55.04375390652095,55.268392159128204,55.24965083506969,55.396940898531504,55.30845306993762,55.396940898531504,55.30845306993762
498.0,11.985100693479005,54.82842098564075,54.64882575600806,54.95900675880198,54.92379565787381,55.115161358867404,55.03858138208255,55.27132269087026,55.24484095723923,55.401919356533384,55.310617868599216,55.401919356533384,55.310617868599216
499.0,11.996778345846355,54.82320498474088,54.64565937767587,54.95582877501126,54.925994569683574,55.11502274299996,55.03967121768762,55.27422331239201,55.24651359282189,55.40685778395577,55.315178480447955,55.40685778395577,55.315178480447955
500.0,12.00688157772785,54.81798498284492,54.640483061661,54.95263672911165,54.9240236628704,55.11485902827197,55.0418595126718,55.27708780081611,55.25656725503381,55.41175002123635,55.323582827974654,55.41175002123635,55.323582827974654
501.0,12.01560909021974,54.827153404114306,54.648377480939075,54.95662478002645,54.9214447488739,55.11466599983102,55.04175916277294,55.27271356746652,55.258112945788696,55.40219521438341,55.31503594282557,55.40219521438341,55.31503594282557
502.0,12.022544827557217,54.83622216422474,54.66102672571925,54.960594160734146,54.92855192730938,55.11444022008031,55.03756168849769,55.2682925041242,55.23415796439404,55.39267457240468,55.29483934803895,55.39267457240468,55.29483934803895
503.0,12.026606956276346,54.84518747802327,54.679312055918494,54.96453881894541,54.948765754470806,55.11417703306018,55.0395625045512,55.26382135111305,55.22194099957485,55.38318256841317,55.279482713813934,55.38318256841317,55.279482713813934
504.0,12.027781836413189,54.85404217821095,54.67926176012371,54.96844941618096,54.92809738456361,55.113868463378466,55.02937070133243,55.259293496082876,55.20293644320946,55.37371041880524,55.261909526163876,55.37371041880524,55.261909526163876
505.0,12.028620804789538,54.86277923077097,54.683462548544995,54.972316850755654,54.91856667418961,55.11350675163165,55.02563040065581,55.25470252186751,55.19946308848246,55.364249638674764,55.25104821791438,55.364249638674764,55.25104821791438
506.0,12.028373589659395,54.87139997950518,54.692374050250386,54.97614049887637,54.919850077426545,55.1130925967943,55.02327234344398,55.25005045016585,55.191084852574456,55.35480028205547,55.2378183606687,55.35480028205547,55.2378183606687
507.0,12.02700708646164,54.87990334046548,54.706207112555134,54.97991737998374,54.932751941737855,55.11262429671736,55.026146032937426,55.24533685719652,55.191759716184436,55.3453600284858,55.22846247067396,55.3453600284858,55.22846247067396
508.0,12.025759582733032,54.88828816455043,54.717797078449856,54.98364452430464,54.940731358049796,55.11210012475915,55.02788653123428,55.24056125940754,55.19248717062602,55.33592657367452,55.21937249687737,55.33592657367452,55.21937249687737
509.0,12.024435400288246,54.89655732580061,54.73119367159389,54.98732305877064,54.9512416733218,55.11152241732146,55.0220856451341,55.235727202629924,55.16104185249215,55.32650171627731,55.19574026603381,55.32650171627731,55.19574026603381
510.0,12.02260690782551,54.904713018156016,54.73857493897109,54.990953488777876,54.9485914948392,55.11089284431028,55.013197616242145,55.23083752123929,55.13153821646891,55.31708660206082,55.172974161573514,55.31708660206082,55.172974161573514
511.0,12.020421564414402,54.91275602565203,54.747954922686844,54.99453496817819,54.952230193548026,55.11021168249752,55.01337006428036,55.22589361488812,55.13221813955512,55.3076810004301,55.16351843549092,55.3076810004301,55.16351843549092
512.0,12.018026829124498,54.92068760367032,54.76274125906029,54.99806718264955,54.96876221022407,55.10947970451874,55.020599507922356,55.22089734313082,55.147313091348316,55.29828520117314,55.16047565214821,55.29828520117314,55.16047565214821
513.0,12.01557016102537,54.92850946773805,54.772383986088506,55.00155033483706,54.97270241929203,55.10869816372711,55.01877640851704,55.21585100999058,55.1385707292638,55.28889999536953,55.147226124360216,55.28889999536953,55.147226124360216
514.0,12.013199019186597,54.93622378236064,54.78347467312355,55.00498512965159,54.980069839230275,55.107868779190724,55.01780821901722,55.2107573486554,55.12992130944842,55.279526656552335,55.133957642664804,55.279526656552335,55.133957642664804
515.0,12.010796321106936,54.94383314990709,54.79126202869507,55.00837275974108,54.98123967899522,55.10699372085068,55.02015448064439,55.205619506322876,55.1404331893777,55.2701669221388,55.12954523675341,55.2701669221388,55.1404331893777
516.0,12.008108879563924,54.951339749667326,54.79590540001403,55.01171404125065,54.97563410113991,55.10607474495778,55.01975187055864,55.20044017931354,55.14658688096806,55.260822125246456,55.12359719410151,55.260822125246456,55.14658688096806
517.0,12.006873909856228,54.958744910084505,54.80809393225762,55.01500898548332,54.986050060803954,55.10511276804735,55.017528333386394,55.195221189359714,55.12961564549328,55.251492770410366,55.10702226542655,55.251492770410366,55.12961564549328
518.0,12.007091411983854,54.96605552278294,54.82127271624294,55.01826321372468,54.99972257798007,55.104114285379,55.0217558399552,55.189969905660405,55.13475945874177,55.242184956434755,55.1003034038056,55.242184956434755,55.13475945874177
519.0,12.008864902213636,54.97327832816802,54.829223927499406,55.021482224026464,55.00082631041673,55.10308562141036,55.01785697660723,55.184693479045094,55.120102022306234,55.23290459174041,55.085080755911875,55.23290459174041,55.120102022306234
520.0,12.012870775297722,54.98042024953419,54.83165469007126,55.02467172417839,54.990199738505936,55.10203326405035,55.01175895594822,55.179399177508486,55.10908255355409,55.22365772876323,55.07171589797218,55.22365772876323,55.10908255355409
521.0,12.015208001550494,54.987490227316776,54.842557714731726,55.027839463855855,54.998640120605295,55.10096569703122,55.00928555451195,55.17409621880688,55.09385631431747,55.21445239444649,55.056027622994684,55.21445239444649,55.09385631431747
522.0,12.016934747255222,54.99448446202125,54.85258648566794,55.03098046990743,55.0050335079659,55.09987862972763,55.005611198126935,55.16878099480877,55.07617612339541,55.205283806949616,55.03920169909065,55.205283806949616,55.07617612339541
523.0,12.018051012411906,55.001402648260616,54.85851266563279,55.0340933178082,55.00334541300292,55.09877130859495,55.004440507119256,55.163453422918224,55.07667198877708,55.1961507644876,55.030703593469994,55.1961507644876,55.07667198877708
524.0,12.018367017198008,55.00824449342503,54.879798832064644,55.037176638120194,55.03495231229176,55.09764301379434,55.00704065795837,55.1581134328645,55.0585307927324,55.18705211991143,55.0131659915086,55.18705211991143,55.0585307927324
525.0,12.01727029036804,55.01500910808765,54.89405131291606,55.04022850539846,55.05134281734671,55.09649244888007,55.01110193506695,55.152760357170706,55.06073590226331,55.17798616967687,55.00505681353654,55.17798616967687,55.06073590226331
526.0,12.016497236195793,55.021693662670366,54.90166259793042,55.04324509525806,55.052836136348716,55.0953164004891,55.01111074222408,55.14739159346584,55.06131855103835,55.16894931655784,54.996708527151796,55.16894931655784,55.06131855103835
527.0,12.015900395611686,55.02830098186935,54.90947311669431,55.04622828330736,55.054843933174,55.094117343993524,55.01021499539207,55.14201021685651,55.057755309908124,55.1599436865258,54.98662528975166,55.1599436865258,55.057755309908124
528.0,12.015332309546144,55.034833357242675,54.92299023900866,55.049179439274276,55.06949607357168,55.092897221109716,55.011589168402026,55.1366187410188,55.05042161716866,55.15097087138023,54.97464429632404,55.15097087138023,55.06949607357168
529.0,12.014645518929598,55.04129255917946,54.93413879181219,55.05209943937487,55.07865353709076,55.09165745454023,55.01105892820694,55.1312191351136,55.040859079406296,55.14203194606337,54.96180293646188,55.14203194606337,55.07865353709076
530.0,12.014211473158301,55.0476798487849,54.938244100856224,55.054988678593425,55.07202068297704,55.090398962476556,55.00514947003801,55.12581284051195,55.02610490429589,55.13312748578063,54.946966742296254,55.13312748578063,55.07202068297704
531.0,12.015389302476537,55.0539976568825,54.945135380657426,55.057848750074925,55.07362978111893,55.089123840163765,55.009553566192025,55.120402454531906,55.04405964449985,55.124259250127665,54.946724541658355,55.124259250127665,55.07362978111893
532.0,12.018081241521172,55.06025272898232,54.949274064348316,55.060685585461115,55.06829560538389,55.08783849728943,55.006348519538115,55.11499486488024,55.03851368589575,55.115433312899846,54.936390731093,55.115433312899846,55.06829560538389
533.0,12.020842854976179,55.066451340261835,54.94779570423826,55.06350465585044,55.05096027076206,55.08654884640996,54.99980509543014,55.10959642554518,55.032292024185196,55.1066552239641,54.92610194506612,55.10959642554518,55.05096027076206
534.0,12.023641112009978,55.072594977551674,54.94445818334845,55.06630665424808,55.02987777740745,55.0852559872886,54.989896191151324,55.10420864302237,55.017478299969284,55.097925695949094,54.91209221966369,55.10420864302237,55.02987777740745
535.0,12.024487674528409,55.07868498692746,54.95194247659368,55.06909215659079,55.034998559943915,55.08396088286949,54.99396920403524,55.09883286723821,55.032174699635185,55.08924530860162,54.91083716863744,55.09883286723821,55.034998559943915
536.0,12.024391604944581,55.08471629334196,54.974213365544855,55.071855340837914,55.07161595751631,55.08265807933057,54.99978114029534,55.09346401256448,55.021304343877595,55.08060822926009,54.89763755379049,55.09346401256448,55.07161595751631
537.0,12.023608597285135,55.09068718670209,54.98712564276214,55.07459379131791,55.087190757742015,55.081345530324356,55.00319932670402,55.08810040195358,55.02111309542086,55.07201207525927,54.88968797330552,55.09068718670209,55.087190757742015
538.0,12.021563339990124,55.096596822467696,54.99043840707326,55.0773059882825,55.081424412698844,55.08002207702323,55.00163888469331,55.08274123747481,55.02223494407187,55.063455373421924,54.88292892792316,55.096596822467696,55.081424412698844
539.0,12.01862809348069,55.10244253145798,54.99527603487424,55.07998861422151,55.07924395655305,55.07868475236887,54.99974078518293,55.07738390249842,55.0185924351275,55.054934858751274,54.87409031566028,55.10244253145798,55.07924395655305
540.0,12.01652127202413,55.10822290944998,54.9978101099859,55.08263964803235,55.07134804088898,55.07733188122301,54.991405113304566,55.07202706782764,54.995741279567106,55.04644858513398,54.85676520830838,55.10822290944998,55.07134804088898
541.0,12.014429933769877,55.113942113042626,54.993914076498804,55.0852626562587,55.051043536757355,55.07596736833203,54.98665013819817,55.06667497638917,55.00032792438657,55.0380002054053,54.851970099024186,55.113942113042626,55.051043536757355
542.0,12.012501537787507,55.11960159247955,54.99825148255481,55.087858508573895,55.04898475855222,55.07459239763491,54.982220331781136,55.06132912636566,54.98841732281945,55.029590637142014,54.83952550017392,55.11960159247955,55.04898475855222
543.0,12.01088354314659,55.12520324140727,55.004089462019856,55.09042853486913,55.05139608084712,55.07320859778946,54.98351482064704,55.05599144516,54.99475557636834,55.02122124395682,54.83521625685278,55.12520324140727,55.05139608084712
544.0,12.009723408916706,55.13074938572835,55.011092148391526,55.09297451207478,55.05557246118539,55.071818028059575,54.98037440981299,55.05066427434845,54.981588323584276,55.01289381841958,54.822260096366485,55.13074938572835,55.05557246118539
545.0,12.009168594167427,55.13624277256542,55.02351266036047,55.095498651158884,55.07320574900577,55.07042316439248,54.9881112877613,55.045350354836664,54.99759152831772,55.00461056524777,54.82215363828632,55.13624277256542,55.07320574900577
546.0,12.009366557968331,55.14168655935167,55.03125680027965,55.098003584316785,55.079708637203325,55.069026885700545,54.99069510645853,55.04005281223368,55.00327970170305,54.99637408477966,54.817964757485036,55.14168655935167,55.079708637203325
547.0,12.00891931461031,55.147084303062876,55.043000332213985,55.10049235236517,55.09511755385951,55.067632460361594,54.99591692380963,55.03477514245851,55.00981980718754,54.98818735674281,54.814164223614796,55.147084303062876,55.09511755385951
548.0,12.00866118750902,55.15243498462718,55.05071751452659,55.102963427375116,55.100982767145815,55.06623856797279,54.996806434304695,55.02951623261475,55.00814632656198,54.98004875935208,54.80705750260027,55.15243498462718,55.100982767145815
549.0,12.008503258845504,55.15774028980124,55.057982684873394,55.10541800646887,55.104809552578715,55.06484660699332,54.991674040296274,55.02427768247934,54.98483587092263,54.97195940371885,54.790296518550775,55.15774028980124,55.104809552578715
550.0,12.007683755066338,55.163001578378314,55.066173290763594,55.10785697245116,55.110660978231984,55.06345764774521,54.98663374975843,55.019060749872715,54.960532245867945,54.96392007064454,54.77283365703501,55.163001578378314,55.110660978231984
551.0,12.007550525796976,55.16821772999491,55.065260766079014,55.11027874002104,55.09810212875804,55.06207027989101,54.98573202659299,55.01386419940245,54.97139292815232,54.955929059769325,54.77147655771473,55.16821772999491,55.09810212875804
552.0,12.00797115279294,55.173391981008486,55.07413186249863,55.112686099399426,55.1078369963349,55.06068746367615,54.990761985360784,55.00869116132034,54.983072159397544,54.947989055179114,54.77029150886161,55.173391981008486,55.1078369963349
553.0,12.00909147307404,55.178527064325664,55.07682193391652,55.11508134281777,55.10209347344566,55.05931164392537,54.98299412340979,55.00354423302661,54.9594523194583,54.94010221357015,54.75376082403512,55.178527064325664,55.10209347344566
554.0,12.010764027570698,55.18362611445292,55.07974181079504,55.117467170569405,55.09804819665722,55.057945657812546,54.98000332693413,54.99842638855821,54.95376711985961,54.932271074738,54.74511030927032,55.18362611445292,55.09804819665722
555.0,12.012841357213341,55.188691714719596,55.08451796882922,55.119845736591564,55.099046188446806,55.05659177950372,54.98159495211771,54.99334002229286,54.961160058780266,54.924497603640546,54.742321076953715,55.188691714719596,55.099046188446806
556.0,12.015176002932394,55.193725909570276,55.08696722087598,55.12221866192773,55.09450518234191,55.05525173545982,54.97896173356861,54.98828696609214,54.957193793634616,54.91678320871105,54.73475048643261,55.193725909570276,55.09450518234191
557.0,12.017919552651382,55.198730216742824,55.08610016196898,55.12458704804734,55.08298047550998,55.05392671956246,54.97473222228497,54.98326850623334,54.954190090660916,54.90912875993171,54.727850371720734,55.198730216742824,55.08610016196898
558.0,12.021227428229633,55.203706600205926,55.09155959846958,55.12695245089692,55.085209696232525,55.052618368936926,54.97008905177364,54.97828636100432,54.936231181988724,54.90153556754207,54.71397846609626,55.203706600205926,55.09155959846958
559.0,12.023430098081414,55.208657471381805,55.09553775562401,55.12931688040578,55.08461684277599,55.05132876238997,54.966815956870924,54.97334267807343,54.92687436328852,54.894005377691876,54.70393494779443,55.208657471381805,55.09553775562401
560.0,12.024527562206728,55.21357981348864,55.09909146384,55.131676923129575,55.08446686105462,55.050054541966446,54.970010649602884,54.96843415495914,54.94251899848064,54.886534491211904,54.705188257283126,55.21357981348864,55.09909146384
561.0,12.024381798916453,55.21847067647547,55.10403661058694,55.13402925261192,55.08623164868876,55.048792439315434,54.96680235946717,54.96355758140076,54.93056993624862,54.87911932141136,54.69426314268094,55.21847067647547,55.10403661058694
562.0,12.022233688920414,55.22332673343102,55.097770605001706,55.13637018517317,55.062886680068154,55.04753883159398,54.955093061811674,54.95870939537706,54.910832199328944,54.87175594947645,54.680326442548505,55.22332673343102,55.097770605001706
563.0,12.019921162061799,55.22814229545921,55.10280552650937,55.13869369547047,55.06559362681012,55.04628775841748,54.95094370413011,54.95388370144704,54.895981748799386,54.86443814349569,54.66788821759894,55.22814229545921,55.10280552650937
564.0,12.01729675927103,55.23291771591355,55.116981550836364,55.14099982718733,55.08893318478083,55.045039339690206,54.954106728982424,54.94908069572138,54.88929779904088,54.857165789886515,54.65858953027906,55.23291771591355,55.116981550836364
565.0,12.015916394920733,55.23765286630539,55.12970709550182,55.1432881510078,55.1086201564265,55.04379321642044,54.957314835871244,54.94430008951849,54.88566761684536,54.84993829911728,54.65074978553805,55.23765286630539,55.12970709550182
566.0,12.01542830540044,55.24235262090932,55.13465385971768,55.14556325028717,55.11052219374462,55.042554037975165,54.95555443218395,54.939546598203265,54.87970928478781,54.84276009561119,54.64230158991667,55.24235262090932,55.13465385971768
567.0,12.015550696428187,55.24702060594088,55.139100509266235,55.14782845542711,55.11252595185285,55.04132518220741,54.95965231638916,54.93482364706652,54.896512791212544,54.83563430882331,54.64418161025877,55.24702060594088,55.139100509266235
568.0,12.016283568003978,55.251659453068314,55.13102948038136,55.15008610073942,55.08452434707417,55.040109015997714,54.94352622559371,54.93013363554426,54.86362246741386,54.82856304081165,54.62462009720723,55.251659453068314,55.13102948038136
569.0,12.017626920127809,55.256271727741364,55.13381765061525,55.15233845538682,55.082890888480165,55.0389078291626,54.941081319404574,54.925478874093756,54.85981819957638,54.82154830572536,54.6173178881509,55.256271727741364,55.13381765061525
570.0,12.019580752799683,55.26085992997496,55.1436349160282,55.15458772409564,55.0972607018753,55.037723835480406,54.94427337819111,54.92086158553254,54.86199940139046,54.81459203107267,54.61244080838425,55.26085992997496,55.1436349160282
571.0,12.022145066019599,55.265426495144744,55.146801732906084,55.15683604788699,55.0968861121166,55.036559173730375,54.945366650779604,54.91628390638546,54.8699409492241,54.80769605900358,54.610636918048314,55.265426495144744,55.146801732906084
572.0,12.025291105268991,55.269973794793614,55.1581970643541,55.15908550482503,55.11429724150538,55.035415908743914,54.94817808969114,54.911747888238835,54.86635038650386,54.80086214760576,54.60345744648995,55.269973794793614,55.1581970643541
573.0,12.027179687302578,55.27450404504575,55.16857301653628,55.16133801837862,55.129073960659234,55.03429594006412,54.95074590879352,54.90725540669793,54.86378239624439,54.794091879809606,54.596846888229926,55.27450404504575,55.16857301653628
574.0,12.027500042131232,55.27901349155907,55.16975055240095,55.16358954259266,55.12340788347468,55.03319518767431,54.94942949375567,54.90280234767263,54.86593740113731,54.78738084989282,54.592890610853765,55.27901349155907,55.16975055240095
575.0,12.02625216975495,55.28349746492305,55.17513466889921,55.165835134416184,55.12691469034573,55.03210868148773,54.9480747961179,54.89838371402879,54.85880050239771,54.780723787062016,54.584678309931,55.28349746492305,55.17513466889921
576.0,12.023706805025473,55.28795140350678,55.18851697443826,55.1680699789015,55.14664788429743,55.03103158939774,54.94319135038819,54.89399465648945,54.82171804937807,54.774115588705065,54.562567397142615,55.28795140350678,55.18851697443826
577.0,12.021729010254793,55.2923717231811,55.184584121052644,55.17029025834203,55.1284509399148,55.02996008636198,54.933310550793244,54.889631342665304,54.80362229744601,54.7675521888372,54.54945010424755,55.2923717231811,55.184584121052644
578.0,12.019454085458918,55.29676091862889,55.18722114707504,55.17249825051714,55.126125151797986,55.02889645010865,54.93067648262696,54.885296050222465,54.79912669369605,54.76103564820334,54.54201368152321,55.29676091862889,55.18722114707504
579.0,12.017029489707424,55.30111864500885,55.18366328057846,55.17469339270887,55.10983048209301,55.0278401080976,54.92202375868043,54.88098819678789,54.785224248609644,54.75456516653645,54.53069695606579,55.30111864500885,55.18366328057846
580.0,12.014602682069885,55.30544503865578,55.18390383152117,55.176875610347324,55.10473582776967,55.026790974287,54.927380813966046,54.8767076848373,54.81570111039082,54.748140435390546,54.539137316439195,55.30544503865578,55.18390383152117
581.0,12.011838045703952,55.29492624603164,55.182248759350166,55.171638074148,55.124304029672665,55.02574943479516,54.93150201618033,54.87986211588151,54.81558691543494,54.756576080513305,54.54730874780146,55.29492624603164,55.182248759350166
582.0,12.009101574020306,55.28449975179936,55.16760938411658,55.16640077690161,55.11359738342842,55.0247147816919,54.92567686783864,54.88303008125934,54.806105698426045,54.76493320135499,54.551729715842264,55.28449975179936,55.16760938411658
583.0,12.00770181880236,55.27416479815244,55.14440741210784,55.1611655402164,55.08448413398951,55.02368749980718,54.91857498233768,54.886210729012575,54.810666888326416,54.77321352535609,54.562630512519185,55.27416479815244,55.14440741210784
584.0,12.007638780050117,55.263924843602844,55.12743095741765,55.15593831571148,55.06961275047147,55.02267225913119,54.9150624907451,54.88940744749275,54.815725306545495,54.78142293395957,54.57338713345883,55.263924843602844,55.12743095741765
585.0,12.008912457763575,55.253783205641305,55.1076874844406,55.150724843876134,55.04817330503099,55.0216735849814,54.90755963235599,54.89262354683598,54.8119603616768,54.789567160284655,54.580244504780154,55.253783205641305,55.1076874844406
586.0,12.011522851942733,55.24374306230844,55.09842161754702,55.145530658167345,55.050837808876416,55.020695859971,54.91001360892866,54.89586225880231,54.823633887885904,54.797651791492626,54.59337287201342,55.24374306230844,55.09842161754702
587.0,12.014375742561809,55.233807453821456,55.0907849741612,55.14036108906879,55.05547009797227,55.019743326000714,54.907525783293586,54.89912673670034,54.813313032248416,54.805682271143695,54.59653622800362,55.233807453821456,55.0907849741612
588.0,12.016795545893542,55.2239757685927,55.085261691341394,55.13521775245086,55.0645263803491,55.01881657061169,54.90829952923833,54.90241653973296,54.81128475471984,54.813660385884226,54.60305992834797,55.2239757685927,55.085261691341394
589.0,12.019388171254818,55.21424521655667,55.07791659652105,55.1301000142304,55.069314056742925,55.01791397866404,54.91078660720453,54.90572907169473,54.81974663455011,54.82158569547682,54.614246147844796,55.21424521655667,55.07791659652105
590.0,12.022700101957481,55.20461502490665,55.05901579160721,55.12500918187986,55.04771360765227,55.01703591534283,54.90541226210795,54.90906375547465,54.823270966976786,54.82945970307564,54.623771817455044,55.20461502490665,55.05901579160721
591.0,12.025446674587393,55.19508617582564,55.050597785348266,55.1199482508062,55.05013306472128,55.016184477101504,54.90917289077544,54.91242178856416,54.83888414556638,54.83728561938237,54.63817265245907,55.19508617582564,55.050597785348266
592.0,12.0269205279878,55.18565545863755,55.03902096968601,55.11491596427471,55.04557940568794,55.01535755549738,54.91390339076572,54.91580021080429,54.86441707464161,54.84506243816592,54.65729804182676,55.18565545863755,55.04557940568794
593.0,12.027449168752225,55.17631747430945,55.034351693636836,55.109908807267814,55.05487040721329,55.0145508165608,54.9160848861286,54.919193869265136,54.865263044508,54.852786890498535,54.665181285245545,55.17631747430945,55.05487040721329
594.0,12.026716149717368,55.16706804200557,55.02741709751041,55.10492440844056,55.05981641371566,55.013761094330974,54.924367503938065,54.92259880336207,54.89377491712352,54.860456825273474,54.68552392125491,55.16706804200557,55.05981641371566
595.0,12.024301359993999,55.157902089485674,55.0275691497045,55.099959436290874,55.07788359363681,55.01298428913413,54.92552360852534,54.9260101452418,54.88008752719477,54.868069115362914,54.68674522579104,55.157902089485674,55.07788359363681
596.0,12.019580162963406,55.148813355155745,55.010131841443126,55.095009300439614,55.057806599740864,55.0122150645389,54.925981485105495,54.929421812413025,54.90164438763201,54.875619349478015,54.70438418096724,55.148813355155745,55.057806599740864
597.0,12.013113492926244,55.13979377793836,54.99312186473764,55.090067539729326,55.03716002772479,55.01144623020879,54.91673754486209,54.9328258853527,54.88588991430133,54.88310120800352,54.70534811266384,55.13979377793836,55.03716002772479
598.0,12.003127564734598,55.130837377159345,54.97975110205166,55.085129698381515,55.02600412739511,55.01067261090977,54.91580452465793,54.936216469363885,54.894384805562915,54.890510321126236,54.71671318578865,55.130837377159345,55.02600412739511
599.0,11.98887402361037,55.121932683312195,54.969050535230366,55.08018576479605,55.02009144299807,55.00988349010059,54.912626796960325,54.939582142956986,54.88896861838084,54.89783672525126,54.721651350731726,55.121932683312195,55.02009144299807
600.0,11.969962840314533,55.11306623915179,54.95521691621287,55.07522365753183,55.007090916157274,55.009066077506525,54.90755044137679,54.94290940701657,54.88365887650125,54.90506829705574,54.726566769387176,55.11306623915179,55.007090916157274
601.0,11.945534181012395,55.10422383579837,54.94010100373518,55.07023045682431,54.993232351614424,55.00820673276903,54.9119216803659,54.94618390058321,54.91673056772968,54.91219196468425,54.74862955646839,55.10422383579837,54.993232351614424
602.0,11.917110855515457,55.095389047840165,54.93228526622631,55.065190938765674,54.99473110079749,55.007289495499435,54.915076049030006,54.94938892678056,54.92903478351215,54.919192232753446,54.76126950925402,55.095389047840165,54.99473110079749
603.0,11.885862066786386,55.086550976196,54.91996812124875,55.06009531271274,54.98525105897102,55.006303814064836,54.91173295472398,54.952513172979394,54.92656031189411,54.92605889706136,54.767459566429174,55.086550976196,54.98525105897102
604.0,11.85236777134582,55.07770292244649,54.906956499810846,55.05493791356362,54.97275223272691,55.00524325291063,54.89970694624151,54.955549433165885,54.89378773828823,54.93278578490117,54.75981028219169,55.07770292244649,54.97275223272691
605.0,11.816082223177261,55.068840351981294,54.89030682996626,55.049715178849816,54.95294963299619,55.004103480969654,54.88909645329252,54.95849260766786,54.87556993533873,54.93936876873223,54.75827765243156,55.068840351981294,54.95294963299619
606.0,11.778173593029885,55.05995721352896,54.869192008602404,55.04442197605088,54.92405385959253,55.00287860432343,54.87832925481985,54.96133604116256,54.867251496809025,54.94580211197271,54.76102059504078,55.05995721352896,54.92405385959253
607.0,11.741205309369192,55.05105148741448,54.869018979776435,55.039057147491874,54.942898038433924,55.00156670535814,54.88371382570152,54.96407705609117,54.875503316098644,54.95208399905397,54.76993995116233,55.05105148741448,54.942898038433924
608.0,11.70248255769869,55.04212949834745,54.86762523095506,55.03362783644464,54.958435034001646,55.00017417998562,54.88978571566322,54.96672130099954,54.888688133863305,54.95822089707438,54.78109375510013,55.04212949834745,54.958435034001646
609.0,11.664318749631418,55.03318879061594,54.86274873840018,55.028132388650434,54.96466797152826,54.998698663650785,54.88915424994672,54.969265701030324,54.88397306032524,54.964210532620285,54.784365316880155,55.03318879061594,54.96466797152826
610.0,11.625674962292674,55.02423445681364,54.85567438238215,55.022576655909944,54.96661276321658,54.99714530783519,54.89284874950965,54.97171470734019,54.90035381954704,54.970058116045976,54.79703677717881,55.02423445681364,54.96661276321658
611.0,11.588390821304952,55.015268149192245,54.842134862560066,55.016963031213805,54.95378056942799,54.99551583720709,54.8918552723675,54.97406937626933,54.912567274082896,54.97576544442141,54.80822674577784,55.016963031213805,54.95378056942799
612.0,11.548197165415434,55.006297389510365,54.83554689018564,55.01129974945471,54.9557562434468,54.993817839483576,54.89084902805935,54.976336648353694,54.9099488999968,54.98134017140763,54.812414709978256,55.01129974945471,54.9557562434468
613.0,11.507401876522051,54.99731586914789,54.819212415436766,55.005581206233515,54.935454038534985,54.99204510139067,54.882096346012005,54.97850970143898,54.89944809844278,54.98677617906245,54.81334181019122,55.005581206233515,54.935454038534985
614.0,11.466177481736203,54.98832492706576,54.810044016711366,54.999809395565485,54.93236035092995,54.99019900435208,54.8827673946611,54.98058930435196,54.90959949964195,54.992074891258305,54.82294969421639,54.999809395565485,54.93236035092995
615.0,11.422252521550151,54.979326463110105,54.79587456140753,54.99398684691842,54.91781004522607,54.98828148358323,54.879280163364434,54.98257679805047,54.91470554272449,54.99723827856618,54.83053358974147,54.99723827856618,54.91781004522607
616.0,11.378627640570686,54.97031514170833,54.78967445987246,54.98810883155937,54.92144737456442,54.98628723557544,54.88224653852612,54.98446630424491,54.92710622357865,55.00226106952779,54.84094996736416,55.00226106952779,54.92710622357865
617.0,11.335821747263644,54.96129542808593,54.7885596711817,54.98218037813106,54.936336012955685,54.98422071141657,54.8900948497631,54.986261696463245,54.94666591308481,55.007147701080136,54.85437356561898,55.007147701080136,54.94666591308481
618.0,11.294091567869152,54.952273330748966,54.77215951325066,54.976208045118234,54.9168559665408,54.9820879177952,54.89001987253385,54.98796842959291,54.968434207609725,55.01190417808131,54.86967525812432,55.01190417808131,54.968434207609725
619.0,11.253512675160373,54.94325550572352,54.759114733838686,54.97019903062353,54.90467969280415,54.979895531089184,54.88918678512443,54.98959265828211,54.979864416673394,55.01653719724819,54.880324922160995,55.01653719724819,54.979864416673394
620.0,11.212969909923636,54.934248651835354,54.749983265193336,54.96416057052021,54.900321327019256,54.97765029724751,54.88540350314122,54.99114063855077,54.97199691419658,55.021053551640435,54.88210474219712,55.021053551640435,54.97199691419658
621.0,11.171631013170263,54.92525572962159,54.730167855940664,54.958096158427296,54.872331327845764,54.97535525173738,54.876368696850626,54.99261494770958,54.96772052759876,55.025456351643086,54.88579237946234,55.025456351643086,54.96772052759876
622.0,11.130751009041411,54.916276995786966,54.71248456157093,54.95200656998731,54.85035091738459,54.97301073252557,54.872418574019726,54.994015486044944,54.97838708561764,55.02974601647282,54.89594514206665,55.02974601647282,54.97838708561764
623.0,11.090614862189028,54.907316710883606,54.713171368403366,54.9458965633417,54.86826655503467,54.97062107216136,54.87286941343441,54.995346160509456,54.966634751734915,55.03392695066426,54.89511131678614,55.03392695066426,54.966634751734915
624.0,11.050929792630479,54.89837991667254,54.70604705536035,54.93977166907215,54.868095383990564,54.96819139916576,54.86930384814092,54.99661169755903,54.95698694099295,55.0380043694868,54.89531833802884,55.0380043694868,54.95698694099295
625.0,11.012155577744695,54.88947057638102,54.693219704144006,54.933636333556485,54.8559523300386,54.965725783482185,54.8676789363679,54.9978157906983,54.967125174784286,55.041982449588566,54.90448964784538,55.041982449588566,54.967125174784286
626.0,10.969952644573146,54.88059398859587,54.6838861978239,54.92749633045925,54.85216559903733,54.96322964459772,54.87106583830299,54.99896350523261,54.98838434783758,55.04586673134574,54.918550622880424,55.04586673134574,54.98838434783758
627.0,10.929809124767287,54.871741585111906,54.67214773175699,54.92134356326021,54.84234207385014,54.960694557814755,54.87005553771981,55.00004608828279,54.99780749996259,55.04964893355729,54.92757601493478,55.04964893355729,54.99780749996259
628.0,10.890047523951626,54.86292245585455,54.66393965567192,54.91518755004554,54.840159127462556,54.95812969787441,54.870148859585676,55.00107237124078,55.00380604281338,55.053338315769274,54.93490807057574,55.053338315769274,55.00380604281338
629.0,10.84938937199295,54.8541400926684,54.652698986165255,54.909032219717815,54.83046635103354,54.95553868646134,54.86546550337122,55.002045668569274,54.99846217491099,55.056938629495825,54.937247278640726,55.056938629495825,54.99846217491099
630.0,10.80904088408038,54.84539385351296,54.64365633382259,54.90287736051059,54.825140733670025,54.95292102431355,54.85947158183762,55.002965193506796,54.984095767515754,55.0604495182431,54.93522809413249,55.0604495182431,54.984095767515754
631.0,10.770693784389623,54.83668693840494,54.63878441471455,54.896726584428244,54.82984377414231,54.95028004329085,54.86119056021478,55.00383399776471,54.99034333541356,55.063874445703846,54.9420085066386,55.063874445703846,54.99034333541356
632.0,10.733991590619977,54.82802776912843,54.63302867594177,54.890588718771944,54.83264365646015,54.947624308801466,54.865237744088795,55.00466038485444,55.00700941413391,55.06722212090041,54.953528748159016,55.06722212090041,55.00700941413391
633.0,10.697940797290185,54.81942334862785,54.632166516245036,54.884471181451886,54.84460743507665,54.94496101028594,54.86528497602382,55.005451315743166,54.99807326780326,55.07049991975969,54.95338910831639,55.07049991975969,54.99807326780326
634.0,10.661359888605267,54.810877307161945,54.62459392725616,54.87837802368978,54.8409018135201,54.94229399988507,54.86079898525185,55.00621044348709,54.986910453351065,55.07371191629491,54.95235597514627,55.07371191629491,54.986910453351065
635.0,10.624672809390255,54.802389434667774,54.615003482144374,54.87230945317052,54.83257644613253,54.939623305765046,54.85543888413874,55.00693761673011,54.977380386195634,55.076858376891984,54.95192287580767,55.076858376891984,54.977380386195634
636.0,10.59007743707717,54.7939608606491,54.61445152363984,54.86626700326909,54.844800854631245,54.936950289981155,54.85874484506285,55.00763402620428,54.98155826222218,55.079940896148436,54.95702609165794,55.079940896148436,54.98155826222218
637.0,10.554436948608469,54.78559956480286,54.60271806165112,54.860259048057785,54.83210312998865,54.934283167074724,54.85828521740729,55.00830772691647,54.995225385904504,55.082967923440926,54.966951216179346,55.082967923440926,54.995225385904504
638.0,10.518819316295552,54.77730339956652,54.58081660803009,54.85428384533286,54.79497078382674,54.93162006686315,54.840752020061245,55.008956720701825,54.96666426437045,55.08593786595785,54.958434011410084,55.08593786595785,54.96666426437045
639.0,10.480293201294328,54.76907363538661,54.57667786530423,54.84834305297134,54.79930006053981,54.92896252142393,54.84106172195439,55.009582413835005,54.96835558110101,55.088852517399,54.96225709254008,55.088852517399,54.96835558110101
640.0,10.440451603933424,54.76090231681896,54.56934419075795,54.84242909536981,54.795238694104995,54.9263028410821,54.83479391249788,55.0101770025662,54.95240445366694,55.09170445385003,54.95822205508098,55.09170445385003,54.95822205508098
641.0,10.399559950538075,54.752786762813166,54.559902828502985,54.836539637310004,54.788447547434636,54.92363856123819,54.838880712004034,55.010737892911564,54.98003405643278,55.094491427154004,54.97369782458679,55.094491427154004,54.98003405643278
642.0,10.356508169232514,54.74472522351149,54.5557103157411,54.8306732563098,54.7919298791013,54.92096812932321,54.8391746998474,55.01126340221207,54.981668602612885,55.09721208202249,54.97749152909135,55.09721208202249,54.981668602612885
643.0,10.312830424176607,54.73671255187017,54.54414592974626,54.82482511726611,54.77835908878564,54.91828658173571,54.833236465271916,55.01174843836485,54.975754058257756,55.09986163828827,54.97818655627354,55.09986163828827,54.97818655627354
644.0,10.26852671537035,54.72874858695226,54.52326804571221,54.81899534620405,54.744759547770514,54.91559390740103,54.82418249829668,55.01219285319245,54.97830067090625,55.10244023473112,54.983023465080706,55.10244023473112,54.983023465080706
645.0,10.225751641008847,54.7208331832661,54.52074093107397,54.81318407430842,54.751276837642834,54.91289010570212,54.819423691378745,55.01259651427299,54.95840428829275,55.10494801560081,54.97679070762716,55.10494801560081,54.97679070762716
646.0,10.183649127463678,54.712972922692856,54.509158377757274,54.80739815022554,54.73758629952312,54.910181898588476,54.81126761941018,55.012966016856275,54.9457637808488,55.10739184290762,54.9739437931924,55.10739184290762,54.9739437931924
647.0,10.142314875670996,54.70517148306507,54.49604028742201,54.80164152844708,54.721394877251726,54.9074731381542,54.80655580226054,55.013305110636,54.949746078167635,55.10977574299975,54.97846949101638,55.10977574299975,54.97846949101638
648.0,10.102845243813096,54.69743270476501,54.4770005130844,54.795918327972686,54.69263306154006,54.90476785709178,54.80017978660435,55.01361774199465,54.959997254661005,55.112103940872586,54.98614500087376,55.112103940872586,54.98614500087376
649.0,10.063849324216207,54.68976369188342,54.475244879990605,54.79023593433155,54.70199559668294,54.90207337118741,54.800604419164294,55.01391115697277,54.95896266396134,55.114383964000666,54.987975758676775,55.114383964000666,54.987975758676775
650.0,10.025227213360692,54.682166957247055,54.454754340199585,54.784597154430024,54.6688941927349,54.89939244358013,54.787690887952515,55.01418807493932,54.9478933515564,55.11661882582822,54.98613573476687,55.11661882582822,54.98613573476687
651.0,9.986721079063397,54.67464459924018,54.45682382217223,54.77900438057692,54.68516657350744,54.89672743581212,54.782000255432955,55.01445082666725,54.91685188896151,55.11881115104847,54.97396399399261,55.11881115104847,54.97396399399261
652.0,9.947168132831187,54.667197825230936,54.44884628426561,54.773459113057235,54.6794868475029,54.89407982917268,54.776619555645475,55.0147008744476,54.909159638825514,55.12096269486512,54.972381225939266,55.12096269486512,54.972381225939266
653.0,9.906061336653327,54.65982417788001,54.447425495995404,54.767959184196926,54.68843462285661,54.89144744615124,54.77691149330804,55.014936030930706,54.909039874663186,55.12307155958969,54.97376981414343,55.12307155958969,54.97376981414343
654.0,9.865499696655684,54.652519705348716,54.44304415623963,54.762500918307715,54.69100976141632,54.888826599785986,54.77971176320277,55.015152597878746,54.9243851839887,55.12513432313075,54.982272831489674,55.12513432313075,54.982272831489674
655.0,9.82295664914016,54.64528708822983,54.44671988318676,54.75708725451058,54.71041818831638,54.886220211904316,54.784246036459656,55.015353479823105,54.92866713570459,55.12715414854396,54.98555249224014,55.12715414854396,54.98555249224014
656.0,9.780177814572383,54.63812108012278,54.44140317373965,54.75171320653844,54.70827167081898,54.88362329148527,54.77917077364513,55.015533680986564,54.91600704161768,55.12912630018172,54.981621201747835,55.12912630018172,54.981621201747835
657.0,9.737502348812377,54.631022014644465,54.44053429765183,54.746379347260635,54.71618936269863,54.8810363965638,54.779393327073485,55.015693744567336,54.914174062223424,55.131051560490896,54.98216305882426,55.131051560490896,54.98216305882426
658.0,9.695622129814593,54.623991251846704,54.42914146829288,54.74108727122661,54.700837319799334,54.87846111222773,54.77607118949153,55.015835246189354,54.92135881403662,55.132931739589345,54.98725476232183,55.132931739589345,54.98725476232183
659.0,9.65529716162362,54.61703222702023,54.41251639554619,54.73584064664194,54.67427265886971,54.87590110539349,54.77037248129796,55.01596185147764,54.930570358849536,55.134770736013294,54.99361040567146,55.134770736013294,54.99361040567146
660.0,9.617058444349,54.610150580013496,54.41124263829041,54.73064535088477,54.68206184425242,54.873362266167504,54.77351829813337,55.01607946326471,54.940169912363984,55.1365746901214,54.99949924141235,55.1365746901214,54.99949924141235
661.0,9.579225976811061,54.615688628643916,54.40983631296466,54.73167631734973,54.66350613108986,54.870851927844456,54.76644028386265,55.010027814743125,54.935471539766574,55.12601595067993,54.98831191406993,55.12601595067993,54.98831191406993
662.0,9.541947218079379,54.62115691115081,54.42268713022576,54.73273009718652,54.676098466312745,54.86837200708111,54.76169866181133,55.00401418807459,54.90928623561446,55.115587812757525,54.966858585093966,55.115587812757525,54.966858585093966
663.0,9.50350832511781,54.62655901241951,54.4241770714192,54.733807863165694,54.665323979435904,54.86592479916426,54.760284294539716,54.998042001060064,54.91960276457197,55.105291282037015,54.96238811023485,55.105291282037015,54.96238811023485
664.0,9.464793978614276,54.63189314146848,54.4338217596604,54.73490548475143,54.672759316853124,54.863507239377675,54.76172685428464,54.992109254800866,54.92254057918792,55.095122020062135,54.95455420831942,55.095122020062135,54.95455420831942
665.0,9.425739960143973,54.637160257869674,54.45218761971207,54.736021668411944,54.69942538135555,54.861119061886654,54.76831773016297,54.98621671115737,54.92559706921198,55.08507853558628,54.94660529578088,55.08507853558628,54.94660529578088
666.0,9.385249542876938,54.64236108703185,54.46224678175281,54.737154961427706,54.708623194697495,54.858759796586185,54.77764401407452,54.98036488263714,54.95542421798895,55.07515916298556,54.95146637948375,55.07515916298556,54.95542421798895
667.0,9.344495911170709,54.64749295746205,54.46755563704273,54.73830058714133,54.70505641167732,54.85642560665817,54.77162268525901,54.974550872259435,54.93681633786114,55.0653589001117,54.93520908274909,55.0653589001117,54.93681633786114
668.0,9.303622837618125,54.652556852369095,54.476406632449454,54.739457504475105,54.710479708466195,54.85411636027516,54.772192843101536,54.96877545744519,54.93547762266785,55.05567650009604,54.92655805195655,55.05567650009604,54.93547762266785
669.0,9.26337314728217,54.657554160773444,54.47981019620522,54.74062514508293,54.70308665427105,54.85183235783693,54.7646021908282,54.963039807338234,54.91496600989378,55.0461111747129,54.90965574662774,55.0461111747129,54.91496600989378
670.0,9.221920190938482,54.66248850182501,54.499412082245136,54.74180523395835,54.73269710169775,54.84957615270928,54.77138111126757,54.95734730367477,54.91408552010105,55.03666441153917,54.90077898172961,55.03666441153917,54.91408552010105
671.0,9.179411427656632,54.66735780272001,54.50034460207786,54.742993858091154,54.72096658243743,54.84734461424555,54.76938392065905,54.95169559816994,54.919269218225544,55.02733202208069,54.89575949011597,55.02733202208069,54.919269218225544
672.0,9.136576042535673,54.672160484307966,54.505478957063296,54.744187667436506,54.718340329005166,54.84513514777792,54.76565087131098,54.9460828515312,54.90872011966339,55.01811039614777,54.88365837553809,55.01811039614777,54.90872011966339
673.0,9.09540067789046,54.6768972273688,54.51468206809461,54.74538563741875,54.724359205800475,54.842947456912704,54.760913488017266,54.940509495545164,54.885972523127215,55.00899826016868,54.86585555786885,55.00899826016868,54.885972523127215
674.0,9.055361927753532,54.68157475387758,54.52186922333249,54.746592841068995,54.7280745645866,54.84078730989633,54.766358899225764,54.93498199367187,54.905485465931044,55.00000042865681,54.8672343888286,55.00000042865681,54.905485465931044
675.0,9.015694921931006,54.68619801009611,54.52994880526844,54.74781261146961,54.73236505690293,54.83865868442573,54.764066670223016,54.92950496822119,54.89338901058429,54.99111991073994,54.854667001147604,54.99111991073994,54.89338901058429
676.0,8.976428414941447,54.69076947481676,54.5322755458369,54.749045853581734,54.724126802360885,54.83656308597638,54.75855642966395,54.92408052518133,54.88147458365764,54.982357238572455,54.84248878116877,54.982357238572455,54.88147458365764
677.0,8.936806089217,54.69529164048385,54.53635558509702,54.750293531106806,54.72026294385821,54.83450204331354,54.75436847035146,54.91871075837982,54.8708871622704,54.97371297723644,54.830856739375726,54.97371297723644,54.8708871622704
678.0,8.896020753810815,54.6997646220542,54.54748667092873,54.75155427349444,54.731379964339574,54.83247471647083,54.74983008542213,54.9133953584327,54.84430858143337,54.96518533183827,54.81164157086556,54.96518533183827,54.84430858143337
679.0,8.855595292263926,54.704186063899286,54.55759086168841,54.752824288383586,54.74103763373219,54.8304778175314,54.7498684413684,54.90813154186588,54.837315191771154,54.95677008216884,54.80119967219157,54.95677008216884,54.837315191771154
680.0,8.816030991683359,54.708558288969364,54.56464031019662,54.7541045166103,54.74345399972029,54.8285127742784,54.74573379786917,54.90292122340806,54.821094474212906,54.94846776084028,54.78679944465229,54.94846776084028,54.821094474212906
681.0,8.7786285147923,54.71288507410124,54.57662203653829,54.75539739152349,54.758359791104056,54.826582476078244,54.75284501812054,54.897767748441716,54.83628750540525,54.94028036974483,54.786418913520926,54.94028036974483,54.83628750540525
682.0,8.740423713103684,54.71717403840744,54.58637526086278,54.75670922137018,54.76633259588234,54.82469365264927,54.748933487642915,54.892678268155095,54.81439233200883,54.932213749202916,54.76965962688561,54.932213749202916,54.81439233200883
683.0,8.700846436124994,54.72142360371676,54.59471500114921,54.75803713652737,54.772440182634966,54.82284381025155,54.75120012946199,54.887650664689914,54.818645917398946,54.924264489902214,54.7647583683305,54.924264489902214,54.818645917398946
684.0,8.657683396951438,54.72563048938315,54.588947786909294,54.75937661094604,54.747371282726895,54.82102878212563,54.74373455095738,54.882681130574966,54.815825824996026,54.91642753896631,54.75758436944238,54.91642753896631,54.815825824996026
685.0,8.615892833067955,54.729784780729204,54.59537597467872,54.76071653432013,54.75038716952346,54.81923780678083,54.74525456477865,54.87775925313358,54.820615669447214,54.90869128808773,54.753419283074535,54.90869128808773,54.820615669447214
686.0,8.573525261845223,54.73389181381238,54.60066383110039,54.76206111559782,54.75082804449406,54.81747545277976,54.74507164599771,54.872889960541485,54.82093869740707,54.90105953833079,54.74751584547815,54.90105953833079,54.82093869740707
687.0,8.530807549061786,54.737950885430784,54.613213459817686,54.763408545217175,54.76794322580177,54.81574023521232,54.75221444851145,54.86807209253912,54.83279165716818,54.893530023073815,54.74667904125153,54.893530023073815,54.83279165716818
688.0,8.489041979490597,54.74196198783553,54.6004571073076,54.7647577469256,54.72831905705841,54.814031386628805,54.73921328188826,54.86330519047844,54.82218838456402,54.88610121516301,54.73719073464993,54.88610121516301,54.82218838456402
689.0,8.447622643814771,54.745929038666716,54.605042664929236,54.7661116043641,54.72718576133739,54.81235208223274,54.731445767364264,54.858592721124246,54.79506546906357,54.878775547362075,54.7193336902245,54.878775547362075,54.79506546906357
690.0,8.406211123469632,54.74985401991608,54.61063668144257,54.76747108695314,54.7304350089579,54.81070355445662,54.73505066050725,54.85393617991983,54.808444497756064,54.871553502541076,54.71969365920641,54.871553502541076,54.808444497756064
691.0,8.365336059219612,54.753737834177464,54.60951190564361,54.76883611089407,54.7184318984541,54.80908596044117,54.73134119387496,54.84933596494411,54.80796647130602,54.864434492384525,54.71441834187865,54.864434492384525,54.80796647130602
692.0,8.324161063222071,54.757582944974146,54.61004512776357,54.77020818167179,54.709943216607776,54.80750102842614,54.72510089470608,54.844794027190524,54.79445567294791,54.857419509845585,54.70327150768578,54.857419509845585,54.79445567294791
693.0,8.286328595684132,54.76138922607663,54.624651447728,54.771586237600026,54.73275139082311,54.80594789713985,54.72767120555526,54.84030970580087,54.78436084329504,54.85050695860743,54.69295121503562,54.85050695860743,54.78436084329504
694.0,8.250430938598091,54.76516750318015,54.632738736763194,54.772980198305405,54.73992954033988,54.80443667270508,54.722193893824446,54.835893293392935,54.75807626920725,54.84370622521744,54.67557107378757,54.84370622521744,54.75807626920725
695.0,8.214803057879838,54.76892408591907,54.6481680423605,54.774395462738994,54.76470698477879,54.802972893934026,54.729968579223154,54.83155046863896,54.76594877398882,54.83702207766278,54.67322552788986,54.83702207766278,54.76594877398882
696.0,8.179234013330348,54.77266010867906,54.6508879866518,54.77583226273549,54.76105733182645,54.80155689987988,54.73017369381211,54.82728167780953,54.77156774883775,54.830454059661314,54.670754892818444,54.830454059661314,54.77156774883775
697.0,8.146536734160836,54.77637602851931,54.64664444965991,54.7772901756378,54.74282791588777,54.80018835854726,54.72827618487268,54.823086679569954,54.78338973294547,54.82400105016036,54.671717390453644,54.82400105016036,54.78338973294547
698.0,8.119042990638501,54.78008071612155,54.649693176041815,54.77877721639555,54.74029449353684,54.79887536154986,54.725526009496654,54.81897364219694,54.77626791748486,54.817670361702845,54.663990780536956,54.81897364219694,54.77626791748486
699.0,8.097576341666924,54.783789797690815,54.65200526278448,54.78030815333573,54.736112594748214,54.79763271491171,54.72120457808578,54.81495740941053,54.76485345629053,54.811475980129146,54.65440741659051,54.81495740941053,54.76485345629053
700.0,8.077863128491666,54.787520962721295,54.6612547666994,54.78189979490286,54.74783470903746,54.796477205634076,54.72398105480147,54.81105474676778,54.76529131724704,54.805433789945006,54.64991818600769,54.81105474676778,54.76529131724704
701.0,8.060301195682444,54.79127863623287,54.66992482817406,54.78355565504078,54.75783203728965,54.795412260908144,54.725533089062885,54.807268994706206,54.762018589124,54.79954622051033,54.643936023637025,54.807268994706206,54.762018589124
702.0,8.046825796068365,54.79506829719463,54.67755998446838,54.78528031072728,54.76508438884315,54.79444234568998,54.72518270904718,54.80360450615919,54.75364727020109,54.79381672276564,54.63579536355347,54.80360450615919,54.76508438884315
703.0,8.036016677620815,54.79890105674659,54.69509292255453,54.78708397631817,54.79304918429001,54.793577534228554,54.72681716240439,54.800071215267934,54.732025285699315,54.78825433406642,54.62114310803597,54.800071215267934,54.79304918429001
704.0,8.029549196558772,54.802783473760854,54.70549895671293,54.78897230157285,54.80661558979413,54.79282329144494,54.73493362174898,54.796674402114256,54.749373270902616,54.78286342538027,54.62456400207127,54.802783473760854,54.80661558979413
705.0,8.026192217110355,54.80672693082366,54.70318447553427,54.79095576062513,54.79260954562826,54.79218987575302,54.73832426926062,54.7934241093912,54.77467152784203,54.77765313094636,54.63269283288299,54.80672693082366,54.79260954562826
706.0,8.024077137945898,54.810738818289124,54.7125050309214,54.79304082099641,54.803560405613496,54.791683493841,54.743533337639946,54.7903262829529,54.78141805751841,54.77262847378466,54.63227442289206,54.810738818289124,54.803560405613496
707.0,8.023904168457289,54.8148207181156,54.716163178448326,54.795228138773666,54.80112399185616,54.791304507963616,54.74130281980399,54.78738099122097,54.771985282769144,54.76778859644401,54.62498043873694,54.8148207181156,54.80112399185616
708.0,8.023749336434232,54.818976228724026,54.718599221640105,54.79752040020669,54.79657219912123,54.79105529519601,54.74067044944479,54.784590302095054,54.77109843875695,54.763134654651495,54.62170328073575,54.818976228724026,54.79657219912123
709.0,8.023623996225094,54.82320306208198,54.730726423689816,54.799914412175944,54.81317674076714,54.79093233224084,54.74492974363819,54.781950362099174,54.767974289524055,54.758661889842685,54.61706157729067,54.82320306208198,54.81317674076714
710.0,8.024825787642133,54.82749897388737,54.72886822705837,54.80240704933801,54.799325268216,54.79093216051439,54.74346482283238,54.77945737940847,54.77255972378511,54.75436562915006,54.61676670145287,54.82749897388737,54.799325268216
711.0,8.027502169754925,54.831865614843224,54.738380399744344,54.80499910468017,54.81057095692468,54.79105523703924,54.74785148129631,54.77711147508005,54.774836245738705,54.7502451359137,54.61506217619158,54.831865614843224,54.81057095692468
712.0,8.030988397077827,54.83630499832492,54.74675864207299,54.807691745036664,54.81846805324119,54.791302378771434,54.74841226621136,54.77491311619097,54.765064730207975,54.74630003066824,54.60805437786925,54.83630499832492,54.81846805324119
713.0,8.033937357280731,54.84081706035468,54.74539930434648,54.8104840694667,54.8046697589711,54.79167232022222,54.74158668825347,54.77286067270372,54.74842665179397,54.7425278464119,54.59838632926117,54.84081706035468,54.8046697589711
714.0,8.035079206585987,54.84539766402678,54.74049048186524,54.81337111935316,54.78440515302955,54.79215973005923,54.73687818427579,54.77094844056997,54.74740981988638,54.73892205738374,54.595991292880974,54.84539766402678,54.78440515302955
715.0,8.034868856223238,54.85003892521333,54.74569316479725,54.81634421570607,54.786367331256926,54.7927555609042,54.73567747230361,54.76916700402238,54.73834423477444,54.73547245295314,54.5895184388679,54.85003892521333,54.786367331256926
716.0,8.032386751434611,54.854734466286146,54.73449239785619,54.819396223500924,54.75222230624231,54.79345232529035,54.722519343517604,54.767508523151214,54.719374651371325,54.7321704358129,54.57932369608805,54.854734466286146,54.75222230624231
717.0,8.030204062286757,54.859475269195364,54.748354311669594,54.82251739978862,54.77403947850507,54.79423993984514,54.72615581915342,54.76596257415976,54.711025771724024,54.729004857265885,54.572620139845654,54.859475269195364,54.77403947850507
718.0,8.02901185570924,54.86426019234085,54.75720845703,54.82570591791546,54.78394299586377,54.795116257852854,54.72469746496617,54.76452669026961,54.69428860966541,54.72597256547902,54.56230253694411,54.86426019234085,54.78394299586377
719.0,8.02816027958244,54.86909016094768,54.77184856887415,54.82896203410769,54.80701967703073,54.796081213003546,54.7312761837078,54.76320048263394,54.69548026240397,54.72307250260556,54.55982073332504,54.86909016094768,54.80701967703073
720.0,8.027649333906362,54.87396410493797,54.77864283679738,54.83228401882206,54.81402973254217,54.79713274491948,54.741878609901654,54.76198156003987,54.727251057772285,54.72030161796617,54.571933183917395,54.87396410493797,54.81402973254217
721.0,8.027479018681003,54.87888095124346,54.79294042819604,54.835670154580306,54.83541586950368,54.79826880314281,54.747100610822756,54.7608675390493,54.722415174055605,54.71765688371171,54.567364751677474,54.87888095124346,54.83541586950368
722.0,8.027649333906362,54.8838396246934,54.794295423376155,54.83911873649028,54.828195693435134,54.79948734795407,54.7450078232119,54.75985604511482,54.71734935756607,54.71513529557233,54.56336677006391,54.8838396246934,54.828195693435134
723.0,8.02816027958244,54.88883904887632,54.80248430156676,54.842628072752454,54.83627943200518,54.80078635116426,54.74772708663173,54.75894471365736,54.71595668483891,54.7127338735799,54.56074528536498,54.88883904887632,54.83627943200518
724.0,8.02901185570924,54.89387814697612,54.8049972502892,54.84619648515196,54.83294061464874,54.80216379688088,54.752664889352374,54.75813119110615,54.73427742894395,54.710449662763885,54.567566201126255,54.89387814697612,54.83294061464874
725.0,8.030204062286757,54.898955842582886,54.80934949948198,54.84982230953592,54.83428195160188,54.80361768224814,54.76112893700192,54.75741313590187,54.76096819477739,54.70827973382103,54.57850089299855,54.898955842582886,54.83428195160188
726.0,8.031736899314993,54.904071060478735,54.81515281156059,54.853503896276216,54.838430458503865,54.80514601816171,54.76809074979417,54.75678821946342,54.77807957541428,54.70622118375906,54.58539932572879,54.904071060478735,54.838430458503865
727.0,8.033610366793948,54.90922272739917,54.82268934718748,54.85723961071754,54.845744807046145,54.80674682995842,54.7728703819321,54.7562541271192,54.78291456054311,54.70427113651463,54.586854769954535,54.90922272739917,54.845744807046145
728.0,8.034087249424953,54.914409772770234,54.824143820400074,54.86102783361075,54.83861245044884,54.80841815808108,54.76784890164068,54.7558085590034,54.76408118706998,54.70242674354582,54.57782728587974,54.914409772770234,54.83861245044884
729.0,8.033939642896309,54.91962592741694,54.83261633033753,54.86486175952659,54.84825441115579,54.81015285671385,54.773610557022316,54.75544402891302,54.77105966743033,54.700679982394504,54.580147245422815,54.91962592741694,54.84825441115579
730.0,8.03305400372444,54.9248673590089,54.838835961292574,54.86873704732049,54.8513780326135,54.811946259764525,54.77015147402953,54.75515554580771,54.74852664667736,54.699025353205236,54.56910887587746,54.9248673590089,54.8513780326135
731.0,8.03305400372444,54.930129966237274,54.83694766674625,54.87264910685277,54.83698497195084,54.81379346079299,54.76209554460006,54.75493788694639,54.7266065619232,54.69745714440525,54.55849895367364,54.930129966237274,54.83698497195084
732.0,8.03305400372444,54.935414588678654,54.833167680810035,54.876598309375,54.82012383493609,54.815694524474736,54.75872905408522,54.75479081042791,54.7265963337192,54.695974645767556,54.557860263935666,54.935414588678654,54.833167680810035
733.0,8.03305400372444,54.94071937982636,54.84712802825067,54.880582345788035,54.842172450289446,54.81764683064314,54.76511356242322,54.75471138501772,54.725878077138795,54.69457446346429,54.55605915245385,54.94071937982636,54.84712802825067
734.0,8.03305400372444,54.94604252154825,54.84068165356822,54.88459894875952,54.81944914493161,54.819647804411886,54.75928804791929,54.75469672827503,54.72217412569121,54.69325326585365,54.55394996741245,54.94604252154825,54.84068165356822
735.0,8.03305400372444,54.95138222442032,54.8471755891955,54.888645892743526,54.82698537835429,54.82169491631611,54.7688121821204,54.75474400681553,54.748321315373296,54.69200778342862,54.56498863223345,54.95138222442032,54.8471755891955
736.0,8.03305400372444,54.95673672803492,54.846475631599745,54.892720993982614,54.817187537351,54.82378568242759,54.76512731522167,54.75485043653975,54.73976909987847,54.69083480873917,54.560767485523805,54.95673672803492,54.846475631599745
737.0,8.03305400372444,54.96210430128399,54.86463894183079,54.89682211049231,54.84911752419094,54.8259176644444,54.77534654458451,54.75501328282783,54.74375468564777,54.689731196288264,54.56130502071799,54.96210430128399,54.86463894183079
738.0,8.03305400372444,54.967483242617966,54.87507022673752,54.90094714202839,54.863275684540376,54.82808846975556,54.77999120741298,54.755229860701604,54.742828950788784,54.68869386240233,54.56003860295153,54.967483242617966,54.87507022673752
739.0,8.03305400372444,54.972871880280714,54.88361828118571,54.90509403003722,54.87350789776912,54.83029575148126,54.78591579378907,54.75549753495461,54.75039159578185,54.68771978507667,54.56280494944315,54.972871880280714,54.88361828118571
740.0,8.03305400372444,54.978268572521074,54.88527028730941,54.90926075758925,54.86873368898562,54.83253720848901,54.78811314576728,54.75581372025099,54.758103075117745,54.68680600379636,54.566121941655084,54.978268572521074,54.88527028730941
741.0,8.03305400372444,54.98367170778147,54.88411777209283,54.91344534929616,54.8578246179422,54.834810585386464,54.786654465046546,54.75617588119396,54.757917299759995,54.68594961933314,54.566065541779125,54.98367170778147,54.88411777209283
742.0,8.03305400372444,54.98907970486409,54.89281161450551,54.917645871211704,54.86802850563358,54.83711367249123,54.787590820326756,54.75658153236452,54.746380475178405,54.68514779351888,54.560279606996076,54.98907970486409,54.89281161450551
743.0,8.03305400372444,54.99449101307513,54.90006747993649,54.92186043071668,54.874994980066276,54.83944430577824,54.78799080809725,54.75702823833135,54.73619856151303,54.68439774899621,54.555046582653574,54.99449101307513,54.90006747993649
744.0,8.03305400372444,54.999904112347544,54.90102462912972,54.92608717638822,54.86851700666191,54.841800366805295,54.7859833990799,54.7575136136325,54.730442386326466,54.68369676894672,54.55205938669238,54.999904112347544,54.90102462912972
745.0,8.03305400372444,55.00531751334287,54.902110502167005,54.93032429785381,54.86311328329529,54.844179782617175,54.78652405820486,54.758035322729654,54.73398059346932,54.68304219679736,54.553315868582764,55.00531751334287,54.902110502167005
746.0,8.03305400372444,55.01072975753251,54.90326514420521,54.93457002563013,54.85840306913656,54.84658052562888,54.7883838136822,54.75859107993573,54.74208064706248,54.68243143590571,54.556756652787755,55.01072975753251,54.90326514420521
747.0,8.03305400372444,55.01613941725903,54.90484344166546,54.938822630947264,54.85403643092252,54.84900061348852,54.785925551209544,54.75917864931648,54.73321127531552,54.68186194922444,54.552450523894144,55.01613941725903,54.90484344166546
748.0,8.03305400372444,55.02154509577792,54.90968914109625,54.94308042555842,54.858225203236124,54.8514381089204,54.79206853906252,54.759795844566945,54.749468289717655,54.68133125894568,54.55951256338444,55.02154509577792,54.90968914109625
749.0,8.03305400372444,55.02694542728026,54.92040883908401,54.94734176153552,54.874034764799056,54.85389111954875,54.795954229442806,54.7604405288633,54.74479323251567,54.68083694612586,54.55681313329697,55.02694542728026,54.92040883908401
750.0,8.03305400372444,55.03233907689687,54.931951608521956,54.95160503105102,54.89006831274082,54.8563577977027,54.79395306213511,54.76111061469096,54.71697432285329,54.68037665029145,54.543278057722006,55.03233907689687,54.931951608521956
751.0,8.03305400372444,55.03772474068426,54.939070004509695,54.95586866614624,54.89897066512099,54.85883634020291,54.804242216701724,54.7618040636496,54.74412945550196,54.67994806902635,54.5550624854659,55.03772474068426,54.939070004509695
752.0,8.03305400372444,55.043101145593,54.9473895714996,54.96013113848656,54.90901526417625,54.861324988130505,54.80800859550847,54.762518886235725,54.743893051016435,54.679548957541336,54.55447199005825,55.043101145593,54.9473895714996
753.0,8.03305400372444,55.048467049418875,54.95774093043989,54.96439095910379,54.923827215771304,54.86382202657869,54.815835364990626,54.76325314160362,54.75433103083684,54.679177128226144,54.558720875008376,55.048467049418875,54.95774093043989
754.0,8.03305400372444,55.053821240737335,54.95321719582652,54.96864667812607,54.904634881611734,54.86632578438768,54.80609883880505,54.76400493730523,54.73049034219327,54.67883045018489,54.5479728668272,55.053821240737335,54.95321719582652
755.0,8.03305400372444,55.05916253882172,54.962358387468214,54.972896884495675,54.916301331807645,54.86883463386339,54.8080251347738,54.764772429009774,54.72238681684018,54.6785068487552,54.54350385050646,55.05916253882172,54.962358387468214
756.0,8.03305400372444,55.06448979354561,54.977535850600674,54.977140205675,54.941048926204395,54.871346990480376,54.81501220582507,54.76555382020365,54.72069225079995,54.67820430501174,54.54158227497994,55.06448979354561,54.977535850600674
757.0,8.03305400372444,55.06980188526999,54.973007812988456,54.981375307341104,54.92220013055463,54.8738613125696,54.80757362923672,54.76634736187141,54.70643794257338,54.677920855254676,54.53480918325598,55.06980188526999,54.973007812988456
758.0,8.03305400372444,55.07509772471534,54.964446003145504,54.985600893069204,54.89612206069854,54.87637610099151,54.80170049006306,54.767151352158436,54.706783199872596,54.67765459048359,54.534837794815466,55.07509772471534,54.964446003145504
759.0,8.03305400372444,55.08037625281949,54.97215227468327,54.9898157040054,54.90585678729606,54.87888989879489,54.80443555694526,54.767964136015884,54.705469648952985,54.677403655857454,54.53329308302131,55.08037625281949,54.97215227468327
760.0,8.03305400372444,55.085636440581354,54.986742566102514,54.994018518529046,54.93130287207396,54.88140129086205,54.81677504624204,54.76878410482875,54.725187443267274,54.677166250141184,54.541139411315896,55.085636440581354,54.986742566102514
761.0,8.03305400372444,55.090877288891214,54.99372824362708,54.99820815190505,54.9375607243115,54.88390890354081,54.81292673364797,54.769609696027445,54.70034031205325,54.67694062513938,54.5289501691904,55.090877288891214,54.99372824362708
762.0,8.03305400372444,55.096097828347865,55.00470372556656,55.002383455926555,54.95419053219603,54.88641140426378,54.82122253428803,54.770439392683784,54.712652302783795,54.676725085117745,54.53345755825364,55.096097828347865,55.00470372556656
763.0,8.03305400372444,55.101297119063155,55.01327459283941,55.0065433185483,54.96555344300489,54.8889075011555,54.82939452635418,54.77127172309179,54.72886917497954,54.676517986212744,54.54006553211154,55.101297119063155,55.01327459283941
764.0,8.03305400372444,55.10647425045426,55.012727300526606,55.010686663510995,54.95775960545624,54.89139594262777,54.835574544361116,54.772105260334115,54.75577830755793,54.6763177358301,54.55232368245196,55.10647425045426,55.012727300526606
765.0,8.03305400372444,55.11162834102424,55.01411493585434,55.01481244995711,54.953637038158845,54.89387551696385,54.83790956091338,54.772938621834555,54.76375560091095,54.676122792032594,54.55606161588482,55.11162834102424,55.01411493585434
766.0,8.03305400372444,55.1167585381312,55.01186153584196,55.01891967203845,54.94086961338293,54.89634505189193,54.83220224809857,54.77377046889739,54.74953306782499,54.67593166291779,54.54977306574589,55.1167585381312,55.01186153584196
767.0,8.03305400372444,55.12186401774651,55.02891324593916,55.023007358515805,54.97061879167674,54.89880341414824,54.84012799686954,54.774599506234054,54.746402791222735,54.67574290598612,54.54743905410405,55.12186401774651,55.02891324593916
768.0,8.03305400372444,55.126943984202605,55.04080842805859,55.02707457235111,54.98888566389266,54.90124950903053,54.846972294080224,54.775424481477835,54.74983693663955,54.67555512749997,54.54834156452649,55.126943984202605,55.04080842805859
769.0,8.03305400372444,55.13199766993059,55.04634743440489,55.03112041029242,54.99384024418978,54.9036822799421,54.854041325772876,54.77624418468707,54.76689243947105,54.67536698183421,54.555920205464446,55.13199766993059,55.04634743440489
770.0,8.03305400372444,55.13702433518827,55.0516201038197,55.03514400245203,54.99616635313693,54.90610070792713,54.84975708787888,54.777057447837535,54.74236849305057,54.67517717081872,54.54440793477606,55.13702433518827,55.0516201038197
771.0,8.03305400372444,55.14202326777886,55.0531570855495,55.039144511878206,54.99216537054887,54.9085038111975,54.85194041652736,54.7778631443045,54.75008492753846,54.67498444307345,54.54770734327428,55.14202326777886,55.0531570855495
772.0,8.03305400372444,55.146993782760845,55.06240224949653,55.04312113412074,55.00362578427438,54.910890644651786,54.85105136909382,54.77866018833511,54.730612419394966,54.67478759333646,54.53806931765939,55.146993782760845,55.06240224949653
773.0,8.03305400372444,55.151935222149405,55.064528450979154,55.04707309679073,55.00032477974387,54.91326029938678,54.849970068985535,54.7794475345116,54.72566341050105,54.67458546178553,54.535253199197534,55.151935222149405,55.064528450979154
774.0,8.03305400372444,55.15684695460978,55.069154854087806,55.050999659115,55.002170037428414,54.91561190220194,54.8476972103915,54.78022417720585,54.71147903360085,54.67437693335377,54.5279380247289,55.15684695460978,55.069154854087806
775.0,8.03305400372444,55.161728375142935,55.07215211725889,55.05490011148536,55.00109608702804,54.917944615097326,54.84706494806306,54.78098915002595,54.7071452373882,54.674160937039744,54.52507830430693,55.161728375142935,55.07215211725889
776.0,8.03305400372444,55.166578904763966,55.08324916809535,55.05877377500319,55.018628322021094,54.920257634765356,54.8564627602155,54.78174152525514,54.7231362635141,54.67393644521263,54.53118610000506,55.166578904763966,55.08324916809535
777.0,8.03305400372444,55.1713979901736,55.088593653858254,55.06262000101959,55.022622778204415,54.922550192076876,54.85813118990458,54.7824804132838,54.72190806595382,54.673702472912844,54.52978785225856,55.1713979901736,55.088593653858254
778.0,8.03305400372444,55.17618510342319,55.095638632138176,55.06643817067147,55.03005340629642,54.924821551561934,54.859353931148185,54.783204962034894,54.715624210740515,54.67345807714859,54.52592076085796,55.17618510342319,55.095638632138176
779.0,8.03305400372444,55.18093974157348,55.094956070173396,55.07022769441391,55.02078397051083,54.9270710108857,54.85591254201277,54.783914356383484,54.70825197162781,54.673202356188895,54.521842166142164,55.18093974157348,55.094956070173396
780.0,8.03305400372444,55.18566142634772,55.09780793369994,55.07398801154908,55.019432288878306,54.9292979003199,54.853877161607954,54.784607817570674,54.69914330109211,54.67293444885349,54.51666976130212,55.18566142634772,55.09780793369994
781.0,8.03305400372444,55.182062880561155,55.09525587496392,55.07357517814309,55.02431303141497,54.931501582210274,54.86114617889004,54.78942801422161,54.72011616618738,54.68094035701805,54.53275354907763,55.182062880561155,55.09525587496392
782.0,8.03305400372444,55.178481769865144,55.0823981223495,55.073130717606155,55.00629882552347,54.93368145044029,54.859726182291574,54.79423221069282,54.72979365029201,54.68888120279766,54.54426818975585,55.178481769865144,55.0823981223495
783.0,8.03305400372444,55.174916726617795,55.07827087564214,55.072654741882296,55.007640789116564,54.935836929891664,54.86419236369036,54.79901914480354,54.74321863658349,54.696757203597166,54.557086212228924,55.174916726617795,55.07827087564214
784.0,8.034204184467129,55.17136644049241,55.07563609632023,55.07214736811657,55.010836294424614,54.937967475902,54.86310059237593,54.80378761008374,54.733046202380514,54.70456858041797,54.55889945431238,55.17136644049241,55.07563609632023
785.0,8.034395881257575,55.16783310114202,55.065257827178144,55.07161216312443,54.99820350961899,54.9400760177788,54.86301689028109,54.80853989833278,54.74298741474238,54.71231900222159,54.570187534858604,55.16783310114202,55.065257827178144
786.0,8.033776553165358,55.16431251621026,55.06925138270457,55.071046273873925,55.015212150158085,54.94215909923054,54.8632233820635,54.813271949999375,54.72465220028647,54.72000574878085,54.56759664637674,55.16431251621026,55.06925138270457
787.0,8.032493659260052,55.16080109145145,55.06788235105394,55.070447389351926,55.02237077426174,54.944213819294575,54.87262582981229,54.81798027417123,54.75173510540204,54.72762661241572,54.58600935933497,55.16080109145145,55.06788235105394
788.0,8.029630741424247,55.157295812706955,55.06342236301111,55.069813725783895,55.022100827939354,54.94623781821922,54.877540790786846,54.822661935119285,54.7679247232475,54.73517988778096,54.59975494120523,55.157295812706955,55.06342236301111
789.0,8.027038484710646,55.15379104243893,55.05586104353157,55.06914082631361,55.0146290890973,54.948226077822525,54.87808201944053,54.82731135333574,54.77412663147255,54.74266117605012,54.609100502288335,55.15379104243893,55.05586104353157
790.0,8.02337552769286,55.15028690065312,55.04359934487921,55.06842993509644,54.99576100268697,54.95017928626635,54.86819123640385,54.83192866098874,54.751850295240175,54.75007173354072,54.60539124549606,55.15028690065312,55.04359934487921
791.0,8.019136890467449,55.14677950724331,55.04685855165099,55.067678258670455,55.0116448769465,54.952094116287704,54.87236058656673,54.8365099970141,54.75056348573167,54.75740878583258,54.610214184136225,55.14677950724331,55.04685855165099
792.0,8.015496642146376,55.143266622146655,55.04127905819068,55.066884595020404,55.00775435224249,54.95396884091573,54.870245679949726,54.84105310948519,54.74451040768833,54.764671119046405,54.61311506972231,55.143266622146655,55.04127905819068
793.0,8.005229804427188,55.13974962234181,55.029998975006585,55.06605131678544,54.992481809368336,54.955805320779305,54.86926034308402,54.84555934702046,54.754693095175675,54.771861077460905,54.62365573824091,55.13974962234181,55.029998975006585
794.0,8.00876498816119,55.13620823570578,55.02320738078441,55.065159117426184,54.98757427683246,54.95758376069845,54.872534898186,54.85000842579917,54.771255850871036,54.778959342838704,54.63695094441892,55.13620823570578,55.02320738078441
795.0,8.022212591740653,55.132684075106795,55.02357571858956,55.0642504796966,54.997980766274914,54.959346109808465,54.879389239846994,54.85444176133782,54.78594530658749,54.78600820058179,54.649130465398514,55.132684075106795,55.02357571858956
796.0,8.0434208186928,55.1292056786973,55.022066284160644,55.06335490730054,55.00467482418423,54.96112148454051,54.8892834042657,54.85888808279472,54.81519015408686,54.793037345399654,54.66828224511692,55.1292056786973,55.022066284160644
797.0,8.07568154528683,55.12579415275024,55.01298023040805,55.06249452965734,54.99360349983665,54.96293173469627,54.88868768446551,54.863368960353746,54.82059832189333,54.80006937062232,54.67705076466226,55.12579415275024,55.01298023040805
798.0,8.127459217034515,55.12247972492654,55.01710984787511,55.061700634137694,55.01187130107296,54.964807953765494,54.90012778905082,54.86791529362359,54.843177008631145,54.80713623556799,54.693141788091154,55.12247972492654,55.01710984787511
799.0,8.198273854664382,55.119316957358095,55.005927653474856,55.06102890880855,54.99539175410114,54.966805750867984,54.89707665872796,54.87258261277673,54.843197685160185,54.814294596344006,54.69978974146482,55.119316957358095,55.005927653474856
800.0,8.288566065876328,55.11635713543267,55.01178667991176,55.06053190781406,55.016200538188166,54.96897779328396,54.906682638354944,54.87742369822935,54.85504839343546,54.82159850212269,54.71107031230066,55.11635713543267,55.016200538188166
801.0,8.399132055916521,55.11365115934054,55.0103440401658,55.06026193537929,55.019852589027735,54.971376683310815,54.90959426067695,54.882491450351004,54.8568692752069,54.82910225730818,54.71823620090086,55.11365115934054,55.019852589027735
802.0,8.521737784069407,55.11125065449301,55.0055714402648,55.06027215747396,55.01617071995078,54.97405607155936,54.91253339004213,54.88784000439347,54.8656067636823,54.836861537710426,54.728871635468465,55.11125065449301,55.01617071995078
803.0,8.654121007019095,55.10918069634643,55.00214002603263,55.06058933127411,55.01481635797144,54.97704339147517,54.91512799849751,54.89349747007172,54.87015015623306,54.8449061347639,54.737683529638474,55.10918069634643,55.01481635797144
804.0,8.79359656883815,55.10745860616172,55.00119981091202,55.06123252210183,55.0179942507827,54.980358496822475,54.91710132229844,54.89948448959199,54.867279165536836,54.85325843473577,54.74306420031577,55.10745860616172,55.0179942507827
805.0,8.937516104637,55.10609286816556,55.00254317195273,55.06221199856776,55.027891456891595,54.98401253391005,54.9330804748848,54.90581308696107,54.911190505871865,54.86193224601657,54.770141358535255,55.10609286816556,55.027891456891595
806.0,9.081263408242586,55.10508346382213,54.990857376956036,55.06352954129892,55.00731383755613,54.988008223571484,54.93202168475494,54.912486923218985,54.91774822986571,54.87093302880898,54.781197774456714,55.10508346382213,55.00731383755613
807.0,9.227413115009693,55.10441607559876,54.98636734181856,55.06517262193072,55.00256487057569,54.992334013896404,54.93601337371129,54.91949542290945,54.928149082150014,54.880251996824576,54.79384531497867,55.10441607559876,55.00256487057569
808.0,9.38027324165597,55.10408445314355,54.98720305109737,55.06713672658694,55.0091139504929,54.99698635902722,54.94370832456648,54.92683600819338,54.9410477368498,54.88988830869977,54.807592273677535,55.10408445314355,55.0091139504929
809.0,9.532788314079442,55.10409553898918,54.994936141227974,55.06943050664042,55.02950526567077,55.00197489335611,54.95338680413424,54.934519296482186,54.94679639423511,54.89985429068592,54.81789838682198,55.10409553898918,55.02950526567077
810.0,9.681859037555768,55.10443417691049,55.00243719849456,55.072040527894664,55.0468142237223,55.007287220466004,54.95441116509317,54.94253392913809,54.92120729488915,54.91014030617374,54.813756565509465,55.10443417691049,55.0468142237223
811.0,9.833262858430917,55.105075860320966,55.011783386883764,55.074943952747084,55.06914995877385,55.01290152723209,54.966754380365444,54.950859117513936,54.93434301750816,54.920727235499804,54.82720975117709,55.105075860320966,55.06914995877385
812.0,9.994978934418683,55.10601443677643,55.01789153363193,55.07813621661752,55.08256784267262,55.018814230031296,54.9718185451269,54.95949225894364,54.92702831398295,54.93161406386188,54.8315259134271,55.10601443677643,55.08256784267262
813.0,10.160117609140826,55.10726849819309,55.01242298169127,55.0816374739478,55.07141866833795,55.025046475088274,54.975501159416766,54.96845549143456,54.93865838131913,54.94282449179274,54.845193982269016,55.10726849819309,55.07141866833795
814.0,10.332195707677194,55.108834521606035,55.0126245399002,55.08544581455262,55.07261689091411,55.031597429948725,54.98292692624742,54.97774906026331,54.95226033275668,54.95436037734845,54.85971170759593,55.108834521606035,55.07261689091411
815.0,10.504165939904162,55.11071987169135,55.02007315869232,55.08957020026607,55.087756202588054,55.038477153097986,54.987473074721635,54.987384120566354,54.94022809500446,54.96623447282331,54.86217947274625,55.11071987169135,55.087756202588054
816.0,10.678570426451683,55.1129094755664,55.02635769451544,55.09399717325473,55.100953946820425,55.045673334977955,54.998107401843086,54.99734951106082,54.95343184208866,54.978437231983484,54.87631547158758,55.1129094755664,55.100953946820425
817.0,10.85058570742441,55.11539645858573,55.02592078532696,55.098721424710654,55.09817978189303,55.053181798081624,54.999910851585774,55.00764218554051,54.94765823528485,54.99096717446013,54.88219302377899,55.11539645858573,55.09817978189303
818.0,11.0129654229548,55.118158760545356,55.03033684828786,55.10372243600709,55.10520970412033,55.060983161790276,55.0017173550915,55.01824390139466,54.9324541073312,55.00380759921955,54.88339123880049,55.118158760545356,55.10520970412033
819.0,11.177965559881079,55.12115184698207,55.03552320381044,55.1089571444701,55.11428543436012,55.06903546093286,55.00784125189131,55.02911379095502,54.93225282459237,55.0169191103826,54.89132084043242,55.12115184698207,55.11428543436012
820.0,11.33363345467114,55.12437104114482,55.03700491595479,55.11442220741506,55.11599721734118,55.077336339461475,55.016957065681225,55.04025048481031,54.950751976161726,55.030301672604296,54.90813964026318,55.12437104114482,55.11599721734118
821.0,11.487642361198946,55.12777368956686,55.04535535067547,55.12007628720735,55.13235254869128,55.085845453751745,55.029713764064695,55.0516146333463,54.968135479274345,55.04391725210237,54.92432965792265,55.12777368956686,55.13235254869128
822.0,11.633782851774205,55.131342604875954,55.0425452192347,55.12590337993933,55.124047866785396,55.094547685029674,55.03497257218315,55.06319200292254,54.980374964582076,55.057752798700825,54.9389055281846,55.131342604875954,55.124047866785396
823.0,11.784177094129506,55.13504113569014,55.05175234482774,55.13186796127501,55.142569223480045,55.10340835960332,55.05069652916522,55.07494877049106,55.00634158157755,55.07177561639753,54.959367513452634,55.13504113569014,55.142569223480045
824.0,11.9329893955864,55.13887234279281,55.05098067824455,55.137974103992875,55.138638245041555,55.11243230588024,55.05787266504568,55.08689052008841,55.020614446450786,55.08599230122397,54.97520434646115,55.13887234279281,55.138638245041555
825.0,12.082225052032049,55.14282038970865,55.043688977915984,55.14420698731497,55.121322683342896,55.12160548157262,55.0634817669082,55.099003987916824,55.04230197424571,55.100390605079625,54.99495633648849,55.14420698731497,55.121322683342896
826.0,12.236709071682021,55.146876244845586,55.0362803692575,55.15055854271143,55.104597141387536,55.13092056213745,55.0700781519721,55.111282593420064,55.067498600974226,55.11496491047031,55.016585087566696,55.15055854271143,55.104597141387536
827.0,12.393260467487446,55.151046610192196,55.040696862795826,55.15703640291731,55.11491207488575,55.140385909122266,55.08875873720046,55.123735426958085,55.112360250504494,55.12972523850236,55.04702949962545,55.15703640291731,55.11491207488575
828.0,12.557076434355501,55.15532764129475,55.03833658998327,55.16363766914033,55.10874256527556,55.14999938411688,55.09438863883487,55.1363611105027,55.12186937755454,55.14467115680888,55.06194345781992,55.16363766914033,55.12186937755454
829.0,12.71995633104989,55.159732374732705,55.053307494976025,55.170376307402165,55.14097560882382,55.1597757133918,55.1144531971671,55.149175130573155,55.14897232365096,55.15981908135124,55.084194851730395,55.170376307402165,55.14897232365096
830.0,12.898721993309636,55.164246750527454,55.052906391567404,55.17723922163402,55.13862538231999,55.16970261142119,55.122246713249375,55.162166012186525,55.16170722473009,55.175158501056174,55.100833480104676,55.17723922163402,55.16170722473009
831.0,13.062428840466206,55.16891186706135,55.057073424270826,55.18426842816503,55.146296792726616,55.17982287425685,55.132918486715106,55.17537733111719,55.1756017787452,55.19073390964475,55.11789072779386,55.19073390964475,55.1756017787452
832.0,13.221064275301936,55.17366643289299,55.05723982822174,55.19140367218971,55.14504800718657,55.190077160890176,55.14008936466289,55.18875066015336,55.18471235267892,55.20648791654094,55.13301924841972,55.20648791654094,55.18471235267892
833.0,13.385527587485429,55.178483493307155,55.05248576027586,55.19861884999666,55.13359642801746,55.20044010990546,55.14535781865681,55.202261380174924,55.197031613831655,55.22239675362838,55.14989651009058,55.22239675362838,55.197031613831655
834.0,13.545422912611613,55.18337261540637,55.06054963270863,55.20592429511648,55.15004703581048,55.21092272473278,55.15674204194722,55.215921164511414,55.20561629722968,55.238472860664544,55.164454416990004,55.238472860664544,55.20561629722968
835.0,13.702202796245341,55.18830878243239,55.055980755884526,55.21329578096132,55.13979703815968,55.22150148395122,55.165275386501456,55.22970719690874,55.22963237324073,55.25469421156563,55.18679266377112,55.25469421156563,55.22963237324073
836.0,13.859054787364094,55.19327242437521,55.063980172913034,55.220714448917995,55.156045610270986,55.23215816613826,55.174888170169694,55.243601893134986,55.2315017489387,55.27104393349643,55.198430662927485,55.27104393349643,55.2315017489387
837.0,14.018093596484647,55.19825504690883,55.06794342464877,55.22817245303123,55.162894563548214,55.24288550912338,55.179888772894614,55.25759857480434,55.22499544874377,55.287515996441755,55.206269916611234,55.287515996441755,55.22499544874377
838.0,14.177693339905868,55.20325539659282,55.067369731133894,55.2356691577832,55.1606894657413,55.25368343948654,55.186105355768056,55.271697730594454,55.23290913680083,55.30411150700175,55.22078495501921,55.30411150700175,55.23290913680083
839.0,14.336265072423544,55.20826681953535,55.08028254970337,55.24319851818229,55.18786650767808,55.26454647355597,55.19983772277307,55.28589443815337,55.24095234773294,55.320826151724596,55.234645633196344,55.320826151724596,55.24095234773294
840.0,14.49361053531863,55.213277522680706,55.0888757349706,55.2507493251411,55.20527370383427,55.2754639464272,55.21168317567185,55.30017857675948,55.250901038849015,55.33765039385688,55.24955969369192,55.33765039385688,55.250901038849015
841.0,14.659726568753921,55.21827536664354,55.0946343414661,55.25830998305423,55.21661647279501,55.286424773666255,55.223429621741815,55.31453957315016,55.26628384727916,55.35457420391584,55.267108926789675,55.35457420391584,55.267108926789675
842.0,14.824595245919678,55.223282119617885,55.10388670272314,55.265902762520184,55.235201245896626,55.29745170213306,55.23586714083061,55.3290006504467,55.27683708788688,55.37162130742713,55.282319554027126,55.37162130742713,55.282319554027126
843.0,14.99638874845176,55.228285208350286,55.09856653543838,55.2735156513708,55.22151245329229,55.308533260797475,55.237262175317966,55.343550878756936,55.27663028398655,55.38878133558378,55.29329548980214,55.38878133558378,55.29329548980214
844.0,15.16984337740261,55.23329999790825,55.10007866809386,55.28116453362613,55.223425688938384,55.319685838971196,55.243355871287285,55.35820715268415,55.28019672789961,55.40607170194155,55.30554465073405,55.40607170194155,55.30554465073405
845.0,15.327152565366582,55.23832360019332,55.10709014667746,55.28884708023179,55.23799893937,55.33090765886369,55.25555904996987,55.3729682457016,55.29522163984053,55.42349173901765,55.32272530388211,55.42349173901765,55.32272530388211
846.0,15.489156850105829,55.243292718802685,55.125290351440036,55.29650054055789,55.275910799716875,55.34213651381747,55.26986796788272,55.387772495124146,55.29478587953145,55.4409803298998,55.332239216147904,55.4409803298998,55.332239216147904
847.0,15.6442607876843,55.248216789095025,55.129424772809735,55.304134704639345,55.28303221181292,55.35338255184178,55.27867174448768,55.402630406935316,55.30325003797908,55.45854833524766,55.34638577732653,55.45854833524766,55.34638577732653
848.0,15.795741066087023,55.25306542274762,55.12917530067997,55.311719560300226,55.28168542215714,55.36461614344424,55.28945991069814,55.41751273432621,55.32816489286705,55.476166884399056,55.36827608888787,55.476166884399056,55.36827608888787
849.0,15.940974167277652,55.25782033393191,55.11854659577623,55.31923710261032,55.258336538967164,55.37581957423804,55.29441830945131,55.43240205345338,55.352519256191975,55.49381883440879,55.39059629352559,55.49381883440879,55.39059629352559
850.0,16.096200422154336,55.26245480347364,55.13355795776524,55.32666083296716,55.291289806060874,55.38696657778597,55.31141062052997,55.44727233004483,55.36812541696839,55.51147837157657,55.40773657833574,55.51147837157657,55.40773657833574
851.0,16.250911381312388,55.26699879174091,55.13761773618097,55.33402084693207,55.30083466295895,55.39808739756445,55.32722355974954,55.46215395549202,55.40167389484006,55.529176022487015,55.43369459508525,55.529176022487015,55.43369459508525
852.0,16.4083613926878,55.27144523638288,55.13927604447363,55.34131029742734,55.30422695590028,55.4091754147646,55.33581554198733,55.47704053925483,55.41270327267429,55.54690561187305,55.449684614302804,55.54690561187305,55.449684614302804
853.0,16.56515867649174,55.27579858111865,55.12855603827495,55.34853381591375,55.28182171019079,55.42023546267128,55.34156482430716,55.4919371164422,55.438877637207334,55.564672362585206,55.473218468283456,55.564672362585206,55.473218468283456
854.0,16.723142563428553,55.28005144417648,55.13164130084374,55.355684214350276,55.289437619108426,55.431260561783475,55.349300810280084,55.50683691609305,55.44350876157817,55.58246969739305,55.486340496492325,55.58246969739305,55.486340496492325
855.0,16.888442558372816,55.28420310251234,55.13582978884409,55.362760935039496,55.2999336035065,55.44225033530958,55.359366751598856,55.52173974232154,55.45474663996087,55.60029758575729,55.50230190196275,55.60029758575729,55.50230190196275
856.0,17.05109890711773,55.28827427378156,55.13576149530025,55.369784851905514,55.30198667723921,55.45322582937212,55.37113873558809,55.53666681344859,55.481097674022315,55.618177402267534,55.52537670468495,55.618177402267534,55.52537670468495
857.0,17.218959307616565,55.29225034889173,55.131033226908855,55.37674156549982,55.2944596250777,55.46417287028011,55.38148525723547,55.551604181540675,55.51131713542402,55.63609540863409,55.55062973176106,55.63609540863409,55.55062973176106
858.0,17.385468245742736,55.29614467868606,55.12673081637309,55.383644587391565,55.28732632431532,55.475105147324975,55.38594458780712,55.56656571361147,55.5182562469926,55.6540656325965,55.5654350461736,55.6540656325965,55.5654350461736
859.0,17.55889515238851,55.299947262699625,55.141568293514865,55.39048410989393,55.323695444041185,55.4860130627402,55.407576701562476,55.58154202181471,55.54936740547368,55.67207887908655,55.59024493004944,55.67207887908655,55.59024493004944
860.0,17.727169986602384,55.303677571618415,55.144970111431256,55.39727976106199,55.333002467343654,55.496916419705485,55.415410056855656,55.596553084454705,55.55218803422137,55.690155283777536,55.60291638307166,55.690155283777536,55.60291638307166
861.0,17.886411109566396,55.307311935965956,55.14433107691669,55.40400807862186,55.334267679542236,55.50779198086811,55.424636808734434,55.61157588909982,55.56892609940194,55.70827204144038,55.621986701860436,55.70827204144038,55.621986701860436
862.0,18.03852096446667,55.31081364625595,55.14698106024981,55.41063248565428,55.34301501103546,55.51860332044477,55.435142317120146,55.62657416110267,55.583462839791,55.726393009994666,55.63989719172938,55.726393009994666,55.63989719172938
863.0,18.190577439183762,55.31415386257214,55.14893747483215,55.41712416207954,55.35037478920735,55.529321656837695,55.444833278700145,55.64151915734741,55.59637044891556,55.74448946616101,55.657056785770116,55.74448946616101,55.657056785770116
864.0,18.34500977442985,55.31732986897873,55.142621684321206,55.42348032116238,55.33968002602086,55.53994414985465,55.448792810837595,55.65640798418477,55.605247508896156,55.76255844549065,55.672729512542595,55.76255844549065,55.672729512542595
865.0,18.499701342720254,55.32034780415802,55.15032930111851,55.42970701500109,55.3599832176239,55.550476779740215,55.458018947683705,55.67124655000559,55.60470940788854,55.78060576979033,55.683309482236375,55.78060576979033,55.683309482236375
866.0,18.661538335145075,55.32320615790678,55.150828967965076,55.43580265650997,55.36470170921498,55.56091789440947,55.465315256912056,55.686033137725694,55.612451280666356,55.798629645093335,55.69777215163455,55.798629645093335,55.69777215163455
867.0,18.816827112667255,55.32592827867977,55.15280464065485,55.44179050510373,55.37322779533958,55.571290673555815,55.47506276944889,55.70079084731713,55.62639209203507,55.816653082331634,55.71487558249653,55.816653082331634,55.71487558249653
868.0,18.971627800669147,55.32848766908354,55.16204427017803,55.447644033599914,55.39847140717549,55.58156856649504,55.49200053751757,55.715493104593904,55.65182333482429,55.834649477530135,55.73679925966821,55.834649477530135,55.73679925966821
869.0,19.124669301970997,55.33088054954214,55.154417691552034,55.45335934932014,55.38638638697344,55.591747572272006,55.49958823116113,55.7301358003241,55.677142947930804,55.85261460835446,55.75961780705395,55.85261460835446,55.75961780705395
870.0,19.280896361552887,55.33309875817691,55.1505302911456,55.458928158655134,55.38255149166081,55.60181926759875,55.50484574630413,55.744710381541005,55.68560159709388,55.87053979010721,55.77471999469813,55.87053979010721,55.77471999469813
871.0,19.44384143515603,55.355307310598064,55.17701182264815,55.47443786401159,55.40506794249369,55.61179344090142,55.51409934308257,55.7491490226902,55.68411714732995,55.8682795840304,55.76619241923543,55.8682795840304,55.76619241923543
872.0,19.619948705309476,55.37746950356466,55.2064017586382,55.48994707894627,55.43381251932694,55.62169258424174,55.52416510874639,55.753438094338335,55.67969270144389,55.865915677488324,55.75606636637033,55.865915677488324,55.75606636637033
873.0,19.799926554850668,55.39963161315773,55.22661945108946,55.50549976352813,55.44213723117474,55.63156225623449,55.52952725149323,55.75762475364597,55.67715882376842,55.86349291162942,55.74711639357971,55.86349291162942,55.74711639357971
874.0,19.967596290772537,55.421805214757136,55.24708778584045,55.521105124715476,55.45244832882183,55.64141307757814,55.540990151402646,55.76172103505173,55.697086679565935,55.86102095247071,55.748218411811656,55.86102095247071,55.748218411811656
875.0,20.128842193516963,55.44394236379776,55.27432054771267,55.53671290378136,55.47837174672066,55.65119612854211,55.55796298469311,55.76567935782135,55.72274848154506,55.858449905116025,55.75175778969745,55.858449905116025,55.75175778969745
876.0,20.27947782636916,55.46601757511235,55.31068659345483,55.552295538214814,55.52264495146949,55.66088529894761,55.570528660274206,55.76947506410819,55.71181346023055,55.855753034374985,55.73856488589447,55.855753034374985,55.73856488589447
877.0,20.431158575376973,55.48799039106116,55.33336200462164,55.567810655663294,55.535936618770215,55.670439713822056,55.57500548235416,55.773068776319604,55.69993421973099,55.85288904794208,55.725314999496135,55.85288904794208,55.725314999496135
878.0,20.579454106524544,55.50986419571871,55.35108126703718,55.58325993084275,55.53895114516862,55.67986263865602,55.578680044755686,55.776465350720756,55.696153115252805,55.84986109272385,55.715663381103596,55.84986109272385,55.715663381103596
879.0,20.73016140448455,55.531625947958965,55.36760443353341,55.598628679173345,55.53972204928022,55.689140938068725,55.580293280917566,55.77965320112991,55.68755879224512,55.84665593908473,55.703727610009416,55.84665593908473,55.703727610009416
880.0,20.879238542430404,55.553284434281196,55.38965827925944,55.61392415772004,55.55340860109545,55.69828342889155,55.584688675943895,55.782642704144806,55.67822370010849,55.84328243418809,55.69095608522456,55.84328243418809,55.69095608522456
881.0,21.022287037505272,55.57483328668904,55.41704074770191,55.62913851301597,55.579466131018215,55.70728376147727,55.59333325843262,55.78542901393786,55.673994628401495,55.83973424673579,55.679968030075464,55.83973424673579,55.679968030075464
882.0,21.17285093152012,55.596249879640325,55.45467153647548,55.644247722330704,55.6286027931954,55.71611940879582,55.60952841451468,55.78799109917932,55.67654875487144,55.835988948209796,55.671324151434995,55.835988948209796,55.67654875487144
883.0,21.328249566049138,55.617562762145575,55.47561360776023,55.65927907293911,55.639247354902224,55.72481919691726,55.613268399399416,55.79035932473444,55.66756448495461,55.832075641739635,55.65823469909647,55.832075641739635,55.66756448495461
884.0,21.492641286854347,55.63878997762354,55.505269905790506,55.674249322739065,55.67121623900766,55.7334013091013,55.63020314072877,55.7925532992247,55.69004826812038,55.828012650425904,55.65858790734042,55.828012650425904,55.69004826812038
885.0,21.66017565535035,55.65996496327884,55.52668521861882,55.68919063032356,55.68289862705514,55.74189924879821,55.633737680174704,55.79460787095764,55.6788076974905,55.82383354396444,55.64449106343855,55.82383354396444,55.68289862705514
886.0,21.829012824726053,55.68109854387647,55.54757626301921,55.70411250041545,55.69387163280656,55.75032373864536,55.63793402436194,55.79653498048511,55.67167222651453,55.81954894286492,55.63203697981981,55.81954894286492,55.69387163280656
887.0,22.0044900022752,55.70219443346522,55.57513873297355,55.71901735312552,55.72127273412186,55.7586783595297,55.65249995854042,55.798339369470206,55.68964778196156,55.815162294852406,55.63030638690088,55.815162294852406,55.72127273412186
888.0,22.182905154326566,55.72327658998001,55.595058711206185,55.73392789839249,55.729300419280676,55.766986947545114,55.651554404453215,55.80004600016196,55.664804948608555,55.81069731417967,55.61006058920246,55.81069731417967,55.729300419280676
889.0,22.35779227440881,55.74435450470145,55.60869209373429,55.74885236253823,55.72552996252193,55.775258759805446,55.65777792238903,55.80166516046616,55.68140047114623,55.80616302379372,55.60819672970513,55.80616302379372,55.72552996252193
890.0,22.530305893307165,55.76541283210185,55.63506483225862,55.76377416053932,55.751291360793374,55.783478191352714,55.67236166413937,55.80318222549022,55.70173114814309,55.80154355930622,55.607568229860725,55.80318222549022,55.751291360793374
891.0,22.69795336290953,55.78644093566512,55.64558231900675,55.778681514912684,55.740678176176154,55.791634470047846,55.674636113340156,55.80458742843906,55.708791485922006,55.796828012955054,55.602027513068464,55.80458742843906,55.740678176176154
892.0,22.858753423157093,55.80741880853022,55.67165672921408,55.79355336000253,55.76484009519385,55.79970754754158,55.67925481667025,55.80586173826994,55.691272337855274,55.791996294902674,55.584868018470615,55.80741880853022,55.76484009519385
893.0,23.009578614643228,55.82831918489661,55.69126281438522,55.8083614793514,55.77555204228396,55.807670265685594,55.686807602726056,55.806979055143636,55.69938959651651,55.78702135465292,55.579051791965426,55.82831918489661,55.77555204228396
894.0,23.148977645205175,55.84910323076195,55.70955818308495,55.82306621579899,55.782389873759314,55.815484089231624,55.6863653471226,55.8079019657239,55.67989966799793,55.78186495571154,55.56108318648492,55.84910323076195,55.782389873759314
895.0,23.283481919411635,55.869727241763876,55.727533500422965,55.83762320127579,55.790019518019584,55.82310587102691,55.69104754095861,55.8085885437747,55.68135008217415,55.77648450813532,55.55199769955332,55.869727241763876,55.790019518019584
896.0,23.41583918956508,55.89017375853319,55.74653676425269,55.85201448382966,55.80036198582288,55.83051899427932,55.695406062760156,55.80902350766389,55.67941254319367,55.77086423770914,55.5412553713137,55.89017375853319,55.80036198582288
897.0,23.538970830489603,55.91043642616194,55.763746518427524,55.86623330648705,55.80740859287297,55.83771807378782,55.70035756806938,55.80920284396292,55.68374497149886,55.76499972893881,55.533206753080655,55.91043642616194,55.80740859287297
898.0,23.64869770469438,55.930481476995425,55.785823731569664,55.88024555522346,55.825901673954625,55.844670371318735,55.707043503789755,55.80909519022895,55.68407452455758,55.75885927301165,55.52307184962126,55.930481476995425,55.825901673954625
899.0,23.73903208920023,55.95025955765584,55.80267368132787,55.89400166516042,55.83305659743021,55.851327783389074,55.71182335142242,55.808653904374424,55.688536262469796,55.752396016339425,55.51482751230012,55.95025955765584,55.83305659743021
900.0,23.816023934713684,55.96969897928574,55.81108700817996,55.90742991419054,55.821984831060256,55.857620181305016,55.71262846920272,55.80781045111907,55.69619272201149,55.74554139039187,55.508233890533354,55.96969897928574,55.821984831060256
901.0,23.886533626987667,55.988753432875484,55.83051211941034,55.920484200924925,55.83701030607774,55.86350325522348,55.71799770562298,55.8065223121656,55.697286298657154,55.73825308449242,55.49810642298462,55.988753432875484,55.83701030607774
902.0,23.941230103558528,56.007404719079815,55.85488421651126,55.93314669665722,55.86265194951884,55.868961091687154,55.719515923672056,55.804775489305754,55.67308431703962,55.730517471071686,55.47641492577543,56.007404719079815,55.86265194951884
903.0,23.97800897604435,56.02559855562408,55.86194804967335,55.945363567958246,55.85047284424662,55.8739418138206,55.71844343412721,55.80252006221777,55.677659566797196,55.72228507865336,55.467544053126744,56.02559855562408,55.86194804967335
904.0,24.002698711629172,56.04327384813135,55.880030370900606,55.95707435080155,55.86487430777542,55.878387060816586,55.72303078650559,55.79969977331365,55.67988194684931,55.713500279999856,55.45689950584032,56.04327384813135,55.880030370900606
905.0,24.01477782131344,56.06039414099087,55.894844689059546,55.96824341831372,55.872790844671464,55.8822634753992,55.72694596806812,55.79628353491496,55.68670067211581,55.70413281617008,55.44813624953555,56.06039414099087,55.894844689059546
906.0,24.02036401324617,56.07692209374158,55.916671177636594,55.97883438262664,55.8975663612824,55.88553703381628,55.733880979350566,55.792239687385475,55.689606206739256,55.69415198012072,55.43710319655867,56.07692209374158,55.916671177636594
907.0,24.015341041229686,56.09284567439705,55.93120089075136,55.98883628848163,55.90451614877666,55.88819924165076,55.727743291168814,55.78756219714972,55.65857278457569,55.68355281500402,55.41133170848867,56.09284567439705,55.93120089075136
908.0,24.006704732172327,56.10813726172664,55.950160848153885,55.9982226402059,55.92465008867421,55.89022608724788,55.73525859345074,55.78222953657095,55.67122893233531,55.672314918741066,55.40363147567413,56.10813726172664,55.950160848153885
909.0,24.002707854091486,56.12279779677504,55.967634462847215,56.00699559667986,55.940673270443256,55.89162228114049,55.73446391158253,55.77624896783444,55.6549395989908,55.6604467713528,55.38327671393517,56.12279779677504,55.967634462847215
910.0,24.00139664804482,56.136860966898766,55.984041441405026,56.015190071449446,55.95592880570846,55.89242527363238,55.738642888804655,55.76966047800179,55.660584470534445,55.647989586090254,55.37200499838129,56.136860966898766,55.984041441405026
911.0,24.00139664804482,56.150352169801295,56.004516891348906,56.022832601976376,55.98013268771709,55.89266402977261,55.73911354115627,55.76249545970943,55.64283132322902,55.63497589534804,55.350228151778246,56.150352169801295,56.004516891348906
912.0,24.00139664804482,56.16329099635459,56.01392995074088,56.02994385627397,55.980108118968815,55.89236155924136,55.73834423845343,55.75477926430436,55.64519883855895,55.621432127614504,55.33722524720101,56.16329099635459,56.01392995074088
913.0,24.00139664804482,56.17569161958671,56.02478822630427,56.03653903834616,55.98334521966169,55.8915353379641,55.731959951312724,55.74653163963358,55.62275587440862,55.60737906171249,55.313266480540484,56.17569161958671,56.02478822630427
914.0,24.00139664804482,56.18756808459852,56.03682654063326,56.04263319326118,55.9912140631926,55.8902026282574,55.73181506354323,55.73777206526197,55.622343910573726,55.59283717717422,55.29830553755756,56.18756808459852,56.03682654063326
915.0,24.00139664804482,56.198934301751656,56.04653516962549,56.048241200305796,55.994167930818115,55.88838047207572,55.72876692148035,55.72851974581168,55.61577409608143,55.577826647546935,55.28064521782672,56.198934301751656,56.04653516962549
916.0,24.00139664804482,56.20980404026794,56.053768608066214,56.05337776659653,55.99292740488712,55.88608568476972,55.72804991567536,55.718793604867486,55.62366800177059,55.56236733431011,55.26912415457242,56.20980404026794,56.053768608066214
917.0,24.00139664804482,56.22019092223021,56.05759718185357,56.058057421135295,55.983475865213,55.88333484934065,55.718115041513805,55.70861227942997,55.603243015510515,55.546478781383364,55.24556996225506,56.22019092223021,56.05759718185357
918.0,24.00139664804482,56.230108416974254,56.06605794729116,56.06229450929646,55.986784115015936,55.88014431117535,55.715632200168265,55.697994114898414,55.601755013846336,55.530180210204534,55.22958798943522,56.230108416974254,56.06605794729116
919.0,24.00139664804482,56.23956983586151,56.06636821985854,56.06610318773269,55.9705617739353,55.876530173246344,55.70095347222835,55.686957160565186,55.57128534998902,55.513490515357205,55.20144482483208,56.23956983586151,56.06636821985854
920.0,24.00139664804482,56.24858832742179,56.06388905619846,56.06949741968647,55.94993650668805,55.8725082917615,55.68914463336218,55.675519165603525,55.55900260500628,55.49642826072724,55.18078486446528,56.24858832742179,56.06388905619846
921.0,24.00139664804482,56.224133131175066,56.027259416812754,56.055969099854074,55.92341692959769,55.868094272247696,55.67899452323789,55.680219446370906,55.56089280591155,55.51205541784842,55.19692218315985,56.224133131175066,56.027259416812754
922.0,24.00139664804482,56.199421916042546,56.00030409629015,56.042026479413906,55.91970536030419,55.863303466053104,55.673524253669484,55.68458045438525,55.56000244815107,55.52718502049583,55.210976884598644,56.199421916042546,56.00030409629015
923.0,24.00139664804482,56.174470914102535,55.97042959732486,56.02768909658587,55.90900110953517,55.85815096725269,55.66730390798276,55.68861283957657,55.563448449609005,55.54183102474105,55.22654141992523,56.174470914102535,55.97042959732486
924.0,24.00139664804482,56.149296052114394,55.94243373364611,56.01297607741629,55.90294458744854,55.8526516099417,55.664448868064035,55.69232714408902,55.57621343822446,55.55600717201518,55.245600855266595,56.149296052114394,55.94243373364611
925.0,24.00139664804482,56.12391294864953,55.90686460987358,55.9979061371221,55.87841225199259,55.846819965902085,55.65463573018138,55.69573379626955,55.579256727874146,55.56972698731067,55.26059933980543,56.12391294864953,55.90686460987358
926.0,24.00139664804482,56.09833691168856,55.88051611370348,55.98249758174047,55.87601046067404,55.84067034262694,55.65184033241355,55.698843105067176,55.5893319916352,55.58300377763308,55.27780255448085,56.09833691168856,55.88051611370348
927.0,24.00139664804482,56.07258293666388,55.84072334498913,55.96676831006855,55.84166274012091,55.834216781688305,55.64154777579137,55.7016652548288,55.600824940096246,55.59585063069404,55.29595301426599,56.07258293666388,55.84166274012091
928.0,24.00139664804482,56.046665704927385,55.80304968840798,55.95073581587825,55.813157437403106,55.827473057433785,55.634476161726475,55.70421030047771,55.62031033821196,55.608280413836816,55.31718305949787,56.046665704927385,55.813157437403106
929.0,24.00139664804482,56.0205995826236,55.7769196315107,55.93441719039122,55.811355441048924,55.82045267599785,55.63008934230784,55.706488163061195,55.624179690301844,55.62030577318582,55.331145330979616,56.0205995826236,55.811355441048924
930.0,24.00139664804482,55.99439861994868,55.745694435774425,55.91782912499973,55.79663147904729,55.8131688746138,55.6208610750799,55.708508625653586,55.621212075731016,55.631939133011464,55.34211413749533,55.99439861994868,55.79663147904729
931.0,24.00139664804482,55.96807655077654,55.7170496757385,55.90098791421912,55.78766314646537,55.80563462121272,55.61254800168226,55.71028132960166,55.61670342372474,55.64319269530195,55.35191576764782,55.96807655077654,55.78766314646537
932.0,24.00139664804482,55.94164679263364,55.68556930921798,55.88390945885834,55.77226527338791,55.79786261429597,55.60643392489299,55.711815771099225,55.62781756886679,55.654078439533514,55.36805741555431,55.94164679263364,55.77226527338791
933.0,24.00139664804482,55.91512244700452,55.650030818619896,55.86660926939492,55.74616686974699,55.789865283068224,55.592772661070725,55.71312129807802,55.619039513199795,55.66460812263091,55.37579223162918,55.91512244700452,55.74616686974699
934.0,24.00139664804482,55.88851629995062,55.61154265188072,55.8491024695416,55.71293208048242,55.781654787818084,55.57592143900563,55.71420710740256,55.605555052676586,55.67479327910989,55.38124315047685,55.88851629995062,55.71293208048242
935.0,24.00139664804482,55.86184082302555,55.57008354952055,55.83140379999175,55.67396356563078,55.77324302053399,55.563070579650045,55.71508224235632,55.615427339035094,55.684645221393716,55.39621954323798,55.86184082302555,55.67396356563078
936.0,24.00139664804482,55.835108174470264,55.54818220276847,55.81352762233153,55.68207731593889,55.7646416057431,55.56369230203914,55.71575559040743,55.63342101560269,55.69417504029569,55.413602412101724,55.835108174470264,55.68207731593889
937.0,24.00139664804482,55.80833020067237,55.50765516519045,55.79548792310676,55.64447431423368,55.75586190156139,55.55047742083553,55.716235881242014,55.63963919471923,55.70339360566011,55.42682140705622,55.80833020067237,55.64447431423368
938.0,24.00139664804482,55.781518437874084,55.48379233253572,55.77729831803316,55.646070419566904,55.74691500094344,55.5431437462555,55.716531685053525,55.63122358557104,55.71231156715393,55.43295511717074,55.781518437874084,55.646070419566904
939.0,24.00139664804482,55.75468411411391,55.45259217695866,55.75897205633868,55.628449255769645,55.73781173312081,55.52655825196206,55.7166514110771,55.60430352311153,55.72093935520172,55.43125208425731,55.75897205633868,55.628449255769645
940.0,24.00139664804482,55.72783815138772,55.42210821997403,55.74052202522744,55.61278161406753,55.72856266521807,55.51378723118701,55.71660330635776,55.592070450528546,55.729287182056716,55.43508045865815,55.74052202522744,55.61278161406753
941.0,24.00139664804482,55.70099116801532,55.39127526001357,55.72196075445482,55.59562109277719,55.7191781040361,55.49933606567915,55.716395454741864,55.574996487767706,55.73736504300085,55.43650049877194,55.73736504300085,55.59562109277719
942.0,24.00139664804482,55.674153481198985,55.36187706102074,55.703300421003775,55.58296092795576,55.709668097992406,55.49412469900462,55.71603577608147,55.591559256214786,55.74518271766683,55.45152796335645,55.74518271766683,55.591559256214786
943.0,24.00139664804482,55.64733510976125,55.32579817614602,55.6845528538529,55.552606611465386,55.70004243920874,55.477593467709,55.715532025641465,55.579071722711184,55.7527497714756,55.45470482239891,55.7527497714756,55.579071722711184
944.0,24.00139664804482,55.620545777049315,55.28305081731245,55.66572953882703,55.506883372441806,55.69031066573644,55.45989341818572,55.7148917936997,55.57818042708097,55.7600755571826,55.4626853278742,55.7600755571826,55.57818042708097
945.0,24.00139664804482,55.59379491399426,55.24963594288584,55.64684162352155,55.48322794792138,55.68048206391041,55.44355547903807,55.71412250533055,55.561802216591346,55.76716921652654,55.463593050714216,55.76716921652654,55.561802216591346
946.0,24.00139664804482,55.567091662313466,55.221662094950965,55.62789992229208,55.47296069153156,55.67056567082285,55.434149199623874,55.71323142036282,55.560905934739544,55.77403968197441,55.470345484839626,55.77403968197441,55.560905934739544
947.0,24.00139664804482,55.5404448778453,55.185666343943126,55.608914921301334,55.44276030418326,55.66057027690831,55.41949012479029,55.71222563350287,55.55819573168387,55.78069567855691,55.47652872766604,55.78069567855691,55.55819573168387
948.0,24.00139664804482,55.51386313400542,55.16106538259498,55.58989678361556,55.44040114417635,55.650504428631805,55.41522927626753,55.711112074614476,55.57027439952709,55.787145725788406,55.48820395127822,55.787145725788406,55.57027439952709
949.0,24.00139664804482,55.487354725354535,55.129858341701805,55.57085535434312,55.421223470220745,55.64037643127218,55.406691691510524,55.70989750914697,55.58053205995177,55.79339813966584,55.4994331452317,55.79339813966584,55.58053205995177
950.0,24.00139664804482,55.46092767126803,55.09361407053155,55.55180016580822,55.38920566346274,55.63019435179315,55.39291806200106,55.70858853870355,55.58183906679113,55.79946103474124,55.50716100591104,55.79946103474124,55.58183906679113
951.0,24.00139664804482,55.43458971969802,55.0647472531216,55.532740442753095,55.37458076984195,55.619966021794745,55.38180827812496,55.70719160174204,55.57689690466667,55.80534232626253,55.511851298780826,55.80534232626253,55.57689690466667
952.0,24.00139664804482,55.40834835101901,55.03738688046081,55.513685107562225,55.36280969118806,55.60969904053822,55.37059806347408,55.70571297440044,55.568552270358,55.81104973237767,55.51486377536283,55.81104973237767,55.568552270358
953.0,24.00139664804482,55.38221078194874,55.010139396500506,55.4946427855026,55.351357203103866,55.599400778037726,55.36370014252255,55.70415877144009,55.57728352981804,55.81659077639722,55.524743762276515,55.81659077639722,55.57728352981804
954.0,24.00139664804482,55.35618396953604,54.965248935965015,55.47562180997426,55.297145647189495,55.58907837821247,55.347869359683834,55.702534947299334,55.591644671263516,55.82197278911074,55.53775795582528,55.82197278911074,55.591644671263516
955.0,24.00139664804482,55.33027461520798,54.92139380630549,55.45663022776562,55.24510411457702,55.57873876209309,55.32647024943787,55.70084729725101,55.58183234647892,55.8272029111524,55.54079246294787,55.8272029111524,55.58183234647892
956.0,24.00139664804482,55.30448916886909,54.899633750695116,55.43767580430851,55.24697848789636,55.568388631076544,55.31934856070291,55.699101458657225,55.57760662283953,55.832288095411585,55.54495036351871,55.832288095411585,55.57760662283953
957.0,24.00139664804482,55.27883383304549,54.86473620147581,55.418766028927934,55.21561484878758,55.55803447022393,55.30184928630139,55.697302912315145,55.56348413393045,55.83723510948434,55.54541972838771,55.83723510948434,55.56348413393045
958.0,24.00139664804482,55.25331456706743,54.84326661557759,55.39990812008204,55.21606296295602,55.54768255159583,55.28999623571189,55.69545698388778,55.54127778287469,55.84205053816156,55.54166758095026,55.84205053816156,55.54166758095026
959.0,24.00139664804482,55.22793709128386,54.82158516476787,55.3811090305879,55.21589981651243,55.53733893762024,55.28425875108896,55.693568845414056,55.54435791666867,55.84674078595026,55.54801881936886,55.84674078595026,55.54801881936886
960.0,24.00139664804482,55.20270689130312,54.78772235296123,55.36237545282905,55.184949974321974,55.527009484488204,55.269349337254326,55.691643516892505,55.539743045993944,55.85131207962417,55.551687258832146,55.85131207962417,55.551687258832146
961.0,24.00139664804482,55.21354903763486,54.7981815157916,55.361673731631356,55.179203932505104,55.516699845572525,55.25977755423701,55.67172596024286,55.532001307518094,55.81985065541923,55.51971348748759,55.81985065541923,55.532001307518094
962.0,24.00139664804482,55.22419569268473,54.817796284728125,55.36099074083607,55.19486548789416,55.5064154748653,55.24755707803315,55.65184020960805,55.49154777743818,55.78863525891396,55.474312085106725,55.78863525891396,55.49154777743818
963.0,24.00139664804482,55.23465448814807,54.830712562190875,55.36032846417859,55.194885635194225,55.496161630430045,55.23462382431586,55.63199479737971,55.463755782894005,55.75766877454006,55.43449799399872,55.75766877454006,55.463755782894005
964.0,24.00139664804482,55.24493283114157,54.85204170428383,55.35968884476969,55.21550867343386,55.48594337786455,55.225619654736605,55.61219791164265,55.43137995037018,55.72695392637637,55.39265533463176,55.72695392637637,55.43137995037018
965.0,24.00139664804482,55.255037908823645,54.87379987967665,55.35907378313041,55.23773799314686,55.47576559377072,55.22151389043617,55.592457405079614,55.41672768226651,55.69649328046826,55.358285006285094,55.69649328046826,55.41672768226651
966.0,24.00139664804482,55.26497669295475,54.88060318388067,55.35848513540371,55.22323451131589,55.46563296922783,55.20646119832748,55.57278080370621,55.39289776211217,55.66628924721386,55.321188203709625,55.66628924721386,55.39289776211217
967.0,24.00139664804482,55.274755944397555,54.889596958895716,55.3579247117347,55.21471834443489,55.45555001326605,55.19111425817908,55.55317531543763,55.36236192837971,55.63634408381075,55.28152101376257,55.63634408381075,55.36236192837971
968.0,24.00139664804482,55.284382217556846,54.903205582198446,55.35739427481147,55.21819276513964,55.445521056336794,55.17912061937353,55.533647838488626,55.3339660207942,55.60665989675701,55.24273292366588,55.60665989675701,55.3339660207942
969.0,24.00139664804482,55.29386186475888,54.90487055106786,55.356895538558994,55.19359396503884,55.435550253777286,55.16293686912987,55.51420496960865,55.316482895294406,55.57723864440078,55.20919705103377,55.57723864440078,55.316482895294406
970.0,24.00139664804482,55.30320104057032,54.909183159387204,55.35643016697863,55.176479380516646,55.42564158926622,55.1473061297839,55.49485301215373,55.2943296074084,55.548082139532795,55.17400577712874,55.548082139532795,55.2943296074084
971.0,24.00139664804482,55.31240570605661,54.918461397219524,55.355999773126214,55.17232895740995,55.415798878268134,55.134545927636,55.47559798399712,55.27132251562651,55.51919205201666,55.13855902156428,55.51919205201666,55.27132251562651
972.0,24.00139664804482,55.32148163297988,54.94231296917771,55.35560591822183,55.20452867982121,55.40602577146388,55.13382377761182,55.456445625280416,55.2609096704619,55.490569911451935,55.10795714527425,55.490569911451935,55.2609096704619
973.0,24.00139664804482,55.33043440793651,54.956212180957735,55.3552501108848,55.21090164709513,55.39632575816495,55.12138947479859,55.43740140600727,55.22664002314004,55.46221710986521,55.06840157653526,55.46221710986521,55.22664002314004
974.0,24.00139664804482,55.33926943643431,54.96493300218164,55.35493380648743,55.20601218764642,55.38670216970942,55.11258547889237,55.41847053348153,55.21843335622611,55.4341349044248,55.03993278641466,55.4341349044248,55.21843335622611
975.0,24.00139664804482,55.347991946909694,54.97173850264312,55.35465840662152,55.19737984330977,55.377158182837576,55.104762642600505,55.399657959591956,55.2173964016365,55.406324420174855,55.01498934228584,55.406324420174855,55.2173964016365
976.0,24.00139664804482,55.35660699468486,54.97797320533685,55.354425258671725,55.18734356095604,55.36769682304519,55.092657473411606,55.38096838794545,55.19963559233145,55.378786652784726,54.98376478489381,55.38096838794545,55.19963559233145
977.0,24.00139664804482,55.3651194658653,54.98749386162929,55.354235655490164,55.18621607822488,55.358320967912846,55.08411839481181,55.362406280851026,55.1875280561979,55.351522471310034,54.95506324260059,55.3651194658653,55.1875280561979
978.0,24.00139664804482,55.373534081177894,54.99671639783493,55.354090835166836,55.18449305736359,55.34903335040946,55.07408775845454,55.34397586615653,55.169404114405786,55.32453262096175,54.924306813584444,55.373534081177894,55.18449305736359
979.0,24.00139664804482,55.38185539974986,55.007979096870535,55.35399198089065,55.18785993259272,55.33983656216867,55.06402171299394,55.32568114394034,55.145781208084635,55.29781772587991,54.89151657746372,55.38185539974986,55.18785993259272
980.0,24.00139664804482,55.3900878228289,55.02252914753003,55.35394022089608,55.19994958519523,55.33073305673655,55.05931239476919,55.307525893060095,55.1350068620418,55.27137829190894,54.86410257302586,55.3900878228289,55.19994958519523
981.0,24.00139664804482,55.39823559744489,55.03374096527304,55.353936628490665,55.20345904101744,55.32172515278934,55.05052873097609,55.28951367756074,55.11513658540587,55.245214709371446,54.833498653902986,55.39823559744489,55.20345904101744
982.0,24.00139664804482,55.406302820013444,55.04916458709418,55.35398222215868,55.217504797776,55.31281503732006,55.045146321517166,55.271647852944035,55.09822560753943,55.21932725583781,54.80420289947708,55.406302820013444,55.217504797776
983.0,24.00139664804482,55.41429343988188,55.058397747250176,55.35407796573661,55.216523969439095,55.30400476879278,55.037249808401334,55.25393157230165,55.085228051629265,55.193716098888885,54.77709435964127,55.41429343988188,55.216523969439095
984.0,24.00139664804482,55.42221126281784,55.07784158632104,55.3542247686562,55.2399153520715,55.29529628026368,55.0311139763532,55.23636779231416,55.05461727066319,55.16838129886935,54.742662427677715,55.42221126281784,55.2399153520715
985.0,24.00139664804482,55.4300599544411,55.091751590269794,55.35442348625101,55.24910172891158,55.28669138246776,55.020357372426275,55.21895927911803,55.018730369516284,55.14332281162942,54.70640353990851,55.4300599544411,55.24910172891158
986.0,24.00139664804482,55.43784304359904,55.102042581608785,55.35467492012246,55.251399334414515,55.27819176687055,55.01885491255596,55.20170861404288,55.02753641110604,55.118540491252766,54.688701408727646,55.43784304359904,55.251399334414515
987.0,24.00139664804482,55.44556392568619,55.113733467731265,55.35497981856189,55.256520823532135,55.26979900868393,55.01344175957966,55.18461819922114,55.016227436344955,55.0940340927686,54.6633334752317,55.44556392568619,55.256520823532135
988.0,24.00139664804482,55.453225865908394,55.11991108437153,55.35533887702473,55.248281220073615,55.261514569845396,55.00428827610576,55.167690263072345,55.002407451978854,55.069803274846066,54.63754003153626,55.453225865908394,55.248281220073615
989.0,24.00139664804482,55.46083200249206,55.127965692038934,55.355752738653656,55.24474441864846,55.253339801960145,54.99379931833511,55.15092686566422,54.97844715704418,55.04584760246913,54.60782968799103,55.46083200249206,55.24474441864846
990.0,24.00139664804482,55.46838534983904,55.13577312207395,55.35622199484725,55.24156155295636,55.245275949205435,54.986555929756115,55.13432990395269,54.967557969075244,55.022166549590466,54.58367906218888,55.46838534983904,55.24156155295636
991.0,24.002707854091486,55.475888801627626,55.1413624947881,55.35674718587111,55.23281735356968,55.23732415119671,54.97484739151865,55.11790111690307,54.943724873053576,54.99875950176264,54.55467068352384,55.475888801627626,55.23281735356968
992.0,24.00572132763733,55.48335029091736,55.14408962133587,55.35733395856539,55.218327806876395,55.22949060287213,54.96545384081514,55.10164724755149,54.935458890965506,54.97563091580245,54.53235962337935,55.48335029091736,55.218327806876395
993.0,24.00942623676041,55.490779038160824,55.15692153940907,55.357989297296704,55.22905099677953,55.22178277280435,54.96170457334788,55.08557624867666,54.92493991922037,54.95278650840257,54.509083268764684,55.490779038160824,55.22905099677953
994.0,24.010814121523254,55.49818000134804,55.171493737062654,55.35871596806951,55.243772102163554,55.214203845379714,54.95864036233,55.06969172304678,54.912289248312014,54.93022769034567,54.48520544538487,55.49818000134804,55.243772102163554
995.0,24.007513618898486,55.50554612726492,55.182616574965294,55.35950477968739,55.249943555784895,55.20674499574814,54.95427115846284,55.05398521215812,54.90193572487537,54.907943865145654,54.4627253954503,55.50554612726492,55.249943555784895
996.0,24.00034570725596,55.51286117411013,55.19115173204811,55.360337438160826,55.249418824352915,55.19938827982677,54.9457512002956,55.038439121834486,54.88076315834974,54.88591538643817,54.43623941210153,55.51286117411013,55.249418824352915
997.0,23.98634107704117,55.52011251912844,55.21123716022897,55.36119937771845,55.2773741496702,55.19211949270686,54.944782907400636,55.02303960802974,54.86196877934774,54.86412646716092,54.4103809411287,55.52011251912844,55.2773741496702
998.0,23.965471194924167,55.527276168320114,55.21565856987733,55.36206475745302,55.26706333822339,55.18491315649217,54.93728708313463,55.00776155585865,54.85384016077607,54.842550145521166,54.389740084372875,55.527276168320114,55.26706333822339
999.0,23.934516808227507,55.53432864111468,55.22517853014477,55.362908375397694,55.26889211069995,55.17774446756141,54.92707618027813,54.992580560045454,54.82266272507462,54.82116029484677,54.359721342945896,55.53432864111468,55.26889211069995
1000.0,23.89122393134319,55.54123444246139,55.23870085822563,55.36369313627381,55.281566131116705,55.170576764089574,54.923858987605215,54.97746039221883,54.80974444437823,54.79991908653849,54.336965353411905,55.54123444246139,55.281566131116705
1001.0,23.837556645348428,55.512997823074166,55.19840646192189,55.34689804374845,55.24508626866934,55.16336575402734,54.91739521373818,54.97983346461302,54.832348371970724,54.81373368578371,54.36280990732874,55.512997823074166,55.24508626866934
1002.0,23.774542518769568,55.484926177998474,55.16809804106043,55.33004436224183,55.23155787919198,55.156076375512164,54.90863146016378,54.98210838908274,54.82284807148885,54.8272265738119,54.37498936091403,55.484926177998474,55.23155787919198
1003.0,23.7033529664553,55.45698725657385,55.14343853042225,55.31310554253644,55.232108462657656,55.148678851812136,54.90936337985828,54.98425216138166,54.838525144734795,54.84037044781969,54.39671775245712,55.45698725657385,55.232108462657656
1004.0,23.628572195960594,55.429154775693156,55.10925571312993,55.29606069942479,55.208779883618156,55.14114910431374,54.90670805811111,54.98623750949025,54.86341655253264,54.85314343368717,54.42244776523963,55.429154775693156,55.208779883618156
1005.0,23.55193956074063,55.40142153818992,55.0765342919952,55.278907756875284,55.187764030081134,55.13348191065898,54.89911665964237,54.9880560647241,54.86564767515295,54.86554228386482,54.4387594585996,55.40142153818992,55.187764030081134
1006.0,23.47509561667396,55.37378752993549,55.039928229358694,55.261651612658966,55.15721598072229,55.1256791242795,54.89079468736413,54.989706636175455,54.874971729062295,54.87757071934458,54.457779674666234,55.37378752993549,55.15721598072229
1007.0,23.397125970070153,55.34625922791302,55.00976956120553,55.244303475824275,55.141952089052296,55.1177490297229,54.8841923347756,54.99119458389107,54.876593575124275,54.889238832238476,54.473101779028426,55.34625922791302,55.141952089052296
1008.0,23.31654364367161,55.31883937407481,54.97333725883479,55.2268706673442,55.110857443658574,55.109696159277206,54.87387173528504,54.99252165147401,54.879180531721495,54.900552945170254,54.48873185212915,55.31883937407481,55.110857443658574
1009.0,23.236911469787874,55.29152490678096,54.9413692048284,55.20935454613782,55.089768077892735,55.10151920314706,54.86137730739454,54.993683860414485,54.863750934933684,54.911513500189116,54.49643802093588,55.29152490678096,55.089768077892735
1010.0,23.16169245093839,55.264326805759644,54.90242900077496,55.191770342078215,55.05233000688907,55.09323082021874,54.85069393113912,54.99469129861194,54.8731151859096,54.922134835339385,54.51404929277056,55.264326805759644,55.05233000688907
1011.0,23.08466079147615,55.23726909362955,54.858780400059395,55.17414620676204,55.00330150212283,55.08485672849036,54.83557547071124,54.99556725046596,54.876686819364714,54.93244436399861,54.52930029817329,55.23726909362955,55.00330150212283
1012.0,23.00968751316612,55.21035076492442,54.82703741754943,55.15648518817019,54.98430491480651,55.0763977166947,54.830874819257545,54.996310245461224,54.89388348205583,54.942444669098634,54.5493620085539,55.21035076492442,54.98430491480651
1013.0,22.933487670315355,55.1835858700085,54.795608616403605,55.138805243004846,54.965088678538095,55.0678695760782,54.8237792624151,54.99693390938842,54.90107359144255,54.95215328276807,54.565232878462055,55.1835858700085,54.965088678538095
1014.0,22.854024115877678,55.15697524365921,54.76504234320801,55.121111016563944,54.947078218308086,55.05927492306372,54.81514946919558,54.997438829795314,54.90074224350282,54.961574603075206,54.577770745589,55.15697524365921,54.947078218308086
1015.0,22.77195274779456,55.130511873142055,54.7405062333924,55.10339917549761,54.942823863088734,55.05060848825189,54.80819928477446,54.99781780123306,54.893662418336795,54.970705103955794,54.5869596026735,55.130511873142055,54.942823863088734
1016.0,22.68803784642361,55.10419160363066,54.71709304425873,55.085669094300734,54.93996786095717,55.04186777548005,54.80023405689214,54.99806645688143,54.88096372134576,54.979543947910884,54.593380106448464,55.10419160363066,54.93996786095717
1017.0,22.60496559990575,55.07801343718154,54.68960970149435,55.06792316772174,54.92717906708887,55.03305337947529,54.79590805468545,54.9981835914462,54.8930562949788,54.98809332233813,54.60967634597044,55.07801343718154,54.92717906708887
1018.0,22.52367952509766,55.051986773776626,54.6639274782034,55.050174065903626,54.918527970620744,55.02417624732458,54.7953815747782,54.998178428958276,54.915910609654816,54.99636572142954,54.63020046861508,55.051986773776626,54.918527970620744
1019.0,22.443833314374437,55.02612428009687,54.63141325569494,55.032437638800616,54.8905281103485,55.01525061136757,54.779649287343744,54.99806358414275,54.895207383958535,55.00437694318345,54.63318158297719,55.032437638800616,54.895207383958535
1020.0,22.367719587620307,55.00043680260026,54.59809613082642,55.014727843189725,54.86148022995504,55.00628892342037,54.77006988844067,54.99785000385483,54.901882992654,55.0121410447741,54.646898287877676,55.014727843189725,54.901882992654
1021.0,22.292275325042045,54.97494351924342,54.5730606829612,54.99706689293265,54.85201211140862,54.99731199707524,54.7634567949789,54.99755710141732,54.901237719417544,55.01968047542937,54.6571079262648,55.01968047542937,54.901237719417544
1022.0,22.21366231451768,54.949651130540154,54.53977407605514,54.979464478718874,54.82192400411788,54.988328250041526,54.753751833797494,54.997192021559435,54.90836181581923,55.02700537005412,54.67063220719419,55.02700537005412,54.90836181581923
1023.0,22.136448321915914,54.92455142270348,54.50665951615206,54.96191529782881,54.79226028449331,54.979331194443134,54.74504358520094,54.99674709124857,54.919339866159945,55.03411096668317,54.68561353250982,55.03411096668317,54.919339866159945
1024.0,22.061669173470975,54.89965389877796,54.49497101204453,54.944431644727416,54.81399448534198,54.97033198051622,54.746507662060786,54.99623231649209,54.92024629960289,55.04101006274426,54.695455916567184,55.04101006274426,54.92024629960289
1025.0,21.98425898657713,54.87497159813393,54.47082652676503,54.927029286463856,54.802998964017384,54.96134532199433,54.73753222822896,54.99566135770791,54.90989046521653,55.047719046334144,54.70099979211841,55.047719046334144,54.90989046521653
1026.0,21.90743937325695,54.850497770562626,54.43466671727483,54.90970415054733,54.76195049458993,54.95236619235953,54.720919556487075,54.995028234350954,54.898763604933336,55.0542346146257,54.70640009592294,55.0542346146257,54.898763604933336
1027.0,21.828397920405934,54.82623813206598,54.40335499572391,54.892464525855324,54.73244857278468,54.943401965327666,54.70462311568406,54.99433940497544,54.87872306074511,55.060565799048696,54.70758465593656,55.060565799048696,54.87872306074511
1028.0,21.745477261811597,54.80218748939001,54.38676991141519,54.87530772687713,54.73948954052228,54.934449113392596,54.70298598540858,54.99359050007978,54.88281567113843,55.06671073784482,54.71758503769674,55.06671073784482,54.88281567113843
1029.0,21.65876211270941,54.77833456922343,54.36290179716918,54.858224894083484,54.72709465213802,54.925497974176324,54.694861041448306,54.99277105443726,54.87883848189996,55.072661379569354,54.72444522666132,55.072661379569354,54.87883848189996
1030.0,21.57129787153378,54.75466886288512,54.336187637267834,54.84120782385523,54.70776987737261,54.916539560330115,54.68894653731031,54.991871296969556,54.890703882723635,55.07841025820596,54.737703911097185,55.07841025820596,54.890703882723635
1031.0,21.488087234679124,54.73119176577459,54.31059992677284,54.82426011300294,54.690439980229456,54.90757670395466,54.68193519532095,54.99089329506746,54.895722220281314,55.08396164255649,54.74808082348201,55.08396164255649,54.895722220281314
1032.0,21.406202549778094,54.70792343913817,54.284598422006965,54.80740405775975,54.67105153862593,54.89863098799476,54.67164775602785,54.98985791838745,54.88926863841422,55.089338537264204,54.75365572007457,55.089338537264204,54.88926863841422
1033.0,21.328842941345115,54.684872191752014,54.25304612057149,54.79065009231698,54.63682311019885,54.88971223740262,54.6527688651943,54.988774382642625,54.86309675909418,55.09455228345739,54.75110609211218,55.09455228345739,54.86309675909418
1034.0,21.252789525350444,54.66205796872087,54.22796173739794,54.77402024594552,54.619420154108326,54.88084194082374,54.64464304226507,54.98766363585309,54.86522945461191,55.09962591332227,54.759435048936275,55.09962591332227,54.86522945461191
1035.0,21.17581633340929,54.639487788082185,54.19806092070977,54.757523615507644,54.58967359568379,54.8720287551855,54.63311306456809,54.9865338950113,54.86562981249737,55.104569722676146,54.767172875345885,55.104569722676146,54.86562981249737
1036.0,21.09414553788868,54.61715998878949,54.176002696486684,54.7411605787052,54.577596676042745,54.86327268074932,54.61949299170183,54.98538478293827,54.840169084593576,55.10938537308834,54.76379735979456,55.10938537308834,54.840169084593576
1037.0,21.01428546601291,54.59505878883907,54.14886064607632,54.724917329647454,54.553896938660884,54.854559570425785,54.61128907296675,54.984201811345905,54.84888077569241,55.114060352383724,54.77425056520024,55.114060352383724,54.84888077569241
1038.0,20.935731439116378,54.57319329506199,54.12910627978325,54.708804850512344,54.54685246410058,54.845900059503734,54.602334407766534,54.982995268633935,54.83758661840403,55.118606824308905,54.776143431462536,55.118606824308905,54.83758661840403
1039.0,20.856632182310083,54.55157030787277,54.107927128385086,54.69283178931074,54.53662952402438,54.83730251231674,54.599538208579894,54.98177323545865,54.85421385500637,55.123034717116504,54.78935246416004,55.123034717116504,54.85421385500637
1040.0,20.775928570826814,54.530189395520324,54.090164088365675,54.67699952962715,54.53321198009218,54.82876808429455,54.59483262935096,54.980536639095,54.855162031877114,55.12734677341711,54.79607215890364,55.12734677341711,54.855162031877114
1041.0,20.693905200670844,54.53997270667337,54.10300133477305,54.676768700914636,54.53129325112335,54.82029392687035,54.58441977003784,54.96381915295632,54.83076695575611,55.100615147408355,54.76306915683802,55.100615147408355,54.83076695575611
1042.0,20.61009418421441,54.549554638732396,54.120308656396645,54.676557421709255,54.5413758859438,54.81187832423055,54.57974347915598,54.94719922687936,54.817784992656456,55.07420201006257,54.734843551368165,55.07420201006257,54.817784992656456
1043.0,20.52696155320756,54.55893520633404,54.13784787458823,54.67635988917742,54.55227918415539,54.803517863257284,54.57518486211891,54.930675837462005,54.80375542579133,55.04810052050741,54.70658275662468,55.04810052050741,54.80375542579133
1044.0,20.443528105698775,54.56812355187497,54.1557361118272,54.67617964040511,54.564260981789474,54.79521836223514,54.57091981993794,54.91425708418741,54.78915390066352,55.02231317291536,54.678457698933286,55.02231317291536,54.78915390066352
1045.0,20.36254041431797,54.5771249278977,54.172704267458336,54.67601649830467,54.57465790178957,54.78698179255541,54.56877079156733,54.89794708692584,54.78401197041481,54.996838657526474,54.654657041240355,54.996838657526474,54.78401197041481
1046.0,20.280288261415553,54.58595457183028,54.1813356757324,54.67588045130645,54.56368119690137,54.77882017490978,54.553035530037505,54.8817598986303,54.74435170622103,54.97168577829609,54.617453956879274,54.97168577829609,54.74435170622103
1047.0,20.20073143911637,54.5946135900257,54.20182979847133,54.67576749927563,54.58350223651561,54.770731398179265,54.55178809045194,54.86569529719763,54.733655109290424,54.94684920663322,54.59172834773654,54.94684920663322,54.733655109290424
1048.0,20.12078281806933,54.603117628776545,54.204946061348885,54.67568836193783,54.560736416371874,54.762727975873695,54.53701091563381,54.849767589921896,54.70972832552186,54.92233832326496,54.56171826617099,54.92233832326496,54.70972832552186
1049.0,20.04481374866245,54.6114705169893,54.22130289393624,54.67564206988659,54.571501759200245,54.754810595846244,54.532038503382246,54.83397912191589,54.692904759353965,54.89815067499117,54.53430890064856,54.89815067499117,54.692904759353965
1050.0,19.965624025716973,54.619692013279796,54.23035852064299,54.675643742188605,54.56573376215843,54.74699593819995,54.52824134133984,54.818348134319,54.69674780683585,54.87429986340209,54.51612496728797,54.87429986340209,54.69674780683585
1051.0,19.888327824683916,54.62777487801863,54.23701063976032,54.67568160337783,54.553640108801865,54.73927364668521,54.515785914802365,54.80286569009805,54.6712467487951,54.85077241562791,54.48650720296997,54.85077241562791,54.6712467487951
1052.0,19.81180947024287,54.63573079291395,54.25021664900303,54.675762980385954,54.55891599572221,54.73165241217253,54.51152178673708,54.78754184406236,54.66209262664486,54.82757403170147,54.46358146609911,54.82757403170147,54.66209262664486
1053.0,19.736068962393837,54.643567002597024,54.264495781368154,54.6758908802184,54.567335808413105,54.72413649556775,54.5096791547565,54.77238211101821,54.658887018591656,54.80470598880321,54.44350072502603,54.80470598880321,54.658887018591656
1054.0,19.65936289255722,54.65129052099727,54.27688723355067,54.67606820464891,54.57112276356276,54.716729959267695,54.50532999107335,54.75739171398549,54.64919600606945,54.78216939779735,54.42131225070142,54.78216939779735,54.64919600606945
1055.0,19.583886336442724,54.658901773967074,54.286731139042196,54.67629138838148,54.56886396341881,54.709430309089285,54.498178831913926,54.74256922989405,54.63371885892917,54.759958844465345,54.39723270625781,54.759958844465345,54.63371885892917
1056.0,19.50529308543368,54.6664091498157,54.29839757300799,54.67656496453332,54.57159221599596,54.70224308274501,54.49284676164263,54.727921201051636,54.620516609482124,54.7380770159229,54.374331592390966,54.7380770159229,54.620516609482124
1057.0,19.425563514834494,54.673804950891444,54.31321177045692,54.676877487157284,54.5824232934087,54.69515775104087,54.490698805435876,54.71343801501742,54.61171617492015,54.716510551433714,54.35344933915795,54.716510551433714,54.61171617492015
1058.0,19.342852616766628,54.68108887371574,54.3239579157867,54.67722505521627,54.58279365259198,54.68817129324273,54.48181771353798,54.69911753136024,54.585467286115225,54.69525371300811,54.325870049796045,54.69911753136024,54.585467286115225
1059.0,19.25746290351132,54.68825390431824,54.3345725604232,54.677597180765844,54.5837549547515,54.68127404557719,54.47579697591174,54.68495091047768,54.57048664433956,54.67429418706958,54.30310800110549,54.68825390431824,54.5837549547515
1060.0,19.174093232050126,54.69529430909289,54.34538652346096,54.677984795385115,54.58686250289863,54.674457730368886,54.4772566602789,54.67093066543996,54.58336051109304,54.653621151873494,54.29220808926196,54.69529430909289,54.58686250289863
1061.0,19.09326184728307,54.702221514924005,54.352539086295884,54.67839612191362,54.580471652429274,54.66773132636018,54.47041768979069,54.657066530892244,54.571051083560626,54.633241138020246,54.271649301993165,54.702221514924005,54.580471652429274
1062.0,19.014433988894332,54.70904847861947,54.36804600288038,54.67884098844482,54.594554339884745,54.6611053336748,54.46776643625986,54.64336967898851,54.55519476956328,54.61316218894939,54.24954469162188,54.70904847861947,54.594554339884745
1063.0,18.938214239069175,54.71578583583122,54.38954606359374,54.67932696910249,54.62264637112473,54.65458791222475,54.467494127407775,54.629848855429024,54.534302262151,54.593389988833025,54.22531431710805,54.71578583583122,54.62264637112473
1064.0,18.85829592086093,54.722446074800885,54.399636591201094,54.67986356124492,54.62263183473381,54.64818906793265,54.45933194344224,54.6165145747007,54.50885507631263,54.57393206127473,54.19986254039307,54.722446074800885,54.62263183473381
1065.0,18.77613150610491,54.72901859088439,54.40601105470807,54.68043723114231,54.614749602943114,54.641895694944225,54.452708067434905,54.60335415882482,54.497842974610016,54.55477279921005,54.18070913761756,54.72901859088439,54.614749602943114
1066.0,18.696093598591236,54.735498278967704,54.41874490010964,54.68104007130837,54.62279021673575,54.6357003032816,54.450297371551315,54.59036053533189,54.4879702844859,54.53590232779724,54.1620519093882,54.735498278967704,54.62279021673575
1067.0,18.618172613480393,54.74189586028081,54.43329622936175,54.68168010734723,54.635049718688876,54.62961131140232,54.44779511127246,54.577542515532876,54.472964092681586,54.51732676272142,54.141479794474535,54.74189586028081,54.635049718688876
1068.0,18.539184319623956,54.7482216927842,54.438768052145264,54.68236505840736,54.62714374143995,54.62363676189346,54.4490208600351,54.56490846545346,54.49258515509748,54.49905183119624,54.13603378223583,54.7482216927842,54.62714374143995
1069.0,18.456972423047535,54.75447440806041,54.44867989201793,54.683090972271245,54.62849645031953,54.61777295934294,54.441433944199765,54.552454946487025,54.4665347372495,54.48107151081501,54.11200880921155,54.75447440806041,54.62849645031953
1070.0,18.3737427639729,54.76064493686031,54.4528536496327,54.683846282406066,54.61640302414717,54.61200856339774,54.430100591211534,54.5401708444603,54.43932451103428,54.4633721901208,54.087811648529275,54.76064493686031,54.61640302414717
1071.0,18.29020815954239,54.766732325022716,54.46573989832798,54.684627643341464,54.62623284924916,54.60634044828601,54.42637479864985,54.52805325329999,54.42169064439942,54.44594857173113,54.06727396706305,54.766732325022716,54.62623284924916
1072.0,18.20896831315261,54.77273816790532,54.473969172351865,54.685434338376325,54.62517500334643,54.60076808847742,54.421097405191006,54.51610183864653,54.40845685504737,54.42879800922762,54.04895602626656,54.77273816790532,54.62517500334643
1073.0,18.12549800087643,54.77867325545052,54.485410481711796,54.68627491447953,54.63171535795214,54.5953001876726,54.415446498627865,54.50432546093227,54.386103006307344,54.411927120069116,54.02690309197368,54.77867325545052,54.63171535795214
1074.0,18.04359503105077,54.784531950121725,54.48703513347926,54.68714153098502,54.615645507602316,54.58992900225512,54.40769855482265,54.492716473590455,54.37800723222327,54.395326054559376,54.0113704730241,54.784531950121725,54.615645507602316
1075.0,17.96519863789961,54.79032224456621,54.497884135187704,54.68804006253632,54.622453821876256,54.584660493084655,54.40596458157388,54.48128092369689,54.3714859873802,54.37899874177046,53.996389603210076,54.79032224456621,54.622453821876256
1076.0,17.887165583895886,54.79605876062852,54.50109319143114,54.688983056151635,54.61135220167321,54.57950724458454,54.40080165837251,54.47003143308003,54.36852158815897,54.3629557287045,53.98357083468609,54.79605876062852,54.61135220167321
1077.0,17.810014187669154,54.8017445414659,54.50518534395941,54.68997150208624,54.60232756969031,54.57447021773489,54.392288059788285,54.45896893344486,54.35001715286262,54.34719589416447,53.96455382333411,54.8017445414659,54.60232756969031
1078.0,17.729333800989345,54.807384348496626,54.508306822685654,54.69100816218487,54.592627329360546,54.56955211280903,54.38938791617109,54.448096063493246,54.35512062417935,54.33171987727874,53.95565928905824,54.807384348496626,54.592627329360546
1079.0,17.647497925040337,54.81296719108951,54.52008022697496,54.69208009251821,54.60364005340949,54.56473988824689,54.389296700713544,54.4373996840344,54.35034797312445,54.31651258555837,53.942684003974954,54.81296719108951,54.60364005340949
1080.0,17.568508893888556,54.81849073963301,54.534353166629764,54.69318309960465,54.621720955089565,54.5600292630131,54.39791337088962,54.42687542647918,54.37254502237374,54.30156778654415,53.94125855261505,54.81849073963301,54.621720955089565
1081.0,17.491642904690988,54.79933519059775,54.50359326811537,54.68201138902595,54.5859094867141,54.555430152313804,54.385123189003124,54.428848915658115,54.360955198557676,54.31152511417774,53.950311766348186,54.79933519059775,54.5859094867141
1082.0,17.410077984782326,54.78052123946341,54.47986683436821,54.67099766743284,54.566749024129685,54.5509495294916,54.37633849943955,54.43090139160566,54.35005608362752,54.321377819664654,53.9589615745282,54.78052123946341,54.566749024129685
1083.0,17.32777923481392,54.762028058634186,54.45435476415085,54.660126133043725,54.54319283979624,54.54657008797692,54.36839135502688,54.43301404296429,54.347556012651495,54.33111211746157,53.970861822493596,54.762028058634186,54.54319283979624
1084.0,17.25164044001796,54.74384944761545,54.42889888216183,54.649395393175034,54.51979115687843,54.54228896978635,54.362490337182955,54.43518254645075,54.353560444010085,54.34072849209629,53.98610435065435,54.74384944761545,54.51979115687843
1085.0,17.17371134465829,54.72600350345596,54.41095571681526,54.63882818612152,54.51384412853286,54.53812752840261,54.361396190157336,54.437426870735706,54.36139625973835,54.350251553485485,54.00167119490833,54.72600350345596,54.51384412853286
1086.0,17.093828859003946,54.70847963733571,54.39564141236739,54.628418478840594,54.513219005773855,54.53407849835291,54.36207180095228,54.43973851791618,54.37034360721788,54.35967735950358,54.01749522694564,54.70847963733571,54.513219005773855
1087.0,17.009667184880065,54.69126698053355,54.37556622691547,54.61815978958425,54.5011130729718,54.530134225890805,54.364566914779466,54.44210866224728,54.397196918465724,54.36900147137881,54.0410309957104,54.69126698053355,54.5011130729718
1088.0,16.925847025961318,54.67434685164114,54.35968179930454,54.60803765950084,54.495912313287825,54.52627913588595,54.35602718665681,54.44452061231997,54.37211163958607,54.37821142025886,54.04255448597099,54.67434685164114,54.495912313287825
1089.0,16.846133454671175,54.657717315501294,54.337455757613014,54.5980541925415,54.47502565980682,54.52251424380433,54.34452863966913,54.446974295115076,54.35165012392744,54.38731117223287,54.04575277579471,54.657717315501294,54.47502565980682
1090.0,16.765475555499474,54.64138951708333,54.32113402809782,54.58822444559819,54.46868245502695,54.518853593665895,54.34221800302581,54.44948274178053,54.35437224057653,54.39631767037142,54.05802983763795,54.64138951708333,54.46868245502695
1091.0,16.685985605888348,54.62535647603627,54.30223115980278,54.57854526781683,54.45665845058473,54.51529313465042,54.345193228865234,54.45204100152999,54.38347306142311,54.40522979338504,54.08146754161168,54.62535647603627,54.45665845058473
1092.0,16.605086242490216,54.60961870775451,54.289352046730905,54.56902087078107,54.457392438457525,54.511836233176965,54.346965593328335,54.454651595617925,54.39387795069397,54.414053758717465,54.096926316945044,54.60961870775451,54.457392438457525
1093.0,16.529078465077575,54.59416764919389,54.26891228121818,54.559646281507504,54.4383239543409,54.5084771458579,54.33832055424786,54.457308010252454,54.38173524359225,54.42278664263757,54.10310874673148,54.59416764919389,54.4383239543409
1094.0,16.45596471936442,54.57901678800596,54.254139773151124,54.550438448124694,54.43292495051181,54.50523209476894,54.33711479037893,54.460025741456455,54.38628088213283,54.43144740164525,54.11577914769619,54.57901678800596,54.43292495051181
1095.0,16.38560160140559,54.56417204618947,54.22968064244658,54.54140669447476,54.40375641538315,54.50210978653638,54.32881100714428,54.46281287864039,54.38589291384441,54.44004752699434,54.12669816225959,54.56417204618947,54.40375641538315
1096.0,16.31427660793592,54.54963848599069,54.21623353693135,54.53255940705229,54.40040213735455,54.499118074414184,54.32698420672211,54.46567674181762,54.38609252882849,54.44859766294649,54.13720906210582,54.54963848599069,54.40040213735455
1097.0,16.24876216537333,54.535408017988395,54.19864010217647,54.5238917442823,54.38627853165088,54.496251662901194,54.32159855354785,54.46861158156079,54.382530269390344,54.45709530792062,54.146154147338066,54.535408017988395,54.38627853165088
1098.0,16.190689834593144,54.52149608225737,54.184924302935194,54.51542228165224,54.381108053783834,54.493528710947416,54.32067188260499,54.47163514028248,54.38789126528205,54.46556133974194,54.15853608945656,54.52149608225737,54.38789126528205
1099.0,16.137350571298654,54.50792299532868,54.175517481811326,54.507174432960156,54.38576185270301,54.49097232197896,54.3254802847533,54.474770211036855,54.40563939588148,54.47402164873163,54.17595589640186,54.50792299532868,54.40563939588148
1100.0,16.090604792841162,54.494698807790066,54.16152908764192,54.49916132607284,54.377616347605624,54.488595433074444,54.3221831618959,54.478029540114356,54.402557767501904,54.48249205845916,54.18483248603603,54.49916132607284,54.402557767501904
1101.0,16.053113619319756,54.48183941052862,54.151720632119485,54.49140188182532,54.379151405040915,54.48641686188021,54.32498680751511,54.48143184197263,54.413885945026614,54.49099431333011,54.1995247859799,54.49140188182532,54.413885945026614
1102.0,16.025346044305216,54.469369053340706,54.13739774663913,54.48392335337858,54.36915265350483,54.48446386213574,54.325492455554254,54.48500437092968,54.42652322300146,54.49955867102712,54.215063127467936,54.49955867102712,54.42652322300146
1103.0,16.0068414056642,54.45731248870207,54.13111436106968,54.4767534981941,54.37750003609863,54.48276431970007,54.332262632620306,54.48877514124209,54.44494717611622,54.50821615079248,54.23282112571,54.50821615079248,54.44494717611622
1104.0,15.995958926329536,54.44569175322931,54.12933016797724,54.46991736422789,54.393739859936865,54.481343539664365,54.334385987469,54.49276971513617,54.43537593410706,54.516995326191946,54.238592212624134,54.516995326191946,54.43537593410706
1105.0,15.990773601877454,54.434522209045966,54.11769370117486,54.46343332638041,54.38597291096658,54.48022027418624,54.33380690862489,54.49700722202669,54.43821058993278,54.52591833941719,54.24994611971135,54.52591833941719,54.43821058993278
1106.0,15.99051635953058,54.42381180374627,54.106128672270735,54.457312329695476,54.377239639688355,54.47940594521381,54.33114965907419,54.50149956076608,54.4333386395748,54.535000086770225,54.25800725510566,54.535000086770225,54.4333386395748
1107.0,15.994922583988561,54.41356529982836,54.08768834952856,54.45156209971818,54.35223951461102,54.478908831956474,54.327019794799,54.50625556422803,54.43879221036997,54.54425236417168,54.27072938570586,54.54425236417168,54.43879221036997
1108.0,15.999111896155199,54.40378611637028,54.074330025781,54.446188977489065,54.33890097013644,54.47873589532657,54.32589956413505,54.51128281319667,54.44462139485377,54.55368567436822,54.2834510687699,54.55368567436822,54.44462139485377
1109.0,16.000850586044564,54.394460522782666,54.061821283177835,54.441182111950646,54.32632456251905,54.47887696519054,54.32139834823986,54.51657181846237,54.43597555709831,54.56329340768205,54.28998382342861,54.56329340768205,54.43597555709831
1110.0,16.00093109869655,54.385567331897775,54.05540040126265,54.436523104943866,54.328157649905506,54.4793143334031,54.324966699718956,54.52210556189364,54.4451224252202,54.5730613349904,54.30372687334285,54.5730613349904,54.4451224252202
1111.0,16.00093109869655,54.377088565072214,54.05078596891365,54.432196656545166,54.334423128700344,54.4800333751692,54.336267123150684,54.527870093823914,54.47950713691822,54.582978185346526,54.32832644757782,54.582978185346526,54.47950713691822
1112.0,16.00093109869655,54.36901204713144,54.04489782268681,54.42819317144829,54.33561931624626,54.481025162655094,54.34064348564278,54.53385715389197,54.489565001296945,54.59303827825749,54.34295277844262,54.59303827825749,54.489565001296945
1113.0,16.00093109869655,54.36132606805765,54.032260974232706,54.42450343963347,54.319280492961894,54.48228116071919,54.33508851956937,54.5400588818344,54.47707252180883,54.60323625345791,54.34826396496297,54.60323625345791,54.47707252180883
1114.0,16.00093109869655,54.35401909595069,54.03471873353094,54.42111835261249,54.33796420099839,54.48379294283178,54.340154209718406,54.54646753307998,54.47231874851567,54.61356678978853,54.35596226527378,54.61356678978853,54.47231874851567
1115.0,16.00093109869655,54.34707977648371,54.02254326324672,54.418028905243744,54.321948617364036,54.485552191792834,54.33967472472115,54.55307547837025,54.47948749400585,54.6240246071761,54.36934270750417,54.6240246071761,54.47948749400585
1116.0,16.00093109869655,54.34049693234933,54.01650139423691,54.41522619745294,54.319456519201516,54.487550700409315,54.34000123585746,54.55987520339346,54.476370708419466,54.63460446854198,54.378036703110936,54.63460446854198,54.476370708419466
1117.0,16.00093109869655,54.334259562694974,54.00937684493867,54.41270143586165,54.31514813257711,54.48978037213215,54.34693731468723,54.56685930842987,54.50113529669341,54.64530118164057,54.39870253414004,54.64530118164057,54.50113529669341
1118.0,16.00093109869655,54.32835684254605,54.00039983300095,54.41044593532583,54.30447023737537,54.492233221652654,54.34375084700205,54.57402050800615,54.49127882929851,54.65610960082908,54.40477323736722,54.65610960082908,54.49127882929851
1119.0,16.00093109869655,54.32277812221576,54.00123157916588,54.408451120386154,54.31734057366882,54.49490137545846,54.3530084740437,54.58135163055691,54.50760019986344,54.667024628769596,54.42147742875218,54.667024628769596,54.50760019986344
1120.0,16.00093109869655,54.317512926700246,53.99374847449012,54.40670852663213,54.30875792958304,54.497777072348924,54.35030489825328,54.58884561809134,54.49687612258662,54.67804121806468,54.427009710657465,54.67804121806468,54.49687612258662
1121.0,16.00093109869655,54.312550955057986,53.985958307246776,54.40520980198177,54.300142596023065,54.50085266390991,54.35285291661857,54.59649552586317,54.507512296299765,54.68915437282758,54.44156239135334,54.68915437282758,54.507512296299765
1122.0,16.00093109869655,54.307882079772284,53.989216341679196,54.403946707878504,54.316161031914014,54.50412061494797,54.35868848386269,54.60429452204207,54.506286719797245,54.700359150188106,54.450515366984156,54.700359150188106,54.506286719797245
1123.0,16.00093109869655,54.303496346095805,53.98513930255946,54.40291112040703,54.31527921223901,54.507573503883876,54.36604419784487,54.612235887384855,54.527307002185935,54.71165066173512,54.46933264813581,54.71165066173512,54.527307002185935
1124.0,16.00093109869655,54.29938397137615,53.96892340243079,54.40209503132968,54.28618079410933,54.511204023105435,54.36707845646871,54.62031301490484,54.55080613401827,54.723024074896635,54.489999506004345,54.723024074896635,54.55080613401827
1125.0,16.00093109869655,54.29553534436155,53.96067593350601,54.4014905490448,54.275465123700286,54.515004979279674,54.37016599995312,54.62851940953773,54.564216020062496,54.734474614258495,54.5061517436569,54.734474614258495,54.564216020062496
1126.0,16.00093109869655,54.29194102448572,53.960732069281555,54.401089899468715,54.284183121873035,54.51896929362433,54.38056606493198,54.636848687802676,54.586914437741484,54.74599756282243,54.52602249764891,54.74599756282243,54.586914437741484
1127.0,16.00093109869655,54.28859174113113,53.96288583641045,54.40088542684263,54.29492103884927,54.52309000213866,54.38046884063981,54.64529457745697,54.56507695334432,54.757588263204504,54.526633171340656,54.757588263204504,54.56507695334432
1128.0,16.00093109869655,54.285478392869756,53.95725551779168,54.400869594465874,54.28860513978362,54.52736025579361,54.38473864329893,54.653850917143195,54.57798924365041,54.769242118774635,54.54227652643647,54.769242118774635,54.57798924365041
1129.0,16.00093109869655,54.28259204668077,53.955274242517,54.40103498535694,54.29069350418556,54.53177332068146,54.392202443364916,54.6625116560274,54.59490881931553,54.78095459473819,54.559550796964174,54.78095459473819,54.59490881931553
1130.0,16.00093109869655,54.27992393714434,53.95879727899774,54.40137430284346,54.30504761152946,54.536322578124874,54.403200741340626,54.67127085342728,54.61287312546092,54.792721219160335,54.577124850049785,54.792721219160335,54.61287312546092
1131.0,16.00093109869655,54.29580391816724,53.9788626001213,54.411049597360716,54.31560733627721,54.54100152474559,54.402688511662575,54.670953452151046,54.58824991232001,54.786199131377785,54.559304603607615,54.786199131377785,54.58824991232001
1132.0,16.00093109869655,54.311677208191604,53.99718641789117,54.420840434245214,54.323821753586934,54.54580377249279,54.40931903497804,54.670767110760536,54.59479931481756,54.779930336846746,54.55502925627274,54.779930336846746,54.59479931481756
1133.0,16.00093109869655,54.32754084219946,54.01205632956071,54.430739800621105,54.32454723267866,54.550723048631255,54.41460940146499,54.67070629666117,54.603194599606574,54.77390525511477,54.55204016028144,54.77390525511477,54.603194599606574
1134.0,16.00093109869655,54.343391877947965,54.03818787146871,54.44074084687219,54.35128321127476,54.55575319568954,54.42485919139983,54.67076554452626,54.60496122723895,54.768114513481805,54.54595460732481,54.768114513481805,54.60496122723895
1135.0,16.00093109869655,54.35922739824082,54.0422272603418,54.4508368840571,54.32634105807229,54.56088817136828,54.41745538068371,54.67093945869846,54.588129240794395,54.76254894454544,54.53301993814714,54.76254894454544,54.588129240794395
1136.0,16.00093109869655,54.3750445130918,54.074379302859086,54.461021381394765,54.367557697227454,54.5661220484089,54.42960635773233,54.67122271544166,54.583866073698665,54.757199583774714,54.52419943082131,54.757199583774714,54.583866073698665
1137.0,16.00093109869655,54.39084036178339,54.08394313247165,54.471287963816025,54.35745778779033,54.57144901442287,54.43455422665211,54.671610065047965,54.601443190423126,54.752057667110094,54.526109511539055,54.752057667110094,54.601443190423126
1138.0,16.00093109869655,54.40661211482318,54.10516282521716,54.481630409577264,54.3747707423734,54.576863371681846,54.445699252433805,54.67209633380432,54.61596820258074,54.74711462858732,54.5265626826825,54.74711462858732,54.61596820258074
1139.0,16.00093109869655,54.4223569758009,54.12761177427451,54.492042647932394,54.394480109871445,54.58235953686898,54.45525132491273,54.6726764258231,54.62094295635066,54.74236209798294,54.52314097899565,54.74236209798294,54.62094295635066
1140.0,16.00093109869655,54.43807218314863,54.150085217526,54.502518756859445,54.41432120653065,54.58793204079162,54.46564209447648,54.67334532474098,54.628500746875446,54.73779189847959,54.521060574210374,54.73779189847959,54.628500746875446
1141.0,16.00093109869655,54.45375501180676,54.18255732899839,54.51305296083843,54.457062256458315,54.59357552805586,54.482837636075956,54.67409809529012,54.63925155747209,54.733396044349035,54.520135731539945,54.733396044349035,54.63925155747209
1142.0,16.00093109869655,54.4694027747983,54.19273756737145,54.52363962867716,54.44786075968169,54.59928475670319,54.48501666681663,54.67492988474572,54.64136869542843,54.7291667386513,54.51675950995187,54.7291667386513,54.64136869542843
1143.0,16.00093109869655,54.48501282471371,54.218370591603694,54.53427327138197,54.47523730604971,54.60505459780978,54.49888439757993,54.67583592425376,54.65355853884871,54.72509637094821,54.517212755992624,54.72509637094821,54.65355853884871
1144.0,16.00093109869655,54.50058255510897,54.234728581045296,54.544948540070436,54.48115968298598,54.61088003504863,54.50700173257117,54.67681153004267,54.66361024508784,54.721177515029815,54.51744510721215,54.721177515029815,54.66361024508784
1145.0,16.00093109869655,54.516109401818795,54.25840321638287,54.55566022392332,54.504987640861934,54.61675616421522,54.52400111665374,54.67785210452265,54.690553630076586,54.71740292665234,54.5249771926608,54.71740292665234,54.690553630076586
1146.0,16.00093109869655,54.531590844187576,54.27279729901701,54.56640324817313,54.5056221867325,54.62267819271699,54.52478823512023,54.67895313727608,54.675672164577044,54.7137655412863,54.515061575650485,54.7137655412863,54.675672164577044
1147.0,16.00093109869655,54.547024406220025,54.28990191205943,54.5771726721269,54.51307816973655,54.62864143902728,54.52762585905772,54.68011020594258,54.6631231228374,54.710258471873644,54.505910170800576,54.710258471873644,54.6631231228374
1148.0,16.00093109869655,54.562407657653715,54.304167511113974,54.587963687220814,54.5131219226265,54.63464133210409,54.52157559985368,54.681318977002,54.6238285338271,54.70687500659282,54.48504778406817,54.70687500659282,54.6238285338271
1149.0,16.00093109869655,54.57773821495565,54.320734541857526,54.59877161510454,54.52100007336009,54.64067341077441,54.528242715905364,54.68257520645864,54.62859733580214,54.70360860663077,54.48296192616625,54.70360860663077,54.62859733580214
1150.0,16.00093109869655,54.593013742244864,54.336776376190834,54.60959190575324,54.5289647449855,54.64673332308452,54.53980380773375,54.683874740429864,54.65249114756582,54.700452903961036,54.489457039313386,54.700452903961036,54.65249114756582
1151.0,16.00093109869655,54.60823195214303,54.35574480387396,54.620420135605315,54.54346604068966,54.65281682561693,54.55051700345054,54.68521351564234,54.66582586806154,54.69740169912697,54.49157821874214,54.69740169912697,54.66582586806154
1152.0,16.00093109869655,54.62339060655512,54.37592635586705,54.631252005724136,54.560538274150495,54.65891978277467,54.56020290119082,54.68658755983871,54.67204674113373,54.694448959029636,54.49075648261394,54.694448959029636,54.67204674113373
1153.0,16.00093109869655,54.63848751738194,54.395794731261496,54.642083339982065,54.577264389275726,54.66503816603337,54.57146891015448,54.687992992097925,54.684497643279045,54.69158881471952,54.49282576764966,54.69158881471952,54.684497643279045
1154.0,16.00093109869655,54.653520547166494,54.414255932297294,54.65291008326519,54.590306331391446,54.671168053162056,54.57881350628643,54.68942602307192,54.68473516087018,54.68881555919167,54.48980198339274,54.68942602307192,54.68473516087018
1155.0,16.00093109869655,54.66848760967599,54.43435196009995,54.663728299697375,54.60677147830308,54.67730562741312,54.58458164481297,54.690882955141596,54.67546492142258,54.68612364518361,54.48254992626432,54.690882955141596,54.67546492142258
1156.0,16.00093109869655,54.68338667042137,54.4539445176703,54.67453417088225,54.62372693414909,54.6834471766823,54.59874514620859,54.69236018249483,54.69896698886353,54.683507682975936,54.48965712921588,54.69236018249483,54.69896698886353
1157.0,16.00093109869655,54.698215747116016,54.4697811879595,54.685323994161855,54.63107630035704,54.68958909263942,54.60421134850312,54.69385419112923,54.697062109751826,54.680962438194896,54.48610731167818,54.698215747116016,54.697062109751826
1158.0,16.00093109869655,54.71297291007554,54.49393608919425,54.696094180890874,54.658089846287766,54.69572786983057,54.61708582934315,54.69536155878227,54.70498060398372,54.678482829617025,54.486479432244195,54.71297291007554,54.70498060398372
1159.0,16.00093109869655,54.7276562825603,54.5110316221272,54.706841254725305,54.666708147004684,54.70186010475247,54.613969697112424,54.69687895479139,54.66791733617593,54.676063926975445,54.467477331203035,54.7276562825603,54.66791733617593
1160.0,16.00093109869655,54.74226404106232,54.53079682164059,54.717561849924685,54.68191444997226,54.707982494899944,54.61384124573718,54.69840313988673,54.637680457552825,54.67370094876776,54.45084945523755,54.74226404106232,54.68191444997226
1161.0,16.00093109869655,54.7567944155384,54.55511518973881,54.728252709666876,54.7090841183611,54.71409183778717,54.62510102235835,54.69993096591876,54.6412898658074,54.67138926006553,54.44852673729777,54.7567944155384,54.7090841183611
1162.0,16.00093109869655,54.77124568959089,54.5762466557799,54.7389106843747,54.72812965448908,54.72018502994354,54.63093319172162,54.70145937552346,54.63117289118447,54.66912437032521,54.440367376269435,54.77124568959089,54.72812965448908
1163.0,16.00093109869655,54.78561620059791,54.58267461186647,54.749532730053645,54.714658345628465,54.726259065885046,54.63228589952387,54.702985401727304,54.63627020426697,54.66690193120062,54.4395134176468,54.78561620059791,54.714658345628465
1164.0,16.00093109869655,54.799904339794516,54.5984054501551,54.76011590663995,54.72280427616943,54.73231103706189,54.63652036744797,54.70450616749447,54.6319434982922,54.66471773435714,54.43415578178958,54.799904339794516,54.72280427616943
1165.0,16.00093109869655,54.81410855230643,54.61425931920198,54.77065737635854,54.733558735971044,54.73833813078333,54.65185546912604,54.70601888521856,54.66895277739772,54.662567709287565,54.44700842462399,54.81410855230643,54.733558735971044
1166.0,16.00093109869655,54.82822733713786,54.634425750584995,54.78115440209023,54.75317205848186,54.74433762912052,54.663254055579365,54.70752085616105,54.68046866514001,54.66044792112997,54.448924148829725,54.82822733713786,54.75317205848186
1167.0,16.00093109869655,54.84225924711494,54.65411245393689,54.79160434574778,54.77190407004582,54.750306907788215,54.67562395564295,54.70900946983868,54.696133622396815,54.65835456848775,54.45285445799551,54.84225924711494,54.77190407004582
1168.0,16.00093109869655,54.856202888786314,54.66820016800472,54.80200466666032,54.775802469137695,54.75624343500629,54.672629573653424,54.71048220336209,54.66576111643343,54.656283981252,54.43692018117865,54.856202888786314,54.775802469137695
1169.0,16.00093109869655,54.87005692228234,54.68194122564995,54.81235291996593,54.78122093481263,54.76214477034191,54.67969251284558,54.711936620727535,54.674922199095775,54.65423261842672,54.43804880219947,54.87005692228234,54.78122093481263
1170.0,16.00093109869655,54.88382006113434,54.691595322673294,54.82264675501189,54.77720356548644,54.76800856353327,54.68089463190107,54.713370372064105,54.67060805432748,54.65219706595694,54.43354759504938,54.88382006113434,54.77720356548644
1171.0,16.00093109869655,54.897491072055416,54.70295220069734,54.83288391376252,54.778774397132466,54.77383255329576,54.688813366967636,54.71478119283826,54.687944267931215,54.65017403456035,54.4384812116248,54.897491072055416,54.778774397132466
1172.0,16.00093109869655,54.91106877468418,54.72263007096628,54.84306222921436,54.79908764012922,54.779614566111526,54.69843969040296,54.716166903017765,54.693113308734034,54.64816035756263,54.437869345494455,54.91106877468418,54.79908764012922
1173.0,16.00093109869655,54.924552041292834,54.74118902568326,54.853179623818455,54.81636372459095,54.785352515003275,54.70505905031984,54.71752540619699,54.68918068602811,54.64615298873701,54.43333761891713,54.924552041292834,54.81636372459095
1174.0,16.00093109869655,54.937939796460945,54.7571638318382,54.863234107909754,54.82714284820828,54.79104439829328,54.706468465349445,54.718854688685525,54.671431756228635,54.64414900014844,54.42274215105505,54.937939796460945,54.82714284820828
1175.0,16.00093109869655,54.951231016716356,54.75958013654184,54.87322377814348,54.80841643923719,54.79668829834843,54.7047928229716,54.72015281856192,54.67194867635144,54.64214558000287,54.42062671051078,54.951231016716356,54.80841643923719
1176.0,16.00093109869655,54.96442473014447,54.77669754690325,54.88314681593845,54.824653654019095,54.8022823803123,54.71526690197594,54.72141794469452,54.686369635493406,54.640140030502046,54.42396380350521,54.96442473014447,54.824653654019095
1177.0,16.00093109869655,54.9775200159673,54.80029635851138,54.89300148592731,54.85571855780244,54.8078248908251,54.73049094685359,54.72264829573111,54.70399159313387,54.6381297657044,54.42858679193897,54.9775200159673,54.85571855780244
1178.0,16.00093109869655,54.99051600409353,54.809051495963324,54.90278613441378,54.85164906119075,54.81331415673246,54.73026896869406,54.72384217905919,54.69496891998849,54.63611230939246,54.42234965804622,54.99051600409353,54.85164906119075
1179.0,16.00093109869655,55.00341187464091,54.82593374938714,54.912499187836936,54.86836905706361,54.81874858378382,54.74464378860861,54.7249979797386,54.723463194884566,54.63408529294739,54.43218785806804,55.00341187464091,54.86836905706361
1180.0,16.00093109869655,55.01620685743226,54.84819045497815,54.922139151242575,54.8962824399436,54.82412665532156,54.756879057794315,54.72611415940828,54.731288917331035,54.63204645323111,54.43298010349006,55.01620685743226,54.8962824399436
1181.0,16.00093109869655,55.0289002314662,54.8595857374117,54.93170460676183,54.89813221185486,54.82944693096147,54.75593655362932,54.72718925516869,54.712818592592775,54.62999363047659,54.42271883827417,55.0289002314662,54.89813221185486
1182.0,16.00093109869655,55.04149132436401,54.87765874449641,54.94119421209719,54.91544918152145,54.83470804526569,54.758595832527476,54.72822187844164,54.69424834199914,54.627924766186844,54.41179936661778,55.04149132436401,54.91544918152145
1183.0,16.00093109869655,55.05397951179364,54.889429623579275,54.95060669901596,54.91920924066206,54.83990870640888,54.76128657454191,54.729210713809096,54.689999391881614,54.6258379010432,54.407238377565555,55.05397951179364,54.91920924066206
1184.0,16.00093109869655,55.06636421687218,54.91144136778218,54.9599408718515,54.94634008445376,54.845047694838435,54.76929334907713,54.730154517832524,54.68381375502155,54.623731172823405,54.401239874613815,55.06636421687218,54.94634008445376
1185.0,16.00093109869655,55.07864490954784,54.91017604613512,54.96919560601235,54.92123289943388,54.850123861929795,54.76669459669652,54.73105211785425,54.68807303620584,54.62160281433009,54.40088437543369,55.07864490954784,54.92123289943388
1186.0,16.00093109869655,55.09082110596267,54.9198215423979,54.97836984649939,54.92174846103243,54.85513612863746,54.768819590157406,54.7319024107824,54.68655744106474,54.61945115133023,54.3974976584592,55.09082110596267,54.92174846103243
1187.0,16.00093109869655,55.10289236779706,54.93310607885922,54.98746260643143,54.930770609145185,54.86008348414278,54.772063445447024,54.73270436186086,54.681476065707194,54.617274600506114,54.392315352705175,55.10289236779706,54.93310607885922
1188.0,16.00093109869655,55.11485830159718,54.95129714357834,54.99647296557928,54.95031362192123,54.86496498449914,54.77411963159816,54.7334570034256,54.661571277906674,54.61507166741837,54.380231010103024,55.11485830159718,54.95129714357834
1189.0,16.00093109869655,55.12671855808633,54.96134163947034,55.0054000689087,54.95279160578826,54.869779751275544,54.77926948272909,54.73415943364886,54.671362671520065,54.6128409444817,54.38140297945998,55.12671855808633,54.96134163947034
1190.0,16.00093109869655,55.13847283146138,54.97133203100229,55.014243125132374,54.954146130117074,54.87452697019926,54.77653562893447,54.73481081527249,54.65138404701288,54.610581108953745,54.369507170736824,55.13847283146138,54.97133203100229
1191.0,16.00093109869655,55.13203275223168,54.96651290266274,55.01395735204948,54.962341390341685,54.87920588979838,54.787353034969705,54.7444544275535,54.678857421188354,54.626379027381354,54.39491475488928,55.13203275223168,54.96651290266274
1192.0,16.00093109869655,55.12560960297616,54.95793635862538,55.013588855328855,54.95969925974489,54.88381582004508,54.78522326652222,54.7540427847674,54.66551857091717,54.642022037129955,54.40248906032825,55.12560960297616,54.95969925974489
1193.0,16.00093109869655,55.11920119949951,54.95354812866073,55.01313845137802,54.9666442050091,54.88835613100032,54.78696627296961,54.76357381062859,54.65882777547736,54.657511062516775,54.41231966387238,55.11920119949951,54.9666442050091
1194.0,16.00093109869645,55.11280547119295,54.94655045118697,55.012606961749114,54.96783328310851,54.89282625146074,54.79004525745379,54.773045541178206,54.663547779589926,54.672847031743856,54.426946755757164,55.11280547119295,54.96783328310851
1195.0,16.000931098696455,55.106420457786676,54.93130084184246,55.01199521379167,54.950515067964474,54.89722566760846,54.789801776721,54.78245612143097,54.67393770545523,54.688030877445264,54.44427089193783,55.106420457786676,54.950515067964474
1196.0,16.00093109869646,55.100044306165515,54.92215817504719,55.01130404123045,54.94720401379807,54.90155392166457,54.79233594396933,54.7918038021043,54.681872008682795,54.70306353717835,54.46008392374985,55.100044306165515,54.94720401379807
1197.0,16.000931098696462,55.09367526724673,54.91737274501701,55.01053428467211,54.95376222354312,54.90581061054693,54.79803873227999,54.80108693642724,54.6925763714176,54.71794595386156,54.47674777809309,55.09367526724673,54.95376222354312
1198.0,16.000931098696466,55.0873116929188,54.9143689550888,55.00968679204436,54.96439532052542,54.90999538453299,54.80712143635023,54.81030397702699,54.71220489763679,54.73267907616132,54.497152058996505,55.0873116929188,54.96439532052542
1199.0,16.00093109869647,55.08095203304006,54.90183083684558,55.00876241897119,54.9523326529143,54.914107945928336,54.80651057085426,54.81945347289075,54.715777498175775,54.747263858830465,54.510895820618856,55.08095203304006,54.9523326529143
1200.0,16.000931098696476,55.07459483249616,54.88429708441076,55.0077620290874,54.929965020140614,54.918148047741546,54.80685055350504,54.82853406640085,54.73410477142312,54.76170126300051,54.53121047435144,55.07459483249616,54.929965020140614
