time_s,experiment_T1_C,experiment_T2_C,experiment_T3_C,paper_simulation_T1_C,paper_simulation_T2_C,paper_simulation_T3_C,reference_C
0.0,,,,53.16868592730662,53.85834109972041,,55.00465983224604
0.8207934336525308,53.75582479030755,,,53.178005591798694,52.76794035414725,53.839701770736255,55.00465983224604
1.6415868673050615,,,,53.178005591798694,52.81453867660764,53.83038210624417,55.00465983224604
2.462380300957592,,52.76794035414725,54.10065237651445,53.084808946877914,53.271202236719475,53.83038210624417,55.00465983224604
3.283173734610123,53.36439888164026,52.945013979496736,54.06337371854613,53.16868592730662,52.78657968313141,53.83038210624417,55.00465983224604
4.1039671682626535,53.38303821062442,52.93569431500466,54.026095060577816,53.20596458527493,52.77726001863933,53.839701770736255,55.00465983224604
4.924760601915184,53.41099720410065,52.945013979496736,53.73718546132339,53.21528424976701,54.026095060577816,53.84902143522833,55.00465983224604
5.745554035567715,53.41099720410065,52.972972972972975,53.718546132339235,53.23392357875117,52.77726001863933,53.85834109972041,55.013979496738116
6.566347469220246,53.42031686859273,52.99161230195713,53.73718546132339,53.2618825722274,52.758620689655174,53.86766076421249,55.013979496738116
7.387140902872777,55.93662628145387,53.01025163094128,54.091332712022364,53.28052190121156,52.77726001863933,53.87698042870457,55.013979496738116
8.207934336525307,55.93662628145387,52.98229263746505,54.10065237651445,53.28984156570363,52.74930102516309,53.886300093196645,55.00465983224604
9.028727770177838,53.578751164958064,52.98229263746505,54.10065237651445,53.33643988816402,52.758620689655174,53.9049394221808,55.00465983224604
9.849521203830369,53.578751164958064,52.95433364398882,54.17520969245107,53.345759552656105,52.758620689655174,53.91425908667288,55.00465983224604
10.6703146374829,53.55079217148183,,54.19384902143523,53.40167753960857,52.77726001863933,53.94221808014912,55.013979496738116
11.49110807113543,53.65330848089469,52.637465051258154,54.19384902143523,53.42031686859273,52.79589934762348,53.97017707362535,55.00465983224604
12.311901504787961,53.61602982292637,52.53494874184529,54.212488350419385,53.44827586206897,52.79589934762348,53.99813606710158,55.013979496738116
13.132694938440492,53.625349487418454,52.637465051258154,53.839701770736255,53.44827586206897,52.81453867660764,54.01677539608574,55.00465983224604
13.953488372093023,55.992544268406334,52.95433364398882,,53.4762348555452,52.81453867660764,54.0354147250699,55.013979496738116
14.774281805745554,57.93103448275862,53.131407269338304,54.44547996272134,53.52283317800559,52.8331780055918,54.06337371854613,55.00465983224604
15.595075239398085,57.93103448275862,53.178005591798694,54.520037278657966,53.54147250698975,52.86113699906804,54.091332712022364,55.013979496738116
16.415868673050614,53.69990680335508,53.15936626281454,54.5479962721342,53.560111835973906,52.87045666356011,54.119291705498604,55.013979496738116
17.236662106703147,53.78378378378378,52.74930102516309,54.52935694315005,53.58807082945014,52.9170549860205,54.14725069897484,55.013979496738116
18.057455540355676,53.765144454799625,52.758620689655174,,53.61602982292637,52.926374650512585,54.18452935694315,55.013979496738116
18.87824897400821,53.78378378378378,52.637465051258154,54.044734389561974,53.65330848089469,52.945013979496736,54.23112767940354,55.013979496738116
19.699042407660738,53.81174277726002,52.637465051258154,54.054054054054056,53.68126747437093,52.972972972972975,54.26840633737186,55.013979496738116
20.51983584131327,,52.65610438024231,54.06337371854613,53.69990680335508,53.00093196644921,54.32432432432432,55.00465983224604
21.3406292749658,53.718546132339235,52.67474370922647,54.08201304753029,53.718546132339235,53.05684995340168,54.34296365330848,55.00465983224604
22.161422708618332,53.75582479030755,53.36439888164026,54.091332712022364,53.75582479030755,53.084808946877914,54.38956197576887,55.013979496738116
22.98221614227086,53.932898415657036,53.392357875116495,54.10997204100652,53.78378378378378,53.10344827586207,54.4175209692451,55.013979496738116
23.803009575923394,53.65330848089469,53.42963653308481,,53.80242311276794,53.15004659832246,54.45479962721342,55.00465983224604
24.623803009575923,53.96085740913327,53.44827586206897,,53.8210624417521,53.18732525629078,54.492078285181734,55.013979496738116
25.444596443228455,54.026095060577816,53.466915191053126,,53.86766076421249,53.21528424976701,54.538676607642124,55.00465983224604
26.265389876880985,54.01677539608574,53.485554520037276,53.066169617893756,53.87698042870457,53.2618825722274,54.585274930102514,54.986020503261884
27.086183310533514,54.12861136999068,53.05684995340168,53.466915191053126,53.91425908667288,53.28052190121156,54.64119291705499,
27.906976744186046,54.10065237651445,53.066169617893756,,53.932898415657036,53.299161230195715,54.66915191053122,
28.727770177838575,54.091332712022364,53.10344827586207,,53.95153774464119,53.38303821062442,54.71575023299161,
29.548563611491108,54.091332712022364,53.64398881640261,55.06057781919851,53.97017707362535,53.40167753960857,54.76234855545201,
30.369357045143637,54.119291705498604,53.75582479030755,55.125815470643055,53.98881640260951,53.438956197576886,54.8089468779124,
31.19015047879617,54.18452935694315,53.793103448275865,55.13513513513514,54.026095060577816,53.49487418452936,54.846225535880706,
32.0109439124487,54.20316868592731,53.8210624417521,55.153774464119294,54.044734389561974,53.54147250698975,54.8928238583411,
32.83173734610123,54.212488350419385,53.84902143522833,54.613233923578754,54.072693383038214,53.560111835973906,54.93010251630941,
33.65253077975376,54.22180801491146,53.886300093196645,54.63187325256291,54.091332712022364,53.59739049394222,54.99534016775396,
34.47332421340629,54.29636533084809,53.92357875116496,54.65051258154706,54.12861136999068,53.65330848089469,55.04193849021435,
35.294117647058826,54.333643988816405,53.95153774464119,54.72506989748369,54.13793103448276,53.69990680335508,55.09785647716682,
36.11491108071135,54.34296365330848,53.979496738117426,55.51724137931035,54.15657036346691,53.73718546132339,55.125815470643055,
36.935704514363884,54.352283317800556,54.007455731593666,55.5358807082945,54.17520969245107,53.77446411929171,55.16309412861137,
37.75649794801642,54.32432432432432,53.560111835973906,55.56383970177074,54.19384902143523,53.81174277726002,55.200372786579685,
38.57729138166895,,53.55079217148183,55.56383970177074,54.20316868592731,53.886300093196645,55.246971109040075,
39.398084815321475,54.352283317800556,53.560111835973906,,54.2497670083877,53.92357875116496,55.30288909599254,
40.21887824897401,,53.56943150046598,,54.259086672879775,53.96085740913327,55.35880708294501,
41.03967168262654,54.38956197576887,,55.1071761416589,54.28704566635601,54.007455731593666,55.4054054054054,
41.860465116279066,,,55.11649580615098,54.32432432432432,54.054054054054056,55.461323392357876,
42.6812585499316,54.40820130475303,,55.13513513513514,54.34296365330848,54.072693383038214,55.49860205032619,
43.50205198358413,54.613233923578754,53.91425908667288,55.172413793103445,54.39888164026095,54.119291705498604,55.54520037278658,
44.322845417236664,54.65051258154706,53.92357875116496,,54.44547996272134,54.165890027958994,55.59179869524697,
45.14363885088919,54.68779123951538,54.492078285181734,55.37744641192917,54.52935694315005,54.26840633737186,55.647716682199444,
45.96443228454172,54.71575023299161,54.520037278657966,55.973904939422184,54.60391425908667,54.29636533084809,55.68499534016775,
46.785225718194255,,54.60391425908667,55.9645852749301,,54.36160298229264,55.72227399813607,
47.60601915184679,,54.62255358807083,56.067101584342964,,54.37092264678472,55.740913327120225,
48.42681258549931,,54.64119291705499,56.10438024231128,54.66915191053122,54.39888164026095,55.787511649580615,
49.247606019151846,,54.43616029822926,56.14165890027959,54.68779123951538,54.44547996272134,55.834109972041006,
50.06839945280438,54.072693383038214,54.24044734389562,56.21621621621622,54.12861136999068,54.51071761416589,55.880708294501396,
50.88919288645691,54.091332712022364,54.2497670083877,56.234855545200375,54.12861136999068,54.5479962721342,55.927306616961786,
51.70998632010944,54.072693383038214,54.26840633737186,56.22553588070829,54.10997204100652,54.585274930102514,55.973904939422184,
52.53077975376197,,54.352283317800556,55.80615097856477,54.426840633737186,54.6784715750233,56.01118359739049,55.00465983224604
53.3515731874145,,54.88350419384902,55.787511649580615,54.426840633737186,54.706430568499535,56.04846225535881,55.00465983224604
54.17236662106703,54.259086672879775,55.125815470643055,55.79683131407269,54.4641192917055,54.74370922646785,56.0950605778192,54.99534016775396
54.99316005471956,54.22180801491146,55.125815470643055,55.89002795899348,54.501397949673816,54.78098788443616,56.14165890027959,55.00465983224604
55.81395348837209,54.23112767940354,,55.91798695246971,54.538676607642124,54.79030754892824,56.1789375582479,55.00465983224604
56.634746922024625,54.24044734389562,,56.50512581547064,54.55731593662628,54.81826654240447,56.21621621621622,55.00465983224604
57.45554035567715,54.29636533084809,,56.514445479962724,54.57595526561044,54.85554520037279,56.234855545200375,55.00465983224604
58.276333789329684,54.48275862068965,,56.561043802423114,54.57595526561044,54.86486486486486,56.27213420316868,55.00465983224604
59.097127222982216,54.48275862068965,,56.57968313140727,54.56663560111836,54.88350419384902,56.30009319664492,55.00465983224604
59.91792065663475,54.4641192917055,,56.57036346691519,54.56663560111836,54.90214352283318,56.33737185461323,55.00465983224604
60.738714090287274,54.57595526561044,,56.57036346691519,54.57595526561044,55.00465983224604,56.36533084808947,55.00465983224604
61.55950752393981,54.38956197576887,,56.57968313140727,54.57595526561044,55.09785647716682,56.393289841565704,55.00465983224604
62.38030095759234,54.39888164026095,,,54.585274930102514,55.14445479962721,56.421248835041936,55.013979496738116
63.20109439124487,54.39888164026095,55.3215284249767,,54.585274930102514,55.153774464119294,56.45852749301025,55.00465983224604
64.0218878248974,54.426840633737186,55.386766076421246,55.507921714818266,54.585274930102514,55.16309412861137,56.47716682199441,55.00465983224604
64.84268125854993,54.4175209692451,55.47064305684995,,54.585274930102514,55.18173345759553,56.514445479962724,55.00465983224604
65.66347469220246,54.40820130475303,55.51724137931035,55.34948741845294,54.585274930102514,55.200372786579685,56.53308480894688,55.00465983224604
66.484268125855,54.36160298229264,55.54520037278658,56.328052190121156,54.585274930102514,55.200372786579685,56.561043802423114,55.00465983224604
67.30506155950752,54.34296365330848,55.55452003727866,56.34669151910531,54.585274930102514,55.20969245107176,56.58900279589935,55.00465983224604
68.12585499316005,54.38956197576887,55.5358807082945,56.328052190121156,54.585274930102514,55.22833178005592,56.61696178937558,55.013979496738116
68.94664842681259,54.4641192917055,55.526561043802424,56.33737185461323,54.585274930102514,55.246971109040075,56.63560111835974,55.013979496738116
69.76744186046511,54.72506989748369,55.51724137931035,56.35601118359739,54.585274930102514,55.293569431500465,56.66356011183598,55.013979496738116
70.58823529411765,54.72506989748369,55.526561043802424,56.514445479962724,54.585274930102514,55.31220876048462,56.67287977632805,55.013979496738116
71.40902872777018,54.72506989748369,55.573159366262814,56.92451071761417,54.585274930102514,55.368126747437096,56.700838769804285,55.013979496738116
72.2298221614227,54.72506989748369,55.573159366262814,56.94315004659832,54.57595526561044,55.386766076421246,56.71015843429637,55.013979496738116
73.05061559507524,54.65051258154706,55.5358807082945,56.98974836905872,54.56663560111836,55.414725069897486,56.728797763280525,55.00465983224604
73.87140902872777,54.65051258154706,55.26561043802423,56.980428704566634,54.57595526561044,55.43336439888164,56.7381174277726,55.00465983224604
74.6922024623803,54.66915191053122,55.22833178005592,57.01770736253495,54.56663560111836,55.42404473438956,56.75675675675676,55.013979496738116
75.51299589603283,54.426840633737186,55.22833178005592,57.03634669151911,54.56663560111836,55.44268406337372,56.775396085740915,55.00465983224604
76.33378932968536,54.380242311276795,55.28424976700839,57.027027027027025,54.5479962721342,55.461323392357876,56.79403541472507,
77.1545827633379,54.36160298229264,55.33084808946878,57.06430568499534,54.5479962721342,55.479962721342034,56.80335507921715,
77.97537619699042,54.333643988816405,55.386766076421246,57.101584342963655,54.5479962721342,55.51724137931035,56.81267474370922,
78.79616963064295,54.333643988816405,55.4054054054054,57.12022367194781,54.538676607642124,55.526561043802424,56.821994408201306,
79.61696306429549,54.52935694315005,55.76887232059646,57.12022367194781,54.52935694315005,55.55452003727866,56.84063373718546,
80.43775649794802,54.63187325256291,55.82479030754893,57.04566635601118,54.52935694315005,55.573159366262814,56.84995340167754,
81.25854993160054,54.34296365330848,55.81547064305685,56.99906803355079,54.520037278657966,55.5824790307549,56.85927306616962,
82.07934336525308,54.305684995340165,55.79683131407269,56.980428704566634,54.51071761416589,55.59179869524697,56.868592730661696,
82.9001367989056,54.27772600186393,55.71295433364399,57.00838769804287,54.501397949673816,55.60111835973905,56.868592730661696,
83.72093023255813,54.27772600186393,55.73159366262814,57.027027027027025,54.48275862068965,55.60111835973905,56.868592730661696,
84.54172366621067,54.29636533084809,55.787511649580615,56.71015843429637,54.48275862068965,55.619757688723205,56.87791239515377,
85.3625170998632,54.38956197576887,55.71295433364399,56.71015843429637,54.473438956197576,55.619757688723205,56.87791239515377,
86.18331053351574,54.57595526561044,55.51724137931035,56.69151910531221,54.473438956197576,55.619757688723205,56.87791239515377,
87.00410396716826,54.62255358807083,55.526561043802424,56.700838769804285,54.45479962721342,55.619757688723205,56.887232059645854,
87.82489740082079,54.63187325256291,55.72227399813607,56.79403541472507,54.44547996272134,55.62907735321529,56.887232059645854,
88.64569083447333,54.66915191053122,55.72227399813607,56.980428704566634,54.43616029822926,55.62907735321529,56.887232059645854,
89.46648426812585,54.66915191053122,55.73159366262814,56.887232059645854,54.43616029822926,55.62907735321529,56.887232059645854,
90.28727770177838,54.63187325256291,55.7502329916123,56.747437092264676,54.426840633737186,55.62907735321529,56.887232059645854,
91.10807113543092,54.60391425908667,55.76887232059646,56.700838769804285,54.40820130475303,55.63839701770736,56.87791239515377,
91.92886456908344,54.585274930102514,55.77819198508854,56.700838769804285,54.39888164026095,55.62907735321529,56.87791239515377,
92.74965800273597,54.27772600186393,55.647716682199444,56.71015843429637,54.380242311276795,55.647716682199444,56.868592730661696,
93.57045143638851,54.212488350419385,55.56383970177074,56.69151910531221,54.37092264678472,55.63839701770736,56.868592730661696,
94.39124487004104,54.212488350419385,55.63839701770736,56.66356011183598,54.36160298229264,55.63839701770736,56.868592730661696,
95.21203830369357,54.19384902143523,55.73159366262814,56.63560111835974,54.352283317800556,55.62907735321529,56.868592730661696,
96.0328317373461,54.19384902143523,55.834109972041006,56.66356011183598,54.34296365330848,55.62907735321529,56.84995340167754,
96.85362517099863,54.19384902143523,55.87138863000932,56.96178937558248,54.333643988816405,55.63839701770736,56.84995340167754,
97.67441860465117,54.24044734389562,55.87138863000932,56.9524697110904,54.32432432432432,55.61043802423113,56.84063373718546,
98.49521203830369,54.43616029822926,55.86206896551724,56.67287977632805,54.32432432432432,55.61043802423113,56.83131407269338,
99.31600547195622,54.426840633737186,55.84342963653309,56.64492078285182,54.305684995340165,55.61043802423113,56.821994408201306,
100.13679890560876,54.40820130475303,55.84342963653309,56.62628145386766,54.29636533084809,55.60111835973905,56.821994408201306,
100.95759233926128,54.473438956197576,55.84342963653309,56.61696178937558,54.28704566635601,55.59179869524697,56.821994408201306,
101.77838577291382,54.4641192917055,55.834109972041006,56.59832246039143,54.27772600186393,55.54520037278658,56.80335507921715,
102.59917920656635,54.473438956197576,55.80615097856477,56.59832246039143,54.26840633737186,55.5824790307549,56.79403541472507,55.00465983224604
103.41997264021887,54.40820130475303,55.70363466915191,56.59832246039143,54.2497670083877,55.5824790307549,56.78471575023299,54.99534016775396
104.24076607387141,54.352283317800556,55.452003727865794,56.887232059645854,54.24044734389562,55.5824790307549,56.76607642124883,55.00465983224604
105.06155950752394,54.333643988816405,55.4054054054054,56.99906803355079,54.23112767940354,55.56383970177074,56.747437092264676,55.00465983224604
105.88235294117646,54.119291705498604,55.39608574091333,56.99906803355079,54.212488350419385,55.54520037278658,56.728797763280525,55.013979496738116
106.703146374829,54.0354147250699,55.54520037278658,57.00838769804287,54.212488350419385,55.54520037278658,56.728797763280525,55.013979496738116
107.52393980848153,54.026095060577816,55.647716682199444,56.933830382106244,54.212488350419385,55.526561043802424,56.71015843429637,55.013979496738116
108.34473324213405,54.10997204100652,55.65703634669152,56.83131407269338,54.212488350419385,55.526561043802424,56.71015843429637,55.013979496738116
109.1655266757866,54.426840633737186,55.63839701770736,56.49580615097857,54.19384902143523,55.507921714818266,56.69151910531221,55.00465983224604
109.98632010943912,54.4641192917055,55.39608574091333,56.50512581547064,54.17520969245107,55.51724137931035,56.68219944082013,55.00465983224604
110.80711354309166,54.5479962721342,55.33084808946878,56.514445479962724,54.165890027958994,55.48928238583411,56.67287977632805,55.00465983224604
111.62790697674419,54.538676607642124,55.293569431500465,56.83131407269338,54.165890027958994,55.47064305684995,56.654240447343895,55.00465983224604
112.44870041039671,54.4641192917055,55.27493010251631,56.821994408201306,54.165890027958994,55.461323392357876,56.63560111835974,55.013979496738116
113.26949384404925,54.29636533084809,55.27493010251631,56.81267474370922,54.15657036346691,55.461323392357876,56.62628145386766,55.013979496738116
114.09028727770178,54.26840633737186,55.30288909599254,56.80335507921715,54.13793103448276,55.43336439888164,56.607642124883505,55.013979496738116
114.9110807113543,54.27772600186393,55.5358807082945,56.747437092264676,54.12861136999068,55.42404473438956,56.59832246039143,55.013979496738116
115.73187414500684,54.22180801491146,55.526561043802424,55.27493010251631,54.12861136999068,55.414725069897486,56.59832246039143,55.013979496738116
116.55266757865937,54.26840633737186,55.23765144454799,,54.119291705498604,55.4054054054054,56.57036346691519,55.013979496738116
117.3734610123119,54.27772600186393,55.21901211556384,,54.10997204100652,55.34948741845294,56.561043802423114,55.013979496738116
118.19425444596443,54.26840633737186,55.200372786579685,,54.10065237651445,55.33084808946878,56.54240447343896,55.013979496738116
119.01504787961696,54.2497670083877,55.1071761416589,,54.10065237651445,55.33084808946878,56.53308480894688,54.99534016775396
119.8358413132695,53.94221808014912,55.09785647716682,56.33737185461323,54.091332712022364,55.31220876048462,56.514445479962724,54.99534016775396
120.65663474692202,53.886300093196645,55.09785647716682,56.38397017707363,54.091332712022364,55.293569431500465,56.50512581547064,55.00465983224604
121.47742818057455,53.87698042870457,55.16309412861137,56.36533084808947,54.08201304753029,55.28424976700839,56.49580615097857,55.00465983224604
122.29822161422709,53.92357875116496,55.153774464119294,56.36533084808947,54.072693383038214,55.27493010251631,56.47716682199441,55.013979496738116
123.11901504787961,53.932898415657036,55.14445479962721,56.467847157502334,54.06337371854613,55.246971109040075,56.467847157502334,55.00465983224604
123.93980848153214,53.89561975768872,55.13513513513514,56.58900279589935,54.06337371854613,55.246971109040075,56.449207828518176,54.99534016775396
124.76060191518468,53.886300093196645,55.16309412861137,56.61696178937558,54.054054054054056,55.22833178005592,56.439888164026094,55.00465983224604
125.5813953488372,53.89561975768872,55.153774464119294,56.607642124883505,54.054054054054056,55.18173345759553,56.43056849953402,
126.40218878248974,54.165890027958994,55.23765144454799,56.29077353215284,54.044734389561974,55.172413793103445,56.41192917054986,
127.22298221614227,54.27772600186393,55.11649580615098,56.27213420316868,54.044734389561974,55.20969245107176,56.40260950605778,
128.0437756497948,54.27772600186393,55.08853681267475,56.26281453867661,54.044734389561974,55.21901211556384,56.393289841565704,
128.86456908344732,54.26840633737186,55.30288909599254,56.514445479962724,54.0354147250699,55.20969245107176,56.374650512581546,
129.68536251709986,54.27772600186393,55.368126747437096,56.63560111835974,54.0354147250699,55.1910531220876,56.36533084808947,
130.5061559507524,54.26840633737186,55.368126747437096,56.75675675675676,54.0354147250699,55.18173345759553,56.34669151910531,
131.3269493844049,54.27772600186393,55.35880708294501,56.75675675675676,54.026095060577816,55.172413793103445,56.33737185461323,
132.14774281805745,54.259086672879775,55.35880708294501,56.71947809878844,54.026095060577816,55.153774464119294,56.31873252562907,
132.96853625171,54.15657036346691,55.340167753960856,56.700838769804285,54.007455731593666,55.153774464119294,56.30009319664492,
133.7893296853625,54.10065237651445,55.3215284249767,56.486486486486484,54.007455731593666,55.13513513513514,56.30009319664492,
134.61012311901504,53.87698042870457,55.30288909599254,56.45852749301025,54.007455731593666,55.125815470643055,56.29077353215284,
135.43091655266758,54.15657036346691,55.22833178005592,56.41192917054986,54.007455731593666,55.08853681267475,56.281453867660765,
136.2517099863201,54.15657036346691,55.21901211556384,56.160298229263745,54.007455731593666,55.08853681267475,56.27213420316868,
137.07250341997263,54.119291705498604,55.172413793103445,56.10438024231128,53.99813606710158,55.079217148182664,56.26281453867661,
137.89329685362517,53.91425908667288,55.153774464119294,56.113699906803355,53.99813606710158,55.06989748369059,56.253494874184526,
138.7140902872777,53.80242311276794,55.172413793103445,,53.99813606710158,55.06057781919851,56.234855545200375,
139.53488372093022,53.73718546132339,55.16309412861137,56.421248835041936,53.98881640260951,55.04193849021435,56.22553588070829,
140.35567715458276,53.839701770736255,55.14445479962721,56.43056849953402,53.98881640260951,55.032618825722274,56.206896551724135,
141.1764705882353,54.10997204100652,55.18173345759553,56.43056849953402,53.99813606710158,55.0232991612302,56.206896551724135,
141.99726402188782,54.10997204100652,55.21901211556384,56.393289841565704,53.99813606710158,55.0232991612302,56.18825722273998,
142.81805745554036,54.10065237651445,55.18173345759553,56.38397017707363,53.98881640260951,55.013979496738116,56.18825722273998,
143.6388508891929,54.17520969245107,55.16309412861137,56.36533084808947,53.98881640260951,55.00465983224604,56.1789375582479,
144.4596443228454,54.10997204100652,55.14445479962721,56.29077353215284,53.98881640260951,54.986020503261884,56.16961789375583,
145.28043775649795,54.10065237651445,55.172413793103445,56.04846225535881,53.98881640260951,54.9767008387698,56.160298229263745,
146.1012311901505,53.86766076421249,55.13513513513514,56.03914259086673,53.98881640260951,54.9767008387698,56.160298229263745,
146.922024623803,53.8210624417521,55.079217148182664,55.992544268406334,53.979496738117426,54.95806150978565,56.14165890027959,
147.74281805745554,53.81174277726002,55.06057781919851,55.89002795899348,53.98881640260951,54.94874184529357,56.14165890027959,
148.56361149110808,53.81174277726002,55.20969245107176,55.908667287977636,53.98881640260951,54.93942218080149,56.13233923578751,
149.3844049247606,53.839701770736255,55.21901211556384,55.908667287977636,53.979496738117426,54.94874184529357,56.12301957129543,
150.20519835841313,53.8210624417521,55.23765144454799,56.234855545200375,53.979496738117426,54.95806150978565,56.12301957129543,
151.02599179206567,54.08201304753029,55.31220876048462,56.281453867660765,53.98881640260951,54.95806150978565,56.10438024231128,
151.84678522571818,54.13793103448276,55.22833178005592,56.33737185461323,53.98881640260951,54.920782851817336,56.10438024231128,55.00465983224604
152.66757865937072,54.14725069897484,55.22833178005592,56.328052190121156,53.98881640260951,54.920782851817336,56.10438024231128,54.99534016775396
153.48837209302326,54.24044734389562,55.200372786579685,56.31873252562907,53.98881640260951,54.90214352283318,56.0950605778192,55.00465983224604
154.3091655266758,54.165890027958994,,56.281453867660765,53.98881640260951,54.90214352283318,56.08574091332712,55.00465983224604
155.1299589603283,53.89561975768872,54.78098788443616,56.22553588070829,53.98881640260951,54.85554520037279,56.08574091332712,54.99534016775396
155.95075239398085,53.9049394221808,54.78098788443616,55.945945945945944,53.98881640260951,54.874184529356945,56.08574091332712,54.99534016775396
156.7715458276334,53.92357875116496,54.77166821994408,55.955265610438026,53.99813606710158,54.8928238583411,56.07642124883504,54.99534016775396
157.5923392612859,,54.78098788443616,56.27213420316868,53.99813606710158,54.91146318732525,56.07642124883504,54.99534016775396
158.41313269493844,54.119291705498604,54.799627213420315,56.253494874184526,53.99813606710158,54.88350419384902,56.067101584342964,55.00465983224604
159.23392612859098,54.12861136999068,54.68779123951538,56.29077353215284,53.99813606710158,54.88350419384902,56.067101584342964,55.00465983224604
160.0547195622435,54.119291705498604,54.64119291705499,56.328052190121156,53.98881640260951,54.88350419384902,56.067101584342964,55.00465983224604
160.87551299589603,53.9049394221808,54.64119291705499,55.89002795899348,53.99813606710158,54.86486486486486,56.067101584342964,55.00465983224604
161.69630642954857,53.85834109972041,54.64119291705499,55.740913327120225,54.01677539608574,54.85554520037279,56.05778191985088,55.00465983224604
162.51709986320108,53.89561975768872,54.71575023299161,55.73159366262814,54.007455731593666,54.86486486486486,56.05778191985088,55.00465983224604
163.33789329685362,53.91425908667288,55.23765144454799,55.73159366262814,54.007455731593666,54.86486486486486,56.04846225535881,55.00465983224604
164.15868673050616,54.10065237651445,55.246971109040075,55.76887232059646,54.007455731593666,54.874184529356945,56.04846225535881,54.99534016775396
164.97948016415867,54.10065237651445,55.22833178005592,56.160298229263745,54.007455731593666,54.85554520037279,56.04846225535881,55.00465983224604
165.8002735978112,54.10997204100652,55.153774464119294,56.16961789375583,54.007455731593666,54.874184529356945,56.04846225535881,55.00465983224604
166.62106703146375,54.119291705498604,54.63187325256291,56.160298229263745,54.01677539608574,54.88350419384902,56.04846225535881,55.013979496738116
167.44186046511626,54.15657036346691,54.63187325256291,56.160298229263745,54.01677539608574,54.86486486486486,56.04846225535881,55.013979496738116
168.2626538987688,54.15657036346691,54.63187325256291,56.14165890027959,54.026095060577816,54.86486486486486,56.04846225535881,55.013979496738116
169.08344733242134,53.839701770736255,54.65051258154706,55.93662628145387,54.026095060577816,54.85554520037279,56.04846225535881,55.00465983224604
169.90424076607388,53.83038210624417,54.66915191053122,,54.026095060577816,54.846225535880706,56.04846225535881,55.00465983224604
170.7250341997264,53.83038210624417,54.66915191053122,,54.026095060577816,54.83690587138863,56.04846225535881,55.013979496738116
171.54582763337893,53.83038210624417,54.65051258154706,56.160298229263745,54.026095060577816,54.846225535880706,56.04846225535881,55.013979496738116
172.36662106703147,54.12861136999068,54.65051258154706,56.160298229263745,54.026095060577816,54.85554520037279,56.04846225535881,54.99534016775396
173.18741450068399,53.94221808014912,54.66915191053122,55.927306616961786,54.026095060577816,54.874184529356945,56.03914259086673,54.99534016775396
174.00820793433653,53.9049394221808,54.68779123951538,55.89934762348555,54.026095060577816,54.88350419384902,56.04846225535881,55.00465983224604
174.82900136798906,54.13793103448276,54.706430568499535,55.89934762348555,54.0354147250699,54.93010251630941,56.04846225535881,
175.64979480164158,54.20316868592731,54.706430568499535,55.91798695246971,54.044734389561974,54.93010251630941,56.04846225535881,
176.47058823529412,54.212488350419385,54.74370922646785,56.24417520969245,54.054054054054056,54.827586206896555,56.04846225535881,
177.29138166894666,54.212488350419385,54.94874184529357,56.18825722273998,54.044734389561974,54.827586206896555,56.04846225535881,
178.11217510259917,54.12861136999068,55.00465983224604,56.22553588070829,54.044734389561974,54.83690587138863,56.04846225535881,
178.9329685362517,53.96085740913327,54.91146318732525,56.18825722273998,54.044734389561974,54.827586206896555,56.04846225535881,
179.75376196990425,53.96085740913327,54.71575023299161,56.18825722273998,54.044734389561974,54.83690587138863,56.05778191985088,
180.57455540355676,54.15657036346691,54.74370922646785,56.18825722273998,54.06337371854613,54.846225535880706,56.05778191985088,
181.3953488372093,54.15657036346691,54.73438956197577,55.927306616961786,54.06337371854613,54.846225535880706,56.05778191985088,
182.21614227086184,54.14725069897484,54.73438956197577,55.93662628145387,54.06337371854613,54.846225535880706,56.067101584342964,
183.03693570451435,54.14725069897484,54.69711090400746,56.1789375582479,54.06337371854613,54.846225535880706,56.067101584342964,
183.8577291381669,53.87698042870457,54.68779123951538,56.18825722273998,54.06337371854613,54.846225535880706,56.067101584342964,
184.67852257181943,53.765144454799625,54.659832246039144,56.21621621621622,54.06337371854613,54.846225535880706,56.067101584342964,
185.49931600547194,53.74650512581547,54.5945945945946,56.30009319664492,54.06337371854613,54.85554520037279,56.067101584342964,
186.32010943912448,53.8210624417521,54.62255358807083,56.31873252562907,54.072693383038214,54.846225535880706,56.067101584342964,
187.14090287277702,53.85834109972041,54.63187325256291,56.29077353215284,54.072693383038214,54.86486486486486,56.08574091332712,
187.96169630642956,53.87698042870457,54.63187325256291,56.253494874184526,54.08201304753029,54.85554520037279,56.08574091332712,
188.78248974008207,53.87698042870457,54.63187325256291,56.19757688723206,54.08201304753029,54.86486486486486,56.08574091332712,
189.6032831737346,53.886300093196645,54.63187325256291,55.9645852749301,54.08201304753029,54.86486486486486,56.08574091332712,
190.42407660738715,53.932898415657036,54.659832246039144,55.98322460391426,54.08201304753029,54.874184529356945,56.0950605778192,
191.24487004103966,54.091332712022364,54.68779123951538,56.0950605778192,54.091332712022364,54.86486486486486,56.0950605778192,
192.0656634746922,54.2497670083877,54.86486486486486,56.0950605778192,54.091332712022364,54.86486486486486,56.0950605778192,
192.88645690834474,54.20316868592731,54.986020503261884,56.234855545200375,54.091332712022364,54.86486486486486,56.0950605778192,
193.70725034199725,53.98881640260951,54.99534016775396,56.281453867660765,54.10065237651445,54.874184529356945,56.10438024231128,
194.5280437756498,53.98881640260951,55.05125815470643,56.281453867660765,54.10065237651445,54.88350419384902,56.10438024231128,
195.34883720930233,53.98881640260951,55.06989748369059,56.113699906803355,54.10065237651445,54.88350419384902,56.10438024231128,
196.16963064295484,53.98881640260951,55.032618825722274,55.9645852749301,54.119291705498604,54.874184529356945,56.113699906803355,
196.99042407660738,53.94221808014912,55.00465983224604,55.91798695246971,54.10997204100652,54.88350419384902,56.12301957129543,
197.81121751025992,53.932898415657036,54.90214352283318,55.93662628145387,54.10065237651445,54.90214352283318,56.12301957129543,
198.63201094391243,53.932898415657036,54.753028890959925,56.281453867660765,54.10065237651445,54.90214352283318,56.12301957129543,
199.45280437756497,53.98881640260951,54.74370922646785,56.29077353215284,54.10065237651445,54.8928238583411,56.12301957129543,
200.2735978112175,54.18452935694315,54.73438956197577,56.29077353215284,54.10065237651445,54.90214352283318,56.12301957129543,
201.09439124487002,54.01677539608574,54.71575023299161,56.27213420316868,54.10997204100652,54.90214352283318,56.13233923578751,55.00465983224604
201.91518467852256,53.99813606710158,54.69711090400746,56.27213420316868,54.10997204100652,54.91146318732525,56.14165890027959,55.00465983224604
202.7359781121751,53.95153774464119,54.69711090400746,56.281453867660765,54.10997204100652,54.90214352283318,56.14165890027959,55.00465983224604
203.55677154582764,53.89561975768872,54.706430568499535,56.281453867660765,54.10997204100652,54.90214352283318,56.14165890027959,55.00465983224604
204.37756497948016,53.87698042870457,55.16309412861137,56.26281453867661,54.119291705498604,54.920782851817336,56.14165890027959,54.99534016775396
205.1983584131327,53.932898415657036,55.16309412861137,56.31873252562907,54.119291705498604,54.920782851817336,56.14165890027959,54.99534016775396
206.01915184678523,53.932898415657036,54.78098788443616,56.35601118359739,54.119291705498604,54.920782851817336,56.160298229263745,54.99534016775396
206.83994528043775,53.94221808014912,54.73438956197577,56.36533084808947,54.119291705498604,54.91146318732525,56.160298229263745,55.00465983224604
207.6607387140903,53.979496738117426,54.68779123951538,56.34669151910531,54.12861136999068,54.8928238583411,56.16961789375583,54.99534016775396
208.48153214774283,53.97017707362535,54.68779123951538,56.40260950605778,54.12861136999068,54.90214352283318,56.16961789375583,55.00465983224604
209.30232558139534,54.044734389561974,54.62255358807083,56.40260950605778,54.12861136999068,54.90214352283318,56.16961789375583,55.00465983224604
210.12311901504788,54.22180801491146,54.62255358807083,56.41192917054986,54.13793103448276,54.90214352283318,56.1789375582479,55.00465983224604
210.94391244870042,54.27772600186393,54.60391425908667,56.18825722273998,54.12861136999068,54.91146318732525,56.18825722273998,55.00465983224604
211.76470588235293,54.29636533084809,54.613233923578754,56.020503261882574,54.14725069897484,54.91146318732525,56.18825722273998,55.00465983224604
212.58549931600547,54.352283317800556,54.76234855545201,55.973904939422184,54.12861136999068,54.91146318732525,56.19757688723206,55.00465983224604
213.406292749658,54.29636533084809,54.78098788443616,56.00186393289842,54.13793103448276,54.91146318732525,56.19757688723206,55.00465983224604
214.22708618331052,54.29636533084809,54.753028890959925,56.04846225535881,54.12861136999068,54.920782851817336,56.19757688723206,55.00465983224604
215.04787961696306,54.26840633737186,54.827586206896555,56.5237651444548,54.13793103448276,54.93010251630941,56.19757688723206,55.00465983224604
215.8686730506156,54.26840633737186,54.86486486486486,56.5237651444548,54.13793103448276,54.93010251630941,56.19757688723206,54.99534016775396
216.6894664842681,54.27772600186393,54.86486486486486,56.5237651444548,54.13793103448276,54.93010251630941,56.19757688723206,54.99534016775396
217.51025991792065,54.29636533084809,54.874184529356945,56.514445479962724,54.13793103448276,54.99534016775396,56.206896551724135,54.99534016775396
218.3310533515732,54.29636533084809,55.1910531220876,56.40260950605778,54.13793103448276,54.99534016775396,56.206896551724135,54.99534016775396
219.15184678522573,54.305684995340165,55.16309412861137,56.374650512581546,54.13793103448276,54.99534016775396,56.21621621621622,54.99534016775396
219.97264021887824,54.2497670083877,55.16309412861137,56.35601118359739,54.13793103448276,54.93010251630941,56.21621621621622,55.00465983224604
220.79343365253078,54.24044734389562,55.11649580615098,56.36533084808947,54.13793103448276,55.00465983224604,56.21621621621622,55.00465983224604
221.61422708618332,54.23112767940354,54.73438956197577,56.374650512581546,54.13793103448276,54.93010251630941,56.22553588070829,55.00465983224604
222.43502051983583,53.98881640260951,54.83690587138863,56.12301957129543,54.13793103448276,54.920782851817336,56.22553588070829,55.00465983224604
223.25581395348837,54.007455731593666,54.827586206896555,56.113699906803355,54.13793103448276,54.920782851817336,56.22553588070829,54.99534016775396
224.0766073871409,54.24044734389562,54.79030754892824,56.22553588070829,54.13793103448276,54.94874184529357,56.234855545200375,55.00465983224604
224.89740082079342,54.28704566635601,54.78098788443616,56.374650512581546,54.13793103448276,55.00465983224604,56.234855545200375,55.00465983224604
225.71819425444596,54.28704566635601,54.753028890959925,56.421248835041936,54.14725069897484,55.00465983224604,56.234855545200375,
226.5389876880985,54.26840633737186,54.62255358807083,56.449207828518176,54.15657036346691,55.00465983224604,56.234855545200375,
227.359781121751,54.26840633737186,54.65051258154706,56.34669151910531,54.165890027958994,55.013979496738116,56.234855545200375,
228.18057455540355,54.259086672879775,54.65051258154706,56.05778191985088,54.165890027958994,55.0232991612302,56.24417520969245,
229.0013679890561,54.27772600186393,54.799627213420315,56.24417520969245,54.14725069897484,55.032618825722274,56.24417520969245,
229.8221614227086,,54.8089468779124,56.35601118359739,54.13793103448276,55.0232991612302,56.24417520969245,
230.64295485636114,54.054054054054056,54.8089468779124,56.24417520969245,54.13793103448276,55.013979496738116,56.24417520969245,
231.46374829001368,54.28704566635601,54.81826654240447,56.14165890027959,54.13793103448276,55.0232991612302,56.253494874184526,
232.2845417236662,54.44547996272134,54.827586206896555,55.98322460391426,54.13793103448276,55.0232991612302,56.253494874184526,
233.10533515731873,54.43616029822926,54.85554520037279,55.98322460391426,54.14725069897484,55.04193849021435,56.253494874184526,
233.92612859097127,54.48275862068965,54.86486486486486,56.421248835041936,54.14725069897484,55.04193849021435,56.253494874184526,
234.7469220246238,54.48275862068965,54.874184529356945,56.439888164026094,54.14725069897484,55.032618825722274,56.253494874184526,
235.56771545827633,54.39888164026095,54.88350419384902,56.486486486486484,54.14725069897484,55.032618825722274,56.253494874184526,
236.38850889192886,54.34296365330848,54.93010251630941,56.57968313140727,54.13793103448276,55.032618825722274,56.253494874184526,
237.2093023255814,54.34296365330848,54.93942218080149,56.53308480894688,54.13793103448276,55.032618825722274,56.253494874184526,
238.03009575923392,54.34296365330848,55.13513513513514,56.50512581547064,54.13793103448276,55.032618825722274,56.26281453867661,
238.85088919288646,54.352283317800556,55.14445479962721,56.113699906803355,54.13793103448276,55.032618825722274,56.27213420316868,
239.671682626539,54.31500465983225,55.153774464119294,56.03914259086673,54.13793103448276,55.032618825722274,56.27213420316868,
240.4924760601915,54.01677539608574,55.26561043802423,56.01118359739049,54.13793103448276,55.032618825722274,56.27213420316868,
241.31326949384405,54.007455731593666,55.23765144454799,55.927306616961786,54.13793103448276,55.032618825722274,56.27213420316868,
242.1340629274966,53.91425908667288,55.21901211556384,56.13233923578751,54.13793103448276,55.04193849021435,56.27213420316868,
242.9548563611491,53.94221808014912,55.22833178005592,56.49580615097857,54.13793103448276,55.04193849021435,56.27213420316868,
243.77564979480164,54.13793103448276,55.27493010251631,56.50512581547064,54.13793103448276,55.04193849021435,56.27213420316868,
244.59644322845418,54.2497670083877,55.23765144454799,56.47716682199441,54.13793103448276,55.04193849021435,56.27213420316868,
245.4172366621067,54.259086672879775,55.153774464119294,56.439888164026094,54.13793103448276,55.05125815470643,56.27213420316868,
246.23803009575923,54.259086672879775,54.94874184529357,56.27213420316868,54.13793103448276,55.05125815470643,56.27213420316868,
247.05882352941177,54.01677539608574,54.79030754892824,56.36533084808947,54.13793103448276,55.05125815470643,56.27213420316868,
247.87961696306428,54.007455731593666,54.79030754892824,56.27213420316868,54.13793103448276,55.05125815470643,56.27213420316868,
248.70041039671682,54.01677539608574,54.8089468779124,56.1789375582479,54.13793103448276,55.04193849021435,56.27213420316868,
249.52120383036936,54.13793103448276,54.83690587138863,56.16961789375583,54.13793103448276,55.032618825722274,56.281453867660765,
250.34199726402187,54.28704566635601,54.91146318732525,56.36533084808947,54.13793103448276,55.0232991612302,56.281453867660765,55.0232991612302
251.1627906976744,54.29636533084809,54.91146318732525,56.43056849953402,54.13793103448276,55.079217148182664,56.281453867660765,55.013979496738116
251.98358413132695,54.28704566635601,55.18173345759553,56.45852749301025,54.13793103448276,55.013979496738116,56.281453867660765,55.013979496738116
252.8043775649795,54.20316868592731,55.22833178005592,56.45852749301025,54.119291705498604,55.079217148182664,56.27213420316868,55.013979496738116
253.625170998632,54.054054054054056,55.246971109040075,56.160298229263745,54.13793103448276,55.079217148182664,56.27213420316868,55.013979496738116
254.44596443228454,,55.246971109040075,56.160298229263745,54.13793103448276,55.079217148182664,56.27213420316868,55.013979496738116
255.26675786593708,54.20316868592731,55.23765144454799,56.14165890027959,54.12861136999068,55.013979496738116,56.27213420316868,55.013979496738116
256.0875512995896,,54.83690587138863,56.10438024231128,54.13793103448276,55.08853681267475,56.281453867660765,55.013979496738116
256.90834473324213,54.333643988816405,54.78098788443616,56.13233923578751,54.13793103448276,55.079217148182664,56.281453867660765,55.013979496738116
257.72913816689464,54.34296365330848,54.77166821994408,56.14165890027959,54.13793103448276,55.08853681267475,56.281453867660765,55.013979496738116
258.5499316005472,54.333643988816405,54.85554520037279,56.1789375582479,54.12861136999068,55.079217148182664,56.281453867660765,55.013979496738116
259.3707250341997,54.333643988816405,54.85554520037279,56.15097856477167,54.12861136999068,55.079217148182664,56.281453867660765,55.013979496738116
260.19151846785223,54.333643988816405,55.20969245107176,56.0950605778192,54.12861136999068,55.013979496738116,56.281453867660765,55.013979496738116
261.0123119015048,54.32432432432432,55.18173345759553,56.10438024231128,54.12861136999068,55.013979496738116,56.27213420316868,55.013979496738116
261.8331053351573,54.0354147250699,55.172413793103445,56.10438024231128,54.119291705498604,55.013979496738116,56.27213420316868,55.013979496738116
262.6538987688098,53.91425908667288,55.18173345759553,56.10438024231128,54.119291705498604,55.079217148182664,56.27213420316868,55.013979496738116
263.4746922024624,53.91425908667288,,,54.119291705498604,55.013979496738116,56.27213420316868,55.013979496738116
264.2954856361149,53.886300093196645,54.8928238583411,56.38397017707363,54.119291705498604,55.013979496738116,56.27213420316868,55.013979496738116
265.1162790697674,53.932898415657036,54.8928238583411,56.374650512581546,54.119291705498604,55.013979496738116,56.27213420316868,55.013979496738116
265.93707250342,53.979496738117426,54.8928238583411,56.1789375582479,54.119291705498604,55.013979496738116,56.27213420316868,55.013979496738116
266.7578659370725,54.2497670083877,54.8928238583411,56.07642124883504,54.119291705498604,55.013979496738116,56.27213420316868,55.013979496738116
267.578659370725,54.259086672879775,54.8928238583411,56.067101584342964,54.119291705498604,55.013979496738116,56.27213420316868,55.013979496738116
268.3994528043776,54.28704566635601,54.8928238583411,56.14165890027959,54.119291705498604,55.013979496738116,56.27213420316868,55.013979496738116
269.2202462380301,54.27772600186393,54.88350419384902,56.47716682199441,54.119291705498604,55.013979496738116,56.26281453867661,55.013979496738116
270.0410396716826,54.305684995340165,54.88350419384902,56.514445479962724,54.119291705498604,55.079217148182664,56.26281453867661,55.013979496738116
270.86183310533517,54.31500465983225,55.28424976700839,56.514445479962724,54.119291705498604,55.079217148182664,56.26281453867661,55.013979496738116
271.6826265389877,54.333643988816405,55.28424976700839,56.50512581547064,54.12861136999068,55.08853681267475,56.26281453867661,55.00465983224604
272.5034199726402,54.333643988816405,55.25629077353215,56.40260950605778,54.12861136999068,55.079217148182664,56.26281453867661,55.013979496738116
273.32421340629276,54.32432432432432,55.23765144454799,56.50512581547064,54.119291705498604,55.079217148182664,56.253494874184526,55.013979496738116
274.14500683994527,53.979496738117426,54.83690587138863,56.54240447343896,54.119291705498604,55.0232991612302,56.253494874184526,55.0232991612302
274.96580027359784,53.97017707362535,54.83690587138863,56.561043802423114,54.119291705498604,55.032618825722274,56.253494874184526,
275.78659370725035,53.96085740913327,54.85554520037279,56.55172413793103,54.119291705498604,55.04193849021435,56.253494874184526,
276.60738714090286,53.95153774464119,54.920782851817336,56.374650512581546,54.119291705498604,55.04193849021435,56.253494874184526,
277.4281805745554,53.96085740913327,54.93942218080149,56.12301957129543,54.10997204100652,55.04193849021435,56.253494874184526,
278.24897400820794,53.91425908667288,54.93010251630941,56.13233923578751,54.10997204100652,55.032618825722274,56.253494874184526,
279.06976744186045,53.98881640260951,54.93010251630941,56.113699906803355,54.10997204100652,55.032618825722274,56.253494874184526,
279.890560875513,54.24044734389562,55.21901211556384,56.49580615097857,54.119291705498604,55.032618825722274,56.253494874184526,
280.71135430916553,54.2497670083877,55.22833178005592,56.47716682199441,54.119291705498604,55.032618825722274,56.253494874184526,
281.53214774281804,54.305684995340165,55.21901211556384,56.449207828518176,54.10997204100652,55.032618825722274,56.24417520969245,
282.3529411764706,54.32432432432432,55.13513513513514,56.467847157502334,54.10997204100652,55.032618825722274,56.253494874184526,
283.1737346101231,54.333643988816405,54.920782851817336,56.47716682199441,54.119291705498604,55.032618825722274,56.253494874184526,
283.99452804377563,54.37092264678472,54.827586206896555,56.47716682199441,54.10997204100652,55.032618825722274,56.253494874184526,
284.8153214774282,54.37092264678472,54.846225535880706,56.514445479962724,54.10997204100652,55.032618825722274,56.24417520969245,
285.6361149110807,54.37092264678472,54.874184529356945,56.5237651444548,54.10997204100652,55.032618825722274,56.24417520969245,
286.4569083447332,54.4175209692451,54.88350419384902,56.53308480894688,54.10997204100652,55.032618825722274,56.253494874184526,
287.2777017783858,54.43616029822926,55.22833178005592,56.514445479962724,54.10997204100652,55.032618825722274,56.253494874184526,
288.0984952120383,54.37092264678472,55.461323392357876,56.421248835041936,54.10997204100652,55.032618825722274,56.24417520969245,
288.9192886456908,54.34296365330848,55.44268406337372,56.41192917054986,54.10065237651445,55.013979496738116,56.24417520969245,
289.7400820793434,54.32432432432432,55.44268406337372,56.36533084808947,54.10065237651445,55.013979496738116,56.24417520969245,
290.5608755129959,54.10065237651445,55.414725069897486,56.113699906803355,54.10065237651445,55.0232991612302,56.24417520969245,
291.3816689466484,53.98881640260951,55.18173345759553,56.0950605778192,54.10065237651445,55.0232991612302,56.24417520969245,
292.202462380301,53.99813606710158,55.16309412861137,56.05778191985088,54.10997204100652,55.0232991612302,56.24417520969245,
293.0232558139535,54.007455731593666,55.14445479962721,56.04846225535881,54.10065237651445,55.0232991612302,56.24417520969245,
293.844049247606,54.18452935694315,55.14445479962721,56.04846225535881,54.10065237651445,55.0232991612302,56.24417520969245,
294.66484268125856,54.20316868592731,55.16309412861137,56.393289841565704,54.10065237651445,55.013979496738116,56.234855545200375,
295.4856361149111,54.22180801491146,55.16309412861137,56.43056849953402,54.10065237651445,55.013979496738116,56.234855545200375,
296.3064295485636,54.212488350419385,55.20969245107176,56.45852749301025,54.10997204100652,55.0232991612302,56.234855545200375,
297.12722298221615,53.97017707362535,55.22833178005592,56.449207828518176,54.10065237651445,55.013979496738116,56.234855545200375,
297.94801641586866,53.97017707362535,55.21901211556384,56.35601118359739,54.10997204100652,55.013979496738116,56.234855545200375,
298.7688098495212,53.932898415657036,55.013979496738116,56.08574091332712,54.10065237651445,55.013979496738116,56.234855545200375,
299.58960328317374,53.932898415657036,54.874184529356945,56.067101584342964,54.10065237651445,54.967381174277726,56.234855545200375,55.013979496738116
300.41039671682626,54.34296365330848,55.11649580615098,56.08574091332712,54.10065237651445,55.06057781919851,56.234855545200375,55.00465983224604
301.23119015047877,54.380242311276795,55.16309412861137,56.374650512581546,54.10065237651445,55.013979496738116,56.234855545200375,55.013979496738116
302.05198358413134,54.36160298229264,55.30288909599254,56.43056849953402,54.119291705498604,54.94874184529357,56.234855545200375,55.013979496738116
302.87277701778385,54.380242311276795,55.3215284249767,56.45852749301025,54.10065237651445,54.94874184529357,56.234855545200375,55.013979496738116
303.69357045143636,54.333643988816405,55.20969245107176,56.34669151910531,54.10065237651445,54.93942218080149,56.234855545200375,55.013979496738116
304.5143638850889,54.18452935694315,55.172413793103445,56.08574091332712,54.10065237651445,54.94874184529357,56.234855545200375,55.013979496738116
305.33515731874144,53.932898415657036,55.200372786579685,55.9645852749301,54.10065237651445,54.94874184529357,56.234855545200375,55.013979496738116
306.15595075239395,53.86766076421249,55.22833178005592,55.93662628145387,54.10065237651445,54.93942218080149,56.234855545200375,55.013979496738116
306.9767441860465,53.86766076421249,55.27493010251631,55.91798695246971,54.10065237651445,54.94874184529357,56.234855545200375,55.013979496738116
307.797537619699,53.86766076421249,55.246971109040075,55.89002795899348,54.10065237651445,54.94874184529357,56.234855545200375,55.013979496738116
308.6183310533516,53.92357875116496,55.13513513513514,55.91798695246971,54.10065237651445,54.94874184529357,56.21621621621622,55.013979496738116
309.4391244870041,54.007455731593666,54.8928238583411,55.91798695246971,54.10065237651445,54.94874184529357,56.21621621621622,55.013979496738116
310.2599179206566,53.98881640260951,54.81826654240447,56.03914259086673,54.10065237651445,55.00465983224604,56.22553588070829,55.00465983224604
311.0807113543092,53.92357875116496,54.846225535880706,56.421248835041936,54.119291705498604,55.00465983224604,56.21621621621622,55.00465983224604
311.9015047879617,54.01677539608574,54.874184529356945,56.54240447343896,54.10065237651445,55.00465983224604,56.21621621621622,55.00465983224604
312.7222982216142,54.22180801491146,55.125815470643055,56.55172413793103,54.10065237651445,55.06057781919851,56.21621621621622,54.99534016775396
313.5430916552668,54.28704566635601,55.172413793103445,56.55172413793103,54.10065237651445,55.06057781919851,56.21621621621622,54.99534016775396
314.3638850889193,54.39888164026095,55.1910531220876,56.5237651444548,54.10065237651445,55.06057781919851,56.21621621621622,54.99534016775396
315.1846785225718,54.27772600186393,55.1910531220876,56.41192917054986,54.10065237651445,55.00465983224604,56.21621621621622,55.00465983224604
316.00547195622437,53.94221808014912,55.18173345759553,56.40260950605778,54.10065237651445,55.00465983224604,56.21621621621622,55.00465983224604
316.8262653898769,53.932898415657036,55.1071761416589,56.328052190121156,54.10065237651445,54.94874184529357,56.21621621621622,55.013979496738116
317.6470588235294,53.84902143522833,55.1071761416589,56.309412861137,54.10065237651445,54.94874184529357,56.21621621621622,55.013979496738116
318.46785225718196,53.80242311276794,55.125815470643055,56.0950605778192,54.10065237651445,54.94874184529357,56.21621621621622,55.013979496738116
319.28864569083447,53.87698042870457,55.13513513513514,56.08574091332712,54.091332712022364,55.00465983224604,56.21621621621622,55.00465983224604
320.109439124487,53.87698042870457,55.1071761416589,56.0950605778192,54.10065237651445,55.06057781919851,56.21621621621622,54.99534016775396
320.93023255813955,53.932898415657036,54.91146318732525,56.07642124883504,54.10065237651445,54.94874184529357,56.21621621621622,55.013979496738116
321.75102599179206,54.31500465983225,54.99534016775396,56.01118359739049,54.10065237651445,54.94874184529357,56.21621621621622,55.00465983224604
322.5718194254446,54.333643988816405,55.13513513513514,55.992544268406334,54.091332712022364,54.94874184529357,56.21621621621622,55.00465983224604
323.39261285909714,54.333643988816405,55.13513513513514,56.00186393289842,54.10065237651445,55.00465983224604,56.21621621621622,55.00465983224604
324.21340629274965,54.34296365330848,55.1071761416589,56.01118359739049,54.10065237651445,54.986020503261884,56.21621621621622,
325.03419972640216,54.27772600186393,54.83690587138863,56.12301957129543,54.10065237651445,54.99534016775396,56.21621621621622,
325.85499316005473,53.979496738117426,54.79030754892824,56.309412861137,54.10065237651445,54.99534016775396,56.206896551724135,
326.67578659370724,53.94221808014912,54.78098788443616,56.31873252562907,54.10065237651445,54.99534016775396,56.206896551724135,
327.49658002735976,53.94221808014912,54.85554520037279,56.07642124883504,54.10065237651445,54.99534016775396,56.206896551724135,
328.3173734610123,53.98881640260951,55.1071761416589,56.02982292637465,54.10065237651445,54.99534016775396,56.206896551724135,
329.13816689466483,54.01677539608574,55.09785647716682,56.01118359739049,54.10065237651445,54.99534016775396,56.206896551724135,
329.95896032831735,54.24044734389562,55.08853681267475,55.945945945945944,54.10065237651445,54.99534016775396,56.206896551724135,
330.7797537619699,54.37092264678472,55.08853681267475,55.98322460391426,54.10997204100652,54.99534016775396,56.21621621621622,
331.6005471956224,54.380242311276795,55.125815470643055,56.04846225535881,54.10997204100652,54.99534016775396,56.21621621621622,
332.42134062927494,54.29636533084809,55.16309412861137,56.328052190121156,54.10065237651445,54.99534016775396,56.206896551724135,
333.2421340629275,54.2497670083877,55.18173345759553,56.328052190121156,54.10065237651445,54.99534016775396,56.206896551724135,
334.06292749658,54.23112767940354,55.172413793103445,56.36533084808947,54.10065237651445,54.99534016775396,56.206896551724135,
334.8837209302325,53.89561975768872,55.09785647716682,56.38397017707363,54.10065237651445,54.986020503261884,56.206896551724135,
335.7045143638851,53.92357875116496,54.8928238583411,56.309412861137,54.10065237651445,54.99534016775396,56.206896551724135,
336.5253077975376,53.87698042870457,54.874184529356945,56.10438024231128,54.10065237651445,54.986020503261884,56.206896551724135,
337.3461012311901,53.87698042870457,54.86486486486486,56.04846225535881,54.10065237651445,54.986020503261884,56.21621621621622,
338.1668946648427,53.886300093196645,54.85554520037279,56.03914259086673,54.10065237651445,54.986020503261884,56.21621621621622,
338.9876880984952,53.932898415657036,54.85554520037279,56.04846225535881,54.10065237651445,54.986020503261884,56.21621621621622,
339.80848153214777,53.94221808014912,54.874184529356945,56.08574091332712,54.10065237651445,54.986020503261884,56.206896551724135,
340.6292749658003,53.9049394221808,54.846225535880706,56.0950605778192,54.10065237651445,54.986020503261884,56.206896551724135,
341.4500683994528,53.89561975768872,54.846225535880706,56.34669151910531,54.10065237651445,54.99534016775396,56.206896551724135,
342.27086183310536,53.839701770736255,54.85554520037279,56.36533084808947,54.10065237651445,54.99534016775396,56.206896551724135,
343.09165526675787,53.80242311276794,54.874184529356945,56.38397017707363,54.10997204100652,54.99534016775396,56.21621621621622,
343.9124487004104,53.81174277726002,54.77166821994408,56.43056849953402,54.10997204100652,54.99534016775396,56.21621621621622,
344.73324213406295,53.793103448275865,54.79030754892824,56.449207828518176,54.10997204100652,54.99534016775396,56.21621621621622,
345.55403556771546,53.94221808014912,54.799627213420315,56.439888164026094,54.10065237651445,54.99534016775396,56.21621621621622,
346.37482900136797,53.95153774464119,55.079217148182664,56.31873252562907,54.10065237651445,54.99534016775396,56.21621621621622,
347.19562243502054,53.95153774464119,55.14445479962721,56.309412861137,54.10065237651445,54.99534016775396,56.21621621621622,
348.01641586867305,54.28704566635601,55.1071761416589,56.01118359739049,54.10997204100652,54.99534016775396,56.21621621621622,
348.83720930232556,54.31500465983225,54.8089468779124,55.927306616961786,54.10997204100652,55.0232991612302,56.21621621621622,54.99534016775396
349.65800273597813,54.29636533084809,54.8928238583411,55.91798695246971,54.10997204100652,55.00465983224604,56.21621621621622,55.00465983224604
350.47879616963064,54.27772600186393,54.99534016775396,55.945945945945944,54.10997204100652,54.99534016775396,56.21621621621622,54.99534016775396
351.29958960328315,54.2497670083877,54.827586206896555,55.992544268406334,54.10065237651445,55.06057781919851,56.21621621621622,54.99534016775396
352.1203830369357,54.2497670083877,54.8089468779124,56.020503261882574,54.10065237651445,55.00465983224604,56.206896551724135,55.00465983224604
352.94117647058823,54.24044734389562,54.71575023299161,56.393289841565704,54.10065237651445,55.00465983224604,56.206896551724135,55.00465983224604
353.76196990424074,54.22180801491146,54.827586206896555,56.40260950605778,54.10065237651445,54.93010251630941,56.206896551724135,55.00465983224604
354.5827633378933,54.20316868592731,54.83690587138863,56.40260950605778,54.10065237651445,54.93010251630941,56.206896551724135,55.00465983224604
355.4035567715458,54.19384902143523,54.86486486486486,56.40260950605778,54.10065237651445,55.06989748369059,56.206896551724135,54.99534016775396
356.22435020519833,54.20316868592731,55.11649580615098,56.393289841565704,54.10997204100652,54.99534016775396,56.206896551724135,54.99534016775396
357.0451436388509,54.259086672879775,55.11649580615098,56.40260950605778,54.10997204100652,54.94874184529357,56.206896551724135,55.00465983224604
357.8659370725034,54.26840633737186,55.14445479962721,56.40260950605778,54.10997204100652,55.06057781919851,56.21621621621622,54.99534016775396
358.6867305061559,54.259086672879775,55.11649580615098,56.33737185461323,54.10997204100652,55.00465983224604,56.21621621621622,55.00465983224604
359.5075239398085,54.2497670083877,55.11649580615098,56.04846225535881,54.10997204100652,55.00465983224604,56.21621621621622,55.00465983224604
360.328317373461,54.0354147250699,55.1910531220876,56.05778191985088,54.10997204100652,55.00465983224604,56.21621621621622,55.00465983224604
361.1491108071135,53.979496738117426,55.20969245107176,56.01118359739049,54.10065237651445,55.00465983224604,56.21621621621622,55.00465983224604
361.9699042407661,53.97017707362535,55.21901211556384,56.00186393289842,54.10065237651445,54.93010251630941,56.21621621621622,55.00465983224604
362.7906976744186,53.979496738117426,55.20969245107176,55.973904939422184,54.10997204100652,54.93010251630941,56.21621621621622,55.00465983224604
363.6114911080711,54.007455731593666,55.200372786579685,55.9645852749301,54.119291705498604,55.00465983224604,56.22553588070829,55.00465983224604
364.4322845417237,53.932898415657036,55.09785647716682,56.00186393289842,54.10997204100652,55.00465983224604,56.22553588070829,55.00465983224604
365.2530779753762,53.9049394221808,54.874184529356945,56.08574091332712,54.10065237651445,55.61043802423113,56.22553588070829,55.00465983224604
366.0738714090287,53.91425908667288,54.86486486486486,56.36533084808947,54.10065237651445,55.00465983224604,56.21621621621622,55.00465983224604
366.89466484268127,53.932898415657036,54.86486486486486,56.449207828518176,54.10065237651445,55.00465983224604,56.21621621621622,55.00465983224604
367.7154582763338,53.96085740913327,55.200372786579685,56.449207828518176,54.10065237651445,55.079217148182664,56.21621621621622,55.00465983224604
368.5362517099863,53.97017707362535,55.200372786579685,56.45852749301025,54.10065237651445,54.93010251630941,56.21621621621622,55.00465983224604
369.35704514363886,53.932898415657036,55.1910531220876,56.467847157502334,54.10997204100652,,56.21621621621622,55.00465983224604
370.17783857729137,53.94221808014912,55.1910531220876,56.467847157502334,54.10997204100652,,56.21621621621622,55.00465983224604
370.9986320109439,53.94221808014912,55.27493010251631,56.47716682199441,54.10997204100652,,56.21621621621622,55.00465983224604
371.81942544459645,53.92357875116496,55.33084808946878,56.486486486486484,54.10997204100652,55.079217148182664,56.21621621621622,55.00465983224604
372.64021887824896,54.0354147250699,55.3215284249767,56.486486486486484,54.10997204100652,55.00465983224604,56.21621621621622,55.00465983224604
373.4610123119015,54.0354147250699,55.3215284249767,56.486486486486484,54.10997204100652,55.00465983224604,56.21621621621622,
374.28180574555404,54.0354147250699,55.18173345759553,56.40260950605778,54.10997204100652,55.00465983224604,56.21621621621622,
375.10259917920655,53.91425908667288,54.88350419384902,56.35601118359739,54.10065237651445,54.99534016775396,56.21621621621622,
375.9233926128591,53.86766076421249,54.874184529356945,56.34669151910531,54.10065237651445,54.99534016775396,56.21621621621622,
376.74418604651163,53.87698042870457,54.88350419384902,56.34669151910531,54.10065237651445,54.99534016775396,56.21621621621622,
377.56497948016414,53.9049394221808,55.18173345759553,56.36533084808947,54.119291705498604,54.99534016775396,56.21621621621622,
378.3857729138167,53.92357875116496,55.1910531220876,56.33737185461323,54.10997204100652,54.99534016775396,56.21621621621622,
379.2065663474692,54.119291705498604,55.18173345759553,56.113699906803355,54.12861136999068,54.99534016775396,56.22553588070829,
380.02735978112173,54.22180801491146,55.1910531220876,56.10438024231128,54.119291705498604,55.013979496738116,56.22553588070829,
380.8481532147743,54.212488350419385,55.13513513513514,56.113699906803355,54.119291705498604,55.013979496738116,56.22553588070829,
381.6689466484268,53.932898415657036,54.79030754892824,56.12301957129543,54.119291705498604,55.0232991612302,56.22553588070829,
382.4897400820793,53.89561975768872,54.78098788443616,56.35601118359739,54.10065237651445,55.00465983224604,56.22553588070829,
383.3105335157319,54.0354147250699,54.8089468779124,56.328052190121156,54.10997204100652,54.99534016775396,56.22553588070829,
384.1313269493844,54.20316868592731,55.22833178005592,56.328052190121156,54.119291705498604,54.99534016775396,56.22553588070829,
384.9521203830369,54.212488350419385,55.33084808946878,56.36533084808947,54.119291705498604,54.99534016775396,56.22553588070829,
385.7729138166895,54.27772600186393,55.28424976700839,56.374650512581546,54.119291705498604,54.99534016775396,56.21621621621622,
386.593707250342,54.2497670083877,55.28424976700839,56.374650512581546,54.119291705498604,54.99534016775396,56.21621621621622,
387.4145006839945,54.119291705498604,55.21901211556384,56.38397017707363,54.119291705498604,54.99534016775396,56.21621621621622,
388.2352941176471,54.22180801491146,55.25629077353215,56.374650512581546,54.119291705498604,54.99534016775396,56.22553588070829,
389.0560875512996,54.259086672879775,55.25629077353215,56.41192917054986,54.10997204100652,55.00465983224604,56.21621621621622,
389.8768809849521,54.259086672879775,55.26561043802423,56.49580615097857,54.10997204100652,55.00465983224604,56.21621621621622,
390.69767441860466,54.2497670083877,55.26561043802423,56.45852749301025,54.10997204100652,55.00465983224604,56.22553588070829,
391.5184678522572,54.259086672879775,55.26561043802423,56.439888164026094,54.10997204100652,55.00465983224604,56.234855545200375,
392.3392612859097,54.2497670083877,55.20969245107176,56.22553588070829,54.10997204100652,55.00465983224604,56.234855545200375,
393.16005471956225,54.22180801491146,55.20969245107176,56.07642124883504,54.119291705498604,54.99534016775396,56.234855545200375,
393.98084815321477,53.98881640260951,55.1910531220876,56.07642124883504,54.10997204100652,54.99534016775396,56.234855545200375,
394.8016415868673,53.979496738117426,55.1910531220876,56.113699906803355,54.10997204100652,54.99534016775396,56.234855545200375,
395.62243502051984,53.979496738117426,55.340167753960856,56.33737185461323,54.10997204100652,54.99534016775396,56.22553588070829,
396.44322845417236,53.979496738117426,55.35880708294501,56.393289841565704,54.10997204100652,55.00465983224604,56.22553588070829,
397.26402188782487,54.01677539608574,55.35880708294501,56.38397017707363,54.119291705498604,55.00465983224604,56.22553588070829,
398.08481532147744,54.212488350419385,55.33084808946878,56.10438024231128,54.119291705498604,55.013979496738116,56.22553588070829,
398.90560875512995,54.212488350419385,55.13513513513514,56.020503261882574,54.119291705498604,55.00465983224604,56.234855545200375,55.00465983224604
399.72640218878246,54.007455731593666,54.79030754892824,55.98322460391426,54.10997204100652,55.00465983224604,56.234855545200375,55.00465983224604
400.547195622435,54.007455731593666,54.68779123951538,55.93662628145387,54.10997204100652,55.079217148182664,56.234855545200375,55.00465983224604
401.36798905608754,54.10997204100652,54.68779123951538,55.9645852749301,54.10997204100652,54.94874184529357,56.234855545200375,55.013979496738116
402.18878248974005,54.10997204100652,54.79030754892824,55.91798695246971,54.10997204100652,55.013979496738116,56.234855545200375,55.013979496738116
403.0095759233926,54.10997204100652,55.172413793103445,55.93662628145387,54.10997204100652,55.079217148182664,56.22553588070829,55.00465983224604
403.83036935704513,54.18452935694315,55.172413793103445,56.05778191985088,54.10065237651445,54.94874184529357,56.22553588070829,55.013979496738116
404.6511627906977,54.22180801491146,55.013979496738116,56.36533084808947,54.10065237651445,55.013979496738116,56.22553588070829,55.013979496738116
405.4719562243502,54.22180801491146,55.013979496738116,56.467847157502334,54.10997204100652,55.079217148182664,56.22553588070829,55.013979496738116
406.2927496580027,54.333643988816405,54.874184529356945,56.45852749301025,54.10997204100652,54.94874184529357,56.22553588070829,55.013979496738116
407.1135430916553,54.305684995340165,55.125815470643055,56.439888164026094,54.10997204100652,54.94874184529357,56.234855545200375,55.013979496738116
407.9343365253078,54.23112767940354,55.20969245107176,56.08574091332712,54.119291705498604,54.94874184529357,56.234855545200375,55.013979496738116
408.7551299589603,54.19384902143523,55.21901211556384,56.04846225535881,54.10997204100652,55.013979496738116,56.234855545200375,55.013979496738116
409.5759233926129,54.22180801491146,55.21901211556384,56.05778191985088,54.10065237651445,54.94874184529357,56.234855545200375,55.013979496738116
410.3967168262654,54.18452935694315,55.22833178005592,56.439888164026094,54.10997204100652,55.00465983224604,56.234855545200375,55.00465983224604
411.2175102599179,54.24044734389562,55.1910531220876,56.449207828518176,54.10065237651445,54.93010251630941,56.234855545200375,55.00465983224604
412.03830369357047,54.212488350419385,55.13513513513514,56.47716682199441,54.10065237651445,54.93942218080149,56.234855545200375,55.013979496738116
412.859097127223,54.01677539608574,55.13513513513514,56.50512581547064,54.10065237651445,54.93942218080149,56.22553588070829,55.013979496738116
413.6798905608755,54.007455731593666,54.91146318732525,56.486486486486484,54.119291705498604,55.013979496738116,56.234855545200375,55.013979496738116
414.50068399452806,53.95153774464119,54.88350419384902,56.41192917054986,54.10997204100652,55.013979496738116,56.22553588070829,55.013979496738116
415.3214774281806,53.94221808014912,54.874184529356945,56.41192917054986,54.10997204100652,55.013979496738116,56.21621621621622,55.013979496738116
416.1422708618331,53.96085740913327,54.91146318732525,56.421248835041936,54.10997204100652,55.013979496738116,56.22553588070829,55.013979496738116
416.96306429548565,53.97017707362535,55.1910531220876,56.421248835041936,54.10065237651445,55.06057781919851,56.22553588070829,55.00465983224604
417.78385772913816,54.01677539608574,55.23765144454799,56.12301957129543,54.10065237651445,55.06057781919851,56.22553588070829,55.00465983224604
418.6046511627907,54.24044734389562,55.23765144454799,56.12301957129543,54.10065237651445,55.079217148182664,56.22553588070829,54.99534016775396
419.42544459644324,54.24044734389562,55.200372786579685,56.08574091332712,54.10997204100652,55.00465983224604,56.22553588070829,55.00465983224604
420.24623803009575,54.24044734389562,55.153774464119294,56.12301957129543,54.10997204100652,54.94874184529357,56.22553588070829,55.013979496738116
421.06703146374826,54.22180801491146,54.86486486486486,56.234855545200375,54.10997204100652,55.013979496738116,56.234855545200375,55.013979496738116
421.88782489740083,54.20316868592731,54.86486486486486,56.13233923578751,54.10065237651445,54.93942218080149,56.234855545200375,55.013979496738116
422.70861833105334,54.20316868592731,54.86486486486486,56.08574091332712,54.10065237651445,54.95806150978565,56.234855545200375,55.013979496738116
423.52941176470586,54.19384902143523,54.83690587138863,56.08574091332712,54.10997204100652,55.00465983224604,56.234855545200375,
424.3502051983584,54.212488350419385,54.83690587138863,56.113699906803355,54.10065237651445,55.00465983224604,56.234855545200375,
425.17099863201094,54.10065237651445,54.90214352283318,56.113699906803355,54.10065237651445,55.032618825722274,56.234855545200375,
425.99179206566345,54.01677539608574,55.013979496738116,55.945945945945944,54.10997204100652,55.0232991612302,56.234855545200375,
426.812585499316,53.95153774464119,55.079217148182664,55.85274930102516,54.10997204100652,55.00465983224604,56.234855545200375,
427.6333789329685,53.91425908667288,54.86486486486486,56.07642124883504,54.119291705498604,55.013979496738116,56.234855545200375,
428.45417236662104,53.92357875116496,54.91146318732525,56.0950605778192,54.10997204100652,55.00465983224604,56.234855545200375,
429.2749658002736,53.932898415657036,54.920782851817336,56.486486486486484,54.10997204100652,55.00465983224604,56.234855545200375,
430.0957592339261,53.979496738117426,55.172413793103445,56.421248835041936,54.10997204100652,54.99534016775396,56.234855545200375,
430.9165526675786,54.31500465983225,55.22833178005592,56.43056849953402,54.10997204100652,55.00465983224604,56.234855545200375,
431.7373461012312,54.34296365330848,55.125815470643055,56.467847157502334,54.10997204100652,55.013979496738116,56.234855545200375,
432.5581395348837,54.333643988816405,55.16309412861137,56.49580615097857,54.10997204100652,55.013979496738116,56.22553588070829,
433.3789329685362,54.333643988816405,55.21901211556384,56.486486486486484,54.10065237651445,55.013979496738116,56.22553588070829,
434.1997264021888,53.97017707362535,55.21901211556384,56.467847157502334,54.10065237651445,55.00465983224604,56.234855545200375,
435.0205198358413,53.96085740913327,55.21901211556384,56.40260950605778,54.10997204100652,55.00465983224604,56.22553588070829,
435.8413132694938,53.97017707362535,55.1910531220876,56.08574091332712,54.10997204100652,55.00465983224604,56.234855545200375,
436.6621067031464,53.97017707362535,54.88350419384902,56.02982292637465,54.10997204100652,55.013979496738116,56.234855545200375,
437.4829001367989,54.18452935694315,54.88350419384902,56.05778191985088,54.10065237651445,55.00465983224604,56.234855545200375,
438.30369357045146,54.20316868592731,54.91146318732525,55.98322460391426,54.10997204100652,55.013979496738116,56.234855545200375,
439.12448700410397,53.8210624417521,55.20969245107176,56.13233923578751,54.10065237651445,54.99534016775396,56.234855545200375,
439.9452804377565,53.793103448275865,55.25629077353215,56.234855545200375,54.10065237651445,54.99534016775396,56.234855545200375,
440.76607387140905,53.793103448275865,55.28424976700839,56.35601118359739,54.10065237651445,55.013979496738116,56.22553588070829,
441.58686730506156,53.80242311276794,55.28424976700839,56.36533084808947,54.10997204100652,55.00465983224604,56.22553588070829,
442.40766073871407,53.94221808014912,55.246971109040075,56.393289841565704,54.10997204100652,55.0232991612302,56.22553588070829,
443.22845417236664,53.94221808014912,55.23765144454799,56.449207828518176,54.10065237651445,55.00465983224604,56.21621621621622,
444.04924760601915,53.97017707362535,55.153774464119294,56.449207828518176,54.10997204100652,55.013979496738116,56.21621621621622,
444.87004103967166,53.979496738117426,54.86486486486486,56.45852749301025,54.10065237651445,55.00465983224604,56.21621621621622,
445.69083447332423,54.10065237651445,54.85554520037279,56.439888164026094,54.10065237651445,55.00465983224604,56.22553588070829,
446.51162790697674,54.24044734389562,54.79030754892824,56.449207828518176,54.10997204100652,55.00465983224604,56.22553588070829,
447.33242134062925,54.27772600186393,54.74370922646785,56.08574091332712,54.10997204100652,55.00465983224604,56.234855545200375,
448.1532147742818,54.28704566635601,54.74370922646785,56.00186393289842,54.10997204100652,54.99534016775396,56.234855545200375,
448.97400820793433,54.28704566635601,54.74370922646785,56.00186393289842,54.10997204100652,54.94874184529357,56.234855545200375,55.00465983224604
449.79480164158684,54.28704566635601,54.76234855545201,56.01118359739049,54.10997204100652,55.06989748369059,56.234855545200375,55.00465983224604
450.6155950752394,54.259086672879775,54.90214352283318,56.020503261882574,54.10997204100652,55.079217148182664,56.234855545200375,55.013979496738116
451.4363885088919,54.0354147250699,54.90214352283318,56.02982292637465,54.119291705498604,55.013979496738116,56.234855545200375,55.013979496738116
452.25718194254443,54.18452935694315,54.90214352283318,56.02982292637465,54.10065237651445,55.013979496738116,56.234855545200375,55.013979496738116
453.077975376197,53.91425908667288,54.83690587138863,55.992544268406334,54.10065237651445,55.013979496738116,56.234855545200375,55.013979496738116
453.8987688098495,53.9049394221808,54.827586206896555,55.992544268406334,54.10065237651445,54.93942218080149,56.234855545200375,55.013979496738116
454.719562243502,53.91425908667288,54.827586206896555,55.992544268406334,54.10065237651445,54.94874184529357,56.234855545200375,55.013979496738116
455.5403556771546,54.007455731593666,54.85554520037279,56.13233923578751,54.10065237651445,55.013979496738116,56.234855545200375,55.013979496738116
456.3611491108071,54.19384902143523,55.1071761416589,56.33737185461323,54.10065237651445,54.94874184529357,56.234855545200375,55.013979496738116
457.1819425444596,54.24044734389562,55.18173345759553,56.34669151910531,54.10997204100652,54.93942218080149,56.234855545200375,55.013979496738116
458.0027359781122,54.22180801491146,55.18173345759553,56.33737185461323,54.10997204100652,54.94874184529357,56.234855545200375,55.013979496738116
458.8235294117647,53.98881640260951,55.153774464119294,56.08574091332712,54.10065237651445,54.93942218080149,56.234855545200375,55.013979496738116
459.6443228454172,53.98881640260951,55.125815470643055,56.020503261882574,54.10065237651445,54.94874184529357,56.234855545200375,55.013979496738116
460.4651162790698,54.007455731593666,55.18173345759553,56.08574091332712,54.10997204100652,54.94874184529357,56.234855545200375,55.013979496738116
461.2859097127223,54.212488350419385,55.14445479962721,56.08574091332712,54.119291705498604,55.00465983224604,56.234855545200375,55.00465983224604
462.1067031463748,,54.706430568499535,56.33737185461323,54.10997204100652,54.94874184529357,56.22553588070829,55.013979496738116
462.92749658002737,,54.73438956197577,56.374650512581546,54.119291705498604,54.94874184529357,56.22553588070829,55.013979496738116
463.7482900136799,54.0354147250699,54.73438956197577,56.36533084808947,54.119291705498604,55.079217148182664,56.21621621621622,55.00465983224604
464.5690834473324,53.979496738117426,54.73438956197577,56.35601118359739,54.10997204100652,55.013979496738116,56.21621621621622,55.013979496738116
465.38987688098496,53.99813606710158,54.83690587138863,56.34669151910531,54.20316868592731,55.013979496738116,56.22553588070829,55.013979496738116
466.21067031463747,54.10997204100652,54.68779123951538,56.328052190121156,54.10997204100652,54.94874184529357,56.22553588070829,55.013979496738116
467.03146374829,54.20316868592731,54.74370922646785,56.33737185461323,54.10065237651445,54.93942218080149,56.21621621621622,55.013979496738116
467.85225718194255,54.23112767940354,54.76234855545201,56.36533084808947,54.10997204100652,55.013979496738116,56.21621621621622,55.013979496738116
468.67305061559506,54.24044734389562,54.81826654240447,56.38397017707363,54.10997204100652,55.013979496738116,56.21621621621622,55.013979496738116
469.4938440492476,54.22180801491146,54.85554520037279,56.374650512581546,54.10997204100652,55.06057781919851,56.21621621621622,54.99534016775396
470.31463748290014,53.932898415657036,54.85554520037279,56.36533084808947,54.10997204100652,55.00465983224604,56.21621621621622,55.00465983224604
471.13543091655265,53.83038210624417,54.8089468779124,56.113699906803355,54.119291705498604,55.00465983224604,56.234855545200375,55.00465983224604
471.9562243502052,53.8210624417521,54.799627213420315,56.08574091332712,54.10997204100652,55.0232991612302,56.234855545200375,54.99534016775396
472.77701778385773,53.85834109972041,54.799627213420315,56.34669151910531,54.10997204100652,55.00465983224604,56.22553588070829,
473.59781121751024,53.86766076421249,54.827586206896555,56.36533084808947,54.10065237651445,54.99534016775396,56.22553588070829,
474.4186046511628,54.18452935694315,55.172413793103445,56.33737185461323,54.10065237651445,55.00465983224604,56.22553588070829,
475.2393980848153,54.24044734389562,55.246971109040075,55.98322460391426,54.10065237651445,55.00465983224604,56.22553588070829,
476.06019151846783,54.27772600186393,55.14445479962721,55.973904939422184,54.10065237651445,54.99534016775396,56.22553588070829,
476.8809849521204,54.305684995340165,55.09785647716682,55.9645852749301,54.10065237651445,54.99534016775396,56.22553588070829,
477.7017783857729,54.31500465983225,55.013979496738116,55.992544268406334,54.10997204100652,55.013979496738116,56.22553588070829,
478.5225718194254,54.352283317800556,54.78098788443616,56.33737185461323,54.10997204100652,55.00465983224604,56.22553588070829,
479.343365253078,54.352283317800556,54.8089468779124,56.113699906803355,54.10997204100652,55.00465983224604,56.22553588070829,
480.1641586867305,54.352283317800556,54.827586206896555,56.08574091332712,54.10997204100652,55.00465983224604,56.22553588070829,
480.984952120383,54.31500465983225,54.83690587138863,56.067101584342964,54.10997204100652,55.013979496738116,56.22553588070829,
481.8057455540356,54.26840633737186,54.8928238583411,56.067101584342964,54.10065237651445,55.013979496738116,56.22553588070829,
482.6265389876881,54.2497670083877,55.16309412861137,56.067101584342964,54.10065237651445,55.00465983224604,56.22553588070829,
483.4473324213406,53.97017707362535,55.16309412861137,56.35601118359739,54.10065237651445,55.013979496738116,56.22553588070829,
484.2681258549932,53.92357875116496,55.16309412861137,56.36533084808947,54.10065237651445,55.00465983224604,56.22553588070829,
485.0889192886457,53.932898415657036,55.1071761416589,56.421248835041936,54.10997204100652,54.99534016775396,56.22553588070829,
485.9097127222982,53.932898415657036,55.09785647716682,56.34669151910531,54.10997204100652,54.99534016775396,56.21621621621622,
486.73050615595076,53.932898415657036,55.13513513513514,56.35601118359739,54.10997204100652,54.99534016775396,56.21621621621622,
487.5512995896033,53.97017707362535,55.13513513513514,56.35601118359739,54.10997204100652,54.99534016775396,56.21621621621622,
488.3720930232558,53.97017707362535,55.13513513513514,56.36533084808947,54.10065237651445,54.99534016775396,56.21621621621622,
489.19288645690835,54.19384902143523,54.8928238583411,56.34669151910531,54.10065237651445,55.013979496738116,56.21621621621622,
490.01367989056087,54.28704566635601,54.90214352283318,55.9645852749301,54.10065237651445,55.013979496738116,56.22553588070829,
490.8344733242134,54.31500465983225,54.874184529356945,55.927306616961786,54.10997204100652,55.00465983224604,56.22553588070829,
491.65526675786595,54.34296365330848,54.85554520037279,55.91798695246971,54.10997204100652,55.00465983224604,56.234855545200375,
492.47606019151846,54.32432432432432,54.874184529356945,55.955265610438026,54.10997204100652,54.99534016775396,56.234855545200375,
493.29685362517097,54.19384902143523,54.8928238583411,56.00186393289842,54.10065237651445,54.99534016775396,56.22553588070829,
494.11764705882354,53.98881640260951,55.125815470643055,56.03914259086673,54.10065237651445,54.99534016775396,56.22553588070829,
494.93844049247605,53.9049394221808,55.125815470643055,56.07642124883504,54.10065237651445,55.00465983224604,56.22553588070829,
495.75923392612856,53.9049394221808,54.8928238583411,56.0950605778192,54.10997204100652,54.99534016775396,56.22553588070829,
496.5800273597811,53.91425908667288,54.8089468779124,56.421248835041936,54.10065237651445,55.00465983224604,56.21621621621622,
497.40082079343364,53.9049394221808,54.78098788443616,56.439888164026094,54.10065237651445,55.00465983224604,56.21621621621622,
498.22161422708615,53.87698042870457,54.77166821994408,56.43056849953402,54.10065237651445,55.00465983224604,56.21621621621622,55.00465983224604
499.0424076607387,53.979496738117426,54.8089468779124,56.40260950605778,54.10065237651445,55.06057781919851,56.21621621621622,55.00465983224604
499.86320109439123,53.97017707362535,55.013979496738116,56.43056849953402,54.10065237651445,55.06989748369059,56.21621621621622,54.99534016775396
500.68399452804374,54.18452935694315,55.13513513513514,56.41192917054986,54.10065237651445,55.079217148182664,56.21621621621622,55.00465983224604
501.5047879616963,54.259086672879775,55.125815470643055,56.45852749301025,54.10065237651445,54.94874184529357,56.21621621621622,55.013979496738116
502.3255813953488,54.01677539608574,55.246971109040075,56.54240447343896,54.10065237651445,55.00465983224604,56.21621621621622,55.00465983224604
503.1463748290014,53.92357875116496,55.26561043802423,56.55172413793103,54.10997204100652,54.93010251630941,56.21621621621622,55.00465983224604
503.9671682626539,53.92357875116496,55.30288909599254,56.55172413793103,54.10997204100652,54.94874184529357,56.21621621621622,55.013979496738116
504.7879616963064,53.92357875116496,55.28424976700839,56.5237651444548,54.10997204100652,54.94874184529357,56.21621621621622,55.013979496738116
505.608755129959,53.92357875116496,55.27493010251631,,54.10997204100652,55.013979496738116,56.21621621621622,55.013979496738116
506.4295485636115,53.95153774464119,55.26561043802423,56.08574091332712,54.10065237651445,55.013979496738116,56.234855545200375,55.013979496738116
507.250341997264,53.98881640260951,55.26561043802423,56.08574091332712,54.10065237651445,54.94874184529357,56.234855545200375,55.013979496738116
508.07113543091657,53.98881640260951,55.1071761416589,56.07642124883504,54.10065237651445,54.93010251630941,56.234855545200375,55.00465983224604
508.8919288645691,53.979496738117426,54.91146318732525,56.0950605778192,54.10065237651445,55.00465983224604,56.234855545200375,55.00465983224604
509.7127222982216,53.979496738117426,54.91146318732525,56.10438024231128,54.10065237651445,54.94874184529357,56.234855545200375,55.013979496738116
510.53351573187416,53.99813606710158,54.90214352283318,55.34948741845294,54.10997204100652,55.00465983224604,56.21621621621622,55.00465983224604
511.3543091655267,54.026095060577816,55.30288909599254,56.33737185461323,54.119291705498604,55.00465983224604,56.21621621621622,55.00465983224604
512.1751025991792,54.20316868592731,55.30288909599254,56.35601118359739,54.10997204100652,54.94874184529357,56.21621621621622,55.013979496738116
512.9958960328318,54.20316868592731,55.30288909599254,56.43056849953402,54.10997204100652,54.94874184529357,56.21621621621622,55.013979496738116
513.8166894664843,54.10065237651445,55.26561043802423,56.421248835041936,54.10065237651445,54.93010251630941,56.21621621621622,55.00465983224604
514.6374829001368,53.95153774464119,55.246971109040075,56.43056849953402,54.10065237651445,54.93010251630941,56.21621621621622,55.00465983224604
515.4582763337893,53.92357875116496,55.25629077353215,56.439888164026094,54.10065237651445,54.93942218080149,56.21621621621622,55.013979496738116
516.2790697674418,53.95153774464119,55.25629077353215,56.36533084808947,54.10997204100652,54.99534016775396,56.22553588070829,54.99534016775396
517.0998632010944,54.2497670083877,55.25629077353215,56.34669151910531,54.10997204100652,55.06057781919851,56.22553588070829,54.99534016775396
517.9206566347469,54.259086672879775,55.11649580615098,56.36533084808947,54.10997204100652,55.06057781919851,56.22553588070829,55.00465983224604
518.7414500683994,54.29636533084809,54.846225535880706,56.38397017707363,54.10997204100652,55.06057781919851,56.22553588070829,55.00465983224604
519.562243502052,54.34296365330848,54.753028890959925,56.421248835041936,54.10997204100652,55.079217148182664,56.22553588070829,55.00465983224604
520.3830369357045,54.31500465983225,54.706430568499535,56.439888164026094,54.10997204100652,55.00465983224604,56.21621621621622,55.00465983224604
521.2038303693571,54.27772600186393,54.76234855545201,56.486486486486484,54.10997204100652,55.06057781919851,56.21621621621622,55.00465983224604
522.0246238030096,54.27772600186393,55.1910531220876,56.514445479962724,54.10997204100652,55.00465983224604,56.21621621621622,
522.8454172366621,54.28704566635601,55.25629077353215,56.47716682199441,54.10997204100652,54.99534016775396,56.21621621621622,
523.6662106703146,54.27772600186393,55.246971109040075,56.486486486486484,54.10997204100652,55.00465983224604,56.21621621621622,
524.4870041039671,54.27772600186393,55.21901211556384,56.486486486486484,54.10997204100652,55.00465983224604,56.21621621621622,
525.3077975376196,54.27772600186393,54.86486486486486,56.55172413793103,54.119291705498604,54.99534016775396,56.21621621621622,
526.1285909712723,54.26840633737186,54.90214352283318,56.57036346691519,54.10997204100652,54.99534016775396,56.21621621621622,
526.9493844049248,54.26840633737186,55.08853681267475,56.561043802423114,54.10997204100652,54.99534016775396,56.21621621621622,
527.7701778385773,54.259086672879775,55.1071761416589,56.421248835041936,54.10997204100652,54.99534016775396,56.22553588070829,
528.5909712722298,54.259086672879775,55.013979496738116,56.33737185461323,54.10997204100652,55.0232991612302,56.22553588070829,
529.4117647058823,54.29636533084809,54.88350419384902,56.12301957129543,54.10997204100652,55.00465983224604,56.22553588070829,
530.2325581395348,54.28704566635601,54.88350419384902,56.08574091332712,54.10997204100652,55.00465983224604,56.22553588070829,
531.0533515731875,54.259086672879775,54.874184529356945,56.328052190121156,54.10997204100652,55.00465983224604,56.22553588070829,
531.87414500684,54.28704566635601,54.88350419384902,56.36533084808947,54.10997204100652,55.00465983224604,56.21621621621622,
532.6949384404925,54.426840633737186,55.09785647716682,56.36533084808947,54.10065237651445,54.99534016775396,56.21621621621622,
533.515731874145,54.44547996272134,55.09785647716682,56.35601118359739,54.10065237651445,55.00465983224604,56.22553588070829,
534.3365253077975,54.44547996272134,55.09785647716682,56.40260950605778,54.10065237651445,55.00465983224604,56.22553588070829,
535.15731874145,54.44547996272134,55.125815470643055,56.38397017707363,54.10065237651445,55.00465983224604,56.22553588070829,
535.9781121751026,54.352283317800556,55.18173345759553,56.38397017707363,54.10065237651445,55.00465983224604,56.22553588070829,
536.7989056087551,54.24044734389562,55.125815470643055,56.34669151910531,54.10997204100652,54.99534016775396,56.22553588070829,
537.6196990424077,54.26840633737186,55.08853681267475,56.01118359739049,54.10997204100652,54.99534016775396,56.22553588070829,
538.4404924760602,54.27772600186393,54.93010251630941,55.89934762348555,54.10997204100652,55.00465983224604,56.234855545200375,
539.2612859097127,54.28704566635601,55.079217148182664,55.89002795899348,54.12861136999068,55.00465983224604,56.234855545200375,
540.0820793433652,54.27772600186393,55.18173345759553,55.908667287977636,54.10997204100652,55.00465983224604,56.234855545200375,
540.9028727770178,54.20316868592731,55.200372786579685,55.91798695246971,54.10997204100652,55.00465983224604,56.22553588070829,
541.7236662106703,,55.200372786579685,55.945945945945944,54.10997204100652,54.99534016775396,56.22553588070829,
542.5444596443228,54.18452935694315,55.18173345759553,55.98322460391426,54.10997204100652,54.99534016775396,56.22553588070829,
543.3652530779754,54.34296365330848,55.00465983224604,56.04846225535881,54.119291705498604,55.00465983224604,56.22553588070829,
544.1860465116279,54.40820130475303,54.874184529356945,56.05778191985088,54.119291705498604,55.00465983224604,56.22553588070829,
545.0068399452804,54.380242311276795,54.8089468779124,56.33737185461323,54.12861136999068,55.013979496738116,56.22553588070829,
545.827633378933,54.34296365330848,54.71575023299161,56.328052190121156,54.10997204100652,55.00465983224604,56.22553588070829,
546.6484268125855,54.333643988816405,54.68779123951538,56.04846225535881,54.119291705498604,55.00465983224604,56.22553588070829,
547.469220246238,54.18452935694315,54.71575023299161,56.03914259086673,54.10997204100652,54.967381174277726,56.22553588070829,55.013979496738116
548.2900136798905,54.01677539608574,54.827586206896555,55.945945945945944,54.10065237651445,55.06989748369059,56.22553588070829,55.00465983224604
549.110807113543,54.23112767940354,55.14445479962721,55.9645852749301,54.10065237651445,55.079217148182664,56.22553588070829,54.99534016775396
549.9316005471957,54.007455731593666,55.30288909599254,55.91798695246971,54.10065237651445,54.93010251630941,56.22553588070829,55.00465983224604
550.7523939808482,54.01677539608574,55.30288909599254,55.908667287977636,54.10997204100652,55.06057781919851,56.22553588070829,54.99534016775396
551.5731874145007,54.007455731593666,55.26561043802423,55.908667287977636,54.10997204100652,55.00465983224604,56.22553588070829,55.00465983224604
552.3939808481532,54.0354147250699,,55.880708294501396,54.10997204100652,54.94874184529357,56.22553588070829,55.00465983224604
553.2147742818057,54.259086672879775,54.874184529356945,56.02982292637465,54.10997204100652,54.94874184529357,56.22553588070829,55.013979496738116
554.0355677154582,54.259086672879775,54.91146318732525,56.0950605778192,54.10997204100652,55.013979496738116,56.22553588070829,55.013979496738116
554.8563611491109,54.007455731593666,54.91146318732525,56.33737185461323,54.10997204100652,55.013979496738116,56.22553588070829,55.013979496738116
555.6771545827634,53.87698042870457,54.91146318732525,56.393289841565704,54.10065237651445,55.00465983224604,56.21621621621622,55.00465983224604
556.4979480164159,53.86766076421249,54.846225535880706,56.449207828518176,54.10065237651445,55.00465983224604,56.21621621621622,55.00465983224604
557.3187414500684,53.932898415657036,54.78098788443616,56.43056849953402,54.10065237651445,55.00465983224604,56.21621621621622,55.00465983224604
558.1395348837209,54.007455731593666,54.81826654240447,56.36533084808947,54.10065237651445,55.00465983224604,56.21621621621622,55.00465983224604
558.9603283173734,54.22180801491146,54.88350419384902,56.34669151910531,54.10065237651445,54.94874184529357,56.21621621621622,55.013979496738116
559.781121751026,54.352283317800556,55.18173345759553,56.421248835041936,54.10065237651445,54.93942218080149,56.21621621621622,55.013979496738116
560.6019151846785,54.380242311276795,55.21901211556384,56.45852749301025,54.10065237651445,55.013979496738116,56.21621621621622,55.013979496738116
561.4227086183311,54.380242311276795,55.200372786579685,56.45852749301025,54.10065237651445,55.08853681267475,56.21621621621622,55.013979496738116
562.2435020519836,54.38956197576887,,56.449207828518176,54.119291705498604,54.93942218080149,56.22553588070829,55.013979496738116
563.0642954856361,54.380242311276795,54.88350419384902,56.45852749301025,54.119291705498604,54.93942218080149,56.22553588070829,55.013979496738116
563.8850889192886,54.23112767940354,54.86486486486486,56.36533084808947,54.10997204100652,54.94874184529357,56.22553588070829,55.013979496738116
564.7058823529412,54.22180801491146,54.86486486486486,56.393289841565704,54.10997204100652,54.93942218080149,56.22553588070829,55.013979496738116
565.5266757865937,54.22180801491146,54.874184529356945,56.40260950605778,54.10997204100652,54.93010251630941,56.22553588070829,55.00465983224604
566.3474692202462,54.20316868592731,54.8928238583411,56.40260950605778,54.10997204100652,54.920782851817336,56.22553588070829,55.00465983224604
567.1682626538988,54.20316868592731,,56.43056849953402,54.10997204100652,54.93010251630941,56.22553588070829,55.00465983224604
567.9890560875513,54.19384902143523,54.88350419384902,56.12301957129543,54.10065237651445,54.920782851817336,56.22553588070829,55.00465983224604
568.8098495212038,54.01677539608574,54.74370922646785,56.01118359739049,54.10065237651445,54.93010251630941,56.22553588070829,55.00465983224604
569.6306429548564,54.10065237651445,54.73438956197577,56.00186393289842,54.10065237651445,54.93942218080149,56.22553588070829,55.00465983224604
570.4514363885089,54.259086672879775,54.73438956197577,56.00186393289842,54.10997204100652,54.94874184529357,56.22553588070829,55.00465983224604
571.2722298221614,54.27772600186393,54.74370922646785,56.020503261882574,54.10065237651445,55.00465983224604,56.22553588070829,55.00465983224604
572.0930232558139,54.27772600186393,54.799627213420315,56.07642124883504,54.10065237651445,55.00465983224604,56.22553588070829,
572.9138166894664,54.27772600186393,54.799627213420315,56.0950605778192,54.10997204100652,55.013979496738116,56.22553588070829,
573.734610123119,54.27772600186393,54.8089468779124,56.07642124883504,54.10997204100652,55.0232991612302,56.22553588070829,
574.5554035567716,54.27772600186393,54.81826654240447,56.07642124883504,54.10997204100652,55.0232991612302,56.22553588070829,
575.3761969904241,54.28704566635601,54.81826654240447,56.0950605778192,54.10997204100652,55.013979496738116,56.22553588070829,
576.1969904240766,54.27772600186393,54.827586206896555,56.10438024231128,54.10997204100652,55.00465983224604,56.22553588070829,
577.0177838577291,54.2497670083877,54.88350419384902,56.22553588070829,54.10065237651445,55.00465983224604,56.22553588070829,
577.8385772913816,54.24044734389562,54.8928238583411,56.03914259086673,54.10065237651445,55.00465983224604,56.22553588070829,
578.6593707250341,54.259086672879775,54.8928238583411,56.05778191985088,54.10997204100652,55.00465983224604,56.22553588070829,
579.4801641586868,54.26840633737186,54.88350419384902,55.973904939422184,54.10997204100652,55.00465983224604,56.234855545200375,
580.3009575923393,54.26840633737186,54.799627213420315,55.9645852749301,54.10997204100652,55.00465983224604,56.234855545200375,
581.1217510259918,54.259086672879775,54.753028890959925,55.9645852749301,54.10997204100652,55.013979496738116,56.234855545200375,
581.9425444596443,53.979496738117426,54.846225535880706,55.973904939422184,54.10065237651445,55.013979496738116,56.234855545200375,
582.7633378932968,53.97017707362535,55.11649580615098,56.00186393289842,54.10065237651445,55.00465983224604,56.234855545200375,
583.5841313269494,53.91425908667288,55.172413793103445,56.02982292637465,54.10065237651445,55.013979496738116,56.22553588070829,
584.404924760602,53.95153774464119,55.172413793103445,56.067101584342964,54.10065237651445,55.013979496738116,56.22553588070829,
585.2257181942545,53.99813606710158,55.153774464119294,56.12301957129543,54.10065237651445,55.00465983224604,56.22553588070829,
586.046511627907,53.99813606710158,54.88350419384902,56.21621621621622,54.10065237651445,55.00465983224604,56.22553588070829,
586.8673050615595,54.2497670083877,54.90214352283318,56.07642124883504,54.10065237651445,55.00465983224604,56.22553588070829,
587.688098495212,54.22180801491146,54.88350419384902,56.067101584342964,54.10065237651445,55.0232991612302,56.22553588070829,
588.5088919288646,53.96085740913327,54.8089468779124,56.020503261882574,54.10065237651445,55.013979496738116,56.22553588070829,
589.3296853625171,53.96085740913327,54.8089468779124,56.08574091332712,54.10997204100652,55.00465983224604,56.22553588070829,
590.1504787961696,53.95153774464119,54.8089468779124,56.421248835041936,54.10065237651445,55.013979496738116,56.21621621621622,
590.9712722298221,53.96085740913327,54.88350419384902,56.50512581547064,54.10997204100652,55.013979496738116,56.21621621621622,
591.7920656634747,54.119291705498604,54.88350419384902,56.486486486486484,54.119291705498604,55.013979496738116,56.21621621621622,
592.6128590971272,54.212488350419385,54.83690587138863,56.47716682199441,54.10997204100652,55.00465983224604,56.22553588070829,
593.4336525307798,54.37092264678472,54.753028890959925,56.07642124883504,54.10997204100652,55.00465983224604,56.22553588070829,
594.2544459644323,54.27772600186393,54.81826654240447,55.82479030754893,54.12861136999068,55.00465983224604,56.22553588070829,
595.0752393980848,54.2497670083877,54.83690587138863,55.740913327120225,54.119291705498604,55.00465983224604,56.22553588070829,
595.8960328317373,54.26840633737186,54.85554520037279,55.7502329916123,54.10065237651445,55.013979496738116,56.22553588070829,
596.7168262653898,54.007455731593666,55.1910531220876,55.75955265610438,54.10065237651445,55.05125815470643,56.22553588070829,54.99534016775396
597.5376196990424,54.212488350419385,55.200372786579685,55.945945945945944,54.10997204100652,55.00465983224604,56.22553588070829,55.00465983224604
598.358413132695,54.0354147250699,55.14445479962721,56.421248835041936,54.10997204100652,54.93942218080149,56.22553588070829,55.013979496738116
599.1792065663475,53.96085740913327,55.09785647716682,56.467847157502334,54.10997204100652,55.00465983224604,56.22553588070829,55.00465983224604
600.0,53.95153774464119,55.09785647716682,56.47716682199441,54.10997204100652,54.94874184529357,56.22553588070829,55.013979496738116
600.8207934336525,53.96085740913327,55.153774464119294,56.439888164026094,54.10997204100652,54.94874184529357,56.22553588070829,55.013979496738116
601.641586867305,53.97017707362535,55.18173345759553,56.421248835041936,54.10997204100652,54.94874184529357,56.22553588070829,55.013979496738116
602.4623803009575,53.97017707362535,55.21901211556384,56.309412861137,54.119291705498604,54.94874184529357,56.22553588070829,55.013979496738116
603.2831737346102,53.96085740913327,55.1910531220876,56.00186393289842,54.10997204100652,54.94874184529357,56.22553588070829,55.013979496738116
604.1039671682627,53.92357875116496,54.91146318732525,56.03914259086673,54.10065237651445,55.00465983224604,56.22553588070829,55.00465983224604
604.9247606019152,53.91425908667288,54.88350419384902,56.02982292637465,54.10065237651445,55.079217148182664,56.22553588070829,55.00465983224604
605.7455540355677,53.979496738117426,54.827586206896555,56.03914259086673,54.10065237651445,55.00465983224604,56.22553588070829,55.00465983224604
606.5663474692202,54.212488350419385,54.85554520037279,56.020503261882574,54.10065237651445,55.00465983224604,56.234855545200375,55.00465983224604
607.3871409028727,54.23112767940354,54.86486486486486,56.01118359739049,54.10065237651445,55.079217148182664,56.234855545200375,55.00465983224604
608.2079343365253,54.23112767940354,54.86486486486486,56.04846225535881,54.10065237651445,55.013979496738116,56.234855545200375,55.013979496738116
609.0287277701779,54.19384902143523,54.874184529356945,56.113699906803355,54.10065237651445,55.013979496738116,56.22553588070829,55.013979496738116
609.8495212038304,53.886300093196645,54.874184529356945,56.12301957129543,54.10065237651445,55.079217148182664,56.22553588070829,55.013979496738116
610.6703146374829,53.886300093196645,54.874184529356945,56.08574091332712,54.10065237651445,55.013979496738116,56.22553588070829,55.013979496738116
611.4911080711354,53.89561975768872,54.8928238583411,56.01118359739049,54.10065237651445,54.93942218080149,56.234855545200375,55.013979496738116
612.3119015047879,54.22180801491146,,55.973904939422184,54.10065237651445,54.94874184529357,56.234855545200375,55.013979496738116
613.1326949384405,54.352283317800556,,56.01118359739049,54.10065237651445,54.94874184529357,56.22553588070829,55.013979496738116
613.953488372093,54.352283317800556,,56.08574091332712,54.10065237651445,55.013979496738116,56.22553588070829,55.013979496738116
614.7742818057455,54.333643988816405,,56.40260950605778,54.10065237651445,55.079217148182664,56.21621621621622,55.013979496738116
615.595075239398,54.007455731593666,55.22833178005592,56.53308480894688,54.10997204100652,55.079217148182664,56.21621621621622,55.00465983224604
616.4158686730506,53.86766076421249,55.23765144454799,56.55172413793103,54.10997204100652,54.99534016775396,56.21621621621622,54.99534016775396
617.2366621067032,53.86766076421249,55.20969245107176,56.55172413793103,54.10997204100652,54.99534016775396,56.21621621621622,54.99534016775396
618.0574555403557,53.886300093196645,55.16309412861137,56.45852749301025,54.10997204100652,55.06989748369059,56.21621621621622,54.99534016775396
618.8782489740082,53.87698042870457,54.90214352283318,56.113699906803355,54.10065237651445,55.06057781919851,56.22553588070829,55.00465983224604
619.6990424076607,53.87698042870457,54.91146318732525,56.067101584342964,54.10065237651445,55.00465983224604,56.22553588070829,55.00465983224604
620.5198358413132,53.95153774464119,55.11649580615098,56.02982292637465,54.10997204100652,55.00465983224604,56.22553588070829,55.00465983224604
621.3406292749657,53.86766076421249,55.14445479962721,56.01118359739049,54.10065237651445,55.00465983224604,56.22553588070829,
622.1614227086184,53.85834109972041,55.09785647716682,56.020503261882574,54.10065237651445,55.00465983224604,56.22553588070829,
622.9822161422709,53.87698042870457,54.78098788443616,56.04846225535881,54.10997204100652,55.00465983224604,56.22553588070829,
623.8030095759234,53.92357875116496,54.76234855545201,56.38397017707363,54.10065237651445,55.013979496738116,56.22553588070829,
624.6238030095759,54.259086672879775,54.6784715750233,56.36533084808947,54.10065237651445,54.99534016775396,56.22553588070829,
625.4445964432284,54.26840633737186,54.68779123951538,56.35601118359739,54.10065237651445,55.00465983224604,56.22553588070829,
626.2653898768809,54.22180801491146,54.69711090400746,56.33737185461323,54.10065237651445,55.00465983224604,56.22553588070829,
627.0861833105336,53.98881640260951,54.76234855545201,56.328052190121156,54.10065237651445,55.00465983224604,56.22553588070829,
627.9069767441861,53.979496738117426,54.83690587138863,56.393289841565704,54.10065237651445,54.99534016775396,56.21621621621622,
628.7277701778386,53.979496738117426,54.85554520037279,56.439888164026094,54.10065237651445,54.99534016775396,56.21621621621622,
629.5485636114911,53.99813606710158,55.153774464119294,56.449207828518176,54.10065237651445,54.99534016775396,56.21621621621622,
630.3693570451436,54.2497670083877,55.25629077353215,56.449207828518176,54.10065237651445,55.00465983224604,56.21621621621622,
631.1901504787961,54.27772600186393,55.28424976700839,56.439888164026094,54.10065237651445,55.00465983224604,56.21621621621622,
632.0109439124487,54.32432432432432,55.28424976700839,56.40260950605778,54.10065237651445,55.00465983224604,56.21621621621622,
632.8317373461012,54.2497670083877,55.1910531220876,56.393289841565704,54.165890027958994,54.99534016775396,56.21621621621622,
633.6525307797538,54.24044734389562,54.846225535880706,56.421248835041936,54.10065237651445,55.013979496738116,56.21621621621622,
634.4733242134063,53.94221808014912,54.81826654240447,56.393289841565704,54.10065237651445,54.99534016775396,56.21621621621622,
635.2941176470588,53.932898415657036,54.88350419384902,56.421248835041936,54.10065237651445,54.99534016775396,56.21621621621622,
636.1149110807113,53.932898415657036,54.8928238583411,56.393289841565704,54.10997204100652,55.00465983224604,56.22553588070829,
636.9357045143639,53.92357875116496,55.200372786579685,56.35601118359739,54.10997204100652,55.00465983224604,56.22553588070829,
637.7564979480164,53.86766076421249,55.1910531220876,56.113699906803355,54.10065237651445,54.99534016775396,56.22553588070829,
638.5772913816689,53.87698042870457,54.86486486486486,56.10438024231128,54.10065237651445,55.00465983224604,56.22553588070829,
639.3980848153215,53.86766076421249,54.827586206896555,56.10438024231128,54.10065237651445,55.00465983224604,56.22553588070829,
640.218878248974,53.86766076421249,54.846225535880706,56.21621621621622,54.10065237651445,55.013979496738116,56.22553588070829,
641.0396716826265,53.99813606710158,55.13513513513514,56.421248835041936,54.10065237651445,55.013979496738116,56.21621621621622,
641.8604651162791,53.97017707362535,55.13513513513514,56.449207828518176,54.10997204100652,55.00465983224604,56.22553588070829,
642.6812585499316,53.9049394221808,54.85554520037279,56.43056849953402,54.10065237651445,55.00465983224604,56.234855545200375,
643.5020519835841,53.92357875116496,54.79030754892824,56.41192917054986,54.10065237651445,55.00465983224604,56.234855545200375,
644.3228454172366,53.932898415657036,54.78098788443616,56.113699906803355,54.10065237651445,55.00465983224604,56.22553588070829,
645.1436388508891,53.95153774464119,54.78098788443616,56.421248835041936,54.10997204100652,55.00465983224604,56.22553588070829,
645.9644322845417,54.212488350419385,54.799627213420315,56.54240447343896,54.10997204100652,55.0232991612302,56.22553588070829,54.99534016775396
646.7852257181943,54.22180801491146,55.18173345759553,56.561043802423114,54.10997204100652,55.00465983224604,56.22553588070829,55.00465983224604
647.6060191518468,54.212488350419385,55.18173345759553,56.57968313140727,54.10997204100652,55.06057781919851,56.22553588070829,55.00465983224604
648.4268125854993,54.212488350419385,55.172413793103445,56.421248835041936,54.10997204100652,55.06989748369059,56.21621621621622,55.00465983224604
649.2476060191518,54.34296365330848,55.18173345759553,56.33737185461323,54.10997204100652,55.06057781919851,56.21621621621622,55.00465983224604
650.0683994528043,54.352283317800556,55.1910531220876,56.33737185461323,54.10997204100652,55.06057781919851,56.21621621621622,54.99534016775396
650.889192886457,54.259086672879775,55.16309412861137,56.33737185461323,54.10997204100652,54.99534016775396,56.21621621621622,54.99534016775396
651.7099863201095,54.22180801491146,55.153774464119294,56.374650512581546,54.10997204100652,55.013979496738116,56.21621621621622,55.013979496738116
652.530779753762,53.95153774464119,54.874184529356945,56.35601118359739,54.10065237651445,55.013979496738116,56.21621621621622,55.013979496738116
653.3515731874145,53.9049394221808,54.874184529356945,56.36533084808947,54.10065237651445,54.94874184529357,56.21621621621622,55.013979496738116
654.172366621067,53.85834109972041,55.125815470643055,55.992544268406334,54.119291705498604,55.079217148182664,56.21621621621622,55.013979496738116
654.9931600547195,53.85834109972041,55.172413793103445,55.955265610438026,54.119291705498604,55.013979496738116,56.21621621621622,55.013979496738116
655.8139534883721,54.007455731593666,55.125815470643055,55.992544268406334,54.10065237651445,55.06057781919851,56.22553588070829,55.00465983224604
656.6347469220246,54.007455731593666,54.86486486486486,56.00186393289842,54.10065237651445,55.013979496738116,56.22553588070829,55.013979496738116
657.4555403556772,54.32432432432432,54.79030754892824,56.21621621621622,54.10065237651445,54.94874184529357,56.22553588070829,55.013979496738116
658.2763337893297,54.24044734389562,54.77166821994408,56.449207828518176,54.10997204100652,54.93942218080149,56.22553588070829,55.013979496738116
659.0971272229822,53.99813606710158,54.74370922646785,56.41192917054986,54.10997204100652,54.94874184529357,56.22553588070829,55.013979496738116
659.9179206566347,54.0354147250699,54.753028890959925,56.38397017707363,54.10997204100652,55.013979496738116,56.22553588070829,55.013979496738116
660.7387140902873,54.20316868592731,54.77166821994408,56.374650512581546,54.119291705498604,55.013979496738116,56.22553588070829,55.013979496738116
661.5595075239398,54.20316868592731,54.90214352283318,56.07642124883504,54.10997204100652,55.079217148182664,56.22553588070829,55.013979496738116
662.3803009575923,54.20316868592731,54.91146318732525,56.33737185461323,54.10065237651445,55.013979496738116,56.21621621621622,55.013979496738116
663.2010943912449,54.20316868592731,55.09785647716682,56.38397017707363,54.119291705498604,55.013979496738116,56.22553588070829,55.013979496738116
664.0218878248974,54.10997204100652,54.79030754892824,56.41192917054986,54.13793103448276,54.94874184529357,56.21621621621622,55.013979496738116
664.8426812585499,54.01677539608574,54.63187325256291,56.35601118359739,54.10997204100652,55.00465983224604,56.21621621621622,55.00465983224604
665.6634746922025,54.0354147250699,54.60391425908667,56.34669151910531,54.119291705498604,55.079217148182664,56.22553588070829,55.013979496738116
666.484268125855,53.97017707362535,54.520037278657966,56.113699906803355,54.119291705498604,54.93942218080149,56.22553588070829,55.013979496738116
667.3050615595075,53.979496738117426,54.52935694315005,56.34669151910531,54.14725069897484,54.94874184529357,56.21621621621622,55.013979496738116
668.12585499316,53.98881640260951,54.69711090400746,56.393289841565704,54.10997204100652,55.00465983224604,56.21621621621622,55.00465983224604
668.9466484268125,53.92357875116496,54.827586206896555,56.374650512581546,54.10065237651445,55.079217148182664,56.22553588070829,55.00465983224604
669.767441860465,53.84902143522833,55.00465983224604,56.33737185461323,54.10065237651445,55.00465983224604,56.22553588070829,55.00465983224604
670.5882352941177,53.84902143522833,55.22833178005592,56.067101584342964,54.10997204100652,54.99534016775396,56.234855545200375,
671.4090287277702,53.80242311276794,55.21901211556384,56.08574091332712,54.10997204100652,55.013979496738116,56.234855545200375,
672.2298221614227,53.80242311276794,55.1910531220876,56.0950605778192,54.10997204100652,55.00465983224604,56.234855545200375,
673.0506155950752,53.87698042870457,55.1071761416589,56.10438024231128,54.10997204100652,55.00465983224604,56.234855545200375,
673.8714090287277,53.92357875116496,54.86486486486486,56.12301957129543,54.10997204100652,54.99534016775396,56.22553588070829,
674.6922024623802,53.97017707362535,54.85554520037279,56.12301957129543,54.10997204100652,54.99534016775396,56.22553588070829,
675.5129958960329,54.259086672879775,54.81826654240447,56.12301957129543,54.10065237651445,54.99534016775396,56.22553588070829,
676.3337893296854,54.26840633737186,54.77166821994408,56.0950605778192,54.10065237651445,54.99534016775396,56.22553588070829,
677.1545827633379,54.27772600186393,54.753028890959925,56.113699906803355,54.10997204100652,54.99534016775396,56.22553588070829,
677.9753761969904,54.23112767940354,54.74370922646785,56.22553588070829,54.10997204100652,55.013979496738116,56.22553588070829,
678.7961696306429,53.932898415657036,54.71575023299161,56.328052190121156,54.10997204100652,55.013979496738116,56.22553588070829,
679.6169630642955,53.932898415657036,54.753028890959925,56.35601118359739,54.10997204100652,55.0232991612302,56.22553588070829,
680.437756497948,53.932898415657036,54.76234855545201,56.33737185461323,54.10065237651445,55.013979496738116,56.22553588070829,
681.2585499316006,53.979496738117426,54.874184529356945,56.309412861137,54.10997204100652,55.00465983224604,56.22553588070829,
682.0793433652531,54.20316868592731,54.920782851817336,56.21621621621622,54.10065237651445,55.00465983224604,56.22553588070829,
682.9001367989056,54.18452935694315,54.90214352283318,56.34669151910531,54.10065237651445,55.00465983224604,56.21621621621622,
683.7209302325581,53.97017707362535,55.00465983224604,56.41192917054986,54.10065237651445,55.00465983224604,56.21621621621622,
684.5417236662107,53.98881640260951,55.200372786579685,56.41192917054986,54.10065237651445,54.99534016775396,56.21621621621622,
685.3625170998632,54.20316868592731,55.3215284249767,56.41192917054986,54.10997204100652,54.99534016775396,56.21621621621622,
686.1833105335157,54.2497670083877,55.3215284249767,56.36533084808947,54.10997204100652,55.00465983224604,56.21621621621622,
687.0041039671682,54.26840633737186,55.28424976700839,56.08574091332712,54.10997204100652,55.00465983224604,56.234855545200375,
687.8248974008208,54.26840633737186,55.153774464119294,56.33737185461323,54.10997204100652,55.013979496738116,56.234855545200375,
688.6456908344733,53.94221808014912,,56.41192917054986,54.10065237651445,55.013979496738116,56.22553588070829,
689.4664842681259,53.95153774464119,,56.449207828518176,54.10997204100652,55.00465983224604,56.21621621621622,
690.2872777017784,53.95153774464119,,56.47716682199441,54.10997204100652,55.013979496738116,56.22553588070829,
691.1080711354309,53.92357875116496,55.125815470643055,56.467847157502334,54.10997204100652,55.013979496738116,56.21621621621622,
691.9288645690834,53.99813606710158,55.11649580615098,56.45852749301025,54.10997204100652,54.99534016775396,56.21621621621622,
692.7496580027359,54.01677539608574,55.13513513513514,56.449207828518176,54.10065237651445,54.99534016775396,56.22553588070829,
693.5704514363885,54.01677539608574,55.21901211556384,56.449207828518176,54.10997204100652,54.99534016775396,56.21621621621622,
694.3912448700411,54.007455731593666,55.21901211556384,56.439888164026094,54.10065237651445,55.00465983224604,56.21621621621622,
695.2120383036936,53.99813606710158,55.14445479962721,56.07642124883504,54.10065237651445,55.00465983224604,56.22553588070829,
696.0328317373461,54.007455731593666,55.00465983224604,56.00186393289842,54.10997204100652,55.00465983224604,56.22553588070829,55.00465983224604
696.8536251709986,54.23112767940354,54.8089468779124,56.020503261882574,54.10997204100652,55.06057781919851,56.22553588070829,55.00465983224604
697.6744186046511,54.23112767940354,54.81826654240447,56.067101584342964,54.10997204100652,54.94874184529357,56.22553588070829,55.013979496738116
698.4952120383036,54.18452935694315,54.846225535880706,56.0950605778192,54.10997204100652,55.013979496738116,56.22553588070829,55.013979496738116
699.3160054719563,53.8210624417521,55.21901211556384,56.40260950605778,54.10997204100652,55.08853681267475,56.22553588070829,55.00465983224604
700.1367989056088,53.793103448275865,55.21901211556384,56.41192917054986,54.119291705498604,54.94874184529357,56.22553588070829,55.013979496738116
700.9575923392613,53.80242311276794,55.20969245107176,56.43056849953402,54.10997204100652,54.94874184529357,56.22553588070829,55.013979496738116
701.7783857729138,53.87698042870457,55.200372786579685,56.449207828518176,54.10065237651445,55.079217148182664,56.22553588070829,55.00465983224604
702.5991792065663,54.20316868592731,55.18173345759553,56.45852749301025,54.119291705498604,55.079217148182664,56.21621621621622,55.00465983224604
703.4199726402188,54.28704566635601,54.81826654240447,56.439888164026094,54.10997204100652,55.00465983224604,56.21621621621622,55.00465983224604
704.2407660738714,54.32432432432432,54.86486486486486,56.421248835041936,54.10997204100652,54.920782851817336,56.21621621621622,55.00465983224604
705.061559507524,54.333643988816405,,56.393289841565704,54.10997204100652,54.94874184529357,56.22553588070829,55.013979496738116
705.8823529411765,54.333643988816405,55.11649580615098,56.38397017707363,54.10997204100652,55.079217148182664,56.22553588070829,55.013979496738116
706.703146374829,54.36160298229264,55.14445479962721,56.38397017707363,54.10997204100652,55.08853681267475,56.22553588070829,55.00465983224604
707.5239398084815,54.352283317800556,55.153774464119294,56.33737185461323,54.10997204100652,55.079217148182664,56.22553588070829,55.013979496738116
708.344733242134,54.34296365330848,55.16309412861137,56.22553588070829,54.10997204100652,55.06989748369059,56.22553588070829,55.00465983224604
709.1655266757866,54.333643988816405,55.153774464119294,56.067101584342964,54.119291705498604,54.93942218080149,56.22553588070829,55.013979496738116
709.9863201094391,54.34296365330848,54.8928238583411,56.05778191985088,54.119291705498604,54.94874184529357,56.22553588070829,55.013979496738116
710.8071135430916,54.31500465983225,54.799627213420315,55.98322460391426,54.10997204100652,55.013979496738116,56.234855545200375,55.013979496738116
711.6279069767442,54.305684995340165,54.74370922646785,55.93662628145387,54.10997204100652,54.93942218080149,56.234855545200375,55.013979496738116
712.4487004103967,54.305684995340165,54.74370922646785,55.91798695246971,54.10997204100652,54.94874184529357,56.234855545200375,55.013979496738116
713.2694938440493,54.29636533084809,55.11649580615098,55.93662628145387,54.10997204100652,55.013979496738116,56.234855545200375,55.013979496738116
714.0902872777018,54.2497670083877,55.13513513513514,56.067101584342964,54.10997204100652,54.94874184529357,56.234855545200375,55.013979496738116
714.9110807113543,54.212488350419385,55.1910531220876,56.374650512581546,54.10997204100652,54.94874184529357,56.22553588070829,55.013979496738116
715.7318741450068,54.212488350419385,55.1910531220876,56.374650512581546,54.10065237651445,54.94874184529357,56.22553588070829,55.013979496738116
716.5526675786593,54.212488350419385,55.153774464119294,56.35601118359739,54.10997204100652,54.94874184529357,56.22553588070829,55.013979496738116
717.3734610123119,54.212488350419385,54.846225535880706,55.22833178005592,54.10997204100652,55.00465983224604,56.234855545200375,55.00465983224604
718.1942544459645,54.18452935694315,54.88350419384902,56.0950605778192,54.10997204100652,55.00465983224604,56.234855545200375,55.00465983224604
719.015047879617,54.19384902143523,54.88350419384902,56.02982292637465,54.10065237651445,55.00465983224604,56.234855545200375,55.00465983224604
719.8358413132695,54.22180801491146,54.88350419384902,56.01118359739049,54.10065237651445,55.00465983224604,56.234855545200375,
720.656634746922,54.23112767940354,54.85554520037279,56.01118359739049,54.10997204100652,55.013979496738116,56.234855545200375,
721.4774281805745,54.27772600186393,54.8089468779124,56.02982292637465,54.10997204100652,54.99534016775396,56.234855545200375,
722.298221614227,54.28704566635601,54.83690587138863,56.10438024231128,54.10997204100652,55.00465983224604,56.22553588070829,
723.1190150478797,54.28704566635601,54.827586206896555,56.0950605778192,54.10997204100652,54.99534016775396,56.22553588070829,
723.9398084815322,54.40820130475303,54.827586206896555,56.067101584342964,54.10997204100652,55.013979496738116,56.22553588070829,
724.7606019151847,54.40820130475303,55.1910531220876,55.927306616961786,54.10997204100652,55.013979496738116,56.234855545200375,
725.5813953488372,54.36160298229264,55.293569431500465,55.91798695246971,54.10997204100652,55.013979496738116,56.234855545200375,
726.4021887824897,54.352283317800556,55.386766076421246,55.927306616961786,54.10065237651445,55.00465983224604,56.22553588070829,
727.2229822161422,54.20316868592731,55.44268406337372,55.91798695246971,54.10065237651445,55.00465983224604,56.234855545200375,
728.0437756497948,54.19384902143523,55.37744641192917,55.93662628145387,54.10065237651445,55.00465983224604,56.234855545200375,
728.8645690834473,54.19384902143523,55.35880708294501,56.234855545200375,54.10065237651445,55.00465983224604,56.22553588070829,
729.6853625170999,54.19384902143523,55.30288909599254,56.43056849953402,54.10065237651445,55.00465983224604,56.22553588070829,
730.5061559507524,54.20316868592731,54.91146318732525,56.33737185461323,54.10065237651445,55.00465983224604,56.22553588070829,
731.3269493844049,54.10065237651445,54.8928238583411,56.01118359739049,54.10065237651445,55.013979496738116,56.22553588070829,
732.1477428180574,54.18452935694315,54.88350419384902,56.01118359739049,54.10065237651445,55.00465983224604,56.22553588070829,
732.96853625171,54.37092264678472,54.90214352283318,56.00186393289842,54.10997204100652,55.00465983224604,56.22553588070829,
733.7893296853625,54.380242311276795,55.09785647716682,55.992544268406334,54.10997204100652,55.00465983224604,56.22553588070829,
734.610123119015,54.28704566635601,55.172413793103445,56.05778191985088,54.10997204100652,54.99534016775396,56.22553588070829,
735.4309165526676,54.28704566635601,55.18173345759553,55.973904939422184,54.10065237651445,54.99534016775396,56.234855545200375,
736.2517099863201,53.98881640260951,55.172413793103445,55.98322460391426,54.10065237651445,55.00465983224604,56.234855545200375,
737.0725034199726,54.18452935694315,55.153774464119294,56.01118359739049,54.10065237651445,55.00465983224604,56.234855545200375,
737.8932968536252,54.259086672879775,55.14445479962721,56.03914259086673,54.10997204100652,55.00465983224604,56.234855545200375,
738.7140902872777,54.26840633737186,55.14445479962721,56.02982292637465,54.10997204100652,54.99534016775396,56.22553588070829,
739.5348837209302,54.26840633737186,55.00465983224604,56.02982292637465,54.10065237651445,55.00465983224604,56.22553588070829,
740.3556771545827,54.20316868592731,54.93010251630941,56.113699906803355,54.10065237651445,55.00465983224604,56.22553588070829,
741.1764705882352,54.007455731593666,55.00465983224604,56.12301957129543,54.10065237651445,55.00465983224604,56.21621621621622,
741.9972640218878,53.9049394221808,55.11649580615098,56.449207828518176,54.10065237651445,55.00465983224604,56.21621621621622,
742.8180574555404,53.89561975768872,55.153774464119294,56.50512581547064,54.10065237651445,54.99534016775396,56.21621621621622,
743.6388508891929,53.89561975768872,55.153774464119294,56.5237651444548,54.10065237651445,55.00465983224604,56.21621621621622,
744.4596443228454,53.89561975768872,55.153774464119294,56.53308480894688,54.10065237651445,55.00465983224604,56.21621621621622,
745.2804377564979,53.886300093196645,54.90214352283318,56.47716682199441,54.10065237651445,55.0232991612302,56.21621621621622,54.99534016775396
746.1012311901504,53.77446411929171,54.90214352283318,56.449207828518176,54.10065237651445,55.06057781919851,56.22553588070829,55.00465983224604
746.922024623803,53.84902143522833,54.874184529356945,56.35601118359739,54.10065237651445,55.013979496738116,56.22553588070829,55.013979496738116
747.7428180574556,53.87698042870457,54.846225535880706,56.22553588070829,54.10065237651445,55.013979496738116,56.22553588070829,55.013979496738116
748.5636114911081,53.932898415657036,54.88350419384902,56.113699906803355,54.10997204100652,55.079217148182664,56.22553588070829,55.013979496738116
749.3844049247606,54.24044734389562,54.74370922646785,56.03914259086673,54.333643988816405,54.94874184529357,56.234855545200375,55.013979496738116
750.2051983584131,54.24044734389562,54.659832246039144,56.03914259086673,54.10997204100652,55.013979496738116,56.234855545200375,55.013979496738116
751.0259917920656,54.007455731593666,54.613233923578754,56.03914259086673,54.10997204100652,54.94874184529357,56.234855545200375,55.013979496738116
751.8467852257182,54.007455731593666,54.613233923578754,56.067101584342964,54.10997204100652,54.93942218080149,56.22553588070829,55.013979496738116
752.6675786593707,54.007455731593666,54.63187325256291,56.05778191985088,54.119291705498604,54.93942218080149,56.22553588070829,55.013979496738116
753.4883720930233,53.97017707362535,54.76234855545201,56.03914259086673,54.37092264678472,54.94874184529357,56.22553588070829,55.013979496738116
754.3091655266758,54.24044734389562,54.81826654240447,56.05778191985088,54.10065237651445,55.013979496738116,56.22553588070829,55.013979496738116
755.1299589603283,54.19384902143523,55.20969245107176,56.21621621621622,54.10065237651445,55.06057781919851,56.22553588070829,55.00465983224604
755.9507523939808,54.259086672879775,55.1910531220876,56.36533084808947,54.10997204100652,55.00465983224604,56.22553588070829,55.00465983224604
756.7715458276334,54.31500465983225,55.18173345759553,56.38397017707363,54.10997204100652,55.00465983224604,56.22553588070829,55.00465983224604
757.5923392612859,54.32432432432432,55.16309412861137,56.38397017707363,54.10997204100652,55.00465983224604,56.22553588070829,55.00465983224604
758.4131326949384,54.29636533084809,54.85554520037279,56.0950605778192,54.10997204100652,55.00465983224604,56.234855545200375,55.00465983224604
759.233926128591,54.22180801491146,55.153774464119294,54.8928238583411,54.10997204100652,54.93942218080149,56.234855545200375,55.013979496738116
760.0547195622435,54.20316868592731,55.153774464119294,55.67567567567568,54.119291705498604,54.93942218080149,56.234855545200375,55.013979496738116
760.875512995896,54.18452935694315,55.23765144454799,55.7502329916123,54.10997204100652,54.94874184529357,56.234855545200375,55.00465983224604
761.6963064295486,54.0354147250699,55.293569431500465,56.113699906803355,54.10997204100652,54.94874184529357,56.234855545200375,55.00465983224604
762.5170998632011,54.18452935694315,55.20969245107176,56.08574091332712,54.10997204100652,55.06057781919851,56.22553588070829,55.00465983224604
763.3378932968536,54.28704566635601,55.293569431500465,56.0950605778192,54.10065237651445,55.06057781919851,56.22553588070829,55.00465983224604
764.1586867305061,54.22180801491146,55.28424976700839,56.08574091332712,54.10065237651445,55.06057781919851,56.22553588070829,55.00465983224604
764.9794801641586,54.22180801491146,55.18173345759553,56.10438024231128,54.10065237651445,55.013979496738116,56.22553588070829,55.013979496738116
765.8002735978112,54.22180801491146,54.88350419384902,56.03914259086673,54.10065237651445,55.013979496738116,56.22553588070829,55.013979496738116
766.6210670314638,54.23112767940354,54.86486486486486,56.01118359739049,54.10997204100652,55.079217148182664,56.22553588070829,55.013979496738116
767.4418604651163,54.333643988816405,54.88350419384902,56.01118359739049,54.119291705498604,55.079217148182664,56.22553588070829,55.013979496738116
768.2626538987688,54.34296365330848,55.1910531220876,56.01118359739049,54.13793103448276,55.06057781919851,56.22553588070829,55.00465983224604
769.0834473324213,54.36160298229264,55.20969245107176,56.067101584342964,54.119291705498604,55.013979496738116,56.234855545200375,55.013979496738116
769.9042407660738,54.333643988816405,55.200372786579685,56.07642124883504,54.10997204100652,55.013979496738116,56.234855545200375,
770.7250341997263,54.18452935694315,55.18173345759553,56.07642124883504,54.10997204100652,55.00465983224604,56.234855545200375,
771.545827633379,53.99813606710158,55.18173345759553,56.07642124883504,54.10065237651445,54.99534016775396,56.234855545200375,
772.3666210670315,54.007455731593666,55.200372786579685,56.04846225535881,54.10997204100652,55.00465983224604,56.234855545200375,
773.187414500684,53.95153774464119,55.13513513513514,55.908667287977636,54.10997204100652,55.00465983224604,56.234855545200375,
774.0082079343365,54.28704566635601,55.125815470643055,55.89934762348555,54.10997204100652,55.00465983224604,56.234855545200375,
774.829001367989,54.29636533084809,55.11649580615098,55.945945945945944,54.10997204100652,54.99534016775396,56.22553588070829,
775.6497948016415,54.28704566635601,54.83690587138863,55.93662628145387,54.119291705498604,55.00465983224604,56.22553588070829,
776.4705882352941,54.32432432432432,54.753028890959925,55.927306616961786,54.119291705498604,54.99534016775396,56.22553588070829,
777.2913816689467,54.10997204100652,54.74370922646785,55.87138863000932,54.10997204100652,54.99534016775396,56.234855545200375,
778.1121751025992,53.96085740913327,54.74370922646785,55.87138863000932,54.10997204100652,54.99534016775396,56.234855545200375,
778.9329685362517,53.91425908667288,54.8089468779124,55.908667287977636,54.10065237651445,55.00465983224604,56.22553588070829,
779.7537619699042,53.96085740913327,54.91146318732525,55.973904939422184,54.10065237651445,54.99534016775396,56.22553588070829,
780.5745554035568,53.979496738117426,55.125815470643055,56.33737185461323,54.10065237651445,54.99534016775396,56.21621621621622,
781.3953488372093,53.99813606710158,55.22833178005592,56.33737185461323,54.10065237651445,55.00465983224604,56.21621621621622,
782.2161422708618,53.98881640260951,55.22833178005592,56.34669151910531,54.10065237651445,55.013979496738116,56.21621621621622,
783.0369357045143,53.85834109972041,55.125815470643055,55.9645852749301,54.10065237651445,55.013979496738116,56.21621621621622,
783.8577291381669,53.85834109972041,55.1071761416589,55.973904939422184,54.10065237651445,54.99534016775396,56.22553588070829,
784.6785225718194,53.81174277726002,55.172413793103445,55.973904939422184,54.10997204100652,54.99534016775396,56.234855545200375,
785.499316005472,53.80242311276794,55.200372786579685,56.00186393289842,54.10997204100652,54.99534016775396,56.234855545200375,
786.3201094391245,53.91425908667288,55.200372786579685,56.10438024231128,54.10997204100652,55.00465983224604,56.234855545200375,
787.140902872777,53.932898415657036,55.22833178005592,56.35601118359739,54.10997204100652,54.99534016775396,56.22553588070829,
787.9616963064295,53.96085740913327,55.172413793103445,56.067101584342964,54.10065237651445,54.99534016775396,56.22553588070829,
788.782489740082,53.886300093196645,55.1071761416589,56.067101584342964,54.10065237651445,55.00465983224604,56.22553588070829,
789.6032831737346,53.89561975768872,55.26561043802423,56.07642124883504,54.10065237651445,55.013979496738116,56.22553588070829,
790.4240766073872,54.007455731593666,55.368126747437096,56.03914259086673,54.10065237651445,54.99534016775396,56.22553588070829,
791.2448700410397,54.007455731593666,55.39608574091333,56.05778191985088,54.10065237651445,55.013979496738116,56.22553588070829,
792.0656634746922,54.34296365330848,55.4054054054054,56.08574091332712,54.119291705498604,55.00465983224604,56.22553588070829,
792.8864569083447,54.32432432432432,55.18173345759553,56.33737185461323,54.119291705498604,54.99534016775396,56.22553588070829,
793.7072503419972,54.20316868592731,54.88350419384902,56.33737185461323,54.10997204100652,55.013979496738116,56.22553588070829,
794.5280437756497,53.99813606710158,54.85554520037279,56.113699906803355,54.10997204100652,55.00465983224604,56.22553588070829,
795.3488372093024,53.979496738117426,54.85554520037279,56.113699906803355,54.10065237651445,55.00465983224604,56.22553588070829,55.00465983224604
796.1696306429549,53.89561975768872,55.09785647716682,56.02982292637465,54.10065237651445,55.00465983224604,56.234855545200375,55.00465983224604
796.9904240766074,53.9049394221808,54.8928238583411,56.07642124883504,54.10997204100652,55.00465983224604,56.234855545200375,55.00465983224604
797.8112175102599,53.98881640260951,54.799627213420315,56.08574091332712,54.10997204100652,55.013979496738116,56.234855545200375,55.013979496738116
798.6320109439124,53.99813606710158,54.753028890959925,56.05778191985088,54.119291705498604,54.93942218080149,56.234855545200375,55.013979496738116
799.4528043775649,53.932898415657036,54.76234855545201,56.067101584342964,54.10065237651445,54.93942218080149,56.234855545200375,55.013979496738116
800.2735978112175,53.89561975768872,54.799627213420315,56.08574091332712,54.10065237651445,54.93942218080149,56.234855545200375,55.013979496738116
801.09439124487,53.87698042870457,54.799627213420315,56.33737185461323,54.10065237651445,54.94874184529357,56.22553588070829,55.013979496738116
801.9151846785226,53.92357875116496,54.799627213420315,56.328052190121156,54.10997204100652,54.94874184529357,56.22553588070829,55.013979496738116
802.7359781121751,54.01677539608574,54.799627213420315,56.04846225535881,54.119291705498604,54.94874184529357,56.22553588070829,55.013979496738116
803.5567715458276,54.24044734389562,54.79030754892824,55.955265610438026,54.10997204100652,54.93942218080149,56.234855545200375,55.013979496738116
804.3775649794801,54.24044734389562,54.76234855545201,55.91798695246971,54.119291705498604,54.94874184529357,56.234855545200375,55.013979496738116
805.1983584131327,54.23112767940354,54.78098788443616,55.908667287977636,54.119291705498604,55.013979496738116,56.234855545200375,55.013979496738116
806.0191518467852,53.96085740913327,54.8089468779124,55.93662628145387,54.10997204100652,54.94874184529357,56.234855545200375,55.013979496738116
806.8399452804377,53.95153774464119,55.09785647716682,56.43056849953402,54.10065237651445,54.94874184529357,56.22553588070829,55.013979496738116
807.6607387140903,53.98881640260951,55.1071761416589,56.449207828518176,54.10065237651445,54.94874184529357,56.22553588070829,55.013979496738116
808.4815321477428,54.18452935694315,54.91146318732525,56.45852749301025,54.10065237651445,55.00465983224604,56.22553588070829,55.00465983224604
809.3023255813954,54.22180801491146,55.125815470643055,56.47716682199441,54.10997204100652,55.00465983224604,56.22553588070829,55.00465983224604
810.1231190150479,54.22180801491146,55.153774464119294,56.328052190121156,54.10997204100652,55.00465983224604,56.22553588070829,55.00465983224604
810.9439124487004,54.22180801491146,55.20969245107176,56.22553588070829,54.10065237651445,55.06057781919851,56.22553588070829,55.00465983224604
811.7647058823529,54.31500465983225,55.14445479962721,56.393289841565704,54.10065237651445,54.94874184529357,56.22553588070829,55.013979496738116
812.5854993160054,54.31500465983225,55.21901211556384,56.34669151910531,54.10997204100652,54.94874184529357,56.22553588070829,55.013979496738116
813.406292749658,54.36160298229264,55.23765144454799,56.10438024231128,54.10997204100652,,56.22553588070829,55.00465983224604
814.2270861833106,54.39888164026095,55.23765144454799,56.0950605778192,54.10997204100652,,56.22553588070829,55.00465983224604
815.0478796169631,54.32432432432432,55.21901211556384,56.00186393289842,54.10997204100652,55.013979496738116,56.234855545200375,55.013979496738116
815.8686730506156,54.31500465983225,55.13513513513514,56.01118359739049,54.10997204100652,54.93942218080149,56.234855545200375,55.013979496738116
816.6894664842681,54.26840633737186,55.00465983224604,56.01118359739049,54.10997204100652,54.94874184529357,56.234855545200375,55.013979496738116
817.5102599179206,54.259086672879775,54.91146318732525,56.08574091332712,54.10065237651445,55.06057781919851,56.22553588070829,55.00465983224604
818.3310533515731,54.259086672879775,54.90214352283318,56.10438024231128,54.10065237651445,55.00465983224604,56.22553588070829,55.00465983224604
819.1518467852258,54.01677539608574,54.86486486486486,56.33737185461323,54.10065237651445,55.00465983224604,56.22553588070829,55.00465983224604
819.9726402188783,54.10997204100652,54.86486486486486,56.22553588070829,54.10997204100652,55.0232991612302,56.22553588070829,
820.7934336525308,54.305684995340165,54.85554520037279,56.020503261882574,54.119291705498604,55.00465983224604,56.22553588070829,
821.6142270861833,54.29636533084809,54.874184529356945,55.89002795899348,54.10997204100652,55.00465983224604,56.22553588070829,
822.4350205198358,54.29636533084809,55.172413793103445,55.87138863000932,54.10997204100652,54.99534016775396,56.22553588070829,
823.2558139534883,54.305684995340165,55.23765144454799,55.834109972041006,54.10997204100652,54.99534016775396,56.22553588070829,
824.0766073871409,54.305684995340165,55.16309412861137,55.86206896551724,54.10997204100652,54.99534016775396,56.22553588070829,
824.8974008207935,54.305684995340165,55.153774464119294,55.87138863000932,54.10997204100652,54.99534016775396,56.234855545200375,
825.718194254446,54.305684995340165,55.1071761416589,55.908667287977636,54.10997204100652,55.00465983224604,56.22553588070829,
826.5389876880985,54.28704566635601,55.09785647716682,56.10438024231128,54.10997204100652,55.00465983224604,56.22553588070829,
827.359781121751,54.23112767940354,55.08853681267475,56.12301957129543,54.10997204100652,54.99534016775396,56.22553588070829,
828.1805745554035,53.96085740913327,54.83690587138863,56.02982292637465,54.10997204100652,55.00465983224604,56.234855545200375,
829.0013679890561,53.95153774464119,54.81826654240447,55.93662628145387,54.10065237651445,54.99534016775396,56.234855545200375,
829.8221614227086,53.96085740913327,55.153774464119294,55.973904939422184,54.10065237651445,55.00465983224604,56.234855545200375,
830.6429548563611,54.212488350419385,55.16309412861137,55.98322460391426,54.10065237651445,55.00465983224604,56.234855545200375,
831.4637482900137,54.259086672879775,55.23765144454799,55.98322460391426,54.10997204100652,54.99534016775396,56.234855545200375,
832.2845417236662,54.28704566635601,55.22833178005592,56.38397017707363,54.10065237651445,54.99534016775396,56.21621621621622,
833.1053351573187,54.28704566635601,55.125815470643055,56.49580615097857,54.10065237651445,54.99534016775396,56.21621621621622,
833.9261285909713,54.27772600186393,55.11649580615098,56.35601118359739,54.10065237651445,55.00465983224604,56.22553588070829,
834.7469220246238,54.27772600186393,55.11649580615098,56.34669151910531,54.10065237651445,55.00465983224604,56.22553588070829,
835.5677154582763,54.333643988816405,55.09785647716682,56.113699906803355,54.10997204100652,54.99534016775396,56.22553588070829,
836.3885088919288,54.352283317800556,55.08853681267475,56.12301957129543,54.10997204100652,55.00465983224604,56.22553588070829,
837.2093023255813,54.380242311276795,55.013979496738116,56.35601118359739,54.10997204100652,55.013979496738116,56.22553588070829,
838.0300957592339,54.34296365330848,54.874184529356945,56.41192917054986,54.10997204100652,55.00465983224604,56.22553588070829,
838.8508891928865,53.97017707362535,54.83690587138863,56.421248835041936,54.259086672879775,55.00465983224604,56.22553588070829,
839.671682626539,53.96085740913327,54.56663560111836,56.35601118359739,54.10997204100652,55.00465983224604,56.22553588070829,
840.4924760601915,53.96085740913327,54.55731593662628,56.07642124883504,54.10065237651445,55.013979496738116,56.234855545200375,
841.313269493844,53.97017707362535,54.66915191053122,56.07642124883504,54.119291705498604,55.00465983224604,56.234855545200375,
842.1340629274965,53.98881640260951,54.69711090400746,56.067101584342964,54.10997204100652,54.99534016775396,56.234855545200375,
842.9548563611492,53.979496738117426,55.200372786579685,56.020503261882574,54.10065237651445,55.00465983224604,56.234855545200375,
843.7756497948017,53.979496738117426,55.21901211556384,56.00186393289842,54.10065237651445,55.00465983224604,56.234855545200375,
844.5964432284542,53.87698042870457,54.85554520037279,56.439888164026094,54.10065237651445,55.06057781919851,56.234855545200375,55.00465983224604
845.4172366621067,53.87698042870457,54.799627213420315,56.467847157502334,54.10065237651445,54.94874184529357,56.22553588070829,55.00465983224604
846.2380300957592,53.87698042870457,54.79030754892824,56.54240447343896,54.10065237651445,54.94874184529357,56.21621621621622,55.013979496738116
847.0588235294117,53.87698042870457,54.79030754892824,56.54240447343896,54.10065237651445,54.94874184529357,56.21621621621622,55.013979496738116
847.8796169630643,53.95153774464119,54.79030754892824,56.43056849953402,54.10065237651445,54.94874184529357,56.21621621621622,55.013979496738116
848.7004103967168,54.305684995340165,54.8089468779124,56.41192917054986,54.119291705498604,55.013979496738116,56.21621621621622,55.013979496738116
849.5212038303694,54.305684995340165,54.799627213420315,56.40260950605778,54.119291705498604,55.00465983224604,56.21621621621622,55.00465983224604
850.3419972640219,54.333643988816405,54.79030754892824,56.36533084808947,54.10997204100652,55.06057781919851,56.22553588070829,55.00465983224604
851.1627906976744,54.26840633737186,54.86486486486486,56.35601118359739,54.119291705498604,55.00465983224604,56.22553588070829,55.00465983224604
851.9835841313269,53.97017707362535,54.85554520037279,56.10438024231128,54.10997204100652,55.00465983224604,56.22553588070829,55.00465983224604
852.8043775649795,53.97017707362535,55.13513513513514,55.973904939422184,54.10065237651445,55.06057781919851,56.22553588070829,55.00465983224604
853.625170998632,53.97017707362535,55.1071761416589,55.908667287977636,54.10065237651445,55.00465983224604,56.22553588070829,55.00465983224604
854.4459644322845,54.007455731593666,54.88350419384902,55.927306616961786,54.10997204100652,54.94874184529357,56.234855545200375,55.013979496738116
855.266757865937,54.22180801491146,54.827586206896555,55.91798695246971,54.10997204100652,55.013979496738116,56.234855545200375,55.013979496738116
856.0875512995896,53.97017707362535,54.81826654240447,55.908667287977636,54.10997204100652,54.93942218080149,56.234855545200375,55.013979496738116
856.9083447332421,53.96085740913327,54.81826654240447,55.945945945945944,54.10065237651445,54.93942218080149,56.234855545200375,55.013979496738116
857.7291381668947,53.98881640260951,54.81826654240447,55.9645852749301,54.10065237651445,54.94874184529357,56.22553588070829,55.013979496738116
858.5499316005472,53.98881640260951,54.85554520037279,56.113699906803355,54.10997204100652,55.013979496738116,56.22553588070829,55.013979496738116
859.3707250341997,54.0354147250699,54.874184529356945,56.374650512581546,54.119291705498604,55.013979496738116,56.22553588070829,55.013979496738116
860.1915184678522,54.23112767940354,54.90214352283318,56.393289841565704,54.10997204100652,54.94874184529357,56.22553588070829,55.013979496738116
861.0123119015047,54.24044734389562,54.90214352283318,56.467847157502334,54.10997204100652,54.94874184529357,56.22553588070829,55.013979496738116
861.8331053351573,54.24044734389562,54.8928238583411,56.47716682199441,54.10997204100652,54.94874184529357,56.22553588070829,55.013979496738116
862.6538987688099,54.19384902143523,55.14445479962721,56.514445479962724,54.10997204100652,55.00465983224604,56.22553588070829,55.00465983224604
863.4746922024624,54.20316868592731,55.16309412861137,56.486486486486484,54.10065237651445,55.00465983224604,56.22553588070829,55.00465983224604
864.2954856361149,54.19384902143523,55.172413793103445,56.393289841565704,54.10065237651445,55.00465983224604,56.22553588070829,55.00465983224604
865.1162790697674,54.20316868592731,55.172413793103445,56.393289841565704,54.10997204100652,55.06057781919851,56.22553588070829,55.00465983224604
865.9370725034199,54.20316868592731,54.85554520037279,56.374650512581546,54.10065237651445,55.079217148182664,56.22553588070829,55.00465983224604
866.7578659370724,54.10065237651445,54.846225535880706,56.421248835041936,54.10065237651445,55.00465983224604,56.22553588070829,55.00465983224604
867.5786593707251,54.007455731593666,54.846225535880706,56.421248835041936,54.10065237651445,55.06057781919851,56.22553588070829,55.00465983224604
868.3994528043776,54.20316868592731,54.846225535880706,56.22553588070829,54.10065237651445,55.013979496738116,56.22553588070829,55.013979496738116
869.2202462380301,54.20316868592731,54.85554520037279,56.01118359739049,54.10065237651445,55.00465983224604,56.22553588070829,
870.0410396716826,53.932898415657036,54.874184529356945,56.020503261882574,54.10065237651445,55.00465983224604,56.22553588070829,
870.8618331053351,53.932898415657036,55.293569431500465,56.07642124883504,54.10065237651445,55.00465983224604,56.22553588070829,
871.6826265389876,53.84902143522833,55.28424976700839,56.0950605778192,54.10065237651445,55.00465983224604,56.22553588070829,
872.5034199726402,53.839701770736255,55.26561043802423,56.33737185461323,54.10065237651445,55.00465983224604,56.22553588070829,
873.3242134062928,53.87698042870457,55.13513513513514,55.63839701770736,54.10065237651445,55.00465983224604,56.234855545200375,
874.1450068399453,53.94221808014912,54.93010251630941,56.07642124883504,54.10065237651445,55.00465983224604,56.234855545200375,
874.9658002735978,53.96085740913327,55.1071761416589,55.9645852749301,54.10065237651445,55.00465983224604,56.234855545200375,
875.7865937072503,54.27772600186393,55.23765144454799,55.84342963653309,54.10065237651445,55.00465983224604,56.234855545200375,
876.6073871409029,54.26840633737186,55.22833178005592,55.927306616961786,54.10065237651445,54.99534016775396,56.234855545200375,
877.4281805745554,54.26840633737186,55.09785647716682,55.992544268406334,54.10997204100652,54.99534016775396,56.22553588070829,
878.2489740082079,54.28704566635601,54.846225535880706,56.07642124883504,54.10997204100652,55.00465983224604,56.22553588070829,
879.0697674418604,54.333643988816405,54.706430568499535,56.22553588070829,54.10997204100652,54.99534016775396,56.22553588070829,
879.890560875513,54.333643988816405,54.71575023299161,56.113699906803355,54.10997204100652,54.99534016775396,56.22553588070829,
880.7113543091655,54.31500465983225,54.86486486486486,55.98322460391426,54.10997204100652,54.99534016775396,56.234855545200375,
881.5321477428181,54.23112767940354,54.874184529356945,56.02982292637465,54.10997204100652,54.99534016775396,56.234855545200375,
882.3529411764706,53.98881640260951,54.846225535880706,56.05778191985088,54.119291705498604,54.99534016775396,56.234855545200375,
883.1737346101231,53.97017707362535,54.83690587138863,56.03914259086673,54.10065237651445,55.00465983224604,56.234855545200375,
883.9945280437756,53.9049394221808,54.83690587138863,56.05778191985088,54.10997204100652,54.99534016775396,56.234855545200375,
884.8153214774281,53.91425908667288,54.846225535880706,56.04846225535881,54.10997204100652,54.99534016775396,56.234855545200375,
885.6361149110807,53.92357875116496,54.86486486486486,56.0950605778192,54.10997204100652,55.00465983224604,56.22553588070829,
886.4569083447333,53.99813606710158,55.153774464119294,56.08574091332712,54.10065237651445,55.00465983224604,56.22553588070829,
887.2777017783858,54.20316868592731,55.172413793103445,56.08574091332712,54.10065237651445,55.00465983224604,56.21621621621622,
888.0984952120383,54.19384902143523,55.153774464119294,56.08574091332712,54.10065237651445,55.00465983224604,56.21621621621622,
888.9192886456908,54.20316868592731,55.153774464119294,56.04846225535881,54.10065237651445,54.99534016775396,56.234855545200375,
889.7400820793433,54.29636533084809,55.13513513513514,56.04846225535881,54.10065237651445,54.99534016775396,56.234855545200375,
890.5608755129958,54.31500465983225,54.91146318732525,56.07642124883504,54.10997204100652,55.00465983224604,56.234855545200375,
891.3816689466485,54.34296365330848,54.8928238583411,56.0950605778192,54.10997204100652,55.00465983224604,56.234855545200375,
892.202462380301,54.34296365330848,54.88350419384902,56.067101584342964,54.10997204100652,55.00465983224604,56.234855545200375,
893.0232558139535,54.333643988816405,55.11649580615098,56.0950605778192,54.10997204100652,55.00465983224604,56.234855545200375,
893.844049247606,54.2497670083877,55.22833178005592,56.33737185461323,54.119291705498604,55.0232991612302,56.22553588070829,54.99534016775396
894.6648426812585,54.19384902143523,55.23765144454799,56.34669151910531,54.10997204100652,55.06057781919851,56.22553588070829,55.00465983224604
895.485636114911,53.96085740913327,55.18173345759553,56.22553588070829,54.10997204100652,55.06057781919851,56.22553588070829,55.00465983224604
896.3064295485636,54.18452935694315,55.13513513513514,56.113699906803355,54.10065237651445,55.694315004659835,56.22553588070829,55.00465983224604
897.1272229822162,54.23112767940354,55.20969245107176,56.22553588070829,54.10065237651445,55.079217148182664,56.22553588070829,55.00465983224604
897.9480164158687,54.23112767940354,55.25629077353215,56.36533084808947,54.10065237651445,55.694315004659835,56.22553588070829,55.00465983224604
898.7688098495212,54.007455731593666,55.26561043802423,56.374650512581546,54.10065237651445,55.079217148182664,56.22553588070829,54.99534016775396
899.5896032831737,54.007455731593666,55.25629077353215,56.33737185461323,54.10065237651445,55.079217148182664,56.22553588070829,55.00465983224604
900.4103967168262,53.97017707362535,55.21901211556384,56.374650512581546,54.10065237651445,55.09785647716682,56.22553588070829,55.013979496738116
901.2311901504788,53.97017707362535,55.16309412861137,56.40260950605778,54.10065237651445,55.09785647716682,56.22553588070829,55.013979496738116
902.0519835841313,54.007455731593666,55.153774464119294,56.43056849953402,54.10997204100652,55.00465983224604,56.21621621621622,55.00465983224604
902.8727770177838,54.27772600186393,55.11649580615098,56.514445479962724,54.10997204100652,54.93010251630941,56.21621621621622,55.00465983224604
903.6935704514364,54.19384902143523,54.90214352283318,56.49580615097857,54.10997204100652,55.079217148182664,56.21621621621622,55.013979496738116
904.5143638850889,54.0354147250699,54.846225535880706,56.439888164026094,54.119291705498604,55.079217148182664,56.21621621621622,55.013979496738116
905.3351573187415,53.97017707362535,54.83690587138863,56.393289841565704,54.10065237651445,54.94874184529357,56.22553588070829,55.013979496738116
906.155950752394,53.99813606710158,54.81826654240447,56.38397017707363,54.10065237651445,54.94874184529357,56.22553588070829,55.013979496738116
906.9767441860465,54.10065237651445,54.77166821994408,56.38397017707363,54.10065237651445,55.079217148182664,56.22553588070829,55.013979496738116
907.797537619699,54.18452935694315,54.846225535880706,56.35601118359739,54.10065237651445,55.013979496738116,56.22553588070829,55.013979496738116
908.6183310533515,54.20316868592731,54.85554520037279,56.020503261882574,54.10065237651445,55.013979496738116,56.234855545200375,55.013979496738116
909.439124487004,53.98881640260951,55.11649580615098,55.973904939422184,54.10065237651445,54.94874184529357,56.234855545200375,55.013979496738116
910.2599179206567,53.94221808014912,55.125815470643055,56.01118359739049,54.10065237651445,54.94874184529357,56.22553588070829,55.013979496738116
911.0807113543092,53.94221808014912,55.11649580615098,56.04846225535881,54.10065237651445,55.00465983224604,56.22553588070829,55.00465983224604
911.9015047879617,53.97017707362535,55.16309412861137,56.41192917054986,54.10065237651445,55.00465983224604,56.22553588070829,55.00465983224604
912.7222982216142,53.97017707362535,55.172413793103445,56.514445479962724,54.10065237651445,55.00465983224604,56.22553588070829,55.00465983224604
913.5430916552667,53.96085740913327,55.200372786579685,56.467847157502334,54.10997204100652,55.06057781919851,56.22553588070829,55.00465983224604
914.3638850889192,53.97017707362535,55.013979496738116,56.45852749301025,54.10997204100652,55.06057781919851,56.22553588070829,55.00465983224604
915.1846785225719,53.979496738117426,54.74370922646785,56.41192917054986,54.10997204100652,54.93942218080149,56.22553588070829,55.013979496738116
916.0054719562244,53.979496738117426,54.72506989748369,56.0950605778192,54.119291705498604,54.93010251630941,56.22553588070829,55.013979496738116
916.8262653898769,54.01677539608574,54.706430568499535,56.0950605778192,54.10997204100652,54.93942218080149,56.234855545200375,55.00465983224604
917.6470588235294,54.007455731593666,54.706430568499535,56.08574091332712,54.10997204100652,54.94874184529357,56.234855545200375,55.00465983224604
918.4678522571819,53.91425908667288,54.76234855545201,56.08574091332712,54.10997204100652,54.99534016775396,56.234855545200375,
919.2886456908344,53.91425908667288,54.79030754892824,56.07642124883504,54.10997204100652,55.013979496738116,56.234855545200375,
920.109439124487,53.89561975768872,54.79030754892824,56.113699906803355,54.10065237651445,55.013979496738116,56.22553588070829,
920.9302325581396,53.886300093196645,54.79030754892824,56.328052190121156,54.119291705498604,55.013979496738116,56.21621621621622,
921.7510259917921,53.979496738117426,54.90214352283318,56.36533084808947,54.10997204100652,55.00465983224604,56.21621621621622,
922.5718194254446,53.96085740913327,54.83690587138863,56.439888164026094,54.119291705498604,54.99534016775396,56.21621621621622,
923.3926128590971,53.95153774464119,55.14445479962721,56.449207828518176,54.10997204100652,54.99534016775396,56.21621621621622,
924.2134062927496,53.95153774464119,55.14445479962721,56.449207828518176,54.10997204100652,54.99534016775396,56.21621621621622,
925.0341997264022,53.94221808014912,55.153774464119294,56.449207828518176,54.10065237651445,54.99534016775396,56.21621621621622,
925.8549931600547,53.95153774464119,55.1910531220876,56.43056849953402,54.10065237651445,54.99534016775396,56.21621621621622,
926.6757865937072,54.119291705498604,54.79030754892824,56.36533084808947,54.119291705498604,55.00465983224604,56.22553588070829,
927.4965800273598,54.20316868592731,54.78098788443616,56.35601118359739,54.10997204100652,54.99534016775396,56.22553588070829,
928.3173734610123,54.20316868592731,54.799627213420315,56.36533084808947,54.10997204100652,55.00465983224604,56.22553588070829,
929.1381668946648,54.2497670083877,55.200372786579685,56.38397017707363,54.10997204100652,55.00465983224604,56.22553588070829,
929.9589603283174,54.22180801491146,55.34948741845294,56.439888164026094,54.10997204100652,54.99534016775396,56.22553588070829,
930.7797537619699,54.007455731593666,55.386766076421246,56.467847157502334,54.10997204100652,55.00465983224604,56.21621621621622,
931.6005471956224,53.99813606710158,55.386766076421246,56.467847157502334,54.10997204100652,55.00465983224604,56.21621621621622,
932.4213406292749,53.94221808014912,55.37744641192917,56.47716682199441,54.10997204100652,55.00465983224604,56.21621621621622,
933.2421340629274,53.91425908667288,55.246971109040075,56.5237651444548,54.10997204100652,55.00465983224604,56.21621621621622,
934.06292749658,53.80242311276794,55.125815470643055,56.53308480894688,54.10065237651445,55.00465983224604,56.21621621621622,
934.8837209302326,53.77446411929171,55.18173345759553,56.561043802423114,54.10065237651445,55.00465983224604,56.21621621621622,
935.7045143638851,53.77446411929171,55.20969245107176,56.561043802423114,54.10065237651445,55.00465983224604,56.21621621621622,
936.5253077975376,53.78378378378378,55.20969245107176,56.467847157502334,54.10065237651445,55.00465983224604,56.21621621621622,
937.3461012311901,53.8210624417521,55.25629077353215,56.41192917054986,54.10065237651445,55.00465983224604,56.21621621621622,
938.1668946648426,53.886300093196645,55.25629077353215,56.561043802423114,54.10065237651445,55.00465983224604,56.21621621621622,
938.9876880984953,53.886300093196645,55.25629077353215,56.57968313140727,54.10065237651445,55.00465983224604,56.21621621621622,
939.8084815321478,53.92357875116496,55.246971109040075,56.57968313140727,54.10065237651445,54.99534016775396,56.21621621621622,
940.6292749658003,53.99813606710158,54.83690587138863,56.53308480894688,54.10997204100652,54.99534016775396,56.21621621621622,
941.4500683994528,54.212488350419385,54.8089468779124,56.04846225535881,54.10997204100652,55.00465983224604,56.22553588070829,
942.2708618331053,54.31500465983225,55.125815470643055,56.00186393289842,54.10997204100652,55.00465983224604,56.22553588070829,
943.0916552667578,54.352283317800556,55.14445479962721,56.01118359739049,54.10997204100652,55.0232991612302,56.22553588070829,54.986020503261884
943.9124487004104,54.36160298229264,55.1910531220876,56.01118359739049,54.10997204100652,55.00465983224604,56.22553588070829,55.00465983224604
944.733242134063,54.37092264678472,55.20969245107176,56.00186393289842,54.10997204100652,55.00465983224604,56.22553588070829,55.00465983224604
945.5540355677155,54.36160298229264,55.27493010251631,55.9645852749301,54.10997204100652,55.013979496738116,56.22553588070829,55.013979496738116
946.374829001368,54.36160298229264,55.27493010251631,55.93662628145387,54.10997204100652,54.94874184529357,56.22553588070829,55.013979496738116
947.1956224350205,54.333643988816405,55.246971109040075,55.93662628145387,54.10997204100652,54.94874184529357,56.22553588070829,55.013979496738116
948.016415868673,54.0354147250699,55.18173345759553,55.945945945945944,54.119291705498604,54.94874184529357,56.234855545200375,55.013979496738116
948.8372093023256,54.007455731593666,54.827586206896555,56.07642124883504,54.10065237651445,55.079217148182664,56.234855545200375,55.00465983224604
949.6580027359781,54.007455731593666,54.8089468779124,56.113699906803355,54.10065237651445,55.013979496738116,56.22553588070829,55.013979496738116
950.4787961696306,53.979496738117426,54.77166821994408,56.10438024231128,54.10065237651445,55.079217148182664,56.234855545200375,55.00465983224604
951.2995896032832,54.19384902143523,54.72506989748369,56.0950605778192,54.10065237651445,54.93010251630941,56.234855545200375,55.00465983224604
952.1203830369357,54.19384902143523,54.706430568499535,56.00186393289842,54.10065237651445,54.93942218080149,56.234855545200375,55.00465983224604
952.9411764705882,54.10065237651445,54.71575023299161,55.9645852749301,54.10065237651445,54.93942218080149,56.234855545200375,55.00465983224604
953.7619699042408,54.01677539608574,54.73438956197577,55.98322460391426,54.10065237651445,54.94874184529357,56.234855545200375,55.013979496738116
954.5827633378933,54.22180801491146,54.8089468779124,55.98322460391426,54.10065237651445,55.013979496738116,56.234855545200375,55.013979496738116
955.4035567715458,54.22180801491146,55.00465983224604,56.020503261882574,54.10065237651445,54.94874184529357,56.22553588070829,55.013979496738116
956.2243502051983,54.27772600186393,55.14445479962721,56.08574091332712,54.10065237651445,54.94874184529357,56.22553588070829,55.00465983224604
957.0451436388508,54.27772600186393,54.8928238583411,56.12301957129543,54.10997204100652,55.06057781919851,56.22553588070829,54.99534016775396
957.8659370725034,54.29636533084809,54.79030754892824,56.35601118359739,54.10997204100652,55.00465983224604,56.22553588070829,55.00465983224604
958.686730506156,54.29636533084809,54.77166821994408,56.41192917054986,54.10997204100652,55.00465983224604,56.22553588070829,55.00465983224604
959.5075239398085,54.212488350419385,54.76234855545201,56.34669151910531,54.10997204100652,55.00465983224604,56.22553588070829,55.00465983224604
960.328317373461,54.24044734389562,54.86486486486486,56.33737185461323,54.10997204100652,55.00465983224604,56.22553588070829,55.00465983224604
961.1491108071135,54.259086672879775,54.86486486486486,56.34669151910531,54.10065237651445,55.00465983224604,56.22553588070829,55.00465983224604
961.969904240766,54.19384902143523,54.83690587138863,56.393289841565704,54.10065237651445,55.013979496738116,56.22553588070829,55.013979496738116
962.7906976744185,53.99813606710158,54.83690587138863,56.514445479962724,54.10065237651445,55.079217148182664,56.22553588070829,55.013979496738116
963.6114911080712,53.92357875116496,54.827586206896555,56.5237651444548,54.10997204100652,55.079217148182664,56.21621621621622,55.013979496738116
964.4322845417237,53.87698042870457,54.78098788443616,56.58900279589935,54.10997204100652,55.013979496738116,56.21621621621622,55.013979496738116
965.2530779753762,53.87698042870457,54.78098788443616,56.449207828518176,54.10997204100652,55.00465983224604,56.21621621621622,55.00465983224604
966.0738714090287,54.26840633737186,54.77166821994408,56.36533084808947,54.10997204100652,54.94874184529357,56.21621621621622,55.00465983224604
966.8946648426812,54.27772600186393,54.8089468779124,56.34669151910531,54.10065237651445,55.00465983224604,56.22553588070829,55.00465983224604
967.7154582763337,54.26840633737186,54.83690587138863,56.33737185461323,54.10997204100652,54.99534016775396,56.22553588070829,54.99534016775396
968.5362517099863,54.38956197576887,54.83690587138863,56.10438024231128,54.10997204100652,55.00465983224604,56.22553588070829,
969.3570451436389,54.333643988816405,54.846225535880706,56.08574091332712,54.10997204100652,55.013979496738116,56.22553588070829,
970.1778385772914,54.36160298229264,54.846225535880706,56.08574091332712,54.10997204100652,55.00465983224604,56.22553588070829,
970.9986320109439,54.34296365330848,54.799627213420315,56.12301957129543,54.10997204100652,55.00465983224604,56.22553588070829,
971.8194254445964,54.259086672879775,54.78098788443616,56.12301957129543,54.10997204100652,55.00465983224604,56.22553588070829,
972.640218878249,54.24044734389562,54.78098788443616,56.10438024231128,54.10997204100652,55.0232991612302,56.22553588070829,
973.4610123119015,54.24044734389562,54.78098788443616,56.00186393289842,54.10997204100652,55.013979496738116,56.234855545200375,
974.281805745554,54.212488350419385,54.85554520037279,55.992544268406334,54.10997204100652,55.013979496738116,56.234855545200375,
975.1025991792065,54.10065237651445,54.799627213420315,56.01118359739049,54.10065237651445,55.00465983224604,56.234855545200375,
975.9233926128591,53.9049394221808,54.64119291705499,56.02982292637465,54.10065237651445,55.00465983224604,56.234855545200375,
976.7441860465116,53.86766076421249,54.613233923578754,56.07642124883504,54.10997204100652,55.00465983224604,56.234855545200375,
977.5649794801642,53.89561975768872,54.60391425908667,56.36533084808947,54.10997204100652,55.013979496738116,56.22553588070829,
978.3857729138167,53.9049394221808,54.613233923578754,56.38397017707363,54.10997204100652,54.99534016775396,56.22553588070829,
979.2065663474692,54.007455731593666,54.6784715750233,56.43056849953402,54.10997204100652,55.00465983224604,56.22553588070829,
980.0273597811217,54.007455731593666,54.81826654240447,56.421248835041936,54.10997204100652,55.013979496738116,56.22553588070829,
980.8481532147742,53.98881640260951,54.88350419384902,56.12301957129543,54.10997204100652,55.013979496738116,56.22553588070829,
981.6689466484268,53.99813606710158,55.125815470643055,56.12301957129543,54.10997204100652,55.013979496738116,56.22553588070829,
982.4897400820794,54.007455731593666,55.13513513513514,56.34669151910531,54.10997204100652,55.00465983224604,56.22553588070829,
983.3105335157319,54.24044734389562,55.16309412861137,56.35601118359739,54.10997204100652,55.013979496738116,56.22553588070829,
984.1313269493844,54.212488350419385,55.153774464119294,56.328052190121156,54.10997204100652,55.0232991612302,56.22553588070829,
984.9521203830369,54.19384902143523,55.16309412861137,55.992544268406334,54.10065237651445,55.013979496738116,56.22553588070829,
985.7729138166894,54.19384902143523,55.16309412861137,55.91798695246971,54.10065237651445,55.00465983224604,56.22553588070829,
986.5937072503419,54.10997204100652,55.153774464119294,55.908667287977636,54.10997204100652,54.986020503261884,56.22553588070829,
987.4145006839946,54.2497670083877,55.23765144454799,55.927306616961786,54.10065237651445,55.00465983224604,56.22553588070829,
988.2352941176471,54.2497670083877,55.23765144454799,56.04846225535881,54.10065237651445,54.99534016775396,56.22553588070829,
989.0560875512996,54.34296365330848,55.079217148182664,56.0950605778192,54.10997204100652,54.99534016775396,56.22553588070829,
989.8768809849521,54.333643988816405,54.86486486486486,56.05778191985088,54.10997204100652,54.99534016775396,56.22553588070829,
990.6976744186046,54.2497670083877,54.8089468779124,56.01118359739049,54.10997204100652,54.99534016775396,56.22553588070829,
991.5184678522571,54.24044734389562,54.799627213420315,56.020503261882574,54.10997204100652,55.00465983224604,56.22553588070829,
992.3392612859097,53.99813606710158,55.09785647716682,55.973904939422184,54.10065237651445,55.00465983224604,56.234855545200375,
993.1600547195623,53.92357875116496,54.90214352283318,56.03914259086673,54.10997204100652,55.00465983224604,56.234855545200375,55.00465983224604
993.9808481532148,53.886300093196645,54.846225535880706,56.0950605778192,54.10065237651445,55.00465983224604,56.22553588070829,55.00465983224604
994.8016415868673,53.886300093196645,54.81826654240447,56.449207828518176,54.10997204100652,54.94874184529357,56.22553588070829,55.013979496738116
995.6224350205198,53.89561975768872,54.8089468779124,56.58900279589935,54.10997204100652,54.94874184529357,56.22553588070829,55.013979496738116
996.4432284541723,53.932898415657036,54.8089468779124,56.561043802423114,54.10997204100652,54.94874184529357,56.22553588070829,55.013979496738116
997.2640218878249,53.98881640260951,54.88350419384902,56.55172413793103,54.10997204100652,54.94874184529357,56.22553588070829,55.013979496738116
998.0848153214774,54.20316868592731,54.86486486486486,56.393289841565704,54.10065237651445,54.94874184529357,56.22553588070829,55.013979496738116
998.90560875513,54.2497670083877,54.81826654240447,56.439888164026094,54.10065237651445,54.94874184529357,56.21621621621622,55.013979496738116
999.7264021887825,53.979496738117426,54.8089468779124,56.439888164026094,54.10065237651445,54.94874184529357,56.22553588070829,55.013979496738116
1000.547195622435,53.92357875116496,54.83690587138863,56.43056849953402,54.10997204100652,54.94874184529357,56.22553588070829,55.013979496738116
1001.3679890560875,53.92357875116496,55.153774464119294,56.40260950605778,54.10997204100652,54.94874184529357,56.21621621621622,55.013979496738116
1002.1887824897401,53.9049394221808,55.16309412861137,56.067101584342964,54.10065237651445,54.94874184529357,56.22553588070829,55.013979496738116
1003.0095759233926,53.98881640260951,55.153774464119294,56.07642124883504,54.10997204100652,54.94874184529357,56.22553588070829,55.013979496738116
1003.8303693570451,54.23112767940354,55.09785647716682,56.05778191985088,54.10997204100652,54.94874184529357,56.22553588070829,55.013979496738116
1004.6511627906976,54.28704566635601,55.09785647716682,56.34669151910531,54.10997204100652,54.94874184529357,56.22553588070829,55.013979496738116
1005.4719562243502,54.31500465983225,55.14445479962721,56.43056849953402,54.119291705498604,54.93942218080149,56.22553588070829,55.013979496738116
1006.2927496580028,54.305684995340165,55.153774464119294,56.43056849953402,54.10997204100652,55.00465983224604,56.22553588070829,55.00465983224604
1007.1135430916553,54.28704566635601,55.125815470643055,56.43056849953402,54.10997204100652,55.06057781919851,56.22553588070829,55.00465983224604
1007.9343365253078,54.27772600186393,55.125815470643055,56.35601118359739,54.10065237651445,54.94874184529357,56.22553588070829,55.013979496738116
1008.7551299589603,53.932898415657036,55.11649580615098,56.34669151910531,54.10065237651445,54.93942218080149,56.22553588070829,55.013979496738116
1009.5759233926128,53.84902143522833,55.125815470643055,56.35601118359739,54.10065237651445,55.00465983224604,56.22553588070829,55.00465983224604
1010.3967168262653,53.87698042870457,55.22833178005592,56.34669151910531,54.10065237651445,54.93942218080149,56.22553588070829,55.013979496738116
1011.217510259918,53.97017707362535,55.23765144454799,56.08574091332712,54.10065237651445,54.93942218080149,56.22553588070829,55.013979496738116
1012.0383036935705,54.20316868592731,55.246971109040075,56.020503261882574,54.10065237651445,54.93942218080149,56.22553588070829,55.013979496738116
1012.859097127223,54.24044734389562,55.23765144454799,56.02982292637465,54.10065237651445,54.94874184529357,56.22553588070829,55.013979496738116
1013.6798905608755,54.24044734389562,55.200372786579685,56.05778191985088,54.10997204100652,54.94874184529357,56.22553588070829,55.013979496738116
1014.500683994528,53.99813606710158,55.172413793103445,56.07642124883504,54.10065237651445,55.00465983224604,56.22553588070829,55.00465983224604
1015.3214774281805,53.98881640260951,55.1910531220876,56.36533084808947,54.10997204100652,54.99534016775396,56.21621621621622,54.99534016775396
1016.1422708618331,54.20316868592731,55.21901211556384,56.40260950605778,54.10997204100652,55.00465983224604,56.21621621621622,55.00465983224604
1016.9630642954857,54.212488350419385,55.153774464119294,56.43056849953402,54.119291705498604,55.05125815470643,56.21621621621622,54.99534016775396
1017.7838577291382,54.19384902143523,55.14445479962721,56.439888164026094,54.10997204100652,55.013979496738116,56.21621621621622,
1018.6046511627907,54.026095060577816,55.14445479962721,56.439888164026094,54.10997204100652,55.00465983224604,56.21621621621622,
1019.4254445964432,53.98881640260951,54.90214352283318,56.34669151910531,54.10065237651445,55.013979496738116,56.22553588070829,
1020.2462380300957,53.979496738117426,55.08853681267475,56.22553588070829,54.10065237651445,55.00465983224604,56.22553588070829,
1021.0670314637483,53.96085740913327,55.08853681267475,56.12301957129543,54.10997204100652,55.00465983224604,56.22553588070829,
1021.8878248974008,53.95153774464119,55.14445479962721,56.40260950605778,54.10997204100652,55.00465983224604,56.21621621621622,
1022.7086183310533,53.99813606710158,55.13513513513514,56.41192917054986,54.10997204100652,55.00465983224604,56.21621621621622,
1023.5294117647059,54.19384902143523,54.874184529356945,56.421248835041936,54.10065237651445,54.99534016775396,56.21621621621622,
1024.3502051983585,54.24044734389562,54.88350419384902,56.41192917054986,54.10997204100652,55.00465983224604,56.21621621621622,
1025.1709986320109,54.28704566635601,54.88350419384902,56.374650512581546,54.10997204100652,55.013979496738116,56.234855545200375,
1025.9917920656635,54.4175209692451,54.81826654240447,56.05778191985088,54.10997204100652,55.013979496738116,56.234855545200375,
1026.812585499316,54.40820130475303,54.81826654240447,56.04846225535881,54.119291705498604,55.00465983224604,56.234855545200375,
1027.6333789329685,54.40820130475303,54.88350419384902,56.04846225535881,54.119291705498604,55.00465983224604,56.234855545200375,
1028.4541723666212,54.39888164026095,54.8928238583411,56.04846225535881,54.10997204100652,55.00465983224604,56.234855545200375,
1029.2749658002735,54.4175209692451,54.99534016775396,56.07642124883504,54.10997204100652,55.00465983224604,56.234855545200375,
1030.0957592339262,54.44547996272134,54.86486486486486,56.08574091332712,54.10997204100652,55.00465983224604,56.234855545200375,
1030.9165526675786,54.520037278657966,54.91146318732525,56.0950605778192,54.10997204100652,54.99534016775396,56.234855545200375,
1031.7373461012312,54.48275862068965,55.09785647716682,56.10438024231128,54.119291705498604,54.99534016775396,56.22553588070829,
1032.5581395348836,54.29636533084809,54.8928238583411,56.0950605778192,54.10997204100652,54.99534016775396,56.22553588070829,
1033.3789329685362,53.98881640260951,54.753028890959925,56.328052190121156,54.12861136999068,55.00465983224604,56.21621621621622,
1034.1997264021888,53.92357875116496,54.72506989748369,56.33737185461323,54.10065237651445,54.99534016775396,56.21621621621622,
1035.0205198358412,53.92357875116496,54.73438956197577,56.40260950605778,54.10065237651445,55.00465983224604,56.21621621621622,
1035.8413132694939,53.99813606710158,54.73438956197577,56.41192917054986,54.10065237651445,55.00465983224604,56.21621621621622,
1036.6621067031463,53.979496738117426,54.78098788443616,56.393289841565704,54.10065237651445,55.013979496738116,56.21621621621622,
1037.482900136799,53.979496738117426,55.18173345759553,56.393289841565704,54.10997204100652,55.013979496738116,56.21621621621622,
1038.3036935704515,53.979496738117426,55.21901211556384,56.38397017707363,54.10997204100652,55.00465983224604,56.21621621621622,
1039.124487004104,54.026095060577816,54.93010251630941,56.113699906803355,54.10997204100652,55.00465983224604,56.21621621621622,
1039.9452804377565,54.007455731593666,54.920782851817336,56.0950605778192,54.10997204100652,55.013979496738116,56.22553588070829,
1040.766073871409,53.95153774464119,54.827586206896555,56.0950605778192,54.10065237651445,55.00465983224604,56.22553588070829,
1041.5868673050616,53.979496738117426,54.73438956197577,56.03914259086673,54.10997204100652,54.99534016775396,56.22553588070829,
1042.4076607387142,54.212488350419385,54.78098788443616,56.309412861137,54.10065237651445,55.00465983224604,56.22553588070829,54.986020503261884
1043.2284541723666,54.22180801491146,54.846225535880706,56.21621621621622,54.10065237651445,54.93942218080149,56.22553588070829,55.00465983224604
1044.0492476060192,54.305684995340165,54.827586206896555,56.393289841565704,54.10065237651445,54.94874184529357,56.22553588070829,55.013979496738116
1044.8700410396716,54.29636533084809,55.153774464119294,56.486486486486484,54.10065237651445,55.013979496738116,56.22553588070829,55.013979496738116
1045.6908344733242,54.24044734389562,55.153774464119294,56.486486486486484,54.10065237651445,55.013979496738116,56.22553588070829,55.013979496738116
1046.5116279069766,54.10065237651445,55.18173345759553,56.45852749301025,54.10065237651445,54.93942218080149,56.22553588070829,55.013979496738116
1047.3324213406293,54.20316868592731,55.246971109040075,56.45852749301025,54.10065237651445,54.94874184529357,56.22553588070829,55.013979496738116
1048.1532147742819,54.20316868592731,55.21901211556384,56.47716682199441,54.10065237651445,55.06057781919851,56.21621621621622,55.00465983224604
1048.9740082079343,54.18452935694315,55.13513513513514,56.53308480894688,54.10065237651445,55.06057781919851,56.21621621621622,55.00465983224604
1049.794801641587,54.23112767940354,55.11649580615098,56.54240447343896,54.10065237651445,55.06057781919851,56.21621621621622,55.00465983224604
1050.6155950752393,54.23112767940354,55.13513513513514,56.54240447343896,54.10065237651445,55.06057781919851,56.21621621621622,55.00465983224604
1051.436388508892,54.23112767940354,55.16309412861137,56.55172413793103,54.10065237651445,55.00465983224604,56.21621621621622,55.00465983224604
1052.2571819425445,54.22180801491146,55.13513513513514,56.38397017707363,54.10065237651445,54.94874184529357,56.21621621621622,55.013979496738116
1053.077975376197,53.9049394221808,55.125815470643055,56.374650512581546,54.10065237651445,55.00465983224604,56.21621621621622,55.00465983224604
1053.8987688098496,53.91425908667288,55.11649580615098,56.374650512581546,54.10065237651445,55.00465983224604,56.21621621621622,55.00465983224604
1054.719562243502,53.92357875116496,55.11649580615098,56.12301957129543,54.10997204100652,54.94874184529357,56.21621621621622,55.013979496738116
1055.5403556771546,53.92357875116496,55.14445479962721,56.08574091332712,54.10065237651445,54.93942218080149,56.22553588070829,55.013979496738116
1056.361149110807,54.23112767940354,55.153774464119294,56.01118359739049,54.10065237651445,55.00465983224604,56.234855545200375,55.00465983224604
1057.1819425444596,54.20316868592731,,55.98322460391426,54.10997204100652,55.00465983224604,56.234855545200375,55.00465983224604
1058.0027359781122,54.24044734389562,,56.08574091332712,54.10997204100652,55.079217148182664,56.22553588070829,55.00465983224604
1058.8235294117646,54.24044734389562,,56.08574091332712,54.10997204100652,55.08853681267475,56.22553588070829,55.013979496738116
1059.6443228454173,54.2497670083877,55.153774464119294,56.10438024231128,54.10065237651445,55.079217148182664,56.22553588070829,55.00465983224604
1060.4651162790697,54.40820130475303,55.18173345759553,56.309412861137,54.10065237651445,55.06989748369059,56.22553588070829,55.00465983224604
1061.2859097127223,54.501397949673816,55.1910531220876,56.22553588070829,54.10065237651445,55.694315004659835,56.22553588070829,55.013979496738116
1062.106703146375,54.36160298229264,55.1910531220876,56.33737185461323,54.10065237651445,55.013979496738116,56.22553588070829,55.013979496738116
1062.9274965800273,54.36160298229264,55.18173345759553,56.31873252562907,54.10065237651445,54.94874184529357,56.22553588070829,55.013979496738116
1063.74829001368,54.10997204100652,55.125815470643055,56.113699906803355,54.10997204100652,54.94874184529357,56.22553588070829,55.013979496738116
1064.5690834473323,53.9049394221808,55.11649580615098,56.04846225535881,54.10065237651445,54.94874184529357,56.22553588070829,55.013979496738116
1065.389876880985,53.94221808014912,55.14445479962721,56.02982292637465,54.10065237651445,55.00465983224604,56.234855545200375,55.00465983224604
1066.2106703146374,53.94221808014912,55.18173345759553,56.02982292637465,54.119291705498604,55.06057781919851,56.234855545200375,55.00465983224604
1067.03146374829,53.95153774464119,55.1910531220876,56.020503261882574,54.10065237651445,55.0232991612302,56.234855545200375,
1067.8522571819426,53.85834109972041,55.172413793103445,56.08574091332712,54.10997204100652,55.00465983224604,56.22553588070829,
1068.673050615595,53.85834109972041,54.90214352283318,56.10438024231128,54.10997204100652,55.00465983224604,56.22553588070829,
1069.4938440492476,53.86766076421249,54.846225535880706,56.113699906803355,54.10997204100652,55.00465983224604,56.22553588070829,
1070.3146374829,53.9049394221808,54.85554520037279,56.020503261882574,54.10065237651445,55.00465983224604,56.22553588070829,
1071.1354309165527,54.26840633737186,54.8928238583411,55.9645852749301,54.10065237651445,55.00465983224604,56.22553588070829,
1071.9562243502053,54.27772600186393,54.90214352283318,55.955265610438026,54.119291705498604,55.00465983224604,56.22553588070829,
1072.7770177838577,54.27772600186393,55.00465983224604,55.93662628145387,54.10997204100652,55.00465983224604,56.22553588070829,
1073.5978112175103,54.28704566635601,55.079217148182664,55.955265610438026,54.119291705498604,55.00465983224604,56.22553588070829,
1074.4186046511627,54.27772600186393,55.09785647716682,56.07642124883504,54.10997204100652,55.013979496738116,56.22553588070829,
1075.2393980848153,54.34296365330848,55.1910531220876,56.22553588070829,54.10997204100652,55.00465983224604,56.22553588070829,
1076.060191518468,54.34296365330848,55.172413793103445,56.421248835041936,54.119291705498604,55.00465983224604,56.22553588070829,
1076.8809849521203,54.34296365330848,55.14445479962721,56.43056849953402,54.119291705498604,55.00465983224604,56.21621621621622,
1077.701778385773,54.28704566635601,55.09785647716682,56.449207828518176,54.10997204100652,55.013979496738116,56.22553588070829,
1078.5225718194254,54.22180801491146,54.88350419384902,56.439888164026094,54.10997204100652,55.00465983224604,56.22553588070829,
1079.343365253078,54.22180801491146,54.8928238583411,56.35601118359739,54.119291705498604,54.99534016775396,56.22553588070829,
1080.1641586867304,54.20316868592731,55.09785647716682,56.36533084808947,54.10997204100652,54.99534016775396,56.21621621621622,
1080.984952120383,,55.00465983224604,56.22553588070829,54.119291705498604,55.00465983224604,56.22553588070829,
1081.8057455540356,54.0354147250699,55.00465983224604,56.12301957129543,54.10997204100652,55.00465983224604,56.22553588070829,
1082.626538987688,,54.86486486486486,56.40260950605778,54.10065237651445,55.013979496738116,56.22553588070829,
1083.4473324213407,54.01677539608574,54.874184529356945,56.45852749301025,54.10065237651445,55.00465983224604,56.21621621621622,
1084.268125854993,53.96085740913327,54.88350419384902,56.50512581547064,54.10065237651445,55.00465983224604,56.21621621621622,
1085.0889192886457,53.9049394221808,54.827586206896555,56.53308480894688,54.10065237651445,54.99534016775396,56.21621621621622,
1085.9097127222983,53.9049394221808,54.69711090400746,56.50512581547064,54.10065237651445,55.00465983224604,56.21621621621622,
1086.7305061559507,53.91425908667288,54.6784715750233,56.393289841565704,54.119291705498604,55.00465983224604,56.21621621621622,
1087.5512995896033,53.92357875116496,54.6784715750233,56.22553588070829,54.10065237651445,55.00465983224604,56.21621621621622,
1088.3720930232557,53.99813606710158,54.71575023299161,56.08574091332712,54.10065237651445,55.00465983224604,56.22553588070829,
1089.1928864569084,54.23112767940354,54.86486486486486,56.02982292637465,54.10997204100652,55.013979496738116,56.234855545200375,
1090.0136798905608,54.24044734389562,54.86486486486486,56.08574091332712,54.10997204100652,55.00465983224604,56.234855545200375,
1090.8344733242134,54.31500465983225,54.85554520037279,56.10438024231128,54.10997204100652,55.013979496738116,56.234855545200375,
1091.655266757866,54.36160298229264,54.85554520037279,56.08574091332712,54.10997204100652,55.0232991612302,56.234855545200375,54.99534016775396
1092.4760601915184,54.352283317800556,54.86486486486486,56.03914259086673,54.10997204100652,55.00465983224604,56.234855545200375,55.00465983224604
1093.296853625171,54.27772600186393,54.86486486486486,56.020503261882574,54.10997204100652,55.00465983224604,56.234855545200375,55.00465983224604
1094.1176470588234,54.212488350419385,55.13513513513514,56.10438024231128,54.10065237651445,55.013979496738116,56.22553588070829,55.013979496738116
1094.938440492476,54.20316868592731,55.18173345759553,56.36533084808947,54.10065237651445,55.08853681267475,56.22553588070829,55.013979496738116
1095.7592339261287,54.19384902143523,55.1910531220876,56.36533084808947,54.10065237651445,55.079217148182664,56.22553588070829,55.00465983224604
1096.580027359781,54.19384902143523,55.20969245107176,56.36533084808947,54.10065237651445,55.08853681267475,56.22553588070829,55.00465983224604
1097.4008207934337,54.212488350419385,55.22833178005592,56.22553588070829,54.10065237651445,,56.22553588070829,55.00465983224604
1098.221614227086,54.2497670083877,55.246971109040075,56.22553588070829,54.10065237651445,,56.22553588070829,55.00465983224604
1099.0424076607387,54.23112767940354,55.22833178005592,56.38397017707363,54.10065237651445,55.079217148182664,56.22553588070829,55.00465983224604
1099.8632010943913,54.259086672879775,55.18173345759553,56.41192917054986,54.10065237651445,55.00465983224604,56.22553588070829,55.00465983224604
1100.6839945280437,54.026095060577816,55.1071761416589,56.47716682199441,54.10997204100652,54.94874184529357,56.22553588070829,55.013979496738116
1101.5047879616964,53.97017707362535,54.91146318732525,56.45852749301025,54.10997204100652,54.94874184529357,56.22553588070829,55.013979496738116
1102.3255813953488,53.91425908667288,54.91146318732525,56.41192917054986,54.10997204100652,54.94874184529357,56.22553588070829,55.013979496738116
1103.1463748290014,53.89561975768872,54.90214352283318,56.374650512581546,54.10997204100652,54.94874184529357,56.22553588070829,55.013979496738116
1103.9671682626538,53.89561975768872,54.81826654240447,56.22553588070829,54.119291705498604,54.94874184529357,56.22553588070829,55.013979496738116
1104.7879616963064,53.95153774464119,54.77166821994408,56.22553588070829,54.119291705498604,54.94874184529357,56.22553588070829,55.013979496738116
1105.608755129959,53.94221808014912,54.706430568499535,56.328052190121156,54.10997204100652,54.94874184529357,56.22553588070829,55.013979496738116
1106.4295485636114,53.932898415657036,54.706430568499535,56.328052190121156,54.10997204100652,54.94874184529357,56.22553588070829,55.013979496738116
1107.250341997264,53.91425908667288,54.77166821994408,56.12301957129543,54.10997204100652,54.94874184529357,56.22553588070829,55.013979496738116
1108.0711354309165,53.932898415657036,54.8928238583411,56.12301957129543,54.10997204100652,55.00465983224604,56.22553588070829,55.00465983224604
1108.891928864569,53.97017707362535,54.90214352283318,56.328052190121156,54.10997204100652,55.00465983224604,56.22553588070829,55.00465983224604
1109.7127222982217,53.979496738117426,54.90214352283318,56.22553588070829,54.10997204100652,55.00465983224604,56.22553588070829,55.00465983224604
1110.533515731874,53.99813606710158,54.83690587138863,56.08574091332712,54.10065237651445,55.013979496738116,56.22553588070829,55.013979496738116
1111.3543091655267,53.979496738117426,54.83690587138863,56.067101584342964,54.10065237651445,54.94874184529357,56.22553588070829,55.013979496738116
1112.1751025991791,53.96085740913327,54.83690587138863,56.03914259086673,54.10065237651445,55.013979496738116,56.22553588070829,55.013979496738116
1112.9958960328318,54.2497670083877,54.77166821994408,56.03914259086673,54.10065237651445,55.013979496738116,56.22553588070829,55.013979496738116
1113.8166894664841,54.2497670083877,54.77166821994408,56.067101584342964,54.10065237651445,55.013979496738116,56.22553588070829,55.013979496738116
1114.6374829001368,54.259086672879775,54.79030754892824,56.05778191985088,54.10065237651445,55.06057781919851,56.22553588070829,55.00465983224604
1115.4582763337894,54.23112767940354,55.20969245107176,56.02982292637465,54.10997204100652,55.00465983224604,56.22553588070829,55.00465983224604
1116.2790697674418,54.01677539608574,55.31220876048462,56.020503261882574,54.10997204100652,55.0232991612302,56.234855545200375,54.99534016775396
1117.0998632010944,54.007455731593666,55.28424976700839,56.00186393289842,54.10997204100652,54.99534016775396,56.234855545200375,
1117.9206566347468,54.026095060577816,55.21901211556384,56.03914259086673,54.10997204100652,54.99534016775396,56.234855545200375,
1118.7414500683994,54.10065237651445,54.846225535880706,55.992544268406334,54.10065237651445,55.00465983224604,56.234855545200375,
1119.562243502052,54.01677539608574,54.71575023299161,55.98322460391426,54.10065237651445,55.00465983224604,56.234855545200375,
1120.3830369357045,53.98881640260951,54.69711090400746,56.00186393289842,54.10997204100652,54.99534016775396,56.234855545200375,
1121.203830369357,53.96085740913327,54.73438956197577,56.04846225535881,54.10997204100652,55.013979496738116,56.22553588070829,
1122.0246238030095,53.95153774464119,54.799627213420315,56.07642124883504,54.10065237651445,55.013979496738116,56.22553588070829,
1122.8454172366621,53.99813606710158,55.08853681267475,56.45852749301025,54.10997204100652,55.00465983224604,56.22553588070829,
1123.6662106703145,54.18452935694315,55.11649580615098,56.486486486486484,54.10065237651445,55.00465983224604,56.22553588070829,
1124.4870041039671,54.10997204100652,55.11649580615098,56.55172413793103,54.10997204100652,55.00465983224604,56.22553588070829,
1125.3077975376198,53.97017707362535,55.1071761416589,56.514445479962724,54.10997204100652,54.99534016775396,56.21621621621622,
1126.1285909712722,53.95153774464119,55.09785647716682,56.36533084808947,54.10997204100652,54.99534016775396,56.21621621621622,
1126.9493844049248,53.932898415657036,54.8089468779124,56.374650512581546,54.10997204100652,55.00465983224604,56.21621621621622,
1127.7701778385772,53.89561975768872,54.79030754892824,56.374650512581546,54.10997204100652,55.00465983224604,56.21621621621622,
1128.5909712722298,53.9049394221808,54.79030754892824,56.36533084808947,54.10997204100652,55.00465983224604,56.21621621621622,
1129.4117647058824,53.96085740913327,54.799627213420315,56.22553588070829,54.10997204100652,55.00465983224604,56.21621621621622,
1130.2325581395348,53.96085740913327,54.90214352283318,56.05778191985088,54.10065237651445,55.00465983224604,56.22553588070829,
1131.0533515731875,53.91425908667288,55.1071761416589,56.05778191985088,54.10997204100652,55.00465983224604,56.234855545200375,
1131.8741450068399,53.92357875116496,55.11649580615098,56.067101584342964,54.119291705498604,55.00465983224604,56.234855545200375,
1132.6949384404925,53.9049394221808,55.11649580615098,56.067101584342964,54.10997204100652,54.99534016775396,56.234855545200375,
1133.515731874145,53.94221808014912,54.79030754892824,56.067101584342964,54.10065237651445,54.99534016775396,56.234855545200375,
1134.3365253077975,54.01677539608574,54.76234855545201,56.067101584342964,54.10065237651445,54.99534016775396,56.234855545200375,
1135.1573187414501,54.007455731593666,54.78098788443616,56.03914259086673,54.10997204100652,55.00465983224604,56.234855545200375,
1135.9781121751025,54.01677539608574,54.874184529356945,56.067101584342964,54.10065237651445,55.00465983224604,56.234855545200375,
1136.7989056087551,54.007455731593666,55.153774464119294,56.45852749301025,54.10065237651445,55.0232991612302,56.22553588070829,
1137.6196990424075,54.24044734389562,55.18173345759553,56.486486486486484,54.10065237651445,54.99534016775396,56.22553588070829,
1138.4404924760602,54.2497670083877,55.1071761416589,56.514445479962724,54.10065237651445,54.99534016775396,56.21621621621622,
1139.2612859097128,54.259086672879775,54.8928238583411,56.5237651444548,54.10065237651445,54.99534016775396,56.21621621621622,
1140.0820793433652,54.40820130475303,55.1071761416589,56.50512581547064,54.10997204100652,55.013979496738116,56.21621621621622,
1140.9028727770178,54.473438956197576,55.11649580615098,56.514445479962724,54.10997204100652,55.00465983224604,56.21621621621622,
1141.7236662106702,54.37092264678472,54.86486486486486,56.50512581547064,54.10997204100652,54.967381174277726,56.21621621621622,55.013979496738116
1142.5444596443228,54.34296365330848,55.13513513513514,56.43056849953402,54.10997204100652,55.00465983224604,56.21621621621622,55.00465983224604
1143.3652530779755,54.32432432432432,55.16309412861137,56.421248835041936,54.10065237651445,55.00465983224604,56.21621621621622,55.00465983224604
1144.1860465116279,54.22180801491146,55.16309412861137,56.421248835041936,54.10065237651445,55.06057781919851,56.21621621621622,54.99534016775396
1145.0068399452805,54.22180801491146,55.153774464119294,56.40260950605778,54.10065237651445,55.06057781919851,56.21621621621622,54.99534016775396
1145.827633378933,54.259086672879775,54.88350419384902,56.374650512581546,54.10997204100652,55.00465983224604,56.22553588070829,55.00465983224604
1146.6484268125855,54.22180801491146,54.874184529356945,56.38397017707363,54.10997204100652,55.00465983224604,56.21621621621622,55.00465983224604
1147.469220246238,54.22180801491146,54.91146318732525,56.34669151910531,54.10997204100652,54.94874184529357,56.21621621621622,55.013979496738116
1148.2900136798905,54.212488350419385,54.8928238583411,56.38397017707363,54.10997204100652,55.013979496738116,56.22553588070829,55.013979496738116
1149.1108071135432,54.19384902143523,54.90214352283318,56.40260950605778,54.10065237651445,55.013979496738116,56.21621621621622,55.013979496738116
1149.9316005471956,54.10065237651445,55.21901211556384,56.421248835041936,54.10065237651445,54.94874184529357,56.21621621621622,55.013979496738116
1150.7523939808482,54.212488350419385,55.21901211556384,56.40260950605778,54.10997204100652,55.00465983224604,56.21621621621622,55.00465983224604
1151.5731874145006,54.28704566635601,54.8928238583411,56.0950605778192,54.10997204100652,55.06057781919851,56.22553588070829,55.00465983224604
1152.3939808481532,54.29636533084809,54.799627213420315,56.020503261882574,54.10997204100652,55.013979496738116,56.234855545200375,55.013979496738116
1153.2147742818058,54.29636533084809,54.66915191053122,56.00186393289842,54.10997204100652,54.94874184529357,56.22553588070829,55.013979496738116
1154.0355677154582,54.305684995340165,54.68779123951538,55.908667287977636,54.119291705498604,54.94874184529357,56.22553588070829,55.013979496738116
1154.8563611491109,54.31500465983225,54.799627213420315,55.85274930102516,54.14725069897484,55.013979496738116,56.22553588070829,55.013979496738116
1155.6771545827633,54.352283317800556,54.86486486486486,56.067101584342964,54.10997204100652,55.013979496738116,56.22553588070829,55.013979496738116
1156.4979480164159,54.259086672879775,55.20969245107176,56.05778191985088,54.10065237651445,55.08853681267475,56.22553588070829,55.013979496738116
1157.3187414500683,54.24044734389562,55.22833178005592,56.35601118359739,54.10065237651445,55.013979496738116,56.22553588070829,55.013979496738116
1158.139534883721,53.979496738117426,55.20969245107176,56.34669151910531,54.10997204100652,54.94874184529357,56.22553588070829,55.013979496738116
1158.9603283173735,53.84902143522833,55.200372786579685,56.07642124883504,54.10997204100652,55.013979496738116,56.22553588070829,55.013979496738116
1159.781121751026,53.8210624417521,54.85554520037279,56.01118359739049,54.10997204100652,54.94874184529357,56.22553588070829,55.013979496738116
1160.6019151846785,53.83038210624417,54.86486486486486,55.992544268406334,54.10997204100652,54.94874184529357,56.234855545200375,55.013979496738116
1161.422708618331,53.9049394221808,54.90214352283318,56.00186393289842,54.10997204100652,55.013979496738116,56.234855545200375,55.013979496738116
1162.2435020519836,53.932898415657036,55.125815470643055,56.08574091332712,54.10065237651445,54.94874184529357,56.234855545200375,55.013979496738116
1163.0642954856362,53.94221808014912,55.1910531220876,56.328052190121156,54.10065237651445,55.00465983224604,56.22553588070829,55.00465983224604
1163.8850889192886,54.10065237651445,55.293569431500465,56.35601118359739,54.10065237651445,54.99534016775396,56.21621621621622,54.99534016775396
1164.7058823529412,54.22180801491146,55.30288909599254,56.45852749301025,54.10065237651445,54.94874184529357,56.21621621621622,55.00465983224604
1165.5266757865936,54.28704566635601,55.293569431500465,56.449207828518176,54.10997204100652,54.967381174277726,56.21621621621622,55.013979496738116
1166.3474692202462,54.18452935694315,55.246971109040075,56.449207828518176,54.10065237651445,55.00465983224604,56.21621621621622,
1167.1682626538989,54.10065237651445,55.13513513513514,56.41192917054986,54.10065237651445,54.99534016775396,56.21621621621622,
1167.9890560875513,54.01677539608574,55.125815470643055,56.393289841565704,54.10065237651445,54.99534016775396,56.21621621621622,
1168.809849521204,53.94221808014912,55.20969245107176,56.40260950605778,54.119291705498604,54.99534016775396,56.21621621621622,
1169.6306429548563,53.97017707362535,55.21901211556384,56.0950605778192,54.10997204100652,55.00465983224604,56.22553588070829,
1170.451436388509,54.0354147250699,55.200372786579685,56.07642124883504,54.119291705498604,55.013979496738116,56.22553588070829,
1171.2722298221613,54.0354147250699,55.172413793103445,56.00186393289842,54.10997204100652,54.99534016775396,56.234855545200375,
1172.093023255814,54.007455731593666,54.8928238583411,55.98322460391426,54.10065237651445,54.99534016775396,56.234855545200375,
1172.9138166894666,54.19384902143523,54.8928238583411,56.020503261882574,54.10065237651445,55.00465983224604,56.234855545200375,
1173.734610123119,54.2497670083877,54.85554520037279,56.07642124883504,54.091332712022364,55.00465983224604,56.234855545200375,
1174.5554035567716,54.31500465983225,54.81826654240447,56.07642124883504,54.10997204100652,55.00465983224604,56.234855545200375,
1175.376196990424,54.32432432432432,54.827586206896555,56.07642124883504,54.10997204100652,55.0232991612302,56.234855545200375,
1176.1969904240766,54.32432432432432,54.81826654240447,56.0950605778192,54.10997204100652,55.013979496738116,56.234855545200375,
1177.0177838577292,54.0354147250699,54.81826654240447,56.12301957129543,54.10997204100652,55.013979496738116,56.22553588070829,
1177.8385772913816,53.9049394221808,54.93010251630941,56.22553588070829,54.10065237651445,55.013979496738116,56.22553588070829,
1178.6593707250343,53.91425908667288,54.99534016775396,56.22553588070829,54.10997204100652,55.00465983224604,56.22553588070829,
1179.4801641586866,53.80242311276794,55.22833178005592,56.113699906803355,54.10997204100652,54.99534016775396,56.234855545200375,
1180.3009575923393,53.80242311276794,55.21901211556384,56.12301957129543,54.10997204100652,55.00465983224604,56.22553588070829,
1181.1217510259917,54.0354147250699,55.1910531220876,56.12301957129543,54.10997204100652,55.00465983224604,56.234855545200375,
1181.9425444596443,54.212488350419385,55.1910531220876,56.22553588070829,54.10065237651445,55.00465983224604,56.22553588070829,
1182.763337893297,54.27772600186393,55.1910531220876,56.328052190121156,54.10065237651445,55.00465983224604,56.22553588070829,
1183.5841313269493,54.29636533084809,55.18173345759553,56.0950605778192,54.10065237651445,55.00465983224604,56.22553588070829,
1184.404924760602,54.2497670083877,55.125815470643055,56.04846225535881,54.10065237651445,54.99534016775396,56.22553588070829,
1185.2257181942543,54.2497670083877,55.09785647716682,56.020503261882574,54.10065237651445,55.00465983224604,56.234855545200375,
1186.046511627907,54.28704566635601,54.920782851817336,55.93662628145387,54.10065237651445,55.00465983224604,56.234855545200375,
1186.8673050615596,54.29636533084809,54.81826654240447,55.93662628145387,54.10065237651445,55.013979496738116,56.22553588070829,
1187.688098495212,54.23112767940354,54.8089468779124,55.945945945945944,54.10997204100652,55.013979496738116,56.22553588070829,
1188.5088919288646,53.99813606710158,54.79030754892824,55.955265610438026,54.10065237651445,55.00465983224604,56.22553588070829,
1189.329685362517,53.96085740913327,54.799627213420315,56.00186393289842,54.10065237651445,54.99534016775396,56.22553588070829,
1190.1504787961696,54.20316868592731,54.72506989748369,56.02982292637465,54.10997204100652,55.00465983224604,56.22553588070829,
1190.971272229822,54.212488350419385,54.706430568499535,56.04846225535881,54.10997204100652,54.94874184529357,56.22553588070829,55.00465983224604
1191.7920656634747,54.007455731593666,54.71575023299161,56.328052190121156,54.10065237651445,55.00465983224604,56.22553588070829,55.00465983224604
1192.6128590971273,53.92357875116496,54.72506989748369,56.33737185461323,54.119291705498604,55.00465983224604,56.22553588070829,55.00465983224604
1193.4336525307797,53.886300093196645,54.8089468779124,56.08574091332712,54.10065237651445,55.06057781919851,56.22553588070829,55.00465983224604
1194.2544459644323,53.839701770736255,54.86486486486486,56.07642124883504,54.10065237651445,54.94874184529357,56.22553588070829,55.013979496738116
1195.0752393980847,53.839701770736255,55.125815470643055,56.08574091332712,54.165890027958994,55.51724137931035,56.22553588070829,55.013979496738116
1195.8960328317373,53.83038210624417,55.16309412861137,56.0950605778192,54.119291705498604,55.93662628145387,56.22553588070829,55.00465983224604
1196.71682626539,53.81174277726002,55.16309412861137,56.113699906803355,54.119291705498604,55.5358807082945,56.22553588070829,55.00465983224604
1197.5376196990424,53.81174277726002,55.16309412861137,56.328052190121156,54.119291705498604,56.01118359739049,56.22553588070829,55.00465983224604
1198.358413132695,53.81174277726002,55.18173345759553,56.08574091332712,54.12861136999068,56.36533084808947,56.22553588070829,55.00465983224604
1199.1792065663474,53.68126747437093,,,54.15657036346691,56.08574091332712,56.22553588070829,55.00465983224604
1200.0,,,,54.10065237651445,55.00465983224604,56.22553588070829,55.00465983224604
