time_s,experiment_middle_C,experiment_T1_C,experiment_T2_C,paper_simulation_middle_C,paper_simulation_T1_C,paper_simulation_T2_C,reference_C
0.0,55.42796005706134,56.44079885877318,54.44365192582026,55.19429676569165,56.32894340665225,54.32986247765755,54.99693095777261
1.0,55.42796005706134,56.44079885877318,54.44365192582026,55.19808121172382,56.32793809923871,54.32347705262547,55.00108725796316
2.0,55.42796005706134,56.44079885877318,54.44365192582026,55.20172112632598,56.32708050284489,54.31801575626605,55.00470120939452
3.0,55.42796005706134,56.44079885877318,54.44365192582026,55.20521650949812,56.3263706174708,54.31347858857928,55.0077728120667
4.0,55.42796005706134,56.43823109843081,54.44365192582026,55.208567361240256,56.32580844311643,54.30986554956517,55.01030206597969
5.0,55.42796005706134,56.42689015691868,54.44365192582026,55.21177368155238,56.325393979781786,54.307176639223705,55.01228897113365
6.0,55.42796005706134,56.4265335235378,54.44365192582026,55.214835470434494,56.325127227466865,54.305411857554894,55.014263340083765
7.0,55.42796005706134,56.4265335235378,54.44365192582026,55.2177527278866,56.32500818617167,54.30457120455874,55.01527837355244
8.0,55.42796005706134,56.4265335235378,54.44365192582026,55.220525453908685,56.3250368558962,54.30465468023524,55.01500154624281
9.0,55.42796005706134,56.4265335235378,54.44365192582026,55.22315364850076,56.32521323664046,54.30566228458439,55.01426533523555
10.0,55.42796005706134,56.4265335235378,54.44365192582026,55.22563731166216,56.32553732840374,54.307594017605524,55.01426533523555
11.0,55.42796005706134,56.4265335235378,54.44365192582026,55.228516027399586,56.32568772299719,54.30798238541148,55.01426533523555
12.0,55.42796005706134,56.4265335235378,54.44365192582026,55.231126131398035,56.32617341592453,54.31367956578099,55.01426533523555
13.0,55.42796005706134,56.4265335235378,54.44365192582026,55.233327721710104,56.32694777320333,54.32035673597498,55.01426533523555
14.0,55.42796005706134,56.4265335235378,54.44365192582026,55.23504469167642,56.32796416085111,54.32689155593749,55.01426533523555
15.0,55.42796005706134,56.4265335235378,54.44365192582026,55.23603790223491,56.32917594488541,54.332750323056246,55.01426533523555
16.0,55.42796005706134,56.4265335235378,54.44365192582026,55.23617118215678,56.330536491323755,54.33831063268724,55.01426533523555
17.0,55.42796005706134,56.4265335235378,54.44365192582026,55.2368558856043,56.3319991661837,54.34369429279265,55.01426533523555
18.0,55.42796005706134,56.43095577746077,54.44365192582026,55.23764108528401,56.33271989438266,54.34886436925839,55.014606506190134
19.0,55.44293865905849,56.44079885877318,54.44365192582026,55.238755287710006,56.33389250587169,54.35368096013707,55.01537713356561
20.0,55.556348074179745,56.44079885877318,54.44365192582026,55.24010522491734,56.33542373268586,54.35800416348128,55.01474616681481
21.0,55.63009985734665,56.49037089871612,54.49322396576319,55.24108327943155,56.336705957350674,54.36066537832451,55.0130461312346
22.0,55.670185449358065,56.58901569186876,54.584878744650496,55.242113190934234,56.33816291954777,54.3625587180125,55.01060955212185
23.0,55.688801711840235,56.67310984308131,54.66169757489301,55.243137179921156,56.33992423843141,54.36399005483623,55.007768954773404
24.0,55.688801711840235,56.68445078459344,54.671897289586305,55.24337827761048,56.34153147863698,54.36408915204897,55.00485686448614
25.0,55.67403708987161,56.69579172610556,54.671897289586305,55.244572573901365,56.343782734140376,54.364498831584896,55.0022058065569
26.0,55.67047075606277,56.69579172610556,54.671897289586305,55.24599248539939,56.34599705552965,54.36439824208472,55.00014830628257
27.0,55.64393723252496,56.66440798858773,54.65863052781741,55.248466674655944,56.348453966895704,54.3635960676354,54.99901688896
28.0,55.60228245363766,56.6262482168331,54.63965763195436,55.252072530764934,56.35107447027224,54.3622566230741,54.99914407988605
29.0,55.566690442225394,56.62467902995721,54.628316690442226,55.257051944193364,56.35328543401479,54.36110816798799,55.00000000000017
30.0,55.50998573466477,56.60199714693295,54.6169757489301,55.26186958433665,56.3574493823089,54.3670564257191,55.00000000000017
31.0,55.50998573466477,56.52410841654779,54.57803138373752,55.267424064719826,56.36226179944613,54.374798506219605,55.00000000000017
32.0,55.50848787446505,56.497860199714694,54.57803138373752,55.27396126301545,56.36785799392663,54.384644758642835,54.99950320720666
33.0,55.500142653352356,56.491012838801716,54.59300998573467,55.281285036693276,56.37399022271855,54.392409713111746,54.998927107129845
34.0,55.45563480741798,56.491012838801716,54.603067047075605,55.28890521596363,56.37911860840397,54.400709605993484,54.99970937289072
35.0,55.43680456490728,56.309557774607704,54.603067047075605,55.2975576617528,56.38518347440821,54.4093501834341,55.0015174791924
36.0,55.43680456490728,56.26718972895863,54.57403708987161,55.307121708631136,56.39257764208255,54.41729486527143,55.00473116992393
37.0,55.45406562054208,56.26718972895863,54.43937232524964,55.31705901390511,56.40107773465102,54.42456104598091,55.00787552913105
38.0,55.47018544935806,56.286875891583456,54.2725392296719,55.327605498892,56.41017077830649,54.436267108258726,55.00978040029412
39.0,55.47018544935806,56.29828815977176,54.2725392296719,55.33905432812256,56.42063089715785,54.451092960646314,55.010333205126535
40.0,55.44151212553495,56.320970042796006,54.283880171184016,55.350968844301974,56.431194310280375,54.46885220711577,55.00965928719155
41.0,55.44151212553495,56.365335235378026,54.28673323823109,55.36413408389106,56.44139467784942,54.488451047608436,55.0078546169846
42.0,55.549358059914404,56.365335235378026,54.28673323823109,55.37859546838871,56.45159583819618,54.51027661412971,55.00498579193318
43.0,55.63295292439372,56.26433666191156,54.281455064194006,55.39323049452006,56.46130410066529,54.53219157799536,55.002345818180515
44.0,55.655634807417975,56.252139800285306,54.281455064194006,55.40912729631491,56.47011913583432,54.55392807361014,55.00135395064085
45.0,55.65620542082739,56.252139800285306,54.31348074179743,55.42581328499498,56.47842942809413,54.57672171497336,55.00162089455972
46.0,55.68587731811697,56.255349500713265,54.34579172610556,55.44258904409128,56.485251863143496,54.59899077066786,55.00342828038994
47.0,55.68587731811697,56.26055634807418,54.37368045649073,55.459525410623186,56.491011369830574,54.62134864078196,55.00522790729656
48.0,55.62703281027104,56.281027104136946,54.47389443651926,55.47593644534266,56.495358473090796,54.6439986261622,55.006593754953414
49.0,55.616975748930095,56.33773181169758,54.836804564907276,55.49274449847182,56.4982042885536,54.66570658177971,55.00795960261027
50.0,55.62703281027104,56.37303851640514,54.868045649072755,55.508005049526936,56.50094065405956,54.6860523121355,55.01005185177812
51.0,55.64450784593438,56.40706134094151,54.87938659058488,55.5234534888974,56.50207444275819,54.70562319555567,55.01140301290104
52.0,55.68502139800285,56.523537803138375,54.919828815977176,55.53835271985639,56.50213830799717,54.724414125619155,55.01140807467502
53.0,55.71519258202567,56.69857346647646,54.99921540656205,55.55186778426492,56.500973624285166,54.741906439172986,55.01032354341929
54.0,55.7265335235378,56.69857346647646,55.07860199714693,55.56467205351275,56.49878523139013,54.75833167394012,55.008435298521064
55.0,55.77924393723252,56.67689015691869,55.15798858773181,55.57667009115476,56.498039623961525,54.73690944473316,55.006058592435366
56.0,55.80627674750356,56.58002853067047,55.192867332382306,55.58747308636218,56.497860199714,54.716063937987315,55.00353805068516
57.0,55.81761768901569,56.4888730385164,55.19657631954351,55.59711603793887,56.497860199714,54.72300771465905,55.000900515451335
58.0,55.81761768901569,56.464621968616264,55.19657631954351,55.605738451443315,56.497860199714,54.75715593797426,54.99848052565616
59.0,55.81447931526391,56.430599144079885,55.173894436519255,55.61379631395608,56.497860199714,54.810583768855196,54.998526746672425
60.0,55.81447931526391,56.40656205420827,54.991440798858775,55.62147686091673,56.497860199714,54.88062500262249,55.00170951255134
61.0,55.82724679029957,56.34151212553495,54.822610556348074,55.629041475796974,56.497860199714,54.96336690824557,55.0046648311272
62.0,55.84579172610556,56.28388017118402,54.72895863052781,55.63542275337223,56.497860199714,55.05542187665336,55.00642139600787
63.0,55.85592011412268,56.282667617689015,54.72289586305278,55.64067749383314,56.497916020591006,55.15365482178989,55.00730840723725
64.0,55.85592011412268,56.27132667617689,54.6672610556348,55.6455744117466,56.49920876121886,55.257115506311465,55.00732586481534
65.0,55.88480741797432,56.27132667617689,54.6672610556348,55.648734446983234,56.500538878983654,55.362816090961694,55.00647376874213
66.0,55.90542082738944,56.47075606276748,54.685306704707564,55.65203237890602,56.501420704275034,55.46820572021687,55.00475211901763
67.0,55.916761768901566,56.70891583452211,54.70042796005706,55.65487397399341,56.50179589798094,55.579944146478525,55.002160915641824
68.0,55.93067047075606,56.74122681883024,54.704707560627675,55.657057750124174,56.501823062275726,55.71348517202508,54.999535794685755
69.0,55.97503566333809,56.75256776034237,54.7614122681883,55.65872374914766,56.499761257326085,55.81281180063531,54.99791706154063
70.0,55.97503566333809,56.75256776034237,55.08701854493581,55.65873284277424,56.49684721634694,55.87841968159181,54.998713459626615
71.0,55.95099857346648,56.74828815977176,55.23566333808844,55.65825435479719,56.49314011786203,55.909116407279996,55.000396868941976
72.0,55.910128388017114,56.71640513552069,55.23566333808844,55.65724619804731,56.488271320239996,55.90375878059529,55.00256742781724
73.0,55.84493580599144,56.68787446504993,55.212981455064195,55.65550861586075,56.48194632988157,55.86221466997762,55.005281665552886
74.0,55.59543509272468,56.68787446504993,55.19029957203994,55.653441004980294,56.47332279716153,55.78469154418572,55.00820705685202
75.0,55.53316690442225,56.80456490727532,54.97146932952924,55.649805652877404,56.463505178003544,55.670153411811434,55.01101107641781
76.0,55.53316690442225,56.865691868758915,54.83109843081313,55.645669778240745,56.452283596169536,55.57544287127227,55.01336119895338
77.0,55.61676176890157,56.865691868758915,54.81483594864479,55.641306423037626,56.43950786691899,55.4942929798595,55.014924899161876
78.0,55.91854493580599,56.85449358059914,54.81483594864479,55.636354640243795,56.426099524379325,55.41244521089918,55.01536965174643
79.0,55.91854493580599,56.85449358059914,54.83751783166905,55.630147657177986,56.40913664642838,55.33221522142446,55.01446884071723
80.0,55.88730385164051,56.78601997146933,55.048502139800284,55.62383761301095,56.38920738085298,55.256819637009734,55.01426533523555
81.0,55.864550641940085,56.68402282453638,55.19671897289586,55.61710413228314,56.36827077462241,55.1889260380368,55.01470825893097
82.0,55.85320970042796,56.58416547788873,55.199928673323825,55.609320174466376,56.34681130818045,55.131239078903555,55.014597528007116
83.0,55.84186875891584,56.527460770328105,55.199928673323825,55.60136574612672,56.325736268972925,55.08650048802395,55.013661136771155
84.0,55.819400855920115,56.493009985734666,55.077318116975746,55.593897010714414,56.30454888850166,55.058071199831076,55.012910959701436
85.0,55.77211126961483,56.47539229671897,54.944365192582026,55.585916187540676,56.28223214956009,55.04705361835334,55.01297081425487
86.0,55.731241084165475,56.3848787446505,54.86105563480742,55.57754303267249,56.25917812735578,55.0558286415654,55.01301903042291
87.0,55.72696148359486,56.35064194008559,54.843081312410845,55.569033589990546,56.23532787653491,55.086429184664766,55.01202644241178
88.0,55.72696148359486,56.3444365192582,54.843081312410845,55.55990228315247,56.21125821282654,55.124598329849874,55.01032557551833
89.0,55.748216833095576,56.3444365192582,54.86462196861626,55.54941325123197,56.18562332613081,55.12701618525561,55.00815185765275
90.0,55.748216833095576,56.34094151212554,55.08345221112696,55.539832416119935,56.161182922261865,55.12744883202791,55.00595054018751
91.0,55.731954350927246,56.34094151212554,55.271540656205424,55.53129009648036,56.136614484794066,55.126024513618546,55.00415935572872
92.0,55.71126961483595,56.33894436519259,55.29957203994294,55.52238655001263,56.110356824579526,55.1236835110159,55.002067051139974
93.0,55.699928673323825,56.32760342368046,55.29957203994294,55.513278490214816,56.083503881578835,55.12042913523274,55.000372502227165
94.0,55.6885877318117,56.285021398002854,55.28915834522111,55.50302901706223,56.05732671161803,55.11723637459891,55.00030086149932
95.0,55.6885877318117,56.28388017118402,55.26283880171184,55.4918688988171,56.0318391183559,55.11443975215836,55.001764028226404
96.0,55.69386590584879,56.28388017118402,55.15121255349501,55.48015234389324,56.005454613709055,55.11225358020674,55.003496318760405
97.0,55.716547788873044,56.28388017118402,54.95720399429386,55.46722202299081,55.97826072966258,55.110919976551756,55.00482516374117
98.0,55.73922967189729,56.28388017118402,54.95720399429386,55.45483191014123,55.950792404629325,55.11054958614604,55.0061888499836
99.0,55.76191155492154,56.27382310984308,54.96726105563481,55.44128564759844,55.920996530897355,55.1107656180698,55.00745760025377
100.0,55.784593437945794,56.21255349500713,55.106990014265335,55.42769335731496,55.89080615699075,55.11156807232304,55.00878088467263
101.0,55.80727532097004,56.12182596291013,55.229529243937236,55.41292052776542,55.861240142158344,55.11295694890573,55.0101309373779
102.0,55.82995720399429,55.99900142653352,55.238302425106994,55.396276696205504,55.8326341811229,55.1149322478179,55.01139312951028
103.0,55.852639087018545,55.624750356633385,55.229529243937236,55.37981639268357,55.804793740226586,55.11749396905954,55.01248220527839
104.0,55.87532097004279,55.551212553495006,55.15197337137423,55.36367431945796,55.77632103579603,55.12064211263064,55.013342281958714
105.0,55.89800285306705,55.52853067047076,55.04612458392773,55.346265877121574,55.74826901652127,55.12343709705257,55.01394684989567
106.0,55.920684736091296,55.509700427960055,54.940275796481224,55.328302187272996,55.72031819298846,55.12607949508387,55.014592059813346
107.0,55.94151212553495,55.49650499286733,54.84215406562055,55.31068214324119,55.691930991964746,55.12832611050601,55.01555405549717
108.0,55.94151212553495,55.46248216833096,54.83081312410842,55.29391498811466,55.66371125357206,55.1294953410313,55.01494235673996
109.0,55.932168330955776,55.46248216833096,54.81947218259629,55.279665247283,55.635577601510995,55.130036178642925,55.01318047145454
110.0,55.92724679029957,55.50641940085592,54.81804564907276,55.2686539847099,55.60826228257421,55.12985535537592,55.010212516917406
111.0,55.87552068473609,55.50641940085592,54.81804564907276,55.25867720843317,55.580396915814255,55.129503152223364,55.006817433636435
112.0,55.70767475035663,55.53594864479315,54.83256572243734,55.24834655484393,55.551472351410624,55.12915444661951,55.004692596989486
113.0,55.539828815977174,55.59957203994294,54.90709190951702,55.237737337823816,55.52267239300814,55.12847972284423,55.00383800697655
114.0,55.37198288159772,55.68687589158345,54.981618096596705,55.22479810983074,55.49414771500413,55.12838801711773,55.00425366359762
115.0,55.20413694721826,55.72539229671897,55.05614428367638,55.208088710891474,55.465135571981435,55.12868705753027,55.0064184032802
116.0,55.0362910128388,55.727318116975745,55.130670470756066,55.18805165086562,55.43638257399929,55.12931836506786,55.009973098703654
117.0,54.884091298145506,55.727318116975745,55.20519665783575,55.16555672347706,55.40773944567982,55.129524137515475,55.01269332189464
118.0,54.884091298145506,55.71597717546362,55.27972284491543,55.14256376847278,55.3806036675755,55.13116917456384,55.012838801712014
119.0,54.8963395149786,55.67874465049928,55.35424903199511,55.117387830115455,55.35451139186514,55.13181475210007,55.011313341912654
120.0,54.9085877318117,55.63338088445079,55.428775219074794,55.09229919057329,55.329440994953984,55.13108043009521,55.00811694249657
121.0,54.92083594864479,55.62738944365193,55.4567760342368,55.06726837716938,55.30644376711108,55.129370478543265,55.00453564504937
122.0,54.93308416547789,55.62738944365193,55.4567760342368,55.04256712611953,55.28608008850129,55.12649817497842,55.00194194773384
123.0,54.94533238231099,55.650071326676176,55.4564907275321,55.01970164510632,55.267313737461194,55.12339964996465,54.99998004848236
124.0,54.95758059914408,55.65620542082739,55.44821683309558,54.99813314841338,55.249913074256014,55.12163126603268,54.99898247259178
125.0,54.96982881597717,55.65620542082739,55.43152639087018,54.97720407357097,55.23438472755661,55.12001458244565,54.99928174535894
126.0,54.982077032810274,55.65378031383737,55.40399429386591,54.95818153583358,55.22035506881009,55.117519454530964,55.00000000000017
127.0,54.99432524964337,55.64243937232525,55.358630527817404,54.941979871040374,55.20740939075432,55.11326403368026,55.00000000000017
128.0,55.00657346647646,55.57689015691869,55.08216833095578,54.92976451570908,55.195930339788504,55.10481621780614,55.00000000000017
129.0,55.01882168330956,55.53259629101284,55.08216833095578,54.92200037733487,55.18580650441393,55.09192833382775,55.00000000000017
130.0,55.031069900142654,55.498573466476465,55.27104136947219,54.91715965803366,55.176112249627295,55.075352401346294,54.999610945402836
131.0,55.04331811697575,55.464550641940086,55.27104136947219,54.91434579017985,55.1660961008621,55.0561605356186,54.998900172580804
132.0,55.05556633380885,55.430527817403714,55.27104136947219,54.91313742907986,55.155336478172984,55.03438444775271,54.99957769287316
133.0,55.06781455064194,55.396504992867335,55.28445078459344,54.912840702156984,55.14396504969483,55.010956817397904,55.00131098098305
134.0,55.080062767475034,55.362482168330956,55.28445078459344,54.91224238749579,55.13260986150106,54.986427552475384,55.004372042603315
135.0,55.092310984308135,55.328459343794584,55.2385877318117,54.912354795379514,55.121286917791544,54.96232475532248,55.00754699413775
136.0,55.10455920114123,55.294436519258205,55.118116975748926,54.914229990006994,55.109523131387306,54.93907605955838,55.00959385360258
137.0,55.11680741797432,55.26041369472183,54.766547788873034,54.91718664889444,55.097025544695896,54.917343994171944,55.009529343695
138.0,55.12905563480742,55.25677603423681,54.70870185449358,54.92076098154162,55.08515419409649,54.8981703156974,55.00933149114336
139.0,55.141303851640515,55.24957203994294,54.6716119828816,54.92435760412207,55.073332738943684,54.87933272833446,55.00900062847298
140.0,55.15355206847361,55.24251069900143,54.643366619115554,54.92754725082724,55.06151925820189,54.86307502614933,55.008204230386994
141.0,55.16580028530671,55.22868758915835,54.64201141226819,54.928959799707705,55.049705777460105,54.85078774123109,55.00759321515402
142.0,55.1780485021398,55.113009985734664,54.630670470756066,54.927904407174935,55.0378922967183,54.8419385933039,55.0085966102373
143.0,55.190296718972895,54.99733238231099,54.62168330955778,54.923735542326675,55.0260788159765,54.837551617988666,55.010406379165474
144.0,55.202544935805996,54.8816547788873,54.62168330955778,54.91585298694698,55.0142653352347,54.837209720946234,55.01302252193853
145.0,55.21479315263909,54.76597717546362,54.633024251069905,54.90271776520829,55.00245185449291,54.83831846719629,55.01491691855475
146.0,55.22704136947218,54.65029957203994,54.66833095577747,54.88537843443391,54.99063837375111,54.84390859925905,55.01531578264834
147.0,55.23928958630528,54.53462196861626,54.9518544935806,54.860185294799045,54.97882489300931,54.846673038422466,55.01439701525311
148.0,55.251537803138376,54.49614835948645,54.9518544935806,54.828516265010826,54.96701141226752,54.84656477763218,55.01426533523555
149.0,55.25677603423681,54.48644793152639,54.845506419400856,54.79485739539059,54.95486151106161,54.844588755893284,55.01426533523555
150.0,55.25677603423681,54.48644793152639,54.632667617689016,54.76502696920861,54.94239761742252,54.84092938728943,55.01426533523555
151.0,55.256134094151214,54.487089871611985,54.60057061340942,54.74688906479456,54.930352808810724,54.83511459601614,55.01426533523555
152.0,55.24479315263909,54.49843081312411,54.60057061340942,54.74016546047804,54.91806281620688,54.82620937072503,55.01426533523555
153.0,55.24251069900143,54.518830242510695,54.591512125534955,54.74425199636125,54.90630430818653,54.81523826001083,55.01426533523555
154.0,55.24251069900143,54.52924393723252,54.58630527817404,54.758610223380764,54.895263561278014,54.802667603698154,55.01426533523555
155.0,55.24251069900143,54.52924393723252,54.58630527817404,54.78283787136321,54.88476198190161,54.78958154861128,55.01426533523555
156.0,55.243081312410844,54.52867332382311,54.5848787446505,54.81391084701701,54.874434543531144,54.77578301954037,55.01426533523555
157.0,55.2657631954351,54.50599144079886,54.52817403708987,54.85015743476965,54.86442195935098,54.762088577518305,55.01426533523555
158.0,55.28844507845935,54.483309557774604,54.48017118402282,54.88984948415754,54.854838681784116,54.74931464367606,55.01426533523555
159.0,55.29386590584879,54.460627674750356,54.457917261055634,54.931202409825914,54.84577290249218,54.737128367963834,55.01426533523555
160.0,55.29386590584879,54.4379457917261,54.45506419400856,54.972375191528975,54.83728655237543,54.726110739852125,55.01426533523555
161.0,55.27118402282454,54.41526390870185,54.44372325249644,55.01147037412977,54.82941530157274,54.71704728545853,55.01426533523555
162.0,55.18088445078459,54.392582025677605,54.44372325249644,55.04653406760025,54.82216855946162,54.708691408480846,55.01426533523555
163.0,55.156918687589155,54.36990014265335,54.45199714693295,55.07555594702126,54.815529474658184,54.7020367391834,55.01426533523555
164.0,55.156918687589155,54.33637660485021,54.474179743223964,55.096469252582494,54.80945493501721,54.6980759285169,55.01426533523555
165.0,55.164407988587726,54.298502139800284,54.48687589158345,55.1071507895826,54.803875567632055,54.69752518118402,55.01426533523555
166.0,55.198430813124105,54.29764621968616,54.497360912981456,55.10769480141394,54.79869573883473,54.69921939376689,55.01426533523555
167.0,55.210627674750356,54.29764621968616,54.497360912981456,55.09698372178596,54.79360349740033,54.69842302524837,55.01426533523555
168.0,55.21398002853067,54.33295292439372,54.70042796005706,55.080256951688234,54.788535010150774,54.69813039700841,55.014905778957306
169.0,55.21398002853067,54.378316690442226,54.78744650499287,55.06302100068065,54.783665367287796,54.696708503566136,55.015302315373816
170.0,55.17439372325249,54.43223965763196,54.78744650499287,55.04930916418312,54.779606695209104,54.693577078277734,55.014380388988265
171.0,54.964586305278175,54.52296718972896,54.492582025677606,55.0418798228275,54.775857439604046,54.68872266723929,55.01247252509752
172.0,54.75477888730385,54.613694721825965,54.47218259629101,55.035176106239,54.7718709569302,54.68219111165554,55.00991124899844
173.0,54.544971469329525,54.70442225392297,54.464550641940086,55.027828024597824,54.768168055503715,54.67509948194242,55.00702908598789
174.0,54.33516405135521,54.79514978601997,54.44850213980028,55.0250264064919,54.76447051698522,54.6674576645042,55.00415856136273
175.0,54.1583452211127,54.85848787446505,54.425820256776035,55.03270581791508,54.76109034603436,54.659212193479995,55.00163220041982
176.0,54.1583452211127,54.86754636233951,54.41105563480742,55.02895403241647,54.75795724192259,54.65093538441957,54.999782528456024
177.0,54.1583452211127,54.86754636233951,54.41105563480742,55.01523229086107,54.75540823621351,54.644181874396295,54.99894207076821
178.0,54.16562054208274,54.871611982881596,54.415121255349504,54.992975882302616,54.75343839347728,54.63883843610075,54.99944335265323
179.0,54.17416445893622,54.871611982881596,54.419472182596294,54.96359414398361,54.752030420278764,54.63415370280749,54.99966481450093
180.0,54.17821479519055,54.86875891583452,54.43081312410841,54.92847046133532,54.75115466517743,54.63147516343979,54.998886705306276
181.0,54.18226513144488,54.84607703281027,54.44215406562054,54.88896226797778,54.750769118727426,54.630889090865175,54.99951185286437
182.0,54.18631546769921,54.734807417974324,54.453495007132666,54.84640104571975,54.75081941347751,54.63196887741212,55.00120773187838
183.0,54.19036580395354,54.610057061340946,54.46483594864479,54.80209232455879,54.751238823971114,54.634820079099896,55.0036418170514
184.0,54.19441614020787,54.48530670470756,54.46483594864479,54.75731568268119,54.75194826674633,54.639116467904195,55.006481583086604
185.0,54.1984664764622,54.384736091298144,54.45256776034237,54.71332474646202,54.75337463705093,54.64414169922041,55.00945435924055
186.0,54.20251681271653,54.384736091298144,54.39586305278174,54.6713471904651,54.75460783385551,54.649965770656195,55.013044634870774
187.0,54.206567148970855,54.39607703281027,54.33915834522111,54.6324446156497,54.75556201177068,54.655974326126625,55.0147952142961
188.0,54.210617485225185,54.4074179743224,54.326176890156916,54.597553544638345,54.755129947923166,54.65995672832701,55.014649235690776
189.0,54.214667821479516,54.41875891583452,54.326176890156916,54.56842672698728,54.75540998498785,54.66234625358839,55.012461385500075
190.0,54.218718157733846,54.43009985734665,54.34600570613409,54.54677229552314,54.75596292411791,54.663192007494345,55.00915809767468
191.0,54.22276849398818,54.44144079885877,54.35734664764622,54.533738745304035,54.756076594450164,54.661462562937714,55.00672578596989
192.0,54.22681883024251,54.4527817403709,54.52639087018545,54.52841534796245,54.75621194958426,54.65878861701728,55.00465548347163
193.0,54.23086916649684,54.464122681883026,54.71597717546363,54.53117365142617,54.756160590996444,54.65599535805271,55.00327075576736
194.0,54.23491950275117,54.61654778887304,54.82774607703281,54.5438425322299,54.75639484806348,54.652451245336515,55.002865795376664
195.0,54.2389698390055,55.08815977175463,54.82774607703281,54.55922505113516,54.75724551019607,54.64760203398711,55.00370542175124
196.0,54.2389698390055,55.08815977175463,54.793723252496434,54.56076866926467,54.75836670189019,54.64408315025542,55.005873782264814
197.0,54.235164051355206,55.06804564907276,54.58423680456491,54.5627432520121,54.75980932705231,54.641761267585586,55.00732026730618
198.0,54.22382310984308,55.06804564907276,54.44621968616262,54.564768452616505,54.76161038683287,54.6401373090973,55.00906070470995
199.0,54.21540656205421,55.07460770328103,54.44621968616262,54.56656360445442,54.76379297962633,54.64005586284692,55.01019572438991
200.0,54.21540656205421,55.07460770328103,54.47218259629101,54.568925076044366,54.766366301071116,54.642503797171344,55.010404864327995
201.0,54.21829334716639,54.92339514978602,54.47218259629101,54.57160251285149,54.7693256440496,54.64691059192913,55.01066728220811
202.0,54.22118013227857,54.70413694721825,54.46376604850214,54.57447070263288,54.77265239868816,54.653136345172875,55.010999419558786
203.0,54.22406691739074,54.484878744650494,54.46376604850214,54.57783327924835,54.77641423089536,54.66021741228897,55.01137144147147
204.0,54.226953702502925,54.37089871611983,54.53894436519259,54.581568061663845,54.78064662913186,54.66803105263557,55.01196843522111
205.0,54.2298404876151,54.33937232524964,54.83380884450785,54.58548851394952,54.785163057467784,54.67667780907887,55.0133535139243
206.0,54.232727272727274,54.33937232524964,54.85406562054208,54.579647421110124,54.78789571848676,54.68590679079323,55.01355506120145
207.0,54.235614057839456,54.32146932952924,54.85734664764622,54.5736029774592,54.790667441295305,54.69352251651826,55.01284196070233
208.0,54.23850084295163,54.31526390870185,54.91383737517832,54.57528397263904,54.793325662819775,54.700066546692305,55.01099544772885
209.0,54.24138762806381,54.31526390870185,55.03416547788873,54.583775454575736,54.79735523237879,54.70554615621664,55.00764991071713
210.0,54.24427441317599,54.31526390870185,55.13623395149786,54.59967908824901,54.80187005767158,54.70968154119649,55.00499020713018
211.0,54.24716119828816,54.379029957204,55.142653352353776,54.621682285608095,54.806053577665196,54.7116386761725,55.004558256769556
212.0,54.25004798340034,54.46248216833096,55.142653352353776,54.64782428088833,54.80991278745703,54.71341239969547,55.00468411759441
213.0,54.25293476851252,54.51975748930099,55.04707560627674,54.67627353775249,54.81355114085553,54.71437662723386,55.0049185479287
214.0,54.2558215536247,54.52924393723252,54.84668330955777,54.70532774929078,54.81721889115073,54.714300590525454,55.00672914817012
215.0,54.258708338736874,54.52924393723252,54.78147289586305,54.7332655139761,54.821216759879555,54.71370675339277,55.00964689138743
216.0,54.26159512384905,54.52924393723252,54.716262482168325,54.75684501988639,54.82569773948576,54.714927631053655,55.01140013101514
217.0,54.26448190896123,54.52924393723252,54.651052068473604,54.77558686301993,54.83078969988903,54.71589677847719,55.01305993103442
218.0,54.267368694073404,54.557988587731806,54.58584165477888,54.78892462969053,54.836595388485065,54.71732209951719,55.01364434424366
219.0,54.270255479185586,54.63170470756062,54.517261055634805,54.797155425000454,54.8431924301455,54.72080675390575,55.01262382410759
220.0,54.27314226429776,54.705420827389446,54.426533523537806,54.800851121476654,54.85063332721789,54.72623086899095,55.01172101792661
221.0,54.276029049409935,54.77913694721826,54.39529243937233,54.79936441612554,54.85894545952581,54.73280427857395,55.0104723854369
222.0,54.27891583452212,54.85285306704708,54.39529243937233,54.79297052405803,54.86813108436877,54.74024717875997,55.00774285153761
223.0,54.28180261963429,54.9055634807418,54.400855920114125,54.78176810879081,54.878167336522246,54.74827976565423,55.004284255924944
224.0,54.28468940474647,54.920684736091296,54.408844507845934,54.76506023581909,54.888844536561976,54.75662223536197,55.0017354495245
225.0,54.28757618985865,54.935805991440795,54.488231098430816,54.74267889326714,54.89980017829332,54.764994783988385,54.9998483684648
226.0,54.29046297497082,54.9509272467903,54.538944365192584,54.714479463973824,54.91077028883132,54.77311760763872,54.99895553804272
227.0,54.293349760083004,54.963837375178315,54.56440798858773,54.696054931929,54.923137968280905,54.78071090241818,54.999389483555134
228.0,54.29623654519518,54.963837375178315,54.57945791726106,54.68681585395745,54.93574495860198,54.787494864432006,55.00000000000017
229.0,54.29912333030736,54.921754636233956,54.601355206847366,54.682018476279545,54.94823161606736,54.79318570257991,54.99996408726811
230.0,54.302010115419534,54.61554921540655,54.61269614835949,54.68234111607799,54.96087408871301,54.7968758496122,54.99902137805151
231.0,54.30489690053171,54.57203994293866,54.614835948644796,54.68594864323802,54.97289586305211,54.79816299416215,54.99909370230357
232.0,54.30778368564389,54.57203994293866,54.614835948644796,54.69166860897137,54.98483369622277,54.798702875777124,55.00037808126271
233.0,54.310670470756065,54.575392296718974,54.61818830242511,54.69867510472241,54.99677152939343,54.799472243219796,55.002541989632036
234.0,54.31355725586825,54.587232524964335,54.61818830242511,54.70600710774367,55.00874265363149,54.800105672603586,55.00525888757005
235.0,54.31644404098042,54.611804564907274,54.6055634807418,54.712225138399916,55.02136261512115,54.80040485291808,55.00913446990497
236.0,54.319330826092596,54.63637660485021,54.57403708987161,54.71697377268488,55.034262620547864,54.802025966733446,55.01188412158473
237.0,54.32221761120478,54.66094864479315,54.54001426533523,54.72212386338021,55.04713826050417,54.804696228569256,55.01301936294821
238.0,54.32510439631695,54.68552068473609,54.51504992867332,54.72724870954636,55.05968470410953,54.80913988749019,55.0124200415215
239.0,54.327991181429134,54.71009272467903,54.51504992867332,54.73202300651187,55.07163762872415,54.81566281578717,55.01020392668056
240.0,54.33087796654131,54.73466476462197,54.526390870185445,54.72888787537633,55.08277321994892,54.82313194758832,55.00655019413952
241.0,54.33376475165348,54.75923680456491,54.537731811697576,54.72933671813074,55.09290817162544,54.83126747899888,55.00389758442557
242.0,54.336651536765665,54.783808844507845,54.57132667617689,54.73495724466881,55.101899685836,54.84006073609809,55.00212794021655
243.0,54.33953832187784,54.808380884450784,54.65706134094152,54.74481898579209,55.109645472903615,54.84933646837986,55.001364572976726
244.0,54.34242510699002,54.83295292439372,54.83851640513553,54.758597278823544,55.116083751392,54.85801202130733,55.00191091203946
245.0,54.345311892102195,54.85752496433666,55.01997146932953,54.77553368939866,55.121193248105534,54.86585422496819,55.00402588376927
246.0,54.34819867721437,54.8820970042796,55.12824536376605,54.79471744547681,55.124993198089356,54.872629909450126,55.00555283993248
247.0,54.35108546232655,54.90666904422254,55.18159771754636,54.81528391157073,55.12754334462929,54.87810590484082,55.006918687589334
248.0,54.353972247438726,54.93124108416548,55.204279600570615,54.836414588746415,55.12894393925184,54.88200225801676,55.00819674856782
249.0,54.35685903255091,54.95581312410842,55.21754636233951,54.85733711462322,55.12933574172423,54.88382045792327,55.00955810713317
250.0,54.35974581766308,54.980385164051356,55.21754636233951,54.877325263373805,55.128900020054395,54.883518875958686,55.01087557235934
251.0,54.36263260277526,55.004957203994294,54.926319543509265,54.895698945724156,55.12785855049096,54.88204916403079,55.01205132638816
252.0,54.36551938788744,55.029529243937226,54.65221112696148,54.911575407330325,55.12647361752326,54.88051612004576,55.013016924429365
253.0,54.36840617299961,55.054101283880165,54.58630527817404,54.92424668423249,55.125048013881326,54.87884859609106,55.01373329476057
254.0,54.371292958111795,55.078673323823104,54.58630527817404,54.933438309536115,55.12392504053592,54.87665152461188,55.01419073872729
255.0,54.37417974322397,55.10324536376604,54.606990014265335,54.938258328012495,55.12343477374757,54.874802222948,55.01501346173261
256.0,54.377066528336144,55.12781740370898,54.65934379457917,54.93974639507589,55.1229557774601,54.87470637146045,55.014890316531
257.0,54.379953313448326,55.14714693295292,54.70492154065621,54.93755511087395,55.12250213979961,54.87576352653569,55.013564870697714
258.0,54.3828400985605,55.158487874465045,54.71626248216833,54.931085345316966,55.12204850213913,54.8776883970137,55.01244409418464
259.0,54.38572688367268,55.16119828815977,54.718972895863054,54.920123328229344,55.12159486447865,54.88053476742088,55.01259971602357
260.0,54.388613668784856,55.16982881597717,54.72175463623395,54.905152467473286,55.12114122681815,54.88433664947515,55.01197456846547
261.0,54.39150045389703,55.19222539229672,54.72175463623395,54.89873607450924,55.12068758915767,54.88910828208579,55.01053805918302
262.0,54.39438723900921,55.212196861626246,54.72175463623395,54.89488819735807,55.1202339514972,54.89484413135357,55.0086227134731
263.0,54.39727402412139,55.212196861626246,54.72482168330956,54.89237997462112,55.1197803138367,54.901081277279225,55.006561056632556
264.0,54.40016080923357,54.928673323823105,54.72724679029957,54.8914115593511,55.11932667617621,54.90718043014185,55.00468561395826
265.0,54.40304759434574,54.635520684736086,54.75784593437945,54.89136451032619,55.11887303851572,54.9135564147601,55.00332891074705
266.0,54.40593437945792,54.574964336661914,54.9527817403709,54.89193043702036,55.11839802943376,54.920077972018,55.00129535229409
267.0,54.4088211645701,54.548502139800284,54.98088445078459,54.89288226691452,55.117909534736754,54.92651406006732,54.999354069611016
268.0,54.411707949682274,54.55570613409415,55.10563480741798,54.894186062127915,55.11742039276004,54.93252248340812,54.99894057440437
269.0,54.414594734794456,54.55570613409415,55.10563480741798,54.89575968855894,55.11630799320382,54.93814785677144,54.99985634907193
270.0,54.41748151990663,54.604136947218265,55.128388017118404,54.8974728158851,55.11531718336274,54.94414286973336,55.00000000000017
271.0,54.420368305018805,54.629894793152644,55.134736091298144,54.899304412180314,55.11468323167835,54.95055906061682,55.00000000000017
272.0,54.423255090130986,54.63131241084166,55.14950071326676,54.90107449358925,55.114431721553416,54.95728805981891,55.00000000000017
273.0,54.42614187524316,54.63273002853067,55.17268188302425,54.90267644472399,55.11457933862686,54.96422891253993,55.00000000000017
274.0,54.42902866035534,54.63414764621969,55.206704707560625,54.90428036225832,55.11513387077376,54.9712880787834,55.00000000000017
275.0,54.43191544546752,54.6355652639087,55.22225392296719,54.90579179294693,55.11609420810534,54.97837943335602,55.00000000000017
276.0,54.43480223057969,54.636982881597724,55.22225392296719,54.90813334738503,55.11745034296896,54.98542426586774,55.00000000000017
277.0,54.43768901569187,54.63840049928674,55.20171184022824,54.91101962948612,55.11918336994812,54.99235128073171,55.00000000000017
278.0,54.44057580080405,54.63981811697575,55.155349500713264,54.91413071069966,55.12126548586247,54.99909659716426,55.00000000000017
279.0,54.44346258591623,54.64123573466477,55.03059914407988,54.91739965183001,55.12365998976783,55.005603749184985,55.00000000000017
280.0,54.446349371028404,54.64265335235378,55.03059914407988,54.92075333467882,55.12632128295614,55.01182368561664,54.99931167263567
281.0,54.44923615614058,54.64900142653352,55.06761768901569,54.92411246204509,55.12919486895551,55.01771477008525,54.998974990772595
282.0,54.45212294125276,54.66305278174037,55.17660485021398,54.927391557725116,55.13223968188095,55.023242781019974,54.999943470699705
283.0,54.455009726364935,54.685734664764624,55.19928673323823,54.930498966512545,55.135475489877656,55.0285922335448,55.001884587120145
284.0,54.45789651147712,54.71954350927247,55.23309557774608,54.93333685419833,55.13875196830313,55.03362633464448,55.00446581473703
285.0,54.46078329658929,54.934022824536385,55.25071326676177,54.93580120757075,55.141917309554294,55.03857096378539,55.0080130283413
286.0,54.463670081701466,55.09878744650499,55.252068473609135,54.93778183441542,55.14481822306738,55.04279547407807,55.011250993419495
287.0,54.46655686681365,55.127139800285306,55.252068473609135,54.93944793836536,55.14733442954214,55.046242443545395,55.01281801888096
288.0,54.46944365192582,55.15549215406562,55.22938659058488,54.94111280651478,55.14933048057651,55.04830958808603,55.01271410472569
289.0,54.472330437038,55.18384450784593,55.206704707560625,54.942812871662454,55.150666940562914,55.0502606583126,55.01093925095369
290.0,54.47521722215018,55.212196861626246,55.19186875891583,54.94460310361521,55.15222761673701,55.05250796158598,55.007493457564955
291.0,54.47810400726235,55.24054921540656,55.13131241084165,54.94655700918793,55.15368161767622,55.05476223897145,55.004116663175324
292.0,54.480990792374534,55.26890156918687,55.002567760342366,54.948512430365064,55.154894726115614,55.056900598266694,55.0015977840516
293.0,54.48387757748671,55.29725392296719,54.85513552068474,54.95025736906237,55.155864540405105,55.05891246521621,54.99976058178643
294.0,54.48676436259889,55.29957203994294,54.85513552068474,54.95184532223004,55.1565960736978,55.06079591616822,54.9989375816767
295.0,54.489651147711065,55.29957203994294,54.954707560627675,54.9532555571767,55.15710175395003,55.06255767807468,54.99946130901925
296.0,54.49253793282324,55.22196861626248,55.088445078459344,54.95447352021368,55.15740142392134,55.06421312849133,55.00000000000017
297.0,54.49542471793542,55.22196861626248,55.088445078459344,54.95549083665494,55.15752234117447,55.06578629557763,54.99989226180399
298.0,54.498311503047596,55.29072753209701,55.15342368045649,54.95630531081715,55.15749917807538,55.067309858096785,54.999643865407236
299.0,54.50119828815978,55.320970042796006,55.055634807417974,54.956920926019635,55.157374021793245,55.06882514541575,54.99984437816124
300.0,54.50408507327195,55.320970042796006,55.03566333808844,54.95734784458443,55.157196374300455,55.07038213750521,55.00077046111301
301.0,54.50697185838413,55.30962910128388,54.86319543509273,54.95760240783619,55.15702315237259,55.072039464939664,55.00145380059806
302.0,54.50985864349631,55.29700427960057,54.84179743223966,54.957707136102314,55.15688678994448,55.07386440889728,55.00181658569693
303.0,54.51274542860848,55.27432239657632,54.830456490727535,54.95769072871282,55.15623864753921,55.07593290116,55.001082203578804
304.0,54.515632213720664,55.27432239657632,54.830456490727535,54.95758806400042,55.155826986059026,55.07798844316579,55.00120274399892
305.0,54.51851899883284,55.30492154065621,54.8348787446505,54.957440199300535,55.15581754267758,55.07998215084253,55.00226931888861
306.0,54.52140578394501,55.35392296718973,54.96134094151213,54.9572943709512,55.1561636834124,55.08130798061265,55.003949402951
307.0,54.524292569057195,55.3860912981455,55.243437945791726,54.957203994293195,55.15683073589756,55.082232480661375,55.005958354532
308.0,54.52717935416937,55.39743223965763,55.247432239657634,54.957203994293195,55.157753459191554,55.082675592099335,55.00907993575628
309.0,54.53006613928155,55.39942938659058,55.247432239657634,54.957203994293195,55.15888591882168,55.08367332382243,55.01147179021661
310.0,54.532952924393726,55.39942938659058,55.24251069900143,54.957203994293195,55.15777789539837,55.08480741797364,55.01259888471032
311.0,54.5358397095059,55.385449358059915,55.24251069900143,54.957203994293195,55.15511809706235,55.085941512124855,55.01155641790466
312.0,54.53872649461808,55.34122681883024,55.24251069900143,54.957203994293195,55.15539498633323,55.08707560627607,55.01013487226058
313.0,54.54161327973026,55.31854493580599,55.24251069900143,54.957203994293195,55.15824627545972,55.08827309699475,55.0081984111943
314.0,54.54450006484244,55.313837375178316,55.23352353780314,54.957203994293195,55.16410213378382,55.08949876396563,55.007763966893954
315.0,54.54738684995461,55.30777460770328,55.07061340941512,54.957203994293195,55.172160019613564,55.091238633549025,55.00873577207403
316.0,54.55027363506679,55.233666191155486,54.851069900142654,54.957203994293195,55.18166373377711,55.09379220550223,55.00986885202309
317.0,54.55316042017897,54.995506419400854,54.840370898716124,54.957203994293195,55.19190341962262,55.09546000926083,55.0109217933756
318.0,54.556047205291144,54.75734664764622,54.83445078459344,54.957203994293195,55.202215563018385,55.09680945214797,55.01274901988186
319.0,54.558933990403325,54.70042796005706,54.840370898716124,54.95727775759495,55.211982992352745,55.09834118160984,55.013114206552316
320.0,54.5618207755155,54.70042796005706,54.977175463623404,54.95741620223039,55.22063487853412,55.101115939208064,55.012588206953566
321.0,54.564707560627674,54.74600570613409,55.20527817403709,54.95756494131746,55.227617827751104,55.10367464256484,55.01160631517281
322.0,54.567594345739856,54.757346647646216,55.227960057061345,54.95767576697678,55.232340171351225,55.10473669420824,55.01136159502795
323.0,54.57048113085203,54.813480741797434,55.25064194008559,54.95770665033166,55.23392183281743,55.10319998157224,55.01115066314797
324.0,54.57336791596421,54.8453637660485,55.26504992867333,54.95762174150809,55.23332543081572,55.09814087699667,55.01098783659428
325.0,54.57625470107639,54.8453637660485,55.26504992867333,54.95739136963472,55.23047411254297,55.08881423772725,55.010916805496144
326.0,54.57914148618856,54.843081312410845,55.25677603423681,54.9569920428429,55.22492641740424,55.07465340591556,55.00980024097018
327.0,54.58202827130074,54.843081312410845,55.25677603423681,54.95640644826662,55.21679076940873,55.052281513296045,55.00808640559015
328.0,54.58491505641292,55.19001426533524,55.213409415121255,54.955623452042566,55.20572395910051,55.023149258122615,55.00661481488888
329.0,54.5878018415251,55.307489300998576,55.19971469329529,54.95463809931012,55.19143138295739,54.98581851832712,55.004781935452584
330.0,54.590688626637274,55.31176890156919,55.139800285306706,54.95345161421132,55.17459926003127,54.94297140521824,55.00341980099486
331.0,54.59357541174945,55.31176890156919,55.02853067047076,54.952071399890855,55.159730854134686,54.89772030187486,55.00308426449671
332.0,54.59646219686163,55.30042796005706,55.02853067047076,54.950511038496145,55.149972340218476,54.852989749694544,55.005509205224065
333.0,54.599348981973804,54.90114122681882,55.1753209700428,54.94879029117725,55.14313026809876,54.81151644839342,55.006213161277515
334.0,54.602235767085986,54.79065620542083,55.25848787446505,54.946871302798904,55.1399529882816,54.775746931722004,55.00509558070203
335.0,54.60512255219816,54.79065620542083,55.28994293865906,54.944779768685436,55.13984624226299,54.74913261181168,55.002737311296684
336.0,54.608009337310335,54.80542082738945,55.301283880171184,54.94260895680179,55.14398512895528,54.734477991080205,55.000601944681996
337.0,54.61089612242252,54.839443651925826,55.31262482168331,54.94045213511289,55.151744274162375,54.73062449020385,54.99862583921088
338.0,54.61089612242252,54.863338088445076,55.313837375178316,54.93840257158365,55.16418810436324,54.73722604772557,54.99671598016836
339.0,54.60763195435093,55.02289586305278,55.313837375178316,54.936553534179,55.18022243393612,54.75400468780269,54.99501727468934
340.0,54.60057061340942,55.26533523537803,55.288159771754636,54.934879234306635,55.19789297840719,54.78036126035954,54.99481626314739
341.0,54.60057061340942,55.48773181169758,55.226890156918685,54.933371849116,55.21520347105991,54.81355625875833,54.996491691855624
342.0,54.60057061340942,55.49578524186227,55.21554921540656,54.932049274397876,55.22830561153972,54.852243369918355,55.00002094909388
343.0,54.60057061340942,55.49578524186227,55.194436519258204,54.93092322694034,55.23702621289425,54.894797696009675,55.00084544556745
344.0,54.5946362339515,55.475165348203866,55.02796005706133,54.9299992445288,55.24197144694453,54.93931575445311,55.000592560079184
345.0,54.584807417974325,55.45454545454545,54.8416547788873,54.929276685946036,55.243235794139075,54.98361547792026,55.00000000000017
346.0,54.574978601997145,55.43392556088705,54.80028530670471,54.928748730972075,55.2404475816376,55.02523621433346,55.00000000000017
347.0,54.56514978601997,55.413305667228634,54.80028530670471,54.92840238038433,55.23389745573584,55.061438726865845,55.00000000000017
348.0,54.5553209700428,55.39268577357022,54.82853067047076,54.92821845595749,55.22361689437196,55.094029053059224,55.000682341909325
349.0,54.54549215406562,55.372065879911816,54.84957203994294,54.928171600463614,55.21033516642568,55.1217207278874,55.00051175643205
350.0,54.53566333808845,55.3514459862534,54.853780313837376,54.92823027767204,55.19543083570761,55.14779212031749,54.99899544107835
351.0,54.525834522111275,55.330826092595,54.85977175463624,54.928356772349474,55.17969155018152,55.173312531467545,54.99783426274172
352.0,54.516005706134095,55.310206198936584,55.1546362339515,54.92850719025991,55.16396851326732,55.19905604269864,54.99663916682479
353.0,54.50617689015692,55.28958630527817,55.1546362339515,54.92863145816467,55.14917648384102,55.225884477209846,54.99640008113634
354.0,54.49634807417974,55.268966411619765,55.06262482168331,54.92867332382244,55.136293776234695,55.25474740003821,54.997454186327396
355.0,54.48651925820257,55.24834651796135,54.820613409415124,54.92867332382244,55.12636226023653,55.286682118058835,54.998621350119386
356.0,54.4766904422254,55.24834651796135,54.789728958630526,54.92867332382244,55.12048736109085,55.320984928362535,54.9999015725123
357.0,54.46686162624822,55.27475035663338,54.789728958630526,54.92867332382244,55.118083928909684,55.35452663010184,55.00129485350615
358.0,54.457032810271045,55.28530670470756,54.80028530670471,54.92867332382244,55.119653612104386,55.3864016799419,55.002801193100936
359.0,54.44720399429387,55.28530670470756,54.80028530670471,54.92867332382244,55.12289586305211,55.41797959203591,55.002695782581824
360.0,54.43737517831669,55.28530670470756,54.79743223965763,54.92867332382244,55.126195054092406,55.449617689947694,55.00147142443879
361.0,54.42754636233952,55.28530670470756,54.79728958630528,54.92867332382244,55.12838801711773,55.481364449702006,55.00066338796741
362.0,54.423466476462195,55.28906324298621,54.79728958630528,54.92867332382244,55.12838801711773,55.51445709417059,54.99964985086258
363.0,54.423466476462195,55.292843556823584,54.80863052781741,54.92867332382244,55.12838801711773,55.548970470895284,54.999185978073456
364.0,54.434807417974326,55.29662387066096,54.80863052781741,54.92867332382244,55.12845181240573,55.58394415300729,54.99973963269272
365.0,54.44614835948645,55.302068473609125,54.809129814550644,54.92867332382244,55.128480165867074,55.6316553758016,55.00057693139023
366.0,54.457489300998574,55.31340941512126,54.81412268188303,54.92867332382244,55.12847680822034,55.70008330694559,55.00113906540457
367.0,55.429172610556385,55.31340941512126,54.81455064194009,54.92867332382244,55.128381674896104,55.745363474585425,55.00137848361831
368.0,55.75948644793153,55.28987161198288,54.81455064194009,54.92867332382244,55.12829773372768,55.767382771882815,55.00146161494253
369.0,55.78245363766049,55.16469329529244,54.81455064194009,54.92867332382244,55.12822498471503,55.768195289749464,55.00138845937722
370.0,55.78245363766049,54.966606147062635,54.80599144079886,54.92867332382244,55.12816342785818,55.74985944439894,55.00115901692238
371.0,55.771112696148364,54.940831279989624,54.76062767475035,54.92867332382244,55.12811306315713,55.71470799976366,55.00077328757803
372.0,55.70699001426534,54.91505641291661,54.74693295292439,54.927985530873585,55.12807389061186,55.66528318796675,55.000231271344134
373.0,55.57788873038516,54.8892815458436,54.735592011412265,54.92688738802531,55.12804591022238,55.60406668690513,54.999532968220734
374.0,55.46148359486448,54.863506678770584,54.735592011412265,54.9257789274084,55.12802912198869,55.53365016072334,54.99955591246621
375.0,55.46148359486448,54.83773181169757,54.74322396576319,54.92501383863362,55.1280235259108,55.456735259813556,55.00004938000676
376.0,55.64992867332383,54.81195694462456,54.74322396576319,54.92489946879164,55.12802912198869,55.376133620815615,55.00006584000894
377.0,55.68067047075606,54.78618207755155,54.78402282453638,54.925696822453034,55.12804591022238,55.29476686661696,55.00000000000017
378.0,55.692011412268194,54.76040721047854,54.8148359486448,54.927620561668334,55.12807389061186,55.21586353233385,55.00000000000017
379.0,55.69900142653353,54.73463234340552,54.8148359486448,54.93083900596801,55.12811306315713,55.14265498842866,55.00033518549941
380.0,55.69900142653353,54.70885747633251,54.81312410841655,54.936228378736274,55.12816342785818,55.078485221768005,55.001113294694065
381.0,55.69900142653353,54.6830826092595,54.80178316690442,54.943483499419585,55.12822498471503,55.02681562026939,55.00048814713597
382.0,55.55135520684736,54.65730774218649,54.7904422253923,54.952237514022556,55.12829773372768,54.991224972901094,54.998792268121974
383.0,55.49928673323823,54.63153287511348,54.7904422253923,54.964236787465104,55.128381674896104,54.97347882280839,54.99580752105734
384.0,55.49928673323823,54.63153287511348,54.8938659058488,54.97794045524337,55.12847680822034,54.97541667463263,54.992466473137114
385.0,55.50035663338088,54.67831669044223,55.17439372325249,54.991864779481986,55.128480165867074,54.99956240613872,54.99038631957693
386.0,55.50035663338088,54.74636233951498,55.20841654778887,55.0027062088633,55.12845181240573,55.02736259413585,54.98968809958484
387.0,55.49311971908263,54.77646219686162,55.21398002853067,55.01046474338729,55.12838801711773,55.027412842251955,54.990225190287774
388.0,55.46869307582574,54.923823109843084,55.21398002853067,55.015140383053975,55.12838801711773,55.026647539738086,54.991884013513996
389.0,55.44426643256886,55.1583452211127,55.206704707560625,55.01673312786334,55.12838801711773,55.025935916824196,54.99458403579319
390.0,55.41983978931197,55.371611982881596,55.18402282453637,55.01524297781538,55.12838801711773,55.02491588006729,54.99743049389999
391.0,55.395413146055084,55.38295292439372,55.16134094151212,55.010669932910126,55.12838801711773,55.02343912951697,54.9984723164379
392.0,55.370986502798196,55.38295292439372,55.156918687589155,55.003013993147555,55.12838801711773,55.02130113629848,54.998257484313285
393.0,55.346559859541316,55.37895863052781,55.156918687589155,54.99338528048019,55.12838801711773,55.01817626308463,54.99650511756449
394.0,55.32213321628443,55.36761768901569,55.156918687589155,54.982415277323064,55.12838801711773,55.01388778651269,54.994359331823844
395.0,55.29770657302754,55.35663338088445,55.156918687589155,54.97067714446689,55.12838801711773,55.00830223623869,54.992703792284914
396.0,55.27327992977066,55.35663338088445,55.156918687589155,54.95879038522244,55.12838801711773,55.00132939493739,54.99036422742752
397.0,55.24885328651377,55.35663338088445,55.06918687589158,54.94742084542058,55.12838801711773,54.992922298302304,54.98896556368042
398.0,55.22442664325688,55.34493580599144,54.944079885877315,54.93728071341221,55.12838801711773,54.98307723504563,54.98845037808143
399.0,55.2,55.31640513552068,54.828459343794584,54.92912852006833,55.1282644137472,54.971833746898355,54.988869526218124
400.0,55.175573356743115,55.293723252496434,54.794436519258205,54.92376913878003,55.12796625938033,54.959274628610174,54.991468502372726
401.0,55.15114671348623,55.293723252496434,54.794436519258205,54.92083640534625,55.12775656967818,54.945525927949504,54.995598778302224
402.0,55.12672007022934,55.29957203994294,54.80028530670471,54.92065896304298,55.127499396218795,54.930756945703536,55.001255137516004
403.0,55.10229342697246,55.32154065620542,54.80028530670471,54.9236036658656,55.127566769369565,54.915180235678136,55.006201160347196
404.0,55.07786678371557,55.35663338088445,54.80542082738945,54.926626558332146,55.1271718805784,54.89905160469798,55.00920070478754
405.0,55.05344014045868,55.35663338088445,54.828102710413695,54.92867332382244,55.126392536054254,54.88271945135985,55.01118274260232
406.0,55.0290134972018,55.35663338088445,54.83502139800286,54.92867332382244,55.12576119224579,54.86666784806022,55.012526061670314
407.0,55.004586853944915,55.34564907275321,54.83502139800286,54.92867332382244,55.12574439623978,54.85135520684668,55.01300223789542
408.0,54.98016021068803,55.345221112696144,54.803138373751786,54.92867332382244,55.126742785761095,54.835388663931056,55.011559078107034
409.0,54.955733567431146,55.18901569186874,54.75748930099857,54.92867332382244,55.12909108917277,54.819046437652716,55.00911618101364
410.0,54.93130692417426,54.62196861626247,54.75748930099857,54.92867332382244,55.133058125475934,54.80059560922335,55.007201666616965
411.0,54.90688028091737,54.62196861626247,54.789372325249644,54.92867332382244,55.13884680430982,54.7804595499161,55.0054118492066
412.0,54.88245363766048,54.746932952924396,54.92353780313837,54.92867332382244,55.1465941259518,54.76066511251081,55.00407925407943
413.0,54.8580269944036,54.96241084165478,55.08109843081313,54.9284460531089,55.15749823140553,54.74299693288229,55.00182672771848
414.0,54.833600351146714,55.17788873038517,55.19843081312411,54.92830756417118,55.17093816328676,54.728997430000554,54.99947527508172
415.0,54.809173707889826,55.393366619115554,55.27781740370899,54.92830286812915,55.189734365581046,54.719982754752614,54.998879223487094
416.0,54.784747064632946,55.41009272467903,55.28530670470756,54.92841648250062,55.21298431528111,54.720266755705815,54.999694741777645
417.0,54.76032042137606,55.41009272467903,55.29265335235378,54.92888651107326,55.23368675933185,54.72876778095392,55.00000000000017
418.0,54.73589377811917,55.40820256776034,55.29957203994294,54.92955659010387,55.24968422316863,54.744084899029765,55.00000000000017
419.0,54.712734555031275,55.40631241084165,55.29957203994294,54.93028518545569,55.26093007280897,54.76568398178596,55.00000000000017
420.0,54.69790409305388,55.40442225392297,55.29957203994294,54.93084989966631,55.26757717444736,54.79245575251092,55.00000000000017
421.0,54.68307363107649,55.402532097004276,55.27974322396577,54.93103412721403,55.26985508386251,54.823232233967616,55.00000000000017
422.0,54.66824316909909,55.40064194008559,55.23609129814551,54.93087610796446,55.26766987244139,54.8567867483936,55.00000000000017
423.0,54.653412707121696,55.3987517831669,55.195649072753206,54.93033483607389,55.262662577072994,54.89183391750102,55.00000000000017
424.0,54.6385822451443,55.39686162624822,55.195649072753206,54.929492576802,55.25700976893779,54.927029662476556,55.00000000000017
425.0,54.6237517831669,55.394971469329526,55.19793152639087,54.92842696115648,55.2495814056004,54.960971203981494,55.00000000000017
426.0,54.60892132118951,55.39308131241084,55.2188302425107,54.92721098589302,55.23930991343577,54.99219706215169,55.00000000000017
427.0,54.594090859212116,55.39119115549215,55.2348787446505,54.92591301351525,55.22513062567036,55.01918705659759,55.00000000000017
428.0,54.57926039723472,55.38930099857346,55.246219686162625,54.92459677227487,55.20624848212796,55.04036230640418,55.00000000000017
429.0,54.56442993525732,55.38741084165478,55.257560627674756,54.9233213561715,55.17789874373683,55.05544955392196,54.99996408726811
430.0,54.54959947327993,55.38741084165478,55.26184022824537,54.922141224952796,55.14245518383541,55.06332098543134,54.99902137805151
431.0,54.53476901130254,55.440370898716125,55.26184022824537,54.92069103634165,55.09791972540185,55.06647317450043,54.99909370230357
432.0,54.51993854932514,55.47075606276748,55.131241084165474,54.91910707815182,55.049263382566224,55.066965403180426,55.00037808126271
433.0,54.50510808734774,55.49757489300999,55.131241084165474,54.917861332919784,55.00126356070803,55.06591019507394,55.002793378756465
434.0,54.490277625370354,55.584878744650496,55.19971469329529,54.91801248531546,54.95668495806837,55.06650456616572,55.006387145902295
435.0,54.490277625370354,55.584878744650496,55.19971469329529,54.91931378094738,54.91915980486409,55.067284349308366,55.00876885834107
436.0,54.7168806466952,55.558345221112695,55.19971469329529,54.921649954601136,54.889688060627236,55.0700221488093,55.00993851607278
437.0,55.03064669519734,55.524322396576316,55.21747503566334,54.92494322079397,54.86592543505941,55.070458106594344,55.00989611909743
438.0,55.344412743699486,55.49029957203994,55.26647646219687,54.92870649690586,54.85090929270638,55.0679825649523,55.00864166741502
439.0,55.64479315263909,55.456276747503566,55.32239657631954,54.93269145698017,54.84594743697233,55.064424263846924,55.00617516102555
440.0,55.64479315263909,55.42225392296719,55.32239657631954,54.93663494545388,54.85163794868237,55.06060695760297,55.002587379335054
441.0,55.63345221112696,55.38823109843081,55.30534950071326,54.94041342890745,54.86705047988632,55.05755388323436,55.00025803963054
442.0,55.622111269614834,55.354208273894436,55.255064194008554,54.944053292848146,54.89222000607107,55.05616778720286,54.99903933441753
443.0,55.60813124108416,55.32018544935806,55.119472182596276,54.947423029445424,54.927071310862345,55.057230925418054,54.999054298055896
444.0,55.58544935805991,55.28616262482168,54.83594864479315,54.95051903622414,54.96957823675064,55.06140506323733,55.00000000000017
445.0,55.55171184022824,55.263195435092726,54.79564907275321,54.95326309925183,55.013905729997305,55.069231475465884,55.00000000000017
446.0,55.5339514978602,55.263195435092726,54.769757489301,54.955581638848045,55.0570784471335,55.08113094635672,54.99934758536773
447.0,55.52261055634808,55.27760342368046,54.752282453637655,54.957405709584336,55.095854785847806,55.097403769610665,54.99912761988385
448.0,55.511269614835946,55.31611982881598,54.74322396576319,54.958671000284255,55.126726884986226,55.11822974837635,55.00002078283123
449.0,55.49992867332382,55.31740370898716,54.74322396576319,54.95931783402338,55.146010721406256,55.143668195250214,55.00190703257768
450.0,55.4885877318117,55.31740370898716,54.72246790299572,54.95929116812928,55.15677605967284,55.17365793227652,55.004121651054774
451.0,55.477246790299574,55.29828815977175,54.72246790299572,54.95854059418154,55.157703984775615,55.20801729094734,55.006094357378416
452.0,55.46590584878744,55.04764621968616,54.743509272467904,54.95769043336426,55.1546315408764,55.24618830149175,55.00832477080711
453.0,55.45456490727532,54.65263908701855,54.78523537803138,54.957203994293195,55.1493260562834,55.28764172650128,55.01048036604402
454.0,55.443223965763195,54.647289586305284,54.8509272467903,54.957203994293195,55.14362833326391,55.331712134021664,55.012228617792275
455.0,55.43537803138374,54.65078459343795,54.8509272467903,54.957203994293195,55.1399290332527,55.37454479403801,55.013237000755
456.0,55.43537803138374,54.65078459343795,54.8509272467903,54.957203994293195,55.14039552145819,55.41923051363999,55.01317298963536
457.0,55.466191155492155,54.66090001296848,54.89621968616263,54.957203994293195,55.14212546203079,55.46337685294232,55.01335321834626
458.0,55.52667617689016,54.66914797043185,55.06633380884451,54.957203994293195,55.14386288523787,55.51125127135826,55.013942286909646
459.0,55.587161198288165,54.67739592789521,55.23644793152639,54.957203994293195,55.14560779107943,55.56179959139237,55.01451223526847
460.0,55.647646219686166,54.68564388535858,55.24679029957204,54.957203994293195,55.14736017955542,55.610813294321765,55.01459453527944
461.0,55.691654778887305,54.69389184282194,55.25663338088445,54.957203994293195,55.148154727228885,55.65459919024685,55.01426533523555
462.0,55.71740370898716,54.70213980028531,55.27104136947219,54.957203994293195,55.14903300409815,55.68997941809116,55.01426533523555
463.0,55.72874465049929,54.71038775774867,55.27104136947219,54.95721097190281,55.15344219414685,55.71405699791805,55.01426533523555
464.0,55.74008559201141,54.71863571521203,55.27104136947219,54.957372564481304,55.159205134790824,55.719197799901295,55.01426533523555
465.0,55.74008559201141,54.7268836726754,55.29029957203994,54.95760112928784,55.163521609214754,55.7062655203716,55.014343146155014
466.0,55.708273894436516,54.73513163013876,55.3129814550642,54.957818292085676,55.1615934681603,55.677450615777744,55.01441886216511
467.0,55.64442859407196,54.74337958760213,55.3129814550642,54.95795494714204,55.154200598364184,55.63490185178812,55.014395136485184
468.0,55.56630210809954,54.75162754506549,55.299857346647634,54.95783327219269,55.140318296794504,55.58133590270964,55.014201058095665
469.0,55.488175622127116,54.75987550252886,54.925606276747494,54.95742773937167,55.12174622636989,55.51932247585341,55.013792151738116
470.0,55.4100491361547,54.76812345999222,54.81098430813124,54.95677819953673,55.10018486497907,55.45396532250362,55.01315037791517
471.0,55.33192265018228,54.77637141745558,54.77967189728959,54.95586687030246,55.07723550548077,55.38836878526335,55.012284132890585
472.0,55.25379616420986,54.78461937491895,54.77967189728959,54.95476562099503,55.05440025570375,55.32340183010333,55.01122824868919
473.0,55.17566967823743,54.79286733238231,54.78901569186876,54.95354295057549,55.03308203844676,55.256964680353676,55.01004399309694
474.0,55.097543192265015,54.801115289845676,54.85706134094151,54.95226398763979,55.01469473973395,55.19182544760395,55.00881906966089
475.0,55.019416706292596,54.80936324730904,55.183666191155496,54.95099049041882,55.00171598065901,55.131982471217995,55.00766761768919
476.0,54.94129022032018,54.817611204772405,55.448787446504994,54.94978084677833,54.993709275625015,55.07984308564204,55.006533523537975
477.0,54.86316373434775,54.825859162235766,55.556348074179745,54.948690074219,54.99056181490865,55.03703977838664,55.005376684656454
478.0,54.78601997146933,54.834107119699134,55.556348074179745,54.94776981987641,54.992532766867456,55.007323287351326,55.00415310794786
479.0,54.78601997146933,54.842355077162495,55.556348074179745,54.94706836052105,54.99902006347084,54.986123670123064,55.00297543635649
480.0,54.78601997146933,54.850603034625856,55.54778887303852,54.94663060255829,55.01067716339807,54.97114370974463,55.001241549701064
481.0,54.80292439372325,54.858850992089224,55.50827389443652,54.94649808202841,55.02778242955386,54.96117385395088,55.00024871229596
482.0,54.83391793236553,54.867098949552584,55.42125534950072,54.946719113857,55.0503545388482,54.95605133681906,55.00053935603168
483.0,54.85526558697659,54.87534690701595,55.273823109843086,54.947370338874485,55.077632494638245,54.95249556760584,55.00279440958488
484.0,54.87661324158765,54.88359486447931,55.26497860199715,54.94844049497411,55.103249009543504,54.94674640366988,55.0046232654651
485.0,54.89796089619871,54.89184282194268,55.26497860199715,54.94968034100735,55.1243301944437,54.945072210389476,55.00585891284197
486.0,54.91930855080977,54.90009077940604,55.29743223965764,54.9509828811307,55.138997908998164,54.94745470724351,55.006428944332114
487.0,54.94065620542083,54.90833873686941,55.37296718972896,54.952231850996625,55.14996137773504,54.95479488609016,55.00623451679104
488.0,54.96200386003189,54.91658669433277,55.50627674750356,54.95330171775358,55.156470629617374,54.96584890203219,55.005207844936976
489.0,54.98335151464295,54.92483465179613,55.50627674750356,54.95424811203314,55.160691829785556,54.981449218290535,55.00342135277958
490.0,55.00469916925401,54.9330826092595,55.483594864479315,54.9550716893607,55.16307832383808,55.00248852587449,55.00087504031886
491.0,55.026046823865066,54.94133056672286,55.46091298145507,54.95573259887852,55.164308761465364,55.025867693528525,54.99930884617065
492.0,55.04739447847613,54.94957852418623,55.42225392296719,54.95628401180552,55.1649630695493,55.04804011361836,54.99901239986849
493.0,55.068742133087184,54.95782648164959,55.30884450784593,54.95672483648256,55.166899339149154,55.066723985382104,54.99995211635742
494.0,55.09008978769825,54.96607443911296,55.28915834522111,54.9570573516156,55.16926927813791,55.084671553196735,55.00000000000017
495.0,55.11143744230931,54.97432239657632,55.27781740370899,54.95728720627572,55.172275770987284,55.103387485823426,55.00000000000017
496.0,55.132785096920365,54.98257035403968,55.26647646219686,54.95742341989903,55.17457235472163,55.1225813001854,55.00000000000017
497.0,55.15413275153143,54.99081831150305,55.25513552068474,54.95747838228682,55.175837278178946,55.14350427263812,55.00000000000017
498.0,55.17548040614248,54.99906626896641,55.243794579172615,54.95746785360542,55.17594346375702,55.16578754503526,55.00000000000017
499.0,55.196828060753546,55.00731422642978,55.11176890156919,54.95741096438627,55.174860366197336,55.189162888702725,54.9993715271891
500.0,55.2181757153646,55.01556218389314,54.90014265335235,54.9573302155259,55.17340197106515,55.21346270443854,54.99952864539188
501.0,55.239523369975664,55.023810141356506,54.74450784593438,54.95725147828597,55.17162570387039,55.238620022512876,55.00084744071923
502.0,55.26087102458672,55.03205809881987,54.74450784593438,54.957203994293195,55.16946689981329,55.264549905788684,55.00191434813421
503.0,55.28221867919778,55.040306056283235,54.7558487874465,54.957203994293195,55.167082240595995,55.28867845156191,55.001756066092895
504.0,55.295007132667614,55.048554013746596,54.75748930099857,54.957203994293195,55.164546171012326,55.3101976394804,55.002324684350526
505.0,55.29957203994294,55.05680197120996,54.76426533523538,54.957203994293195,55.16194392102442,55.329177204002946,55.00371131483845
506.0,55.30727532097004,55.065049928673325,54.7756062767475,54.957203994293195,55.15937150576271,55.34351186531665,55.00587671957161
507.0,55.330884450784595,55.073297886136686,54.78694721825963,54.957203994293195,55.15693572552595,55.352385248924534,55.00873228055842
508.0,55.36490727532097,55.081545843600054,54.79828815977176,54.957203994293195,55.154754165781185,55.355738642642656,55.009993382746764
509.0,55.40515929624346,55.089793801063415,54.82831669044223,54.957203994293195,55.15295519716376,55.35651891777382,55.009660026136665
510.0,55.44674274845459,55.09804175852678,54.99714693295293,54.957203994293195,55.1516779754774,55.35603875097339,55.00881208662966
511.0,55.48832620066572,55.10442225392297,55.19942938659059,54.957203994293195,55.15107244169402,55.357632094252196,55.0074520581655
512.0,55.51590584878745,55.10442225392297,55.245363766048506,54.957203994293195,55.151094673385295,55.36146974457101,55.00576997895132
513.0,55.5225392296719,54.91162624821683,55.30206847360913,54.957203994293195,55.15183091162288,55.38879047304978,55.00400559972617
514.0,55.5225392296719,54.871611982881596,55.313837375178316,54.957203994293195,55.15143668701268,55.414708637871996,55.0049779036942
515.0,55.52781740370899,54.86554921540656,55.313837375178316,54.957203994293195,55.150820408335804,55.429901709554485,55.00695559789728
516.0,55.53095577746077,54.854208273894436,55.310699001426535,54.957203994293195,55.15021212102773,55.43428390488651,55.0089083527031
517.0,55.53095577746077,54.843081312410845,55.299358059914404,54.957203994293195,55.14931094263363,55.42825552997355,55.01042732825917
518.0,55.53052781740371,54.843081312410845,55.28801711840228,54.957203994293195,55.1488757479501,55.41298243437715,55.00977225342436
519.0,55.52781740370899,54.843081312410845,55.276676176890156,54.95730234536221,55.14828575812097,55.389630467658876,55.00784693195552
520.0,55.52781740370899,54.99714693295292,55.259629101283885,54.957486938209456,55.147304295086606,55.35936547938033,55.00465136385267
521.0,55.52225392296719,54.99714693295292,55.23694721825963,54.95768525699221,55.14618422313801,55.32335331910306,55.00147159070144
522.0,55.49957203994293,54.87517831669042,55.214265335235375,54.957833024537976,55.14485663844634,55.28275983638866,54.999680110664585
523.0,55.48808844507846,54.770827389443646,55.21398002853067,54.957874202344485,55.14338323565071,55.23875088079867,54.9989211216745
524.0,55.468473609129816,54.72667617689016,55.21398002853067,54.95776099057973,55.14173605767859,55.19249230189467,54.999527149028026
525.0,55.4564907275321,54.709343794579176,55.21398002853067,54.95745382808191,55.13994478070069,55.145149949238224,55.00000000000017
526.0,55.4564907275321,54.70042796005706,55.21398002853067,54.95692139235946,55.13803908088762,55.097889672390934,55.00000000000017
527.0,55.4564907275321,54.70042796005706,55.21398002853067,54.956140599591095,55.13604863441005,55.05278343784718,55.00000000000017
528.0,55.454387122873506,54.70042796005706,55.21398002853067,54.955096604625695,55.13400311743866,55.013742904055974,54.99912013806467
529.0,55.45218664168459,54.74793152639087,55.22981455064194,54.95378280098243,55.131932206144086,54.98333107469344,54.99934010354855
530.0,55.44998616049567,54.796005706134096,55.252496433666195,54.95221601020498,55.129865576696986,54.96422959028715,55.000487315822724
531.0,55.44778567930675,54.81455064194009,55.28345221112696,54.95042272705735,55.127832905268036,54.95923872821601,55.002963797971105
532.0,55.44558519811783,54.81455064194009,55.351497860199714,54.94839958723084,55.125863868027864,54.968003025612106,55.004727013357716
533.0,55.44338471692891,54.80406562054208,55.36711840228245,54.94615381899271,55.12393848231501,54.99274195691979,55.005776961982555
534.0,55.44118423573999,54.80028530670471,55.370898716119825,54.943703243186285,55.12210603812922,55.00070529235009,55.00603807747191
535.0,55.43898375455107,54.80028530670471,55.370898716119825,54.94107627323084,55.12049319124711,55.00112310951597,55.0055614232417
536.0,55.43678327336215,54.81124108416548,55.365763195435086,54.938311915121744,55.1192646168594,55.00084155684685,55.004474709788724
537.0,55.43458279217323,54.883823109843085,55.331740370898714,54.935459767430316,55.1186526921007,55.000242193587255,55.00287260290844
538.0,55.43238231098431,54.95640513552069,54.94322396576318,54.93258002130395,55.11840248453355,54.99937165371962,55.000816723694925
539.0,55.43018182979539,55.028987161198295,54.78601997146933,54.92963979312298,55.1176455450472,54.99827657122644,55.000559743988944
540.0,55.42798134860647,55.10156918687589,54.78174037089872,54.92654184437199,55.116406626394294,54.99700358009015,55.00146173963952
541.0,55.42578086741755,55.1741512125535,54.76904422253923,54.92333792322686,55.115041620051436,54.995599314293244,55.00354804491769
542.0,55.42358038622863,55.2467332382311,54.76904422253923,54.92011406938522,55.11371258264056,54.994110407818155,55.005001845515565
543.0,55.421379905039714,55.28609129814551,54.77253922967189,54.916948083874495,55.112561723078066,54.99258349464738,55.00652757549173
544.0,55.41917942385079,55.320114122681886,54.80656205420828,54.91390952905184,55.111711402574706,54.99106520876334,55.008056672286514
545.0,55.41697894266187,55.369828815977186,54.93473609129817,54.9110597286042,55.111264134635746,54.98960218414853,55.009576229761855
546.0,55.41477846147295,55.44222539229672,55.21398002853067,54.90845176754829,55.11130258506087,54.98824105478539,55.01099985368904
547.0,55.412577980284034,55.44222539229672,55.21398002853067,54.90613049223056,55.11188957194416,54.987028454656404,55.01223079998953
548.0,55.41037749909511,55.44222539229672,55.20456490727532,54.903792002977504,55.11306806567416,54.98601101774402,55.01320536928614
549.0,55.40817701790619,55.44222539229672,55.19971469329529,54.90155057092252,55.11514295145588,54.98523537803071,55.01440765606261
550.0,55.40597653671727,55.43509272467903,55.1925820256776,54.899652955897636,55.11796096953225,54.98474816949893,55.0153642066447
551.0,55.403776055528354,55.41305278174037,55.16412268188302,54.898287211102634,55.12228121797776,54.98459602613114,55.01471817234138
552.0,55.40157557433943,55.401711840228245,55.039372325249644,54.897581048694995,55.127998483462214,54.98482558190982,55.01287055787787
553.0,55.39937509315051,55.39942938659058,54.92368045649073,54.89765069887951,55.13418113913383,54.985483470817414,55.01025541268069
554.0,55.397174611961596,55.38102710413695,54.85320970042796,54.898575847473694,55.1400608449107,54.985734664763946,55.00685500899498
555.0,55.394974130772674,55.196148359486465,54.828815977175466,54.90039963590784,55.1449185125556,54.985734664763946,55.00408823226244
556.0,55.39277364958375,54.642510699001434,54.82824536376605,54.90312866122496,55.14811358545773,54.985734664763946,55.00258089509177
557.0,55.39057316839483,54.60848787446505,54.805563480741796,54.90673297608082,55.149001916189654,54.985734664763946,55.0014594535281
558.0,55.388372687205916,54.59186875891584,54.79179743223966,54.911146088743926,55.14680383897094,54.985734664763946,55.001041302967295
559.0,55.386172206016994,54.589158345221115,54.79179743223966,54.91626496309552,55.14134777960774,54.985734664763946,55.001658968706224
560.0,55.38397172482807,54.589158345221115,54.865905848787456,54.92211734135867,55.1323227282987,54.985734664763946,55.002343804555096
561.0,55.38177124363915,54.60049928673324,55.12674750356634,54.92872184881289,55.11995895587689,54.985734664763946,55.00207529037789
562.0,55.379570762450236,54.618330955777466,55.12674750356634,54.93599369321954,55.10293103906508,54.985734664763946,55.00153576808373
563.0,55.377370281261314,54.618330955777466,55.05435092724679,54.94382213052878,55.082056067414655,54.985734664763946,55.000725237672626
564.0,55.37516980007239,54.60615786970994,54.900998573466474,54.952070464879505,55.05833278538336,54.985997820326986,54.99921873181519
565.0,55.37296931888348,54.60615786970994,54.81369472182597,54.96057604859939,55.03215341390997,54.98674874402959,54.99856723162732
566.0,55.370768837694555,54.609938183547314,54.81369472182597,54.96915028220488,55.001556479114996,54.98765062193343,54.999721655543865
567.0,55.368568356505634,54.61371849738469,54.81455064194009,54.977578614401104,54.969754994382264,54.99011422527597,55.00143199940828
568.0,55.36636787531671,54.61749881122206,54.81455064194009,54.98562054208207,54.93974673783566,54.99162677518016,55.003721685471135
569.0,55.3641673941278,54.621279125059445,54.870256776034246,54.99355920114055,54.914314252339224,54.9910012269394,55.00618779698682
570.0,55.361966912938875,54.62505943889682,54.995007132667624,55.00149786019904,54.89953235636627,54.98840791117465,55.00845447645571
571.0,55.359766431749954,54.628839752734194,55.11975748930101,55.00943651925753,54.89536236314218,54.98402951651219,55.01017891107958
572.0,55.35756595056103,54.70299572039943,55.21283880171185,55.017375178316016,54.90137208834834,54.977877678130646,55.011051332761554
573.0,55.35536546937212,54.70299572039943,55.280670470756064,55.02558456862799,54.91645005861824,54.970233785480204,55.010795018106165
574.0,55.353164988183195,54.70042796005706,55.31854493580599,55.03408732866024,54.93838395296616,54.96142427643811,55.00916628841931
575.0,55.35096450699427,54.70042796005706,55.31854493580599,55.04265274844303,54.965000069173065,54.951775588881596,55.00701376904139
576.0,55.34876402580536,54.70042796005706,55.30977175463623,55.05107606981785,54.99416332378668,54.9416141606879,55.00536197041207
577.0,55.34656354461644,54.64942938659059,55.30656205420827,55.05917848643747,55.02377725212145,54.930736131402696,55.00304742808326
578.0,55.344363063427515,54.60727532097005,55.30656205420827,55.06680714376583,55.051784008258515,54.919658881744404,55.00188525217074
579.0,55.34216258223859,54.56890156918688,55.12988587731811,55.073835139078184,55.07616436504579,54.90903004114449,55.00180525905401
580.0,55.33996210104968,54.52781740370898,54.74179743223965,55.08016152146099,55.09484301796725,54.89946016501833,55.00347534657466
581.0,55.33776161986076,54.524821683309554,54.730456490727526,55.08571129181193,55.10451961401918,54.89152273476529,55.004729174772145
582.0,55.335561138671835,54.524821683309554,54.72895863052781,55.09043540283999,55.103625473320804,54.8863881234432,55.00474999916885
583.0,55.33336065748291,54.69875178316692,54.72895863052781,55.094310759065316,55.09344787793252,54.88420346126677,55.00504114584909
584.0,55.331160176294,54.97660485021399,54.72895863052781,55.09734021681937,55.07420280058879,54.88517568653316,55.00582143724101
585.0,55.32895969510508,55.2293152639087,54.73002853067047,55.09955258424478,55.04595796100665,54.88958805405184,55.00679064687641
586.0,55.326759213916155,55.24065620542083,54.74136947218259,55.10100262129548,55.009865335137846,54.89706646601552,55.00741540648833
587.0,55.32455873272724,55.24251069900143,54.74322396576319,55.101771039736605,54.97192881998702,54.90616321707258,55.007410751134174
588.0,55.32235825153832,55.24251069900143,54.74322396576319,55.10196450314455,54.93496888141187,54.91332619677888,55.00850501799164
589.0,55.3201577703494,55.231597717546364,54.74322396576319,55.101715626906945,54.902040549717846,54.91877994775994,55.00986221999078
590.0,55.317957289160475,55.19900142653352,54.74465049928673,55.10118297822265,54.87643341965815,54.92255398932667,55.01138501958776
591.0,55.31575680797156,55.1876604850214,54.76733238231098,55.10055107610179,54.85527638266373,54.92522551028002,55.01086265929365
592.0,55.31355632678264,55.1876604850214,54.78088445078459,55.10003039136569,54.83966346747914,54.925902682339355,55.008914947788156
593.0,55.31135584559372,55.210271041369474,54.94115549215408,55.09985734664697,54.82894110153059,54.92458282405071,55.0073414380834
594.0,55.309155364404795,55.2490727532097,55.14593437945791,55.09985734664697,54.82177667034159,54.92138711381749,55.0059483233522
595.0,55.30695488321588,55.25934379457917,55.156918687589155,55.09985734664697,54.81777040073447,54.91640881960463,55.00458929246393
596.0,55.30475440202696,55.265549215406566,55.156918687589155,55.09985734664697,54.816400246574716,54.90912717972995,55.003283206992364
597.0,55.30255392083804,55.265549215406566,55.139372325249646,55.09985734664697,54.81702188877104,54.900407207934194,55.00212529848781
598.0,55.30035343964912,55.265549215406566,54.94122681883024,55.10001882846974,54.818868735275316,54.89144749083458,55.00072054537121
599.0,55.2981529584602,55.25674433349184,54.71469329529244,55.10044720386071,54.8210031544923,54.88281861852356,54.99940620218811
600.0,55.29595247727128,55.201299730543674,54.71469329529244,55.100953801928014,54.82244110101044,54.875024587766575,54.999717833812156
601.0,55.29375199608236,55.1458551275955,55.06626248216833,55.10137080591382,54.82173275413382,54.86860646934517,55.00130065422522
602.0,55.29155151489344,55.09041052464733,55.156918687589155,55.10155125319434,54.82065283844662,54.864142408056935,55.00377050434129
603.0,55.28935103370452,55.03496592169916,55.156918687589155,55.101369035279795,54.819787225638606,54.86122437987228,55.00671385200646
604.0,55.2871505525156,54.979521318751,55.156918687589155,55.100718897814474,54.81909648667759,54.860078326436266,55.00968779199895
605.0,55.284950071326676,54.924076715802826,55.156918687589155,55.09951644057667,54.81871432298494,54.860833657050215,55.01228897113365
606.0,55.28274959013776,54.868632112854655,54.70656205420825,55.097698117478714,54.818332098309355,54.86271720360189,55.01515517292995
607.0,55.28054910894884,54.813187509906484,54.61597717546363,55.095221236566985,54.81722115667491,54.86452058633771,55.0162525064096
608.0,55.27834862775992,54.75774290695832,54.61597717546363,55.092063960021875,54.81598014568892,54.866446616447405,55.01480934662121
609.0,55.276148146571,54.70229830401015,54.65331669044223,55.08822530415782,54.81517947966955,54.86835756046377,55.011990695942366
610.0,55.27394766538208,54.64685370106198,54.70435092724679,55.08372513942328,54.8153125730555,54.870206691136396,55.00932467437478
611.0,55.27394766538208,54.63680456490728,54.755385164051354,55.07860419040074,54.81679584040593,54.87201732545649,55.00640759620806
612.0,55.28644793152639,54.63680456490728,54.77175463623395,55.07292403580676,54.819968696400515,54.872757873098,55.00357198673907
613.0,55.30435092724679,54.66726105563481,54.77175463623395,55.06676710849189,54.8263614871886,54.87281952322281,55.00077927303337
614.0,55.313837375178316,54.770328102710415,54.768045649072754,55.060236695440715,54.835455221385736,54.87179730632723,54.998490667677714
615.0,55.313837375178316,55.1105563480742,54.7453637660485,55.05345693777187,54.85035043195735,54.870539121480384,54.99852475152065
616.0,55.334379457917265,55.15292439372325,54.69186875891583,55.046572830738015,54.869642358965706,54.86899833469981,55.00102052013624
617.0,55.35706134094151,55.16426533523538,54.66455064194008,55.039750223725854,54.88759269086872,54.86811937739836,55.00362469199861
618.0,55.37974322396576,55.1756062767475,54.65320970042796,55.0330591944952,54.90109077064275,54.867366191947596,55.00614019044849
619.0,55.402425106990016,55.1756062767475,54.643366619115554,55.026271475531175,54.91020865675877,54.866287781103146,55.00849956827149
620.0,55.425106990014264,55.1839514978602,54.643366619115554,55.019383237017934,54.91509426682829,54.86578996334035,55.01035949309861
621.0,55.44778887303852,55.21084165477889,54.633452211126965,55.012564918874844,54.915218102471904,54.86582610467676,55.011406005628714
622.0,55.47047075606277,55.21398002853067,54.62211126961484,55.00596610688721,54.9116788824377,54.8663495711299,55.01135451962858
623.0,55.493152639087015,55.21398002853067,54.598573466476466,54.9997155327063,54.90466571828624,54.86811116981744,55.00994982193288
624.0,55.50106990014265,55.21398002853067,54.55663338088445,54.993921073849364,54.89456116412033,54.869847726056385,55.007904126306585
625.0,55.50106990014265,55.21398002853067,54.55306704707561,54.98866975369962,54.881969464223054,54.87215599160334,55.00643253560531
626.0,55.48972895863053,55.229243937232525,54.55306704707561,54.98402774150623,54.867184622536875,54.87419074884315,55.00444669453245
627.0,55.47573466476462,55.229243937232525,54.55777460770328,54.98004035238436,54.851125320743975,54.875773389622985,55.002973164100304
628.0,55.459857346647645,55.16947218259628,54.56519258202568,54.976732047315096,54.83581473531184,54.8769505479253,55.002861989809375
629.0,55.443980028530675,55.03338088445078,54.59258202567761,54.97410709767979,54.82238782078866,54.87764812235198,55.003895533852905
630.0,55.4281027104137,54.89728958630527,54.68330955777461,54.972252883417326,54.81200836706846,54.87897306374471,55.006661756376616
631.0,55.41222539229672,54.76119828815977,55.0040656205421,54.971072641442916,54.80588734053637,54.87897658461039,55.00892653075266
632.0,55.39634807417974,54.69415121255349,55.1774607703281,54.97045493354046,54.80599251804318,54.877532609977415,55.01015116600013
633.0,55.385164051355204,54.65599144079886,55.18544935805991,54.970273646362486,54.8131447975822,54.874789389276025,55.010297144605445
634.0,55.385164051355204,54.55777460770328,55.18544935805991,54.97038799143017,54.82796784338127,54.870838465013804,55.00929657598719
635.0,55.385164051355204,54.55777460770328,55.18544935805991,54.97053684418757,54.849591978301476,54.86668186157194,55.00705219649602
636.0,55.37631954350927,54.55777460770328,55.18544935805991,54.97060876641857,54.871404690165484,54.86110781823312,55.0037046643325
637.0,55.36950574809096,54.55549215406562,55.17360912981455,54.97015780560696,54.88848013633223,54.855496700878234,55.00092292396161
638.0,55.366837291264574,54.55549215406562,55.15242510699001,54.96825079973326,54.90133934662925,54.84994177747222,54.99934924799422
639.0,55.364168834438196,54.60078459343795,55.13541369472183,54.96558804985478,54.91089623052789,54.84487096143816,54.998891194397785
640.0,55.36150037761181,54.63480741797433,55.11840228245364,54.96305238535085,54.91452021171139,54.841134763348194,54.999790509063146
641.0,55.35883192078543,54.6518544935806,55.08865905848788,54.96121250763758,54.91218901778972,54.838282978735634,55.00000000000017
642.0,55.35616346395905,54.657631954350926,55.071326676176895,54.960562970099005,54.90532834287475,54.83645550954787,55.00000000000017
643.0,55.353495007132665,54.7552781740371,55.002710413694714,54.961739487184076,54.8943150750404,54.835792257732294,54.99980846542918
644.0,55.35082655030628,55.174893009985745,54.70784593437945,54.96602132229968,54.87986283080331,54.83514602732031,54.99890466167231
645.0,55.3481580934799,55.18345221112696,54.67831669044222,54.972988769603674,54.86229327582985,54.83594705923708,54.99932281223312
646.0,55.34548963665352,55.18345221112696,54.655634807417975,54.98222212325387,54.84203423027513,54.837022532140644,55.0008665609238
647.0,55.34282117982713,55.171184022824534,54.643366619115554,54.993301677408134,54.82049668300188,54.838517570984415,55.00320338244749
648.0,55.340152723000756,55.16890156918687,54.643366619115554,55.00580772622427,54.79907514553233,54.84033704244418,55.006000751507344
649.0,55.33748426617437,55.15756062767475,54.643366619115554,55.019320563860134,54.77914765204826,54.84228333501927,55.00892614280649
650.0,55.33481580934799,55.13552068473609,54.632667617689016,55.03341941189195,54.76207575939098,54.84418304024586,55.011647031048064
651.0,55.33214735252161,55.128388017118404,54.629101283880175,55.0475146496763,54.74920454706133,54.843478983695626,55.0138308909352
652.0,55.329478895695225,55.128388017118404,54.60970042796006,55.061115473978575,54.74221844383266,54.8407433176994,55.015145197171044
653.0,55.32681043886884,55.128388017118404,54.57011412268188,55.073724902561494,54.741653264836664,54.83648155462708,55.01525742445874
654.0,55.32414198204246,55.128388017118404,54.558773181169755,55.08483977418514,54.747718023582756,54.83088023040851,55.01431920433364
655.0,55.32147352521608,55.128388017118404,54.54743223965763,55.09395074860687,54.760268593084724,54.824125880973554,55.01426533523555
656.0,55.31880506838969,55.128388017118404,54.5435092724679,55.10071284705525,54.77737124862577,54.81603024493499,55.01426533523555
657.0,55.316136611563316,55.13288159771755,54.539015691868755,55.104675429813085,54.7964406954861,54.80822733040435,55.01426533523555
658.0,55.316136611563316,55.144222539229666,54.539015691868755,55.10589411567678,54.814737560267915,54.800788394106846,55.01436708797639
659.0,55.32674750356633,55.15556348074179,54.54215406562054,55.105669433149274,54.827203781331335,54.79389997197231,55.0152933371908
660.0,55.328102710413695,55.16690442225392,54.5435092724679,55.10442178758247,54.83309223564333,54.78723026321552,55.01507470180811
661.0,55.328102710413695,55.16704707560627,54.55057061340941,55.102645732360365,54.834254898549425,54.781772105323114,55.01368058950102
662.0,55.30513552068473,55.16704707560627,54.5660485021398,55.10090996889912,54.83102541754057,54.777681722136336,55.01141180265306
663.0,55.2030670470756,55.155402995720394,54.58630527817404,55.09985734664697,54.823115617922134,54.77566158465004,55.008577074376106
664.0,55.10099857346647,55.14122681883024,54.58630527817404,55.09985734664697,54.80924229571566,54.775652164585566,55.005619078971606
665.0,54.99893009985735,55.12705064194008,54.6055634807418,55.09985734664697,54.790674478168945,54.77699102622208,55.0029540549799
666.0,54.89686162624822,55.11287446504993,54.614835948644796,55.09985734664697,54.769275729172165,54.77942923736116,55.00097180518026
667.0,54.79479315263909,55.09869828815977,54.61861626248217,55.09985734664697,54.747386344045886,54.78260410220423,55.00003569659079
668.0,54.69272467902996,55.084522111269614,54.629101283880175,55.09985734664697,54.727180228061265,54.78489683863502,55.00048266046856
669.0,54.59065620542083,55.07034593437945,54.629101283880175,55.09985734664697,54.71139987132063,54.78675821072804,55.002365983992405
670.0,54.488587731811705,55.0561697574893,54.61982881597718,55.09985734664697,54.70059069711053,54.787628610693716,55.003637560727604
671.0,54.437303851640515,55.04199358059915,54.614835948644796,55.09985734664697,54.695678895184315,54.78663344150795,55.004850962162116
672.0,54.429386590584876,55.02781740370899,54.6114122681883,55.09985734664697,54.6968372833087,54.783706226428755,55.006048502139976
673.0,54.42888730385164,55.01426533523538,54.60007132667618,55.09985734664697,54.70419321111743,54.77927273371601,55.00718259629119
674.0,54.42888730385164,55.01426533523538,54.58873038516405,55.100728152328294,54.717837405023396,54.772897495241494,55.00841185918236
675.0,54.50279362815027,54.901331431288625,54.57803138373752,55.10200272901998,54.73849322804556,54.765100643128584,55.01021707251397
676.0,54.61431288635284,54.75767950546837,54.57803138373752,55.10323891661729,54.76177179287543,54.7566795951604,55.01115629021495
677.0,54.725832144555405,54.614027579648116,54.57803138373752,55.10404645863801,54.784473378757276,54.74848483859211,55.01061176341508
678.0,54.837351402757974,54.50663338088445,54.583238231098434,55.104087002222364,54.803783041924675,54.74043254884026,55.01032650658915
679.0,54.94887066096054,54.50663338088445,54.961483594864475,55.10253871611449,54.81718443600094,54.733959752074426,55.01025438185228
680.0,55.06038991916311,54.50663338088445,54.961483594864475,55.09911231922852,54.82498816662628,54.72911774567531,55.01106401444507
681.0,55.17190917736567,54.49807417974322,54.740335235378026,55.09408694509574,54.82634148479735,54.72778725483866,55.01170021846929
682.0,55.25948644793153,54.49807417974322,54.56119828815977,55.08771531201098,54.82161676286413,54.728509498642055,55.01129202704114
683.0,55.25948644793153,54.57756776034237,54.51583452211126,55.08029122863688,54.81205802060129,54.730611641986506,55.010119731275395
684.0,55.2376604850214,54.662624821683316,54.47047075606277,55.0721069588854,54.79702948526742,54.734546500841766,55.00872797989791
685.0,55.22824536376605,54.747681883024256,54.457917261055634,55.063453221917854,54.77884381766233,54.73859489012733,55.00741791890168
686.0,55.22824536376605,54.8327389443652,54.457917261055634,55.05461919214486,54.75661450577938,54.74267139970432,55.005040473870885
687.0,55.2188302425107,54.900142653352354,54.455563480741795,55.04589249922636,54.73212436676814,54.7461086739667,55.00236636085441
688.0,55.17346647646219,54.900142653352354,54.455563480741795,55.03755922807167,54.69424323305872,54.74872220556284,55.00135276832869
689.0,55.17346647646219,54.900142653352354,54.46519258202568,55.0299039188394,54.663643879125914,54.75060838693454,55.00159318411832
690.0,55.211840228245364,54.74964336661911,54.480028530670474,55.0232095669375,54.640300073354595,54.75117426699474,55.00336997762122
691.0,55.26169757489301,54.50164051355206,54.4962910128388,55.01775762302327,54.624323737302646,54.74991141874963,55.00519620655159
692.0,55.279029957203996,54.28673323823109,54.51697574893009,55.0138279930033,54.61531793416987,54.746407341307375,55.006562054208445
693.0,55.3243937232525,54.28673323823109,54.51697574893009,55.011699038033534,54.613738435354605,54.74107427907293,55.0078221588209
694.0,55.39058487874465,54.29714693295292,54.528316690442225,55.01164757451926,54.619649508313934,54.73400550001122,55.00917603556707
695.0,55.39058487874465,54.30099857346647,54.538159771754636,55.012543363190844,54.63211457363183,54.72591942393907,55.01051844019051
696.0,55.32296718972896,54.58858773181171,54.61768901569187,55.01404747234421,54.649286301873225,54.71730218680668,55.01209638356588
697.0,55.06212553495007,55.20299572039943,54.731098430813134,55.015784268165234,54.66959244580715,54.708563608051904,55.013882487777096
698.0,54.80128388017118,55.225677603423684,54.84450784593439,55.017324668466685,54.69170349973981,54.70048140260029,55.01402857722418
699.0,54.54044222539229,55.225677603423684,54.85734664764622,55.01818614268812,54.714181825430614,54.695568699083765,55.0128491654171
700.0,54.479722844915436,55.22111269614836,54.85734664764622,55.01869683725931,54.7354816520921,54.69284686006334,55.01068813893367
701.0,54.479722844915436,55.19714693295292,54.86155492154065,55.01919579172542,54.75607278795134,54.69254138416122,55.00791875741964
702.0,54.57693091501937,55.156490727532095,54.8960057061341,55.0196683309551,54.77602409391271,54.69366342109627,55.004943653588626
703.0,54.6741389851233,55.15271041369472,55.11148359486448,55.020140870184775,54.79437091690271,54.69551479020004,55.002194833222106
704.0,54.77134705522724,55.148930099857346,55.13295292439372,55.02061340941445,54.808306853002954,54.69871108335804,54.99934958051951
705.0,54.86855512533117,55.14514978601997,55.135164051355204,55.02108594864412,54.816241712557726,54.701805318045416,54.99801282882612
706.0,54.9657631954351,55.141369472182596,55.135164051355204,55.02155848787379,54.81644287989956,54.7053986762471,54.99921657040076
707.0,55.06297126553903,55.13758915834522,55.120042796005706,55.02203102710346,54.80972843166586,54.70957743083065,55.00206814108401
708.0,55.160179335642965,55.13380884450785,55.017974322396576,55.022503566333135,54.79479026716075,54.713282897126156,55.004689271736524
709.0,55.2573874057469,55.13002853067047,54.91590584878744,55.02297610556282,54.79272504044265,54.71567144307393,55.007591386264885
710.0,55.28820542082739,55.11126961483595,54.86519258202568,55.02347506002892,54.791733059855446,54.71731202657697,55.010950723076434
711.0,55.28820542082739,55.08102710413694,54.85734664764622,55.02398575460011,54.79113453850578,54.71752400134426,55.01396040953833
712.0,55.28094721825963,55.050784593437946,54.85106990014265,55.02450509810957,54.791790143180975,54.71569378075153,55.014920908858315
713.0,55.273689015691865,55.02054208273894,54.72631954350927,55.025051171634836,54.79315104853445,54.71318918613841,55.01287554575732
714.0,55.26643081312411,54.990299572039945,54.502710413694714,55.02558936401706,54.79465670243847,54.70951393866353,55.009733181701975
715.0,55.25917261055635,54.96005706134094,54.38052781740371,55.02608925699207,54.79584857209676,54.70500594816379,55.00771824466563
716.0,55.251914407988586,54.92981455064194,54.37232524964337,55.026524625190355,54.79632329437974,54.70058833432209,55.00697588194039
717.0,55.244656205420824,54.89885877318117,54.37232524964337,55.02687343613705,54.795732675824596,54.69641135182989,55.00709309710753
718.0,55.23739800285307,54.83081312410842,54.37232524964337,55.02711785025201,54.79378369263529,54.69317451042413,55.008069890167064
719.0,55.23013980028531,54.76276747503566,54.42410841654779,55.02724422084974,54.79023849068248,54.69201989965233,55.00990626111899
720.0,55.222881597717546,54.69472182596291,54.611982881597726,55.027243094139415,54.78447579289861,54.69256929459972,55.0126022099633
721.0,55.215623395149784,54.62667617689015,54.85420827389444,55.02710920922489,54.776054107876924,54.694769532526294,55.01487169511437
722.0,55.20836519258203,54.5586305278174,54.899572039942946,55.02684149810469,54.765428903894886,54.698432305410876,55.015387608112455
723.0,55.20110699001427,54.5586305278174,54.90613409415121,55.026443085672014,54.750317336755245,54.70261152633424,55.0144927825386
724.0,55.193848787446505,54.5660485021398,54.90613409415121,55.025921289714745,54.732464980543305,54.70781599536204,55.01492972077868
725.0,55.18659058487874,54.566690442225394,54.89479315263909,55.02528762091541,54.713801695184564,54.71395244452937,55.0147636243929
726.0,55.17933238231099,54.59172610556349,54.83009985734664,55.024557782851254,54.69652780604433,54.720380589257005,55.01328721207483
727.0,55.17207417974323,54.75049928673324,54.56925820256775,55.02375167199414,54.684570086811156,54.726303011761814,55.01217990283628
728.0,55.164815977175465,54.909272467902994,54.50356633380884,55.02289337771067,54.67774812226537,54.731199579920414,55.011441696677245
729.0,55.1575577746077,55.06804564907275,54.48644793152639,55.02196589899958,54.6767551148978,54.735505761861035,55.01107259359773
730.0,55.15029957203995,55.16191155492154,54.48644793152639,55.021026868384844,54.68185796847783,54.73879578932378,55.01146164819505
731.0,55.143041369472186,55.17325249643366,54.484379457917264,55.02007146799313,54.69395522657953,54.740621299884275,55.01254152409662
732.0,55.135783166904424,55.17325249643366,54.47303851640513,55.01885889909225,54.71139541999598,54.7413849546641,55.0126022099633
733.0,55.12852496433666,55.164479315263904,54.47303851640513,55.017590767883135,54.73130469291689,54.74262443928397,55.01197623109195
734.0,55.12126676176891,54.71084165477884,54.48730385164052,55.015445781232785,54.74932826746094,54.743243831839045,55.01099611277945
735.0,55.114008559201146,54.29671897289586,54.505349500713265,55.01269657306115,54.76498886813462,54.74370996181076,55.00831496131085
736.0,55.106750356633384,54.28430813124108,54.518402282453636,55.01070068024923,54.77785025068697,54.74428041200123,55.0047451359864
737.0,55.09949215406562,54.27660485021398,54.54108416547789,55.01105217723005,54.787055645599196,54.74549240588845,55.00211402957497
738.0,55.09223395149787,54.27660485021398,54.5435092724679,55.013476198314464,54.792253549228455,54.74716430411072,55.000089781830326
739.0,55.084975748930106,54.27246790299572,54.55071326676177,55.018058065369914,54.793013013611855,54.75069104566845,54.99900491804931
740.0,55.077717546362344,54.27246790299572,54.56205420827389,55.02458717100407,54.788823646466305,54.75550320631879,54.9991919635288
741.0,55.06025915359012,54.27246790299572,54.56205420827389,55.03244972040529,54.779803515042424,54.76117623028539,55.00000000000017
742.0,54.96764146457442,54.27246790299572,54.54664764621968,55.04106634463392,54.76647834754149,54.76747694765595,55.00000000000017
743.0,54.87502377555873,54.27246790299572,54.5435092724679,55.0498921006224,54.748795047843466,54.774172188518136,54.999209919894824
744.0,54.782406086543034,54.29985734664765,54.5435092724679,55.05841647117523,54.73109408052808,54.78102878295964,54.9990004289578
745.0,54.689788397527344,54.34652876842606,54.54743223965763,55.066163364968936,54.71547984402598,54.787634136820635,55.000067835160735
746.0,54.59717070851165,54.39567284831194,54.558773181169755,55.07269111655211,54.70398528018262,54.79341616772125,55.002079613206746
747.0,54.50455301949596,54.44481692819781,54.570114122681886,55.077592486345395,54.69807438293348,54.799092572651574,55.00470323779899
748.0,54.50455301949596,54.49396100808369,54.60028530670471,55.080494660641506,54.695729066687456,54.80438354771685,55.00760618364059
749.0,54.755278174037116,54.53445078459344,54.634308131241085,55.08105925160518,54.69742200016681,54.808686325376755,55.0104559254347
750.0,55.21398002853067,54.55777460770328,54.657631954350926,55.079055386047756,54.70360466694175,54.81174901217499,55.013189283374906
751.0,55.214621968616264,54.55841654778887,54.657631954350926,55.07424398153414,54.71316284793131,54.814397122869146,55.01579545038906
752.0,55.22596291012839,54.569757489301,54.657631954350926,55.06645750548232,54.723313653569996,54.81710222028987,55.015929291821045
753.0,55.23730385164051,54.57203994293866,54.657631954350926,55.05602253400599,54.73268364645432,54.81951170489576,55.013590807670866
754.0,55.23862735774291,54.605010699001426,54.66376604850214,55.04302563143511,54.7397299079645,54.82128962547715,55.01077714487147
755.0,55.23862735774291,54.6659682596291,54.671897289586305,55.02915349062287,54.74673371922664,54.82294130786802,55.00794652328193
756.0,55.236107148517995,54.726925820256774,54.68102710413698,55.015907084587305,54.75357652333334,54.82401603462785,55.00502445723576
757.0,55.233586939293076,54.78788338088445,55.04393723252499,55.00366468487719,54.76005706134027,54.82650080979843,55.00234347202981
758.0,55.23106673006816,54.84884094151212,55.145791726105564,54.99156927547978,54.7665375993472,54.829614910562356,55.00023609296095
759.0,55.22854652084324,54.9097985021398,55.16269614835949,54.97995720399362,54.77301813735413,54.834082539350256,54.99903484532602
760.0,55.22602631161833,54.97075606276747,55.171184022824534,54.9686162624815,54.779498675361054,54.83867948417152,54.99907225442193
761.0,55.22350610239341,55.03171362339515,55.171184022824534,54.95727532096937,54.78597921336798,54.84350822320263,55.00000000000017
762.0,55.22098589316849,55.09267118402283,55.15991440798858,54.94593437945724,54.79245975137492,54.84926812627856,55.00000000000017
763.0,55.21846568394357,55.1536287446505,55.148573466476456,54.93395947227052,54.79894028938184,54.855635320391116,55.00000000000017
764.0,55.21594547471866,55.20171184022824,55.142653352353776,54.921702802561775,54.805420827388765,54.86276838439764,55.00000000000017
765.0,55.21342526549374,55.21440798858773,55.142653352353776,54.90824147215954,54.8119013653957,54.870661535684356,55.00000000000017
766.0,55.21090505626882,55.21440798858773,55.142653352353776,54.894194442254566,54.81838190340263,54.8776464901626,55.00000000000017
767.0,55.2083848470439,54.799286733238205,55.142653352353776,54.88061080257483,54.824862441409564,54.88431864720345,55.00000000000017
768.0,55.20586463781899,54.68787446504993,55.13466476462197,54.868409883792104,54.83134297941648,54.88989117493785,55.00000000000017
769.0,55.20334442859407,54.65991440798858,55.12332382310984,54.85838125752197,54.837823517423416,54.894149971570734,55.00000000000017
770.0,55.20082421936915,54.599786019971475,55.11198288159772,54.851184736323795,54.84430405543035,54.89743081213895,55.00000000000017
771.0,55.198304010144234,54.599786019971475,55.10064194008559,54.84735037370074,54.850784593437275,54.89944641835662,55.00000000000017
772.0,55.19578380091932,54.62168330955778,55.07895863052782,54.84727846409979,54.857265131444194,54.89989651660147,55.00000000000017
773.0,55.193263591694404,54.69015691868759,55.07874465049929,54.851239542911685,54.863745669451134,54.89892235602481,55.00000000000017
774.0,55.190743382469485,54.74479315263908,55.05970042796005,54.86059535739984,54.87022620745806,54.89738518337788,55.00000000000017
775.0,55.188223173244566,54.74857346647646,54.99732524964337,54.875042550917556,54.876706745464986,54.89545526192143,54.9998802908933
776.0,55.185702964019654,54.75235378031383,54.934950071326675,54.8936532756143,54.883187283471926,54.89334115696045,54.998958530770395
777.0,55.18544935805991,54.75235378031383,54.87257489300998,54.91574437214556,54.88966782147885,54.89288263610022,54.99921706918872
778.0,55.17817403708987,54.72111269614836,54.8101997146933,54.94015730989422,54.89614835948577,54.89300257352156,55.00064110877253
779.0,55.17403708987161,54.66875891583452,54.76305278174037,54.96571296156759,54.902628897492704,54.89388230028373,55.002898124224984
780.0,55.17403708987161,54.624821683309555,54.73894436519258,54.9912116031974,54.90910943549964,54.89636600028193,55.005665566008105
781.0,55.19671897289586,54.59079885877318,54.710271041369474,55.015432914139794,54.91558997350657,54.900923347670535,55.008694206411924
782.0,55.219400855920114,54.59079885877318,54.710271041369474,55.03713597707531,54.92207051151349,54.908274587350874,55.01152211237821
783.0,55.24208273894436,54.601526390870184,54.71469329529244,55.0550592780089,54.92855104952041,54.91671151442561,55.01371672391661
784.0,55.26476462196862,54.62647646219686,54.71469329529244,55.06894394911316,54.93503158752735,54.92607080396981,55.014874854104704
785.0,55.287446504992865,54.65142653352354,54.71683309557775,55.07790650733745,54.94151212553428,54.935179903846745,55.014622689087915
786.0,55.31012838801712,54.67637660485021,54.739514978601996,55.08286974457506,54.94799266354121,54.942733090103935,55.01291838609973
787.0,55.33281027104137,54.70132667617689,55.037303851640516,55.08450822999946,54.95447320154813,54.94965949820797,55.01176607510433
788.0,55.35549215406562,54.72627674750356,55.22482168330956,55.083245554773214,54.960953739555066,54.95580621109089,55.01054371211306
789.0,55.37817403708987,54.76650499286733,55.22482168330956,55.07960121892647,54.96743427756199,54.96097822804845,55.00920180627759
790.0,55.400855920114125,54.83908701854494,55.12553495007133,55.074190631357055,54.973914815568925,54.96501235369457,55.00784593437963
791.0,55.42353780313837,54.911669044222535,54.853352353780295,55.067725109830405,54.980395353575844,54.96771419026939,55.006585829767175
792.0,55.44621968616262,54.98425106990014,54.73637660485021,55.06101188097959,54.98687589158278,54.969785407746684,55.00524392393168
793.0,55.468901569186876,55.056833095577744,54.68801711840228,55.05495408030529,54.9933564295897,54.97138362427665,55.00389852658058
794.0,55.491583452211124,55.12941512125535,54.662054208273894,55.050550752175845,54.999836967596636,54.97268593123009,55.00241369028833
795.0,55.51390870185449,55.19971469329529,54.62874465049929,55.046926159906945,55.00631750560356,54.97388889319832,55.00046996908641
796.0,55.52524964336662,55.19971469329529,54.61740370898716,55.04386262761432,55.012798043610495,54.97520854799323,55.00019120204587
797.0,55.57168330955778,55.20848787446505,54.60606276747504,55.0415096464988,55.01927858161743,54.976880406647275,55.00126620090974
798.0,55.60499286733238,55.21982881597717,54.588873038516404,55.03956515699174,55.02575911962435,54.97915945341344,55.00335440435315
799.0,55.60499286733238,55.23994293865906,54.588873038516404,55.037995608533514,55.03223965763129,54.982320145765286,55.00608587798334
800.0,55.599144079885875,55.28530670470756,54.60057061340942,55.03675419705155,55.03872019563821,54.986421161500054,55.00906131433967
801.0,55.58780313837375,55.41005706134094,54.725320970042794,55.03578086496026,55.04520073364514,54.991003586194964,55.01185203289358
802.0,55.57646219686163,55.41005706134094,54.98473609129816,55.03500230116107,55.051681271652065,54.99601279449875,55.01399998004866
803.0,55.565121255349496,55.35847004279599,55.17011412268189,55.034331941042446,55.05816180965898,55.000469765301936,55.015224504454345
804.0,55.55378031383737,55.185520684736076,55.21398002853067,55.033669966479835,55.06470158614765,55.0048242770062,55.01521702263517
805.0,55.54243937232525,55.01257132667617,55.21398002853067,55.0329033058357,55.071570718468436,55.00894825573789,55.01426533523555
806.0,55.531098430813124,54.83962196861625,54.93937232524963,55.03191713700857,55.07799725432368,55.013072234469576,55.01426533523555
807.0,55.511697574893006,54.66667261055634,54.84122681883024,55.03093096818143,55.08447443468387,55.017196213201245,55.01426533523555
808.0,55.4941512125535,54.57203994293866,54.82368045649073,55.02994479935429,55.090913381840444,55.02132019193293,55.01426533523555
809.0,55.48502139800286,54.57203994293866,54.81455064194009,55.02895863052714,55.09690054696931,55.0254441706646,55.01426533523555
810.0,55.48502139800286,54.57203994293866,54.81455064194009,55.0279724617,55.10271473200083,55.0295681493963,55.01426533523555
811.0,55.4743937232525,54.57203994293866,54.81455064194009,55.02698629287286,55.10844864529213,55.03333944167779,55.015127240805015
812.0,55.43714174555829,54.6490727532097,55.0225392296719,55.026000124045716,55.114186521139544,55.037293984313095,55.01524694991189
813.0,55.38765400077811,54.729029957204,55.20449358059914,55.025013955218576,55.12000411977858,55.04120687856262,55.01410971339662
814.0,55.338166255997926,54.75934379457917,55.20449358059914,55.02427742012713,55.12596872738392,55.04436781680273,55.012048056556075
815.0,55.288678511217746,54.7706847360913,55.20998573466476,55.025882934875355,55.13213915606947,55.0473186647124,55.00939450468712
816.0,55.23919076643756,54.7706847360913,55.20663338088445,55.02846691167823,55.13856574388829,55.05160919247299,55.006481583086604
817.0,55.18970302165737,54.76633380884451,55.20663338088445,55.02844211038015,55.14529035483264,55.05652402207517,55.0036418170514
818.0,55.14021527687719,54.76633380884451,55.202710413694724,55.02588390769372,55.15234637883394,55.062081472195146,55.00120773187838
819.0,55.090727532097006,54.790513552068475,55.202710413694724,55.02113422324746,55.15975873176285,55.06929690029362,54.99951185286437
820.0,55.04123978731682,54.824536376604854,55.22539229671897,55.01446540759745,55.16754385542918,55.07782195052161,54.998886705306276
821.0,54.99175204253664,54.89491203043272,55.24807417974323,55.00624979118671,55.17570971758192,55.08732174849047,54.99966481450093
822.0,54.94226429775645,54.97051830718022,55.291726105563484,54.99685260079192,55.18383476300842,55.09712402718795,55.00000000000017
823.0,54.892776552976265,55.04612458392773,55.33216833095578,54.986631959523365,55.19199161614195,55.10683271360235,55.00000000000017
824.0,54.843288808196085,55.12173086067523,55.342368045649074,54.97593888682498,55.20087937700662,55.1165089851595,55.00000000000017
825.0,54.7938010634159,55.197337137422736,55.342368045649074,54.965117298474276,55.20979204041792,55.1267632552531,55.00000000000017
826.0,54.7822137206588,55.272943414170236,55.34336661911555,54.95450400658245,55.21978987660115,55.13674037534946,54.99922787626086
827.0,54.7822137206588,55.34854969091774,55.34336661911555,54.94442871959429,55.23111640821269,55.14589727576501,54.99899593986629
828.0,54.82448450265854,55.35613409415119,55.3243937232525,54.93521404228824,55.24293445533739,55.154104301310134,55.000045888491144
829.0,54.86675528465828,55.35613409415119,55.3243937232525,54.927175475776316,55.25546695505942,55.161660227431554,55.00204878811172
830.0,54.90902606665802,55.225392296718994,55.32596291012839,54.920621417504236,55.26843983146944,55.16880316300429,55.00475920180645
831.0,54.95129684865776,55.225392296718994,55.33730385164051,54.91585316125129,55.28110984148176,55.17618502778618,55.00772664092938
832.0,54.9935676306575,55.43423680456491,55.33730385164051,54.913164897130414,55.29291581839939,55.184076733419424,55.010527052595705
833.0,55.03583841265724,55.43423680456491,55.287054208273894,54.91284371158817,55.30336862504231,55.19189569004003,55.012762819681676
834.0,55.07810919465698,55.438873038516405,55.099928673323824,54.91516958740474,55.312051153747376,55.20045869185083,55.0140627608247
835.0,55.12037997665673,55.545649072753214,55.099928673323824,54.92001248608546,55.31789379416878,55.21088842866262,55.01408213042324
836.0,55.16265075865647,55.60599144079886,55.22539229671897,54.92386922461513,55.32102601556588,55.22307673295308,55.01250261863689
837.0,55.20492154065621,55.608131241084166,55.37860199714691,54.92531554558813,55.32065058669146,55.23604650620469,55.01098410861623
838.0,55.24719232265595,55.615834522111264,55.37860199714691,54.92659822032509,55.31781000023049,55.251009275964776,55.00977774009174
839.0,55.28946310465569,55.64258202567761,55.08559201141227,54.92785140828649,55.31301897876441,55.26857524789392,55.008552068473776
840.0,55.33173388665543,55.71091298145506,55.08559201141227,54.92903825100288,55.30618674924633,55.28709838231311,55.00741797432257
841.0,55.37400466865517,55.71091298145506,55.331740370898736,54.930225093719265,55.29593655992902,55.30535129612092,55.00618871143139
842.0,55.41627545065491,55.65378031383737,55.484522111269605,54.93141193643565,55.282746292547756,55.32285442875869,55.00469294614105
843.0,55.45854623265465,55.64165477888731,55.484522111269605,54.93259877915203,55.270131510494664,55.33992032117688,55.002916213601125
844.0,55.50081701465439,55.630313837375176,55.35977175463623,54.93378562186841,55.265195226838,55.356402449402616,55.002554309694276
845.0,55.543087796654135,55.56455064194009,55.23502139800285,54.9349724645848,55.267436219534254,55.37013522455827,55.00425291541572
846.0,55.585358578653874,55.56455064194009,55.20492154065621,54.93615930730119,55.27776193924817,55.38180258063064,55.00601263928671
847.0,55.627629360653614,55.56676176890157,55.20492154065621,54.937346150017575,55.294532721832354,55.39187594054845,55.00710450272522
848.0,55.669900142653354,55.5962910128388,55.20492154065621,54.938532992733954,55.31778885904764,55.40016242616024,55.007529586438466
849.0,55.712170924653094,55.65299572039944,55.200356633380885,54.93971983545034,55.3466218676197,55.40811545548043,55.00726253537255
850.0,55.754441706652834,55.66690442225393,55.200356633380885,54.940906678166726,55.37956420276841,55.416040830849,55.0062515587125
851.0,55.796712488652574,55.686019971469335,55.207489300998574,54.94209352088312,55.41495899240684,55.423491961932925,55.003795942526494
852.0,55.838983270652314,55.703851640513555,55.21398002853067,54.9432803635995,55.45113877187207,55.43050561962737,55.00085758274078
853.0,55.881254052652054,55.71904422253923,55.21783166904422,54.94446720631589,55.48642548392515,55.43856320233625,54.99933095910289
854.0,55.92352483465179,55.75306704707561,55.24051355206848,54.94565404903227,55.51913047875111,55.447535230807226,55.00063612089308
855.0,55.92724679029957,55.766405135520685,55.25285306704708,54.94684089174866,55.54755451395897,55.45723687125082,55.0040129152827
856.0,55.93466476462197,55.770328102710415,55.279029957203996,54.948027734465036,55.57062630704159,55.46830745224962,55.0071918571207
857.0,55.95049928673324,55.77482168330956,55.35798858773182,54.94921457718143,55.58739508436453,55.48197034638255,55.01006487568559
858.0,55.9716119828816,55.787731811697576,55.51012838801712,54.95040141989781,55.598473896261225,55.498516386481256,55.01259871844768
859.0,55.98295292439372,55.787731811697576,55.69158345221113,54.9515882626142,55.601787074165266,55.51696362409398,55.014460860110106
860.0,55.994293865905846,55.719923918212075,55.74322396576319,54.95277510533059,55.591889051359516,55.536012906420304,55.016126811847386
861.0,55.99857346647646,55.61407513076557,55.77018544935806,54.95396194804697,55.57576338330274,55.55487145575836,55.015666763099176
862.0,56.00271041369472,55.50822634331906,55.78873038516405,54.95514879076335,55.56219327747091,55.57344796277048,55.01404936005524
863.0,56.01283880171184,55.426248216833095,55.800071326676175,54.95633563347974,55.55555374756278,55.59112608942744,55.01212501768867
864.0,56.01283880171184,55.426248216833095,55.8114122681883,54.957522476196125,55.55800175516919,55.606796856309295,55.00973709811102
865.0,56.00320970042795,55.42796005706134,55.8114122681883,54.9587093189125,55.565778577986634,55.619215719009055,55.00727419407893
866.0,55.96504992867332,55.43466476462197,55.806419400855916,54.9598961616289,55.57802640722471,55.63057729605842,55.00509552528115
867.0,55.75713266761767,55.44222539229672,55.798858773181166,54.96108300434528,55.5954175416916,55.63954445127823,55.00353093833853
868.0,55.281883024251066,55.44222539229672,55.790299572039935,54.96226984706166,55.61746343379402,55.645223351126624,55.00288090680404
869.0,55.23685551253312,55.44222539229672,55.67689015691868,54.96345668977805,55.64291709667016,55.64999447387239,55.003416531162785
870.0,55.23685551253312,55.44222539229672,55.56348074179743,54.964643532494435,55.67272703804259,55.653663309174696,55.00537953883192
871.0,55.247386386794375,55.54222539229672,55.48815977175464,54.965830375210814,55.70432191757802,55.656544519830184,55.0070454905692
872.0,55.25791726105564,55.74636233951499,55.44621968616263,54.9670172179272,55.73574396990893,55.66034143536532,55.00856513117586
873.0,55.268448135316895,55.94500713266763,55.41219686162624,54.9682040606436,55.76388253019665,55.66624951792053,55.00975668015628
874.0,55.27897900957815,56.0243937232525,55.37817403708986,54.96939090335998,55.787079340658764,55.672904117266995,55.010649196526686
875.0,55.289509883839415,56.05028530670471,55.37817403708986,54.97057774607636,55.804484197174986,55.68155161985402,55.01103974748785
876.0,55.30004075810067,56.079600570613415,55.39486447931527,54.97176458879275,55.81487620542947,55.69415946676771,55.011452910169204
877.0,55.310571632361935,56.11576319543509,55.43716119828816,54.97295143150913,55.81859406470583,55.71011782541941,55.011852568628775
878.0,55.32110250662319,56.11576319543509,55.47146932952925,54.974138274225524,55.81462037140169,55.72857222134844,55.01223197999249
879.0,55.331633380884455,56.10399429386591,55.528174037089876,54.9753251169419,55.803301056398915,55.74889102057936,55.013547505487765
880.0,55.34216425514571,55.661911554921524,55.5848787446505,54.97651195965829,55.78301666138857,55.76958205225829,55.01401361358583
881.0,55.35269512940697,55.365263908701856,55.5848787446505,54.97769880237467,55.76296315122539,55.79022733600043,55.01337849026882
882.0,55.36322600366823,55.365263908701856,55.584878744650496,54.97888564509106,55.745885798506,55.81036272377831,55.0118181153133
883.0,55.37375687792949,55.37068473609129,55.584878744650496,54.98007248780744,55.736113542554456,55.82774250953247,55.00942592832767
884.0,55.38428775219075,55.420970042796,55.59600570613409,54.98125933052383,55.73241589910949,55.84180708547335,55.00653744733648
885.0,55.39481862645201,55.47200427960057,55.62375178316691,54.98244617324021,55.73489574273643,55.851996843811385,55.00347422430179
886.0,55.405349500713264,55.52303851640514,55.647218259629106,54.98363301595659,55.74293517316761,55.858556612954516,55.001070066405475
887.0,55.41369472182596,55.5740727532097,55.71975748930102,54.984819858672985,55.75788186586226,55.861205656328316,54.99942406618601
888.0,55.41369472182596,55.62510699001427,56.025962910128406,54.986006701389364,55.778483978195126,55.85891937870409,54.99886874894024
889.0,55.435235378031386,55.62767475035663,56.06291012838802,54.98719354410576,55.80600559421186,55.85550642406356,54.99973663996505
890.0,55.92082738944368,55.643366619115554,56.06291012838802,54.98838038682213,55.84051633844824,55.85044458507112,55.00000000000017
891.0,56.32225392296719,55.8333808844508,55.937018544935796,54.98956722953852,55.87677279667189,55.84464826085488,54.99961693085818
892.0,56.34293865905849,56.17175463623395,55.68074179743224,54.9907540722549,55.90933865318192,55.83978694798704,54.99889867621697
893.0,56.354279600570614,56.18309557774608,55.65805991440799,54.991940914971295,55.93440839430269,55.83664204547771,54.99957037731663
894.0,56.35520684736091,56.18309557774608,55.645791726105564,54.99312775768769,55.952616399585395,55.83590117139832,55.00129950886031
895.0,56.3565093344911,56.176533523537806,55.62696148359486,54.99431460040407,55.96380459148796,55.838949448295985,55.00375354555115
896.0,56.35848167214538,56.17432239657632,55.62696148359486,54.99550144312046,55.96826256704149,55.84709162504904,55.00659996209229
897.0,56.36045400979966,56.17089871611982,55.686733238231135,54.996688285836825,55.96607202898326,55.85862490842183,55.00950623318687
898.0,56.36242634745395,56.08017118402282,56.09500713266765,54.99787512855322,55.956804480965424,55.873381579296435,55.01213983353801
899.0,56.36439868510823,55.98944365192581,56.19151212553495,54.99906197126961,55.94139626340483,55.89100360527251,55.01416823784887
900.0,56.366371022762515,55.89871611982881,56.21968616262482,55.000248813986,55.915704786371364,55.91049658662497,55.015258920822575
901.0,56.368343360416794,55.807988587731806,56.23944365192582,55.00143565670238,55.88377552452669,55.93135871838555,55.01507935716227
902.0,56.370315698071074,55.72624821683309,56.269614835948644,55.002622499418756,55.855351785777714,55.95112196698338,55.01426533523555
903.0,56.37228803572536,55.71490727532097,56.269614835948644,55.00380934213515,55.838649941543615,55.967072584393996,55.01426533523555
904.0,56.37426037337964,55.70162624821683,56.269614835948644,55.00499618485153,55.828689272644425,55.98012746466358,55.01426533523555
905.0,56.37623271103393,55.68801711840228,56.269614835948644,55.00618302756793,55.826468469131584,55.98920710104908,55.01426533523555
906.0,56.37820504868821,55.67440798858773,56.269614835948644,55.00736987028431,55.83211421221845,55.992691941973575,55.01426533523555
907.0,56.38017738634249,55.66079885877318,56.26868758915835,55.00855671300069,55.845125606299376,55.990461904932204,55.01426533523555
908.0,56.382149723996775,55.64718972895863,56.257346647646216,55.00974355571707,55.86535906534238,55.98265355754261,55.01426533523555
909.0,56.384122061651055,55.633580599144075,56.24600570613409,55.01093039843346,55.891855654766076,55.97209751258932,55.01426533523555
910.0,56.38609439930534,55.633580599144075,56.241084165477886,55.012117241149845,55.9213128492004,55.9577407980653,55.01426533523555
911.0,56.38806673695962,55.75320970042799,56.09778887303848,55.013304083866224,55.95239106418213,55.941029067426925,55.01426533523555
912.0,56.39003907461391,56.18516405135521,55.6527817403709,55.01449092658262,55.98954536064088,55.92439670782669,55.01426533523555
913.0,56.39201141226819,56.207845934379456,55.58473609129815,55.01567776929899,56.01575016123631,55.90806145332873,55.01426533523555
914.0,56.39398374992247,56.230527817403704,55.56162624821683,55.01686461201539,56.0329671011237,55.89491055368925,55.01426533523555
915.0,56.39595608757676,56.241084165477886,55.55028530670471,55.01805145473177,56.041250578843616,55.88499656540651,55.01426533523555
916.0,56.397928425231036,56.24422253922967,55.5422967189729,55.01923829744815,56.0410267124108,55.87939883200458,55.01426533523555
917.0,56.39990076288532,56.24422253922967,55.5422967189729,55.020425140164534,56.0317906889651,55.877428149856684,55.01426533523555
918.0,56.4018731005396,56.25513552068473,55.55363766048502,55.02161198288093,56.01305126613525,55.87960161987733,55.01426533523555
919.0,56.40384543819388,56.24379457917261,55.62539229671898,55.022798825597306,55.9853340089036,55.88556997685487,55.01426533523555
920.0,56.40581777584817,55.952924393723194,55.69329529243938,55.023985668313685,55.94738973278193,55.89445454329174,55.01426533523555
921.0,56.40779011350245,55.4564907275321,55.76091298145508,55.025172511030085,55.90471412436001,55.90403976199812,55.01426533523555
922.0,56.40976245115674,55.4564907275321,55.89700427960059,55.02635935374646,55.86490247202008,55.9110745682036,55.01426533523555
923.0,56.41173478881102,55.47888730385164,56.04429386590586,55.02754619646286,55.83060918204392,55.91624196321535,55.01426533523555
924.0,56.41226818830243,55.50984308131241,56.12553495007133,55.02873303917924,55.80170165070239,55.918155005760944,55.01426533523555
925.0,56.41226818830243,55.538516405135525,56.12553495007133,55.02991988189562,55.7788012758118,55.91486283313499,55.01426533523555
926.0,56.4074179743224,55.56119828815977,56.119686162624824,55.03110876457761,55.76271209718081,55.905941472485964,55.014438913440515
927.0,56.384736091298144,55.58388017118402,56.085663338088445,55.0323100287175,55.75376743119904,55.89201176202237,55.01453916981752
928.0,56.35121255349501,55.58388017118402,56.08416547788873,55.033516285404815,55.752319527653036,55.87225443594031,55.01429110594606
929.0,56.326737014349256,55.584878744650496,56.08416547788873,55.03472093606655,55.75694087370563,55.84776800433068,55.013641850303934
930.0,56.30639003104809,55.648834997622444,56.07917261055635,55.03591817246735,55.7704292285007,55.81902188486095,55.01299675122802
931.0,56.28604304774692,55.82650974797908,56.06990014265335,55.03710297670933,55.795896104616126,55.788248376320624,55.01251050687587
932.0,56.265696064445756,56.00418449833572,56.06990014265335,55.03827112123221,55.825380101931884,55.75691899070935,55.01209989355513
933.0,56.24534908114459,56.181859248692355,56.03844507845934,55.039419168813225,55.83655622729148,55.72682141842785,55.01171106064133
934.0,56.22500209784342,56.26376604850214,56.03844507845934,55.0405444725672,55.83931517530345,55.700246017573804,55.01131953057791
935.0,56.204655114542255,56.288516405135525,56.046005706134096,55.04164517594647,55.83396547639576,55.67724809605039,55.01093019887616
936.0,56.18430813124109,56.288516405135525,56.055634807417974,55.04272021274096,55.821382357151265,55.65956999271042,55.01057733411531
937.0,56.16396114793992,56.25339311188099,56.055634807417974,55.0437693070781,55.79846528729496,55.647086891699814,55.00988581081323
938.0,56.143614164638755,56.21450988383941,55.984736091298146,55.04479297342294,55.76598944020033,55.639863171231376,55.00871088809765
939.0,56.12326718133759,56.17562665579784,55.934165477888726,55.045792516578004,55.72441473419261,55.63602913504621,55.007230485476015
940.0,56.10292019803642,56.136743427756265,55.89158345221112,55.04677003168344,55.67537146531832,55.63395641774466,55.00575889477476
941.0,56.082573214735255,56.097860199714695,55.81726105563481,55.04772840421687,55.62293138648824,55.63233693611869,55.00440485176594
942.0,56.06222623143409,56.05897697167312,55.72168330955778,55.04867130999355,55.57121456341897,55.62999514073834,55.002246651747534
943.0,56.04187924813292,56.02009374363155,55.72168330955778,55.049603215166236,55.52503215646193,55.626131212170414,55.00149495984035
944.0,56.021532264831755,55.98121051558997,55.825677603423685,55.05052937622524,55.48635768077945,55.61710215033888,55.00230848297913
945.0,56.00118528153059,55.9423272875484,55.868188302425104,55.05145583999843,55.45505422366242,55.60216384010258,55.0042239949517
946.0,55.98083829822942,55.903444059506825,55.868188302425104,55.05238944365125,55.4327974560223,55.58074177411457,55.00559686258704
947.0,55.960491314928255,55.864560831465255,55.845506419400856,55.053334522110596,55.41897022373517,55.55318528753746,55.006402238856055
948.0,55.94014433162709,55.82567760342368,55.6156918687589,55.05427960056994,55.41187483998647,55.520413116459764,55.00658590366169
949.0,55.91979734832592,55.78679437538211,55.414907275320964,55.05522467902929,55.41253909443267,55.48432263440895,55.00606426383905
950.0,55.899450365024755,55.74791114734053,55.26747503566333,55.056169757488625,55.42470151686287,55.446445721074944,55.00472435315534
951.0,55.87910338172359,55.70902791929896,55.11554921540656,55.05711483594798,55.44988515565656,55.40822301676098,55.00269112722768
952.0,55.85875639842242,55.670144691257384,54.88873038516405,55.05805991440731,55.46460442607723,55.37157138799918,55.00002078283123
953.0,55.838409415121255,55.631261463215814,54.84921540656205,55.05900499286665,55.46705919810934,55.338608833688085,54.99912761988385
954.0,55.81806243182009,55.613409415121254,54.84921540656205,55.059950071326,55.46141519796757,55.31081407077759,54.99886276348491
955.0,55.79771544851893,55.613409415121254,55.01783166904428,55.060895149785345,55.44934998407381,55.289609552317756,54.99892411440217
956.0,55.77736846521776,55.613409415121254,55.570613409415124,55.06184022824469,55.430739142792106,55.27379909334144,54.999694741777645
957.0,55.757021481916595,55.613409415121254,55.570613409415124,55.06278530670403,55.40395246085126,55.263189722429196,55.001494534946914
958.0,55.73667449861543,55.5002853067047,55.561911554921544,55.063730385163375,55.3722538331961,55.25755596427584,55.0046912668883
959.0,55.71632751531426,55.352853067047064,55.55057061340941,55.06467546362273,55.336473665323076,55.255310794507146,55.00787353397927
960.0,55.695980532013095,55.20542082738943,55.53637660485021,55.06562054208206,55.29953363802355,55.25520673077528,55.009785554436235
961.0,55.67563354871193,55.057988587731806,55.51369472182596,55.06656562054141,55.263634576812244,55.255878166854785,55.01042732825917
962.0,55.65528656541076,54.910556348074174,55.51355206847361,55.06751069900076,55.23059038038805,55.253973541743036,55.009798855448096
963.0,55.634939582109595,54.871611982881596,55.50520684736091,55.068455777460095,55.20236173956811,55.2495256857637,55.00790013600302
964.0,55.61459259880843,54.83908701854494,55.49928673323823,55.06940085591944,55.178765601981084,55.240152674994505,55.00473116992393
965.0,55.59424561550726,54.781027104136946,55.49928673323823,55.070345934378786,55.16038580177038,55.2223068758536,55.0015174791924
966.0,55.573898632206095,54.75834522111269,55.49928673323823,55.071291012838124,55.14792669394376,55.19789678407326,54.99970937289072
967.0,55.55355164890493,54.73566333808844,55.49928673323823,55.072236091297476,55.14057811098726,55.16818480487575,54.998927107129845
968.0,55.53320466560376,54.720970042796004,55.31840228245361,55.07318116975681,55.14310998648013,55.13454344631591,54.99950320720666
969.0,55.512857682302595,54.68430813124108,55.0008559201141,55.07412624821616,55.1569610487323,55.098193702639605,55.00000000000017
970.0,55.49251069900143,54.62696148359487,54.74322396576319,55.07507132667551,55.17582199972044,55.0609094839057,55.00000000000017
971.0,55.47216371570026,54.62696148359487,54.74322396576319,55.076016405134844,55.1860710531672,55.02373666792666,55.00000000000017
972.0,55.47075606276748,55.142653352353804,54.74322396576319,55.07696148359419,55.17582004109318,54.98889433858722,55.00000000000017
973.0,55.47075606276748,55.313837375178316,54.74322396576319,55.07790656205353,55.15686826459494,54.957131664986385,55.00000000000017
974.0,55.47546362339515,55.313837375178316,54.89857346647647,55.07885164051287,55.13079951864336,54.929981004812426,55.00000000000017
975.0,55.47546362339515,55.289764621968615,55.219329529243936,55.07979671897222,55.099708823242075,54.90725804890811,55.00000000000017
976.0,55.47189728958631,55.13666191155492,55.253352353780315,55.08074179743156,55.06302248130959,54.88955778276797,55.00000000000017
977.0,55.458156415205174,54.98355920114122,55.253352353780315,55.0816868758909,55.02222254995481,54.87765752492868,55.00000000000017
978.0,55.444147016866665,54.83045649072752,55.24222539229672,55.08263195435025,54.97724853440983,54.87155867440973,55.00000000000017
979.0,55.43013761852816,54.67735378031382,55.22824536376605,55.08357703280959,54.930366660852286,54.86991721651951,54.999958101812766
980.0,55.41612822018965,54.540656205420824,55.22539229671897,55.08452211126894,54.88391177036986,54.87082374616309,54.99984961543467
981.0,55.40211882185114,54.540656205420824,55.20271041369472,55.085467189728284,54.84013158011254,54.87270658154654,54.99981160363667
982.0,55.38810942351263,54.554350927246794,55.175106990014264,55.08641226818763,54.802579183335695,54.873446604555745,54.999948084488196
983.0,55.37410002517412,54.554350927246794,55.14675463623395,55.087357346646975,54.77230573332103,54.8731159346446,55.0003300313573
984.0,55.360090626835614,54.5651212553495,55.128388017118404,55.088302425106306,54.75045008788106,54.86771209368327,55.000995372910666
985.0,55.346081228497106,54.59165477888732,55.08987161198287,55.08930033403855,54.73736135134022,54.85592273145427,55.00194899311357
986.0,55.3320718301586,55.10199714693296,54.68159771754635,55.09032172318094,54.73458427436757,54.8412991889411,55.00316273122995
987.0,55.31806243182009,55.17888730385164,54.68159771754635,55.09208095519386,54.74147048138794,54.82303765950503,55.00457538182235
988.0,55.30405303348158,55.17888730385164,54.81169757489301,55.094512217869564,54.76096896555034,54.80235895085597,55.00609269475193
989.0,55.29004363514307,55.16390870185449,55.01497860199711,55.09702238524359,54.78823754557821,54.78027756196539,55.00762179154671
990.0,55.27603423680456,55.14122681883023,55.01497860199711,55.099086300380925,54.81294757547526,54.75847774906093,55.00914976606862
991.0,55.262024838466054,55.11854493580599,54.57268188302422,55.10024677537602,54.8241704047683,54.73779635895788,55.0106145400013
992.0,55.248015440127546,55.11854493580599,54.468188302425105,55.10011459135272,54.828762721166825,54.719308911193764,55.01264622799947
993.0,55.23400604178904,55.114122681883025,54.45171184022825,55.09836849846437,54.82713651258887,54.70453859405005,55.0139761837071
994.0,55.21999664345053,55.11001426533523,54.44365192582026,55.09475521589367,54.819603900279084,54.69399462146896,55.013731923093715
995.0,55.20598724511202,55.04650499286733,54.44329529243938,55.08908943185285,54.806587411435565,54.68839021940755,55.012239009207796
996.0,55.19197784677351,54.98299572039943,54.43815977175464,55.08125380358352,54.78613611340199,54.68807965457209,55.00890436239954
997.0,55.177968448435,54.919486447931526,54.43815977175464,55.07041048746901,54.7601160183526,54.691856727347684,55.00601552810022
998.0,55.16533523537803,54.85597717546362,54.449500713266765,55.056695147593544,54.72850719025991,54.699905472916875,55.00428500410686
999.0,55.156852224095445,54.79246790299572,54.46084165477889,55.0407645944539,54.69220393366902,54.71055693099829,55.00383800697655
1000.0,55.15659447542471,54.72895863052781,54.46084165477889,55.023278728048126,54.6547285645727,54.721063030956365,55.00474580103699
1001.0,55.156336726753985,54.66544935805991,54.46084165477889,55.004900537875685,54.619465777418135,54.73118484358195,55.00692384173143
1002.0,55.15607897808325,54.601940085592005,54.449500713266765,54.98629610293732,54.59275884308484,54.73801658211081,55.01037212905989
1003.0,55.155821229412524,54.5384308131241,54.438159771754634,54.96813459173513,54.573348005160774,54.74005042998796,55.013229685198475
1004.0,55.15556348074179,54.4749215406562,54.429386590584876,54.95108826227258,54.562255783662415,54.73672552030633,55.01486321571931
1005.0,55.155305732071064,54.4114122681883,54.429386590584876,54.93583246205442,54.559226358552166,54.72776260877892,55.01540107538698
1006.0,55.15504798340033,54.347902995720396,54.41840228245364,54.92296035784986,54.56372993048205,54.71377943245443,55.01451073890463
1007.0,55.1547902347296,54.32146932952924,54.415121255349504,54.91311794690095,54.57545039100195,54.695256554522146,55.01426533523555
1008.0,55.154532486058876,54.27417974322396,54.38944365192582,54.90575583426029,54.59529787223062,54.672816608598914,55.01466636074357
1009.0,55.15427473738814,54.196718972895866,54.341583452211125,54.90042665430488,54.62155682653817,54.647997000501576,55.01536216992725
1010.0,55.154016988717416,54.183238231098436,54.330242510699,54.896986978392405,54.65667036163187,54.6228461512268,55.014673011249506
1011.0,55.15375924004668,54.183238231098436,54.330242510699,54.895228498352445,54.67918958532529,54.599054216201,55.01293141000719
1012.0,55.153501491375955,54.186875891583455,54.32945791726105,54.894878026486495,54.694167674348634,54.57835313489885,55.01046989149717
1013.0,55.15324374270522,54.292011412268195,54.32945791726105,54.895597495567934,54.70145637927165,54.56198152921156,55.0076209810163
1014.0,55.152985994034495,54.54893009985737,54.32945791726105,54.89698395884204,54.70084468132367,54.54979928733881,55.00471720386146
1015.0,55.15272824536376,54.84379457917263,54.353780313837376,54.898569590026,54.69338228813299,54.54289834397998,55.002091085329496
1016.0,55.152470496693034,54.85,54.52239657631956,54.899821683308886,54.67761836987117,54.541382926085866,55.000075150717265
1017.0,55.1522127480223,54.85,54.67446504992868,54.90014265335168,54.654601934656725,54.54447841989077,54.999001925321636
1018.0,55.151954999351574,54.83423680456491,54.74172610556348,54.90014265335168,54.62242348412675,54.55111082146159,54.99920393443948
1019.0,55.15169725068084,54.76062767475034,54.74172610556348,54.90014265335168,54.58357565127787,54.55988055171665,55.00000000000017
1020.0,55.15143950201011,54.35235378031382,54.74172610556348,54.90014265335168,54.544280691805135,54.56726418011096,55.00000000000017
1021.0,55.15118175333938,54.27125534950071,54.76861626248217,54.90014265335168,54.5082461238993,54.5750817143951,54.99919794898413
1022.0,55.15092400466865,54.27125534950071,54.80699001426534,54.90014265335168,54.48136417456152,54.5802585527883,54.99900342168547
1023.0,55.15066625599792,54.27132667617689,54.81455064194009,54.90014265335168,54.461420312549606,54.581633345908294,55.000082466273795
1024.0,55.15040850732719,54.27132667617689,54.81455064194009,54.90014265335168,54.44882002034108,54.57811059155606,55.00210255745223
1025.0,55.15015075865646,54.25998573466477,54.81455064194009,54.90014265335168,54.44357950324483,54.569903010642605,55.00473116992393
1026.0,55.14989300998573,54.229529243937236,54.80499286733238,54.90014265335168,54.444831275919086,54.55757237943766,55.007635778392014
1027.0,55.149635261315,54.213875781850106,54.56148359486447,54.90014265335168,54.453595037024385,54.540805061092186,55.01101057762986
1028.0,55.14937751264427,54.21125864150115,54.26077032810271,54.90014265335168,54.4716788093778,54.52053718617012,55.01400829318108
1029.0,55.14911976397354,54.2086415011522,54.184522111269615,54.90014265335168,54.50192382665336,54.49995010163809,55.014934376132835
1030.0,55.14886201530281,54.206024360803255,54.15049928673324,54.90014265335168,54.53927154921288,54.479890074375874,55.01378882648515
1031.0,55.14860426663208,54.2034072204543,54.1348787446505,54.90014265335168,54.55956951471212,54.46139601624475,55.01057164423801
1032.0,55.14834651796135,54.20079008010535,54.12981455064194,54.90014265335168,54.57153909396635,54.44649589924009,55.007310236126386
1033.0,55.14808876929062,54.1981729397564,54.12981455064194,54.90014265335168,54.576261938881764,54.43526520046251,55.00442391654963
1034.0,55.14783102061989,54.195555799407444,54.130242510699,54.90014265335168,54.57357937733307,54.428007110748986,55.00185017075191
1035.0,55.147573271949156,54.19293865905849,54.14158345221113,54.90014265335168,54.56412157432526,54.424937545438326,54.999921524030114
1036.0,55.14731552327843,54.19032151870954,54.17945791726106,54.90014265335168,54.547251789461825,54.42639422783152,54.998970501681086
1037.0,55.147057774607696,54.187704378360586,54.230741797432245,54.90014265335168,54.523889621559896,54.43058515388448,54.99932962900169
1038.0,55.14680002593697,54.18508723801163,54.31141226818831,54.90014265335168,54.4909820836896,54.436411487068426,55.00000000000017
1039.0,55.14654227726624,54.18247009766268,54.3323823109843,54.90014265335168,54.45437895815574,54.4443962041797,55.00000000000017
1040.0,55.14628452859551,54.17985295731373,54.39436519258202,54.90014265335168,54.418485049999504,54.451170256472246,54.99907225442193
1041.0,55.14602677992478,54.177235816964775,54.39436519258202,54.90014265335168,54.38946695725789,54.45918283738804,54.99930419081649
1042.0,55.14576903125405,54.17461867661582,54.541369472182595,54.90014265335168,54.36904034414569,54.46431863787667,55.00060569482841
1043.0,55.14551128258332,54.16997146932953,54.65791726105563,54.90014265335168,54.35558582230489,54.4657281733136,55.00234197566597
1044.0,55.14525353391259,54.16997146932953,54.65791726105563,54.90014265335168,54.3489499659332,54.46281226697515,55.00391881062369
1045.0,55.14499578524186,54.62268188302427,54.303851640513535,54.90014265335168,54.349575751230034,54.45652763832855,55.00593308260943
1046.0,55.14473803657113,54.752282453637655,54.19300998573467,54.90014265335168,54.357119928767474,54.44741279328628,55.0081884354354
1047.0,55.1444802879004,54.752282453637655,54.17646219686163,54.89971203515762,54.372075594617584,54.434773771555314,55.010352343804726
1048.0,55.144222539229666,54.74322396576319,54.156062767475035,54.898433850994294,54.39883279027994,54.42064358160111,55.012092282420554
1049.0,55.14396479055894,54.74322396576319,54.14472182596291,54.896886695344115,54.43201698425119,54.407458522569485,55.01307572598603
1050.0,55.143707041888206,54.74322396576319,54.14472182596291,54.89558560723341,54.45716281648669,54.39336214225257,55.01297014920427
1051.0,55.14344929321748,54.78987161198288,54.38509272467904,54.89498207023237,54.47122251140406,54.380423916890116,55.01441064879028
1052.0,55.143191544546745,54.833666191155494,54.605706134094156,54.895464012455136,54.47790660674444,54.37091310270276,55.014994064423625
1053.0,55.14293379587602,54.833666191155494,54.63009985734665,54.8973558065597,54.47830848286064,54.36452000341294,55.013772366482954
1054.0,55.14293379587602,54.82981455064194,54.64144079885878,54.900918269748,54.47233235355269,54.36139338142474,55.01236528568928
1055.0,55.152995720399424,54.81847360912982,54.65706134094151,54.906576883814026,54.459836358245944,54.36253973798164,55.01161976397371
1056.0,55.156918687589155,54.61426533523534,54.65706134094151,54.91519714438296,54.44212948173879,54.367428238461265,55.01127393766498
1057.0,55.156918687589155,54.30805991440795,54.65706134094151,54.92625877165712,54.415946847829694,54.37426636584572,55.01127393766498
1058.0,55.150328102710404,54.04108416547788,54.65898716119829,54.939664129621896,54.383283147395204,54.382963417039115,55.011721516714545
1059.0,55.10269614835948,54.018402282453636,54.65898716119829,54.95465813637793,54.3515047464838,54.39253469218473,55.01333941854644
1060.0,55.05506419400855,54.005706134094154,54.65898716119829,54.97051042603651,54.327624774271435,54.40020124895065,55.01415826208996
1061.0,55.007432239657625,54.00142653352354,54.657631954350926,54.98651534871969,54.31278793958097,54.40655976914246,55.01414745501781
1062.0,54.9598002853067,53.989015691868765,54.65121255349501,55.001991970560226,54.30423798751293,54.409528092077196,55.012066012922105
1063.0,54.91216833095577,53.989015691868765,54.59935805991441,55.016276630917936,54.30206818603224,54.409408429278194,55.00869603530106
1064.0,54.866975748930095,54.033951497860194,54.588017118402284,55.028580348097144,54.306198044885164,54.4060573812494,55.00577064400191
1065.0,54.866975748930095,54.033951497860194,54.33594864479315,55.03838982185285,54.31682219099751,54.399005926712164,55.00299987696581
1066.0,54.871611982881596,54.03373751783167,54.20870185449358,55.045206581546545,54.33552202934858,54.388877515378056,55.00071625948961
1067.0,54.87917261055635,54.03081312410841,54.19736091298146,55.048546986146086,54.362211450289756,54.37663513898492,54.99925231687017
1068.0,54.89757489300999,54.03081312410841,54.186875891583455,55.0486372571004,54.394837486011085,54.365115542685984,54.99894057440437
1069.0,54.89757489300999,54.042154065620544,54.186875891583455,55.04637210733504,54.42381604868023,54.35393651436097,54.99985634907193
1070.0,54.895187326375854,54.07203994293866,54.409415121255364,55.04206845473279,54.44110703167328,54.3432341319707,55.00000000000017
1071.0,54.89279975974172,54.33459343794581,54.53559201141227,55.036121602239035,54.45184398538922,54.335375979487836,54.99949722175131
1072.0,54.89041219310759,54.653637660485025,54.546932952924394,55.02900523786161,54.45623537538812,54.331631853620856,54.99892860349368
1073.0,54.88802462647346,54.686162624821684,54.55777460770328,55.02127143467093,54.453870636088396,54.331783204210936,54.99971668844725
1074.0,54.885637059839326,54.686162624821684,54.55777460770328,55.013550650799864,54.4450320896199,54.33621709331253,55.00152895131514
1075.0,54.8832494932052,54.686162624821684,54.548858773181166,55.00655172944388,54.430168541429815,54.34412796551257,55.004751121441736
1076.0,54.880861926571065,54.680171184022825,54.4716119828816,55.00069354369544,54.408163247540124,54.353895289920466,55.00743460058741
1077.0,54.87847435993693,54.66576319543509,54.4716119828816,54.995302450133224,54.37712254959729,54.365271206919445,55.00885913895917
1078.0,54.876086793302804,54.64094151212551,54.52967189728959,54.990578213193416,54.34491864468523,54.37623413336973,55.01021301570534
1079.0,54.87369922666867,54.448145506419394,54.56369472182596,54.986053265023195,54.320195265810696,54.386886151058924,55.01130584161986
1080.0,54.871311660034536,54.24679029957202,54.58059914407989,54.98167279514852,54.304798403624844,54.395892315605074,55.011709305646704
1081.0,54.86892409340041,54.14407988587732,54.58630527817404,54.97737210669104,54.29545411938886,54.402239433788175,55.01102446979782
1082.0,54.866536526766275,54.14407988587732,54.58901569186876,54.97297447745389,54.29254042816458,54.40550791635103,55.010152680837585
1083.0,54.86414896013214,54.14407988587732,54.60035663338089,54.968300734235825,54.29628355140094,54.4055500035202,55.01014569780635
1084.0,54.861761393498014,54.14407988587732,54.60035663338089,54.963403442084655,54.306277959986446,54.402132875138236,55.010330914396704
1085.0,54.85937382686388,54.20568830242511,54.3873038516405,54.95853787911223,54.32308729555013,54.3954348362371,55.01075941018897
1086.0,54.856986260229746,54.31059201141227,54.2191155492154,54.95382396946215,54.34771999464575,54.38703447044015,55.009696049710485
1087.0,54.85459869359562,54.415495720399434,54.201141226818834,54.949365262920935,54.37644335673205,54.3778988499587,55.00776939814047
1088.0,54.852211126961485,54.5203994293866,54.201141226818834,54.94524893491803,54.404799289670514,54.368382229840506,55.00629780743921
1089.0,54.84982356032735,54.625303138373766,54.125748930099846,54.94154578652573,54.42975075535326,54.36021916106331,55.004198907765414
1090.0,54.847435993693225,54.625303138373766,54.10178316690442,54.938310244459316,54.44702258343802,54.35515673914608,55.00285539472432
1091.0,54.84504842705909,54.619757489301,54.10178316690442,54.935580361076916,54.45848568266721,54.35326468189261,55.00285696498267
1092.0,54.843081312410845,54.54721825962905,54.16376604850216,54.93337781437959,54.464000151093444,54.35526175887459,55.0039469274849
1093.0,54.843081312410845,54.082239657631945,54.356562054208275,54.931707908011305,54.46342608676932,54.36039252289312,55.00583921810758
1094.0,54.83266761768902,54.082239657631945,54.52853067047077,54.930559571258925,54.456623587747465,54.369620012320034,55.00821839965937
1095.0,54.828815977175466,54.09450784593437,54.58630527817404,54.92990535905223,54.44307396755793,54.38041689847575,55.01073966188106
1096.0,54.82425106990014,54.105848787446504,54.58630527817404,54.929701451963915,54.42130072436498,54.392081922849,55.013028821445545
1097.0,54.81628150261531,54.11718972895863,54.589586305278175,54.929887656209566,54.393033349359214,54.40397207277259,55.014682321957814
1098.0,54.81628150261531,54.12853067047075,54.61226818830243,54.930387403647686,54.36568069991944,54.41548126969345,55.015267233954994
1099.0,54.81779362815026,54.361126961483606,54.614835948644796,54.9311077517797,54.34741318967512,54.42696295256464,55.0145885498241
1100.0,54.819305753685214,54.57203994293866,54.614835948644796,54.93193938374989,54.33575259553021,54.43552087127136,55.01426533523555
1101.0,54.820817879220165,54.67574893009986,54.57836424155968,54.93275660834553,54.33067133348406,54.441541947966066,55.01426533523555
1102.0,54.822330004755116,54.68195435092725,54.48007608178793,54.933417359996724,54.331931966615,54.443971508501406,55.01426533523555
1103.0,54.82384213029007,54.70977175463624,54.38178792201617,54.93392805456792,54.34000022850584,54.44388891971846,55.01426533523555
1104.0,54.82535425582501,54.72218259629101,54.28349976224441,54.934427009034025,54.35220874862771,54.44136471551572,55.01426533523555
1105.0,54.82686638135996,54.72218259629101,54.243937232524964,54.934899548263715,54.36912156499848,54.437033024786686,55.01426533523555
1106.0,54.828378506894914,54.71469329529244,54.24008559201141,54.93537208749338,54.39083642244539,54.43143405558424,55.01455862254738
1107.0,54.829890632429866,54.710984308131245,54.22503566333809,54.93584462672305,54.418226005999266,54.42608087078635,55.01538910447629
1108.0,54.83140275796482,54.665620542082735,54.168330955777456,54.93631716595273,54.44929053390713,54.42166218436305,55.01480469126706
1109.0,54.83291488349977,54.657631954350926,54.14900142653352,54.936789705182406,54.48941494870895,54.42076319776612,55.01313790821654
1110.0,54.83442700903471,54.65121255349501,54.14407988587732,54.93726224441207,54.53068949742024,54.42182377111229,55.010721280621595
1111.0,54.835939134569664,54.643366619115554,54.14407988587732,54.93773478364173,54.563858663590636,54.42548955188873,55.00788733377909
1112.0,54.837451260104615,54.64279600570614,54.14465049928673,54.93820732287141,54.589208943091414,54.433153497151636,55.00496859298589
1113.0,54.838963385639566,54.631455064194014,54.15599144079886,54.93870594507041,54.60568713074562,54.44404381449122,55.00229758353885
1114.0,54.84047551117452,54.24265335235373,54.17631954350928,54.93921649196732,54.61368870604156,54.457787432047795,55.000206830734825
1115.0,54.84198763670947,53.979315263908695,54.19293865905849,54.93972581375066,54.608538449018354,54.472260824795924,54.99902885987069
1116.0,54.8713266761769,53.930955777460774,54.204279600570615,54.94022230535958,54.58974742568691,54.48728827588971,54.9990961962433
1117.0,54.97189728958631,53.930955777460774,54.21647646219687,54.940695906483896,54.57054495072819,54.50291380780856,55.00000000000017
1118.0,54.99457917261056,53.97631954350928,54.273181169757486,54.9411381015641,54.55608715704719,54.51858741936334,55.00000000000017
1119.0,55.01726105563481,54.02168330955778,54.43345221112697,54.941541919791376,54.54832584002891,54.53286833034887,55.00000000000017
1120.0,55.06276747503567,54.089871611982886,54.614835948644796,54.941901935107516,54.543810761163854,54.544489238974705,54.99955109084941
1121.0,55.116904422253924,54.177817403708985,54.74878744650499,54.942214266205056,54.54169923273042,54.55326337614111,54.999663318137095
1122.0,55.12824536376605,54.257203994293874,54.771469329529246,54.94247657652717,54.542106207495365,54.56023394403575,54.99975110481547
1123.0,55.13958630527817,54.26940085592012,54.782952924393726,54.94268807426768,54.54529894481221,54.565593680908165,55.00072673403646
1124.0,55.150927246790296,54.280741797432235,54.782952924393726,54.94284951237108,54.55178637299005,54.56955024788226,55.00205018471797
1125.0,55.16761768901569,54.51141226818834,54.769971469329526,54.94296318853259,54.563457553048984,54.572325459495616,55.00411516681149
1126.0,55.18544935805991,54.83081312410842,54.689871611982845,54.94303294519803,54.58125168173732,54.574375419413705,55.00658915502014
1127.0,55.18544935805991,54.83081312410842,54.44037089871611,54.94306416956391,54.60558937425989,54.57659806496886,55.009139624047066
1128.0,55.18544935805991,54.81797432239658,54.41854493580599,54.94306379357742,54.63205042858895,54.579040683019294,55.0115318110327
1129.0,55.18544935805991,54.79871611982882,54.41854493580599,54.943040293936434,54.66093213636269,54.58356739706298,55.01331896824068
1130.0,55.186519258202566,54.62624821683308,54.42510699001427,54.94300369208945,54.679559870804546,54.59024645593325,55.014063547801236
1131.0,55.18894945995516,54.32539229671897,54.49122681883027,54.942965554235656,54.6858142806305,54.59961020985692,55.01449211748801
1132.0,55.191379661707764,54.30271041369472,54.75206847360912,54.94293899132494,54.686347307050056,54.61248900020872,55.01390166340255
1133.0,55.19380986346036,54.30099857346647,54.75206847360912,54.942938659057816,54.68090001487556,54.62731965589651,55.01323245624261
1134.0,55.19624006521296,54.30099857346647,54.71754636233951,54.942938659057816,54.66484083355378,54.643495935148245,55.011956279574136
1135.0,55.19867026696556,54.31027104136947,54.71754636233951,54.942938659057816,54.64100797720837,54.66063089249448,55.010761405340745
1136.0,55.20110046871816,54.33980028530671,54.881883024251074,54.942938659057816,54.62348094465459,54.677777158581456,55.00943174752037
1137.0,55.203530670470755,54.40784593437947,54.94992867332383,54.942938659057816,54.61982528345233,54.694341315982335,55.008067895015294
1138.0,55.20596087222335,54.40791726105564,54.94992867332383,54.942938659057816,54.62287336798483,54.70925546981572,55.0066940667513
1139.0,55.20839107397595,54.40791726105564,54.928245363766045,54.942938659057816,54.63135905065269,54.72212201874712,55.004927692374366
1140.0,55.21082127572855,54.39657631954351,54.78744650499284,54.942938659057816,54.6451395673479,54.73276459305487,55.00320177524189
1141.0,55.21325147748115,54.39657631954351,54.556419400855916,54.942938659057816,54.664261406321685,54.740819470992754,55.002871743884754
1142.0,55.21568167923375,54.399286733238235,54.553281027104134,54.942938659057816,54.68796761059998,54.74804067322615,55.00369014406121
1143.0,55.21811188098635,54.42039942938659,54.553281027104134,54.942938659057816,54.715144706412765,54.75308875519377,55.00538014846163
1144.0,55.220542082738945,54.4339514978602,54.55777460770328,54.942938659057816,54.74507584201086,54.75751590568489,55.00763555670847
1145.0,55.22297228449154,54.44151212553495,54.56169757489301,54.942938659057816,54.77451386404914,54.76120584286425,55.01012079535634
1146.0,55.22540248624414,54.4490727532097,54.56169757489301,54.942938659057816,54.801731653840875,54.764474768449944,55.01247091789192
1147.0,55.22783268799674,54.45663338088445,54.55970042796005,54.942938659057816,54.82493721317118,54.76880433733277,55.014291604734005
1148.0,55.22824536376605,54.457917261055634,54.55970042796005,54.942938659057816,54.84217466618162,54.77389161516265,55.01515916323351
1149.0,55.234736091298146,54.49037089871612,54.60104612458394,54.942938659057816,54.854124903991604,54.78031075020486,55.01488782259128
1150.0,55.234736091298146,54.53637660485021,54.67665240133144,54.942938659057816,54.859709463293484,54.78814626188925,55.01426533523555
1151.0,55.23894436519258,54.55970042796006,54.752258678078945,54.942938659057816,54.8590332005968,54.797246706357726,55.014289277056925
1152.0,55.24349630398133,54.59372325249644,54.827864954826445,54.942938659057816,54.854467943566604,54.807591867778925,55.0152349790012
1153.0,55.25793022954222,54.64586305278174,54.90347123157395,54.942938659057816,54.84520918605446,54.81835413286608,55.01518925677288
1154.0,55.272364155103105,54.671897289586305,54.97907750832145,54.942938659057816,54.829418686422635,54.82924926749605,55.013924829331565
1155.0,55.28679808066399,54.671897289586305,55.05468378506896,54.942938659057816,54.81469357898183,54.84003402881633,55.01177422197411
1156.0,55.30123200622488,54.671897289586305,55.12895863052782,54.942938659057816,54.805443518707406,54.85020732535856,55.00906995999738
1157.0,55.315665931785766,54.671897289586305,55.15164051355207,54.942938659057816,54.79871584391041,54.85828920437229,55.00614456869823
1158.0,55.33009985734665,54.671897289586305,55.165620542082735,54.942938659057816,54.797885448129364,54.86556284651897,55.00333057337354
1159.0,55.34453378290754,54.64300998573466,55.171184022824534,54.942938659057816,54.803578066140936,54.87245443976431,55.00096049932016
1160.0,55.35896770846843,54.59771754636234,55.17403708987161,54.942938659057816,54.81509057990378,54.87883403851619,54.99936687183495
1161.0,55.373401634029314,54.586376604850216,55.17417974322396,54.942938659057816,54.83159299779805,54.88430394817219,54.99888221621477
1162.0,55.3878355595902,54.58630527817404,55.17417974322396,54.942938659057816,54.852269370861826,54.889978347841264,54.999778538152455
1163.0,55.40226948515109,54.56961483594864,55.15449358059914,54.942938659057816,54.87625740761313,54.89488676569481,55.00000000000017
1164.0,55.416703410711975,54.56961483594864,55.13723252496433,54.942938659057816,54.90264847404993,54.89872135216098,55.00000000000017
1165.0,55.42796005706134,54.57703281027104,55.128388017118404,54.942938659057816,54.930487593650085,54.90201406107772,55.00000000000017
1166.0,55.42796005706134,54.5997146932953,55.128388017118404,54.942938659057816,54.95877344737141,54.90528201667657,55.00000000000017
1167.0,55.438873038516405,54.622396576319545,54.86647646219684,54.942938659057816,54.98645837365162,54.90900177162432,55.00000000000017
1168.0,55.438873038516405,54.95663338088446,54.730099857346644,54.942938659057816,55.012448368408414,54.9126525642388,55.00000000000017
1169.0,55.08587731811698,55.22410841654779,54.69828815977176,54.942938659057816,55.036370517171754,54.91706487579671,54.999604959947504
1170.0,54.38445078459344,55.244650499286735,54.691226818830245,54.942938659057816,55.05735789420766,54.922484639931355,54.99890166894464
1171.0,54.37310984308131,55.255991440798866,54.69828815977176,54.942938659057816,55.07518306558365,54.92887669928336,54.99958500842969
1172.0,54.37310984308131,55.255991440798866,54.760057061340945,54.942938659057816,55.0906046670972,54.93635542369471,55.00217837321992
1173.0,54.379957203994294,55.23861150737041,54.80891583452212,54.942938659057816,55.101543091275865,54.94588566093576,55.00476458871626
1174.0,54.44621968616265,55.0420351878269,54.833523537803146,54.942938659057816,55.107147745938015,54.95701454840284,55.00648125056131
1175.0,54.5898716119829,54.84545886828339,54.88944365192583,54.942938659057816,55.10913609070677,54.969615852568786,55.00732835875506
1176.0,54.73352353780316,54.64888254873988,54.95898716119828,54.942938659057816,55.11092759343556,54.984537327937424,55.00730591329753
1177.0,54.877175463623416,54.64888254873988,54.95898716119828,54.942938659057816,55.11367102010371,54.99816041996632,55.00632213720676
1178.0,55.02082738944367,54.66141226818831,54.842796005706134,54.942938659057816,55.11901589239421,55.01201323099283,55.004477785647715
1179.0,55.164479315263925,54.6784236804565,54.824465049928676,54.942938659057816,55.124896682411176,55.023989035883716,55.0018795438198
1180.0,55.30813124108418,54.695435092724686,54.824465049928676,54.942938659057816,55.129898491809705,55.033783769414796,54.999603297321016
1181.0,55.451783166904434,54.71244650499287,54.82731811697575,54.942938659057816,55.13516434281692,55.0415208367622,54.99943908524524
1182.0,55.47075606276748,54.72945791726106,54.84850213980028,54.942938659057816,55.13979839662974,55.04726803207791,55.00093594786907
1183.0,55.47075606276748,54.74646932952925,54.871184022824536,54.942938659057816,55.143503932876236,55.05103753848985,55.00225202757317
1184.0,55.47075606276748,54.76348074179744,54.88987161198288,54.942938659057816,55.146417717368465,55.05363895224566,55.00343542968382
1185.0,55.47075606276748,54.78049215406562,54.91191155492156,54.942938659057816,55.149084260144186,55.05657171443707,55.004757771947666
1186.0,55.47075606276748,54.79750356633381,55.03666191155493,54.942938659057816,55.15199246021704,55.059183835355256,55.00612012808892
1187.0,55.47075606276748,54.814514978602,55.1898716119829,54.942938659057816,55.15557560557655,55.061829220293134,55.00749994180825
1188.0,55.47075606276748,54.83152639087019,55.269900142653356,54.942938659057816,55.16021137318823,55.06551056982462,55.00920646163175
1189.0,55.47075606276748,54.84853780313837,55.28530670470756,54.942938659057816,55.16654877984448,55.070259245302935,55.01032485504686
1190.0,55.47075606276748,54.86554921540656,55.2867332382311,54.942938659057816,55.17561362159906,55.07664893798033,55.01036292919334
1191.0,55.47075606276748,54.876747503566335,55.30941512125535,54.94293865905849,55.1861775504517,55.08286506889598,55.010550251777246
1192.0,55.47075606276748,54.876747503566335,55.34122681883024,54.942938659058484,55.19809350656132,55.08983480221192,55.010829462184844
1193.0,55.47075606276748,54.865406562054204,55.36283880171184,54.942938659058484,55.211361489928585,55.097558137928814,55.01166338020849
1194.0,55.47075606276748,54.85406562054208,55.37417974322396,54.94293865905848,55.225981500553495,55.10603507604666,55.01265535858991
1195.0,55.47075606276748,54.84272467902996,55.385164051355204,54.94293865905848,55.24195353843606,55.115265616565466,55.012383352897075
1196.0,55.47075606276748,54.837589158345224,55.385164051355204,54.94293865905847,55.259277603576265,55.12524975948522,55.01118435534985
1197.0,55.47075606276748,54.837589158345224,55.332524964336656,54.94293865905846,55.277953695974126,55.13598750480593,55.00938825321137
1198.0,55.47075606276748,54.843081312410845,55.29957203994294,54.94293865905846,55.297981815629626,55.147478852527605,55.006995046481485
1199.0,55.47075606276748,54.843081312410845,55.29957203994294,54.942938659058456,55.31936196254278,55.15972380265023,55.0040047351602
1200.0,55.47075606276748,54.843081312410845,55.29957203994294,54.94293865905845,55.34209413671358,55.1727223551738,55.00041731924751
